Actual_Level,Predicted_Level,Actual_DeltaH,Predicted_DeltaH
10.0,10.004654740246629,0.0,0.004654740246628365
10.000342582406287,10.007449318961998,0.00034258240628585497,0.007449318961996961
10.000685160791921,10.004622745228215,0.000685160791920121,0.004622745228214844
10.001027731136299,10.000599001170489,0.0010277311362983969,0.0005990011704888202
10.00137028941891,10.014222911023788,0.0013702894189106557,0.014222911023788615
10.001712831619388,10.026955742906868,0.0017128316193884313,0.026955742906866937
10.002055353717552,9.992525393013397,0.002055353717552003,-0.0074746069866028515
10.002397851693457,10.009999469666553,0.0023978516934575755,0.009999469666552878
10.002740321527444,9.99694649808518,0.0027403215274444614,-0.0030535019148201117
10.003082759200183,10.011708946771002,0.003082759200182254,0.011708946771002468
10.003425160692718,10.033545695695848,0.003425160692718001,0.03354569569584813
10.003767521986523,10.036498820951435,0.0037675219865233745,0.03649882095143455
10.004109839063542,10.009524071602577,0.004109839063541827,0.00952407160257791
10.004452107906236,10.000047890044765,0.004452107906235755,4.789004476570425e-05
10.004794324497635,10.002126082848891,0.004794324497633649,0.002126082848891581
10.005136484821378,10.043379022248887,0.005136484821377232,0.04337902224888755
10.005478584861768,10.01600831455496,0.005478584861768609,0.01600831455495948
10.005820620603817,10.015582293238193,0.00582062060381738,0.01558229323819252
10.006162588033288,10.01853096554818,0.006162588033287777,0.018530965548180144
10.006504483136746,9.99797112530661,0.006504483136745765,-0.0020288746933910173
10.006846301901605,10.01640502655823,0.006846301901606152,0.01640502655823045
10.00718804031618,10.00360063578722,0.007188040316179677,0.003600635787220287
10.00752969436972,9.994398219325472,0.007529694369720096,-0.005601780674528832
10.007871260052472,10.013843946375601,0.00787126005247125,0.013843946375602129
10.008212733355714,10.034687448495768,0.008212733355714126,0.03468744849576836
10.008554110271813,10.015689580845914,0.00855411027181391,0.015689580845913233
10.008895386794267,9.993153924979433,0.008895386794267011,-0.006846075020566576
10.009236558917747,9.977712078457783,0.009236558917748093,-0.022287921542217648
10.009577622638156,10.003668030783723,0.009577622638157077,0.0036680307837238264
10.009918573952666,10.011088878900798,0.00991857395266613,0.011088878900797534
10.010259408859767,10.034553293414513,0.010259408859766657,0.034553293414512555
10.010600123359316,10.02506262287608,0.01060012335931625,0.025062622876080208
10.010940713452586,9.980118312865683,0.010940713452585647,-0.0198816871343168
10.011281175142306,9.97093961358327,0.011281175142305647,-0.0290603864167284
10.011621504432714,9.992872314471668,0.011621504432714043,-0.007127685528331536
10.011961697329603,10.021849102479765,0.011961697329602498,0.021849102479763967
10.012301749840363,10.013935990381091,0.012301749840363434,0.013935990381090495
10.012641657974036,10.00036078944323,0.012641657974036888,0.00036078944323000676
10.012981417741358,10.011708949545657,0.012981417741357349,0.011708949545657354
10.0133210251548,9.99799088095526,0.013321025154800584,-0.0020091190447397815
10.01366047622863,10.02862324620257,0.01366047622863042,0.028623246202571454
10.013999766978946,10.021388558245024,0.013999766978945546,0.02138855824502355
10.014338893423727,10.021935973473735,0.014338893423726249,0.02193597347373381
10.014677851582881,10.009493552023491,0.014677851582881164,0.009493552023490406
10.015016637478293,10.004990151025897,0.01501663747829396,0.004990151025896528
10.01535524713387,10.0401466557449,0.015355247133870068,0.040146655744899784
10.015693676575584,10.019950002376252,0.015693676575583307,0.01995000237625109
10.016031921831523,10.00924825874832,0.01603192183152255,0.009248258748320023
10.01636997893194,9.994596989703929,0.016369978931938325,-0.005403010296070841
10.01670784390929,9.99339144616529,0.016707843909289418,-0.006608553834710394
10.017045512798289,10.043758855157602,0.017045512798289416,0.04375885515760203
10.017382981635953,9.980690534768204,0.01738298163595327,-0.019309465231796785
10.017720246461645,10.021954448698866,0.017720246461643795,0.021954448698865106
10.018057303317118,10.030077251551015,0.018057303317118148,0.030077251551015198
10.018394148246575,10.008949842794385,0.018394148246574288,0.008949842794385633
10.018730777296698,10.012015476389848,0.01873077729669741,0.012015476389848364
10.019067186516706,10.048326247011763,0.019067186516706316,0.048326247011763024
10.0194033719584,10.04973973112526,0.019403371958399827,0.049739731125259756
10.019739329676202,10.027764269330305,0.019739329676203073,0.027764269330304972
10.020075055727213,10.036495908735006,0.020075055727213836,0.03649590873500577
10.020410546171249,10.005306983671328,0.02041054617124879,0.005306983671327552
10.020745797070889,10.014775133572362,0.020745797070889794,0.014775133572362056
10.02108080449153,10.024551502608567,0.021080804491530047,0.024551502608567678
10.021415564501421,10.012954408971954,0.021415564501420306,0.012954408971953017
10.021750073171715,10.023870251960007,0.02175007317171501,0.023870251960007926
10.022084326576518,10.017437605359154,0.02208432657651839,0.01743760535915468
10.02241832079293,10.032039810038743,0.022418320792930574,0.032039810038742574
10.022752051901094,10.040251553916475,0.022752051901093577,0.040251553916475544
10.023085515984237,10.041049271201969,0.02308551598423735,0.04104927120196867
10.023418709128725,10.024190725449325,0.023418709128725717,0.024190725449325233
10.023751627424103,10.036146173263168,0.023751627424102337,0.03614617326316838
10.024084266963136,9.995950083065267,0.02408426696313657,-0.004049916934733611
10.02441662384187,10.03302862566725,0.02441662384186935,0.0330286256672502
10.024748694159658,10.034133925853306,0.024748694159659003,0.03413392585330583
10.025080474019227,10.037356760724352,0.025080474019227,0.03735676072435214
10.025411959526703,10.061686344437907,0.025411959526703755,0.061686344437907735
10.025743146791674,9.999084626339549,0.02574314679167425,-0.0009153736604514441
10.026074031927223,10.014694179952103,0.026074031927223768,0.014694179952102674
10.026404611049983,10.020654821820461,0.026404611049983436,0.02065482182046157
10.026734880280175,10.04845661971592,0.02673488028017587,0.04845661971591959
10.02706483574166,10.01201172164948,0.027064835741660676,0.012011721649480925
10.02739447356198,10.042699477290629,0.027394473561979937,0.04269947729062902
10.027723789872404,10.033170642154875,0.027723789872403665,0.03317064215487507
10.028052780807975,10.007277352904564,0.028052780807975228,0.007277352904563914
10.028381442507557,10.038657508321695,0.02838144250755667,0.038657508321694546
10.028709771113874,10.044368476655956,0.028709771113874072,0.04436847665595624
10.029037762773562,10.00896486405134,0.02903776277356279,0.008964864051339682
10.029365413637212,10.032139748757793,0.029365413637212668,0.03213974875779227
10.029692719859414,10.012495955456062,0.029692719859413276,0.012495955456061358
10.0300196775988,9.999529661788916,0.030019677598798967,-0.0004703382110832627
10.030346283018094,10.040495378744819,0.030346283018094018,0.0404953787448188
10.030672532284157,10.053134102615667,0.030672532284157616,0.053134102615667006
10.030998421568029,10.042486388565354,0.0309984215680289,0.042486388565354985
10.031323947044973,10.052708422976927,0.03132394704497186,0.05270842297692642
10.03164910489452,10.023298235100539,0.03164910489452021,0.023298235100538092
10.031973891300522,10.000585375660798,0.03197389130052229,0.000585375660798082
10.032298302451185,9.992071377691591,0.03229830245118579,-0.007928622308409641
10.032622334539122,10.025840010492995,0.03262233453912252,0.025840010492995183
10.032945983761394,10.033445756972165,0.0329459837613931,0.03344575697216472
10.033269246319552,10.01881314982867,0.03326924631955153,0.018813149828670904
10.03359211841969,10.068016598233692,0.03359211841968988,0.06801659823369191
10.033914596272483,10.018614874232401,0.03391459627248271,0.018614874232402358
10.034236676093231,10.027754426258598,0.034236676093231604,0.027754426258598034
10.03455835410191,10.050204857276311,0.034558354101909564,0.050204857276311174
10.034879626523205,10.018589487208068,0.034879626523205386,0.018589487208067423
10.035200489586568,10.031533344045608,0.035200489586567976,0.03153334404560766
10.03552093952625,10.06020100392378,0.03552093952625057,0.060201003923780486
10.035840972581354,10.009304743210444,0.035840972581354956,0.009304743210444381
10.036160584995876,10.010640708815535,0.0361605849958756,0.01064070881553384
10.036479773018744,10.017404707980925,0.03647977301874376,0.01740470798092444
10.036798532903871,10.019192937161671,0.03679853290387144,0.019192937161670857
10.037116860910196,10.048102233177254,0.03711686091019544,0.048102233177253144
10.03743475330172,10.025597624992796,0.037434753301721205,0.025597624992797368
10.037752206347566,10.05303850958831,0.03775220634756668,0.05303850958831056
10.038069216322006,10.05458502907818,0.03806921632200612,0.054585029078178644
10.038385779504514,10.050728041080609,0.038385779504513794,0.050728041080607945
10.038701892179807,10.04191028878307,0.038701892179807657,0.041910288783069634
10.039017550637894,10.0183653821405,0.039017550637892945,0.018365382140499698
10.039332751174106,10.04380444283101,0.03933275117410576,0.04380444283100985
10.039647490089157,10.012854701173431,0.03964749008915646,0.01285470117343061
10.039961763689174,10.035302567881669,0.03996176368917318,0.03530256788166772
10.040275568285745,10.043566634199065,0.040275568285745106,0.04356663419906578
10.040588900195965,10.024708576496835,0.04058890019596581,0.024708576496834722
10.040901755742476,10.050646047985259,0.04090175574247643,0.050646047985259374
10.04121413125351,10.065562250990522,0.04121413125350888,0.06556225099052305
10.041526023062929,10.068141749709179,0.0415260230629289,0.06814174970917934
10.041837427510279,10.053071450422767,0.04183742751027911,0.05307145042276687
10.042148340940821,10.04664282759675,0.04214834094082195,0.04664282759674975
10.042458759705582,10.059007229092394,0.04245875970558258,0.0590072290923936
10.042768680161391,10.039179307898747,0.04276868016139172,0.0391793078987477
10.043078098670929,10.054385193940286,0.043078098670928405,0.054385193940286826
10.043387011602762,10.0698263213026,0.04338701160276265,0.06982632130260007
10.043695415331397,10.039165606890922,0.04369541533139806,0.03916560689092283
10.044003306237315,10.058181340060232,0.04400330623731446,0.058181340060231276
10.04431068070701,10.019200083884973,0.044310680707010275,0.01920008388497413
10.044617535133044,10.092809886640108,0.044617535133045,0.09280988664010856
10.04492386591408,10.054570827664918,0.044923865914081505,0.054570827664917484
10.045229669454928,10.029133455824159,0.045229669454928345,0.029133455824158834
10.045534942166581,10.042082175548968,0.04553494216658191,0.042082175548968245
10.045839680466269,10.065979680977282,0.04583968046626856,0.06597968097728273
10.046143880777487,10.077875435317022,0.04614388077748668,0.07787543531702132
10.046447539530048,9.99086928334871,0.046447539530048654,-0.00913071665128938
10.046750653160123,10.053558084970984,0.04675065316012276,0.05355808497098325
10.047053218110275,10.038489948154789,0.04705321811027502,0.03848994815478906
10.047355230829512,10.027940090759033,0.04735523082951089,0.027940090759033843
10.047656687773317,10.066970916406468,0.04765668777331701,0.06697091640646853
10.047957585403703,10.0384146084282,0.04795758540370276,0.038414608428198924
10.048257920189242,10.028972734943665,0.0482579201892418,0.028972734943664955
10.048557688605113,10.065087183140356,0.04855768860511349,0.06508718314035636
10.048856887133145,10.054522387227637,0.04885688713314429,0.05452238722763742
10.04915551226185,10.02090206364968,0.049155512261849034,0.020902063649680936
10.049453560486473,10.07014971142169,0.049453560486472155,0.07014971142169081
10.049751028309029,10.065185015155716,0.0497510283090288,0.06518501515571644
10.050047912238346,10.05721443671464,0.050047912238345885,0.057214436714639196
10.050344208790102,10.047748719774582,0.050344208790103095,0.04774871977458181
10.050639914486874,10.078436435706651,0.050639914486873716,0.0784364357066512
10.050935025858166,10.063043013415909,0.05093502585816556,0.06304301341590943
10.051229539440461,10.020255823722275,0.05122953944046155,0.020255823722274236
10.05152345177726,10.06000836615022,0.051523451777260476,0.06000836615022005
10.051816759419118,10.080470783224815,0.051816759419117536,0.08047078322481448
10.052109458923685,10.054235812825732,0.05210945892368479,0.054235812825731866
10.052401546855751,10.025641043671952,0.052401546855751616,0.025641043671950758
10.052693019787284,10.05769949887775,0.05269301978728496,0.057699498877749125
10.05298387429747,10.095759361062402,0.05298387429746959,0.0957593610624024
10.053274106972749,10.033873866056927,0.05327410697274833,0.03387386605692656
10.053563714406861,10.060639940358973,0.053563714406861966,0.06063994035897376
10.05385269320089,10.038899667111835,0.05385269320088934,0.03889966711183559
10.054141039963287,10.042892634807323,0.05414103996328721,0.042892634807324116
10.05442875130993,10.022545366942115,0.054428751309930024,0.02254536694211537
10.05471582386415,10.082582420446156,0.05471582386414972,0.08258242044615609
10.055002254256776,10.043780702114363,0.05500225425677522,0.04378070211436337
10.055288039126172,10.058232783093912,0.05528803912617211,0.05823278309391127
10.055573175118282,10.05417656773618,0.055573175118282005,0.054176567736179626
10.055857658886662,10.068925881229971,0.05585765888666196,0.06892588122997116
10.056141487092523,10.043982234395633,0.05614148709252373,0.04398223439563253
10.056424656404772,10.074066131009602,0.0564246564047729,0.07406613100960181
10.056707163500048,10.055994430303663,0.0567071635000481,0.05599443030366391
10.05698900506276,10.045820202967313,0.05698900506275992,0.04582020296731255
10.05727017778513,10.081659926988415,0.05727017778512981,0.08165992698841557
10.057550678367228,10.007677838034706,0.05755067836722896,0.007677838034705238
10.057830503517017,10.053340230910846,0.05783050351701701,0.053340230910845984
10.058109649950381,10.057185092006078,0.05810964995038066,0.05718509200607761
10.058388114391173,10.08014788818349,0.05838811439117228,0.08014788818349039
10.058665893571249,10.052153206747121,0.05866589357124823,0.05215320674712044
10.058942984230507,10.04371886502763,0.05894298423050736,0.04371886502762934
10.059219383116929,10.092025744848545,0.0592193831169292,0.09202574484854537
10.059495086986612,10.027364496436384,0.05949508698661215,0.027364496436383334
10.059770092603811,10.049976949083664,0.05977009260381149,0.049976949083663985
10.060044396740977,10.032526798946702,0.060044396740977446,0.03252679894670152
10.060317996178792,10.066670919567077,0.06031799617879302,0.0666709195670765
10.060590887706212,10.091131971713828,0.060590887706211786,0.09113197171382807
10.060863068120495,10.059723915018349,0.06086306812049555,0.05972391501834871
10.061134534227252,10.09917521660435,0.06113453422725196,0.0991752166043498
10.061405282840472,10.033887147768896,0.061405282840472024,0.033887147768896446
10.061675310782567,10.007424870317466,0.06167531078256744,0.0074248703174665115
10.061944614884409,10.076070489174022,0.061944614884407945,0.07607048917402222
10.062213191985359,10.049037741724653,0.062213191985358476,0.0490377417246526
10.062481038933317,10.079832519115849,0.062481038933316274,0.07983251911584845
10.062748152584748,10.065303653638507,0.06274815258474788,0.06530365363850693
10.063014529804725,10.061892657255225,0.06301452980472602,0.06189265725522451
10.063280167466967,10.07937001874651,0.0632801674669664,0.07937001874650991
10.063545062453864,10.076853004376987,0.06354506245386445,0.07685300437698685
10.063809211656531,10.070454862006278,0.06380921165653178,0.07045486200627786
10.064072611974833,10.06912987162317,0.06407261197483283,0.06912987162316998
10.06433526031742,10.024316487615279,0.06433526031742112,0.024316487615277847
10.064597153601776,10.102077154515426,0.06459715360177562,0.10207715451542587
10.064858288754237,10.068046951094436,0.06485828875423688,0.06804695109443507
10.065118662710043,10.062019018181745,0.06511866271004312,0.06201901818174513
10.065378272413366,10.076270945764094,0.06537827241336619,0.07627094576409299
10.065637114817347,10.043967742302252,0.06563711481734745,0.04396774230225206
10.065895186884134,10.048558883588946,0.06589518688413351,0.04855888358894593
10.066152485584912,10.033008871128933,0.0661524855849119,0.033008871128933616
10.066409007899946,10.090980076548986,0.0664090078999466,0.09098007654898593
10.066664750818614,10.095892056236549,0.06666475081861349,0.0958920562365492
10.066919711339436,10.058034643024051,0.06691971133943572,0.05803464302405087
10.067173886470119,10.047401580270147,0.06717388647011883,0.04740158027014711
10.067427273227587,10.028607560615107,0.067427273227586,0.028607560615107247
10.067679868638013,10.066635262509767,0.06767986863801298,0.06663526250976586
10.067931669736863,10.041119530817388,0.06793166973686297,0.04111953081738759
10.068182673568922,10.056851464478486,0.06818267356892155,0.05685146447848508
10.06843287718833,10.082211123719322,0.06843287718833115,0.08221112371932118
10.068682277658626,10.062254217639095,0.0686822776586258,0.062254217639094576
10.068930872052766,10.082071972285565,0.06893087205276556,0.08207197228556576
10.06917865745317,10.09482294784387,0.0691786574531708,0.09482294784387005
10.069425630951756,10.042023279523388,0.06942563095175645,0.04202327952338876
10.069671789649966,10.069811118628632,0.0696717896499663,0.06981111862863178
10.069917130658807,10.08906223549359,0.06991713065880674,0.08906223549358859
10.07016165109888,10.051479302998686,0.07016165109888091,0.05147930299868607
10.070405348100422,10.071169929207926,0.07040534810042236,0.07116992920792624
10.07064821880333,10.074962108354143,0.07064821880332872,0.07496210835414316
10.070890260357196,10.111576666014093,0.07089026035719542,0.11157666601409234
10.07113146992135,10.061927698724826,0.07113146992134893,0.06192769872482649
10.07137184466488,10.053441954955169,0.07137184466488027,0.053441954955167945
10.071611381766678,10.055166137482484,0.07161138176667815,0.055166137482484584
10.071850078415462,10.054696624982798,0.0718500784154621,0.054696624982798606
10.072087931809815,10.079180860619061,0.07208793180981543,0.07918086061906117
10.072324939158218,10.072610200525517,0.07232493915821822,0.07261020052551719
10.07256109767908,10.064893334839518,0.07256109767907991,0.06489333483951787
10.072796404600773,10.042433812024699,0.07279640460077212,0.04243381202469971
10.073030857161662,10.057404642458883,0.07303085716166102,0.05740464245888294
10.07326445261014,10.090290050496137,0.0732644526101399,0.09029005049613609
10.073497188204662,10.118142734896168,0.07349718820466133,0.1181427348961673
10.07372906121377,10.092133683370463,0.0737290612137694,0.09213368337046358
10.073960068916131,10.09819548419037,0.07396006891613177,0.0981954841903709
10.074190208600571,10.103539868533835,0.0741902086005716,0.10353986853383393
10.0744194775661,10.059944066926269,0.07441947756609935,0.05994406692626897
10.074647873121945,10.061447458898428,0.07464787312194456,0.061447458898427204
10.074875392587588,10.045696703098102,0.07487539258758732,0.04569670309810281
10.07510203329279,10.053602208972537,0.0751020332927898,0.05360220897253669
10.075327792577628,10.074074142155006,0.07532779257762759,0.0740741421550047
10.07555266779252,10.133966283151876,0.07555266779252084,0.1339662831518768
10.075776656298265,10.03008924893421,0.07577665629826551,0.03008924893421039
10.075999755466064,10.07935906601917,0.07599975546606415,0.07935906601917132
10.076221962677558,10.072197611762212,0.07622196267755689,0.07219761176221136
10.076443275324852,10.062708702658176,0.07644327532485216,0.06270870265817619
10.076663690810557,10.070482630588444,0.07666369081055724,0.07048263058844426
10.076883206547809,10.05890135175004,0.07688320654780875,0.05890135175003901
10.077101819960303,10.068940661884348,0.07710181996030309,0.06894066188434726
10.077319528482327,10.063405345184528,0.07731952848232657,0.06340534518452728
10.077536329558786,10.081762868393945,0.07753632955878559,0.08176286839394398
10.077752220645237,10.07403262511719,0.07775222064523657,0.07403262511719165
10.077967199207915,10.0742986592903,0.07796719920791595,0.07429865929029981
10.07818126272377,10.083807948724852,0.07818126272376973,0.08380794872485178
10.078394408680483,10.079105120045297,0.0783944086804832,0.07910512004529717
10.078606634576511,10.06384474240624,0.0786066345765104,0.06384474240623854
10.078817937921103,10.103505793045443,0.07881793792110356,0.10350579304544207
10.079028316234343,10.121889444426701,0.07902831623434213,0.12188944442670055
10.079237767047163,10.101249704763235,0.0792377670471621,0.10124970476323532
10.079446287901385,10.061236120962432,0.07944628790138483,0.06123612096243232
10.079653876349745,10.087000329021176,0.07965387634974604,0.08700032902117569
10.079860529955925,10.07604411500813,0.07986052995592435,0.07604411500813073
10.080066246294571,10.074164821324297,0.08006624629457006,0.07416482132429744
10.080271022951333,10.10349507393341,0.08027102295133345,0.1034950739334099
10.080474857522892,10.081671193831395,0.08047485752289325,0.08167119383139596
10.080677747616985,10.057250216206164,0.08067774761698476,0.057250216206163676
10.080879690852427,10.066928465359322,0.08087969085242798,0.06692846535932132
10.081080684859156,10.095460961627348,0.0810806848591555,0.0954609616273473
10.08128072727824,10.089688206596652,0.08128072727824039,0.08968820659665207
10.081479815761924,10.10074644168942,0.08147981576192379,0.10074644168941972
10.081677947973642,10.067352392986848,0.08167794797364254,0.06735239298684756
10.081875121588057,10.082901882018435,0.08187512158805663,0.08290188201843421
10.082071334291076,10.10762165241142,0.08207133429107635,0.1076216524114208
10.082266583779889,10.094728364932944,0.0822665837798896,0.09472836493294444
10.08246086776299,10.080336131677326,0.08246086776298883,0.08033613167732524
10.082654183960198,10.082121163495842,0.08265418396019797,0.0821211634958421
10.0828465301027,10.110183482068837,0.0828465301026992,0.11018348206883714
10.083037903933059,10.062298193436991,0.0830379039330595,0.06229819343699167
10.083228303205257,10.103452677448237,0.08322830320525727,0.10345267744823702
10.083417725684708,10.08665359552886,0.08341772568470858,0.08665359552885998
10.083606169148293,10.12080795015854,0.08360616914829344,0.12080795015853862
10.083793631384381,10.110368579347963,0.08379363138438191,0.11036857934796292
10.08398011019286,10.08613459247143,0.08398011019286002,0.08613459247143031
10.084165603385156,10.079005141187015,0.0841656033851556,0.07900514118701397
10.084350108784264,10.068105692815148,0.08435010878426397,0.0681056928151477
10.084533624224774,10.090083004286926,0.08453362422477351,0.09008300428692707
10.084716147552891,10.068008900410975,0.08471614755289107,0.06800890041097576
10.084897676626467,10.081317790898705,0.08489767662646719,0.08131779089870443
10.085078209315022,10.087939150116494,0.08507820931502132,0.08793915011649354
10.085257743499767,10.090516803513202,0.08525774349976675,0.09051680351320164
10.085436277073635,10.094916365605362,0.08543627707363555,0.09491636560536193
10.085613807941304,10.091027175298967,0.08561380794130327,0.0910271752989674
10.085790334019213,10.08542704064115,0.0857903340192135,0.08542704064114953
10.085965853235603,10.078382684644271,0.08596585323560235,0.07838268464427106
10.086140363530523,10.075317979775868,0.08614036353052279,0.07531797977586693
10.086313862855869,10.099462601484973,0.08631386285586877,0.0994626014849734
10.086486349175399,10.076084564507596,0.0864863491753993,0.07608456450759521
10.086657820464762,10.118559074540912,0.08665782046476234,0.11855907454091136
10.086828274711518,10.086922014607499,0.08682827471151855,0.08692201460749843
10.086997709915165,10.100900588031813,0.08699770991516492,0.10090058803181344
10.087166124087158,10.064745651894594,0.0871661240871582,0.06474565189459316
10.087333515250938,10.12372897288752,0.08733351525093833,0.1237289728875205
10.087499881441952,10.077055939686387,0.08749988144195159,0.07705593968638683
10.087665220707674,10.098983490355744,0.08766522070767357,0.09898349035574393
10.087829531107632,10.080920581506396,0.08782953110763231,0.08092058150639617
10.08799281071343,10.098270126882447,0.08799281071343078,0.09827012688244706
10.08815505760877,10.10434333984864,0.08815505760876974,0.10434333984864066
10.08831626988947,10.07195436136782,0.08831626988947021,0.0719543613678209
10.088476445663495,10.069439067231333,0.08847644566349565,0.06943906723133234
10.088635583050975,10.109577316673876,0.08863558305097434,0.10957731667387588
10.08879368018422,10.089622166822258,0.08879368018422137,0.08962216682225804
10.08895073520776,10.113244555091255,0.08895073520776059,0.11324455509125489
10.089106746278347,10.098836908848197,0.08910674627834633,0.09883690884819639
10.089261711564985,10.08733524143965,0.08926171156498512,0.08733524143964985
10.089415629248958,10.138372325619557,0.08941562924895707,0.13837232561955637
10.089568497523837,10.076177560571535,0.08956849752383733,0.0761775605715346
10.089720314595517,10.10096321077209,0.08972031459551717,0.10096321077208915
10.089871078682226,10.086878400286917,0.08987107868222519,0.08687840028691633
10.090020788014549,10.088194987961167,0.09002078801454806,0.0881949879611671
10.090169440835451,10.10742203835272,0.09016944083545142,0.10742203835271918
10.0903170354003,10.058583699211516,0.09031703540030042,0.05858369921151568
10.09046356997688,10.11680208890763,0.09046356997688025,0.11680208890763032
10.090609042845417,10.05741442184287,0.09060904284541643,0.05741442184286994
10.090753452298594,10.111898806785165,0.09075345229859501,0.11189880678516516
10.090896796641582,10.091861225575995,0.09089679664158262,0.09186122557599452
10.091039074192047,10.097398104269125,0.09103907419204632,0.0973981042691257
10.091180283280174,10.084971815215978,0.09118028328017341,0.08497181521597852
10.09132042224869,10.132508949456092,0.09132042224869097,0.1325089494560923
10.091459489452886,10.052322551507357,0.0914594894528853,0.052322551507356874
10.091597483260621,10.118215551602296,0.09159748326062134,0.11821555160229624
10.091734402052362,10.06362689091765,0.09173440205236164,0.06362689091765014
10.091870244221186,10.101617494392974,0.0918702442211855,0.10161749439297303
10.092005008172809,10.081772760149182,0.09200500817280784,0.08177276014918172
10.092138692325598,10.091789761976113,0.09213869232559779,0.09178976197611284
10.092271295110598,10.097976702980139,0.09227129511059741,0.09797670298013852
10.09240281497154,10.084329978393225,0.09240281497153995,0.08432997839322391
10.092533250364868,10.088335006571413,0.0925332503648682,0.08833500657141212
10.092662599759752,10.076950203526408,0.09266259975975265,0.07695020352640834
10.09279086163811,10.109652048690785,0.09279086163810932,0.10965204869078475
10.092918034494618,10.074985266721303,0.0929180344946177,0.07498526672130301
10.093044116836738,10.14786041676798,0.0930441168367384,0.1478604167679803
10.09316910718473,10.126596742262286,0.09316910718473055,0.12659674226228654
10.09329300407167,10.121747781866247,0.09329300407166935,0.12174778186624698
10.093415806043463,10.086914093605646,0.09341580604346314,0.08691409360564652
10.093537511658871,10.103389721258358,0.09353751165887053,0.10338972125835849
10.093658119489517,10.10507614830606,0.09365811948951731,0.1050761483060591
10.093777628119913,10.079800684601233,0.0937776281199132,0.07980068460123382
10.093896036147468,10.103869453119643,0.09389603614746847,0.1038694531196418
10.09401334218251,10.083552061442024,0.0940133421825104,0.08355206144202426
10.0941295448483,10.074987343436922,0.09412954484829957,0.07498734343692193
10.094244642781046,10.090974657175982,0.0942446427810461,0.09097465717598237
10.094358634629925,10.10520608701554,0.09435863462992551,0.10520608701554121
10.094471519057095,10.073152368077176,0.09447151905709475,0.07315236807717541
10.094583294737708,10.063756939389704,0.0945832947377077,0.06375693938970427
10.094693960359931,10.092122867211327,0.09469396035993094,0.09212286721132665
10.094803514624958,10.107580331602412,0.09480351462495895,0.10758033160241104
10.09491195624703,10.077038655709574,0.09491195624702947,0.07703865570957369
10.09501928395344,10.117115085251827,0.09501928395343856,0.11711508525182676
10.095125496484556,10.089822708594314,0.09512549648455554,0.08982270859431453
10.095230592593838,10.105857579849536,0.09523059259383773,0.10585757984953634
10.095334571047845,10.118558677706691,0.09533457104784517,0.1185586777066909
10.095437430626255,10.108143610364683,0.09543743062625501,0.10814361036468331
10.095539170121876,10.114529996565276,0.09553917012187585,0.11452999656527646
10.095639788340662,10.08157738626188,0.09563978834066196,0.08157738626188023
10.095739284101727,10.073893041067572,0.09573928410172725,0.07389304106757302
10.095837656237359,10.092009101719519,0.09583765623735911,0.09200910171951825
10.095934903593033,10.093736691788926,0.09593490359303218,0.09373669178892645
10.096031025027422,10.094582621666293,0.0960310250274218,0.09458262166629328
10.096126019412418,10.110035893050766,0.09612601941241755,0.1100358930507651
10.096219885633136,10.091331950554224,0.09621988563313633,0.0913319505542248
10.096312622587936,10.119695577256772,0.09631262258793556,0.11969557725677277
10.096404229188426,10.089242605243419,0.09640422918842606,0.08924260524341937
10.096494704359484,10.070032986352373,0.09649470435948483,0.07003298635237269
10.096584047039268,10.126054349554257,0.09658404703926768,0.12605434955425787
10.096672256179222,10.093706795559488,0.09667225617922165,0.09370679555948752
10.096759330744097,10.098334432042895,0.0967593307440974,0.0983344320428943
10.096845269711961,10.10753460621505,0.09684526971196128,0.10753460621505014
10.096930072074207,10.095877011597166,0.09693007207420734,0.09587701159716588
10.097013736835569,10.110348706983785,0.09701373683556921,0.11034870698378485
10.097096263014132,10.108850908259209,0.09709626301413174,0.10885090825920915
10.097177649641342,10.099867305138833,0.09717764964134253,0.0998673051388323
10.097257895762024,10.087324307695235,0.09725789576202332,0.08732430769523603
10.097337000434381,10.112514667418099,0.09733700043438112,0.11251466741809873
10.097414962730019,10.101249622991876,0.09741496273001941,0.10124962299187674
10.097491781733948,10.11584536230691,0.09749178173394892,0.11584536230691089
10.0975674565446,10.085331784602015,0.09756745654459836,0.08533178460201551
10.097641986273825,10.094063424507342,0.09764198627382512,0.0940634245073409
10.097715370046926,10.10460614799784,0.09771537004692554,0.10460614799784082
10.097787607002646,10.106339380854198,0.09778760700264527,0.10633938085419886
10.097858696293189,10.07730936082977,0.09785869629318941,0.07730936082976977
10.097928637084232,10.099235681419383,0.09792863708423233,0.09923568141938263
10.097997428554928,10.08476518240048,0.0979974285549276,0.08476518240047994
10.098065069897917,10.063815415392076,0.09806506989791755,0.06381541539207566
10.098131560319343,10.096695273737298,0.09813156031934273,0.09669527373729861
10.098196899038852,10.113750162002738,0.09819689903885127,0.11375016200273783
10.098261085289607,10.087766170577796,0.09826108528960807,0.08776617057779507
10.098324118318304,10.08524892368966,0.09832411831830368,0.08524892368965906
10.098385997385163,10.101238408262386,0.09838599738516328,0.10123840826238614
10.098446721763954,10.071722682769865,0.09844672176395526,0.07172268276986415
10.098506290742,10.100168731782054,0.09850629074199979,0.10016873178205311
10.098564703620177,10.08490298407638,0.09856470362017719,0.0849029840763802
10.098621959712936,10.076690464862244,0.0986219597129361,0.07669046486224454
10.098678058348302,10.072863192076012,0.09867805834830157,0.07286319207601163
10.098732998867883,10.089626044004547,0.09873299886788288,0.08962604400454714
10.098786780626881,10.121921902164141,0.09878678062688134,0.12192190216414055
10.098839402994098,10.107509933610041,0.09883940299409788,0.10750993361004103
10.09889086535194,10.088445730016543,0.09889086535194029,0.08844573001654382
10.09894116709643,10.117037654163063,0.09894116709643067,0.11703765416306319
10.098990307637212,10.088838117975667,0.0989903076372124,0.08883811797566717
10.099038286397557,10.122079441782615,0.09903828639755712,0.1220794417826147
10.09908510281437,10.062456075548164,0.09908510281437144,0.06245607554816434
10.099130756338203,10.10026224468518,0.09913075633820366,0.10026224468517977
10.09917524643325,10.082553027684401,0.09917524643325007,0.08255302768440174
10.099218572577362,10.099973966044542,0.09921857257736136,0.09997396604454298
10.09926073426205,10.104148187330045,0.09926073426204868,0.10414818733004517
10.09930173099249,10.095556384375003,0.09930173099248966,0.09555638437500354
10.099341562287535,10.130096747577912,0.09934156228753416,0.13009674757791304
10.09938022767971,10.094199388506421,0.09938022767970994,0.0941993885064219
10.099417726715227,10.12263798448965,0.09941772671522818,0.12263798448965064
10.099454058953988,10.123605127293906,0.09945405895398877,0.12360512729390706
10.099489223969586,10.078659364432578,0.09948922396958547,0.07865936443257908
10.099523221349312,10.08554942548298,0.09952322134931094,0.08554942548298124
10.099556050694162,10.10833410589388,0.09955605069416154,0.10833410589388016
10.099587711618842,10.071633813315511,0.09958771161884211,0.07163381331551145
10.09961820375177,10.11043100179126,0.09961820375177034,0.11043100179126032
10.099647526735081,10.126861731715445,0.09964752673508129,0.12686173171544513
10.099675680224632,10.091950696930278,0.09967568022463147,0.091950696930277
10.099702663890003,10.074375750838204,0.09970266389000294,0.07437575083820325
10.099728477414507,10.124392337683856,0.09972847741450719,0.12439233768385569
10.099753120495189,10.099798333652974,0.09975312049518881,0.09979833365297346
10.09977659284283,10.113287449051704,0.0997765928428291,0.11328744905170428
10.09979889418195,10.073918024001259,0.09979889418194943,0.07391802400125823
10.099820024250814,10.116368128261772,0.09982002425081446,0.11636812826177223
10.099839982801436,10.113277807574054,0.0998399828014353,0.11327780757405324
10.099858769599573,10.08454239556571,0.09985876959957228,0.08454239556571072
10.099876384424737,10.07418728535419,0.09987638442473783,0.07418728535418992
10.0998928270702,10.067220648739028,0.09989282707019896,0.06722064873902853
10.09990809734298,10.118406567233485,0.0999080973429798,0.11840656723348532
10.099922195063863,10.155068985877504,0.09992219506386377,0.1550689858775045
10.099935120067396,10.11498224721952,0.09993512006739569,0.1149822472195212
10.099946872201883,10.10030224519557,0.09994687220188381,0.10030224519556938
10.099957451329402,10.09578194395759,0.09995745132940148,0.09578194395758946
10.09996685732579,10.076945453285738,0.09996685732578883,0.0769454532857375
10.099975090080655,10.11977876452593,0.09997509008065424,0.11977876452593057
10.099982149497375,10.073073221161232,0.09998214949737555,0.07307322116123285
10.099988035493102,10.091943582612807,0.09998803549310133,0.09194358261280688
10.099992747998751,10.124008675353714,0.09999274799875171,0.12400867535371426
10.09999628695902,10.083840661954133,0.09999628695901931,0.08384066195413256
10.09999865233237,10.12015476613126,0.09999865233236982,0.12015476613125868
10.099999844091043,10.08937141243921,0.09999984409104246,0.08937141243920954
10.09999986222105,10.09216161911847,0.09999986222105041,0.09216161911846928
10.09999870672218,10.093470946970177,0.09999870672218089,0.09347094697017762
10.099996377607996,10.123279152923331,0.09999637760799518,0.1232791529233314
10.099992874905828,10.110481294319674,0.09999287490582849,0.11048129431967496
10.09998819865679,10.103805409156859,0.0999881986567896,0.10380540915685935
10.099982348915761,10.105420926484681,0.09998234891576036,0.10542092648468201
10.099975325751394,10.13100104021913,0.09997532575139516,0.13100104021913034
10.09996712924612,10.123122394987583,0.09996712924611996,0.12312239498758255
10.099957759496132,10.149973351998737,0.09995775949613148,0.14997335199873738
10.099947216611396,10.128040790714744,0.09994721661139594,0.1280407907147441
10.099935500715647,10.114757689565302,0.09993550071564786,0.11475768956530147
10.099922611946388,10.078530544072285,0.09992261194638856,0.07853054407228527
10.099908550454884,10.068836917305589,0.09990855045488456,0.06883691730558905
10.099893316406165,10.104990340605239,0.09989331640616583,0.1049903406052393
10.099876909979024,10.126105816286707,0.0998769099790238,0.12610581628670664
10.099859331366009,10.097273431620684,0.09985933136600932,0.0972734316206838
10.09984058077343,10.133965880141794,0.09984058077343033,0.1339658801417946
10.099820658421349,10.10872915813889,0.0998206584213495,0.10872915813889082
10.09979956454358,10.113495276976803,0.09979956454358163,0.11349527697680253
10.099777299387691,10.092410861912175,0.09977729938769093,0.0924108619121751
10.099753863214987,10.138028776830502,0.09975386321498804,0.13802877683050274
10.099729256300527,10.11945563923126,0.09972925630052702,0.1194556392312604
10.099703478933103,10.10616004493115,0.09970347893310214,0.10616004493114924
10.099676531415245,10.123605014739848,0.09967653141524443,0.12360501473984807
10.099648414063218,10.118726998919591,0.09964841406321819,0.11872699891959085
10.099619127207017,10.091193578477958,0.09961912720701722,0.09119357847795695
10.09958867119036,10.105987466985649,0.09958867119036102,0.10598746698564976
10.099557046370691,10.08062337671931,0.09955704637069067,0.08062337671930896
10.099524253119165,10.099011658583509,0.09952425311916469,0.09901165858350836
10.099490291820654,10.096731643539123,0.0994902918206547,0.09673164353912247
10.09945516287374,10.091207570260336,0.09945516287374086,0.09120757026033584
10.099418866690707,10.110216726608517,0.09941886669070718,0.11021672660851638
10.099381403697537,10.104968767493634,0.09938140369753674,0.10496876749363407
10.099342774333907,10.123075736569751,0.09934277433390667,0.12307573656975102
10.099302979053183,10.114659363097925,0.09930297905318294,0.1146593630979238
10.099262018322415,10.091797479217275,0.0992620183224151,0.09179747921727445
10.099219892622331,10.126893457817493,0.0992198926223308,0.12689345781749303
10.09917660244733,10.105885410306877,0.09917660244733008,0.1058854103068773
10.099132148305479,10.082713199858654,0.09913214830547964,0.08271319985865336
10.099086530718507,10.076552321754022,0.09908653071850684,0.07655232175402277
10.099039750221793,10.144477286852169,0.09903975022179362,0.14447728685216854
10.09899180736437,10.108490485250153,0.09899180736437012,0.1084904852501535
10.098942702708909,10.102834633991414,0.09894270270890833,0.10283463399141375
10.098892436831715,10.141188390352003,0.0988924368317155,0.1411883903520036
10.098841010322728,10.068839442164098,0.09884101032272727,0.06883944216409839
10.098788423785502,10.07982144120671,0.09878842378550082,0.07982144120670936
10.098734677837207,10.095984405385188,0.09873467783720781,0.09598440538518897
10.098679773108627,10.138275404369933,0.09867977310862708,0.13827540436993357
10.098623710244137,10.082140345648973,0.09862371024413723,0.0821403456489729
10.098566489901708,10.062502076219788,0.09856648990170917,0.06250207621978897
10.098508112752898,10.065677018404738,0.09850811275289828,0.06567701840473787
10.098448579482836,10.075367225290474,0.09844857948283658,0.07536722529047378
10.098387890790224,10.105057888813223,0.09838789079022468,0.1050578888132231
10.098326047387324,10.077052261248696,0.09832604738732359,0.0770522612486951
10.098263049999947,10.07897201591142,0.09826304999994633,0.07897201591142
10.09819889936745,10.124863466566573,0.09819889936744944,0.12486346656657374
10.098133596242725,10.05561381057808,0.09813359624272434,0.055613810578080194
10.098067141392189,10.08366705954193,0.0980671413921884,0.08366705954193113
10.097999535595775,10.078706092341498,0.09799953559577601,0.07870609234149827
10.09793077964693,10.122671732574652,0.09793077964692941,0.12267173257465247
10.09786087435259,10.099693799808955,0.09786087435258937,0.09969379980895568
10.097789820533185,10.095098052891608,0.09778982053318579,0.09509805289160837
10.097717619022628,10.130451554907491,0.09771761902262789,0.13045155490749144
10.097644270668294,10.083228075266218,0.09764427066829467,0.08322807526621838
10.097569776331024,10.12661969788795,0.09756977633102476,0.12661969788794997
10.097494136885107,10.090557027739331,0.09749413688510644,0.09055702773933057
10.097417353218267,10.114228432541365,0.09741735321826729,0.11422843254136471
10.097339426231663,10.093158509740112,0.09733942623166386,0.0931585097401123
10.097260356839872,10.069174370809902,0.097260356839871,0.06917437080990303
10.09718014597087,10.107237816499842,0.09718014597087123,0.10723781649984128
10.097098794566044,10.096195321969123,0.09709879456604376,0.09619532196912396
10.097016303580153,10.110254967171777,0.09701630358015347,0.11025496717177707
10.096932673981339,10.104392183376024,0.09693267398133976,0.10439218337602392
10.096847906751105,10.070373335102952,0.09684790675110505,0.07037333510295184
10.096762002884303,10.105217086319056,0.09676200288430346,0.1052170863190566
10.096674963389129,10.098326743012626,0.09667496338912894,0.09832674301262562
10.096586789287104,10.080684748123442,0.09658678928710356,0.08068474812344294
10.096497481613065,10.110200514225115,0.09649748161306544,0.11020051422511531
10.096407041415157,10.066590247995972,0.09640704141515671,0.06659024799597257
10.096315469754812,10.066483257018374,0.09631546975481109,0.06648325701837442
10.096222767706742,10.082806834258667,0.09622276770674153,0.08280683425866725
10.096128936358928,10.093252261502878,0.09612893635892751,0.093252261502878
10.096033976812603,10.11558214229668,0.09603397681260237,0.11558214229667851
10.09593789018224,10.09974034277355,0.09593789018224029,0.09974034277355129
10.095840677595543,10.134083641009633,0.09584067759554325,0.1340836410096331
10.095742340193429,10.092219458228543,0.09574234019342782,0.09221945822854294
10.095642879130011,10.10090720539912,0.09564287913001175,0.10090720539911945
10.095542295572601,10.086155800259395,0.09554229557260041,0.08615580025939479
10.095440590701672,10.082451565890551,0.0954405907016731,0.08245156589055143
10.09533776571087,10.10340677669125,0.0953377657108692,0.10340677669124894
10.095233821806975,10.101270412119272,0.09523382180697415,0.10127041211927237
10.095128760209905,10.108092853651295,0.0951287602099053,0.10809285365129384
10.095022582152698,10.086294897572813,0.0950225821526976,0.08629489757281333
10.09491528888149,10.092168514835317,0.0949152888814891,0.0921685148353161
10.094806881655506,10.141068445344393,0.09480688165550638,0.14106844534439286
10.09469736174705,10.098818923834537,0.09469736174704965,0.09881892383453802
10.094586730441478,10.106266739900754,0.094586730441478,0.10626673990075378
10.094474989037193,10.093737757719158,0.09447498903719415,0.09373775771915777
10.094362138845629,10.16024496056809,0.09436213884562929,0.16024496056808968
10.094248181191228,10.087502606959049,0.09424818119122769,0.08750260695904849
10.094133117411431,10.114389799687265,0.09413311741143111,0.11438979968726408
10.094016948856662,10.089823129590135,0.0940169488566632,0.08982312959013558
10.093899676890313,10.130776591369017,0.09389967689031352,0.13077659136901654
10.093781302888722,10.100541412199203,0.09378130288872162,0.10054141219920167
10.09366182824116,10.082428977707249,0.09366182824116091,0.08242897770724895
10.093541254349823,10.118534813331813,0.09354125434982224,0.11853481333181241
10.093419582629798,10.125603017110526,0.09341958262979762,0.12560301711052552
10.093296814509063,10.098881619368504,0.09329681450906342,0.09888161936850333
10.093172951428464,10.070786126469784,0.09317295142846377,0.0707861264697834
10.093047994841694,10.133870944275376,0.09304799484169353,0.13387094427537635
10.09292194621528,10.11842129919,0.09292194621528133,0.1184212991899997
10.092794807028572,10.075166225664628,0.09279480702857225,0.07516622566462687
10.092666578773711,10.084113029729599,0.0926665787737106,0.084113029729598
10.092537262955622,10.05736109161588,0.09253726295562226,0.05736109161588013
10.092406861091996,10.061157486464182,0.09240686109199711,0.061157486464181995
10.092275374713271,10.091291303593886,0.09227537471327119,0.09129130359388593
10.09214280536261,10.07865601457171,0.09214280536260873,0.07865601457171054
10.092009154595884,10.056460618130691,0.09200915459588405,0.056460618130691274
10.091874423981663,10.077135157357008,0.09187442398166332,0.07713515735700766
10.091738615101185,10.073220722421333,0.09173861510118611,0.07322072242133344
10.091601729548346,10.08612085900126,0.09160172954834685,0.08612085900126058
10.091463768929676,10.071321355250449,0.09146376892967613,0.07132135525044889
10.091324734864322,10.116483253354682,0.09132473486432185,0.11648325335468242
10.09118462898403,10.094786136300707,0.09118462898403018,0.0947861363007068
10.091043452933127,10.096183496936256,0.09104345293312648,0.09618349693625625
10.090901208368496,10.083621583558287,0.09090120836849591,0.08362158355828722
10.090757896959564,10.084771714999352,0.09075789695956407,0.08477171499935209
10.090613520388278,10.131247974110405,0.09061352038827739,0.13124797411040423
10.090468080349083,10.057972667028485,0.09046808034908327,0.05797266702848487
10.09032157854891,10.085422296472903,0.09032157854891042,0.08542229647290286
10.090174016707149,10.083214099610869,0.09017401670714859,0.08321409961086848
10.090025396555628,10.073027957005712,0.09002539655562859,0.07302795700571138
10.089875719838602,10.102567348943284,0.08987571983860183,0.1025673489432828
10.08972498831272,10.122608743689453,0.08972498831271991,0.1226087436894519
10.089573203747014,10.119954284857359,0.08957320374701397,0.11995428485735818
10.089420367922873,10.063466723305053,0.08942036792287397,0.06346672330505283
10.089266482634027,10.097079912660424,0.08926648263402776,0.09707991266042378
10.08911154968652,10.12212965434651,0.08911154968651996,0.1221296543465106
10.08895557089869,10.100405539751405,0.08895557089869098,0.1004055397514047
10.088798548101156,10.070368986327168,0.08879854810115535,0.07036898632716786
10.08864048313678,10.0777990451119,0.08864048313678057,0.07779904511189974
10.088481377860665,10.099144336531312,0.0884813778606652,0.09914433653131174
10.088321234140118,10.095647730056353,0.08832123414011733,0.09564773005635258
10.088160053854633,10.088241097355914,0.08816005385463249,0.0882410973559138
10.087997838895872,10.087338107898086,0.08799783889587166,0.0873381078980854
10.087834591167638,10.10040402890029,0.08783459116763905,0.10040402890028909
10.08767031258586,10.070210445214073,0.08767031258585979,0.0702104452140736
10.087505005078558,10.094486803376025,0.08750500507855741,0.0944868033760253
10.087338670585831,10.067995068488223,0.08733867058583122,0.06799506848822241
10.087171311059834,10.107571569165824,0.08717131105983358,0.10757156916582328
10.087002928464747,10.106410428418553,0.08700292846474689,0.10641042841855317
10.086833524776761,10.082501707943246,0.08683352477676061,0.08250170794324542
10.086663101984048,10.046332920257601,0.08666310198404814,0.046332920257600566
10.086491662086743,10.085750864428963,0.0864916620867433,0.08575086442896244
10.086319207096917,10.100894752870285,0.08631920709691702,0.1008947528702851
10.086145739038553,10.078627058239864,0.08614573903855366,0.07862705823986334
10.085971259947527,10.128522253031237,0.08597125994752725,0.12852225303123707
10.085795771871577,10.092373899672225,0.08579577187157758,0.09237389967222483
10.085619276870286,10.115060229027135,0.08561927687028625,0.11506022902713438
10.085441777015053,10.061826022804667,0.08544177701505244,0.06182602280466593
10.085263274389069,10.095335931427151,0.08526327438906851,0.09533593142715018
10.085083771087296,10.09115049596178,0.08508377108729577,0.09115049596178051
10.08490326921644,10.084204827665614,0.08490326921643969,0.08420482766561363
10.084721770894925,10.077582448022728,0.08472177089492526,0.07758244802272765
10.084539278252873,10.095016711154424,0.08453927825287215,0.09501671115442299
10.084355793432069,10.087224870279579,0.08435579343206963,0.0872248702795797
10.084171318585952,10.112841503139952,0.08417131858595153,0.1128415031399528
10.08398585587957,10.081300104460071,0.08398585587957089,0.08130010446007123
10.083799407489575,10.100564733760567,0.0837994074895746,0.10056473376056654
10.083611975604178,10.051915507189037,0.08361197560417781,0.051915507189036425
10.083423562423139,10.069626668712736,0.08342356242313831,0.06962666871273672
10.08323417015773,10.116682587910013,0.08323417015773059,0.1166825879100131
10.08304380103072,10.133712046131723,0.08304380103072007,0.13371204613172305
10.082852457276337,10.09896855563539,0.08285245727633687,0.09896855563538898
10.08266014114025,10.076838580287422,0.08266014114024965,0.07683858028742238
10.08246685487954,10.108550736425476,0.08246685487953921,0.10855073642547587
10.082272600762671,10.017518598069023,0.08227260076267208,0.017518598069022603
10.082077381069475,10.082610901653203,0.08207738106947378,0.0826109016532023
10.081881198091102,10.060382075551356,0.08188119809110217,0.06038207555135549
10.08168405413002,10.114436960519331,0.08168405413002051,0.11443696051933097
10.081485951499971,10.08313525517495,0.08148595149997048,0.08313525517494992
10.081286892525945,10.058370236668559,0.0812868925259449,0.058370236668559033
10.081086879544161,10.040737272095576,0.0810868795441606,0.040737272095576794
10.080885914902032,10.08769136381845,0.08088591490203095,0.08769136381845072
10.080684000958138,10.04961599012354,0.08068400095813826,0.04961599012353969
10.080481140082206,10.04624036758145,0.08048114008220615,0.04624036758145086
10.080277334655072,10.063160924046077,0.08027733465507172,0.0631609240460762
10.080072587068658,10.066021111491537,0.08007258706865764,0.066021111491537
10.079866899725944,10.063017873941202,0.07986689972594398,0.06301787394120159
10.07966027504094,10.066399294569445,0.07966027504094014,0.0663992945694444
10.079452715438656,10.098280485308964,0.07945271543865642,0.098280485308963
10.079244223355076,10.09415540453386,0.07924422335507564,0.0941554045338599
10.079034801237125,10.071013684990097,0.07903480123712442,0.07101368499009736
10.078824451542644,10.074809298258373,0.07882445154264463,0.07480929825837208
10.078613176740365,10.121766022101582,0.07861317674036443,0.12176602210158204
10.078400979309869,10.063567036113682,0.0784009793098693,0.06356703611368242
10.078187861741574,10.056624700346479,0.07818786174157302,0.056624700346478755
10.077973826536688,10.067345663618555,0.07797382653668837,0.06734566361855569
10.077758876207199,10.06917037344557,0.07775887620719774,0.06917037344556842
10.077543013275823,10.076660908869941,0.07754301327582379,0.07666090886994203
10.077326240276,10.02343500904516,0.07732624027599969,0.023435009045160035
10.077108559751839,10.067262465356134,0.07710855975183949,0.06726246535613292
10.076889974258108,10.087681078108675,0.07688997425810816,0.0876810781086749
10.076670486360191,10.072908359669954,0.07667048636019172,0.0729083596699546
10.076450098634067,10.076249865762389,0.0764500986340671,0.0762498657623883
10.076228813666273,10.061289176269117,0.07622881366627184,0.0612891762691171
10.076006634053874,10.104953407916256,0.07600663405387381,0.10495340791625533
10.07578356240444,10.052693776615317,0.07578356240444067,0.05269377661531718
10.075559601336009,10.067807133708392,0.07555960133600936,0.06780713370839289
10.075334753477055,10.091325634034662,0.07533475347705526,0.09132563403466254
10.075109021466462,10.069736767608836,0.07510902146646142,0.06973676760883629
10.074882407953487,10.093713163385974,0.07488240795348751,0.09371316338597464
10.074654915597739,10.07110109774165,0.07465491559773889,0.07110109774165085
10.074426547069136,10.075255717757413,0.07442654706913515,0.0752557177574137
10.074197305047878,10.104583156855812,0.07419730504787903,0.10458315685581202
10.073967192224424,10.077222224498685,0.07396719222442476,0.07722222449868558
10.073736211299448,10.086778071591093,0.07373621129944663,0.08677807159109222
10.073504364983807,10.072861741356261,0.07350436498380723,0.07286174135626165
10.073271655998525,10.101245084238654,0.07327165599852557,0.10124508423865458
10.073038087074746,10.02472034645263,0.07303808707474532,0.02472034645263111
10.072803660953703,10.061493839205697,0.07280366095370255,0.06149383920569752
10.072568380386693,10.088180483736421,0.07256838038669375,0.08818048373642053
10.072332248135043,10.086860990176037,0.0723322481350434,0.08686099017603689
10.072095266970072,10.06815062045345,0.07209526697007154,0.06815062045344958
10.071857439673062,10.063659520462075,0.07185743967306145,0.0636595204620738
10.071618769035227,10.095022028369678,0.07161876903522679,0.0950220283696783
10.071379257857679,10.071617792690178,0.07137925785767897,0.07161779269017836
10.071138908951394,10.051502435985276,0.07113890895139417,0.05150243598527537
10.070897725137181,10.071912012558807,0.0708977251371805,0.07191201255880673
10.070655709245644,10.109258006552407,0.07065570924564471,0.1092580065524067
10.07041286411716,10.109622495105231,0.07041286411715912,0.10962249510523085
10.070169192601828,10.087262229196359,0.0701691926018282,0.0872622291963583
10.069924697559456,10.104309895303787,0.06992469755945517,0.10430989530378734
10.069679381859508,10.079593765537973,0.06967938185950845,0.07959376553797264
10.069433248381088,10.057031360693422,0.06943324838108782,0.057031360693421976
10.069186300012891,10.084659220812872,0.06918630001289086,0.08465922081287197
10.068938539653178,10.048484165229027,0.06893853965317896,0.04848416522902749
10.068689970209743,10.089248022810919,0.06868997020974323,0.08924802281091818
10.06844059459987,10.032288794360102,0.06844059459987045,0.032288794360102326
10.068190415750308,10.081055562415823,0.06819041575030886,0.08105556241582391
10.067939436597234,10.087086752333308,0.0679394365972337,0.08708675233330779
10.067687660086213,10.036665480262803,0.06768766008621284,0.03666548026280245
10.067435089172172,10.071010875125507,0.06743508917217221,0.07101087512550819
10.067181726819362,10.046324133062189,0.06718172681936108,0.0463241330621887
10.066927576001317,10.063379562470564,0.06692757600131731,0.06337956247056431
10.066672639700831,10.10228202916082,0.06667263970083231,0.10228202916082055
10.066416920909916,10.067496947224443,0.06641692090991633,0.06749694722444323
10.066160422629762,10.037408624702017,0.06616042262976303,0.03740862470201689
10.065903147870715,10.079725422215988,0.06590314787071448,0.07972542221598902
10.065645099652226,10.059516592722465,0.06564509965222567,0.0595165927224656
10.06538628100283,10.07308850868809,0.06538628100282923,0.07308850868808991
10.0651266949601,10.059279910624353,0.06512669496009972,0.05927991062435317
10.064866344570618,10.03458599179759,0.0648663445706181,0.03458599179758934
10.064605232889935,10.083148591206353,0.06460523288993596,0.08314859120635351
10.06434336298254,10.050155838842372,0.0643433629825396,0.05015583884237183
10.064080737921815,10.058608864764842,0.06408073792181407,0.05860886476484266
10.063817360790008,10.060043029320608,0.0638173607900072,0.06004302932060856
10.063553234678194,10.063673865414149,0.06355323467819332,0.06367386541414835
10.063288362686237,10.080057629908685,0.06328836268623703,0.08005762990868542
10.063022747922757,10.063519692328423,0.06302274792275679,0.06351969232842332
10.062756393505088,10.079269803103326,0.06275639350508846,0.07926980310332576
10.062489302559248,10.044831089000239,0.062489302559248706,0.04483108900023834
10.062221478219898,10.090529125390715,0.062221478219898346,0.09052912539071443
10.061952923630306,10.077887937109203,0.06195292363030546,0.07788793710920297
10.06168364194231,10.085338448503762,0.061683641942308624,0.08533844850376197
10.06141363631628,10.04450017645687,0.06141363631627988,0.04450017645686892
10.061142909921088,10.069911734229043,0.06114290992108752,0.06991173422904326
10.06087146593406,10.026324784203606,0.060871465934059114,0.0263247842036066
10.060599307540944,10.042940829271057,0.06059930754094406,0.04294082927105733
10.060326437935876,10.082967822988115,0.060326437935876255,0.08296782298811459
10.060052860321337,10.070535264693309,0.0600528603213366,0.07053526469330798
10.059778577908116,10.083562589600229,0.059778577908115395,0.08356258960022872
10.059503593915275,10.024511078965423,0.05950359391527469,0.024511078965422733
10.05922791157011,10.031846457391207,0.059227911570110495,0.03184645739120802
10.058951534108115,10.042279196897706,0.05895153410811485,0.04227919689770659
10.058674464772938,10.077615940721486,0.05867446477293799,0.07761594072148692
10.05839670681635,10.031652922598283,0.058396706816350036,0.031652922598282604
10.058118263498203,10.031957038100565,0.05811826349820309,0.031957038100564356
10.057839138086393,10.050191792964512,0.0578391380863929,0.050191792964511685
10.05755933385682,10.022006897768204,0.057559333856820355,0.022006897768204754
10.057278854093353,10.091905691915718,0.05727885409335324,0.09190569191571783
10.056997702087788,10.049198513906678,0.05699770208778761,0.049198513906677545
10.056715881139809,10.053844446679976,0.056715881139809105,0.05384444667997713
10.056433394556954,10.065095867168274,0.056433394556954335,0.0650958671682741
10.056150245654573,10.053378880976943,0.05615024565457197,0.05337888097694332
10.055866437755784,10.048614039473104,0.055866437755783864,0.04861403947310532
10.055581974191446,10.056903035026398,0.055581974191446115,0.056903035026397104
10.05529685830011,10.093831762006726,0.055296858300109775,0.0938317620067268
10.055011093427982,10.043772046105536,0.05501109342798194,0.04377204610553619
10.054724682928887,10.041983250300829,0.054724682928886284,0.04198325030082972
10.054437630164223,10.058275387651193,0.05443763016422376,0.0582753876511926
10.054149938502933,10.051148797332274,0.05414993850293315,0.0511487973322739
10.053861611321452,10.047192653315,0.053861611321451536,0.04719265331499909
10.053572652003675,10.07697486922623,0.053572652003674615,0.07697486922622987
10.053283063940917,10.050931447568106,0.05328306394091708,0.05093144756810639
10.052992850531872,10.078961811045483,0.05299285053187273,0.0789618110454834
10.052702015182575,10.050500438976147,0.05270201518257468,0.05050043897614786
10.052410561306354,10.05580205175204,0.05241056130635521,0.05580205175204127
10.052118492323807,9.999457647425219,0.052118492323805915,-0.0005423525747820512
10.051825811662738,10.04397806484733,0.051825811662737434,0.04397806484733033
10.051532522758139,10.07733704882304,0.05153252275813926,0.07733704882304036
10.05123862905214,10.053552719221429,0.05123862905213942,0.05355271922142942
10.050944133993964,10.06766651807823,0.05094413399396407,0.06766651807822975
10.050649041039897,10.033822607165684,0.050649041039897015,0.03382260716568312
10.05035335365324,10.038970868576612,0.050353353653239154,0.03897086857661292
10.050057075304268,10.022899063727786,0.05005707530426782,0.02289906372778695
10.049760209470197,10.047232372159396,0.04976020947019606,0.04723237215939595
10.049462759635132,10.054039482556421,0.04946275963513188,0.05403948255642148
10.049164729290037,10.102430952477459,0.049164729290037165,0.10243095247745782
10.048866121932686,10.013513292317425,0.048866121932686975,0.01351329231742527
10.048566941067628,10.049595070366038,0.04856694106762831,0.04959507036603771
10.04826719020614,10.057721854208925,0.04826719020613903,0.0577218542089245
10.047966872866187,10.055679484734119,0.047966872866186665,0.05567948473411921
10.047665992572387,10.024744911935882,0.04766599257238708,0.02474491193588117
10.047364552855964,10.049656765600547,0.04736455285596317,0.04965676560054737
10.047062557254703,10.065698674344008,0.047062557254703374,0.06569867434400725
10.046760009312921,10.095191102499243,0.04676000931292014,0.09519110249924218
10.046456912581409,10.045503413405417,0.04645691258140843,0.04550341340541635
10.046153270617404,10.009338529007634,0.046153270617403826,0.009338529007634384
10.045849086984541,10.069799611753801,0.04584908698454105,0.06979961175380134
10.045544365252812,10.061930383094948,0.04554436525281198,0.06193038309494754
10.045239108998524,10.041824077525067,0.04523910899852379,0.041824077525067796
10.044933321804256,10.063631851223894,0.04493332180425695,0.0636318512238933
10.044627007258823,10.026618256550515,0.04462700725882324,0.026618256550514266
10.044320168957224,10.047957067640777,0.04432016895722355,0.047957067640776264
10.044012810500606,10.05986933892523,0.04401281050060577,0.05986933892522975
10.043704935496223,10.02940294079835,0.04370493549622248,0.02940294079835035
10.04339654755739,10.041151375998695,0.043396547557388615,0.04115137599869391
10.04308765030344,10.03638021651596,0.04308765030343909,0.03638021651596031
10.042778247359687,10.049135700528357,0.04277824735968622,0.04913570052835677
10.042468342357378,10.028755405836515,0.042468342357377314,0.02875540583651566
10.042157938933652,10.048770036408513,0.04215793893365201,0.04877003640851349
10.041847040731499,10.058417319270148,0.04184704073149953,0.05841731927014813
10.041535651399716,10.044810333777145,0.04153565139971598,0.04481033377714464
10.041223774592861,10.021738738555015,0.04122377459286153,0.02173873855501468
10.040911413971218,10.061472008627396,0.04091141397121747,0.06147200862739505
10.040598573200743,10.023847022781556,0.04059857320074332,0.023847022781556308
10.040285255953034,10.023783098983483,0.040285255953033755,0.02378309898348342
10.039971465905275,10.029650597479291,0.03997146590527555,0.029650597479291114
10.039657206740204,10.031325029118143,0.039657206740204426,0.03132502911814354
10.039342482146061,10.051959303176213,0.039342482146061696,0.051959303176213306
10.03902729581655,10.02871031618316,0.039027295816551205,0.028710316183160153
10.038711651450797,9.99010895683532,0.038711651450795845,-0.009891043164680376
10.038395552753293,10.013224367410059,0.038395552753294135,0.013224367410058828
10.038079003433877,10.024957827816799,0.03807900343387679,0.024957827816798124
10.037762007207663,10.030997573767438,0.037762007207663144,0.030997573767438384
10.037444567795017,10.035370411204728,0.03744456779501758,0.035370411204728246
10.037126688921505,10.059645403388924,0.03712668892150584,0.05964540338892384
10.036808374317852,10.053780549163061,0.036808374317851326,0.053780549163060784
10.036489627719892,10.028849372634168,0.03648962771989134,0.02884937263416841
10.036170452868532,10.041015153891824,0.036170452868533064,0.04101515389182395
10.035850853509709,10.034345700116916,0.03585085350970992,0.034345700116915144
10.035530833394338,10.054278720240827,0.03553083339433746,0.054278720240826375
10.03521039627827,10.02984111935775,0.03521039627826934,0.02984111935774906
10.034889545922253,10.023551157091267,0.03488954592225327,0.023551157091267726
10.034568286091886,10.029869878212196,0.03456828609188686,0.02986987821219674
10.034246620557573,10.033372802207403,0.03424662055757346,0.03337280220740286
10.033924553094478,10.03240077787092,0.03392455309447786,0.03240077787091998
10.033602087482482,10.035389824345962,0.03360208748248203,0.03538982434596186
10.03327922750614,9.99666131321004,0.03327922750614072,-0.0033386867899597578
10.032955976954637,10.023412834964756,0.03295597695463711,0.02341283496475467
10.032632339621738,10.023051705180647,0.032632339621738164,0.02305170518064763
10.03230831930575,10.046237446459086,0.03230831930575035,0.04623744645908701
10.031983919809475,10.033481894222449,0.0319839198094749,0.0334818942224486
10.031659144940162,10.043756648749193,0.031659144940163246,0.04375664874919284
10.031333998509472,10.03960167985723,0.03133399850947227,0.03960167985722988
10.03100848433342,10.056546519489,0.031008484333419656,0.05654651948900047
10.03068260623234,10.049612339866483,0.030682606232339024,0.049612339866484
10.030356368030835,10.038961298015806,0.030356368030835135,0.038961298015805404
10.03002977355774,10.00948867635044,0.030029773557739028,0.009488676350439741
10.029702826646064,10.03395314857886,0.02970282664606306,0.03395314857885987
10.029375531132956,10.027442906677866,0.02937553113295581,0.027442906677866134
10.029047890859657,10.013401537908491,0.029047890859657262,0.013401537908490954
10.028719909671453,10.010687246351841,0.028719909671453582,0.010687246351840343
10.028391591417632,9.999291726442998,0.028391591417632006,-0.0007082735570014854
10.028062939951436,10.03702941604659,0.028062939951435686,0.03702941604658874
10.027733959130018,10.00162296552414,0.027733959130018443,0.0016229655241394615
10.027404652814399,10.018916298914045,0.02740465281439952,0.018916298914044505
10.027075024869418,10.028847414588265,0.027075024869418263,0.028847414588264335
10.026745079163689,10.002350997072979,0.026745079163688748,0.0023509970729790677
10.026414819569554,10.016175595547042,0.026414819569554396,0.01617559554704199
10.026084249963043,10.029984161420371,0.026084249963042552,0.02998416142037116
10.025753374223818,10.012093435634005,0.025753374223818837,0.012093435634005624
10.025422196235143,9.980143475242139,0.025422196235141872,-0.0198565247578609
10.025090719883817,10.053849430856145,0.025090719883817527,0.053849430856145145
10.024758949060153,10.01662593381076,0.024758949060153336,0.016625933810759913
10.024426887657913,10.01617205603226,0.02442688765791286,0.016172056032260573
10.02409453957427,10.006759917505125,0.02409453957426998,0.006759917505125685
10.023761908709764,10.014447215863727,0.02376190870976315,0.014447215863727691
10.02342899896825,10.01676866613248,0.023428998968249626,0.016768666132479838
10.023095814256859,10.022819528068677,0.02309581425685966,0.022819528068676667
10.02276235848595,10.017487059411788,0.02276235848595067,0.017487059411787655
10.022428635569062,10.042909168432482,0.02242863556906118,0.04290916843248188
10.022094649422865,10.010908040295105,0.022094649422865154,0.010908040295104598
10.021760403967125,10.00517014604166,0.02176040396712585,0.005170146041660311
10.02142590312465,10.022350522077673,0.021425903124649866,0.022350522077673754
10.021091150821242,10.028521433268594,0.02109115082124109,0.028521433268594455
10.020756150985655,10.04576322442871,0.02075615098565464,0.04576322442870969
10.020420907549552,10.01124981938627,0.020420907549550737,0.0112498193862699
10.020085424447448,10.045532409706544,0.020085424447448583,0.04553240970654346
10.01974970561668,10.011389582858143,0.019749705616680165,0.011389582858143541
10.019413754997345,10.042130218869733,0.01941375499734406,0.04213021886973389
10.01907757653226,10.033229472022258,0.019077576532259225,0.03322947202225855
10.018741174166918,10.004567043386936,0.018741174166918555,0.004567043386936153
10.018404551849443,10.03928962332126,0.018404551849442834,0.03928962332125889
10.018067713530534,10.004976936740265,0.018067713530534237,0.004976936740264519
10.01773066316343,10.017278085227503,0.01773066316342999,0.017278085227503126
10.017393404703856,10.025654447659804,0.017393404703855978,0.025654447659804493
10.01705594210998,10.012973572142565,0.017055942109980335,0.012973572142565153
10.016718279342367,10.008729897687836,0.016718279342366967,0.00872989768783534
10.016380420363928,9.957600324882158,0.016380420363929084,-0.042399675117841845
10.016042369139882,10.000744856713697,0.016042369139882683,0.0007448567136960869
10.0157041296377,10.002939441932327,0.01570412963770006,0.0029394419323269232
10.015365705827064,10.044476594502301,0.015365705827063076,0.044476594502300536
10.015027101679816,10.019614484913445,0.01502710167981681,0.019614484913445498
10.014688321169922,9.991078324337986,0.014688321169922792,-0.008921675662014149
10.014349368273413,9.99779312581341,0.014349368273412395,-0.0022068741865902478
10.01401024696834,10.03368200588658,0.014010246968340176,0.03368200588658038
10.013670961234737,9.981628855296472,0.013670961234737183,-0.0183711447035279
10.013331515054563,10.041511682155198,0.013331515054564251,0.0415116821551981
10.012991912411666,10.025896354274773,0.012991912411665259,0.02589635427477247
10.01265215729172,10.024254527168486,0.012652157291720388,0.024254527168485314
10.012312253682198,10.028476679416697,0.01231225368219933,0.02847667941669627
10.011972205572315,9.997220138284563,0.011972205572314544,-0.002779861715437034
10.011632016952975,10.027639108899116,0.011632016952974255,0.02763910889911568
10.011291691816735,9.993267605053527,0.011291691816735882,-0.006732394946473852
10.010951234157758,10.029812933247142,0.010951234157759003,0.029812933247142036
10.010610647971758,10.000587182112541,0.010610647971758527,0.0005871821125412128
10.010269937255957,9.989961358520848,0.01026993725595779,-0.01003864147915164
10.009929106009041,10.019668100046173,0.009929106009041655,0.01966810004617385
10.009588158231109,9.972641741438661,0.009588158231109565,-0.02735825856133942
10.009247097923629,9.989726828634616,0.009247097923628617,-0.01027317136538394
10.008905929089387,10.004430324501225,0.00890592908938658,0.004430324501224684
10.008564655732444,10.007785755589094,0.008564655732444934,0.007785755589093677
10.008223281858092,10.019098052875902,0.008223281858091909,0.019098052875901952
10.007881811472796,9.995921983038334,0.007881811472795305,-0.004078016961664857
10.007540248584156,10.025848433458645,0.007540248584155739,0.025848433458644578
10.00719859720086,10.04000366962722,0.007198597200859427,0.04000366962722059
10.006856861332631,9.993654762591824,0.006856861332631192,-0.006345237408175898
10.006515044990188,9.988062552411265,0.006515044990187394,-0.01193744758873537
10.00617315218519,10.008803450081528,0.006173152185188859,0.008803450081528184
10.005831186930195,9.996747236612794,0.0058311869301938095,-0.003252763387205067
10.00548915323861,10.011191192868434,0.005489153238610755,0.011191192868433902
10.00514705512465,9.990300890982999,0.005147055124651404,-0.009699109017000582
10.004804896603284,10.047004668651251,0.004804896603283586,0.047004668651251566
10.004462681690184,10.007433011703132,0.004462681690183959,0.007433011703130859
10.004120414401692,9.983109413819351,0.004120414401691144,-0.016890586180648173
10.003778098754758,10.005234311876846,0.0037780987547584113,0.00523431187684581
10.003435738766907,10.008665011185625,0.0034357387669065815,0.00866501118562461
10.003093338456177,9.973845905957203,0.0030933384561768716,-0.02615409404279588
10.002750901841084,9.985207672494958,0.002750901841083743,-0.01479232750504181
10.002408432940568,10.008801412519842,0.002408432940567734,0.008801412519842651
10.002065935773949,10.020971036035085,0.002065935773948295,0.020971036035085665
10.001723414360876,9.996280201078603,0.001723414360876616,-0.00371979892139606
10.001380872721288,10.000856147960011,0.001380872721288452,0.0008561479600107984
10.001038314875357,9.997623633688512,0.0010383148753569848,-0.00237636631148788
10.000695744843446,10.022554171282446,0.0006957448434454676,0.02255417128244603
10.000353166646061,9.957166533373789,0.0003531666460603038,-0.042833466626211375
10.000010584303803,10.005668823146529,1.058430380368548e-05,0.0056688231465278896
9.999668001837327,10.010449397184951,-0.00033199816267354994,0.010449397184950766
9.999325423267281,10.000991089152413,-0.0006745767327191071,0.0009910891524130953
9.998982852614274,10.007268728296179,-0.0010171473857264204,0.007268728296178854
9.998640293898818,9.97103571885863,-0.001359706101181841,-0.02896428114137069
9.998297751141289,9.992643063920248,-0.0017022488587118225,-0.007356936079752496
9.99795522836187,9.98793046318094,-0.002044771638130106,-0.012069536819060901
9.997612729580515,9.961568549566296,-0.002387270419484858,-0.038431450433703954
9.997270258816894,9.996627913317496,-0.0027297411831060246,-0.0033720866825033614
9.996927820090347,9.987737648434784,-0.0030721799096522463,-0.012262351565216264
9.996585417419842,9.984390172946178,-0.003414582580158202,-0.015609827053822856
9.996243054823918,9.989023835479163,-0.003756945176081739,-0.010976164520837781
9.99590073632065,10.005514015667377,-0.004099263679351027,0.005514015667376271
9.995558465927589,9.991169774306076,-0.0044415340724117255,-0.00883022569392296
9.995216247661725,9.96508800930493,-0.004783752338274126,-0.034911990695070436
9.99487408553944,9.983641061358934,-0.005125914460560305,-0.0163589386410665
9.994531983576449,10.030442904853993,-0.005468016423551253,0.030442904853993067
9.994189945787767,10.00045629172095,-0.00581005421223401,0.00045629172094954155
9.99384797618765,10.002120488036045,-0.006152023812348743,0.002120488036044548
9.993506078789563,10.024113340804425,-0.0064939212104360294,0.024113340804424403
9.993164257606116,9.994649934168837,-0.006835742393883702,-0.005350065831163215
9.992822516649026,10.002860156582079,-0.007177483350974116,0.0028601565820785217
9.992480859929069,9.983841454905034,-0.007519140070931187,-0.01615854509496609
9.992139291456033,10.009677896523662,-0.00786070854396746,0.009677896523662717
9.99179781523867,9.971993821372308,-0.00820218476133118,-0.02800617862769185
9.991456435284647,9.988261898798202,-0.008543564715353327,-0.011738101201797971
9.991115155600506,10.032489291819886,-0.008884844399494659,0.032489291819885205
9.990773980191607,9.988333643550076,-0.009226019808392728,-0.011666356449923736
9.990432913062092,10.020550060442888,-0.009567086937908857,0.020550060442888637
9.990091958214824,10.018796970785084,-0.009908041785175292,0.018796970785085007
9.989751119651357,10.008028063380012,-0.010248880348641928,0.008028063380012057
9.989410401371877,9.996517087103621,-0.01058959862812345,-0.003482912896378439
9.989069807375154,9.976154229427467,-0.010930192624846229,-0.023845770572533048
9.988729341658505,9.989566168009592,-0.011270658341495255,-0.010433831990407321
9.98838900821774,9.974398847019557,-0.011610991782261056,-0.0256011529804431
9.988048811047113,9.976000084989074,-0.01195118895288659,-0.023999915010926187
9.987708754139286,10.001726552970785,-0.012291245860714117,0.0017265529707859162
9.987368841485267,9.985459159466684,-0.012631158514732073,-0.014540840533315723
9.987029077074379,9.989000948284117,-0.01297092292562189,-0.010999051715882611
9.986689464894194,10.010231034404082,-0.013310535105804792,0.010231034404082786
9.986350008930511,9.984966755462823,-0.013649991069488757,-0.0150332445371774
9.986010713167286,10.003706224759787,-0.013989286832715034,0.003706224759786955
9.985671581586596,9.977432986604294,-0.014328418413405083,-0.022567013395706423
9.985332618168593,9.978606168388072,-0.014667381831407256,-0.021393831611926806
9.984993826891456,9.951907564733308,-0.015006173108543512,-0.04809243526669188
9.984655211731344,9.962329953411404,-0.01534478826865611,-0.037670046588596226
9.984316776662345,9.979730575505451,-0.015683223337654272,-0.0202694244945483
9.98397852565644,9.990507895477148,-0.016021474343560823,-0.009492104522853078
9.983640462683441,10.002972898987554,-0.016359537316558814,0.0029728989875549526
9.983302591710961,9.98052705560667,-0.016697408289038058,-0.019472944393330437
9.982964916704358,9.967988750968518,-0.017035083295641875,-0.03201124903148253
9.982627441626686,10.020043085495232,-0.017372558373313373,0.020043085495232465
9.982290170438658,9.976951952065622,-0.01770982956134213,-0.023048047934378167
9.981953107098589,10.009752411903136,-0.018046892901410632,0.009752411903135968
9.98161625556236,9.967853445195008,-0.018383744437640733,-0.03214655480499199
9.98127961978336,10.016062144214203,-0.01872038021664009,0.016062144214203343
9.980943203712451,9.982250095565883,-0.01905679628754854,-0.017749904434117884
9.980607011297916,9.942998415439053,-0.019392988702084488,-0.0570015845609474
9.98027104648541,9.997170631669594,-0.01972895351459123,-0.0028293683304066453
9.979935313217917,10.023767207559878,-0.020064686782083285,0.02376720755987781
9.979599815435707,9.969189210651088,-0.0204001845642926,-0.030810789348912373
9.979264557076284,10.031933333285496,-0.02073544292371498,0.03193333328549579
9.978929542074344,9.980270064034181,-0.02107045792565604,-0.01972993596581786
9.978594774361722,10.006917914555581,-0.021405225638277556,0.006917914555581869
9.978260257867356,9.961633627276793,-0.021739742132643566,-0.03836637272320774
9.977925996517234,9.999834623072857,-0.022074003482766485,-0.00016537692714263183
9.977591994234347,9.964346515984694,-0.022408005765653174,-0.03565348401530567
9.977258254938649,9.949630864830533,-0.022741745061350994,-0.05036913516946637
9.976924782547005,9.964261163176197,-0.023075217452993794,-0.03573883682380391
9.976591580973151,9.980280967350529,-0.0234084190268479,-0.019719032649471602
9.976258654127642,10.000804812757133,-0.023741345872358023,0.0008048127571329868
9.975926005917806,9.949053833639773,-0.024073994082193146,-0.05094616636022727
9.975593640247707,9.996031891682124,-0.024406359752292522,-0.003968108317876633
9.975261561018089,9.977466845788053,-0.024738438981911255,-0.0225331542119482
9.974929772126334,9.978624480599967,-0.02507022787366623,-0.02137551940003317
9.974598277466418,9.937264357322148,-0.025401722533581847,-0.06273564267785184
9.974267080928865,9.958368889461866,-0.02573291907113568,-0.04163111053813431
9.973936186400696,9.987976155631348,-0.026063813599304177,-0.012023844368652364
9.973605597765392,9.967282865405977,-0.026394402234608247,-0.032717134594022285
9.973275318902841,9.954271652072636,-0.02672468109715885,-0.04572834792736466
9.972945353689298,9.984709557387811,-0.02705464631070254,-0.015290442612188546
9.972615705997333,9.998717776947995,-0.027384294002666915,-0.0012822230520053157
9.972286379695793,9.95886959484351,-0.027713620304206217,-0.041130405156490905
9.971957378649753,9.93037215799552,-0.028042621350246502,-0.06962784200447866
9.97162870672047,9.984793572988423,-0.028371293279531164,-0.015206427011577733
9.971300367765334,9.977238088623166,-0.02869963223466622,-0.022761911376833775
9.970972365637834,9.976643974087587,-0.02902763436216556,-0.023356025912412814
9.970644704187503,9.972999296986183,-0.029355295812496202,-0.02700070301381644
9.970317387259877,9.929594955494295,-0.02968261274012344,-0.07040504450570506
9.969990418696444,10.00362207240518,-0.030009581303555993,0.003622072405179866
9.969663802334608,9.952673854751755,-0.03033619766539111,-0.04732614524824594
9.96933754200764,9.973537545306684,-0.03066245799235955,-0.026462454693316033
9.969011641544629,9.976086046925225,-0.030988358455370596,-0.023913953074774293
9.968686104770443,9.928726798688785,-0.031313895229557104,-0.071273201311215
9.96836093550568,9.960386835112269,-0.03163906449432019,-0.03961316488773045
9.968036137566626,9.955921329335276,-0.0319638624333742,-0.04407867066472405
9.967711714765208,9.966997320403765,-0.032288285234791485,-0.03300267959623443
9.967387670908954,9.98364278964262,-0.032612329091047096,-0.016357210357381354
9.967064009800936,9.949616273573163,-0.032935990199063535,-0.05038372642683663
9.966740735239744,9.992517695525516,-0.033259264760255335,-0.007482304474483833
9.966417851019425,9.962351875452587,-0.03358214898057366,-0.03764812454741311
9.96609536092945,9.947385791597574,-0.03390463907055086,-0.05261420840242542
9.965773268754655,9.952432829685259,-0.03422673124534483,-0.047567170314741225
9.965451578275216,9.93002716249274,-0.03454842172478368,-0.06997283750725924
9.96513029326659,9.958034386205405,-0.034869706733409805,-0.041965613794595825
9.964809417499476,9.988343030691407,-0.03519058250052437,-0.011656969308593033
9.96448895473977,9.956838141862804,-0.03551104526023152,-0.043161858137197195
9.964168908748517,9.958156048169014,-0.03583109125148259,-0.04184395183098544
9.96384928328188,9.959034427764223,-0.03615071671812022,-0.04096557223577779
9.963530082091077,9.944106167966751,-0.03646991790892247,-0.05589383203324935
9.963211308922354,9.982799046724038,-0.03678869107764683,-0.017200953275962348
9.962892967516925,9.97186420902838,-0.037107032483074176,-0.02813579097162041
9.962575061610947,9.949676160769917,-0.0374249383890527,-0.05032383923008256
9.962257594935458,9.98308539075544,-0.03774240506454171,-0.016914609244560855
9.961940571216344,9.939248702009758,-0.03805942878365557,-0.06075129799024183
9.961623994174293,9.980417793710869,-0.038376005825707195,-0.01958220628913087
9.961307867524749,9.958927197710944,-0.038692132475251884,-0.04107280228905592
9.96099219497787,9.909180144875172,-0.03900780502213088,-0.09081985512482782
9.960676980238485,9.944533457559,-0.0393230197615149,-0.055466542440999106
9.960362227006053,10.000860261709594,-0.03963777299394765,0.0008602617095942455
9.960047938974611,9.949703040762957,-0.0399520610253892,-0.05029695923704356
9.95973411983274,9.997231083835798,-0.04026588016725939,-0.0027689161642020024
9.959420773263519,9.943301796336556,-0.04057922673648106,-0.05669820366344408
9.959107902944476,9.981442450668837,-0.04089209705552328,-0.018557549331162694
9.958795512547555,9.96846828108354,-0.04120448745244466,-0.031531718916460234
9.958483605739064,9.945148704462751,-0.04151639426093621,-0.05485129553724976
9.958172186179635,9.963643367574146,-0.04182781382036449,-0.036356632425853824
9.957861257524186,9.936536968956743,-0.0421387424758146,-0.06346303104325669
9.957550823421867,9.944201916733197,-0.042449176578133026,-0.05579808326680261
9.95724088751603,9.987779466241438,-0.04275911248397047,-0.012220533758562229
9.956931453444176,9.972763296089212,-0.04306854655582463,-0.02723670391078739
9.956622524837917,9.983735579959037,-0.043377475162082874,-0.016264420040963436
9.956314105322935,9.979221935639696,-0.043685894677064886,-0.020778064360304417
9.956006198518935,9.958040669384609,-0.04399380148106517,-0.04195933061539121
9.955698808039605,9.956107986100527,-0.04430119196039555,-0.04389201389947389
9.955391937492573,9.979134113793776,-0.04460806250742771,-0.02086588620622305
9.955085590479365,9.978400471072352,-0.04491440952063527,-0.02159952892764783
9.954779770595364,9.957680139991236,-0.045220229404636283,-0.04231986000876327
9.954474481429765,9.94118631968818,-0.04552551857023532,-0.058813680311820105
9.954169726565535,10.02417870966749,-0.045830273434465656,0.024178709667490673
9.95386550957937,9.920845600316618,-0.046134490420631245,-0.07915439968338317
9.95356183404165,9.912016624050635,-0.04643816595834879,-0.08798337594936598
9.953258703516411,9.953681382077068,-0.04674129648358956,-0.046318617922931155
9.952956121561279,9.9812204900896,-0.047043878438721286,-0.018779509910400526
9.95265409172745,9.954814418325917,-0.04734590827254982,-0.04518558167408329
9.952352617559638,9.95583393604313,-0.04764738244036102,-0.044166063956870526
9.952051702596037,9.944339849592827,-0.04794829740396207,-0.055660150407172496
9.951751350368276,9.930554372831308,-0.048248649631723206,-0.06944562716869264
9.951451564401381,9.927411530887802,-0.04854843559861908,-0.07258846911219703
9.95115234821373,9.96229955719397,-0.04884765178627018,-0.03770044280602962
9.950853705317016,9.960844157041503,-0.049146294682984065,-0.039155842958496945
9.950555639216203,9.940192438184674,-0.049444360783796645,-0.059807561815325525
9.950258153409488,9.928445058079324,-0.04974184659051326,-0.0715549419206758
9.94996125138825,9.928731320027433,-0.05003874861174978,-0.07126867997256689
9.949664936637026,9.94756140920778,-0.05033506336297351,-0.052438590792218895
9.949369212633457,9.913707497329368,-0.05063078736654417,-0.08629250267063228
9.949074082848245,9.957689160847133,-0.050925917151754735,-0.04231083915286768
9.948779550745128,9.926104089661422,-0.05122044925487201,-0.07389591033857765
9.948485619780822,9.932851509002456,-0.051514380219177404,-0.06714849099754386
9.948192293404993,9.927345173923252,-0.05180770659500751,-0.0726548260767492
9.947899575060205,9.934154223823493,-0.05210042493979451,-0.06584577617650736
9.947607468181893,9.940912423830103,-0.05239253181810667,-0.05908757616989835
9.947315976198311,9.955788711088147,-0.05268402380168859,-0.04421128891185342
9.947025102530498,9.948374437817883,-0.05297489746950143,-0.05162556218211732
9.946734850592238,9.90771463944321,-0.05326514940776316,-0.09228536055679014
9.946445223790011,9.926601785007604,-0.05355477620998849,-0.07339821499239588
9.946156225522971,9.94004234644996,-0.05384377447702894,-0.05995765355003998
9.945867859182886,9.942900941619985,-0.054132140817112775,-0.05709905838001421
9.945580128154115,9.927408302798112,-0.054419871845884676,-0.07259169720188889
9.945293035813554,9.953143445333147,-0.05470696418644552,-0.04685655466685264
9.945006585530608,9.947682173958217,-0.05499341446939206,-0.05231782604178365
9.944720780667144,9.959608254030266,-0.055279219332856434,-0.040391745969734084
9.944435624577455,9.9342581827238,-0.0555643754225456,-0.06574181727619993
9.94415112060822,9.923293769759637,-0.05584887939178074,-0.0767062302403633
9.943867272098464,9.941242908775722,-0.056132727901536505,-0.058757091224278066
9.94358408237952,9.910761457016783,-0.05641591762048023,-0.08923854298321669
9.943301554774989,9.94066496156173,-0.056698445225010975,-0.05933503843826944
9.943019692600702,9.927831003838135,-0.056980307399298706,-0.07216899616186598
9.942738499164678,9.94696321750467,-0.05726150083532294,-0.05303678249532919
9.942457977767088,9.97145610996504,-0.05754202223291177,-0.028543890034960558
9.942178131700219,9.947826832483795,-0.05782186829978053,-0.05217316751620561
9.941898964248429,9.95577345548672,-0.05810103575157044,-0.04422654451328101
9.941620478688113,9.948291497920234,-0.058379521311887166,-0.05170850207976669
9.941342678287661,9.94727572210839,-0.05865732171233923,-0.05272427789160916
9.941065566307424,9.9259270154735,-0.05893443369257643,-0.0740729845265011
9.940789145999672,9.918478379603133,-0.059210854000328064,-0.081521620396867
9.940513420608559,9.972436301153369,-0.0594865793914411,-0.027563698846630603
9.940238393370082,9.926580830068529,-0.05976160662991823,-0.07341916993147128
9.939964067512044,9.941390058822233,-0.060035932487956,-0.05860994117776771
9.939690446254017,9.943635876577897,-0.06030955374598244,-0.05636412342210348
9.939417532807305,9.939185556865088,-0.06058246719269503,-0.06081444313491322
9.939145330374902,9.952102663931852,-0.06085466962509833,-0.04789733606814814
9.938873842151459,9.960964870479758,-0.061126157848541585,-0.03903512952024134
9.938603071323243,9.958104492887246,-0.061396928676756224,-0.041895507112754075
9.938333021068107,9.925754946686554,-0.06166697893189324,-0.07424505331344569
9.93806369455544,9.928478392062418,-0.06193630544456048,-0.07152160793758108
9.93779509494614,9.911223773148205,-0.062204905053859866,-0.08877622685179476
9.937527225392575,9.907196524792628,-0.06247277460742443,-0.09280347520737263
9.937260089038544,9.925067823191274,-0.06273991096145548,-0.07493217680872666
9.936993689019241,9.929532302306294,-0.06300631098075929,-0.07046769769370574
9.936728028461216,9.907942478273283,-0.06327197153878397,-0.09205752172671719
9.936463110482343,9.941058489100588,-0.06353688951765621,-0.05894151089941276
9.936198938191783,9.958139090393749,-0.0638010618082178,-0.041860909606251065
9.935935514689938,9.950936776057713,-0.06406448531006223,-0.049063223942288
9.93567284306843,9.94265976345616,-0.06432715693157091,-0.05734023654384067
9.93541092641005,9.937789433009659,-0.06458907358994961,-0.06221056699034158
9.935149767788735,9.936213361882668,-0.06485023221126456,-0.06378663811733148
9.934889370269522,9.916064562075135,-0.06511062973047853,-0.08393543792486535
9.934629736908514,9.929527588956622,-0.06537026309148677,-0.07047241104337813
9.934370870752847,9.981547682129166,-0.0656291292471531,-0.018452317870834033
9.934112774840655,9.893963199353957,-0.06588722515934531,-0.10603680064604346
9.933855452201028,9.92465133704673,-0.0661445477989711,-0.0753486629532692
9.933598905853987,9.914419105832382,-0.06640109414601346,-0.0855808941676185
9.933343138810434,9.928952046151831,-0.06665686118956625,-0.07104795384816805
9.93308815407213,9.959590773480672,-0.06691184592786945,-0.04040922651932738
9.932833954631656,9.948660776593735,-0.0671660453683444,-0.051339223406264824
9.93258054347237,9.914968542294018,-0.067419456527629,-0.08503145770598168
9.932327923568387,9.935815187597761,-0.06767207643161255,-0.06418481240223878
9.93207609788453,9.94099589175635,-0.06792390211547082,-0.05900410824365068
9.931825069376298,9.921913988808871,-0.06817493062370086,-0.07808601119112968
9.931574840989844,9.92214712776514,-0.06842515901015549,-0.07785287223486016
9.931325415661922,9.931610262537681,-0.06867458433807809,-0.0683897374623182
9.931076796319863,9.916381132759579,-0.06892320368013692,-0.08361886724042084
9.93082898588154,9.945742010319996,-0.06917101411845959,-0.054257989680002845
9.930581987255334,9.913496863500637,-0.06941801274466723,-0.08650313649936403
9.93033580334009,9.933381021826072,-0.06966419665990861,-0.06661897817392687
9.930090437025106,9.892842638394857,-0.06990956297489426,-0.10715736160514398
9.92984589119007,9.91876192908233,-0.07015410880993027,-0.08123807091767019
9.929602168705047,9.934023389084167,-0.07039783129495217,-0.06597661091583278
9.92935927243044,9.934194852966261,-0.07064072756955848,-0.06580514703373865
9.929117205216956,9.91422822175204,-0.07088279478304454,-0.08577177824795969
9.928875969905564,9.919219842565264,-0.07112403009443569,-0.08078015743473642
9.92863556932748,9.915283816691375,-0.07136443067252074,-0.08471618330862496
9.928396006304116,9.932136527305321,-0.0716039936958852,-0.06786347269467981
9.928157283647055,9.945545793718386,-0.07184271635294437,-0.054454206281613536
9.927919404158024,9.935616638551865,-0.07208059584197636,-0.064383361448135
9.927682370628846,9.95101645934131,-0.07231762937115493,-0.04898354065868854
9.927446185841418,9.903430156829192,-0.07255381415858234,-0.09656984317080877
9.927210852567677,9.934712645575841,-0.07278914743232183,-0.06528735442415858
9.92697637356957,9.911869808401738,-0.07302362643043037,-0.08813019159826206
9.92674275159901,9.914565541958249,-0.07325724840099096,-0.0854344580417515
9.926509989397855,9.939924727443918,-0.07349001060214491,-0.06007527255608278
9.926278089697876,9.94860082157024,-0.07372191030212402,-0.05139917842975987
9.926047055220717,9.911241152071362,-0.0739529447792827,-0.08875884792863792
9.92581688867787,9.960291677608321,-0.07418311132212989,-0.03970832239167856
9.92558759277064,9.917846615333932,-0.07441240722936085,-0.08215338466606852
9.925359170190111,9.91022817389254,-0.07464082980988887,-0.08977182610746134
9.925131623617123,9.917810119235165,-0.07486837638287691,-0.08218988076483486
9.924904955722232,9.938633815889917,-0.07509504427776899,-0.06136618411008314
9.924679169165678,9.950430287349887,-0.07532083083432158,-0.04956971265011313
9.924454266597365,9.915626119428044,-0.07554573340263476,-0.08437388057195595
9.924230250656816,9.887124425902043,-0.0757697493431835,-0.11287557409795687
9.924007123973151,9.923415377494553,-0.07599287602684832,-0.0765846225054466
9.923784889165054,9.93100531466053,-0.07621511083494648,-0.06899468533947048
9.923563548840738,9.931647590196578,-0.07643645115926243,-0.06835240980342235
9.92334310559792,9.913022940554404,-0.07665689440207867,-0.08697705944559625
9.923123562023793,9.930725653823524,-0.07687643797620612,-0.0692743461764766
9.922904920694986,9.932106785210156,-0.07709507930501436,-0.06789321478984461
9.922687184177537,9.894481027340518,-0.07731281582246219,-0.10551897265948201
9.922470355026872,9.888958623184427,-0.07752964497312732,-0.11104137681557305
9.922254435787764,9.912516203790966,-0.07774556421223683,-0.0874837962090341
9.922039428994303,9.917182638321663,-0.07796057100569659,-0.082817361678338
9.921825337169878,9.90485291422418,-0.0781746628301214,-0.09514708577582007
9.921612162827136,9.910070961807815,-0.07838783717286421,-0.08992903819218476
9.921399908467954,9.913211330788354,-0.07860009153204606,-0.08678866921164709
9.921188576583415,9.918404532827015,-0.07881142341658492,-0.08159546717298401
9.920978169653775,9.905212511814861,-0.07902183034622544,-0.09478748818513924
9.920768690148432,9.917638638427869,-0.07923130985156776,-0.08236136157213025
9.920560140525904,9.916701171993841,-0.07943985947409643,-0.08329882800615881
9.92035252323379,9.932495794395079,-0.07964747676620959,-0.06750420560492118
9.920145840708752,9.909386021848064,-0.07985415929124727,-0.09061397815193659
9.919940095376479,9.915304604119907,-0.08005990462352044,-0.0846953958800926
9.91973528965166,9.930662056328062,-0.08026471034833906,-0.06933794367193818
9.91953142593796,9.911586966845178,-0.08046857406204076,-0.08841303315482134
9.91932850662798,9.944210102430086,-0.08067149337201873,-0.05578989756991365
9.919126534103249,9.912755411135237,-0.0808734658967502,-0.0872445888647636
9.918925510734176,9.941980042158718,-0.08107448926582389,-0.05801995784128152
9.918725438880031,9.91718899525924,-0.0812745611199683,-0.0828110047407595
9.91852632088892,9.909426572095935,-0.08147367911107921,-0.09057342790406459
9.918328159097753,9.854910401456749,-0.08167184090224704,-0.1450895985432517
9.918130955832215,9.92732061123871,-0.08186904416778468,-0.0726793887612913
9.917934713406746,9.921177796701429,-0.08206528659325435,-0.07882220329857076
9.917739434124504,9.907831619170937,-0.08226056587549524,-0.09216838082906366
9.91754512027735,9.943444283870836,-0.08245487972265003,-0.0565557161291638
9.917351774145807,9.94045878599241,-0.08264822585419225,-0.05954121400758944
9.917159397999047,9.928993142268956,-0.08284060200095265,-0.07100685773104352
9.916967994094854,9.91840913953303,-0.0830320059051462,-0.08159086046697032
9.916777564679602,9.894418671249039,-0.08322243532039819,-0.10558132875096161
9.91658811198823,9.904248353694486,-0.08341188801177103,-0.09575164630551355
9.91639963824421,9.946527001771917,-0.08360036175579018,-0.053472998228083296
9.91621214565953,9.919419245643608,-0.0837878543404702,-0.08058075435639243
9.916025636434659,9.95253729078236,-0.08397436356534108,-0.047462709217640384
9.915840112758527,9.900471370516962,-0.08415988724147354,-0.09952862948303808
9.915655576808495,9.941775959194125,-0.08434442319150524,-0.058224040805875496
9.915472030750333,9.903999443738307,-0.08452796924966594,-0.09600055626169311
9.915289476738197,9.909324041091052,-0.08471052326180319,-0.09067595890894786
9.915107916914593,9.884758086842098,-0.08489208308540735,-0.11524191315790154
9.914927353410363,9.936261056382923,-0.08507264658963708,-0.06373894361707728
9.914747788344656,9.88289158506533,-0.08525221165534391,-0.11710841493466913
9.914569223824902,9.93713905389413,-0.08543077617509752,-0.06286094610587
9.91439166194679,9.907238414213937,-0.08560833805321032,-0.09276158578606324
9.914215104794238,9.89244094419994,-0.08578489520576185,-0.10755905580006009
9.914039554439377,9.92816150720653,-0.08596044556062363,-0.07183849279347036
9.913865012942518,9.914012678181281,-0.08613498705748307,-0.08598732181871782
9.913691482352132,9.93083841107049,-0.08630851764786801,-0.06916158892951105
9.91351896470483,9.921649915067828,-0.08648103529517047,-0.07835008493217155
9.91334746202533,9.905298584374282,-0.08665253797467079,-0.09470141562571699
9.913176976326438,9.876345310663906,-0.08682302367356115,-0.12365468933609407
9.91300750960903,9.914968791187322,-0.08699249039096944,-0.08503120881267821
9.912839063862018,9.91917464257242,-0.08716093613798265,-0.08082535742757957
9.91267164106233,9.914279801358616,-0.08732835893766999,-0.08572019864138399
9.912505243174893,9.906208206971812,-0.08749475682510656,-0.09379179302818902
9.912339872152604,9.932133616246585,-0.08766012784739591,-0.06786638375341596
9.912175529936306,9.931162214172874,-0.08782447006369337,-0.06883778582712556
9.912012218454771,9.90374546909162,-0.08798778154522852,-0.09625453090838111
9.911849939624672,9.900228529038323,-0.08815006037532806,-0.0997714709616772
9.911688695350563,9.878131597197262,-0.08831130464943808,-0.12186840280273803
9.911528487524853,9.937626480886797,-0.0884715124751467,-0.06237351911320233
9.911369318027795,9.895247276673935,-0.08863068197220594,-0.10475272332606492
9.911211188727446,9.90931641914561,-0.08878881127255407,-0.09068358085439017
9.911054101479662,9.916927009528306,-0.08894589852033746,-0.08307299047169439
9.910898058128067,9.912358412462154,-0.0891019418719322,-0.08764158753784496
9.910743060504034,9.884487745835754,-0.08925693949596597,-0.11551225416424546
9.910589110426661,9.876362646022818,-0.08941088957333933,-0.12363735397718204
9.910436209702752,9.916695765031948,-0.08956379029724731,-0.08330423496805202
9.9102843601268,9.88705109916705,-0.0897156398732003,-0.11294890083295127
9.910133563480954,9.911161894300037,-0.08986643651904545,-0.0888381056999628
9.909983821535013,9.940020724284922,-0.09001617846498727,-0.05997927571507808
9.909835136046391,9.92161105093128,-0.09016486395360868,-0.07838894906872144
9.909687508760108,9.907051867652198,-0.09031249123989138,-0.09294813234780117
9.909540941408764,9.887304751493794,-0.09045905859123657,-0.1126952485062062
9.909395435712515,9.930337650038423,-0.09060456428748515,-0.06966234996157769
9.909250993379063,9.93400149464073,-0.0907490066209378,-0.06599850535927032
9.909107616103624,9.926138999592778,-0.09089238389637534,-0.07386100040722218
9.908965305568922,9.917999455956474,-0.09103469443107827,-0.0820005440435262
9.908824063445152,9.908335909583991,-0.09117593655484685,-0.09166409041600812
9.90868389138998,9.924516377196987,-0.09131610861002032,-0.07548362280301321
9.908544791048504,9.888312029383668,-0.09145520895149682,-0.11168797061633134
9.908406764053248,9.910121694478207,-0.09159323594675223,-0.08987830552179296
9.908269812024141,9.912613435645566,-0.09173018797585972,-0.0873865643544344
9.908133936568492,9.888825951651055,-0.09186606343150844,-0.11117404834894408
9.907999139280978,9.945169986306816,-0.09200086071902264,-0.054830013693184146
9.907865421743619,9.88995425409769,-0.09213457825638027,-0.11004574590231014
9.907732785525768,9.899826884962211,-0.09226721447423149,-0.10017311503778822
9.907601232184083,9.913214872195995,-0.09239876781591727,-0.08678512780400509
9.907470763262513,9.914769051953165,-0.09252923673748739,-0.08523094804683473
9.907341380292282,9.932420261303697,-0.09265861970771888,-0.06757973869630224
9.907213084791866,9.91394182811483,-0.09278691520813366,-0.08605817188517088
9.907085878266983,9.918453648695062,-0.09291412173301672,-0.08154635130493756
9.906959762210567,9.926276912140496,-0.09304023778943339,-0.07372308785950468
9.906834738102752,9.888529183324211,-0.09316526189724722,-0.11147081667578908
9.906710807410862,9.899251694803517,-0.0932891925891372,-0.10074830519648172
9.906587971589385,9.897118638296057,-0.09341202841061484,-0.10288136170394292
9.906466232079959,9.897047273898366,-0.09353376792004159,-0.10295272610163478
9.906345590311355,9.920015606404629,-0.09365440968864533,-0.07998439359537052
9.906226047699462,9.906434025898259,-0.09377395230053759,-0.09356597410174113
9.90610760564727,9.89633909116087,-0.09389239435272971,-0.10366090883912965
9.905990265544851,9.932531718452587,-0.09400973445514973,-0.0674682815474123
9.905874028769341,9.894385992245512,-0.09412597123065838,-0.10561400775448779
9.905758896684935,9.923995820489294,-0.09424110331506547,-0.07600417951070691
9.905644870642854,9.928655053249965,-0.09435512935714568,-0.07134494675003411
9.905531951981345,9.928448379269856,-0.09446804801865463,-0.07155162073014329
9.905420142025655,9.889158496185363,-0.09457985797434454,-0.11084150381463614
9.90530944208802,9.905984584820468,-0.09469055791197956,-0.09401541517953156
9.905199853467648,9.910689207807017,-0.09480014653235158,-0.08931079219298252
9.905091377450704,9.891885276178161,-0.09490862254929504,-0.10811472382183841
9.904984015310298,9.904261848929124,-0.09501598468970238,-0.09573815107087588
9.904877768306461,9.927405309642312,-0.09512223169353874,-0.07259469035768873
9.904772637686143,9.95493869437704,-0.09522736231385694,-0.04506130562296037
9.904668624683188,9.84419057520671,-0.0953313753168119,-0.1558094247932905
9.904565730518325,9.894261138917,-0.09543426948167537,-0.10573886108299839
9.90446395639915,9.88195359437182,-0.09553604360084997,-0.11804640562818011
9.904363303520116,9.898357425846322,-0.09563669647988364,-0.10164257415367824
9.904263773062516,9.929558299055078,-0.09573622693748353,-0.07044170094492187
9.904165366194471,9.875671728709047,-0.0958346338055298,-0.12432827129095325
9.90406808407091,9.908705642964907,-0.09593191592908945,-0.09129435703509226
9.90397192783357,9.912617353890537,-0.09602807216642979,-0.08738264610946347
9.903876898610967,9.928159862142312,-0.09612310138903196,-0.071840137857688
9.903782997518396,9.914220624511357,-0.09621700248160393,-0.08577937548864313
9.903690225657906,9.862041836351628,-0.09630977434209394,-0.13795816364837216
9.903598584118297,9.90064400926625,-0.09640141588170306,-0.0993559907337507
9.903508073975102,9.91724812417109,-0.09649192602489831,-0.08275187582891051
9.903418696290576,9.888805557225163,-0.09658130370942498,-0.11119444277483648
9.90333045211368,9.939445096893941,-0.09666954788631936,-0.06055490310605869
9.90324334248008,9.88095117620595,-0.09675665751992087,-0.11904882379404916
9.903157368412115,9.920077781160014,-0.09684263158788425,-0.07992221883998546
9.903072530918807,9.85046247778647,-0.0969274690811917,-0.14953752221352928
9.902988830995836,9.922402307556466,-0.09701116900416444,-0.07759769244353464
9.902906269625525,9.928588665587158,-0.09709373037447472,-0.07141133441284195
9.902824847776843,9.913450880915583,-0.09717515222315705,-0.08654911908441712
9.90274456640538,9.897488474416107,-0.09725543359461986,-0.10251152558389325
9.902665426453343,9.911043534593569,-0.09733457354665642,-0.08895646540643112
9.902587428849543,9.90622603314891,-0.09741257115045619,-0.09377396685108955
9.902510574509385,9.906516515844853,-0.09748942549061546,-0.09348348415514703
9.902434864334852,9.908120808060099,-0.09756513566514825,-0.09187919193990027
9.902360299214504,9.893299131578546,-0.09763970078549693,-0.10670086842145449
9.902286880023457,9.930920802717559,-0.09771311997654243,-0.06907919728244144
9.902214607623385,9.917696853525268,-0.0977853923766148,-0.08230314647473284
9.902143482862497,9.918235376755812,-0.09785651713750305,-0.08176462324418812
9.902073506575535,9.90446938621111,-0.09792649342446537,-0.09553061378889077
9.902004679583762,9.917869491833653,-0.09799532041623865,-0.08213050816634689
9.901937002694952,9.932535209847938,-0.09806299730504836,-0.06746479015206282
9.901870476703381,9.9045073536993,-0.0981295232966179,-0.09549264630070073
9.901805102389822,9.897355789592776,-0.09819489761017791,-0.10264421040722448
9.901740880521524,9.84932428595893,-0.09825911947847556,-0.15067571404106872
9.901677811852217,9.902018735581565,-0.09832218814778339,-0.0979812644184339
9.901615897122092,9.892273055994158,-0.09838410287790827,-0.10772694400584149
9.9015551370578,9.881439268933336,-0.09844486294220005,-0.11856073106666401
9.90149553237244,9.920419948168176,-0.09850446762756009,-0.07958005183182423
9.90143708376555,9.893284738145088,-0.0985629162344496,-0.10671526185491184
9.901379791923102,9.923273449855817,-0.09862020807689795,-0.07672655014418295
9.901323657517489,9.889170869041786,-0.09867634248251056,-0.11082913095821469
9.901268681207522,9.883071164435655,-0.09873131879247697,-0.11692883556434445
9.90121486363842,9.911768578526361,-0.0987851363615784,-0.0882314214736383
9.901162205441805,9.899689269023861,-0.09883779455819547,-0.10031073097613807
9.901110707235684,9.913609531284685,-0.09888929276431556,-0.0863904687153145
9.90106036962446,9.889108351266303,-0.09893963037553995,-0.11089164873369588
9.901011193198908,9.924129065842997,-0.09898880680109114,-0.07587093415700218
9.90096317853618,9.874121762874426,-0.09903682146381958,-0.12587823712557458
9.90091632619979,9.922941471708397,-0.09908367380021055,-0.07705852829160262
9.90087063673961,9.904255778989675,-0.09912936326039073,-0.09574422101032458
9.900826110691865,9.870457123781307,-0.0991738893081347,-0.1295428762186933
9.900782748579129,9.888225453862676,-0.09921725142087118,-0.11177454613732438
9.90074055091031,9.920766384197742,-0.0992594490896892,-0.07923361580225727
9.900699518180655,9.906626696194465,-0.09930048181934403,-0.09337330380553599
9.900659650871736,9.865207385897953,-0.09934034912826306,-0.13479261410204585
9.900620949451449,9.873350275377238,-0.09937905054855141,-0.1266497246227625
9.900583414374003,9.935759146293847,-0.09941658562599737,-0.0642408537061531
9.900547046079922,9.893869858955938,-0.09945295392007786,-0.10613014104406124
9.900511844996036,9.88146899318946,-0.09948815500396346,-0.11853100681054138
9.900477811535476,9.910205062287817,-0.09952218846452354,-0.08979493771218283
9.90044494609767,9.925605752375178,-0.099555053902331,-0.07439424762482116
9.900413249068333,9.896299648019957,-0.09958675093166708,-0.10370035198004322
9.900382720819474,9.897247852531688,-0.09961727918052575,-0.10275214746831138
9.900353361709382,9.905424979199424,-0.09964663829061819,-0.09457502080057685
9.900325172082622,9.908632485368328,-0.0996748279173769,-0.09136751463167204
9.90029815227004,9.909839517820698,-0.09970184772995985,-0.09016048217930173
9.900272302588746,9.915025323548948,-0.09972769741125428,-0.08497467645105197
9.90024762334212,9.878182286994951,-0.09975237665788043,-0.12181771300504816
9.900224114819805,9.88229846511223,-0.09977588518019516,-0.11770153488776904
9.900201777297704,9.888079906485883,-0.09979822270229527,-0.11192009351411686
9.90018061103798,9.866624871494436,-0.09981938896202079,-0.1333751285055636
9.900160616289043,9.876725614186405,-0.09983938371095802,-0.12327438581359544
9.900141793285558,9.931440709081862,-0.09985820671444254,-0.06855929091813767
9.900124142248439,9.89416413023856,-0.09987585775156178,-0.1058358697614409
9.900107663384842,9.903406388178176,-0.09989233661515784,-0.09659361182182323
9.90009235688817,9.870227314234983,-0.09990764311182973,-0.12977268576501766
9.900078222938065,9.9024487297584,-0.09992177706193572,-0.09755127024160039
9.900065261700405,9.904388978990596,-0.09993473829959548,-0.0956110210094034
9.900053473327308,9.901265378010953,-0.099946526672692,-0.0987346219890468
9.900042857957127,9.878646546608616,-0.09995714204287326,-0.12135345339138372
9.900033415714447,9.87803774280281,-0.09996658428555412,-0.12196225719718903
9.900025146710082,9.902613167571722,-0.0999748532899175,-0.09738683242827677
9.900018051041084,9.88884142402232,-0.09998194895891584,-0.11115857597767931
9.900012128790728,9.885772021794828,-0.09998787120927223,-0.11422797820517178
9.90000738002852,9.920277521758457,-0.0999926199714813,-0.07972247824154324
9.90000380481019,9.900204385943844,-0.09999619518981018,-0.09979561405615527
9.9000014031777,9.890111412060339,-0.09999859682229895,-0.10988858793966057
9.900000175159239,9.857978834627755,-0.09999982484076136,-0.14202116537224496
9.900000120769215,9.91517283225325,-0.09999987923078503,-0.08482716774675107
9.900001240008269,9.911482190410743,-0.09999875999173158,-0.08851780958925735
9.900003532863263,9.941679978154802,-0.09999646713673677,-0.05832002184519816
9.90000699930729,9.907921138240091,-0.09999300069271022,-0.09207886175990794
9.900011639299665,9.8860515391177,-0.09998836070033518,-0.11394846088230061
9.900017452785931,9.891621815608767,-0.09998254721406803,-0.10837818439123233
9.900024439697862,9.892643245199867,-0.09997556030213761,-0.10735675480013356
9.900032599953455,9.895755350334252,-0.09996740004654446,-0.10424464966574913
9.90004193345694,9.899168765878134,-0.0999580665430598,-0.10083123412186563
9.900052440098776,9.8868203372652,-0.0999475599012245,-0.11317966273479989
9.900064119755653,9.874009380842379,-0.09993588024434771,-0.12599061915762108
9.900076972290494,9.916744800026654,-0.09992302770950544,-0.08325519997334624
9.90009099755246,9.89679986470483,-0.09990900244753893,-0.10320013529517075
9.900106195376948,9.887754596668636,-0.09989380462305299,-0.1122454033313644
9.900122565585587,9.90540103150342,-0.09987743441441388,-0.09459896849658075
9.900140107986253,9.899040082300795,-0.09985989201374736,-0.10095991769920545
9.900158822373063,9.906862632171022,-0.09984117762693641,-0.09313736782897773
9.900178708526381,9.906221978679397,-0.09982129147361878,-0.09377802132060185
9.900199766212815,9.914151589778578,-0.09980023378718442,-0.08584841022142177
9.900221995185227,9.87854588341245,-0.09977800481477277,-0.12145411658755026
9.900245395182731,9.891046148323888,-0.0997546048172698,-0.1089538516761132
9.900269965930695,9.955168767276648,-0.09973003406930506,-0.044831232723351204
9.900295707140751,9.911937592493377,-0.09970429285924831,-0.0880624075066235
9.900322618510794,9.915461768724308,-0.09967738148920625,-0.08453823127569186
9.900350699724981,9.90740935660956,-0.09964930027501895,-0.09259064339044167
9.900379950453743,9.903310466135528,-0.09962004954625606,-0.09668953386447292
9.900410370353788,9.874268605225987,-0.09958962964621307,-0.12573139477401293
9.900441959068093,9.892341537946978,-0.0995580409319072,-0.10765846205302247
9.900474716225927,9.899453122823507,-0.09952528377407324,-0.10054687717649259
9.90050864144284,9.911853069759761,-0.0994913585571592,-0.08814693024023793
9.900543734320678,9.919654557275086,-0.09945626567932175,-0.08034544272491381
9.900579994447579,9.848274858644569,-0.09942000555242159,-0.1517251413554307
9.900617421397982,9.900977886074084,-0.09938257860201866,-0.09902211392591638
9.900656014732633,9.904206097410277,-0.09934398526736704,-0.09579390258972256
9.90069577399859,9.948733838472599,-0.09930422600140991,-0.05126616152740135
9.900736698729226,9.898501459110875,-0.09926330127077408,-0.10149854088912569
9.900778788444235,9.896119071567135,-0.09922121155576472,-0.10388092843286525
9.90082204264964,9.855987468691938,-0.09917795735035953,-0.1440125313080628
9.900866460837797,9.881871058084942,-0.09913353916220308,-0.1181289419150586
9.900912042487398,9.906897652636554,-0.09908795751260074,-0.0931023473634463
9.900958787063487,9.938333444469885,-0.09904121293651268,-0.061666555530114936
9.901006694017452,9.853034062429455,-0.09899330598254748,-0.1469659375705456
9.901055762787044,9.884929038946778,-0.09894423721295577,-0.11507096105322166
9.901105992796376,9.865685588816302,-0.0988940072036236,-0.1343144111836976
9.901157383455935,9.884560363916835,-0.09884261654406565,-0.1154396360831658
9.901209934162582,9.898492064355805,-0.0987900658374184,-0.101507935644194
9.901263644299567,9.886546454101746,-0.09873635570043296,-0.11345354589825496
9.901318513236532,9.927666605716189,-0.09868148676346787,-0.0723333942838108
9.901374540329519,9.900465841887012,-0.0986254596704817,-0.0995341581129883
9.901431724920975,9.862065217214258,-0.09856827507902553,-0.1379347827857424
9.901490066339765,9.907896245312545,-0.09850993366023514,-0.09210375468745464
9.901549563901177,9.885720126974832,-0.0984504360988232,-0.11427987302516812
9.90161021690693,9.865578398364153,-0.09838978309307127,-0.13442160163584707
9.901672024645178,9.903325997503844,-0.09832797535482146,-0.09667400249615565
9.901734986390531,9.877488832012112,-0.09826501360946832,-0.12251116798788866
9.90179910140405,9.949495460355152,-0.09820089859595,-0.05050453964484715
9.90186436893326,9.916849686824813,-0.09813563106673995,-0.0831503131751873
9.901930788212162,9.882462208161645,-0.0980692117878377,-0.11753779183835475
9.90199835846124,9.930378460596474,-0.09800164153876023,-0.06962153940352556
9.902067078887468,9.889184068033277,-0.09793292111253254,-0.1108159319667226
9.902136948684321,9.893207226856788,-0.09786305131567856,-0.10679277314321128
9.902207967031789,9.919824945158359,-0.09779203296821148,-0.08017505484164181
9.902280133096376,9.865969580074427,-0.09771986690362432,-0.13403041992557252
9.90235344603112,9.879687225585062,-0.09764655396888,-0.1203127744149369
9.902427904975598,9.88969686108315,-0.09757209502440148,-0.11030313891684906
9.902503509055938,9.921404617418643,-0.09749649094406165,-0.07859538258135686
9.902580257384827,9.912917844869144,-0.09741974261517304,-0.08708215513085675
9.902658149061523,9.903036407302125,-0.09734185093847747,-0.09696359269787447
9.902737183171865,9.889162946231098,-0.09726281682813535,-0.1108370537689025
9.902817358788285,9.921556124737604,-0.09718264121171516,-0.0784438752623961
9.902898674969817,9.923776231117532,-0.09710132503018236,-0.07622376888246819
9.902981130762111,9.892305140320278,-0.09701886923788845,-0.10769485967972126
9.90306472519744,9.936317350959564,-0.09693527480255977,-0.06368264904043584
9.903149457294713,9.948019705251228,-0.09685054270528608,-0.05198029474877175
9.903235326059491,9.884858556449915,-0.09676467394050914,-0.11514144355008468
9.90332233048399,9.907439617705569,-0.09667766951601091,-0.092560382294432
9.903410469547097,9.90874809456632,-0.0965895304529019,-0.09125190543367988
9.903499742214391,9.924031368099538,-0.096500257785609,-0.07596863190046305
9.903590147438136,9.900562633289566,-0.09640985256186349,-0.0994373667104337
9.903681684157311,9.93443054392219,-0.0963183158426886,-0.06556945607781053
9.903774351297614,9.902604026011328,-0.09622564870238723,-0.09739597398867142
9.90386814777147,9.87388005544718,-0.09613185222852917,-0.12611994455281872
9.903963072478062,9.917310427541159,-0.09603692752193842,-0.08268957245884213
9.90405912430332,9.911991288338779,-0.09594087569668032,-0.08800871166122062
9.90415630211995,9.925362707075509,-0.09584369788004835,-0.07463729292449095
9.904254604787448,9.905814874613487,-0.09574539521255103,-0.09418512538651357
9.904354031152101,9.914391350674034,-0.0956459688478984,-0.08560864932596565
9.90445458004701,9.900261472274439,-0.09554541995298865,-0.09973852772556074
9.904556250292107,9.928137384693374,-0.09544374970789424,-0.07186261530662652
9.904659040694153,9.904335804845406,-0.09534095930584818,-0.09566419515459312
9.90476295004677,9.84777135844335,-0.09523704995322996,-0.15222864155665117
9.904867977130449,9.93506954705435,-0.09513202286955146,-0.06493045294564948
9.904974120712557,9.925013395420292,-0.09502587928744254,-0.07498660457970863
9.905081379547363,9.894752028970858,-0.0949186204526366,-0.10524797102914113
9.905189752376044,9.908606358745272,-0.09481024762395612,-0.09139364125472763
9.905299237926702,9.903311426437583,-0.09470076207329761,-0.09668857356241725
9.905409834914384,9.912508072530855,-0.09459016508561692,-0.08749192746914584
9.905521542041086,9.862991718636808,-0.09447845795891396,-0.13700828136319126
9.905634357995782,9.914412975975129,-0.09436564200421772,-0.0855870240248707
9.905748281454429,9.908562089954536,-0.09425171854557057,-0.09143791004546305
9.905863311079987,9.908995408090837,-0.094136688920013,-0.09100459190916388
9.905979445522432,9.868335931083548,-0.09402055447756774,-0.13166406891645138
9.906096683418776,9.89720942292575,-0.09390331658122408,-0.10279057707425107
9.906215023393079,9.881915451089084,-0.0937849766069217,-0.11808454891091635
9.906334464056465,9.931546163082558,-0.09366553594353456,-0.06845383691744225
9.906455004007146,9.942037951405931,-0.09354499599285482,-0.057962048594068546
9.906576641830425,9.925281045711792,-0.09342335816957598,-0.07471895428820885
9.906699376098723,9.912373190727319,-0.09330062390127675,-0.08762680927268084
9.906823205371596,9.923442839628814,-0.09317679462840381,-0.07655716037118504
9.906948128195745,9.921525288201554,-0.09305187180425536,-0.0784747117984467
9.907074143105037,9.87623335592012,-0.09292585689496369,-0.1237666440798813
9.907201248620522,9.93066083607117,-0.09279875137947828,-0.06933916392883016
9.907329443250452,9.892369497724475,-0.09267055674954815,-0.10763050227552487
9.907458725490295,9.905632161268406,-0.09254127450970462,-0.09436783873159454
9.907589093822757,9.894824185514059,-0.09241090617724346,-0.1051758144859412
9.907720546717792,9.929681006429025,-0.09227945328220712,-0.0703189935709746
9.907853082632633,9.913405023882449,-0.09214691736736697,-0.08659497611755189
9.907986700011795,9.961157415594258,-0.09201329998820482,-0.03884258440574154
9.908121397287104,9.877989455033932,-0.09187860271289505,-0.12201054496606792
9.908257172877715,9.889790883991722,-0.09174282712228593,-0.11020911600827707
9.90839402519012,9.90025506929872,-0.0916059748098812,-0.09974493070128142
9.908531952618178,9.923791413293102,-0.09146804738182131,-0.07620858670689726
9.908670953543135,9.908431794797371,-0.09132904645686468,-0.09156820520262951
9.908811026333632,9.911976404767524,-0.09118897366636845,-0.08802359523247673
9.90895216934573,9.890826402964592,-0.0910478306542697,-0.1091735970354083
9.909094380922934,9.903419170853475,-0.09090561907706585,-0.09658082914652533
9.909237659396204,9.88466004852899,-0.09076234060379523,-0.11533995147100914
9.909382003083982,9.926239414191775,-0.09061799691601785,-0.07376058580822424
9.909527410292204,9.933867503355723,-0.0904725897077951,-0.06613249664427796
9.90967387931433,9.914088855080113,-0.09032612068567045,-0.08591114491988633
9.909821408431352,9.905101308363125,-0.09017859156864888,-0.09489869163687478
9.909969995911823,9.917094590189249,-0.09003000408817723,-0.0829054098107507
9.910119640011876,9.894372543791922,-0.08988035998812335,-0.10562745620807726
9.910270338975243,9.914419919097558,-0.08972966102475616,-0.08558008090244296
9.910422091033276,9.925692380411535,-0.08957790896672456,-0.07430761958846586
9.910574894404963,9.925987472319884,-0.08942510559503697,-0.07401252768011587
9.91072874729696,9.898080579716288,-0.08927125270304043,-0.10191942028371241
9.910883647903601,9.923119667142362,-0.08911635209639931,-0.0768803328576374
9.911039594406926,9.904757606583614,-0.08896040559307446,-0.09524239341638621
9.911196584976699,9.892118592380545,-0.08880341502330151,-0.10788140761945487
9.91135461777043,9.872378644958719,-0.08864538222956973,-0.1276213550412815
9.9115136909334,9.87364922104035,-0.08848630906660011,-0.12635077895964847
9.911673802598676,9.907683492175615,-0.08832619740132389,-0.09231650782438638
9.91183495088714,9.90698498201051,-0.0881650491128603,-0.09301501798948963
9.911997133907505,9.924740380687526,-0.08800286609249489,-0.07525961931247399
9.912160349756343,9.882778871072963,-0.08783965024365697,-0.11722112892703683
9.912324596518102,9.895260189859382,-0.08767540348189752,-0.104739810140618
9.912489872265134,9.913374686725895,-0.08751012773486669,-0.0866253132741044
9.912656175057709,9.926566560315727,-0.08734382494229094,-0.07343343968427221
9.912823502944049,9.938916569765095,-0.08717649705595067,-0.061083430234906144
9.912991853960342,9.890753606108014,-0.08700814603965687,-0.1092463938919857
9.913161226130772,9.929484791741126,-0.08683877386922852,-0.07051520825887328
9.91333161746753,9.923423919373136,-0.08666838253246895,-0.07657608062686393
9.913503025970858,9.904967193300072,-0.08649697402914293,-0.09503280669992799
9.913675449629046,9.903500538804387,-0.08632455037095288,-0.09649946119561281
9.913848886418485,9.933764116996809,-0.08615111358151546,-0.06623588300319092
9.914023334303662,9.864271174938956,-0.08597666569633772,-0.13572882506104358
9.914198791237206,9.921264711664955,-0.08580120876279318,-0.07873528833504499
9.914375255159902,9.907605563608339,-0.08562474484009802,-0.0923944363916603
9.914552724000714,9.934101080788016,-0.08544727599928653,-0.06589891921198442
9.914731195676813,9.909561549968766,-0.08526880432318724,-0.09043845003123469
9.914910668093603,9.905994776558344,-0.0850893319063981,-0.09400522344165521
9.915091139144737,9.918586777602366,-0.0849088608552622,-0.08141322239763352
9.915272606712158,9.877264534163595,-0.08472739328784272,-0.12273546583640378
9.915455068666102,9.905066124046485,-0.08454493133389848,-0.09493387595351559
9.915638522865141,9.914126435784592,-0.08436147713485852,-0.08587356421540795
9.915822967156203,9.907823028015484,-0.08417703284379735,-0.09217697198451587
9.91600839937459,9.939400448237434,-0.08399160062540936,-0.060599551762565526
9.916194817344017,9.930053521055308,-0.08380518265598358,-0.06994647894469178
9.916382218876622,9.937737371801925,-0.08361778112337825,-0.06226262819807561
9.916570601773005,9.949024016246927,-0.08342939822699479,-0.050975983753072315
9.916759963822248,9.917368783249598,-0.0832400361777524,-0.08263121675040146
9.916950302801938,9.940864647251646,-0.08304969719806177,-0.059135352748354256
9.917141616478201,9.910823402092847,-0.0828583835217993,-0.08917659790715295
9.91733390260572,9.944824391308156,-0.08266609739428052,-0.055175608691843
9.917527158927767,9.91588831770723,-0.08247284107223417,-0.08411168229276939
9.917721383176225,9.90105492932765,-0.08227861682377532,-0.09894507067234976
9.91791657307162,9.910046477131397,-0.08208342692837894,-0.0899535228686023
9.918112726323146,9.913994772097121,-0.08188727367685326,-0.08600522790287835
9.918309840628687,9.94507691106711,-0.08169015937131256,-0.054923088932889705
9.91850791367485,9.93027302321333,-0.08149208632515052,-0.0697269767866706
9.918706943136987,9.913534847923307,-0.08129305686301273,-0.08646515207669216
9.918906926679231,9.95453252800409,-0.08109307332076975,-0.04546747199590915
9.91910786195451,9.935393407218681,-0.0808921380454893,-0.06460659278131856
9.919309746604592,9.903538369397516,-0.08069025339540915,-0.09646163060248376
9.919512578260091,9.922731551192356,-0.08048742173990904,-0.07726844880764319
9.919716354540517,9.945117787415123,-0.0802836454594832,-0.054882212584877514
9.919921073054288,9.915018134274213,-0.08007892694571217,-0.08498186572578778
9.920126731398765,9.969494157794347,-0.0798732686012348,-0.0305058422056532
9.92033332716028,9.918786419125288,-0.07966667283972023,-0.08121358087471206
9.92054085791416,9.915557087983577,-0.07945914208583921,-0.08444291201642305
9.920749321224765,9.891951282085707,-0.07925067877523606,-0.10804871791429438
9.9209587146455,9.868713494204943,-0.07904128535449968,-0.13128650579505727
9.921169035718865,9.899736288912296,-0.07883096428113519,-0.10026371108770486
9.921380281976464,9.90520446069922,-0.07861971802353473,-0.09479553930077886
9.921592450939052,9.93801913039257,-0.07840754906094895,-0.061980869607429656
9.921805540116543,9.911127873659275,-0.07819445988345734,-0.08887212634072532
9.92201954700806,9.89831573409172,-0.07798045299193959,-0.10168426590828099
9.922234469101955,9.932844210657331,-0.07776553089804579,-0.06715578934266868
9.922450303875832,9.867779268190368,-0.07754969612416712,-0.13222073180963168
9.922667048796594,9.953183876108362,-0.0773329512034064,-0.0468161238916387
9.922884701320452,9.91181688299828,-0.07711529867954803,-0.08818311700171981
9.923103258892972,9.94804740308766,-0.07689674110702849,-0.05195259691233996
9.923322718949095,9.952383885447931,-0.07667728105090599,-0.04761611455206917
9.92354307891317,9.90416955894598,-0.07645692108683078,-0.09583044105401888
9.923764336198985,9.894044327397122,-0.07623566380101451,-0.10595567260287736
9.923986488209799,9.918269896325373,-0.07601351179020024,-0.08173010367462662
9.924209532338368,9.887580202934222,-0.07579046766163162,-0.1124197970657781
9.924433465966978,9.958661607664652,-0.07556653403302266,-0.0413383923353474
9.924658286467473,9.936227625311163,-0.07534171353252667,-0.06377237468883588
9.924883991201295,9.922030261575367,-0.07511600879870553,-0.077969738424633
9.9251105775195,9.939888524980095,-0.07488942248049894,-0.06011147501990482
9.925338042762807,9.922242354214951,-0.07466195723719292,-0.07775764578504822
9.92556638426161,9.925034399615615,-0.07443361573838905,-0.07496560038438482
9.925795599336027,9.901416117454291,-0.07420440066397266,-0.09858388254570916
9.926025685295919,9.951257525536265,-0.07397431470408188,-0.04874247446373489
9.926256639440924,9.94840363636326,-0.07374336055907559,-0.051596363636740035
9.926488459060497,9.928073265101649,-0.07351154093950217,-0.07192673489835072
9.926721141433934,9.914013846554507,-0.07327885856606728,-0.08598615344549318
9.926954683830397,9.922078188088175,-0.07304531616960229,-0.07792181191182476
9.927189083508969,9.954223676132525,-0.07281091649103193,-0.045776323867475224
9.927424337718659,9.921414718505687,-0.07257566228134227,-0.07858528149431222
9.927660443698452,9.96355405735005,-0.07233955630154855,-0.03644594264994898
9.927897398677338,9.926798313079987,-0.07210260132266244,-0.07320168692001341
9.92813519987434,9.912062976495594,-0.07186480012565996,-0.08793702350440591
9.928373844498552,9.906728503061263,-0.07162615550144834,-0.09327149693873658
9.928613329749167,9.942917187731483,-0.07138667025083377,-0.05708281226851693
9.928853652815512,9.924106591535446,-0.07114634718448809,-0.0758934084645535
9.929094810877084,9.920889320668246,-0.0709051891229162,-0.07911067933175375
9.929336801103577,9.956872013167875,-0.07066319889642257,-0.043127986832126014
9.929579620654922,9.946223264779716,-0.07042037934507828,-0.053776735220283076
9.929823266681312,9.941156579971565,-0.0701767333186877,-0.05884342002843475
9.930067736323245,9.932887624104534,-0.0699322636767548,-0.06711237589546563
9.93031302671155,9.919263146587236,-0.06968697328844999,-0.08073685341276414
9.930559134967424,9.972049186317712,-0.06944086503257589,-0.027950813682289244
9.930806058202466,9.926490911892145,-0.0691939417975342,-0.0735090881078556
9.931053793518709,9.95753069267701,-0.06894620648129118,-0.04246930732299006
9.931302338008656,9.91065885816275,-0.06869766199134418,-0.08934114183725013
9.931551688755313,9.933077089435068,-0.06844831124468696,-0.06692291056493181
9.931801842832224,9.947354221362007,-0.0681981571677761,-0.05264577863799283
9.932052797303504,9.962239240654862,-0.06794720269649601,-0.03776075934513814
9.932304549223876,9.911165268541883,-0.06769545077612488,-0.0888347314581179
9.9325570956387,9.904463457714497,-0.06744290436130011,-0.0955365422855028
9.932810433584017,9.905258169328267,-0.06718956641598334,-0.09474183067173382
9.933064560086574,9.910341784922016,-0.06693543991342606,-0.089658215077984
9.933319472163866,9.886133401936267,-0.06668052783613426,-0.11386659806373398
9.933575166824166,9.945405284193258,-0.06642483317583396,-0.05459471580674241
9.933831641066565,9.92649546632567,-0.06616835893343553,-0.0735045336743298
9.934088891881,9.942570163837539,-0.06591110811899903,-0.057429836162461674
9.934346916248302,9.93826558394329,-0.06565308375169832,-0.06173441605671013
9.934605711140215,9.92925030414565,-0.0653942888597862,-0.07074969585434882
9.934865273519442,9.923195179256158,-0.06513472648055836,-0.07680482074384137
9.935125600339681,9.920413221167015,-0.06487439966031798,-0.07958677883298533
9.935386688545659,9.932492714853955,-0.06461331145434013,-0.06750728514604487
9.935648535073165,9.904304436583217,-0.06435146492683551,-0.09569556341678323
9.935911136849086,9.911756049599072,-0.0640888631509149,-0.08824395040092793
9.936174490791448,9.946090883242356,-0.06382550920855272,-0.05390911675764507
9.936438593809449,9.926192908219397,-0.06356140619055127,-0.07380709178060349
9.936703442803497,9.96391376579616,-0.063296557196504,-0.03608623420383886
9.93696903466524,9.938703436803648,-0.06303096533475955,-0.061296563196352405
9.937235366277616,9.946729810585046,-0.0627646337223849,-0.0532701894149545
9.93750243451487,9.948642959370257,-0.062497565485129206,-0.05135704062974311
9.937770236242613,9.960117359568157,-0.06222976375738666,-0.03988264043184275
9.93803876831784,9.913742076633419,-0.061961231682159945,-0.08625792336658142
9.938308027588976,9.95478386875557,-0.061691972411023525,-0.04521613124443097
9.938578010895913,9.9556631544398,-0.061421989104086167,-0.044336845560198235
9.938848715070046,9.933015782928841,-0.06115128492995442,-0.06698421707115929
9.939120136934305,9.907593775748746,-0.0608798630656949,-0.09240622425125442
9.939392273303202,9.952103689601882,-0.06060772669679751,-0.0478963103981171
9.939665120982863,9.936490378143494,-0.06033487901713752,-0.06350962185650635
9.939938676771062,9.934572205090005,-0.060061323228938646,-0.06542779490999556
9.940212937457265,9.922470802215317,-0.05978706254273496,-0.07752919778468247
9.940487899822667,9.915171632261107,-0.05951210017733344,-0.08482836773889395
9.940763560640224,9.919697241586253,-0.059236439359776405,-0.08030275841374729
9.941039916674697,9.935531727578224,-0.05896008332530313,-0.06446827242177526
9.941316964682688,9.950566954606366,-0.05868303531731244,-0.049433045393633974
9.941594701412676,9.967734154490541,-0.05840529858732411,-0.03226584550945784
9.941873123605058,9.927019701092227,-0.05812687639494122,-0.07298029890777326
9.942152227992189,9.953264514540267,-0.05784777200781141,-0.04673548545973318
9.942432011298411,9.951153332942077,-0.057567988701588996,-0.048846667057923315
9.942712470240103,9.930842309712064,-0.05728752975989604,-0.069157690287935
9.942993601525716,9.934005733097612,-0.057006398474284375,-0.06599426690238844
9.943275401855804,9.933344630293165,-0.056724598144196385,-0.06665536970683543
9.943557867923074,9.929046991557422,-0.05644213207692664,-0.0709530084425776
9.943840996412417,9.921277882391323,-0.05615900358758317,-0.07872211760867755
9.944124784000952,9.956951639471944,-0.05587521599904813,-0.04304836052805578
9.944409227358062,9.945624712782987,-0.055590772641939325,-0.05437528721701367
9.944694323145429,9.955807825752526,-0.05530567685457061,-0.04419217424747429
9.944980068017086,9.972862288367411,-0.05501993198291321,-0.027137711632589136
9.945266458619445,9.962776443514116,-0.05473354138055595,-0.037223556485884234
9.945553491591333,9.947935325430882,-0.05444650840866641,-0.05206467456911817
9.94584116356405,9.960372817398081,-0.05415883643595091,-0.03962718260191896
9.946129471161385,9.966912755687074,-0.05387052883861563,-0.03308724431292599
9.946418410999673,9.938813007053694,-0.05358158900032635,-0.06118699294630618
9.946707979687831,9.945468301130761,-0.053292020312169064,-0.0545316988692394
9.94699817382739,9.98633118150028,-0.05300182617261034,-0.013668818499721257
9.947288990012543,9.92595081040437,-0.05271100998745694,-0.07404918959563028
9.947580424830184,9.93022246604003,-0.05241957516981645,-0.06977753395996927
9.947872474859944,9.947289569534558,-0.05212752514005661,-0.052710430465441875
9.948165136674234,9.934426230699106,-0.051834863325765784,-0.06557376930089452
9.948458406838288,9.999268126144518,-0.05154159316171211,-0.0007318738554817766
9.948752281910195,9.974190706894127,-0.05124771808980382,-0.025809293105871843
9.949046758440952,9.943660927464725,-0.05095324155904823,-0.0563390725352751
9.949341832974488,9.928225225451703,-0.05065816702551185,-0.07177477454829721
9.94963750204772,9.946851451825951,-0.050362497952279296,-0.053148548174049376
9.949933762190588,9.92612107924469,-0.05006623780941293,-0.07387892075531131
9.950230609926088,9.942241384583825,-0.04976939007391226,-0.0577586154161748
9.950528041770328,9.938362894081429,-0.04947195822967268,-0.061637105918570904
9.950826054232556,9.969036037874291,-0.04917394576744519,-0.030963962125709513
9.951124643815206,9.959014801811067,-0.04887535618479474,-0.04098519818893231
9.95142380701394,9.957701676934592,-0.04857619298605989,-0.042298323065407484
9.951723540317689,9.909081053114656,-0.04827645968231102,-0.09091894688534377
9.95202384020869,9.9855448936952,-0.047976159791309744,-0.01445510630479968
9.952324703162533,9.916639064058568,-0.04767529683746699,-0.08336093594143112
9.952626125648198,9.929723958154234,-0.04737387435180229,-0.07027604184576501
9.952928104128098,9.915377834468162,-0.04707189587190178,-0.08462216553183885
9.953230635058123,9.95696952052802,-0.04676936494187691,-0.043030479471980944
9.953533714887676,9.946192421645748,-0.04646628511232308,-0.05380757835425208
9.953837340059723,9.987455677049814,-0.046162659940277434,-0.01254432295018651
9.954141507010823,9.950817120814573,-0.04585849298917774,-0.04918287918542705
9.95444621217118,9.970879397306778,-0.04555378782881994,-0.029120602693221705
9.954751451964682,9.937955481073484,-0.04524854803531686,-0.06204451892651679
9.955057222808945,9.954395805766167,-0.04494277719105565,-0.04560419423383421
9.955363521115343,9.954602442031801,-0.04463647888465633,-0.04539755796819857
9.955670343289071,9.88654408514217,-0.04432965671092916,-0.11345591485783045
9.955977685729167,9.948943383983,-0.04402231427083265,-0.051056616017000754
9.95628554482857,9.94467015067449,-0.04371445517143155,-0.05532984932550922
9.956593916974146,9.92690473268327,-0.04340608302585399,-0.0730952673167305
9.95690279854675,9.98368754332962,-0.04309720145324965,-0.01631245667038132
9.957212185921254,9.951275782758882,-0.042787814078746704,-0.04872421724111677
9.95752207546659,9.95590324785629,-0.042477924533409886,-0.044096752143709714
9.957832463545802,9.953242174658538,-0.04216753645419724,-0.046757825341462
9.958143346516081,9.990940767262252,-0.041856653483918066,-0.009059232737748307
9.95845472072881,9.938866545726915,-0.04154527927118956,-0.061133454273085586
9.958766582529606,9.944668029570856,-0.041233417470394586,-0.055331970429143965
9.959078928258362,9.973198860043068,-0.04092107174163826,-0.026801139956932035
9.959391754249294,9.947945274328207,-0.04060824575070523,-0.05205472567179372
9.959705056830984,9.934876741998979,-0.04029494316901686,-0.06512325800102158
9.960018832326412,9.934037590468703,-0.03998116767358765,-0.06596240953129598
9.960333077053017,9.965741425195699,-0.03966692294698265,-0.034258574804301806
9.960647787322726,9.996596139482051,-0.03935221267727364,-0.003403860517949109
9.960962959442003,9.962244950806744,-0.03903704055799648,-0.03775504919325599
9.961278589711894,9.979161374304931,-0.03872141028810709,-0.02083862569506912
9.961594674428062,9.939581278902429,-0.03840532557193876,-0.06041872109757203
9.961911209880842,9.997727122887651,-0.03808879011915792,-0.002272877112348713
9.962228192355278,9.924768622939492,-0.037771807644721336,-0.075231377060507
9.962545618131168,9.956602781866465,-0.037454381868831925,-0.04339721813353493
9.962863483483105,9.960172006478343,-0.03713651651689529,-0.03982799352165603
9.963181784680524,9.965021330300742,-0.036818215319476315,-0.03497866969925864
9.963500517987745,9.936291128455995,-0.03649948201225473,-0.06370887154400504
9.963819679664018,9.945725725284248,-0.03618032033598201,-0.054274274715752704
9.964139265963563,9.96444587574625,-0.03586073403643674,-0.03555412425374991
9.964459273135619,9.975469499328845,-0.03554072686438135,-0.024530500671154733
9.964779697424483,9.949821800391181,-0.03522030257551744,-0.05017819960881866
9.965100535069558,9.962806750264498,-0.03489946493044233,-0.03719324973550258
9.965421782305397,9.958640493736642,-0.034578217694604306,-0.041359506263358645
9.965743435361741,9.936826887391703,-0.03425656463825905,-0.0631731126082967
9.966065490463576,9.977494546047016,-0.03393450953642484,-0.022505453952984724
9.966387943831162,9.972900309093005,-0.033612056168838465,-0.02709969090699459
9.96671079168009,10.005156155425741,-0.033289208319911154,0.005156155425741306
9.967034030221317,9.97109756205024,-0.03296596977868354,-0.028902437949761144
9.967357655661218,9.928695782427068,-0.03264234433878189,-0.07130421757293205
9.967681664201628,9.981579108479595,-0.03231833579837287,-0.018420891520405644
9.96800605203988,9.982765719974296,-0.0319939479601197,-0.01723428002570404
9.968330815368864,9.966472091202089,-0.0316691846311368,-0.03352790879791095
9.968655950377054,9.964276220563452,-0.03134404962294579,-0.03572377943654787
9.96898145324857,9.965572715865918,-0.031018546751430204,-0.03442728413408288
9.969307320163209,9.983267488351169,-0.03069267983679091,-0.016732511648831855
9.969633547296498,9.93790682074019,-0.030366452703501565,-0.06209317925980896
9.969960130819738,9.992526141433931,-0.030039869180263103,-0.007473858566069531
9.97028706690004,9.99657362225821,-0.029712933099959527,-0.0034263777417917543
9.970614351700387,9.958429367059175,-0.0293856482996122,-0.04157063294082574
9.970941981379665,9.970289126215443,-0.02905801862033551,-0.02971087378455641
9.971269952092708,9.993650815042013,-0.028730047907291112,-0.006349184957987652
9.971598259990357,9.97941770706476,-0.02840174000964348,-0.020582292935239974
9.971926901219486,9.966227166333969,-0.028073098780514047,-0.03377283366603185
9.972255871923064,9.958466982449306,-0.027744128076936655,-0.04153301755069457
9.972585168240188,9.991207611566598,-0.027414831759811728,-0.008792388433402208
9.97291478630614,9.966251247798722,-0.027085213693861174,-0.033748752201277876
9.973244722252417,9.948444585957706,-0.02675527774758329,-0.05155541404229451
9.973574972206793,9.98492617805654,-0.026425027793206792,-0.015073821943459942
9.973905532293355,9.939680158182076,-0.02609446770664602,-0.06031984181792299
9.974236398632545,9.980010968101375,-0.025763601367454786,-0.019989031898625127
9.974567567341218,9.961408347121147,-0.025432432658781513,-0.03859165287885336
9.974899034532678,9.960874341892016,-0.02510096546732298,-0.039125658107984795
9.97523079631672,9.967912550145924,-0.02476920368327939,-0.03208744985407561
9.975562848799692,9.982542423272571,-0.024437151200308052,-0.017457576727429147
9.975895188084522,10.003740970189424,-0.02410481191547833,0.0037409701894245556
9.976227810270775,9.977794747337306,-0.02377218972922533,-0.022205252662693627
9.976560711454695,9.961690490762715,-0.02343928854530437,-0.03830950923728488
9.976893887729254,9.998862933941835,-0.023106112270745438,-0.001137066058164389
9.977227335184192,9.974845990335496,-0.022772664815806722,-0.025154009664505005
9.97756104990607,9.964016945532276,-0.022438950093929405,-0.035983054467723576
9.97789502797831,9.985163815571893,-0.022104972021691056,-0.014836184428107087
9.97822926548124,9.922010888142326,-0.021770734518760354,-0.07798911185767307
9.97856375849215,9.983030318862633,-0.021436241507850375,-0.01696968113736597
9.978898503085327,10.00765077195153,-0.021101496914673275,0.007650771951529654
9.979233495332107,10.015264678296722,-0.020766504667893503,0.015264678296722477
9.979568731300917,9.966500019699353,-0.0204312686990824,-0.03349998030064727
9.979904207057329,9.962536818193517,-0.020095792942671428,-0.03746318180648406
9.980239918664093,9.97770746103154,-0.019760081335906288,-0.02229253896845999
9.9805758621812,9.993603063499437,-0.019424137818800945,-0.006396936500562627
9.98091203366591,10.019010714125406,-0.019087966334090777,0.019010714125405993
9.981248429172814,9.982277968990422,-0.018751570827187022,-0.017722031009577508
9.98158504475387,9.965123120059346,-0.018414955246129763,-0.034876879940654
9.981921876458458,9.966842632814766,-0.018078123541542267,-0.033157367185234626
9.982258920333416,9.996672151809685,-0.017741079666583975,-0.003327848190315362
9.982596172423095,9.963598410976898,-0.017403827576904753,-0.036401589023101935
9.982933628769402,9.994986936462052,-0.017066371230597788,-0.005013063537947315
9.983271285411845,9.986712921068095,-0.016728714588153847,-0.01328707893190382
9.983609138387585,9.999807565214338,-0.016390861612414168,-0.00019243478566180472
9.983947183731475,10.001390499636834,-0.016052816268524207,0.0013904996368334192
9.984285417476112,9.994296896035154,-0.01571458252388738,-0.005703103964845784
9.984623835651883,9.987491910993379,-0.015376164348117886,-0.012508089006621273
9.984962434287006,9.992284156931708,-0.015037565712994805,-0.007715843068292129
9.985301209407584,9.999542187567851,-0.014698790592414801,-0.0004578124321494674
9.985640157037654,10.030798716281758,-0.014359842962346173,0.030798716281758745
9.985979273199218,9.961360541918506,-0.014020726800781489,-0.03863945808149451
9.986318553912309,9.98812945330154,-0.01368144608769161,-0.011870546698461406
9.986657995195023,9.993652027697143,-0.013342004804978361,-0.006347972302856779
9.986997593063572,9.997626482446051,-0.013002406936428054,-0.0023735175539477075
9.987337343532335,10.021705408939573,-0.012662656467665016,0.02170540893957185
9.987677242613897,10.011609256318248,-0.01232275738610417,0.011609256318248884
9.988017286319096,10.004602034266098,-0.011982713680904967,0.004602034266097697
9.988357470657077,9.973646487843448,-0.01164252934292385,-0.02635351215655289
9.988697791635332,10.010407505634072,-0.011302208364668123,0.01040750563407251
9.989038245259751,9.99040079307808,-0.01096175474024839,-0.009599206921918587
9.989378827534667,9.993497832571476,-0.010621172465332382,-0.0065021674285242765
9.989719534462903,9.972704871868576,-0.010280465537097362,-0.02729512813142486
9.990060362045815,9.995374050824148,-0.00993963795418391,-0.004625949175851572
9.990401306283351,9.984142584536727,-0.009598693716648387,-0.0158574154632733
9.990742363174084,9.9744686817954,-0.009257636825916243,-0.025531318204600202
9.991083528715265,9.988098863729526,-0.008916471284735331,-0.011901136270474516
9.991424798902871,9.955255837844982,-0.008575201097128301,-0.044744162155017364
9.991766169731653,9.96861778640405,-0.00823383026834632,-0.03138221359595002
9.99210763719518,9.982299992957298,-0.007892362804821355,-0.017700007042702675
9.99244919728588,9.95527662332511,-0.007550802714119867,-0.04472337667488939
9.992790845995104,9.99049055860095,-0.007209154004895059,-0.009509441399050425
9.99313257931316,10.023611566258023,-0.006867420686840544,0.02361156625802202
9.993474393229357,10.006289147869122,-0.006525606770642574,0.006289147869122632
9.993816283732066,10.011294953271785,-0.006183716267933683,0.011294953271785044
9.994158246808755,9.951862473269598,-0.005841753191244978,-0.04813752673040257
9.99450027844604,9.982203678312638,-0.005499721553959319,-0.01779632168736176
9.994842374629735,9.984536132734837,-0.00515762537026448,-0.015463867265162443
9.995184531344895,9.980744514068396,-0.004815468655105416,-0.019255485931603013
9.995526744575862,9.992706697254228,-0.004473255424137851,-0.007293302745771485
9.99586901030632,9.999873502621757,-0.004130989693680444,-0.00012649737824421258
9.996211324519331,10.059331993624557,-0.003788675480668356,0.05933199362455718
9.996553683197394,10.002825907484674,-0.003446316802605401,0.0028259074846729995
9.996896082322483,10.01329834088214,-0.003103917677517603,0.013298340882139575
9.997238517876095,10.014460749424524,-0.002761482123905329,0.01446074942452407
9.997580985839303,9.979077576837652,-0.002419014160696838,-0.02092242316234917
9.9979234821928,10.006367226153007,-0.002076517807200491,0.006367226153006564
9.998266002916942,10.009305148137328,-0.0017339970830578461,0.009305148137327472
9.998608543991804,9.985672347917854,-0.0013914560081967498,-0.01432765208214591
9.998951101397216,9.989845946585085,-0.0010488986027835355,-0.010154053414915697
9.999293671112824,10.008725137117873,-0.0007063288871765512,0.0087251371178733
9.999636249118122,9.983199463222963,-0.00036375088187826684,-0.01680053677703761
9.99997883139251,10.007633126374019,-2.1168607488797664e-05,0.007633126374019439
10.000321413915342,10.01864945220811,0.0003214139153419931,0.018649452208110845
10.000663992665961,10.008971941062939,0.0006639926659609711,0.008971941062939153
10.00100656362376,9.96618162246333,0.0010065636237595401,-0.033818377536670274
10.00134912276822,9.965090253962833,0.0013491227682205632,-0.0349097460371672
10.001691666078965,9.997486831381423,0.0016916660789652817,-0.0025131686185779194
10.0020341895358,10.003493549121956,0.002034189535801121,0.0034935491219547973
10.002376689118767,9.991206816779572,0.0023766891187681637,-0.008793183220427415
10.002719160808187,9.985558412280694,0.0027191608081870385,-0.01444158771930634
10.003061600584706,10.002250488856593,0.0030616005847053855,0.00225048885659341
10.003404004429346,10.010170636515783,0.003404004429345739,0.01017063651578292
10.003746368323553,10.012640647699676,0.003746368323551988,0.01264064769967653
10.004088688249237,10.03369003983167,0.004088688249237245,0.03369003983167035
10.00443096018883,10.021195807746423,0.004430960188830295,0.021195807746423264
10.004773180125323,10.006811581642433,0.004773180125323371,0.006811581642432847
10.005115344042318,9.964402999224133,0.005115344042319028,-0.035597000775866736
10.005457447924076,9.97142209656096,0.005457447924077017,-0.02857790343903863
10.005799487755562,9.990687811759516,0.005799487755562036,-0.009312188240484721
10.00614145952249,9.986292465440963,0.006141459522490145,-0.013707534559037322
10.006483359211376,10.039434362677113,0.006483359211376579,0.03943436267711271
10.006825182809582,10.014159770509236,0.006825182809582154,0.01415977050923711
10.007166926305361,10.019682616036519,0.007166926305361057,0.019682616036519683
10.007508585687907,10.018718536486128,0.007508585687907236,0.018718536486128978
10.007850156947402,9.99579617887929,0.007850156947402166,-0.004203821120709156
10.008191636075061,9.974769719170983,0.008191636075061208,-0.025230280829018334
10.008533019063181,10.013198579254748,0.008533019063181274,0.013198579254747853
10.008874301905188,9.995942591172133,0.008874301905187605,-0.004057408827867209
10.00921548059568,10.01385423949876,0.009215480595680512,0.0138542394987608
10.009556551130483,10.018038105278286,0.009556551130483025,0.018038105278285685
10.009897509506688,10.01276559604037,0.009897509506687161,0.012765596040370765
10.010238351722702,10.021512409463558,0.01023835172270162,0.021512409463557765
10.010579073778299,10.001976667625478,0.010579073778298038,0.0019766676254768245
10.010919671674658,9.989830328055488,0.01091967167465865,-0.01016967194451171
10.011260141414423,9.973930067595594,0.011260141414422503,-0.02606993240440624
10.011600479001734,10.005913023323801,0.011600479001733081,0.0059130233238016
10.011940680442285,10.044543997980684,0.0119406804422845,0.04454399798068366
10.01228074174337,10.015385810593646,0.012280741743368998,0.015385810593646344
10.012620658913924,10.005251047629264,0.012620658913923536,0.005251047629263567
10.012960427964577,10.015736702238101,0.012960427964576367,0.015736702238101526
10.013300044907695,10.037401242243671,0.013300044907694479,0.03740124224367212
10.01363950575743,10.001667408027215,0.013639505757429683,0.0016674080272155289
10.013978806529765,10.044660847415157,0.01397880652976611,0.04466084741515684
10.014317943242567,9.989244625410622,0.014317943242566248,-0.01075537458937827
10.014656911915619,9.991353897889331,0.014656911915618399,-0.008646102110668429
10.014995708570682,9.999426390533898,0.014995708570682668,-0.0005736094661024371
10.015334329231539,10.035230901350346,0.015334329231538374,0.035230901350345144
10.01567276992403,9.993054035421356,0.01567276992403001,-0.006945964578645224
10.016011026676114,10.028793274885816,0.01601102667611448,0.028793274885816428
10.016349095517908,10.018273693652002,0.016349095517907492,0.01827369365200199
10.01668697248173,10.047983029109234,0.01668697248172984,0.047983029109234424
10.017024653602155,9.990153727542586,0.01702465360215463,-0.009846272457414838
10.017362134916054,10.06065691469154,0.017362134916053075,0.06065691469153944
10.017699412462642,10.043678008085495,0.01769941246264174,0.04367800808549477
10.018036482283529,9.975524811888905,0.018036482283528305,-0.024475188111096113
10.018373340422759,10.012989262021218,0.018373340422758747,0.012989262021218771
10.018709982926863,10.04644088575067,0.018709982926863048,0.046440885750669195
10.019046405844902,9.971128339173895,0.019046405844902203,-0.02887166082610502
10.019382605228515,9.995694282151556,0.019382605228514344,-0.0043057178484436805
10.019718577131961,10.020704384542087,0.019718577131960815,0.02070438454208743
10.020054317612173,10.01269960470483,0.020054317612173068,0.012699604704829998
10.020389822728799,9.993964577870036,0.02038982272879828,-0.006035422129963233
10.020725088544246,10.058981461714716,0.020725088544246262,0.0589814617147148
10.021060111123735,9.994852625900528,0.021060111123734987,-0.005147374099471663
10.021394886535337,10.030503389118207,0.021394886535337485,0.03050338911820671
10.021729410850027,10.008851034003223,0.02172941085002725,0.008851034003223316
10.022063680141725,9.950982944012246,0.022063680141725096,-0.04901705598775481
10.022397690487345,10.04094180427469,0.02239769048734451,0.040941804274689006
10.022731437966838,10.052682782991031,0.022731437966838297,0.05268278299103191
10.023064918663245,10.018143278105523,0.02306491866324436,0.018143278105522707
10.02339812866273,9.99898223477076,0.023398128662731374,-0.0010177652292398948
10.023731064054646,10.047796700104323,0.02373106405464535,0.047796700104322326
10.024063720931554,10.06613145030756,0.02406372093155483,0.06613145030755976
10.024396095389298,10.01594870188789,0.024396095389297434,0.015948701887890635
10.024728183527024,9.992914349448009,0.024728183527024994,-0.00708565055199166
10.02505998144725,10.001624932055478,0.02505998144725004,0.0016249320554784334
10.025391485255891,10.0247562136269,0.025391485255890817,0.024756213626899334
10.025722691062319,10.047764529848294,0.025722691062317723,0.04776452984829489
10.026053594979398,10.018713731381771,0.02605359497939822,0.018713731381770318
10.026384193123544,10.003352284166569,0.026384193123543138,0.0033522841665683464
10.026714481614752,10.008876724130772,0.026714481614751918,0.008876724130771507
10.027044456576657,10.045333771443305,0.027044456576657938,0.04533377144330433
10.027374114136574,10.063766494270883,0.02737411413657459,0.06376649427088327
10.02770345042554,10.013742231409394,0.027703450425540052,0.01374223140939434
10.028032461578363,10.031167790140985,0.028032461578363383,0.031167790140985967
10.028361143733669,10.059489032828157,0.028361143733669186,0.059489032828156554
10.028689493033944,10.016841277591936,0.028689493033943633,0.01684127759193654
10.029017505625578,10.032292628021434,0.029017505625579032,0.032292628021433414
10.02934517765892,10.043791973550341,0.02934517765891976,0.04379197355034214
10.029672505288307,10.05952507718018,0.029672505288306734,0.059525077180179006
10.029999484672123,10.036274495934096,0.02999948467212317,0.036274495934096734
10.030326111972839,10.04424794307375,0.03032611197283938,0.044247943073749574
10.030652383357058,10.03122275580753,0.030652383357057607,0.031222755807529756
10.030978294995558,10.072110957611425,0.03097829499555755,0.07211095761142441
10.031303843063341,10.031197395393765,0.03130384306334067,0.03119739539376365
10.031629023739676,10.024429166506145,0.031629023739675736,0.024429166506145995
10.031953833208142,10.024903959350219,0.031953833208143,0.02490395935021892
10.032278267656679,10.055498205709439,0.032278267656679654,0.05549820570943931
10.032602323277624,10.026486613293104,0.032602323277623926,0.02648661329310332
10.03292599626776,9.990649963711032,0.03292599626776029,-0.00935003628896832
10.033249282828365,10.025714207311955,0.033249282828363924,0.02571420731195543
10.033572179165246,10.056585201714054,0.03357217916524501,0.056585201714053096
10.033894681488794,10.04510812239347,0.033894681488793835,0.04510812239347052
10.034216786014024,10.032641901067777,0.03421678601402461,0.03264190106777594
10.03453848896062,10.047062501411876,0.03453848896062057,0.04706250141187607
10.034859786552978,10.038758941138152,0.03485978655297767,0.03875894113815276
10.03518067502025,10.022861584529943,0.03518067502024956,0.022861584529944082
10.03550115059639,10.075629632667129,0.03550115059639116,0.0756296326671285
10.035821209520204,10.018430498249996,0.03582120952020355,0.018430498249996666
10.036140848035377,10.036741414455616,0.036140848035377426,0.036741414455616475
10.036460062390537,10.041562979445848,0.036460062390537805,0.041562979445846984
10.036778848839289,10.039071783066854,0.03677884883928774,0.039071783066853036
10.037097203640252,10.042771407201949,0.03709720364025209,0.04277140720194873
10.037415123057121,10.046136466185379,0.037415123057121996,0.04613646618537966
10.037732603358698,10.012378957783675,0.037732603358698075,0.012378957783674673
10.038049640818935,10.044103257408365,0.03804964081893485,0.04410325740836393
10.038366231716983,10.05242679019934,0.038366231716983855,0.05242679019933899
10.038682372337238,10.045612682744824,0.038682372337237925,0.04561268274482401
10.038998058969375,10.04545526652313,0.038998058969374166,0.0454552665231301
10.039313287908397,10.024708305579143,0.03931328790839817,0.024708305579142505
10.039628055454687,10.044613450693568,0.03962805545468682,0.04461345069356832
10.039942357914033,10.076837823452843,0.03994235791403228,0.0768378234528429
10.040256191597685,10.054061959614492,0.04025619159768511,0.05406195961449196
10.040569552822397,10.051934837996617,0.04056955282239736,0.05193483799661761
10.040882437910467,10.058624022911014,0.04088243791046629,0.0586240229110139
10.041194843189777,10.044319203389808,0.04119484318977693,0.044319203389807695
10.041506764993846,10.05069144860569,0.04150676499384583,0.05069144860568915
10.041818199661863,10.046530632441142,0.0418181996618634,0.046530632441142715
10.042129143538737,10.038536498685458,0.04212914353873756,0.0385364986854586
10.042439592975136,10.057296207085555,0.04243959297513602,0.05729620708555452
10.04274954432753,10.099013674055152,0.04274954432752966,0.09901367405515153
10.043058993958235,10.055669422738822,0.04305899395823473,0.05566942273882092
10.043367938235455,10.058776779477986,0.0433679382354561,0.05877677947798545
10.04367637353333,10.031694251045154,0.043676373533329586,0.03169425104515498
10.043984296231965,10.069367460757856,0.043984296231964315,0.06936746075785663
10.044291702717485,10.006312243128074,0.04429170271748576,0.006312243128072964
10.044598589382078,10.053459009637512,0.0445985893820775,0.05345900963751159
10.044904952624025,10.053941475949914,0.04490495262402423,0.05394147594991431
10.045210788847754,10.036207206865415,0.04521078884775335,0.03620720686541553
10.045516094463878,10.030446963447002,0.04551609446387783,0.030446963447000833
10.045820865889239,10.053825210522767,0.0458208658892377,0.053825210522767404
10.046125099546943,10.020849473183816,0.046125099546942744,0.020849473183815085
10.046428791866413,10.022865062515788,0.0464287918664138,0.02286506251578676
10.046731939283426,10.067571766584095,0.046731939283425304,0.06757176658409483
10.047034538240148,10.064929647179097,0.04703453824014678,0.06492964717909647
10.047336585185185,10.050318888445299,0.04733658518518446,0.05031888844529938
10.047638076573623,10.025281095119443,0.04763807657362343,0.025281095119442338
10.047939008867068,10.027217586569028,0.04793900886706866,0.027217586569028916
10.048239378533687,10.03988267682311,0.048239378533687156,0.03988267682311026
10.048539182048248,10.03906274768491,0.04853918204824875,0.039062747684910346
10.048838415892169,10.05682456391873,0.048838415892168134,0.05682456391872858
10.049137076553546,10.040456458842392,0.049137076553545496,0.04045645884239153
10.049435160527208,10.074496002040133,0.04943516052720834,0.07449600204013257
10.049732664314753,10.048716138612123,0.049732664314752296,0.04871613861212334
10.050029584424582,10.026524689452941,0.050029584424582066,0.026524689452941428
10.050325917371953,10.005342741116884,0.05032591737195285,0.005342741116883584
10.050621659679011,10.075993047693336,0.05062165967901064,0.07599304769333651
10.050916807874835,10.076677841471655,0.05091680787483369,0.07667784147165499
10.051211358495472,10.046581826257023,0.05121135849547264,0.04658182625702413
10.051505308083991,10.036788032820883,0.05150530808399171,0.03678803282088352
10.05179865319051,10.054572147314568,0.05179865319050876,0.054572147314568685
10.052091390372237,10.060667718254923,0.052091390372236306,0.06066771825492263
10.05238351619352,10.029257114209681,0.05238351619352136,0.029257114209680635
10.052675027225886,10.073942070588268,0.05267502722588629,0.0739420705882678
10.052965920048068,10.053842247623955,0.052965920048068785,0.05384224762395422
10.053256191246062,10.075261785328589,0.05325619124606184,0.07526178532858865
10.053545837413154,10.02904257650777,0.0535458374131543,0.029042576507769705
10.05383485514997,10.030468960062837,0.05383485514997027,0.03046896006283716
10.05412324106451,10.038696271792048,0.05412324106450962,0.03869627179204764
10.054410991772187,10.054722403911404,0.05441099177218716,0.054722403911404434
10.054698103895873,10.02507543718234,0.05469810389587298,0.02507543718233883
10.054984574065932,10.07104021660634,0.05498457406593149,0.07104021660634084
10.055270398920262,10.027753653544412,0.05527039892026159,0.02775365354441185
10.055555575104336,10.054994174948026,0.055555575104335446,0.05499417494802608
10.055840099271238,10.08109507026824,0.0558400992712385,0.08109507026823991
10.056123968081708,10.110825417332382,0.05612396808170842,0.11082541733238185
10.056407178204173,10.057361529854099,0.05640717820417415,0.05736152985409796
10.056689726314795,10.084092922865633,0.05668972631479546,0.0840929228656324
10.056971609097502,10.058403629849696,0.056971609097501444,0.05840362984969677
10.05725282324403,10.033966513817152,0.057252823244029916,0.033966513817152
10.057533365453965,10.048773654210644,0.05753336545396577,0.04877365421064437
10.05781323243478,10.073922221044937,0.05781323243478023,0.07392222104493575
10.058092420901868,10.05466425512823,0.058092420901868905,0.05466425512823094
10.058370927578592,10.043963860377593,0.05837092757859097,0.0439638603775936
10.058648749196307,10.043721610184843,0.058648749196306985,0.04372161018484283
10.058925882494417,10.07995568799033,0.0589258824944178,0.07995568799032922
10.059202324220403,10.057236190847856,0.05920232422040257,0.05723619084785651
10.059478071129856,10.05893392490323,0.05947807112985679,0.058933924903229955
10.059753119986532,10.04629702067951,0.05975311998653076,0.04629702067951133
10.060027467562367,10.06163863193062,0.06002746756236709,0.0616386319306207
10.060301110637539,10.010277119438557,0.06030111063753912,0.010277119438557476
10.060574046000488,10.080121128722052,0.0605740460004881,0.08012112872205188
10.060846270447962,10.091200155040601,0.06084627044796157,0.09120015504060225
10.06111778078505,10.050921460176221,0.061117780785050216,0.05092146017622071
10.061388573825226,10.063235825309217,0.06138857382522603,0.06323582530921801
10.061658646390379,10.060970856875713,0.06165864639037936,0.060970856875713526
10.061927995310857,10.00345720682021,0.06192799531085609,0.0034572068202104317
10.062196617425496,10.058985113479967,0.06219661742549531,0.058985113479965795
10.062464509581666,10.07901456125669,0.06246450958166581,0.07901456125669071
10.062731668635303,10.052684709896502,0.06273166863530369,0.05268470989650129
10.062998091450948,10.09411865231464,0.0629980914509487,0.09411865231463945
10.063263774901781,10.073368431323583,0.06326377490178157,0.07336843132358258
10.06352871586966,10.05963124974949,0.06352871586966015,0.059631249749490293
10.063792911245157,10.087459540747695,0.06379291124515661,0.08745954074769441
10.064056357927594,10.109204371481612,0.06405635792759329,0.10920437148161163
10.06431905282508,10.069040517230544,0.06431905282507969,0.06904051723054352
10.064580992854548,10.076546378209681,0.06458099285454842,0.07654637820968162
10.064842174941791,10.093743116775393,0.06484217494179133,0.09374311677539321
10.065102596021497,10.08626267245947,0.06510259602149586,0.08626267245947102
10.06536225303728,10.027100645906355,0.06536225303728074,0.027100645906355282
10.065621142941731,10.041362410282911,0.06562114294173214,0.04136241028291136
10.06587926269644,10.06038113613462,0.06587926269643911,0.060381136134620206
10.06613660927203,10.070983992846001,0.06613660927202956,0.07098399284600118
10.066393179648205,10.066351786177611,0.06639317964820553,0.06635178617761094
10.066648970813779,10.051291891875124,0.06664897081377895,0.05129189187512356
10.066903979766707,10.082899916179926,0.06690397976670656,0.0828999161799259
10.067158203514126,10.104167473314604,0.06715820351412562,0.10416747331460333
10.06741163907239,10.055688566986756,0.06741163907238874,0.05568856698675659
10.0676642834671,10.062886864913182,0.06766428346709881,0.0628868649131813
10.067916133733144,10.076641142532049,0.0679161337331443,0.07664114253204957
10.068167186914733,10.059752944563217,0.06816718691473356,0.05975294456321701
10.06841744006543,10.047103008583804,0.06841744006543002,0.047103008583804645
10.068666890248187,10.066255806921161,0.06866689024818626,0.06625580692116056
10.068915534535378,10.03377476645863,0.06891553453537899,0.03377476645862904
10.069163370008843,10.092528427580449,0.06916337000884291,0.0925284275804498
10.069410393759906,10.039633544223506,0.06941039375990546,0.03963354422350587
10.06965660288942,10.05875674592833,0.06965660288942042,0.05875674592832983
10.069901994507802,10.03952652021069,0.06990199450780246,0.03952652021069002
10.07014656573506,10.07571276663465,0.07014656573506077,0.07571276663465042
10.070390313700832,10.086311318315282,0.07039031370083271,0.0863113183152823
10.070633235544419,10.064547144054453,0.07063323554441796,0.06454714405445247
10.070875328414811,10.070936224644681,0.07087532841481153,0.07093622464468152
10.071116589470737,10.031175314918164,0.07111658947073785,0.031175314918163534
10.071357015880684,10.072588665374711,0.07135701588068342,0.07258866537471062
10.07159660482293,10.058806687868906,0.07159660482293072,0.05880668786890496
10.071835353485591,10.071812526006637,0.07183535348559075,0.07181252600663686
10.072073259066636,10.08533976484024,0.07207325906663652,0.08533976484023989
10.072310318773935,10.063401858074268,0.07231031877393543,0.06340185807426783
10.072546529825283,10.101457003058867,0.07254652982528255,0.10145700305886651
10.072781889448432,10.102664285874354,0.07278188944843302,0.10266428587435367
10.073016394881135,10.082969896490116,0.07301639488113439,0.08296989649011688
10.073250043371159,10.104055349333402,0.07325004337115952,0.10405534933340152
10.073482832176339,10.114250661575605,0.07348283217633837,0.11425066157560573
10.073714758564591,10.068142554636154,0.07371475856459063,0.06814255463615332
10.073945819813957,10.101592938331004,0.0739458198139574,0.10159293833100408
10.074176013212634,10.097538442122802,0.07417601321263348,0.0975384421228026
10.074405336058998,10.074430318282795,0.07440533605899884,0.07443031828279605
10.07463378566165,10.089991977909325,0.07463378566165069,0.08999197790932376
10.074861359339435,10.087129566647983,0.07486135933943489,0.08712956664798245
10.075088054421478,10.072713713512242,0.07508805442147722,0.0727137135122415
10.075313868247216,10.082555649883165,0.07531386824721521,0.08255564988316452
10.075538798166429,10.074162317070144,0.07553879816642882,0.07416231707014304
10.075762841539271,10.083835532925796,0.07576284153927203,0.08383553292579671
10.075985995736303,10.08956274913224,0.07598599573630338,0.08956274913223919
10.076208258138518,10.068348989077178,0.0762082581385173,0.06834898907717807
10.076429626137374,10.082333019330195,0.07642962613737432,0.0823330193301942
10.076650097134833,10.057091336966108,0.07665009713483224,0.0570913369661083
10.076869668543376,10.10541994426321,0.07686966854337607,0.10541994426320953
10.07708833778605,10.088709384850835,0.07708833778604886,0.08870938485083463
10.077306102296482,10.045055564636492,0.07730610229648176,0.04505556463649196
10.077522959518923,10.042552763637383,0.07752295951892395,0.04255276363738316
10.077738906908273,10.053486262442958,0.07773890690827305,0.053486262442957455
10.077953941930105,10.07698443249121,0.07795394193010453,0.07698443249120997
10.078168062060701,10.112677314255654,0.07816806206070194,0.11267731425565494
10.078381264787087,10.099244587391835,0.07838126478708599,0.09924458739183523
10.078593547607044,10.06958950631432,0.07859354760704458,0.06958950631432051
10.078804908029161,10.095919738361841,0.07880490802916172,0.09591973836184164
10.079015343572847,10.084873759613403,0.07901534357284712,0.08487375961340247
10.079224851768364,10.114426153907496,0.07922485176836497,0.11442615390749677
10.079433430156863,10.111664636991721,0.07943343015686324,0.11166463699172134
10.079641076290402,10.045674033860594,0.07964107629040244,0.0456740338605951
10.079847787731984,10.089982959273241,0.0798477877319841,0.08998295927324083
10.08005356205558,10.079757668089385,0.08005356205557983,0.0797576680893856
10.08025839684616,10.069194080235297,0.08025839684615929,0.06919408023529694
10.08046228969972,10.058149002749245,0.08046228969971903,0.05814900274924395
10.080665238223311,10.100126680156206,0.08066523822331023,0.10012668015620704
10.080867240035067,10.079797740128408,0.08086724003506726,0.0797977401284068
10.081068292764234,10.067636224945094,0.08106829276423512,0.06763622494509375
10.081268394051198,10.068317024060228,0.0812683940511978,0.06831702406022852
10.081467541547505,10.090091977633984,0.08146754154750546,0.09009197763398384
10.081665732915903,10.095808593271986,0.08166573291590241,0.09580859327198543
10.081862965830354,10.080207047058652,0.08186296583035436,0.08020704705865127
10.082059237976075,10.110508444435322,0.08205923797607559,0.11050844443532232
10.082254547049557,10.063631127633231,0.08225454704955643,0.0636311276332305
10.08244889075859,10.101079256354648,0.08244889075858997,0.10107925635464807
10.0826422668223,10.107920894781625,0.08264226682229922,0.10792089478162467
10.082834672971163,10.043519672584324,0.08283467297116366,0.04351967258432452
10.083026106947045,10.065628865664035,0.08302610694704615,0.06562886566403553
10.08321656650322,10.066471265683758,0.0832165665032191,0.06647126568375794
10.083406049404392,10.096993147150815,0.08340604940439107,0.09699314715081489
10.083594553426733,10.067105323425315,0.08359455342673305,0.0671053234253156
10.083782076357904,10.085890948728908,0.08378207635790424,0.08589094872890837
10.083968615997078,10.082399581547572,0.08396861599707842,0.08239958154757226
10.084154170154969,10.112779813358134,0.0841541701549694,0.11277981335813436
10.084338736653857,10.055783258741121,0.08433873665385712,0.055783258741121666
10.084522313327613,10.095760894227869,0.08452231332761276,0.09576089422786953
10.084704898021725,10.073915919597823,0.08470489802172458,0.07391591959782243
10.084886488593323,10.071499426556283,0.08488648859332285,0.07149942655628322
10.085067082911205,10.088165727684615,0.08506708291120534,0.08816572768461528
10.085246678855862,10.106844331011748,0.08524667885586196,0.10684433101174835
10.0854252743195,10.069525257546992,0.08542527431949998,0.06952525754699282
10.085602867206068,10.088072978194297,0.08560286720606865,0.08807297819429699
10.085779455431284,10.119624262600572,0.08577945543128357,0.11962426260057185
10.085955036922652,10.07615758357857,0.0859550369226516,0.07615758357857008
10.086129609619494,10.09957333741702,0.08612960961949473,0.0995733374170199
10.086303171472975,10.099963631570535,0.0863031714729746,0.09996363157053512
10.086475720446117,10.09199105823862,0.08647572044611632,0.0919910582386198
10.086647254513833,10.067044925673834,0.0866472545138326,0.06704492567383458
10.086817771662947,10.092492304706928,0.08681777166294723,0.09249230470692757
10.08698726989222,10.103346252914047,0.08698726989221903,0.1033462529140464
10.087155747212366,10.097102891818924,0.087155747212365,0.0971028918189239
10.087323201646084,10.096091521493081,0.087323201646084,0.0960915214930806
10.08748963122808,10.103735683770068,0.08748963122807976,0.10373568377006903
10.087655034005083,10.114734754882841,0.08765503400508386,0.11473475488284163
10.087819408035879,10.103751861775446,0.08781940803587897,0.10375186177544587
10.087982751391321,10.071683482149986,0.08798275139132126,0.07168348214998657
10.088145062154364,10.076767959879321,0.08814506215436337,0.07676795987932045
10.088306338420077,10.070897870125286,0.08830633842007661,0.07089787012528563
10.088466578295673,10.107382518801218,0.08846657829567361,0.10738251880121892
10.08862577990053,10.088755134420953,0.08862577990053028,0.08875513442095265
10.088783941366207,10.106332337498594,0.0887839413662081,0.1063323374985938
10.088941060836476,10.08536290401644,0.0889410608364758,0.08536290401643998
10.08909713646733,10.058632711679396,0.0890971364673314,0.05863271167939587
10.089252166427023,10.110215000492598,0.08925216642702374,0.1102150004925979
10.089406148896074,10.09300482116295,0.08940614889607386,0.09300482116294953
10.089559082067296,10.088408575862472,0.08955908206729662,0.08840857586247206
10.089710964145821,10.138399541482881,0.08971096414582164,0.13839954148288072
10.089861793349115,10.080905276624891,0.08986179334911458,0.08090527662489176
10.090011567906998,10.100937304858656,0.09001156790699782,0.10093730485865635
10.090160286061671,10.071112161392781,0.0901602860616716,0.071112161392782
10.090307946067734,10.093294478334755,0.09030794606773421,0.09329447833475507
10.090454546192202,10.113688388136936,0.09045454619220283,0.11368838813693502
10.090600084714534,10.098115971886639,0.09060008471453368,0.09811597188663891
10.090744559926643,10.093744082127326,0.09074455992664228,0.09374408212732564
10.090887970132924,10.08168812474826,0.09088797013292353,0.08168812474825972
10.091030313650272,10.094634144619292,0.09103031365027144,0.09463414461929151
10.091171588808098,10.09430364900243,0.09117158880809915,0.09430364900243066
10.091311793948359,10.073857283466383,0.09131179394835828,0.07385728346638303
10.091450927425559,10.106460666626013,0.0914509274255586,0.10646066662601256
10.091588987606787,10.094074390205192,0.09158898760678712,0.09407439020519212
10.091725972871728,10.094809487188032,0.09172597287172753,0.09480948718803256
10.09186188161268,10.114460137480762,0.09186188161267893,0.11446013748076239
10.091996712234575,10.073399595323275,0.0919967122345749,0.07339959532327495
10.092130463155002,10.092115496974301,0.0921304631550022,0.09211549697430156
10.09226313280422,10.033146361331147,0.09226313280421916,0.03314636133114668
10.092394719625174,10.060226798311705,0.0923947196251744,0.06022679831170462
10.092525222073524,10.10929101725272,0.09252522207352479,0.10929101725272025
10.092654638617654,10.087096541396434,0.09265463861765386,0.08709654139643454
10.092782967738689,10.108440519057236,0.09278296773868953,0.10844051905723562
10.092910207930522,10.0905684039397,0.09291020793052215,0.09056840393970025
10.093036357699821,10.088669996782414,0.09303635769982199,0.08866999678241418
10.093161415566057,10.091080215894463,0.09316141556605692,0.09108021589446251
10.09328538006151,10.091180317656214,0.09328538006150966,0.09118031765621293
10.093408249731295,10.108832224189083,0.09340824973129508,0.10883222418908248
10.093530023133377,10.074912473560024,0.09353002313337733,0.07491247356002415
10.093650698838587,10.10494379221254,0.09365069883858654,0.10494379221253906
10.093770275430636,10.13699889352628,0.09377027543063593,0.13699889352627992
10.093888751506139,10.105788055759204,0.09388875150613805,0.10578805575920476
10.094006125674621,10.107925590288636,0.09400612567462163,0.10792559028863559
10.094122396558548,10.100936509359139,0.0941223965585476,0.1009365093591395
10.094237562793326,10.102144158615511,0.09423756279332543,0.10214415861551039
10.094351623027329,10.145898740487374,0.09435162302732902,0.14589874048737433
10.094464575921913,10.102096732482613,0.09446457592191276,0.1020967324826124
10.094576420151427,10.091335514339498,0.09457642015142698,0.09133551433949799
10.094687154403234,10.103612402169494,0.09468715440323366,0.10361240216949495
10.094796777377722,10.089682347910944,0.09479677737772196,0.08968234791094461
10.094905287788324,10.079816377295005,0.09490528778832313,0.07981637729500499
10.095012684361526,10.083193197224388,0.09501268436152599,0.08319319722438696
10.09511896583689,10.078210710983122,0.0951189658368915,0.07821071098312113
10.095224130967068,10.081648292300342,0.09522413096706793,0.08164829230034186
10.095328178517805,10.082496531359276,0.0953281785178052,0.08249653135927597
10.09543110726797,10.102636878363725,0.09543110726796956,0.10263687836372487
10.095532916009558,10.113957911785217,0.09553291600955778,0.1139579117852175
10.09563360354771,10.118348122688591,0.09563360354771147,0.1183481226885902
10.09573316870073,10.088766927392925,0.09573316870073091,0.08876692739292534
10.09583161030009,10.090717102256175,0.09583161030008915,0.09071710225617512
10.095928927190446,10.086563168987835,0.09592892719044557,0.08656316898783452
10.09602511822966,10.1154576345401,0.09602511822965942,0.11545763454009883
10.096120182288804,10.084903687609842,0.0961201822888034,0.08490368760984227
10.096214118252176,10.138008041447318,0.09621411825217664,0.13800804144731843
10.096306925017318,10.100223341525965,0.09630692501731809,0.10022334152596377
10.09639860149502,10.108493316864394,0.09639860149501922,0.10849331686439338
10.096489146609336,10.081715764952802,0.09648914660933698,0.08171576495280285
10.096578559297607,10.093137059651466,0.09657855929760623,0.09313705965146658
10.096666838510453,10.106091364845463,0.09666683851045242,0.10609136484546285
10.096753983211803,10.116634949339995,0.09675398321180381,0.11663494933999374
10.096839992378904,10.068625581610796,0.09683999237890359,0.06862558161079531
10.096924865002322,10.12527601479734,0.09692486500232196,0.12527601479733988
10.097008600085967,10.085608302623497,0.09700860008596791,0.08560830262349585
10.097091196647101,10.11331702185049,0.09709119664710099,0.1133170218504896
10.097172653716342,10.084137289746636,0.09717265371634275,0.0841372897466361
10.097252970337689,10.109510663114047,0.0972529703376882,0.10951066311404714
10.097332145568517,10.089328542683532,0.09733214556851695,0.08932854268353144
10.097410178479604,10.13497779204514,0.0974101784796044,0.13497779204513902
10.097487068155132,10.091769660341788,0.09748706815513246,0.09176966034178767
10.0975628136927,10.083277412773606,0.09756281369270045,0.08327741277360616
10.097637414203335,10.095009055557744,0.0976374142033357,0.09500905555774389
10.097710868811504,10.092406246033274,0.09771086881150381,0.09240624603327352
10.097783176655119,10.100196490488333,0.09778317665511913,0.10019649048833264
10.097854336885554,10.084501410667688,0.09785433688555473,0.08450141066768731
10.097924348667652,10.10312396520805,0.09792434866765248,0.10312396520805094
10.097993211179732,10.088713283732098,0.09799321117973273,0.08871328373209732
10.098060923613604,10.070938817293166,0.09806092361360406,0.07093881729316613
10.098127485174572,10.044936182772732,0.09812748517457266,0.04493618277273162
10.098192895081452,10.121713781393192,0.0981928950814518,0.12171378139319083
10.098257152566571,10.098967181204047,0.09825715256657083,0.09896718120404807
10.098320256875784,10.104788910345297,0.09832025687578433,0.10478891034529782
10.09838220726848,10.10274452266057,0.09838220726848089,0.10274452266056958
10.098443003017591,10.104012240725707,0.09844300301759178,0.10401224072570733
10.0985026434096,10.119416006467976,0.09850264340959958,0.1194160064679759
10.098561127744546,10.080355452190773,0.09856112774454642,0.08035545219077225
10.098618455336043,10.088226985745758,0.09861845533604237,0.0882269857457579
10.098674625511274,10.108815882184908,0.09867462551127329,0.10881588218490895
10.098729637611008,10.118629442280609,0.09872963761100889,0.11862944228060958
10.09878349098961,10.090862210931483,0.09878349098961038,0.09086221093148417
10.098836185015038,10.079779839795982,0.09883618501503812,0.07977983979598204
10.098887719068859,10.067707632876923,0.09888771906885892,0.0677076328769221
10.098938092546254,10.115279637310637,0.09893809254625342,0.11527963731063688
10.098987304856022,10.045693083539204,0.09898730485602315,0.045693083539204586
10.099035355420597,10.15309190653378,0.09903535542059741,0.15309190653378016
10.09908224367604,10.097375909158446,0.09908224367604013,0.09737590915844585
10.099127969072056,10.116205135310546,0.09912796907205644,0.11620513531054631
10.099172531072,10.131733702348509,0.09917253107199916,0.13173370234850965
10.099215929152875,10.091692336785828,0.09921592915287507,0.09169233678582735
10.09925816280535,10.086000233033232,0.09925816280535105,0.0860002330332329
10.09929923153376,10.08861844958669,0.09929923153376008,0.08861844958669031
10.099339134856107,10.122451191381908,0.09933913485610703,0.12245119138190812
10.099377872304075,10.092631718792882,0.09937787230407436,0.09263171879288215
10.099415443423027,10.064108073537273,0.09941544342302754,0.06410807353727319
10.09945184777202,10.128204215812927,0.09945184777202049,0.12820421581292632
10.099487084923801,10.140014502164723,0.09948708492380064,0.14001450216472336
10.099521154464814,10.11327728057709,0.09952115446481406,0.11327728057709
10.09955405599521,10.094743446775505,0.09955405599521022,0.09474344677550524
10.099585789128847,10.124876250893392,0.09958578912884672,0.1248762508933923
10.099616353493294,10.097351336610659,0.09961635349329381,0.09735133661065982
10.09964574872984,10.07557902682902,0.09964574872983883,0.07557902682902057
10.09967397449349,10.129077817623601,0.09967397449349029,0.1290778176236016
10.099701030452982,10.091337374156229,0.09970103045298201,0.09133737415622874
10.099726916290777,10.100469336696326,0.09972691629077704,0.10046933669632682
10.099751631703072,10.0835754266249,0.09975163170307125,0.08357542662490079
10.099775176399797,10.13838531644336,0.09977517639979705,0.13838531644335997
10.099797550104627,10.134254086048442,0.09979755010462671,0.13425408604844152
10.099818752554976,10.105723622484824,0.09981875255497558,0.10572362248482314
10.099838783502005,10.101411093860685,0.09983878350200523,0.10141109386068453
10.099857642710626,10.073072651377037,0.0998576427106264,0.07307265137703746
10.099875329959502,10.098333889820454,0.09987532995950163,0.09833388982045459
10.099891845041048,10.090474687049701,0.09989184504104798,0.09047468704970116
10.09990718776144,10.094574174448104,0.09990718776143943,0.09457417444810379
10.099921357940609,10.101295017069143,0.09992135794060913,0.10129501706914304
10.099934355412252,10.12672419399399,0.09993435541225153,0.12672419399399001
10.099946180023824,10.076250063366139,0.09994618002382433,0.07625006336613943
10.09995683163655,10.093085238506806,0.09995683163655032,0.09308523850680597
10.099966310125419,10.09381291228693,0.09996631012541889,0.09381291228693009
10.099974615379187,10.11943127802996,0.0999746153791876,0.11943127802995956
10.099981747300383,10.10972527781941,0.09998174730038349,0.10972527781941013
10.099987705805304,10.090474485292633,0.09998770580530414,0.09047448529263327
10.099992490824018,10.095811496249015,0.0999924908240187,0.09581149624901472
10.099996102300368,10.089805249034045,0.09999610230036877,0.08980524903404523
10.099998540191969,10.102686936778836,0.09999854019196895,0.1026869367788356
10.099999804470208,10.099759472881436,0.09999980447020738,0.09975947288143604
10.099999895120247,10.120522139379359,0.09999989512024614,0.12052213937935927
10.09999881214102,10.0631627460514,0.0999988121410213,0.06316274605140099
10.099996555545243,10.1032860213227,0.09999655554524305,0.10328602132270148
10.099993125359395,10.071357072673853,0.09999312535939547,0.07135707267385286
10.099988521623736,10.084742655683689,0.0999885216237363,0.08474265568368818
10.099982744392296,10.098410183669035,0.09998274439229636,0.09841018366903584
10.09997579373288,10.114259054453694,0.099975793732879,0.11425905445369385
10.099967669727059,10.075680823123431,0.09996766972705928,0.07568082312343172
10.099958372470184,10.085337817270313,0.09995837247018304,0.08533781727031334
10.099947902071365,10.089785923240141,0.09994790207136568,0.08978592324014154
10.099936258653491,10.07647222082349,0.09993625865349101,0.07647222082349037
10.09992344235321,10.085259015259112,0.09992344235320974,0.08525901525911264
10.099909453320938,10.090875972011183,0.09990945332093787,0.0908759720111838
10.099894291720855,10.090423008129472,0.09989429172085494,0.090423008129472
10.099877957730902,10.098391285798051,0.09987795773090213,0.09839128579805205
10.09986045154278,10.09432418067412,0.09986045154278012,0.09432418067411937
10.099841773361947,10.071015756554111,0.09984177336194687,0.07101575655411121
10.099821923407616,10.103174168462475,0.0998219234076152,0.10317416846247573
10.09980090191275,10.116742044635972,0.09980090191275025,0.11674204463597113
10.099778709124067,10.095425960223533,0.09977870912406667,0.09542596022353267
10.099755345302025,10.06660208437182,0.09975534530202579,0.06660208437181875
10.099730810720832,10.11536735559905,0.09973081072083258,0.11536735559904915
10.099705105668432,10.082745618054203,0.09970510566843234,0.0827456180542022
10.099678230446507,10.11501771929427,0.09967823044650742,0.11501771929427015
10.099650185370473,10.095045050559593,0.09965018537047363,0.09504505055959239
10.099620970769477,10.114716626246802,0.09962097076947651,0.11471662624680087
10.099590586986388,10.11874924376537,0.09959058698638751,0.11874924376536963
10.0995590343778,10.109452613239357,0.09955903437780003,0.10945261323935696
10.099526313314025,10.119688465607613,0.09952631331402506,0.11968846560761255
10.099492424179086,10.082993662158524,0.099492424179087,0.0829936621585237
10.09945736737072,10.07735782199425,0.09945736737071909,0.07735782199424901
10.099421143300358,10.097740587086864,0.09942114330035867,0.09774058708686527
10.099383752393143,10.047853652956313,0.09938375239314252,0.04785365295631241
10.099345195087901,10.078984574077895,0.09934519508790172,0.0789845740778941
10.099305471837157,10.096895856428109,0.09930547183715657,0.09689585642810811
10.09926458310711,10.094849593840374,0.09926458310711123,0.09484959384037447
10.099222529377649,10.132224293211287,0.09922252937764833,0.13222429321128662
10.099179311142324,10.081514083288369,0.09917931114232324,0.08151408328836908
10.099134928908358,10.10071752443974,0.09913492890835837,0.10071752443973996
10.099089383196636,10.135760061711744,0.09908938319663713,0.13576006171174426
10.099042674541698,10.109703925229764,0.09904267454169792,0.1097039252297643
10.098994803491728,10.080392618611414,0.09899480349172773,0.08039261861141436
10.098945770608555,10.084263861337234,0.09894577060855578,0.08426386133723465
10.098895576467648,10.115593510134918,0.09889557646764696,0.11559351013491875
10.098844221658094,10.090076766385403,0.09884422165809506,0.09007676638540318
10.098791706782615,10.067546477510666,0.0987917067826157,0.06754647751066509
10.09873803245754,10.09321636197179,0.09873803245753952,0.09321636197179027
10.098683199312804,10.092080059069145,0.09868319931280477,0.09208005906914582
10.09862720799195,10.078951100982666,0.09862720799194996,0.07895110098266517
10.098570059152106,10.115522186564803,0.09857005915210627,0.1155221865648034
10.09851175346399,10.086289172370003,0.09851175346398995,0.08628917237000325
10.098452291611894,10.163103320935143,0.09845229161189434,0.1631033209351434
10.098391674293682,10.11129175079819,0.09839167429368183,0.11129175079819004
10.098329902220776,10.07672503016887,0.09832990222077576,0.07672503016887054
10.098266976118152,10.08352744959484,0.09826697611815205,0.08352744959483964
10.098202896724331,10.102027581385128,0.09820289672433062,0.10202758138512735
10.098137664791366,10.083832462714343,0.09813766479136672,0.08383246271434178
10.098071281084842,10.112273368051635,0.09807128108484227,0.1122733680516363
10.098003746383856,10.074343657374403,0.09800374638385667,0.07434365737440232
10.097935061481017,10.094336269858399,0.0979350614810178,0.09433626985839885
10.097865227182433,10.110307105015591,0.09786522718243257,0.11030710501559082
10.097794244307698,10.1268737983646,0.09779424430769762,0.12687379836460028
10.09772211368989,10.090173804424689,0.09772211368988964,0.09017380442468811
10.097648836175555,10.094702416986808,0.09764883617555553,0.09470241698680808
10.097574412624702,10.093838728406213,0.09757441262470253,0.09383872840621352
10.097498843910788,10.121776054355488,0.09749884391078817,0.121776054355488
10.09742213092071,10.112414343986767,0.09742213092070992,0.11241434398676663
10.097344274554795,10.077691000883949,0.09734427455479477,0.07769100088394862
10.09726527572679,10.076042939064715,0.09726527572678881,0.07604293906471457
10.097185135363846,10.05765155160295,0.09718513536384638,0.05765155160295063
10.09710385440652,10.104357113853203,0.09710385440651924,0.10435711385320207
10.097021433808745,10.111671397509205,0.09702143380874542,0.11167139750920466
10.096937874537838,10.073188713703676,0.09693787453783824,0.07318871370367563
10.096853177574475,10.089751853429094,0.09685317757447481,0.08975185342909435
10.096767343912685,10.090866557884999,0.09676734391268446,0.0908665578849986
10.096680374559837,10.091113402434143,0.09668037455983723,0.09111340243414304
10.096592270536632,10.080921011843396,0.096592270536632,0.08092101184339612
10.096503032877084,10.095063483265363,0.09650303287708445,0.09506348326536299
10.096412662628515,10.097628362002236,0.09641266262851492,0.0976283620022362
10.096321160851536,10.137521795586338,0.09632116085153623,0.13752179558633743
10.096228528620042,10.116463773566574,0.09622852862004115,0.11646377356657363
10.09613476702119,10.070379092087334,0.09613476702118984,0.07037909208733356
10.096039877155397,10.099903552439846,0.0960398771553969,0.09990355243984611
10.09594386013632,10.09094075263806,0.0959438601363188,0.09094075263806042
10.09584671709084,10.087049521115535,0.09584671709084061,0.08704952111553474
10.095748449159062,10.062460873527568,0.09574844915906261,0.0624608735275681
10.095649057494287,10.14086605872478,0.0956490574942873,0.14086605872478095
10.095548543263005,10.093833971998919,0.09554854326300555,0.09383397199891805
10.095446907644883,10.130150946920702,0.09544690764488306,0.130150946920702
10.095344151832746,10.074787868072184,0.09534415183274636,0.07478786807218324
10.09524027703257,10.092726021125396,0.09524027703256904,0.09272602112539619
10.095135284463458,10.116973298092569,0.09513528446345743,0.11697329809256923
10.095029175357636,10.104010495595029,0.0950291753576364,0.10401049559502788
10.094921950960435,10.094836103489138,0.09492195096043465,0.09483610348913867
10.09481361253027,10.124971612407128,0.09481361253027047,0.12497161240712819
10.094704161338637,10.097491095826163,0.09470416133863677,0.09749109582616361
10.094593598670086,10.089663202707468,0.09459359867008599,0.08966320270746779
10.094481925822215,10.122686864219773,0.09448192582221539,0.12268686421977289
10.094369144105652,10.12643693331751,0.09436914410565156,0.12643693331751008
10.094255254844034,10.086665761246788,0.09425525484403517,0.08666576124678807
10.094140259374004,10.083157142782499,0.09414025937400522,0.08315714278249792
10.094024159045183,10.082418505092924,0.09402415904518366,0.08241850509292369
10.09390695522016,10.130977461710312,0.09390695522015936,0.13097746171031216
10.093788649274472,10.10064110822112,0.09378864927447222,0.10064110822112052
10.093669242596597,10.071929345636997,0.09366924259659677,0.07192934563699782
10.093548736587927,10.110535812271003,0.09354873658792624,0.11053581227100272
10.093427132662756,10.059387631134197,0.09342713266275599,0.05938763113419644
10.093304432248267,10.069610626553176,0.0933044322482666,0.06961062655317646
10.093180636784508,10.07039848730909,0.09318063678450764,0.07039848730909024
10.09305574772438,10.05769885595805,0.09305574772438041,0.05769885595804913
10.09292976653362,10.12310481189528,0.0929297665336211,0.12310481189527926
10.092802694690784,10.085982387439087,0.09280269469078323,0.08598238743908741
10.092674533687221,10.069108412938736,0.09267453368722074,0.06910841293873593
10.09254528502707,10.110683941924023,0.09254528502707028,0.11068394192402367
10.092414950227234,10.107791287304646,0.09241495022723362,0.10779128730464671
10.09228353081736,10.100403754422588,0.09228353081735953,0.10040375442258906
10.092151028339826,10.118985774005992,0.0921510283398264,0.11898577400599224
10.092017444349723,10.067462547571882,0.09201744434972375,0.06746254757188211
10.091882780414833,10.095236518518835,0.09188278041483389,0.09523651851883484
10.091747038115614,10.104077788998103,0.09174703811561391,0.1040777889981028
10.091610219045176,10.084018658367514,0.0916102190451768,0.08401865836751293
10.091472324809272,10.107377406104403,0.091472324809273,0.10737740610440283
10.09133335702627,10.112477457416217,0.09133335702627114,0.11247745741621787
10.09119331732714,10.098389231227937,0.09119331732713959,0.09838923122793722
10.091052207355427,10.05522655903122,0.09105220735542693,0.055226559031220514
10.090910028767244,10.089255403942973,0.09091002876724294,0.08925540394297357
10.090766783231238,10.115443007937484,0.09076678323123871,0.11544300793748513
10.090622472428588,10.06797504041349,0.0906224724285876,0.06797504041348987
10.090477098052965,10.092019935920078,0.0904770980529653,0.0920199359200772
10.09033066181053,10.07102268838017,0.09033066181052965,0.07102268838016977
10.090183165419901,10.093607206140472,0.09018316541990111,0.09360720614047278
10.090034610612141,10.082355606616673,0.09003461061214231,0.08235560661667302
10.089884999130739,10.11978466713263,0.08988499913073784,0.11978466713262984
10.089734332731574,10.056001303219663,0.08973433273157355,0.056001303219663616
10.089582613182916,10.099398900990911,0.08958261318291627,0.09939890099091125
10.089429842265393,10.070223485444787,0.08942984226539293,0.07022348544478726
10.089276021771969,10.108242749348955,0.08927602177196968,0.10824274934895502
10.08912115350793,10.08058295477636,0.08912115350793055,0.08058295477636168
10.088965239290857,10.092756794981124,0.08896523929085681,0.09275679498112376
10.088808280950605,10.065246159956345,0.08880828095060536,0.06524615995634551
10.088650280329286,10.093153933492207,0.08865028032928696,0.09315393349220784
10.088491239281245,10.094271257524786,0.08849123928124515,0.09427125752478564
10.088331159673034,10.102391291701343,0.08833115967303419,0.10239129170134316
10.088170043383398,10.050668008018938,0.08817004338339728,0.050668008018938775
10.088007892303244,10.069091626208083,0.0880078923032441,0.0690916262080826
10.087844708335629,10.103522535130523,0.08784470833562931,0.10352253513052315
10.08768049339573,10.084372925344134,0.0876804933957298,0.08437292534413389
10.087515249410822,10.069963733711722,0.08751524941082196,0.06996373371172235
10.087348978320259,10.08047341081139,0.08734897832025973,0.08047341081138917
10.087181682075451,10.081716171835698,0.08718168207545132,0.0817161718356975
10.087013362639837,10.107767239044794,0.08701336263983654,0.10776723904479438
10.086844021988863,10.088426166008297,0.08684402198886344,0.08842616600829693
10.086673662109966,10.060876910520909,0.08667366210996566,0.06087691052090864
10.086502285002538,10.122522449669923,0.08650228500253866,0.12252244966992193
10.086329892677917,10.086842231692357,0.08632989267791653,0.08684223169235668
10.086156487159348,10.09503489984784,0.08615648715934798,0.09503489984784154
10.085982070481974,10.052479950693368,0.08598207048197316,0.05247995069336699
10.0858066446928,10.051867705438282,0.08580664469279947,0.051867705438281
10.085630211850678,10.106197735776833,0.08563021185067726,0.10619773577683242
10.085452774026276,10.110807165865,0.08545277402627627,0.1108071658649994
10.085274333302062,10.110103772335286,0.08527433330206094,0.11010377233528632
10.085094891772266,10.082643837389362,0.08509489177226609,0.08264383738936255
10.084914451542872,10.102243690959616,0.08491445154287207,0.10224369095961708
10.084733014731581,10.073630481528236,0.0847330147315805,0.07363048152823566
10.08455058346779,10.110431085863487,0.08455058346778915,0.11043108586348702
10.084367159892567,10.063831554400812,0.08436715989256705,0.0638315544008118
10.084182746158628,10.103287525316183,0.08418274615862902,0.10328752531618338
10.08399734443031,10.107558499305215,0.08399734443031097,0.10755849930521448
10.083810956883545,10.04730435774181,0.08381095688354423,0.04730435774180976
10.08362358570583,10.050928596063848,0.08362358570582967,0.050928596063847496
10.083435233096212,10.07758269330677,0.0834352330962127,0.07758269330676992
10.083245901265258,10.066048156474702,0.08324590126525695,0.06604815647470226
10.083055592435018,10.073920761767736,0.08305559243501866,0.07392076176773538
10.08286430883902,10.080443181208157,0.08286430883902007,0.08044318120815613
10.082672052722224,10.118058792123904,0.08267205272222389,0.11805879212390445
10.082478826341006,10.09490145111111,0.08247882634100655,0.09490145111111004
10.082284631963132,10.077248269914127,0.08228463196313188,0.07724826991412774
10.082089471867723,10.078966246269587,0.0820894718677241,0.0789662462695879
10.081893348345242,10.114348915524637,0.08189334834524173,0.11434891552463713
10.08169626369745,10.11125173529381,0.08169626369745031,0.11125173529381005
10.081498220237394,10.065015509666289,0.0814982202373952,0.06501550966628938
10.081299220289376,10.066160624734035,0.0812992202893749,0.06616062473403508
10.081099266188913,10.100554687560521,0.08109926618891351,0.10055468756052116
10.080898360282733,10.130172314214724,0.08089836028273344,0.13017231421472297
10.080696504928728,10.041087067445119,0.08069650492872743,0.04108706744511948
10.080493702495932,10.07482810114442,0.08049370249593159,0.0748281011444185
10.080289955364497,10.099186527805584,0.08028995536449712,0.09918652780558393
10.080085265925662,10.09147960210545,0.08008526592566259,0.09147960210544963
10.079879636581726,10.10451595965027,0.07987963658172546,0.10451595965026948
10.079673069746015,10.075711933997471,0.07967306974601451,0.07571193399747175
10.079465567842862,10.044805339064105,0.07946556784286124,0.04480533906410576
10.079257133307571,10.035813827030463,0.07925713330757106,0.03581382703046242
10.079047768586396,10.0742662455613,0.0790477685863953,0.07426624556130058
10.078837476136503,10.089528300601792,0.07883747613650222,0.08952830060179234
10.078626258425949,10.104410000217563,0.0786262584259482,0.10441000021756204
10.078414117933649,10.08655779600914,0.07841411793364853,0.0865577960091396
10.078201057149348,10.082765965034714,0.07820105714934879,0.08276596503471453
10.077987078573596,10.082107259359812,0.07798707857359535,0.08210725935981278
10.077772184717706,10.100555149965485,0.07777218471770611,0.10055514996548484
10.07755637810374,10.09750201784272,0.07755637810374069,0.09750201784271989
10.077339661264471,10.07788319438986,0.07733966126447142,0.07788319438986128
10.077122036743352,10.058295227095769,0.07712203674335333,0.058295227095768225
10.076903507094494,10.029305116164242,0.07690350709449395,0.02930511616424092
10.076684074882625,10.089254746226159,0.07668407488262396,0.08925474622615806
10.076463742683067,10.065475100068419,0.07646374268306674,0.06547510006841778
10.076242513081707,10.089179375157759,0.07624251308170828,0.08917937515775853
10.076020388674966,10.097126189281028,0.07602038867496641,0.09712618928102683
10.075797372069761,10.073535512166947,0.07579737206976103,0.07353551216694629
10.075573465883483,10.078717849330127,0.07557346588348302,0.07871784933012715
10.075348672743964,10.098179369198954,0.07534867274396377,0.09817936919895422
10.075122995289444,10.087561171191723,0.07512299528944388,0.08756117119172299
10.074896436168544,10.091628703387327,0.07489643616854291,0.09162870338732744
10.074668998040227,10.042077377984452,0.0746689980402279,0.04207737798445193
10.074440683573782,10.081396363471681,0.07444068357378185,0.08139636347168049
10.074211495448774,10.058144652346336,0.07421149544877308,0.05814465234633471
10.073981436355023,10.070618238904114,0.07398143635502329,0.07061823890411334
10.073750508992577,10.062119201978435,0.0737505089925763,0.06211920197843525
10.073518716071666,10.05466492298902,0.07351871607166581,0.05466492298901962
10.073286060312684,10.070277034343416,0.07328606031268436,0.07027703434341574
10.073052544446151,10.05061521420622,0.07305254444615088,0.05061521420621881
10.07281817121268,10.084977324540892,0.07281817121267888,0.08497732454089249
10.072582943362944,10.065496496367329,0.07258294336294388,0.06549649636732972
10.072346863657652,10.07025422274681,0.07234686365765179,0.07025422274681006
10.072109934867505,10.04307912602952,0.07210993486750612,0.04307912602951919
10.071872159773175,10.077261577175678,0.07187215977317517,0.07726157717567737
10.07163354116526,10.083897229790153,0.07163354116526008,0.08389722979015336
10.07139408184426,10.080617659454568,0.07139408184426159,0.08061765945456717
10.071153784620547,10.083734344189057,0.07115378462054743,0.08373434418905674
10.07091265231432,10.063616859710342,0.07091265231431887,0.06361685971034209
10.070670687755578,10.097229288027545,0.07067068775557829,0.09722928802754466
10.070427893784096,10.063399909671636,0.07042789378409556,0.06339990967163617
10.070184273249374,10.050222691740474,0.07018427324937486,0.050222691740474903
10.069939829010622,10.082429836106444,0.06993982901062086,0.08242983610644417
10.069694563936705,10.059403923767379,0.0696945639367058,0.059403923767379116
10.069448480906136,10.082865443023358,0.0694484809061355,0.0828654430233591
10.069201582807015,10.086687650970248,0.0692015828070152,0.08668765097024839
10.068953872537016,10.046225307253767,0.06895387253701642,0.04622530725376635
10.068705353003342,10.065545380129025,0.06870535300334239,0.06554538012902537
10.068456027122695,10.069343931258407,0.06845602712269432,0.0693439312584072
10.068205897821237,10.058824542222514,0.0682058978212365,0.0588245422225129
10.067954968034563,10.081914721517933,0.06795496803456279,0.08191472151793364
10.067703240707662,10.07160729120623,0.06770324070766186,0.07160729120623079
10.067450718794882,10.057162437139676,0.06745071879488207,0.057162437139676274
10.067197405259897,10.05104364927443,0.06719740525989777,0.05104364927442888
10.066943303075673,10.066516651409772,0.06694330307567382,0.06651665140977223
10.066688415224432,10.093786968734454,0.06668841522443111,0.09378696873445372
10.066432744697611,10.07568223965989,0.06643274469761089,0.07568223965989111
10.06617629449584,10.047559130389022,0.06617629449584059,0.04755913038902242
10.065919067628897,10.031816106220907,0.06591906762889795,0.03181610622090693
10.065661067115675,10.057429140112152,0.06566106711567607,0.05742914011215239
10.065402295984148,10.034407424196537,0.06540229598414737,0.03440742419653655
10.065142757271328,10.103563267503585,0.06514275727132893,0.10356326750358508
10.064882454023246,10.072589063653348,0.06488245402324631,0.0725890636533477
10.064621389294897,10.066539499917452,0.0646213892948976,0.06653949991745187
10.064359566150218,10.076913783597453,0.06435956615021814,0.07691378359745214
10.064096987662044,10.10556018283475,0.06409698766204423,0.10556018283475113
10.063833656912077,10.099152878978638,0.0638336569120772,0.09915287897863678
10.063569576990847,10.079792759968763,0.06356957699084677,0.0797927599687621
10.063304750997675,10.0610395100417,0.06330475099767556,0.06103951004170005
10.063039182040642,10.08032877379125,0.06303918204064218,0.08032877379125018
10.062772873236545,10.106478042170753,0.06277287323654504,0.10647804217075396
10.062505827710865,10.086283619820307,0.06250582771086519,0.0862836198203061
10.062238048597731,10.080427164625995,0.06223804859773048,0.08042716462599443
10.061969539039879,10.071204768442596,0.061969539039878396,0.07120476844259654
10.061700302188619,10.074067142374892,0.061700302188618716,0.07406714237489243
10.061430341203797,10.048424160091637,0.06143034120379736,0.04842416009163718
10.061159659253759,10.078663935878694,0.06115965925375877,0.07866393587869344
10.060888259515309,10.032769202149167,0.06088825951530899,0.03276920214916732
10.060616145173677,10.049455993899397,0.06061614517367783,0.049455993899396596
10.060343319422483,10.002301947133319,0.06034331942248233,0.002301947133318799
10.06006978546369,10.027187300011759,0.06006978546368871,0.02718730001175903
10.059795546507575,10.05312381763533,0.05979554650757505,0.053123817635329494
10.059520605772693,10.05760545535456,0.059520605772693094,0.057605455354560006
10.059244966485831,10.07110019430506,0.059244966485831274,0.07110019430505984
10.058968631881976,10.039462371146909,0.058968631881976485,0.039462371146909966
10.058691605204276,10.06636499699397,0.058691605204275604,0.06636499699396936
10.058413889704,10.0558830709224,0.05841388970399833,0.05588307092239931
10.058135488640499,10.06178301606882,0.05813548864049848,0.06178301606882018
10.057856405281177,10.060034727325432,0.05785640528117597,0.06003472732543147
10.057576642901438,10.061284864469187,0.057576642901437915,0.061284864469186684
10.057296204784661,10.032110809864582,0.057296204784661076,0.03211080986458131
10.057015094222153,10.0705177975824,0.0570150942221527,0.07051779758240082
10.056733314513112,10.021703926019866,0.05673331451311221,0.02170392601986569
10.056450868964593,10.07046954964424,0.05645086896459192,0.07046954964424121
10.056167760891459,10.033943533130902,0.056167760891459056,0.03394353313090233
10.055883993616357,10.045679681151912,0.05588399361635646,0.04567968115191132
10.055599570469663,10.041768699104123,0.05559957046966307,0.04176869910412344
10.055314494789457,10.051883047932078,0.05531449478945586,0.05188304793207723
10.05502876992147,10.055894224102014,0.05502876992146993,0.055894224102013355
10.054742399219059,10.050756533392684,0.054742399219059615,0.050756533392684634
10.05445538604316,10.061265100817787,0.054455386043158485,0.061265100817787285
10.054167733762242,10.053405253949242,0.05416773376224088,0.05340525394924193
10.053879445752282,10.055292753943228,0.05387944575228165,0.05529275394322797
10.053590525396716,10.032887730436578,0.05359052539671697,0.032887730436578194
10.053300976086405,10.037401247486235,0.05330097608640393,0.037401247486235724
10.053010801219582,10.043063854125831,0.05301080121958168,0.04306385412583152
10.05272000420183,10.027430634193037,0.052720004201831094,0.027430634193036183
10.052428588446034,10.07049488446649,0.052428588446034353,0.0704948844664892
10.052136557372336,10.036494429158248,0.05213655737233578,0.036494429158248326
10.051843914408101,10.032146298060132,0.0518439144081011,0.032146298060132
10.051550662987877,10.056642399227814,0.051550662987877555,0.056642399227813986
10.051256806553353,10.047019436474445,0.05125680655335291,0.04701943647444398
10.050962348553316,10.06725640207102,0.050962348553316064,0.0672564020710205
10.050667292443617,10.068096495547536,0.050667292443615876,0.0680964955475352
10.050371641687121,10.051905857373875,0.05037164168712101,0.05190585737387396
10.050075399753679,10.056253506439532,0.050075399753678564,0.056253506439531545
10.049778570120074,10.045489863124258,0.04977857012007437,0.04548986312425796
10.04948115626999,10.069923085165861,0.04948115626999169,0.06992308516586129
10.04918316169397,10.081495248490493,0.04918316169396984,0.0814952484904923
10.048884589889365,10.039106752280698,0.0488845898893642,0.039106752280698695
10.048585444360304,10.044442065890484,0.048585444360304514,0.0444420658904842
10.048285728617653,10.086679378020143,0.04828572861765409,0.08667937802014283
10.047985446178968,10.025241684204008,0.04798544617896796,0.02524168420400906
10.047684600568452,10.052251774914957,0.04768460056845256,0.05225177491495769
10.047383195316923,10.034829383530054,0.04738319531692372,0.034829383530053826
10.047081233961766,10.06455596892721,0.04708123396176553,0.06455596892721073
10.046778720046888,10.024284205423468,0.04677872004688823,0.02428420542346857
10.046475657122688,10.041010525696343,0.04647565712268753,0.041010525696343274
10.046172048746003,10.054498052851631,0.046172048746002475,0.05449805285163084
10.045867898480074,10.004288262821168,0.045867898480073256,0.004288262821168981
10.0455632098945,10.038268916255062,0.045563209894500294,0.03826891625506172
10.045257986565202,10.085547433481059,0.04525798656520174,0.08554743348105931
10.044952232074372,10.054549614101552,0.04495223207437182,0.05454961410155147
10.044645950010437,10.03365874322477,0.04464595001043817,0.03365874322476978
10.04433914396802,10.044384172290547,0.04433914396802065,0.044384172290546316
10.04403181754789,10.064891383085788,0.04403181754788851,0.06489138308578798
10.043723974356919,10.044000342921278,0.04372397435691852,0.04400034292127839
10.043415618008051,10.058504535148176,0.04341561800805192,0.05850453514817566
10.043106752120252,10.014622504852637,0.043106752120253,0.014622504852637979
10.042797380318467,10.057151761202746,0.04279738031846618,0.0571517612027464
10.042487506233574,10.067188080907822,0.04248750623357294,0.0671880809078224
10.04217713350235,10.05921413392449,0.042177133502350195,0.059214133924489806
10.041866265767426,10.043326639170985,0.04186626576742696,0.04332663917098471
10.041554906677241,10.047743429300834,0.04155490667724194,0.04774342930083451
10.041243059886,10.029191927575374,0.041243059886000036,0.029191927575373658
10.040930729053631,10.061720135781089,0.04093072905363045,0.0617201357810887
10.040617917845744,10.03438589931893,0.04061791784574324,0.03438589931893026
10.040304629933585,10.054757026276542,0.04030462993358581,0.05475702627654269
10.039990868994002,10.048847814874382,0.03999086899400078,0.04884781487438179
10.039676638709382,10.02344028856816,0.039676638709382234,0.023440288568160977
10.039361942767632,10.066234675880812,0.03936194276763276,0.06623467588081147
10.03904678486212,10.047212954676764,0.039046784862119585,0.04721295467676445
10.038731168691632,10.03415445823641,0.03873116869163215,0.034154458236410085
10.038415097960337,10.059339169000362,0.038415097960338075,0.05933916900036104
10.03809857637774,10.045608540506569,0.03809857637774002,0.045608540506569706
10.037781607658632,10.070615249130675,0.037781607658631464,0.07061524913067489
10.037464195523054,10.041270817716047,0.03746419552305412,0.041270817716045925
10.037146343696254,10.043945345650625,0.03714634369625377,0.04394534565062622
10.036828055908636,10.034993604585996,0.03682805590863604,0.03499360458599518
10.036509335895724,10.062204069121139,0.036509335895723645,0.062204069121139294
10.036190187398113,10.071104381024904,0.03619018739811184,0.07110438102490454
10.035870614161425,10.042578684048946,0.03587061416142489,0.042578684048946595
10.035550619936272,9.997575842417913,0.03555061993627141,-0.0024241575820867153
10.035230208478202,10.052333845935742,0.03523020847820138,0.052333845935742605
10.034909383547662,10.08008627320788,0.034909383547661384,0.08008627320788048
10.03458814890995,10.042258556186813,0.034588148909950794,0.042258556186813324
10.034266508335177,10.062696528017636,0.03426650833517696,0.06269652801763538
10.033944465598212,10.028761541101403,0.0339444655982119,0.028761541101402447
10.033622024478648,10.051580333204729,0.03362202447864756,0.05158033320472861
10.03329918876075,10.048312045546473,0.03329918876075091,0.048312045546472115
10.03297596223342,10.015248094812494,0.03297596223342053,0.015248094812493188
10.032652348690142,10.067646657534876,0.032652348690141546,0.06764665753487684
10.03232835192894,10.046603635993911,0.03232835192894133,0.04660363599391028
10.032003975752344,10.01226031527542,0.032003975752344344,0.012260315275419823
10.031679223967329,10.035397940577312,0.03167922396732848,0.03539794057731258
10.031354100385279,9.991051961668019,0.031354100385279714,-0.008948038331980504
10.031028608821948,10.018654711057062,0.03102860882194773,0.01865471105706239
10.030702753097401,10.031242186545098,0.03070275309740042,0.031242186545097958
10.03037653703598,10.005737574953278,0.030376537035980117,0.0057375749532783855
10.030049964466258,10.03091440414448,0.030049964466258162,0.030914404144480167
10.02972303922099,10.012602004533749,0.029723039220989473,0.01260200453374894
10.02939576513707,10.01888993708185,0.029395765137068604,0.018889937081849446
10.029068146055485,10.001075605115483,0.029068146055483992,0.0010756051154832205
10.028740185821274,10.093625085126298,0.028740185821273263,0.09362508512629858
10.028411888283477,10.037363119777936,0.028411888283477394,0.03736311977793584
10.028083257295096,10.004071535538591,0.028083257295096573,0.004071535538590087
10.027754296713045,10.043392356961593,0.027754296713044288,0.0433923569615941
10.027425010398103,10.027429945808779,0.02742501039810242,0.02742994580877825
10.027095402214876,10.031850053470114,0.027095402214875233,0.0318500534701144
10.026765476031745,10.063899201410655,0.026765476031745047,0.06389920141065365
10.026435235720827,10.031667976371072,0.02643523572082633,0.031667976371072444
10.02610468515792,9.99858513717078,0.02610468515791973,-0.001414862829220629
10.025773828222468,10.01242910142448,0.025773828222467626,0.012429101424480263
10.025442668797508,10.025182191516189,0.025442668797507912,0.025182191516189487
10.025111210769628,10.04208713936877,0.025111210769628745,0.04208713936876969
10.024779458028922,10.049525715751212,0.024779458028922282,0.0495257157512126
10.02444741446894,9.984483739315861,0.024447414468940023,-0.01551626068413844
10.024115083986647,10.026018889990361,0.02411508398664644,0.02601888999036023
10.023782470482374,9.984536446986784,0.023782470482373592,-0.015463553013216322
10.023449577859775,10.00674960626395,0.02344957785977465,0.006749606263950096
10.023116410025779,10.012397865714341,0.023116410025779115,0.012397865714341528
10.022782970890546,10.023882383878648,0.02278297089054646,0.0238823838786476
10.02244926436742,10.04308628008155,0.022449264367419713,0.04308628008154888
10.022115294372881,10.02536898680258,0.022115294372880557,0.025368986802579388
10.021781064826502,10.004931515533356,0.0217810648265027,0.004931515533356065
10.021446579650906,9.969229065747122,0.021446579650906183,-0.030770934252878655
10.021111842771711,10.040105901304146,0.02111184277171069,0.040105901304147006
10.02077685811749,10.015336056573476,0.020776858117490478,0.01533605657347664
10.020441629619727,10.03179154833223,0.020441629619727605,0.031791548332229434
10.020106161212766,10.037878699229356,0.020106161212766115,0.0378786992293556
10.019770456833765,10.007661038675963,0.019770456833765188,0.0076610386759630306
10.019434520422655,10.023420691101768,0.01943452042265396,0.023420691101768233
10.019098355922084,9.980505532118636,0.01909835592208477,-0.01949446788136362
10.018761967277387,10.023208825287824,0.018761967277386358,0.023208825287823892
10.018425358436518,10.029425186731883,0.018425358436518612,0.02942518673188331
10.018088533350026,9.99933350455696,0.018088533350025537,-0.0006664954430400695
10.01775149597099,10.03860636264164,0.017751495970989236,0.03860636264164141
10.017414250254983,10.027226265264009,0.017414250254982815,0.027226265264009127
10.017076800160025,10.018397928162683,0.01707680016002502,0.01839792816268354
10.016739149646533,10.022118898957034,0.016739149646533058,0.02211889895703456
10.016401302677277,10.025972581557987,0.016401302677276505,0.025972581557987588
10.01606326321733,9.994492815896269,0.01606326321733006,-0.005507184103730526
10.015725035234029,10.02149061621051,0.015725035234028094,0.02149061621050981
10.015386622696917,10.013325928417764,0.015386622696917521,0.013325928417764312
10.015048029577711,10.035961495997341,0.015048029577710731,0.035961495997341456
10.01470925985024,10.00674521910433,0.014709259850239999,0.006745219104329627
10.01437031749041,9.998371652162282,0.01437031749041015,-0.0016283478377174566
10.014031206476153,10.010662554144886,0.014031206476152256,0.010662554144885886
10.013691930787376,10.002862050731817,0.013691930787376237,0.002862050731817105
10.013352494405925,10.014673271945655,0.013352494405925211,0.014673271945655552
10.013012901315529,9.998298322993591,0.013012901315528068,-0.0017016770064080065
10.012673155501753,10.008023884109646,0.01267315550175304,0.008023884109644816
10.01233326095196,10.01685539984349,0.012333260951960252,0.016855399843489625
10.011993221655256,9.99881212365887,0.011993221655255971,-0.0011878763411296914
10.011653041602445,9.996920709219939,0.011653041602445246,-0.0030792907800615745
10.011312724785984,10.011441175347695,0.011312724785984565,0.011441175347694725
10.010972275199936,9.970223327977125,0.010972275199936037,-0.029776672022874706
10.01063169683992,10.036466947155285,0.010631696839919824,0.03646694715528555
10.010290993703068,10.025193850874016,0.010290993703067592,0.02519385087401642
10.009950169787976,10.036640092085706,0.009950169787974899,0.03664009208570636
10.009609229094655,9.999609342299726,0.009609229094655322,-0.0003906577002745805
10.009268175624493,10.010383483044693,0.00926817562449298,0.010383483044692728
10.008927013380195,10.02331226072819,0.00892701338019505,0.02331226072819017
10.008585746365746,10.006497975303155,0.008585746365745843,0.006497975303155082
10.00824437858636,10.018692323072354,0.008244378586359109,0.01869232307235415
10.007902914048431,10.012879987420886,0.007902914048431381,0.012879987420886689
10.007561356759494,10.001642701130615,0.0075613567594942505,0.001642701130615815
10.007219710728169,10.014508826999656,0.007219710728168394,0.014508826999655718
10.006877979964116,9.992831274352767,0.006877979964115818,-0.00716872564723324
10.006536168477993,9.99896209602842,0.006536168477993154,-0.0010379039715795934
10.006194280281404,10.039599339529307,0.006194280281403886,0.03959933952930618
10.005852319386852,10.003871887973704,0.00585231938685232,0.0038718879737038867
10.005510289807695,10.006487137462004,0.005510289807695973,0.006487137462004304
10.005168195558097,10.014728754396817,0.005168195558097931,0.01472875439681721
10.004826040652981,9.994027639512879,0.004826040652980805,-0.005972360487120456
10.00448382910798,9.987394210840709,0.0044838291079788975,-0.012605789159292252
10.004141564939392,9.98322015918338,0.0041415649393914365,-0.016779840816619637
10.003799252164134,9.998377548738732,0.003799252164134721,-0.0016224512612683876
10.003456894799696,10.01011723761575,0.003456894799696044,0.010117237615750372
10.003114496864086,9.987559540659321,0.0031144968640858355,-0.012440459340678502
10.00277206237579,9.996348208024985,0.0027720623757908577,-0.003651791975014988
10.002429595353727,10.006486837559951,0.0024295953537263344,0.00648683755995029
10.00208709981719,9.975599446287038,0.0020870998171898464,-0.02440055371296107
10.001744579785814,9.989256242328619,0.0017445797858136312,-0.01074375767138063
10.001402039279517,9.981769539958522,0.0014020392795168716,-0.018230460041478092
10.00105948231846,10.024273274445271,0.0010594823184595828,0.024273274445270412
10.000716912922995,10.012701788976115,0.0007169129229947208,0.012701788976114169
10.000374335113621,9.980033675249087,0.0003743351136213534,-0.019966324750912146
10.000031752910937,9.993791828392649,3.175291093676325e-05,-0.006208171607352312
9.999689170335591,9.983802733089554,-0.00031082966440967256,-0.01619726691044628
9.999346591408235,10.003436820994374,-0.0006534085917643808,0.0034368209943731604
9.999004020149483,9.987863327284433,-0.000995979850516425,-0.012136672715567044
9.998661460579855,10.000120211845227,-0.0013385394201454023,0.00012021184522608645
9.998318916719732,10.012515858937041,-0.001681083280267564,0.01251585893704176
9.997976392589317,9.982902142778753,-0.002023607410683533,-0.01709785722124599
9.997633892208574,10.002777726553486,-0.0023661077914260194,0.002777726553486179
9.997291419597195,10.020605082977324,-0.0027085804028059326,0.020605082977324732
9.99694897877454,10.005026348050208,-0.0030510212254602712,0.005026348050207756
9.996606573759601,9.999649829321955,-0.003393426240398937,-0.00035017067804523965
9.996264208570947,9.97117711317868,-0.0037357914290526146,-0.028822886821320268
9.99592188722668,9.992796055089872,-0.004078112773318871,-0.007203944910126749
9.99557961374439,10.021971917283638,-0.00442038625561002,0.021971917283637604
9.9952373921411,10.026925292178849,-0.004762607858899922,0.026925292178849165
9.994895226433227,9.990265700866082,-0.005104773566771835,-0.00973429913391832
9.994553120636535,9.968315103081627,-0.0054468793634644954,-0.03168489691837353
9.99421107876608,9.978586721562014,-0.00578892123391977,-0.021413278437986107
9.99386910483617,10.00405278691054,-0.006130895163830319,0.004052786910539625
9.993527202860314,9.962024137773087,-0.00647279713968564,-0.037975862226913654
9.99318537685118,10.017828645976268,-0.006814623148819883,0.01782864597626711
9.992843630820541,10.027685276062615,-0.007156369179458591,0.027685276062614964
9.992501968779234,9.97726515709426,-0.007498031220766488,-0.022734842905738916
9.992160394737107,9.999940598133383,-0.007839605262893491,-5.9401866616528264e-05
9.991818912702978,9.987242964694454,-0.008181087297022481,-0.012757035305546156
9.991477526684584,9.976237935343248,-0.008522473315415996,-0.02376206465675274
9.991136240688537,9.975880842349985,-0.008863759311463975,-0.02411915765001514
9.99079505872027,9.947656398745556,-0.009204941279729715,-0.052343601254443844
9.990453984784002,9.991724931534662,-0.00954601521599742,-0.008275068465338424
9.99011302288268,9.997754228120263,-0.009886977117319718,-0.0022457718797368117
9.989772177017937,10.002154313890834,-0.010227822982063586,0.0021543138908346453
9.989431451190041,10.001504748241908,-0.010568548809958013,0.0015047482419073867
9.98909084939786,9.988660581351306,-0.010909150602140604,-0.011339418648694016
9.988750375638794,9.994882264325003,-0.011249624361205217,-0.005117735674996616
9.988410033908751,9.996148137837354,-0.01158996609124781,-0.0038518621626454762
9.988069828202086,9.978841184752751,-0.011930171797914056,-0.021158815247248317
9.987729762511554,9.993296446029644,-0.01227023748844586,-0.006703553970356584
9.987389840828271,9.996950593048949,-0.01261015917172893,-0.0030494069510513325
9.987050067141661,10.005693415130413,-0.012949932858338559,0.005693415130412849
9.986710445439414,9.998011419725508,-0.01328955456058697,-0.001988580274491865
9.986370979707429,9.988327896720762,-0.013629020292570652,-0.011672103279239149
9.986031673929784,9.981667869669932,-0.01396832607021608,-0.01833213033006754
9.985692532088672,10.00811173239292,-0.01430746791132718,0.008111732392919244
9.985353558164368,9.975902171606142,-0.014646441835631706,-0.02409782839385855
9.985014756135172,10.004825160922303,-0.01498524386482867,0.004825160922302986
9.984676129977366,9.99435626927568,-0.01532387002263396,-0.005643730724318893
9.984337683665172,9.986849608857124,-0.015662316334827727,-0.013150391142875414
9.983999421170699,10.006848565599,-0.016000578829300675,0.006848565599000236
9.983661346463899,9.967457719047513,-0.016338653536101363,-0.03254228095248661
9.983323463512518,9.989198462058251,-0.01667653648748176,-0.01080153794174921
9.982985776282055,9.979227318071866,-0.01701422371794434,-0.02077268192813399
9.98264828873571,9.948013700674892,-0.01735171126428914,-0.05198629932510836
9.98231100483434,9.981647046438306,-0.017688995165659232,-0.018352953561694255
9.981973928536412,9.985447363462471,-0.018026071463587888,-0.014552636537528618
9.981637063797955,10.02261471399528,-0.018362936202044714,0.022614713995279378
9.981300414572518,9.989438147847103,-0.018699585427482766,-0.010561852152896541
9.980963984811115,9.987250813174297,-0.019036015188883898,-0.01274918682570193
9.980627778462194,9.939084840627071,-0.019372221537805837,-0.0609151593729294
9.980291799471571,9.976138100584308,-0.019708200528428175,-0.02386189941569159
9.9799560517824,9.968406749221002,-0.02004394821759937,-0.031593250778997925
9.979620539335118,9.974573562370084,-0.020379460664881985,-0.02542643762991645
9.9792852660674,9.963149259898094,-0.02071473393259945,-0.03685074010190652
9.978950235914118,9.979014568022782,-0.021049764085882806,-0.020985431977218243
9.978615452807285,9.955109954813022,-0.021384547192715833,-0.044890045186978964
9.978280920676019,9.982512055057505,-0.021719079323981896,-0.01748794494249534
9.97794664344649,9.993945029581525,-0.022053356553509717,-0.0060549704184750044
9.97761262504188,9.955255057469378,-0.02238737495812014,-0.04474494253062187
9.977278869382328,9.9636697869734,-0.022721130617671143,-0.036330213026599986
9.976945380384896,10.01221041037807,-0.023054619615104348,0.012210410378070066
9.976612161963509,9.992478722102769,-0.02338783803649154,-0.00752127789723046
9.976279218028921,10.002568308175546,-0.02372078197107953,0.002568308175546291
9.975946552488663,9.939662582546683,-0.024053447511336777,-0.0603374174533163
9.975614169247,9.993122873444976,-0.024385830752998883,-0.006877126555023139
9.975282072204886,9.988539075650094,-0.024717927795115113,-0.011460924349906238
9.974950265259906,9.981551747375878,-0.02504973474009313,-0.01844825262412224
9.974618752306254,9.9865392819367,-0.025381247693745453,-0.013460718063300197
9.974287537234666,9.956970016597419,-0.025712462765334784,-0.04302998340258054
9.973956623932379,9.98151733094299,-0.02604337606762039,-0.018482669057009495
9.973626016283097,9.98284280309423,-0.02637398371690268,-0.017157196905769608
9.97329571816693,9.974983607920135,-0.026704281833069277,-0.02501639207986524
9.97296573346036,9.987834523912648,-0.027034266539641125,-0.012165476087352679
9.972636066036182,9.954387151267639,-0.027363933963816894,-0.04561284873236102
9.97230671976348,9.991343808681245,-0.02769328023651918,-0.008656191318755453
9.97197769850756,9.992755967555956,-0.028022301492439512,-0.007244032444043511
9.971649006129915,9.965271691668399,-0.02835099387008444,-0.03472830833160084
9.97132064648818,9.946981414524572,-0.028679353511819824,-0.05301858547542727
9.970992623436084,9.970082772478657,-0.029007376563916772,-0.029917227521344028
9.970664940823404,9.971547213845803,-0.02933505917659654,-0.028452786154198228
9.970337602495924,9.947659097090899,-0.029662397504076413,-0.0523409029091018
9.970010612295386,9.961424558644742,-0.029989387704613776,-0.03857544135525869
9.969683974059448,9.97067759596618,-0.030316025940551758,-0.029322404033820918
9.969357691621635,9.942943410481009,-0.030642308378364753,-0.05705658951899065
9.969031768811298,9.926992154897828,-0.030968231188702407,-0.07300784510217195
9.968706209453565,9.9665484897873,-0.031293790546435225,-0.03345151021270014
9.968381017369301,9.968415935074038,-0.03161898263069914,-0.03158406492596193
9.96805619637506,9.95947281432618,-0.03194380362494103,-0.040527185673820985
9.967731750283038,9.99351241712512,-0.032268249716962474,-0.006487582874881544
9.967407682901035,9.991444459350486,-0.0325923170989652,-0.008555540649513044
9.967083998032404,9.963819034116586,-0.03291600196759543,-0.03618096588341368
9.96676069947601,9.983824121356669,-0.033239300523989164,-0.0161758786433304
9.966437791026184,9.996672631329805,-0.033562208973815795,-0.003327368670195067
9.966115276472676,9.966149507195377,-0.03388472352732312,-0.03385049280462231
9.965793159600617,9.957466334500523,-0.03420684039938232,-0.04253366549947729
9.965471444190468,9.97658786141393,-0.034528555809531396,-0.023412138586069102
9.96515013401798,9.959929146802697,-0.03484986598202019,-0.0400708531973026
9.964829232854145,9.941264820400725,-0.035170767145854355,-0.05873517959927525
9.96450874446516,9.94702825493033,-0.035491255534840324,-0.05297174506967016
9.964188672612371,9.946095134398659,-0.035811327387628454,-0.05390486560134099
9.963869021052242,9.96139621170977,-0.03613097894775788,-0.03860378829022888
9.9635497935363,9.929069999185872,-0.03645020646370026,-0.07093000081412783
9.963230993811095,9.961861344970073,-0.03676900618890444,-0.03813865502992655
9.962912625618161,9.954791398327439,-0.037087374381839476,-0.04520860167256179
9.96259469269396,9.963622645225305,-0.037405307306038985,-0.03637735477469569
9.962277198769854,9.944917999583899,-0.03772280123014556,-0.05508200041610167
9.961960147572047,9.92524411648701,-0.038039852427953526,-0.07475588351299087
9.961643542821546,9.96061807308895,-0.038356457178453346,-0.039381926911049386
9.961327388234125,9.946043449261598,-0.03867261176587494,-0.053956550738401186
9.961011687520267,9.961901199032365,-0.038988312479732,-0.03809880096763546
9.960696444385135,9.929800079291024,-0.03930355561486452,-0.07019992070897688
9.960381662528517,9.95138229521603,-0.03961833747148292,-0.048617704783970726
9.96006734564479,9.950912447718478,-0.03993265435521118,-0.049087552281521465
9.959753497422868,9.949297461551627,-0.04024650257713083,-0.05070253844837328
9.959440121546177,9.973142224052447,-0.04055987845382328,-0.026857775947553737
9.959127221692587,9.976218613914115,-0.04087277830741351,-0.023781386085883937
9.958814801534386,9.959990617757308,-0.04118519846561373,-0.040009382242692654
9.958502864738234,9.952217516212377,-0.041497135261765544,-0.04778248378762249
9.958191414965116,9.954697239886666,-0.04180858503488359,-0.045302760113332986
9.957880455870303,9.96752330088911,-0.04211954412969819,-0.03247669911088916
9.9575699911033,9.999578041768263,-0.04243000889669891,-0.000421958231737303
9.957260024307823,9.970958261903283,-0.0427399756921764,-0.02904173809671667
9.956950559121735,9.955192515032874,-0.04304944087826583,-0.044807484967126235
9.956641599177011,9.938469553997951,-0.04335840082298925,-0.06153044600204915
9.9563331480997,9.975601887355701,-0.04366685190029884,-0.024398112644299644
9.956025209509882,9.926195333166485,-0.04397479049011856,-0.07380466683351616
9.955717787021612,9.963824805058561,-0.04428221297838703,-0.036175194941439226
9.9554108842429,9.937638715990913,-0.04458911575710052,-0.06236128400908801
9.955104504775646,9.974541447780478,-0.04489549522435426,-0.025458552219522868
9.954798652215615,9.960325537064797,-0.04520134778438539,-0.03967446293520321
9.954493330152385,9.966561054798484,-0.045506669847614846,-0.03343894520151501
9.95418854216931,9.925934915884111,-0.04581145783069011,-0.07406508411588937
9.953884291843474,9.922947547304357,-0.0461157081565263,-0.0770524526956433
9.953580582745651,9.991897537143112,-0.04641941725434881,-0.008102462856887545
9.953277418440265,9.952470575888386,-0.04672258155973491,-0.047529424111613754
9.952974802485343,9.960221541846845,-0.04702519751465616,-0.03977845815315534
9.952672738432481,9.962156707484233,-0.04732726156751929,-0.03784329251576767
9.952371229826792,9.95899125161745,-0.04762877017320831,-0.04100874838255063
9.952070280206874,9.950449973823275,-0.047929719793126574,-0.04955002617672488
9.951769893104762,9.95467928224673,-0.048230106895237435,-0.04532071775327043
9.951470072045893,9.946145846016092,-0.04852992795410624,-0.05385415398390728
9.95117082054906,9.941361671983303,-0.048829179450941465,-0.05863832801669718
9.950872142126363,9.936701023496653,-0.049127857873636605,-0.06329897650334673
9.95057404028319,9.916124414009825,-0.04942595971681046,-0.08387558599017386
9.950276518518152,9.988103681897506,-0.04972348148184887,-0.011896318102493392
9.949979580323054,9.954157029077415,-0.05002041967694554,-0.04584297092258496
9.949683229182856,9.910875912232093,-0.050316770817143565,-0.08912408776790734
9.949387468575624,9.942131333957256,-0.05061253142437544,-0.057868666042744446
9.949092301972495,9.965776557168319,-0.05090769802750433,-0.03422344283168087
9.948797732837635,9.9511433126173,-0.05120226716236529,-0.048856687382699965
9.948503764628194,9.916829761239963,-0.051496235371804956,-0.08317023876003733
9.948210400794277,9.87619058718479,-0.051789599205722785,-0.12380941281520955
9.947917644778888,9.951378490900403,-0.05208235522111121,-0.04862150909959611
9.947625500017903,9.955307139532957,-0.05237449998209667,-0.04469286046704212
9.94733396994002,9.978632525046066,-0.052666030059979,-0.021367474953933367
9.947043057966727,9.960169292509239,-0.05295694203327216,-0.03983070749076109
9.946752767512255,9.943315857138048,-0.05324723248774482,-0.056684142861952155
9.946463101983541,9.959937872847828,-0.053536898016459535,-0.04006212715217253
9.946174064780188,9.947570056645844,-0.053825935219813326,-0.05242994335415603
9.945885659294422,9.963376792013458,-0.05411434070557728,-0.036623207986543
9.945597888911063,9.930388553020476,-0.05440211108893698,-0.06961144697952337
