Actual_Level,Predicted_Level,Actual_DeltaH,Predicted_DeltaH
0.5698103575725315,0.5721193916114452,0.0,0.013047575178440836
0.460459690484766,0.46251015284278574,-0.10935066708776553,-0.10476837525897786
0.5228771352531987,0.5280406985773369,0.062417444768432695,0.06988352088172298
0.432172136544617,0.4110973671746776,-0.09070499870858167,-0.07741473559213144
0.5116874912719542,0.5161398481747255,0.07951535472733723,0.05752244675431182
0.5329620005540722,0.5670233892959248,0.021274509282117937,0.0163040503263176
0.5693756414929968,0.5543703784319655,0.03641364093892463,0.032702480608260316
0.3536678994756568,0.37756908621091173,-0.21570774201734,-0.2285687284416971
0.5729835482124688,0.5778309293582131,0.21931564873681197,0.21346397138286655
0.4848723428975691,0.4760989673191945,-0.08811120531489969,-0.10644467677574213
0.38044754356452937,0.3347664638055983,-0.10442479933303972,-0.09195661598210444
0.44193753605626906,0.4511645956405901,0.0614899924917397,0.061199432939584
0.5511053237030704,0.54890274811963,0.10916778764680135,0.10031237683100949
0.417600158568608,0.39115696210362977,-0.13350516513446242,-0.12467284328103473
0.41813102436078453,0.41264496344863894,0.0005308657921765381,-7.301631371991384e-05
0.4912281241644901,0.49410605257313367,0.07309709980370555,0.07318838166640464
0.6157516885772076,0.5974638720464355,0.12452356441271756,0.1191442654087156
0.5279208056334744,0.5119325044577618,-0.0878308829437332,-0.10201403356183734
0.45401027569203467,0.4381591228841549,-0.07391052994143976,-0.08003961856259881
0.5746139309991759,0.548434492812162,0.12060365530714123,0.1297597697228214
0.5417046447858608,0.5393230758142395,-0.032909286213315125,-0.032823201993116786
0.5501500585419848,0.5516102141396333,0.008445413756124065,0.02246327061122235
0.44589390368751536,0.4623889210682062,-0.10425615485446948,-0.08515567832343827
0.5350522158656618,0.5137049708356047,0.0891583121781464,0.0761479708034565
0.5314350932013664,0.5637077607299377,-0.003617122664295369,-0.007419691223714116
0.4301477461854775,0.44995849051110987,-0.10128734701588887,-0.10510173367067782
0.5828466231520704,0.5667044153801626,0.15269887696659284,0.15672870486631024
0.59203787194876,0.625377695646867,0.009191248796689644,0.029141054475621098
0.5550205653745073,0.53234063853117,-0.03701730657425273,-0.053356719873169756
0.5731800774496887,0.5759610400313027,0.018159512075181405,0.026238491429666395
0.49632331486149794,0.4883840963738175,-0.07685676258819074,-0.08356884724706648
0.4856391711296142,0.48538674479804794,-0.010684143731883755,-0.009348362542266658
0.5033012513562779,0.5028761551064893,0.017662080226663712,0.017550556593405153
0.5613420398340078,0.5252441976797619,0.058040788477729865,0.05479110982221252
0.5234133959359938,0.5220287767954108,-0.03792864389801398,-0.026349566951309016
0.49902888921059974,0.5047450332176222,-0.02438450672539405,-0.03337441415499635
0.4988938562724299,0.49623348016911983,-0.0001350329381698545,-0.008880755063469166
0.47061520567977544,0.4734927251372769,-0.028278650592654442,-0.027226233090320504
0.5490907980653396,0.5450056794049861,0.07847559238556412,0.06474987745582142
0.6099241307058408,0.608420761503318,0.06083333264050128,0.06556429458238142
0.49953434284524456,0.4872651047294309,-0.11038978786059628,-0.1090701595119147
0.5366700450013796,0.5335683015454213,0.03713570215613504,0.030662627270059875
0.46290709607880154,0.457238006581985,-0.07376294892257806,-0.08230189913174019
0.5892543946247456,0.6022411767616447,0.12634729854594406,0.1304228579730302
0.5067647014938117,0.5009630827361545,-0.0824896931309339,-0.08126881643795208
0.5248353322292956,0.4957336681674792,0.018070630735483872,0.01752264566486561
0.39141227158544134,0.36241397454332397,-0.13342306064385423,-0.12590803229001543
0.594034222799052,0.624770903001297,0.2026219512136107,0.19015629650728194
0.44928607175113094,0.4301748467144987,-0.1447481510479211,-0.15748186365787686
0.4984357190116274,0.48667700043533446,0.049149647260496476,0.05416888708579111
0.4148735218513297,0.41646929401585003,-0.08356219716029772,-0.08158609017946622
0.5295066226368109,0.5511007357619712,0.11463310078548122,0.10921258545391893
0.46711658853970084,0.4897716132922368,-0.06239003409711008,-0.0720049554837548
0.5212998854725344,0.5633700540575747,0.054183296932833525,0.04848900756647766
0.6215388321041941,0.6045465051186314,0.10023894663165978,0.10604294062833801
0.5612760855589611,0.5753560818621535,-0.060262746545233004,-0.06915704860366587
0.461530275816954,0.4799802955379662,-0.09974580974200714,-0.08869990771607537
0.4893517466249615,0.46570623254799404,0.02782147080800751,0.02754453082315922
0.4675124282461184,0.46859118689196366,-0.02183931837884312,-0.03553790759787456
0.4718229177501292,0.4592866926643107,0.004310489504010806,0.00528183584575647
0.47905913110931386,0.46151194216926844,0.007236213359184673,-0.0032992665753344853
0.6214690265771877,0.6548249727538004,0.14240989546787386,0.1341215025840326
0.5413548439608156,0.5167780251056057,-0.08011418261637215,-0.0843769141783827
0.6378226789201442,0.6254870114517822,0.09646783495932865,0.0932978294841326
0.5956999529734276,0.6322449548374364,-0.04212272594671662,-0.03617666421908182
0.6215339652332987,0.615117111518222,0.025834012259871142,0.0267651087778101
0.48259975307466074,0.4793799151100137,-0.138934212158638,-0.13555947145638897
0.5627863975602933,0.5780636000697432,0.08018664448563251,0.10154150959900206
0.5146477232225628,0.5454226532482718,-0.04813867433773045,-0.041521412601829476
0.48326191814850805,0.477940125882785,-0.03138580507405475,-0.02528750616906707
0.4544028353429943,0.4699535299030322,-0.028859082805513747,-0.03370714909520812
0.4930569794281454,0.5122409757750959,0.03865414408515111,0.058204932486972685
0.5619050304478531,0.5698751968964688,0.0688480510197077,0.06041354930176195
0.6008241758654326,0.6051740394910329,0.03891914541757946,0.034591270827436946
0.5778894528520055,0.5509286467164881,-0.022934723013427027,-0.00933407977960315
0.5518995027460034,0.5378869161059591,-0.025989950106002135,-0.03598951867118398
0.46863819334114454,0.4938329491779631,-0.08326130940485887,-0.0644649746845277
0.5192424927414867,0.5452991040192816,0.05060429940034217,0.050788158968969814
0.5981467623789611,0.6170711680131912,0.07890426963747443,0.07222867427571028
0.5149832217267725,0.5337203752464267,-0.08316354065218867,-0.0831016163103183
0.5084463329772803,0.4920303911117256,-0.006536888749492209,-0.0019917665870018515
0.5781809777928067,0.5762661558381884,0.06973464481552649,0.07312476808705333
0.5183933780405962,0.5098203295615332,-0.059787599752210596,-0.06073121288081128
0.6083049576612071,0.5593911725106199,0.08991157962061092,0.0915110009165184
0.6084280105779443,0.6219302888766551,0.00012305291673719854,0.007211330978260195
0.5122130493242352,0.511069881643588,-0.0962149612537091,-0.08036751183001317
0.5938793225085409,0.6054872625797186,0.08166627318430575,0.07889819608372053
0.5164916425698374,0.5325936214313256,-0.07738767993870355,-0.06631587247810407
0.5017782975854793,0.4768062883669291,-0.014713344984358057,-0.0130212665465444
0.5947266200790426,0.5804860193887754,0.09294832249356333,0.09354594899477564
0.45049436615686517,0.46175620655872684,-0.14423225392217748,-0.13477228308582576
0.5460018988011296,0.5514665073759801,0.09550753264426443,0.08958767923371845
0.5171181346121552,0.5241281394387287,-0.028883764188974426,-0.03868868333536321
0.5132243620095788,0.4704766945683121,-0.0038937726025763952,0.0010431841063908778
0.5306911911545875,0.4905685502601559,0.017466829145008744,0.011680100876735327
0.5260535190080656,0.5189248876848422,-0.004637672146521887,-0.017376398663607177
0.5476711751908331,0.5524156319372489,0.021617656182767453,0.032238780806864986
0.5633121537031796,0.5766941490843243,0.01564097851234647,0.013680003793461888
0.615961861500698,0.611749304517026,0.05264970779751843,0.05225442822283359
0.506447938635475,0.51435106062667,-0.10951392286522299,-0.12259381027861792
0.4432676796039061,0.434558713225278,-0.06318025903156888,-0.06008435494198265
0.5603030024358229,0.5443005135314947,0.11703532283191675,0.12474042377263819
0.531674912701899,0.5374296299951891,-0.028628089733923834,-0.03152949416384942
0.49045360433477414,0.5121800841822062,-0.0412213083671249,-0.03874650272707423
0.5635842026844415,0.5901344550979383,0.0731305983496674,0.07205592280170905
0.5038773993550055,0.4955130252643017,-0.05970680332943601,-0.06096785015149115
0.5742572451850626,0.5749622258472116,0.07037984583005708,0.07508305374547336
0.43229663725830003,0.4476373239344713,-0.14196060792676257,-0.1471648614669391
0.5037956294253725,0.49066226766608617,0.07149899216707245,0.07452465353185381
0.649589052480584,0.6548566751375883,0.14579342305521148,0.1320960707966238
0.4980896228050061,0.4837205415454313,-0.15149942967557783,-0.13918668563941133
0.578523740839587,0.6022144397657817,0.08043411803458089,0.07920204390733447
0.5417012359380642,0.5576436951618517,-0.036822504901522835,-0.047969180145979964
0.5076057335640596,0.5423348114709827,-0.034095502374004605,-0.029768484633944402
0.4923514490313789,0.49574809530990155,-0.015254284532680684,-0.0006925490763999564
0.5761731034006268,0.5922620727843052,0.08382165436924788,0.07511590823614492
0.49131516058788904,0.4850744970380965,-0.08485794281273773,-0.08725339511853071
0.6128185863112491,0.6005080470320278,0.12150342572336004,0.11734917564496135
0.5934227961710937,0.6064900483660898,-0.019395790140155356,-0.014071241289224934
0.5924727530419328,0.5600641246164594,-0.0009500431291609157,-0.017703204653285873
0.5686156231951347,0.5536266044975696,-0.02385712984679811,-0.030904998918510874
0.561743511106522,0.5575304602965687,-0.006872112088612714,-0.0027607261470185586
0.4842192242881929,0.473410486447718,-0.07752428681832907,-0.07312072347191273
0.47343174395381826,0.47097970040262027,-0.010787480334374655,-0.00501780232953381
0.5072257102018293,0.4772960188668443,0.03379396624801101,0.040104593007263586
0.5730222090921181,0.5500939671785123,0.06579649889028882,0.08008526966397916
0.5718004392712436,0.568181296703735,-0.0012217698208745187,-0.0022482045665415482
0.5577156105801302,0.533857126814701,-0.014084828691113382,-0.021420486698552888
0.5824651277006547,0.6207575147190164,0.024749517120524533,0.038540743859569675
0.5690494035920265,0.6041359641912131,-0.013415724108628235,-0.019605562877516122
0.4875712801414801,0.4973004872012615,-0.08147812345054639,-0.08417574215645465
0.5716137277560057,0.5668500372334759,0.08404244761452562,0.07223768595063326
0.5517367890204304,0.5422811807001473,-0.019876938735575278,-0.02530634153315437
0.5053995427212771,0.49516887069518734,-0.04633724629915337,-0.05603185028330921
0.5202329112608597,0.5074962705680346,0.014833368539582614,0.013913376876852004
0.6063155276937136,0.5833916732818699,0.08608261643285386,0.0803228566065403
0.7000992510956551,0.6911248859621651,0.09378372340194152,0.09496267011330384
0.555765641441685,0.5446175617274301,-0.14433360965397002,-0.13450290785394298
0.4607365916805898,0.4808285606818666,-0.09502904976109527,-0.12439138127134984
0.5707462246542019,0.611822400157777,0.1100096329736121,0.10170253093405077
0.6429949446894861,0.6465173310965625,0.07224872003528426,0.08005095811229418
0.6002332380866843,0.6204943943230428,-0.042761706602801874,-0.04899640405766428
0.5629910129441832,0.5680321490775285,-0.037242225142501084,-0.04000708124182942
0.5377626112231547,0.5219244733594809,-0.02522840172102847,-0.023280261954153936
0.5477690176006866,0.5335164375494479,0.010006406377531918,0.0019246184950617133
0.5540868200826965,0.5596347764655504,0.00631780248200986,-0.0016052425545321145
0.5016656924791103,0.5393091679749428,-0.05242112760358619,-0.056957788947174695
0.5786095399665191,0.5658440469560553,0.07694384748740879,0.08683619254116758
0.488915117090613,0.49383865704420055,-0.08969442287590607,-0.07645058276853864
0.6606640586286429,0.6773970238526977,0.17174894153802983,0.1669171739254595
0.5910671236033251,0.6044779089681129,-0.06959693502531772,-0.062190075477134295
0.6213618859001744,0.6563371108183831,0.030294762296849242,0.038408818646622836
0.5876598624546339,0.5939367015203526,-0.03370202344554052,-0.035362499806445076
0.5548605878035754,0.5602155719852769,-0.032799274651058474,-0.033060124774636976
0.5299910291342927,0.5510769484366052,-0.024869558669282643,-0.02422337263260356
0.5687328112701076,0.5777308363756604,0.038741782135814806,0.02971482834622191
0.5933218043696941,0.5830363550775018,0.02458899309958651,0.02855682614058104
0.5855901592484334,0.5742592863823217,-0.007731645121260677,-0.008210297739857408
0.6198380189686243,0.6293727756826142,0.034247859720190954,0.03365656943108033
0.4814270563333818,0.48159656811259005,-0.13841096263524255,-0.12820211905121093
0.5594423454869585,0.5599134080307313,0.0780152891535767,0.09610170479187431
0.5621865206183031,0.6074636440746237,0.002744175131344617,-0.003051828249189234
0.6274562269033448,0.6311819085005484,0.0652697062850417,0.06183175188671268
0.5021291336749348,0.5075347532925519,-0.12532709322840996,-0.1348757442526771
0.4901440267707266,0.48069660222997634,-0.011985106904208231,-0.021299889292641188
0.6071537345076085,0.6264607820818617,0.11700970773688185,0.10013232361956384
0.5094506153389873,0.5069779193323417,-0.09770311916862118,-0.08904770698244596
0.4653526861338634,0.499150704848338,-0.0440979292051239,-0.025960597993604267
0.5165542871751982,0.5107155892213421,0.051201601041334865,0.03849132300432012
0.6338724516578406,0.6293820030643235,0.11731816448264232,0.09719976353443807
0.6144417102877171,0.6136083371281447,-0.01943074137012346,-0.02200221739183303
0.604509432027989,0.6070656994374485,-0.009932278259728089,-0.008711513720553295
0.5489475204570002,0.5530751557586425,-0.055561911570988776,-0.05352271364587849
0.5385851235009527,0.5589127973137777,-0.01036239695604757,-0.01734686290467987
0.5754437782346243,0.5931807006297364,0.03685865473367167,0.05727538704344421
0.5584725019916569,0.5632170796232018,-0.01697127624296746,-0.03297342780002746
0.5245556310858145,0.5615429461387281,-0.03391687090584239,-0.05046312582981117
0.6644582815082226,0.6467427754910511,0.13990265042240813,0.14153766706465817
0.5869958405914883,0.564070011679293,-0.07746244091673427,-0.06838318377086618
0.5757354645159987,0.5855418043182885,-0.011260376075489686,-0.00305319568541537
0.5676107308053825,0.5095521349511624,-0.008124733710616172,-0.014189420153740157
0.4925642113435045,0.5013854447688354,-0.07504651946187801,-0.08203588613253457
0.513668466108355,0.5268704860118838,0.02110425476485056,0.030003796041416828
0.48919542717705056,0.4908281438326903,-0.02447303893130448,-0.027451115935286978
0.5594553086027368,0.5381180515380759,0.07025988142568629,0.0794766630229429
0.46125626012499643,0.4604938115939268,-0.09819904847774041,-0.1013638473505956
0.6312704153575904,0.608773886922923,0.170014155232594,0.18068148672724316
0.5356346734773151,0.5281975747273164,-0.09563574188027535,-0.10856144883329581
0.47413393425482997,0.4494191957855779,-0.06150073922248511,-0.04678909458500028
0.5769189445427078,0.5910597122336142,0.10278501028787779,0.1054271605438824
0.5654983858170457,0.5560731763665251,-0.011420558725662056,-0.02283878748438761
0.5370164875656892,0.5631944507004026,-0.028481898251356497,-0.01678687095658276
0.5177995619002759,0.48629763416256494,-0.01921692566541333,-0.019974717682163627
0.5194338325384766,0.4751705065146332,0.0016342706382007632,0.005782786301036407
0.5929668929390657,0.6079655477727203,0.07353306040058905,0.06033469699118555
0.6193761513297465,0.5991656004742584,0.026409258390680868,0.02257830497499276
0.6692458683976084,0.6652353777222477,0.04986971706786181,0.033646676200598954
0.5769814557333118,0.5916591349993893,-0.09226441266429652,-0.11233770819063679
0.5249844257825358,0.5500095951435844,-0.05199702995077604,-0.05757590220931145
0.6017212313081817,0.59432416499531,0.07673680552564588,0.08404641306845329
0.5844837525609958,0.6044283087455171,-0.01723747874718584,-0.001958433646528649
0.6290784313679691,0.6467702355468077,0.04459467880697332,0.05017748502180318
0.515327615475159,0.5163280409675801,-0.11375081589281011,-0.11176309339155482
0.5960794470227109,0.5661651405676379,0.08075183154755183,0.08608213179285805
0.6046038359853071,0.607019500686584,0.008524388962596219,0.0026601941926622397
0.5766187246676672,0.5733257443733221,-0.02798511131763992,-0.030181321631512145
0.6601860440312836,0.6932288367801397,0.08356731936361639,0.09654495381249105
0.5121695540537133,0.5039242756157256,-0.14801648997757022,-0.15585141048926993
0.6316902805534215,0.6388938309258835,0.11952072649970813,0.10436140156915039
0.5783253646814718,0.6331014384902232,-0.05336491587194969,-0.056355769280316347
0.6095839249312733,0.625426902834985,0.03125856024980156,0.056630941368632066
0.5758758360607847,0.551890449115729,-0.033708088870488595,-0.02675850667606777
0.5664546469812369,0.5370102654071841,-0.00942118907954781,-0.009802835168340442
0.5768257938193094,0.5565623566452331,0.010371146838072498,0.007418228011453016
0.5245372703097144,0.5305398117138843,-0.05228852350959501,-0.07167140276104393
0.5572803084665227,0.5571833425971404,0.032743038156808235,0.02293132609426929
0.6027856570549585,0.6172217919190482,0.0455053485884358,0.04212848785952593
0.5431739208418451,0.537205409350707,-0.05961173621311333,-0.05787725984125802
0.5481937600060741,0.5547549657848819,0.00501983916422899,-0.0012966252833947669
0.524816615352978,0.520934904878524,-0.02337714465309615,-0.02897423410087712
0.5543699136687059,0.554762670256264,0.02955329831572795,0.018692336766726922
0.5425676685404998,0.5318261451248376,-0.011802245128206157,-0.009611344890273234
0.6527842668668087,0.6474947856782471,0.11021659832630892,0.10964281196771619
0.5308053625381539,0.5516572585868432,-0.12197890432865477,-0.1307280041303223
0.6271019761239858,0.5967518897616992,0.09629661358583186,0.08883732095053777
0.5347354341121755,0.5383104423522528,-0.09236654201181027,-0.10179031965649203
0.623271691425485,0.658786036371356,0.0885362573133095,0.08668789336924501
0.6171280362610289,0.6282096559563027,-0.006143655164456141,-0.004509366583118824
0.6016380887803138,0.5875535729643994,-0.015489947480715083,-0.01083074265013194
0.6054769590408843,0.578618873942642,0.003838870260570504,0.00048826065984968955
0.5942156606960428,0.5899123249178365,-0.011261298344841464,0.0007591933571525523
0.5644415999066187,0.607430808321677,-0.029774060789424128,-0.020489511031249734
0.6062160888621341,0.6101879603577192,0.04177448895551539,0.03662136566244758
0.5328823228072237,0.5405530494886456,-0.07333376605491038,-0.07637194595667329
0.6099796844490434,0.6525678241154931,0.07709736164181968,0.04943151453412093
0.5764118302325233,0.6029409942321742,-0.03356785421652009,-0.015383089124785952
0.6448642725489194,0.6245689657230268,0.06845244231639613,0.06398593938276258
0.6714601119457702,0.6839690011073565,0.02659583939685073,0.018637693468376907
0.6655957016048353,0.6997603869056749,-0.005864410340934878,0.0013593933611512326
0.5120832334691741,0.4977886211191866,-0.15351246813566122,-0.13832095968847227
0.5601999389628186,0.5413326304057526,0.04811670549364455,0.060652392007809176
0.5400314982245678,0.5406964230512984,-0.02016844073825086,-0.028023363943950483
0.4661720870601037,0.46834037909085796,-0.07385941116446404,-0.07839456126337703
0.564042945372597,0.5841154198415155,0.09787085831249331,0.09055201139540485
0.520505838978602,0.5036661459487306,-0.043537106393994995,-0.041598366841499874
0.6702381991382342,0.6814832327970207,0.1497323601596322,0.165539329520631
0.5913464166634286,0.5971232800528006,-0.07889178247480566,-0.08082399690415042
0.4999048059456256,0.5054865557669054,-0.09144161071780299,-0.07414640951061999
0.5051200672880446,0.53163536067691,0.005215261342419009,0.013739898166224515
0.5417077303776119,0.5569383033347359,0.03658766308956729,0.044799393129781095
0.6230303576229773,0.6204391573342266,0.08132262724536543,0.07387347994772593
0.579424555035818,0.5695322767345113,-0.04360580258715929,-0.046311187023845554
0.652037143147298,0.658999911009144,0.07261258811147997,0.06809828795213624
0.6204863236510965,0.6342180906298199,-0.03155081949620153,-0.01250101874387138
0.5879034422856508,0.6182140717761144,-0.032582881365445626,-0.041715967042771925
0.4853217323753703,0.4761848819133154,-0.10258170991028054,-0.0782934297255331
0.6581338362237248,0.6268997773294674,0.1728121038483545,0.16724248079373105
0.5354259789102803,0.5029356424551109,-0.12270785731344447,-0.12440143477606994
0.6702184069386844,0.6534247998488851,0.13479242802840408,0.15459112002351852
0.5844759287403377,0.5728328549670251,-0.08574247819834668,-0.07994573531769864
0.5906033455313909,0.6052425758966351,0.00612741679105322,0.01730228596668113
0.5914868551471895,0.6174951045842209,0.0008835096157985278,-0.0014773922174684123
0.5973736699877541,0.6193817124447202,0.005886814840564636,0.0075111136007492245
0.5774032824793749,0.5905921570198371,-0.019970387508379206,-0.034016370413138514
0.5850045766678722,0.5676221625175909,0.0076012941884973095,0.017623582074666744
0.5960509517540027,0.6284328707410393,0.011046375086130489,0.011309203710831581
0.592380790509166,0.5821035947526724,-0.003670161244836656,0.0016821522356104393
0.5595956027291629,0.5689261136907041,-0.03278518778000317,-0.04434071562847094
0.6568287843662741,0.6655626044457149,0.09723318163711125,0.07949174202464104
0.5997367093466403,0.6329123447037776,-0.05709207501963387,-0.056755565019650824
0.5868513925431754,0.5493435803893659,-0.01288531680346483,-0.010138337267146792
0.592044223755351,0.6417039927541733,0.005192831212175619,0.015571781559724465
0.6037553680981335,0.6167764466549143,0.01171114434278242,0.020398875144026593
0.5909973843354337,0.5717130096992824,-0.012757983762699765,-0.020517283919574157
0.629698314891493,0.61230292222446,0.038700930556059276,0.039425372122866544
0.5908911485331202,0.6058398277376014,-0.03880716635837278,-0.0621395436667074
0.7392565048731228,0.7255947630426418,0.14836535634000259,0.17037898705252513
0.6002552741673973,0.5979941668200767,-0.13900123070572545,-0.1280048116355986
0.6869925689529486,0.6896168462115109,0.08673729478555126,0.0902315294732099
0.5949834722940653,0.5726004033748502,-0.09200909665888324,-0.09003008531574107
0.6254709986948354,0.6629247467453905,0.030487526400770015,0.0423938595234561
0.567577602033635,0.5690033692621528,-0.0578933966612003,-0.07773834514883371
0.56935867100723,0.5604015423110172,0.0017810689735949792,0.002321488798585879
0.6572058389512736,0.6772732106942679,0.08784716794404357,0.08255364745430159
0.6595971327337439,0.6503379613870758,0.002391293782470272,0.011145689151911966
0.49859213930242297,0.4845341952425699,-0.1610049934313209,-0.15697043627968885
0.554189565239871,0.566234304570339,0.055597425937447986,0.08139576541100252
0.5314597188048862,0.5352340284299372,-0.02272984643498477,-0.024298671404031455
0.6470122690609507,0.6750117897341636,0.11555255025606448,0.11010745021865524
0.5979129756992747,0.6009734134966492,-0.049099293361675955,-0.0424608513676807
0.6187482723514629,0.5935901711354155,0.020835296652188195,0.03351698489075179
0.5312471634661595,0.5105204309412102,-0.08750110888530338,-0.07154241659394131
0.5509912807998749,0.5511984760869275,0.019744117333715394,0.022949803220282214
0.6429848011490165,0.5993934919032173,0.09199352034914154,0.07612608677458545
0.6568721018843757,0.6257933910475693,0.013887300735359265,0.014491549509462357
0.6063699094569659,0.6005226023559211,-0.05050219242740983,-0.0639553579751858
0.633175615992823,0.6326800814473345,0.02680570653585712,0.02638828432062814
0.6284240902660994,0.6339370639302495,-0.00475152572672366,0.0027909996417002135
0.6846959065674117,0.6747114754982817,0.056271816301312394,0.05850275907676928
0.565389779766012,0.5903821714608142,-0.11930612680139974,-0.11463749708437149
0.6544460003176094,0.6276542699702289,0.08905622055159734,0.08667453100502173
0.5769602531858007,0.5397319013521477,-0.07748574713180867,-0.08019194456858211
0.5584700886120622,0.5748502112408305,-0.018490164573738532,-0.011206215548902897
0.6060984799832702,0.6378068327855615,0.047628391371208,0.04463579421890382
0.616522859687643,0.6229672385288395,0.010424379704372821,0.015122540375311706
0.6551646187658379,0.6784392245081836,0.03864175907819489,0.02772371497817519
0.6761061373606502,0.6705663684841018,0.020941518594812303,0.03857939317265684
0.5472869184264457,0.5274121462065713,-0.12881921893420445,-0.124847114702848
0.5726216773941131,0.5340575655133973,0.025334758967667348,0.021398731930138314
0.564690131054951,0.5642365574643187,-0.007931546339162043,-0.006987567415568356
0.6551949816911204,0.6573581579464038,0.09050485063616942,0.09199792384744003
0.6343956530886857,0.620170634958708,-0.02079932860243472,-0.0193568852906674
0.5273106299820913,0.5301313201960408,-0.1070850231065944,-0.0945681987312096
0.5661617415151599,0.5755090341712504,0.03885111153306853,0.05465481926618519
0.6009982213518017,0.6012287187077876,0.03483647983664184,0.02930648919690808
0.4965796821047813,0.526350654493968,-0.10441853924702038,-0.10308666052683975
0.4936239024429072,0.47035926208982437,-0.002955779661874103,-0.00966522017770921
0.635372228255169,0.6248916889405145,0.14174832581226182,0.1290644993381489
0.6063961764190144,0.5609865801613138,-0.028976051836154593,-0.03151065181745499
0.5815331664535907,0.5879742753627797,-0.024863009965423788,-0.02873580530739454
0.5843373395961653,0.6007492163319478,0.0028041731425746397,0.011657857417484341
0.7022974291269038,0.698497613624157,0.11796008953073855,0.10040977492127394
0.6737050430262443,0.7081545322165987,-0.028592386100659506,-0.036091507021176236
0.6404848307367704,0.6483206627527207,-0.033220212289473916,-0.021190166323673567
0.6227729031727935,0.6178920229089012,-0.01771192756397688,-0.03501003504110735
0.6595017442029667,0.610455457905629,0.036728841030173154,0.04213176273855318
0.6715435698663059,0.6808140178393988,0.012041825663339223,0.018458744465684893
0.6409486399698829,0.6182542063179197,-0.030594929896422984,-0.019952028969865327
0.5713923918480917,0.5840498702193923,-0.06955624812179129,-0.05521789453896438
0.6396035649167731,0.6308672842976937,0.06821117306868141,0.045402243859483396
0.6027096197751951,0.6037231681559245,-0.036893945141577955,-0.042694419200449765
0.6099584356127026,0.6291456235108072,0.007248815837507472,0.002358636383622768
0.6648249525985839,0.6519624531534488,0.0548665169858813,0.0561710833426889
0.6917738542492196,0.6714210938439737,0.02694890165063568,0.013888759985824797
0.6348377782704429,0.6225485686783697,-0.0569360759787767,-0.05365500962872381
0.5561176577203096,0.5420944190195268,-0.07872012055013322,-0.06869596265458451
0.6220381204619659,0.6271054919441569,0.0659204627416563,0.06541286899384724
0.6711621448311464,0.6623005534075559,0.04912402436918051,0.050455377184530914
0.5055213599688085,0.48752693651818796,-0.1656407848623379,-0.16957064365912108
0.6948118163539163,0.6763240053010298,0.18929045638510777,0.19894659361145114
0.6082014106105326,0.607876218504799,-0.08661040574338374,-0.0913702946019069
0.5400038787132035,0.5293073346015389,-0.06819753189732902,-0.06161779815415426
0.6098329308375616,0.5986321817115083,0.06982905212435808,0.06947716572693691
0.7191948136370387,0.6898781736748896,0.10936188279947712,0.11438016898423706
0.6646739544621021,0.6890706449520647,-0.05452085917493665,-0.06021513793790861
0.5850282614395755,0.5644317098492037,-0.07964569302252655,-0.10139111170177353
0.6590842351378433,0.6561028252310321,0.07405597369826777,0.07773121811480296
0.5939657278937355,0.5923936828440868,-0.06511850724410784,-0.05690300466791674
0.7233756379111063,0.7067138593230692,0.1294099100173708,0.1345519415666903
0.5595473251560993,0.5505381979854981,-0.16382831275500698,-0.15514330530997855
0.6615947131820797,0.6545941176179139,0.10204738802598046,0.1060393399470302
0.6086819818187428,0.6229823272122313,-0.05291273136333696,-0.027136204090157465
0.5688558260689041,0.5760505107883411,-0.03982615574983872,-0.04698606146429002
0.5028480652637062,0.5238554216069256,-0.06600776080519788,-0.06733459821395912
0.64451129720991,0.6310241520207289,0.14166323194620378,0.1250604172966122
0.6156325972913839,0.621015019174926,-0.028878699918526096,-0.04041986702396195
0.6072290651060545,0.6079893065152717,-0.00840353218532941,-0.01697593360871953
0.6447141928544408,0.6150669642325952,0.037485127748386304,0.031185082657368305
0.6239621064105695,0.6618558002782396,-0.020752086443871276,-0.02167454458473605
0.6381518725011127,0.6476235072629638,0.014189766090543232,0.016352853537666974
0.5880189815971352,0.590151410339068,-0.050132890903977545,-0.06563172374664844
0.6519406138796809,0.6326220811553908,0.06392163228254577,0.06388660528273227
0.6288922651322942,0.5870538356324957,-0.023048348747386704,-0.025453683882620273
0.6638008913883697,0.6602683482033553,0.03490862625607549,0.032141771575542516
0.6209125553906699,0.6364108493230839,-0.04288833599769981,-0.04130395129482768
0.5521201930363743,0.56263781788946,-0.06879236235429564,-0.07273357742685044
0.6992962388833212,0.6942629558528537,0.14717604584694688,0.16920477903805284
0.6930018925898547,0.7437751043266057,-0.0062943462934664796,-0.023678125638137863
0.6391187551843528,0.6284678143689737,-0.05388313740550188,-0.04987922985576219
0.6297838950023732,0.6239336664800348,-0.009334860181979598,-0.017546938720864932
0.6796454369886519,0.6576782679314674,0.04986154198627868,0.05496585955630584
0.6395212812904767,0.639870269153504,-0.04012415569817518,-0.026186895970051298
0.5665427216234712,0.5758366436099099,-0.0729785596670055,-0.07446377258700435
0.5937576667385237,0.6006311353188777,0.027214945115052513,0.01655004409192439
0.6134849460940961,0.5882079251091521,0.01972727935557239,0.029314046789331173
0.628555228497441,0.6398621885014258,0.015070282403344959,0.00896433404201856
0.6489634439051614,0.6305335932252147,0.02040821540772031,0.03598884447716884
0.6730884450547162,0.6685579400505325,0.024125001149554848,0.018382598599010296
0.6620279683221225,0.6505645413043233,-0.011060476732593694,-0.008988254891066607
0.48816579362250634,0.5374249567711464,-0.17386217469961618,-0.15418231240493227
0.6604235273619133,0.6611389539812398,0.172257733739407,0.1702109412868714
0.6340606158688603,0.5974039509172064,-0.02636291149305303,-0.028434171383839083
0.5949989457396888,0.5890443107138651,-0.0390616701291715,-0.03120569568219879
0.6288797292238313,0.6259562362927469,0.033880783484142474,0.025374451324971264
0.6465333636564804,0.6507535073062878,0.017653634432649112,0.0051930878496193374
0.6502601400609098,0.6469921259925654,0.0037267764044294216,0.0015938935937708227
0.6718276379516469,0.6812722697857422,0.021567497890737086,0.03535797287080236
0.5763473654518328,0.6140699748851034,-0.09548027249981406,-0.10041582301981931
0.6417521686450569,0.6513314539351974,0.06540480319322406,0.08241577845367584
0.565905854893357,0.5721914176590731,-0.07584631375169992,-0.08596938122300597
0.6370383163935225,0.6245110473824554,0.0711324615001655,0.09321373902354563
0.6611764856132143,0.6826308404459439,0.024138169219691807,0.025902892305798713
0.6341398047458512,0.6169353844274253,-0.027036680867363105,-0.020564076874174612
0.7053478859185034,0.7038241501956112,0.0712080811726522,0.06077980896261206
0.7151484845839371,0.7237288916821133,0.009800598665433702,0.015000391623989362
0.5612950810487467,0.5622032826474341,-0.1538534035351904,-0.1456614244120186
0.6698290246677029,0.6890532576772016,0.10853394361895619,0.10896298683802907
0.7521457914857403,0.7749324762005092,0.08231676681803746,0.08310316033868563
0.6311913869622268,0.6350746851442044,-0.12095440452351358,-0.113157704284329
0.6007049903380023,0.5995167561531741,-0.030486396624224477,-0.020814038574113035
0.6805429804429166,0.6833758135810554,0.07983799010491432,0.07665380741852097
0.6121191602942402,0.5987894341742032,-0.06842382014867643,-0.04981844260799387
0.6200448023313463,0.6208578362901366,0.007925642037106106,0.013651652635695073
0.6233935909835645,0.6623160657480258,0.0033487886522182153,0.002484975513674218
0.6409583512528905,0.6343846775004883,0.017564760269325963,0.00770996391181805
0.6416475012179444,0.6565936001054455,0.0006891499650539812,-0.01932780595467806
0.6732694885850432,0.7000633676516714,0.03162198736709876,0.005584191354428565
0.6928276602261559,0.6879041172208146,0.01955817164111273,0.016450282712793078
0.6295854015149969,0.608628297322197,-0.06324225871115907,-0.04562518489018706
0.6914637158211789,0.7066803889930062,0.06187831430618207,0.06451570071041816
0.6439642982008082,0.6588756664238274,-0.04749941762037069,-0.035855333369018985
0.6729507023308682,0.6663657467963658,0.02898640413005993,0.016807769356431593
0.569831107357817,0.5513332712859277,-0.10311959497305123,-0.10306671609240384
0.7097917961101072,0.7099871779787852,0.13996068875229029,0.13621115449215823
0.6927388755552626,0.6820058939210544,-0.01705292055484464,-0.013912703325350597
0.6293208843701578,0.6210227127562921,-0.06341799118510483,-0.06530707844427795
0.5453736946292993,0.5134819618422637,-0.08394718974085846,-0.08268062493211946
0.6179921477205348,0.6074187300124642,0.07261845309123549,0.07217545901000402
0.5895111963729759,0.620691080693226,-0.028480951347558903,-0.02636909261154664
0.7510632314038936,0.7590178201390001,0.16155203503091775,0.15651803165748288
0.7018152449918376,0.7159972558842435,-0.04924798641205608,-0.041505151272639276
0.6023088827234215,0.5845902084544885,-0.09950636226841603,-0.08449825586584178
0.6577776052109843,0.6727822949670635,0.05546872248756274,0.05064837333753238
0.6612623516139507,0.649032296328456,0.0034847464029664765,0.003521790340068233
0.6672498347437955,0.6879955085954743,0.005987483129844762,0.007017054259780622
0.7011251360934182,0.6868250444828041,0.03387530134962269,0.03562240359146373
0.654785044249087,0.6568971025300162,-0.04634009184433119,-0.030117233566417885
0.6371649003771909,0.6323116276316909,-0.017620143871896143,-0.023993228219299598
0.6457002080089946,0.6266109958075403,0.008535307631803768,0.00493850706173195
0.5641481967587337,0.5765511733749707,-0.0815520112502609,-0.0905365045958883
0.6858985688808245,0.6990854116510287,0.12175037212209072,0.12044855623271744
0.6326004424912508,0.6390856981241165,-0.05329812638957365,-0.06452691870610214
0.6507802079957606,0.6415803457295642,0.018179765504509837,0.014723766689044331
0.6695910241812358,0.6852255481610664,0.0188108161854752,0.038055246434582676
0.7180420087640614,0.741815100934996,0.048450984582825596,0.04581405113863679
0.5738108671132985,0.5780075343741647,-0.1442311416507629,-0.15583488763592385
0.6696330805342516,0.7047583281015106,0.0958222134209531,0.10645385304956091
0.6233618549223614,0.6204652278145145,-0.04627122561189023,-0.04814996683550493
0.635328685869719,0.6320084666417669,0.01196683094735762,0.028502451043092507
0.6094096107536681,0.5427746830446953,-0.02591907511605096,-0.02114764139022786
0.6719374916688435,0.6726948527893615,0.06252788091517547,0.06481431647655825
0.7163606169562456,0.7050954853565194,0.04442312528740211,0.03317635269969058
0.6434932107499385,0.6688236655088944,-0.07286740620630716,-0.07443080786883134
0.6453181346852227,0.6515995202793889,0.0018249239352842173,0.015866754873076684
0.6730148834113315,0.6738049224360284,0.027696748726108833,0.026273623517753354
0.6646204917558424,0.6751838377004309,-0.008394391655489164,-0.003746247929851585
0.5843580928470126,0.5809738549303715,-0.0802623989088298,-0.09165112889933101
0.6527676889373446,0.6868644598720571,0.06840959609033204,0.05820525231353414
0.734177417596635,0.7526438337336816,0.08140972865929041,0.08253000222347139
0.6045597172176106,0.6213601293498945,-0.12961770037902443,-0.12363780304531394
0.5762850716458048,0.5654242782771431,-0.028274645571805812,-0.02519465200928999
0.6661913694244109,0.6713029072053083,0.08990629777860615,0.08198015880485943
0.7154608129392362,0.7157955461851254,0.04926944351482532,0.0366437918401874
0.7393676269222522,0.7402155803493725,0.023906813983015973,0.011987516337750971
0.6248419848631455,0.6053462344725292,-0.11452564205910676,-0.12363558817238728
0.6630728630041988,0.665888451234401,0.038230878141053304,0.040374639327557485
0.7172998059994387,0.6870191715092903,0.05422694299523989,0.04453431417243418
0.5665037469620199,0.5859714689968317,-0.15079605903741877,-0.16678399647532788
0.6628648666745557,0.6647999637011676,0.0963611197125358,0.09634971330741127
0.7703793563720853,0.7708478511784334,0.10751448969752964,0.11496103535249744
0.6875651460316864,0.6742809323831532,-0.08281421034039893,-0.06412253027017195
0.5740587132530492,0.5759669543507737,-0.11350643277863715,-0.12800020611103138
0.627551555713411,0.6618261547267791,0.05349284246036179,0.0640602518887876
0.6288052317358136,0.6124717085041527,0.0012536760224025612,-6.409085366662929e-05
0.6590303747736661,0.6379939576423423,0.03022514303785251,0.04194693982603033
0.6433931263184669,0.6378174154338048,-0.015637248455199204,-0.011509116702830762
0.6623955128190082,0.6615649160198449,0.019002386500541313,0.01815095004718038
0.76063857763635,0.7460250836129926,0.0982430648173418,0.08371128973598559
0.6616267903629306,0.6459608695407177,-0.09901178727341942,-0.08381425693191864
0.6003586609767169,0.6269018917065802,-0.06126812938621373,-0.06792826381149882
0.6808928985294112,0.6835360720149833,0.08053423755269429,0.1069888348685343
0.7002949672641248,0.6626958413770362,0.019402068734713618,0.010436644080003157
0.6963105709825529,0.6900440096789997,-0.003984396281571878,-0.00515488580625257
0.6905158233852345,0.6732191405899037,-0.00579474759731835,-0.002382675869061038
0.6997766162131588,0.7345494967551175,0.009260792827924247,0.03019962986982232
0.7357844827442372,0.7599279837058176,0.03600786653107846,0.02283512645651068
0.7675054640620786,0.7777750023859513,0.0317209813178414,0.04815508246812949
0.6734586965111528,0.6712271726587633,-0.09404676755092589,-0.08968869061705101
0.5931046706754515,0.6067689685609298,-0.08035402583570128,-0.09517292439820299
0.6607043838316833,0.6557262491306916,0.06759971315623181,0.07597926467937025
0.6537515842610332,0.6296194258823776,-0.006952799570650092,-0.015831418978439177
0.6075516302621484,0.6323988025296321,-0.04619995399888477,-0.0342115176571859
0.6168349475561935,0.6131773052173223,0.00928331729404508,0.022680911432697404
0.6434345178280705,0.6330234645470605,0.026599570271876982,0.011534846030114884
0.6697272183194324,0.6656494809486306,0.026292700491361898,0.025136660294263414
0.5521803689523632,0.5706483724062198,-0.11754684936706916,-0.10367985992560037
0.642696946909242,0.6419786852958774,0.09051657795687873,0.09534992479879094
0.6241980184682852,0.6244499487267159,-0.018498928440956797,-0.025991574715287364
0.6391510213020448,0.6408386465789424,0.014953002833759665,0.03349878069473064
0.6130966794315034,0.6021634524577015,-0.026054341870541453,-0.04350924950288042
0.625242651087547,0.61958355915173,0.012145971656043586,0.013620686143658769
0.730394505153479,0.7060079423743549,0.10515185406593208,0.11304054075550675
0.7068077104956756,0.6383339840065886,-0.023586794657803445,-0.015958723935345323
0.7080461393877234,0.7273871021124269,0.0012384288920478381,-0.00548547998269148
0.6795651447003623,0.6895494042186042,-0.028480994687361094,-0.03329117910939086
0.6411504353719909,0.6038447290641076,-0.03841470932837143,-0.021490131771416704
0.5897467796040029,0.5773593100638066,-0.051403655767988,-0.03306448452269951
0.6659622681022868,0.647486051506129,0.07621548849828386,0.06849702446741367
0.6968623454664629,0.7016260017343745,0.030900077364176104,0.02599731551744211
0.7191518728253901,0.7222999208283003,0.022289527358927197,0.02235585370014097
0.715910656279226,0.6997793113692912,-0.0032412165461640496,-0.024979196949934238
0.742990217452002,0.7287012563039477,0.02707956117277599,0.040021642197194084
0.611797554792411,0.6158663739398443,-0.13119266265959095,-0.13804450419901237
0.6227742726087037,0.6198987549194844,0.010976717816292614,0.006886752101533652
0.7439851934988798,0.7551676552112762,0.12121092089017615,0.11820228774107583
0.6434229012711754,0.668359566747301,-0.10056229222770441,-0.09922901340975929
0.6887047799251504,0.6760447388786653,0.04528187865397504,0.05010836298361358
0.5893789408755051,0.5732093075312966,-0.09932583904964531,-0.12166382606758191
0.6824361494571305,0.6830130961864006,0.09305720858162536,0.0874649158335643
0.5740786691721751,0.5870686453147966,-0.1083574802849554,-0.11810027999961002
0.6845200144189862,0.6914951926912268,0.11044134524681115,0.0997997519547957
0.6734338851701837,0.67727944550342,-0.01108612924880259,-0.01773991886847239
0.7126435127110291,0.7096340470924106,0.03920962754084545,0.02721416739608875
0.6741917291460203,0.7077875956288862,-0.03845178356500878,-0.041262276871595394
0.8049923684382105,0.7785005297240393,0.1308006392921902,0.10768144245093572
0.7163234828626345,0.705641231577957,-0.08866888557557606,-0.09008087666285261
0.6810520310406692,0.6904446060673218,-0.03527145182196523,-0.04981710400809411
0.7544801237424291,0.7371161775228604,0.07342809270175987,0.0630243859330183
0.762443353364581,0.7524744164339828,0.007963229622151902,-0.013328200068826904
0.6478087080441245,0.6500686313259272,-0.11463464532045653,-0.12366285528646283
0.5964995825668331,0.6078537886785822,-0.051309125477291384,-0.027141075964016305
0.6684360107761781,0.6913086845851072,0.07193642820934498,0.06631183002709304
0.7219021373594174,0.7418376494220074,0.05346612658323935,0.04848248776606762
0.6965853772886759,0.6923096749546435,-0.025316760070741573,-0.016873801077802814
0.707766171625309,0.7438571484249688,0.011180794336633104,0.006527854113889838
0.6164772964605416,0.5922184867084347,-0.09128887516476736,-0.09094861751904164
0.7743098072980278,0.760447481915817,0.15783251083748617,0.13636048525786906
0.6504859213750612,0.6411023301833649,-0.12382388592296656,-0.12443692275717926
0.6875938507908027,0.6847911943665186,0.03710792941574148,0.04531204396633025
0.732195660077194,0.7233655024826264,0.04460180928639135,0.03526243977094963
0.6969150765241384,0.6927619334939741,-0.03528058355305563,-0.04466918733520458
0.7398614357720267,0.7359795287182588,0.042946359247888255,0.047867648717693806
0.6900595448360334,0.6573117272360983,-0.0498018909359933,-0.05942814192050079
0.7818942293781735,0.7697613003881995,0.09183468454214017,0.08513558587243968
0.7267018885440361,0.7164151449880425,-0.05519234083413749,-0.06005942234873123
0.6743882470212395,0.6761525085377422,-0.052313641522796606,-0.049053959181670145
0.6439558825590812,0.6795480557821556,-0.030432364462158246,-0.03225758386008459
0.7171458589625003,0.7290269228301273,0.07318997640341907,0.07298918176739266
0.6308808647018948,0.6487027432824201,-0.08626499426060552,-0.10186836588707955
0.6484749577069607,0.6420959033013708,0.01759409300506598,0.01776992824858266
0.6560611126710663,0.644391137962873,0.007586154964105529,-0.007508270964052105
0.6669290136173783,0.6795960986324747,0.01086790094631207,0.012423862500048772
0.6959039670403406,0.6989577819412081,0.028974953422962302,0.019670773321479575
0.6784286981859758,0.7049621448483094,-0.01747526885436479,-0.007624597031977749
0.6427538642791513,0.6941107375280529,-0.03567483390682458,-0.03116425437021694
0.7811742727018678,0.7731679211917601,0.13842040842271652,0.13216032696461286
0.6474030869133305,0.6743074770492,-0.1337711857885373,-0.12177716334153393
0.7950214337708497,0.7805967612056143,0.14761834685751918,0.13866035725664103
0.7208775397163273,0.7256295319699214,-0.07414389405452237,-0.09125932556266943
0.7877049100711835,0.82467845416191,0.0668273703548562,0.06868084214971355
0.6386901525018172,0.6302025164439105,-0.14901475756936633,-0.1658239948187321
0.6035204875113539,0.6133776080520105,-0.035169664990463256,-0.039056933311638654
0.6908379582622204,0.6724902087361725,0.08731747075086649,0.0898380074962966
0.7029257513058058,0.6785197775044395,0.012087793043585426,0.003182610294497512
0.7015412142299692,0.7050097132925176,-0.0013845370758366338,0.007219751965532491
0.6524106918654354,0.6615056931153633,-0.049130522364533746,-0.05198182738316414
0.605522120856276,0.6176868878295588,-0.04688857100915944,-0.052830891040581474
0.6631117717907704,0.6360818590517657,0.05758965093449442,0.0691666660123786
0.762120391133701,0.7208669913453929,0.09900861934293059,0.09598171792450776
0.7037033730940311,0.7137134010920962,-0.05841701803966992,-0.04754552565866632
0.6653962092099487,0.6887760803133228,-0.038307163884082396,-0.04401899667547568
0.6582741316985136,0.6648719731487953,-0.007122077511435121,-0.03964734607883899
0.6884739280079016,0.6991144688866759,0.03019979630938807,0.03462535565780943
0.7041271693711031,0.742692443467797,0.015653241363201453,-0.004181915842317578
0.8120286716680571,0.8148268638636065,0.10790150229695405,0.07326061731481515
0.7338229371854359,0.7317029255075772,-0.07820573448262125,-0.07960009998414483
0.7293714161322729,0.7327602066912133,-0.004451521053163043,-1.2131219007120025e-05
0.7202150118428288,0.7257400576071459,-0.009156404289444087,-0.00029889777178100825
0.7173097834064812,0.7774289470529641,-0.002905228436347551,-0.013343090361530535
0.7127320323279266,0.6951337229100619,-0.004577751078554626,-0.009997476670586241
0.6788142208932941,0.6960062524444977,-0.03391781143463246,-0.02850200116931822
0.6434231094376632,0.6335596939272399,-0.0353911114556309,-0.038512235888182485
0.7150359526387058,0.7034690925423371,0.07161284320104255,0.08288075312495301
0.7809135852534562,0.8086773568928556,0.06587763261475044,0.07100597747873395
0.6103274389559481,0.6113602939535245,-0.17058614629750812,-0.1848380952912407
0.7356770950384357,0.7540435153328782,0.1253496560824876,0.12232418648469391
0.7546769185824758,0.7626668526622522,0.018999823544040062,0.015691370800359167
0.7664987917421756,0.780908785647996,0.011821873159699847,-0.0007424353563291151
0.7120796377623377,0.7196435098477331,-0.054419153979837875,-0.04854485798830056
0.7857443741710071,0.7725272388477605,0.07366473640866933,0.06669378237097907
0.7707637979852952,0.7634846795545497,-0.014980576185711914,-0.01485524661122175
0.710117076038785,0.7127313517815748,-0.06064672194651011,-0.05478662614854202
0.7383770311466792,0.7490690272292451,0.02825995510789414,0.02477833987119173
0.6455841137139657,0.6572854852135797,-0.09279291743271345,-0.09297644594688421
0.7280683266954758,0.7658603571998678,0.0824842129815101,0.06419246068745438
0.6909907307402307,0.6667138070526631,-0.03707759595524518,-0.024447484498887135
0.8317977531459175,0.8660764349597297,0.14080702240568688,0.14146088233303333
0.6985936835358273,0.706897348615991,-0.13320406961009024,-0.14678536304516968
0.733430225743184,0.7610288480168428,0.03483654220735666,0.04936773329113872
0.6867924342196646,0.6828941653799105,-0.04663779152351932,-0.042322772005236695
0.7059092521510975,0.6682528176084312,0.019116817931432828,0.016839898789292394
0.7539431337449578,0.78629827298141,0.04803388159386035,0.06414044947317334
0.7426807179207979,0.7464470363499511,-0.011262415824159877,-0.0076208074453140194
0.7457561314139595,0.7495296237090046,0.0030754134931615384,0.006140475561940598
0.6270035060684376,0.6436935270570067,-0.11875262534552189,-0.10979338488675804
0.6076991540253687,0.6308613026693142,-0.019304352043068906,-0.017336254436747675
0.7800985309706452,0.766229461753602,0.17239937694527652,0.18044679444582293
0.7293882841836267,0.7413780884514246,-0.05071024678701852,-0.05210615385764111
0.7556276624267853,0.7372150010596707,0.026239378243158584,0.04204713710792615
0.7247852271254345,0.7323861463647406,-0.03084243530135078,-0.05351088524029726
0.620364551333231,0.5952049923834062,-0.10442067579220349,-0.07576593941016896
0.6279104663977171,0.6485510814773707,0.007545915064486097,-0.005110142789198288
0.6866293394590838,0.69607994811455,0.058718873061366694,0.05827289815997322
0.7257009388116834,0.749991527448036,0.03907159935259963,0.036897771283979586
0.7345964134059363,0.7189658993636405,0.008895474594252883,0.005802521080432999
0.688156395921924,0.6819960620200597,-0.046440017484012275,-0.02996776811720789
0.7727908001950415,0.7712330012692382,0.08463440427311753,0.08725054701455316
0.78585853274659,0.7642461890454325,0.013067732551548472,0.02507814576727902
0.6332628750175353,0.622762275397975,-0.1525956577290547,-0.16788141472756013
0.6772849762607042,0.6648469617559262,0.044022101243168854,0.04013843853478948
0.8474574225246363,0.8223028216497789,0.17017244626393213,0.18414016408660883
0.6151865998890729,0.6198852163687087,-0.23227082263556342,-0.2194193749681258
0.7503821642070144,0.7357326927661348,0.13519556431794155,0.13108578937255239
0.7773508923900007,0.8143272406935586,0.026968728182986235,0.022080886318663517
0.8046969878434879,0.792698256585746,0.027346095453487207,0.02904639068783691
0.650238372271713,0.6328935423128534,-0.15445861557177487,-0.144391467143505
0.7024907747681036,0.6925127944993273,0.052252402496390626,0.04698124637181984
0.7544211504326195,0.7386952016100073,0.05193037566451586,0.04545454952048517
0.6898894791362038,0.6791700011695696,-0.06453167129641568,-0.0521529556893577
0.804172438295306,0.8025623046090635,0.11428295915910225,0.11145818668830501
0.6992503563171326,0.7188384733115913,-0.10492208197817343,-0.07994208942045228
0.6425969743904356,0.645032304339785,-0.056653381926697,-0.059570992460300336
0.7363287200824195,0.756795803666349,0.09373174569198384,0.10780894173238997
0.7525265959537837,0.7450305662582715,0.01619787587136423,0.004494481973530405
0.7424414342871154,0.7496124519639773,-0.010085161666668285,0.002553753595081587
0.7276180822015127,0.725563824367606,-0.014823352085602703,-0.022172793643752478
0.6424341048870574,0.6733351805087087,-0.08518397731445526,-0.1147365346773863
0.7054763784483026,0.7136960584297091,0.06304227356124514,0.045765476475845876
0.6822745788949568,0.6713317866296049,-0.02320179955334578,-0.019498904659962995
0.6840869950934644,0.6957336617273351,0.0018124161985075826,-0.006895829380066169
0.7165305180729321,0.710763880007266,0.03244352297946773,0.046902723350208606
0.6748561109867097,0.7064241388495159,-0.04167440708622239,-0.043200750141800075
0.7701494927858872,0.7393159437120168,0.09529338179917746,0.0937348539058882
0.6833801498807673,0.7025257490091505,-0.08676934290511984,-0.09253504379587531
0.6752325625112666,0.7084453861712118,-0.00814758736950072,-0.006966534117576609
0.6782960590435615,0.6505289304944124,0.0030634965322948737,-0.003276653060666208
0.6888814497517515,0.6944144802803327,0.010585390708189979,-0.0010810804517659197
0.7540178756188561,0.7398803217793946,0.06513642586710466,0.07043973958450188
0.6546102377105137,0.6551832095793435,-0.0994076379083424,-0.10528612042711842
0.6824598449861661,0.6699331505283644,0.027849607275652333,0.04709393749072302
0.7378968039566111,0.732524111648561,0.05543695897044498,0.07136809897409646
0.7746655720630762,0.7797743511038744,0.03676876810646512,0.028853939053083148
0.7312858197936671,0.7484469914598698,-0.043379752269409044,-0.041875801219135256
0.7764701476116568,0.8077965061871222,0.045184327817989645,0.047759282075765304
0.6741819516198477,0.7035819756055509,-0.10228819599180905,-0.09527005896392204
0.6388799300476347,0.632681424903796,-0.03530202157221307,-0.03420723489010544
0.6496601693812252,0.6278266619595899,0.010780239333590513,0.005559659777761036
0.7535946106171477,0.758352749309791,0.10393444123592255,0.10733071296594508
0.7017295927212461,0.716644578726698,-0.05186501789590159,-0.04514534505075057
0.7365019418649925,0.7667431875584634,0.034772349143746384,0.016272541146022397
0.7727119515063312,0.776183330865417,0.03621000964133869,0.04325800130981759
0.7785360968084467,0.7654826858228156,0.005824145302115502,-0.0014625161116909946
0.8131341832163834,0.8206631773546951,0.03459808640793671,0.042661390683857825
0.7434950988252094,0.7607098398523594,-0.06963908439117406,-0.05820081676387588
0.8474499714358864,0.8349053957695842,0.10395487261067704,0.11754392727462912
0.5968055536777127,0.5861927795187328,-0.2506444177581737,-0.26179314771163625
0.7137652609259448,0.7349085407230178,0.11695970724823213,0.11610033250367749
0.7719043457350462,0.7719151951003962,0.05813908480910135,0.051595726415477945
0.6975183467136906,0.7142672506209173,-0.07438599902135556,-0.0873751852229449
0.6941278262416888,0.7049506281921606,-0.0033905204720018345,-0.0015437997572644519
0.6739529912823099,0.6451899349661996,-0.020174834959378884,0.0008183612599689492
0.7323262991165645,0.7351621124902816,0.05837330783425465,0.05336976172531419
0.703189720349003,0.678583594148749,-0.029136578767561594,-0.015803653646181214
0.7295174619896295,0.7414927930996456,0.026327741640626567,0.02912424832437988
0.7648406076213308,0.7464478932937737,0.03532314563170125,0.024316940046436815
0.6719921369872792,0.6482549259324727,-0.09284847063405155,-0.093840392061916
0.8351534537555069,0.8410870107511895,0.16316131676822765,0.1557557735689058
0.7053466628787967,0.6642964004091247,-0.1298067908767102,-0.13832914344056635
0.7856657847663183,0.806477542310307,0.08031912188752166,0.10753927048651421
0.7179296480395586,0.7210469588031626,-0.06773613672675971,-0.06725042433528607
0.761377576488241,0.7578703269721376,0.043447928448682394,0.05248266075144975
0.7361296768757727,0.7500757082548742,-0.025247899612468316,-0.024434748141477537
0.7123273301028895,0.7131082811643017,-0.023802346772883176,-0.029862876944124178
0.6742640495535767,0.6888070154431924,-0.03806328054931285,-0.03388743045479864
0.747502734107664,0.7585150008014955,0.07323868455408733,0.06967926242121995
0.6996793298528539,0.6991087647413822,-0.04782340425481013,-0.0433341026060538
0.6738877841705221,0.6916757707227613,-0.025791545682331773,-0.030890163805617633
0.7317022480589589,0.7488261547921895,0.05781446388843681,0.07150231821826625
0.732817934618488,0.7221271288635378,0.0011156865595290943,-0.008301137422110196
0.7309899228704597,0.774910295560947,-0.0018280117480282687,-0.007058832864192175
0.7648794615505147,0.7674217746357317,0.033889538680054954,0.04580232016849222
0.8109588734151145,0.8446616361149225,0.04607941186459985,0.05292031594830878
0.8672455622419959,0.8641722708849859,0.05628668882688137,0.062413519627630115
0.6328356994377659,0.6445701294371389,-0.23440986280423004,-0.23040050769693068
0.7722570650252102,0.7738176886316904,0.13942136558744433,0.11987004096883364
0.7422728915940082,0.7517801735798216,-0.029984173431201966,-0.03235783548964397
0.8065278643353574,0.7983971520874142,0.06425497274134917,0.04474167476495068
0.7520818323341643,0.7383332957327138,-0.054446032001193134,-0.05147003998184288
0.7131843140887021,0.6690322701379604,-0.03889751824546217,-0.033201533943411424
0.6876922292920024,0.6921640264117894,-0.025492084796699732,-0.044338011524020796
0.7463393368259453,0.7775169736830401,0.05864710753394298,0.04030043537512215
0.7532697723559358,0.7566934318555218,0.0069304355299905085,-0.001608352477939173
0.7617632927672183,0.7812870515015031,0.008493520411282485,0.023225883616933007
0.7362517663387196,0.7378791685288288,-0.025511526428498743,-0.017750466950145094
0.7086994887910063,0.7290884003639897,-0.027552277547713278,-0.03742537664172564
0.6873767628957146,0.6915826608245716,-0.021322725895291716,-0.019741604940597915
0.7468543871755163,0.7472057703869048,0.059477624279801744,0.06697420586320603
0.692618007700844,0.6955053418860841,-0.0542363794746723,-0.03498561411229
0.7378345514753979,0.7326851727254468,0.04521654377455386,0.044814752762951784
0.7535356604767541,0.7606537610334335,0.01570110900135624,0.018407458517305193
0.6906504537272661,0.7142729936886137,-0.06288520674948805,-0.06625535474015637
0.7226231345032497,0.7346588880823064,0.031972680775983586,0.020000724266132412
0.7228610524201456,0.7205791254904268,0.00023791791689597996,0.006111704754460236
0.7106280773414988,0.7035630643077592,-0.012232975078646846,-0.01442732491816797
0.7324516808237577,0.7631145549694541,0.02182360348225887,0.03764334540275303
0.7203864134278471,0.7315317075440901,-0.012065267395910517,-0.014403574049036107
0.773134525744979,0.7583919710885816,0.052748112317131834,0.05720153319552215
0.7715885561203922,0.7524943148040665,-0.0015459696245867516,-0.01611376278161399
0.7922680283944149,0.8016858742842593,0.02067947227402267,0.021201479406590854
0.7917557205644007,0.8315970239269,-0.0005123078300142136,0.004332616467885519
0.7281924348195699,0.7420611403809345,-0.06356328574483083,-0.06434839031651471
0.7344228663189588,0.7279746245120312,0.006230431499388955,0.004218087025449445
0.779729587491942,0.825445769737023,0.04530672117298318,0.0527608761245804
0.8052009480665095,0.8112721014291361,0.02547136057456756,0.028363436989839074
0.7302013238269642,0.7189234566467242,-0.07499962423954531,-0.08231696371134573
0.7528082803561315,0.7388434324141959,0.02260695652916722,0.006188011530733291
0.7949746219923299,0.7655034452956302,0.04216634163619848,0.04179708755238523
0.8034069636751998,0.8025452029024273,0.008432341682869882,0.013458749138008083
0.7376683401154435,0.7595188517280408,-0.06573862355975635,-0.06126102861686592
0.7011485417479358,0.7179559461997106,-0.03651979836750763,-0.042512537349707474
0.7373279663846742,0.7508364336355632,0.0361794246367384,0.044602854941554054
0.7708089629070409,0.7864952056889896,0.03348099652236669,0.042422901551522924
0.7953639532493448,0.8123234344371827,0.024554990342303906,0.02370087104289372
0.8257836196632218,0.8404138387194416,0.030419666413876945,0.026239119597972618
0.7959590476486657,0.7818453558108504,-0.029824572014556128,-0.040474941055851
0.8288647958314401,0.8232779889533832,0.032905748182774475,0.04310121153087699
0.7259931319350081,0.6782132331381097,-0.10287166389643199,-0.09943084108871474
0.7963703137400607,0.7831803256447855,0.07037718180505259,0.08706222785142263
0.7586552387292834,0.7797155550876825,-0.03771507501077731,-0.01944647535639383
0.7353842054436867,0.7675515771490514,-0.023271033285596765,-0.022487877822305772
0.7115062998372021,0.7424744406283571,-0.023877905606484506,-0.011315534842043335
0.6810616457146205,0.6839353706590215,-0.030444654122581682,-0.0074064646086919525
0.7485463914335034,0.7775915419741397,0.06748474571888297,0.07998858113740856
0.7580723723227311,0.7441593324651253,0.009525980889227625,0.009582222448229337
0.7744241614041348,0.7519323855567895,0.016351789081403778,0.009813171388673448
0.7604449947826895,0.7800643826503787,-0.013979166621445382,-0.017404834730359003
0.7283635311855757,0.741315046461285,-0.032081463597113724,-0.02039997266114684
0.7469841653442961,0.7474527073860093,0.018620634158720395,0.007052413060070321
0.7549154966146654,0.7343046403807727,0.007931331270369268,0.017952004227530925
0.7675995492709167,0.7449493677034857,0.012684052656251277,0.017399243602781403
0.6568837955213537,0.6471225574382847,-0.110715753749563,-0.0990485628353595
0.7662199456160002,0.7520362441407648,0.10933615009464648,0.11747759900951286
0.7365137522948977,0.7224599806047383,-0.02970619332110247,-0.027883690034240034
0.7418911910572736,0.7191860456797936,0.005377438762375952,-0.010779348048703629
0.776506908702668,0.7569235161865031,0.034615717645394395,0.05193471824731634
0.7033206189900288,0.6728245863833917,-0.07318628971263919,-0.07043957447993134
0.7660548961237869,0.7300075798643886,0.06273427713375801,0.06946202453685947
0.6954763081625311,0.7029790386839655,-0.07057858796125571,-0.06392520398151232
0.7661976508590315,0.7621074432254727,0.07072134269650032,0.0738608983885624
0.72526136625687,0.6615737379895248,-0.04093628460216148,-0.03947314393678606
0.7674440302863939,0.7742750793590306,0.042182664029523864,0.03287058564616382
0.7034580997386501,0.67134765334831,-0.06398593054774371,-0.07335982474546471
0.7091239741336517,0.6918639424044571,0.005665874395001547,0.009855635960156685
0.6979071989776465,0.6720920031355058,-0.011216775156005165,-0.021789207831885662
0.7010196151568421,0.7051842878577252,0.003112416179195554,0.002214289633238613
0.6447239534080388,0.6610831182482054,-0.056295661748803294,-0.04433377392708087
0.7638946459019089,0.7720372401338023,0.11917069249387013,0.1130624374773158
0.7834750571059206,0.7777095859927183,0.01958041120401166,0.02296182033960893
0.7172236707710409,0.7192401849157783,-0.0662513863348797,-0.05825856830771574
0.8157638351804617,0.7817610218332972,0.09854016440942082,0.10409559146623805
0.6918543410027866,0.6768626806786643,-0.12390949417767505,-0.13566770986544047
0.8327368781916696,0.857289314845995,0.140882537188883,0.1360833183646385
0.7969338710909516,0.8180942808793961,-0.03580300710071804,-0.046602842265026374
0.9034222252511328,0.8719119868672491,0.10648835416018121,0.11320489486113823
0.733295532439001,0.7386199216528974,-0.17012669281213177,-0.17939949656494245
0.7725352324916387,0.7464265506153556,0.03923970005263766,0.03245951931858944
0.8273746788140338,0.8477960310724257,0.054839446322395125,0.06424243345099662
0.7671075702062721,0.7727978286582234,-0.060267108607761743,-0.07858742754674997
0.7493754352044092,0.7327643215654291,-0.01773213500186288,-0.038628442990981074
0.8711147394063394,0.8748258905280218,0.12173930420193024,0.13380174088783223
0.7894501841817155,0.7747818884757941,-0.0816645552246239,-0.08800348725265258
0.8399181419310848,0.8452496320920584,0.0504679577493693,0.04535497787738592
0.6380321747311849,0.6227409631313756,-0.20188596719989993,-0.20525860688756625
0.8045387058625588,0.7515283455279606,0.16650653113137392,0.17282511836107955
0.8762623600583597,0.8656894633963845,0.07172365419580085,0.06136614722954662
0.8352678710786774,0.8279218431356893,-0.040994488979682275,-0.03775450035259066
0.7972614766131116,0.7790757692728121,-0.03800639446556575,-0.034175970805574114
0.7825500964547983,0.783893561934785,-0.014711380158313303,-0.014610964085334497
0.6706648702237551,0.6685947922252915,-0.11188522623104324,-0.1256632844632545
0.7198872210069891,0.7120839446202897,0.049222350783234003,0.03256458040309849
0.6800721705816326,0.670937906919316,-0.03981505042535649,-0.025791705215149507
0.7820951371702318,0.7608910610531965,0.10202296658859922,0.11339141971563446
0.7965455554182678,0.7974860458831274,0.014450418248035946,0.017282187314700295
0.8484823244790283,0.8395656582733017,0.0519367690607605,0.04737384183336642
0.8624927004421943,0.8604478427250123,0.01401037596316601,0.027458931457600796
0.730974693753685,0.7209374482081583,-0.13151800668850933,-0.14452223233985867
0.7654505002015601,0.7820399528634636,0.03447580644787518,0.05027291931090436
0.7921709439478916,0.7820331995211833,0.026720443746331424,0.03122001803060116
0.7365057129497201,0.7588482289027274,-0.055665230998171444,-0.04923323773440664
0.7949456301030287,0.7828966623571066,0.05843991715330854,0.05030047972639526
0.8141165783496505,0.8219047160492251,0.0191709482466218,0.030886880069008193
0.7859986411535006,0.7771983462314408,-0.028117937196149856,-0.039343785314019164
0.6953565730340168,0.6637895737049051,-0.09064206811948383,-0.0798700746578232
0.8020981471844069,0.831611133647623,0.1067415741503901,0.10103410022108812
0.8396421374767216,0.8488025013734347,0.0375439902923147,0.0427033617592911
0.8218432691660892,0.8006213614160157,-0.017798868310632376,-0.01910174961481302
0.8146924814481146,0.7850424491905692,-0.007150787717974616,0.005646838481568413
0.7710321918846961,0.7477706539442082,-0.0436602895634185,-0.0516341531550084
0.7580081993961516,0.7334366552691611,-0.013023992488544467,-0.003717782048182844
0.825089540594455,0.8344055111611479,0.06708134119830345,0.09061639131236111
0.66949640534402,0.658801479757309,-0.15559313525043506,-0.14721705861011813
0.7583571653830783,0.7431689534555104,0.0888607600390583,0.08460716952877516
0.7724639913533713,0.7509034959162664,0.014106825970293002,0.012807574421546298
0.7420903847527531,0.745726929090347,-0.030373606600618164,-0.03639053037503091
0.7458040379608288,0.7702357402128212,0.0037136532080757068,0.007275980053073816
0.8210993112834054,0.8361154828598816,0.07529527332257657,0.08206472478991685
0.7537540889897971,0.8030207249670596,-0.06734522229360829,-0.0614061929043581
0.7570136412280578,0.7789454743829441,0.003259552238260688,0.009804133231520688
0.73447909639771,0.703992352212254,-0.02253454483034778,-0.01352346849338447
0.8265420682198232,0.8669240453654619,0.0920629718221132,0.09005937687122023
0.7879907766082128,0.7727855695966409,-0.038551291611610417,-0.044739235407030904
0.6905787686254332,0.6979686225916111,-0.0974120079827796,-0.1066864426999951
0.7773619280590957,0.7773696461512185,0.08678315943366244,0.09363856864951046
0.6848707157790519,0.699224117341794,-0.09249121228004376,-0.08416876912495885
0.7077501809128048,0.6796788323709928,0.02287946513375294,0.036704478659779494
0.7539195078313173,0.7291353848999761,0.0461693269185125,0.06938705217942273
0.8182053199656183,0.8461166898425281,0.06428581213430096,0.06806373098667942
0.677862823053259,0.7028508136274272,-0.14034249691235934,-0.16844364821069646
0.8004601546893055,0.8250908973889785,0.12259733163604658,0.1342019732708104
0.7051916509987447,0.7014876174661998,-0.09526850369056084,-0.09054222805626191
0.7980689908025228,0.8026977899380737,0.0928773398037781,0.10716792406856052
0.7925041606436158,0.8002434492088358,-0.005564830158906964,-0.021349556183892733
0.8562113087885542,0.9050510663328434,0.06370714814493839,0.06728811552058328
0.8428006799553686,0.849944751423125,-0.013410628833185667,-0.018274654748732112
0.8075259334017352,0.8050090066957319,-0.035274746553633385,-0.042812741190155705
0.7418197990381364,0.7824316825171713,-0.06570613436359873,-0.07065831082865212
0.7089355863016941,0.7377858746524909,-0.032884212736442375,-0.045990369764571284
0.7639827915998214,0.7359343554028844,0.055047205298127344,0.04651862859890467
0.8319660556722284,0.8432095000921539,0.06798326407240696,0.06676199518110745
0.7861912537107346,0.8172786389238136,-0.04577480196149375,-0.031243215341853224
0.8069135749716615,0.7917473558842855,0.02072232126092688,0.020076165811150314
0.8408224841098741,0.8672371524935759,0.03390890913821265,0.024612023503215546
0.7678832839228725,0.7946993759061202,-0.07293920018700162,-0.07560856602146745
0.7982947303703825,0.814404994180288,0.030411446447509927,0.012911952802538488
0.8067740075452102,0.7820386793801829,0.00847927717482777,0.01892230403276908
0.7238035574080072,0.7367347501327413,-0.08297045013720306,-0.08177502484400283
0.7634718791041788,0.7547520686270605,0.03966832169617163,0.038360389630387036
0.8063179528457123,0.7985961875942715,0.042846073741533486,0.03684656631800496
0.8036543393982012,0.8103589533158383,-0.002663613447511093,-0.005170059350916378
0.830054028364096,0.867640920746288,0.02639968896589484,0.04093264270756337
0.7869024871449332,0.7451635685500579,-0.04315154121916287,-0.041682957403675995
0.8674489278736881,0.8631732362783653,0.08054644072875494,0.08104130930293263
0.81043939057023,0.8032709282173686,-0.057009537303458147,-0.05357032518884808
0.8256505770302126,0.7814120515744452,0.01521118645998265,0.019827103576147025
0.8838494380289428,0.8850927197743721,0.05819886099873017,0.05237880680011705
0.7642505362075298,0.788896330073979,-0.11959890182141297,-0.10859756563338749
0.7534513429792977,0.7627685394497281,-0.010799193228232085,-0.010589573626444547
0.6823718963586752,0.6654969088042629,-0.07107944662062249,-0.056993672895665565
0.7884033874106272,0.8349043286554665,0.10603149105195198,0.11208559046269613
0.7369450702387454,0.747632013260007,-0.05145831717188176,-0.05318368196986585
0.8193110399259046,0.8011493915404273,0.08236596968715915,0.08349292907967194
0.7188172726123121,0.7106455048074138,-0.1004937673135925,-0.11607556717477924
0.807188619733131,0.8209077200963791,0.08837134712081895,0.08149139593105773
0.7353484980945149,0.6994316108187031,-0.0718401216386162,-0.06882518104539595
0.8032452321947003,0.8069549957855539,0.06789673410018549,0.05757386314354877
0.8093754632217223,0.8082377900299219,0.006130231027021926,0.016153150276336868
0.7042296989906307,0.7375430432058968,-0.10514576423109157,-0.10319074659683035
0.861449646730756,0.8844364743396879,0.15721994774012527,0.17408777750718468
0.8580949367452513,0.8551532719699199,-0.003354709985504689,-0.015421833808376995
0.774164500420051,0.7685166728715571,-0.08393043632520025,-0.09587979257307294
0.8284293604261754,0.8248234447517369,0.054264860006124405,0.055773571898285135
0.8435921830192502,0.8710126957506182,0.015162822593074776,0.020507266408253757
0.8204616732568798,0.780301816135925,-0.02313050976237041,-0.018349822915996072
0.7207548179696679,0.7552044588025526,-0.0997068552872119,-0.10463432173921991
0.7271123743201027,0.7300253012321678,0.006357556350434779,1.0620532073191309e-05
0.8089235384557172,0.8213197786172958,0.08181116413561451,0.08031003373792261
0.7524702327205697,0.739629677968441,-0.05645330573514751,-0.0603426747133299
0.776468933172854,0.7547965489114147,0.02399870045228436,0.03420794174111452
0.865650025709246,0.8669750225375095,0.08918109253639195,0.0716585751613039
0.7591152207393486,0.7712551872505682,-0.10653480496989742,-0.0840744431135274
0.741019424707329,0.7151010901964099,-0.018095796032019607,-0.0226614307934948
0.7890679561086716,0.8179495171640554,0.04804853140134269,0.05413390731923782
0.7971800809047304,0.7502731966641497,0.008112124796058717,0.0012517808804690233
0.7153350950984296,0.7113822497022825,-0.08184498580630073,-0.08171662927867429
0.7456895712754436,0.7580779076458365,0.030354476177013923,0.03096049719607535
0.836973133770229,0.8783270211987302,0.09128356249478542,0.09893685121365235
0.8547441153605267,0.8383418214685117,0.017770981590297774,0.008137306071540465
0.7964311917644891,0.7925764189415617,-0.05831292359603768,-0.05635425487098697
0.8339046567159782,0.8094000915017981,0.03747346495148918,0.04131771763717407
0.7817303415102087,0.830196199365324,-0.05217431520576954,-0.05766344593807515
0.7599948298064132,0.7686389476852717,-0.021735511703795507,-0.013476372905325645
0.7316595582941067,0.7899829777326496,-0.028335271512306526,-0.026008690086504613
0.8059446406113183,0.7899768897886125,0.07428508231721165,0.06401742638802632
0.8287645813827372,0.850948000635165,0.022819940771418912,0.008627831334649467
0.8156906192776104,0.8344036202300066,-0.01307396210512679,-0.01855930212595258
0.8165636598840077,0.8197695049780692,0.0008730406063972573,0.004496610904010628
0.7632111576031018,0.7880980936917532,-0.053352502280905933,-0.05382114141165641
0.7289755233196993,0.7339645016546175,-0.03423563428340248,-0.04665411043626261
0.7152944246896975,0.7104059189601359,-0.013681098630001776,-0.009979634669844691
0.7564883324341036,0.76720464459023,0.04119390774440612,0.01755055727203228
0.7807913147170424,0.800474682771408,0.024302982282938812,0.03102543549692563
0.7397264001395019,0.7655768548733222,-0.04106491457754058,-0.04704519574197109
0.8069353921970087,0.7883514719501632,0.06720899205750686,0.053919573652861416
0.7327469696698242,0.7721948840186601,-0.0741884225271845,-0.08149557719922867
0.8469398868620115,0.8325041278490088,0.11419291719218727,0.10691661318466393
0.8122257884079759,0.8343910884125088,-0.03471409845403561,-0.052679192917360465
0.7835081416967932,0.8178618749158426,-0.02871764671118271,-0.04260273148368443
0.8370650735113346,0.8552233049401913,0.053556931814541464,0.05114417082510571
0.7680983760985697,0.7643385822584026,-0.06896669741276495,-0.07512412226127993
0.7908207963202906,0.8353910422216468,0.022722420221720885,0.015685364085833865
0.8053167181660301,0.8321635209980549,0.014495921845739557,0.032908561060944544
0.794041833688908,0.785486539362749,-0.011274884477122105,-0.02847678505145829
0.8917733360404356,0.9134467001014889,0.09773150235152761,0.08949857005209441
0.7530155094162422,0.756271695772246,-0.13875782662419345,-0.15353325175172908
0.8143145442765909,0.8085283802572049,0.06129903486034871,0.051930603813764804
0.9031610935394381,0.8993253409935127,0.08884654926284719,0.09552769051291879
0.7715066581849072,0.7707613536446438,-0.13165443535453092,-0.14581413611145813
0.7724804479674168,0.7643342585045153,0.0009737897825096153,0.012539040188075619
0.891377073519354,0.885620309680791,0.11889662555193725,0.11783883756164656
0.7623497327865139,0.7632402537496722,-0.12902734073284017,-0.10899203940116217
0.8115795899128653,0.7904399977262365,0.04922985712635142,0.05200041256847208
0.7945738377902845,0.7876280087021071,-0.01700575212258082,-0.016726521546781916
0.8793422116357119,0.8869258904476739,0.08476837384542746,0.07590593410814557
0.8916893977571515,0.8786691271318459,0.01234718612143959,0.01576683348158531
0.7505569395521066,0.7697539330170046,-0.14113245820504494,-0.13856173646050687
0.9026429669604137,0.9055033170652954,0.15208602740830712,0.16273105902880505
0.9296077159333361,0.9263925237336488,0.026964748972922448,0.03082174723882226
0.8480261392074409,0.8673816559726484,-0.08158157672589528,-0.08199838933286216
0.7502219399191248,0.7276959268231104,-0.09780419928831607,-0.08639498011367966
0.74685366182827,0.7600407855679551,-0.003368278090854826,-0.0038188767378511453
0.8501381973937556,0.8318339669402692,0.10328453556548567,0.10816706645555334
0.8338951436540265,0.8784422219998225,-0.01624305373972912,0.006616757020937194
0.8398928361445219,0.8661152338481917,0.005997692490495421,0.025588242987692748
0.8410294467642858,0.85525566677835,0.0011366106197638892,0.0016372721279111291
0.8324180382668741,0.831330727616354,-0.00861140849741171,-0.01096469264437671
0.8414115958554411,0.8562272955460597,0.008993557588567014,0.01106976827620577
0.8263905940010381,0.8532490552444975,-0.015021001854403027,-0.02671025844571663
0.742638277235544,0.7143673860563522,-0.0837523167654941,-0.09570315858735842
0.8629611310330373,0.8498859645910312,0.1203228537974933,0.118354350534091
0.8479914087455671,0.8331097631254724,-0.014969722287470177,-0.005327609774563478
0.8224273775293999,0.8194130902504653,-0.025564031216167238,-0.0431539763869472
0.8511259376972051,0.9093356317771779,0.028698560167805254,0.03299298600552924
0.8420174681939256,0.8592865990030457,-0.009108469503279482,-0.010330038449514242
0.8582585446436397,0.8671523581907614,0.016241076449714065,0.028951963888872653
0.8839041790940995,0.8803071321957641,0.025645634450459753,0.04314951988748486
0.8101148281124492,0.8066616215297584,-0.07378935098165029,-0.09199526377473274
0.9046794360683484,0.8869143658665783,0.09456460795589927,0.111164376994634
0.8012036056129057,0.7994508412763153,-0.10347583045544273,-0.10276254223109825
0.817877250888244,0.8164988451514044,0.016673645275338322,0.01830039581405987
0.8276514840392414,0.8584846252700913,0.009774233150997347,0.010183998819928314
0.732519156926802,0.739950580011508,-0.09513232711243935,-0.09100251604158817
0.8371045254098503,0.8192146754439916,0.10458536848304822,0.11245793615513427
0.9137935251318252,0.9328115299148536,0.07668899972197496,0.07045882506844238
0.8307127392009239,0.8292806871203497,-0.08308078593090129,-0.08720486517843856
0.8529024959928808,0.8745663896996807,0.022189756791956894,0.020497161768227808
0.7615695862533245,0.7743308453593082,-0.09133290973955632,-0.08669109115629649
0.8332201506024971,0.856257617235545,0.07165056434917261,0.08522362632650766
0.8512738970371462,0.8556634987017694,0.018053746434649076,0.027850832440180703
0.7962204978839311,0.7919241131509484,-0.055053399153215055,-0.048509679563532804
0.7387507309828383,0.7566426107419455,-0.057469766901092845,-0.06241254579604013
0.8631659232692009,0.8647472090547583,0.12441519228636266,0.12067158360419757
0.7801072631558816,0.805639818905673,-0.0830586601133193,-0.07910343008826792
0.7880883648509877,0.7838517597944196,0.007981101695106019,0.012214107437093375
0.8224730043878347,0.8077154447421252,0.034384639536847006,0.03705916902326982
0.8340604295765266,0.8540519869485294,0.011587425188691935,-0.0022608925174866686
0.7974027469496578,0.8269784961843504,-0.03665768262686875,-0.04962564160707984
0.7459565984015106,0.7805235573557735,-0.05144614854814722,-0.04881632322656691
0.7875303448373039,0.7952686057391344,0.04157374643579326,0.029188370667923107
0.8297423720967007,0.8353531150857897,0.04221202725939677,0.071438970862211
0.7864296397825751,0.7770985992986902,-0.04331273231412558,-0.04367713425234847
0.778820788649224,0.7794407965440185,-0.00760885113335108,-0.004966901237240123
0.8785463394073769,0.8942519629602173,0.09972555075815293,0.10104739753873142
0.8347519609469592,0.868473450153118,-0.04379437846041767,-0.02473647572995039
0.8011841844032173,0.8082739731430408,-0.03356777654374199,-0.02247569953811531
0.8063289510079683,0.796254228687576,0.00514476660475105,0.003225126074821167
0.8768306839685556,0.920211585792805,0.07050173296058726,0.07717342984421063
0.8174003493304427,0.8269444304295545,-0.05943033463811287,-0.055231643473300736
0.8897374809904329,0.9093411265170276,0.07233713165999023,0.05809131635245224
0.7813804364652439,0.7710457841150457,-0.10835704452518902,-0.10145307240290938
0.9183688404153396,0.9711577931510346,0.1369884039500957,0.12975246286835296
0.811279175853141,0.8305650243860296,-0.1070896645621986,-0.09502351837579126
0.9211672450173635,0.9288968668320624,0.10988806916422245,0.10954161462359766
0.7569388710782536,0.7329293678671662,-0.16422837393910983,-0.1702571655300105
0.8063562442544464,0.824282566111671,0.04941737317619277,0.04265888582481808
0.8036464911581317,0.7717820602311757,-0.0027097530963147154,0.0090579557521311
0.7880749329248182,0.7969654371310807,-0.015571558233313465,-0.006749795967017193
0.8171070311027898,0.8080069099819603,0.029032098177971588,0.03820312392325173
0.8573957339956345,0.8612834286623904,0.0402887028928447,0.04306520718298212
0.9161365108327242,0.9037555147625663,0.05874077683708967,0.046993947579409175
0.842314296003813,0.8297045046371215,-0.07382221482891116,-0.06852536721633284
0.9172982519179206,0.9195908990273027,0.07498395591410756,0.08475334546065902
0.8182908887388874,0.8119516546157838,-0.09900736317903314,-0.0987371286505399
0.9228101540404966,0.8867779998596481,0.10451926530160915,0.11869380839190245
0.9461562638680959,0.9306195820849666,0.023346109827599326,0.018171868680682116
0.7726583879047956,0.7295162457877704,-0.17349787596330035,-0.18272062148575857
0.8026435370274034,0.8366510311228076,0.029985149122607857,0.030621319310030672
0.8555033650295443,0.878630016273445,0.05285982800214084,0.03903248422873482
0.8168442676535994,0.8101768027335499,-0.03865909737594486,-0.025573464068189486
0.8862583034201593,0.8995274535463388,0.06941403576655991,0.044851027203953606
0.8669392280205155,0.8623651240535495,-0.019319075399643837,-0.019366342410780692
0.8732246650154387,0.8952180229777216,0.0062854369949232325,0.0018321600409445136
0.9563302296815007,0.9556969382542096,0.083105564666062,0.09603346334515059
0.8734247683623834,0.8689480815823871,-0.08290546131911736,-0.07335769461195962
0.7743939799435691,0.8007452015834489,-0.0990307884188143,-0.09341097962510897
0.876474586683657,0.9072488654038523,0.1020806067400879,0.10682892445674938
0.8346679160943654,0.8624540528714909,-0.04180667058929155,-0.03890081072719538
0.8977305799086056,0.8859624353766631,0.0630626638142402,0.04722406692006962
0.8347146696537825,0.8163374913459736,-0.06301591025482312,-0.069812039058949
0.8931912139812785,0.8888996993491813,0.05847654432749605,0.06471558595262762
0.8219620993792032,0.8342008406421085,-0.07122911460207537,-0.06619487622834876
0.8626004384274498,0.8239253805416453,0.04063833904824665,0.044120276520642765
0.8894260297281439,0.9146323588357615,0.026825591300694063,0.024271573944750987
0.8784838787610961,0.8739854969370523,-0.010942150967047759,-0.005159474626920379
0.8427836052590791,0.8493316424781779,-0.03570027350201699,-0.04878014400509703
0.8449734975322089,0.8328588263666267,0.002189892273129712,0.001616365106219991
0.9218370222520369,0.9034086820606213,0.07686352471982805,0.09215987410849709
0.9131679083901121,0.9176471765195828,-0.008669113861924815,-0.007855393077268928
0.8268571905778586,0.7816756956159843,-0.08631071781225352,-0.10588943090301937
0.8185443478445135,0.7614715252383664,-0.008312842733345094,-0.004902769743407214
0.8113966361660044,0.8050575574560123,-0.007147711678509028,-0.008159291036253357
0.9309710024684328,0.9214787521634923,0.11957436630242835,0.10155441678651846
0.8602765175784449,0.8206582532794446,-0.07069448488998786,-0.06062728930167868
0.8891182281835769,0.9019882980435571,0.028841710605131965,0.033890970077322585
0.8755067280546256,0.8825883625157573,-0.013611500128951293,-0.030807641367314002
0.7531513872689672,0.7869575616195194,-0.12235534078565835,-0.12249684546533098
0.870831255590698,0.8817635653071741,0.11767986832173072,0.11657473507619581
0.7916666216722366,0.7977454991071989,-0.0791646339184614,-0.09200108617297631
0.7862424616741551,0.7765648807078293,-0.005424159998081435,0.0016105858261158765
0.8478356291993141,0.8671320770192704,0.061593167525158976,0.05250770052013505
0.9017491998514076,0.9340864466001203,0.05391357065209346,0.04192411832786634
0.8570424784676882,0.778619011245463,-0.04470672138371934,-0.04450551873618026
0.7884945508266409,0.816446423249172,-0.06854792764104733,-0.0711232835700988
0.8514928175704705,0.833116104193058,0.06299826674382958,0.060114652377626705
0.8406202858391021,0.829374749630281,-0.010872531731368373,-0.016030495345351194
0.8363491888007094,0.8256162813137122,-0.004271097038392679,-0.0047581409739839795
0.8238863681983148,0.8650006040246309,-0.012462820602394564,-0.024374247028589147
0.8915524776208271,0.8559637750296407,0.06766610942251228,0.05248521822602639
0.8010195179506757,0.7425271698895384,-0.0905329596701514,-0.0993856002639868
0.930374789514971,0.9392565739311197,0.12935527156429527,0.12579546512560286
0.9405627004501569,0.9420181261379081,0.010187910935185895,0.02188533974520695
0.8367121189367622,0.8354940179326354,-0.10385058151339466,-0.11035524656100064
0.7888335802480718,0.8190953763373455,-0.04787853868869041,-0.050959515397060194
0.8565259885945888,0.8279052192025498,0.06769240834651702,0.06427378609653824
0.9371622014678794,0.94771663697437,0.08063621287329059,0.08030702819627794
0.9392652034800381,0.9303555067372586,0.002103002012158628,0.006253717061699788
0.8339320690327606,0.8226162622154751,-0.10533313444727743,-0.11416928876905674
0.8535986432588778,0.8621428785960411,0.019666574226117173,0.02023359018174185
0.8660567688696993,0.8541382883973533,0.012458125610821491,0.014292011766044686
0.7825269891894077,0.7780481008615822,-0.08352977968029163,-0.10431164671520031
0.8844182757171064,0.9048350661404123,0.10189128652769874,0.08718162268244968
0.8436591755301304,0.8428856598903625,-0.04075910018697604,-0.04916157292043366
0.8842605436714615,0.8855616734690129,0.040601368141331085,0.055637799960089496
0.8309485530779193,0.8149899860279258,-0.05331199059354219,-0.06373350031488252
0.8544843806717385,0.8442781981347427,0.023535827593819225,0.010991367284939695
0.8416183961333876,0.8710227309221207,-0.01286598453835086,0.0037944035811385696
0.9278563347797318,0.9176975679378134,0.08623793864634421,0.09041323366184321
0.8901699533933706,0.8809988514736727,-0.03768638138636127,-0.035527828947672035
0.8450057450634,0.8127341366787495,-0.04516420832997059,-0.02215615385020969
0.8444912930683698,0.8531163504046059,-0.0005144519950301962,-0.006670115610210191
0.8932760279098539,0.9300670623479631,0.048784734841484156,0.05881010528588307
0.7796365100906664,0.7969073397240313,-0.11363951781918757,-0.12145624529344187
0.8785648446886732,0.8855573303670626,0.09892833459800687,0.0969196644554343
0.8278748961783102,0.8415793636508624,-0.050689948510363014,-0.05139541470080048
0.9087781427909293,0.9193758095058666,0.08090324661261905,0.07683075558139796
0.9315093267554495,0.9417898688894791,0.02273118396452023,0.023577657194700855
0.8764461496588526,0.8673619260463101,-0.055063177096596916,-0.05517350694376535
0.8993218434450366,0.9013289571894321,0.022875693786184037,0.023067881552018974
0.8228247655591682,0.8350940979861617,-0.07649707788586846,-0.08151102374586326
0.9143730201494377,0.8976789615326201,0.0915482545902695,0.08674491023478242
0.8578831153570348,0.8334291981849381,-0.0564899047924029,-0.05395877982087365
0.8094877618136214,0.7895443214710955,-0.0483953535434134,-0.03452847429054617
0.8972498989011943,0.9313869055203525,0.08776213708757297,0.09066045679398062
0.7940572482106378,0.8038859904325104,-0.1031926506905565,-0.09980695880794778
0.8652477656174982,0.878905476707501,0.07119051740686033,0.07716222068036291
0.8193903236814963,0.8148733581257274,-0.04585744193600183,-0.04874859409983896
0.8311935741427077,0.8261138428561707,0.011803250461211334,0.009433423041939915
0.891929669378067,0.8801465260572926,0.06073609523535928,0.058277964187754695
0.7700634707490115,0.7858562265784375,-0.12186619862905546,-0.13158897138198852
0.9322791990230728,0.9151733930363147,0.16221572827406128,0.16677845597607474
0.912435898276033,0.8792755749226683,-0.01984330074703977,-0.02778442594011835
0.8608599521820761,0.8751310439786667,-0.05157594609395688,-0.0453603429843191
0.8923818882505137,0.8748462382923549,0.03152193606843756,0.027801515745445485
1.0048817303634918,1.0094507537139807,0.11249984211297814,0.10377742706327664
0.8190062847415492,0.8247363441912434,-0.18587544562194258,-0.18318706752419162
0.8931862557870942,0.8970852265706276,0.07417997104554497,0.07060034538004087
0.8254185176151414,0.8287506649599249,-0.06776773817195281,-0.07016173231684722
0.8936729891657855,0.8710254706877484,0.06825447155064412,0.057046720996533205
0.7923039070592026,0.7962898793539481,-0.10136908210658291,-0.10943945870035156
0.8879850218524726,0.891008144965986,0.09568111479327002,0.0822523046691527
0.911015872204724,0.8838894392242799,0.023030850352251386,0.007997190712409018
0.9063742493384076,0.9383317805109362,-0.004641622866316419,0.0024823441990764836
0.8287231898216085,0.7883315088913816,-0.07765105951679907,-0.08299605642500825
0.7910161110344577,0.8350038547499038,-0.03770707878715085,-0.027773099761826417
0.8576457488324765,0.8306473682242089,0.06662963779801878,0.05706546047074593
0.7668797051963174,0.7546323221645047,-0.09076604363615903,-0.11277275211163379
0.9028742523385417,0.9309307979493294,0.13599454714222425,0.15970525591517254
0.9574924424929301,0.9641076899437295,0.0546181901543884,0.06654970803726853
0.9295358851769494,0.9025001226650784,-0.02795655731598068,-0.02122648641085885
0.8406041574871335,0.8142000856072171,-0.08893172768981594,-0.10163005262726735
0.9576020630368413,0.961507064110557,0.11699790554970779,0.1327806132841991
0.9016137916959356,0.9089915031699667,-0.05598827134090567,-0.07076637079303241
0.9047261700966508,0.8971404348749209,0.00311237840071521,-0.004199028456285461
0.9252068904408788,0.9298115425207532,0.020480720344227987,0.020294761115596433
0.9829280389788861,0.9637501327616366,0.05772114853800736,0.04826979079436135
0.8292014437876374,0.8258114720052949,-0.15372659519124876,-0.1432696212296453
0.8323628658512047,0.8518617229959996,0.0031614220635672874,0.0018144153648309478
0.9039422456653777,0.8967189778536702,0.07157937981417306,0.07546270867417215
0.9279575565348468,0.9069329864260001,0.024015310869469064,0.02702975611080023
0.8885878226969038,0.8768895822118721,-0.039369733837942955,-0.03398814746575242
0.8951255185916602,0.8983233364921812,0.00653769589475639,0.020765293570667278
0.8913089836910515,0.8678519757805392,-0.003816534900608737,-0.006194437785631293
0.8892106912395765,0.8609452703996243,-0.00209829245147497,-0.010051140152048454
0.8835995494801631,0.9008082875290382,-0.005611141759413463,-0.002045407179994788
0.9573242791839314,0.9934865197278587,0.07372472970376831,0.0869131687696009
0.8875151270883626,0.8511924510277682,-0.06980915209556882,-0.0515025121816477
0.896172697178176,0.8782587081248913,0.008657570089813493,0.01123225635185419
0.9198171284785697,0.9301409918550003,0.02364443130039362,0.01902901601011041
0.8297168201239007,0.8185771341425943,-0.09010030835466898,-0.06416098001896392
0.9838387770051541,0.9742581987301013,0.1541219568812534,0.14703430106525123
0.9079122798828856,0.9034841912495574,-0.07592649712226851,-0.0824772813415164
0.8460315258116501,0.8574373776375755,-0.0618807540712355,-0.0760522850221371
0.9619141056377052,0.9412883092210171,0.1158825798260551,0.11908169493821298
0.8081949231693576,0.7915318825413884,-0.1537191824683476,-0.14620699466241077
0.9482077272391418,0.9511647099261007,0.14001280406978422,0.14759162419579144
0.8826419942633487,0.8919879012889698,-0.06556573297579316,-0.06515714382137926
0.9503423360430804,0.9264391713669028,0.06770034177973172,0.05887307651840418
0.9118185417119726,0.9524767716281067,-0.03852379433110775,-0.03348438607661639
0.8695456780270411,0.8706478704071862,-0.04227286368493155,-0.04159306388387809
0.9419432889173558,0.9504514424525468,0.07239761089031471,0.06791454068216887
0.8987012299108058,0.9278176792154538,-0.04324205900654998,-0.0612170623875456
0.8951329017720843,0.9112588795386114,-0.0035683281387215438,-0.001982094378773934
0.9246220836944299,0.917854901141598,0.02948918192234562,0.027351362033146805
0.7847605479394626,0.7705801277339895,-0.1398615357549673,-0.13363486451514067
0.86619342841511,0.8565158490838128,0.08143288047564745,0.07930318542894688
0.8588495868120506,0.8507775773502567,-0.007343841603059453,0.0038599407639169896
0.8132638614865865,0.8184234096544742,-0.04558572532546412,-0.04894618676911734
0.8584767533647687,0.8717084719514949,0.045212891878182226,0.03639998718035336
0.9277516872353617,0.9174209990277401,0.06927493387059303,0.08433511893420795
0.8140631019681327,0.8378058889716224,-0.11368858526722903,-0.11126483432983654
0.8758430286307627,0.8721408149814392,0.06177992666262999,0.0424250867817709
0.9263135231258873,0.9464219163305915,0.05047049449512464,0.05030095983920925
0.8834208183053309,0.884182816279488,-0.042892704820556404,-0.036839190941334914
0.8961949571110125,0.8842666559575912,0.012774138805681567,0.012707649742681557
0.9324336859219959,0.9435265681230751,0.036238728810983445,0.031667282686796326
0.868525417184395,0.8507939449998063,-0.06390826873760092,-0.07257858298103392
0.8457901986017378,0.8539499684400677,-0.022735218582657257,-0.024426435714414493
0.9096232750405877,0.9189539311883996,0.06383307643884994,0.07348488832439537
0.8867688444213181,0.8555737365075176,-0.022854430619269617,-0.01215840333966706
0.9645611318333764,0.9605655180337018,0.07779228741205835,0.06171916550628259
0.8393678411635683,0.847688016206107,-0.1251932906698081,-0.13084206677801943
0.8824461179819069,0.8943941382232266,0.043078276818338535,0.0453469776266771
0.9044837054717813,0.8984637012337827,0.02203758748987439,0.03722079124580344
0.8687192480189421,0.8754401514734375,-0.03576445745283918,-0.04698755406756472
0.7698512671669082,0.7819250866413447,-0.09886798085203385,-0.10029642183751208
0.9495580578807346,0.9527042453794976,0.17970679071382634,0.19480068649598903
0.9390695085473278,0.9391825803576258,-0.010488549333406705,-0.022933183414965693
0.8954799732003756,0.8686970079205228,-0.0435895353469522,-0.04158964731683254
0.8961166356549211,0.9092841038767245,0.0006366624545454114,0.010555589477229182
0.8329585525358558,0.8258026794975284,-0.06315808311906523,-0.07521027287963229
0.9218239277238507,0.9230154203132265,0.08886537518799487,0.09030103357106838
0.9186750877320767,0.9364323030201323,-0.003148839991773955,0.007635565353616199
0.8675552102633026,0.8500941766113518,-0.05111987746877411,-0.05422126430146377
0.8928872171511497,0.8741904378016393,0.02533200688784709,0.026267233368081132
0.8936560005246672,0.8996978183953008,0.0007687833735174898,0.0014676506879355874
1.0137716153654954,1.015558095104171,0.12011561484082822,0.10557327161720209
0.926747049495612,0.9312743756387847,-0.08702456586988339,-0.06686506603334298
0.8791177107693924,0.8744272225123009,-0.04762933872621966,-0.04256454923964921
0.8798532371991138,0.8539523161561324,0.0007355264297214115,-0.0028851095239181735
0.9228342229345003,0.9533890824696125,0.04298098573538656,0.05589903106202841
0.9265045518708226,0.8995159358762723,0.0036703289363222424,0.0019050471328840848
1.0205576104541008,1.0300235467509442,0.09405305858327817,0.0970486043758528
0.9201204634445247,0.9388460511312686,-0.10043714700957607,-0.08846166547844583
0.9043392969759824,0.9159951147782777,-0.01578116646854233,-0.017132710180353058
0.9053949889331674,0.9013449615017572,0.0010556919571850232,0.0012853960243026205
0.8753448095613385,0.91645233009248,-0.030050179371828856,-0.04431797281437189
0.939728010999803,0.9495103027562032,0.06438320143846443,0.06493158818044222
1.011555939893293,1.0407513284438141,0.07182792889348999,0.06044335374924181
0.8955334293487197,0.9147056084292499,-0.11602251054457324,-0.11563784128252631
0.9715017923731548,0.9725874754116527,0.0759683630244351,0.09305506393183476
0.8933924725414586,0.859802098153527,-0.07810931983169622,-0.0743717074058049
0.93035739449218,0.9189684783718507,0.03696492195072143,0.034017857780207515
0.9087958021156314,0.8877948603435889,-0.021561592376548644,-0.019292495057325318
0.8463785966853499,0.8619137265692589,-0.06241720543028151,-0.05491196294605786
0.8868723485631091,0.8801867952324774,0.040493751877759276,0.042720656611244356
0.8928178970336177,0.8383120682941281,0.005945548470508544,0.001269275610587324
0.8818781775281203,0.9087436725860254,-0.010939719505497436,-0.018227554593700606
0.8684966636685179,0.8563740997259081,-0.0133815138596024,-0.009259977636587643
0.9546514163135763,0.9836263702849236,0.08615475264505845,0.0855239750268636
0.9433013975292565,0.896950246606718,-0.011350018784319849,-0.02159268952431531
0.9550912737427688,0.94447012268495,0.011789876213512351,0.007899991463395746
0.8660407600827648,0.8384997566938441,-0.08905051366000405,-0.0704132109614156
0.874183667835262,0.880343962891652,0.008142907752497264,0.0026135310150858845
0.9094064371962889,0.8982906421530626,0.03522276936102686,0.04474640937099161
0.8832582199965167,0.898900613888689,-0.026148217199772228,-0.01911473786042183
0.9571443709629985,0.964633377845538,0.07388615096648188,0.07008124318483733
0.978330542479816,1.0231268506955382,0.021186171516817454,0.02218395492092372
0.8984405522545799,0.8724799191328069,-0.07988999022523613,-0.07314444666964985
0.9015341356831714,0.9364505501100793,0.003093583428591562,0.007044301129602964
0.9424490012401169,0.9381887390352261,0.04091486555694546,0.0520570163272296
0.9092723274951335,0.9269396854384221,-0.03317667374498334,-0.025028775543422782
1.0075982676498818,1.0035009834516457,0.09832594015474827,0.11622797487883418
0.8556839282940789,0.8533619099875662,-0.1519143393558029,-0.14737594064558437
0.9208072820080322,0.932926894171225,0.06512335371395328,0.07278730132843725
0.969577620444758,0.9740897956309565,0.048770338436725846,0.05143467614558278
0.9244052569112405,0.9222039915080911,-0.0451723635335175,-0.05002681891875623
0.902342106008799,0.8689446434321412,-0.022063150902441486,-0.008652199393552601
0.8764464024500394,0.8849307810000475,-0.025895703558759697,-0.0313625419886742
0.8887105671668328,0.8786226635446739,0.01226416471679348,0.009621025782027951
0.9088278106423977,0.8695694983990642,0.020117243475564872,0.022176715149037046
0.9874636605623731,0.9954350316563044,0.07863584991997541,0.06513280015404468
0.9483032272590035,0.9797718585172475,-0.0391604333033696,-0.05320235689264574
0.9039828794978274,0.932390336085117,-0.044320347761176104,-0.07401197197397338
0.8820146236531423,0.8566437507566651,-0.021968255844685092,-0.012054830113356414
0.8794356683471266,0.8601120528504625,-0.0025789553060157067,-0.011845772889386704
0.8942751138682498,0.8858146794018128,0.014839445521123151,0.02015884196585195
0.9091824014358071,0.9095606906165973,0.014907287567557326,0.00092668624423216
0.8487884491200062,0.8692582207623128,-0.060393952315800914,-0.05268413277744093
1.0030864514375253,1.017621155381529,0.1542980023175191,0.1457182713041575
0.9923442594039765,1.0045259818593675,-0.010742192033548759,-0.0180952865017549
0.9830526363495938,0.9680827930466671,-0.009291623054382692,-0.030890156212439925
0.8746050202202353,0.9109553730080581,-0.10844761612935849,-0.11246475558039674
0.9101882296244292,0.9002797311154211,0.035583209404193905,0.02376797776480613
0.9095766084475747,0.8942461325653265,-0.0006116211768545377,0.002085197532115175
0.9072843337460331,0.9034767884146658,-0.0022922747015415856,-0.0005794979930882449
0.9267569185336579,0.9846511759276325,0.019472584787624814,0.01752123940284407
0.9390575669180613,0.9223522467378412,0.012300648384403368,-0.003390046312671792
0.9006879135599116,0.8886543139030931,-0.03836965335814968,-0.049844833168468466
0.8588268887189133,0.8242794886941013,-0.041861024840998295,-0.050268604009034164
0.8771860125573352,0.9068999193333146,0.018359123838421865,0.01682706156051198
0.8988549796950458,0.8922007633615932,0.021668967137710604,0.004842929714261063
0.9216312455787637,0.9116883159004286,0.02277626588371795,0.01617092493834766
0.9473128877905104,0.9337280016405891,0.025681642211746625,0.03350964531926995
1.011666824615236,1.0041414748749729,0.06435393682472568,0.07768163887481372
0.942891377961324,0.9495420041581307,-0.068775446653912,-0.07198862049722801
0.9024395868243833,0.9045548449805261,-0.04045179113694075,-0.036788162792438975
0.9385002025267948,0.928256836860592,0.03606061570241148,0.04421016714835398
0.9228482969680405,0.9069462340697971,-0.015651905558754287,-0.031768615952050376
0.8311776563032773,0.8461762628338058,-0.09167064066476316,-0.08041519594430564
0.9730153798576198,0.9677187747404924,0.14183772355434243,0.15341101580716776
0.923689066431939,0.9399232152581709,-0.04932631342568072,-0.05349213481826683
0.8332724260622215,0.805791870324234,-0.09041664036971753,-0.10551054912646239
0.890070405530604,0.9205191427178099,0.0567979794683825,0.05229022008214179
0.9788814720040178,1.0131545175432266,0.08881106647341375,0.10267461756679679
0.8986016461094373,0.8892255290129146,-0.08027982589458049,-0.09338312022908267
0.9183214214093115,0.9277404418019706,0.01971977529987423,0.01595381710844296
0.9261032872224757,0.9133819491948827,0.0077818658131642016,-0.00780766454500067
0.9563235208779172,0.9609471278396563,0.030220233655441464,0.026531152788872036
0.8648161740715302,0.9129197980307224,-0.09150734680638695,-0.08369318030663382
0.963499028681959,0.8983759082799915,0.0986828546104288,0.09450619424472637
1.0083717045217822,1.0073277404533865,0.04487267583982313,0.043428900284331926
0.9618920722240513,0.9685791402380671,-0.04647963229773089,-0.0591126090911934
0.9631094173551926,0.9435296291908055,0.0012173451311413563,-0.0037557849086591374
0.8731038811409257,0.8991830275999987,-0.09000553621426688,-0.07327712503181429
0.9299304496043604,0.9645692587455862,0.0568265684634347,0.06729733740256497
0.8674867212762447,0.8748979021736767,-0.06244372832811573,-0.061697411969899286
0.9188512810181333,0.9220042643484988,0.05136455974188858,0.050517671655951
0.8920202023929369,0.8894111367687444,-0.026831078625196403,-0.01842499388373678
1.0003165490922432,0.9864214767013787,0.10829634669930632,0.1063714426125976
0.847953481854034,0.8488590387067758,-0.15236306723820925,-0.1429146898654657
0.9294110470763731,0.9357940661324329,0.08145756522233916,0.07842624152291404
0.9590325697058806,0.9684739672314053,0.029621522629507457,0.02157804064657877
0.9397876258967927,0.9116149440807851,-0.019244943809087922,0.0014799594481779664
1.008832516766493,1.0158037660316168,0.06904489086970045,0.06630519459541269
0.8785584549543175,0.860686470044759,-0.1302740618121756,-0.11802556654935525
0.8603591834244576,0.8647465217246421,-0.018199271529859895,-0.015370851491075636
0.9434166260636218,0.9175805445850542,0.08305744263916415,0.0800171101636876
0.9364794689117525,0.9437418934344721,-0.0069371571518692665,0.00872820851897407
0.8541624334800849,0.8474093590828327,-0.08231703543166757,-0.07864972918178156
0.9603250472994714,0.9526592901151661,0.10616261381938652,0.11551444862476248
0.9447702168542148,0.9452418655304212,-0.015554830445256629,-0.026375207268569883
0.9896775973792825,0.9710187135412411,0.04490738052506771,0.048453166971206586
0.9557511608341528,0.9330832536881839,-0.03392643654512972,-0.029010491420490246
0.9503950273776083,0.9782451882634394,-0.0053561334565445096,-0.003109226841542578
0.99604803516318,1.006476747680989,0.045653007785571686,0.040797421067749924
0.9301664390446972,0.9580016754807831,-0.06588159611848277,-0.06427721144686413
0.9211993961861561,0.9378545824937456,-0.008967042858541108,0.005350474228188667
0.9057553451503851,0.9246878805335924,-0.015444051035770956,-0.015640655334387892
0.9349798854203135,0.9281136433106565,0.02922454026992838,0.022510608621642465
0.9663868214423378,0.969202412102824,0.03140693602202427,0.023040998065093785
0.9622146884036578,0.943974427643249,-0.004172133038680026,-0.014848264476900712
0.9277576197227603,0.9329536125900865,-0.034457068680897485,-0.0411660640813929
0.9503900577947473,0.932095120405495,0.022632438071987004,0.020369821437849735
0.9702795903711289,0.9718521542468034,0.019889532576381597,0.024914362470583543
0.9035701954083268,0.9006398238957081,-0.06670939496280204,-0.06065259282486403
0.9815188299040156,0.9998873783304754,0.07794863449568878,0.09372979742648258
1.0104833252366305,0.9890201682515486,0.028964495332614915,0.039400734669230116
0.8824319347552566,0.8634468873568435,-0.12805139048137393,-0.10985094915964759
0.9553788458803303,0.9136177874600905,0.07294691112507368,0.07963461463371821
0.8891576960419185,0.8763211191614211,-0.06622114983841176,-0.06727786293736748
0.8900505874054163,0.8647192656607172,0.0008928913634977942,-0.002319987830150379
0.9392622803801709,0.9444670472179593,0.049211692974754584,0.05414006013301704
0.95601279002803,0.9762909252671964,0.01675050964785907,0.016894281764255243
0.920749160526621,0.9283873232469411,-0.03526362950140893,-0.032140853762668994
0.9582622968679901,0.9497492989063231,0.0375131363413691,0.033629214539499366
0.9659863497914938,0.9627442824240735,0.007724052923503644,0.0015178318905404659
0.9718274453449596,0.9897490709686907,0.005841095553465792,0.011412521815716479
0.9766086726615985,0.9739092121783302,0.004781227316638881,0.011871360779781329
0.9124827810057127,0.9052321901801463,-0.06412589165588578,-0.06511337981154995
0.8566903809788625,0.8774965202428339,-0.05579240002685015,-0.06011841069531716
0.8821759735587963,0.9046278806354917,0.02548559257993377,0.01298440599586203
0.9889093312413637,0.9861342507793273,0.10673335768256742,0.11562326249835264
0.9737812577001319,0.935562022058345,-0.015128073541231801,-0.006370292504509746
0.9390384317561196,0.9446831408986227,-0.034742825944012345,-0.05953083913077413
0.9761278257385543,0.9934818567063717,0.037089393982434715,0.0398365068850283
0.9297161626594147,0.9209851031231606,-0.046411663079139576,-0.045467274279654246
0.9732199177842207,0.9605130509956774,0.043503755124805976,0.04270206537251531
0.970627791234014,1.0047554869124227,-0.002592126550206686,-0.011660227282782997
0.9911559350951352,1.004966330593752,0.02052814386112123,0.01714666040574728
0.9199566059512714,0.92827616136018,-0.07119932914386384,-0.06385693252709705
0.9369589692272106,0.9618391797567625,0.01700236327593918,0.002974724315924715
0.8446271606108668,0.8169060113963993,-0.09233180861634371,-0.11089207793813566
0.9556846758607362,0.9370175851348813,0.1110575152498694,0.10905882653653699
0.906516272818565,0.8982939039453365,-0.049168403042171294,-0.0825235454599055
0.9922381607594555,0.9897038601434849,0.08572188794089053,0.10654123078448968
0.9751137016132779,0.9887677768560169,-0.01712445914617755,-0.017084296820109937
1.00569450518123,1.0152908275139123,0.03058080356795212,0.029711390791582293
0.8879503733918394,0.872957646797754,-0.1177441317893907,-0.11699502272170752
1.0630115010437222,1.0623187950696034,0.17506112765188286,0.17629988190868484
0.9766022878668522,0.993116862940406,-0.08640921317687,-0.08581393591613745
0.9914427647555373,0.9739151758904048,0.014840476888685061,0.01252891650754836
1.0189877581501758,1.0052254561342329,0.02754499339463856,0.028952890763214435
0.9524430129425276,0.9777348408728948,-0.06654474520764819,-0.06422720586455591
1.0252517051631327,1.0298279047400472,0.07280869222060504,0.0834430533708517
1.026554498402169,1.0513397642131155,0.0013027932390363706,-0.0002263757126372782
0.9600732829547073,0.9611562987620178,-0.06648121544746177,-0.06056405876502227
0.9203076429970333,0.9305996083195209,-0.039765639957674015,-0.03401039161644597
0.8194475044257363,0.8284674235636358,-0.10086013857129694,-0.10546644113489372
0.9861500134665813,1.0052813732898227,0.16670250904084494,0.15687226225317089
0.8948966419659881,0.9005155269069482,-0.0912533715005932,-0.09868823012256263
0.9805365800204299,0.9435616462152514,0.08563993805444181,0.07433043771585654
0.9907015851847263,0.9831280977643483,0.010165005164296415,0.00795173261783266
1.0466005681352328,1.0255646426981946,0.05589898295050655,0.049906869588899845
1.0753314470637003,1.02998585590773,0.028730878928467485,0.023581148216061065
0.9903161692244511,0.9717785632379838,-0.08501527783924923,-0.07230133849268061
0.9646394483342354,0.9762206769209372,-0.025676720890215665,-0.02529377511268997
0.9212365298160381,0.9017675479932834,-0.04340291851819733,-0.0364230496549406
1.0157187379779617,1.034336635188815,0.09448220816192365,0.0990502598871287
0.9085327987271321,0.8966126596296382,-0.10718593925082964,-0.10906700990533921
0.9232087762593074,0.9114516615257056,0.01467597753217531,0.007707055852333125
0.9031323254339602,0.9096800761877221,-0.02007645082534726,4.18275255560166e-05
1.0290567795339327,1.0135907368188308,0.12592445409997255,0.13570489141428999
0.9064587743372043,0.9239866094136727,-0.12259800519672837,-0.12642290162552436
0.9806047789061733,0.96843661969211,0.07414600456896892,0.08448086259015124
0.8990894682747211,0.9169390205524263,-0.08151531063145212,-0.06015407204295305
0.993056334092553,0.9945193248406761,0.09396686581783187,0.0907940978757849
0.9245105398308623,0.9333649740080038,-0.06854579426169072,-0.0646551097928995
0.9375577887270355,0.9606659907078028,0.013047248896173258,0.016752899527375235
0.9772741024674347,1.0092233435655977,0.03971631374039919,0.0533663397211706
0.9529160046840137,0.9715571754863715,-0.024358097783421018,-0.024728343254908844
1.0278680578787627,1.0558329191082072,0.07495205319474896,0.08043697801859227
0.9316519347680788,0.908612106540114,-0.09621612311068384,-0.10960096403258951
0.9482975594886194,0.9242804399935428,0.01664562472054054,0.0009373133199386645
1.007482084855729,1.0123333520820383,0.05918452536710972,0.05307457632300985
1.0078997855658398,1.0089104714597144,0.0004177007101107133,0.027880577250974464
0.976771350354066,0.9829339071728972,-0.031128435211773775,-0.030880689512899337
0.9078185013154534,0.9044976213766668,-0.06895284903861265,-0.0549811488536371
1.007776632015631,1.0414504808275857,0.09995813070017756,0.10426496033011232
0.935637779320802,0.9446452182908492,-0.07213885269482889,-0.07738398990947346
1.0802941905883567,1.0697569308221508,0.14465641126755469,0.1459438975091114
1.000822722599205,1.0212643235565844,-0.07947146798915172,-0.10409928192283999
0.9623955208658111,0.9615999416826951,-0.03842720173339387,-0.032283301491186994
0.962245916542187,0.9620111829673129,-0.00014960432362409737,0.002401069135899308
0.9534442673314026,0.9712266494776693,-0.008801649210784412,-0.006189453799789835
0.9888240333190953,0.9810215960839261,0.03537976598769266,0.05477868787535356
1.015712723269588,1.0307354139552314,0.02688868995049265,0.0321087636971333
1.0484958065082342,1.058220248325595,0.032783083238646205,0.045153216686566924
0.9193878737562863,0.914544206276503,-0.12910793275194787,-0.1443094165290491
0.9855224590579389,0.9713252796400608,0.06613458530165262,0.07077692984195495
0.8511439852097731,0.8159303376156204,-0.1343784738481658,-0.14176137178450754
1.010847916263356,0.9885842542839672,0.15970393105358283,0.16890104680343132
0.927567074806073,0.9245918598847589,-0.08328084145728287,-0.06972737403488029
1.0513105271699348,1.0691242526942426,0.12374345236386175,0.10429113911448948
0.9072871094358476,0.9106831076484198,-0.14402341773408722,-0.14975912235935251
0.9464637540224183,0.9449591597692151,0.039176644586570775,0.02678517795125255
0.9599041186182562,0.9532545992862285,0.013440364595837861,0.013331012754127104
1.0064824687140541,0.9980034739299012,0.046578350095797916,0.05243709266838445
1.0334042601542028,1.0361287264971204,0.026921791440148723,0.009450927631737632
0.9744926011177517,0.9363051824576744,-0.058911659036451125,-0.05476749235429084
0.9088592030580817,0.8979912955425656,-0.06563339805967006,-0.06482949611709701
0.9394454525783322,0.9357249805870862,0.030586249520250575,0.033814252502793206
1.0257085089543851,0.973435010217739,0.08626305637605292,0.07266591921458625
1.0067954744306222,0.9364411973788718,-0.018913034523762917,-0.016864101045124712
0.9869103463627924,1.0159848339665478,-0.019885128067829827,-0.006461435637334477
0.9106274486252133,0.8780582113174517,-0.07628289773757913,-0.07319012511621495
0.9716287812559581,0.9897099886305375,0.06100133263074481,0.057742558872890266
0.9822692352271799,0.9753559590846026,0.01064045397122182,0.02934023950560013
1.017816298178682,1.0325380511738138,0.03554706295150212,0.03362372006796013
0.93554131939747,0.9195868360010635,-0.08227497878121204,-0.09180697675638222
0.943986873928401,0.9383274360751238,0.008445554530930988,0.0010232945982866165
1.0469287605421342,1.0877054408669766,0.10294188661373327,0.0867057777366949
0.9902326161221588,0.982067875341623,-0.05669614441997539,-0.05627638353819387
0.9161572305265034,0.9275251460089757,-0.07407538559565541,-0.09078011625763209
0.9920595319266982,0.9783784971856931,0.07590230140019472,0.08165977507292392
0.9830820103039057,0.9747580317840685,-0.008977521622792417,-0.008128762126789556
0.9452640062564617,0.9216204223442089,-0.037818004047444065,-0.04741982520209322
0.9913656319159851,1.001421615061237,0.04610162565952347,0.06356203963869766
0.9456242751805706,0.9139626097296861,-0.04574135673541457,-0.05007749033599436
0.950764678705741,0.9536869693846837,0.005140403525170423,-0.0033185168803459703
1.033580007241135,1.026928250393002,0.08281532853539397,0.10278610440276706
1.0246210409456264,0.9873176700786969,-0.00895896629550852,0.009013092437488181
1.1359403575181477,1.1293956875580358,0.11131931657252125,0.09988158845164109
0.9072555382370784,0.8808840988444329,-0.22868481928106932,-0.22134788882103404
0.9824272051615803,0.9993001449913986,0.07517166692450195,0.07719891831981907
0.9956503779679742,0.9861539647993356,0.013223172806393846,0.02111502569798563
0.9855418383951837,0.942585960274619,-0.010108539572790454,-0.014989600840423185
0.9609841568817306,0.9766878981719882,-0.024557681513453167,-0.023769952167638376
0.930475098379957,0.9124075775946985,-0.030509058501773545,-0.02509616802462236
1.0306625741559439,1.0281781995073886,0.10018747577598686,0.09515573522453452
0.9410907000996385,0.9246043057423816,-0.0895718740563054,-0.0915157319964675
0.9724744244748152,0.9400354402349241,0.03138372437517678,0.028460869557526636
1.0558137117296527,1.0153212732186718,0.08333928725483741,0.08487853638076362
0.963816408702147,0.9696416430742971,-0.09199730302750564,-0.07247643807928987
0.89982083249819,0.8902155031443109,-0.06399557620395702,-0.05954174438210258
0.9716147846151227,0.9409933401234037,0.07179395211693274,0.07182626659965338
0.9410229692945524,0.9308434318678933,-0.030591815320570315,-0.012553034890786286
1.074292123225212,1.057066676442418,0.13326915393065963,0.10905982851826253
0.9817641217237668,0.9760789291889481,-0.09252800150144525,-0.07676038792406642
0.8830882257496744,0.904393798425029,-0.09867589597409243,-0.09764558881137943
0.9827616391491817,0.9649100585975341,0.0996734133995073,0.08585007646476578
0.9859574770854894,0.9748813836172275,0.0031958379363077327,0.009369270315697335
0.9696726383652025,0.9564552708357162,-0.016284838720286965,-0.011630207846741864
0.9550507633305529,0.9665208915301373,-0.014621875034649512,-0.008676031979239694
1.0012491386092321,1.0068813154553422,0.046198375278679205,0.0636263174750457
0.8573929466034153,0.8807729552885601,-0.1438561920058169,-0.15374064247450228
0.9068928876433898,0.8824784861733712,0.04949994103997457,0.049674438746265544
0.9129531065248089,0.930838018039503,0.006060218881419055,0.006437886373758283
0.9570758107802014,0.9763780611462385,0.04412270425539255,0.04909211546633366
1.0271917941298183,0.9838740672750934,0.07011598334961688,0.08167537858195972
1.0256332973391236,1.0345142133038088,-0.0015584967906947522,0.00123608195403721
0.9033833614896026,0.8814398380922126,-0.12224993584952093,-0.12714815635635446
0.9121645968237196,0.9168047865954433,0.00878123533411701,0.009585437549081944
1.003992093319933,1.029849290768762,0.09182749649621347,0.07960597904838783
0.8944751837447151,0.8834250675291974,-0.10951690957521798,-0.10164227419315927
1.085663798321158,1.0872087164599324,0.19118861457644276,0.18899106277354222
0.9071577956550967,0.9013393655617266,-0.1785060026660612,-0.18907905587335172
1.0073700609161422,1.0190695881780063,0.10021226526104554,0.07385128430367909
0.9314403626169975,0.9317698660846395,-0.07592969829914475,-0.07720118138083978
1.0188982652950942,1.0324892352425825,0.08745790267809672,0.08476845561182533
1.0022691915291504,1.015006783604572,-0.016629073765943803,-0.012741223156702976
1.0082121213460715,0.9978391979979173,0.0059429298169211275,0.00460107859630921
1.0364789117678619,1.0426192058670982,0.028266790421790366,0.02606348376368588
0.9342729021798628,0.9232824605232036,-0.10220600958799908,-0.10794419327832963
0.9418173274519912,0.9539613604837732,0.007544425272128397,0.0129412972265825
1.0269392424021766,1.019272569199473,0.0851219149501854,0.08082293633329624
1.0068418566474828,0.9980025195757106,-0.020097385754693775,-0.027672265098032434
1.0688398103420775,1.0599876793603364,0.06199795369459471,0.055475774162391606
0.8680915985939789,0.8495124751076653,-0.20074821174809865,-0.1822111065822784
0.9434287867776476,0.9890957102525275,0.07533718818366875,0.08263157994566407
0.9480776447947639,0.9247622561073088,0.004648858017116231,-0.01151382985728961
1.0575482150126707,1.030113635950279,0.10947057021790685,0.11142006278348426
0.9503905806322942,0.9172212277751415,-0.10715763438037651,-0.12540542642931063
0.9774248577164026,0.926846085594062,0.027034277084108438,0.04355063093833568
1.0009723316863213,0.9836878826336235,0.02354747396991863,0.024862445131024008
0.9354503871785566,0.9163284096476015,-0.06552194450776472,-0.05782511932055752
0.9904534177881545,0.9924449896693132,0.05500303060959799,0.04579071684882785
1.0662713856266657,1.0582053083871756,0.07581796783851114,0.06208665670658318
0.9698915619538867,0.9598770322630319,-0.09637982367277897,-0.08966245420641834
0.9617190914092066,0.9367999164173434,-0.008172470544680066,-0.0023775226842975795
1.0107531600436666,1.0062648727260124,0.049034068634459915,0.05704405166260549
0.9611106213935895,0.9935807906843708,-0.04964253865007706,-0.04218537137654413
0.9694521248934054,0.9683333169182601,0.008341503499815883,0.020914813722938574
0.9414423683148715,0.9366476711096909,-0.028009756578533884,-0.008187832762108153
1.03063998638913,1.031296716983452,0.08919761807425852,0.08640735326126682
0.8647921603009844,0.877234969095935,-0.16584782608814563,-0.16733439255667346
1.0941170776309967,1.0806955659516142,0.22932491733001237,0.23426819739537763
1.0033524760388677,1.0057854250597336,-0.09076460159212907,-0.08028465483942004
0.9086424195823347,0.9194318613155374,-0.09471005645653297,-0.10314833729326091
1.0033756160317495,0.9956595474746754,0.0947331964494148,0.0890783373810051
1.022295006092198,1.007711404979996,0.018919390060448515,0.020154392072001898
0.946405845961609,0.9714102874216305,-0.075889160130589,-0.06280826082495716
1.0978378696225126,1.100796275090613,0.15143202366090358,0.1550687040713616
1.032360070194402,1.0213602552432763,-0.0654777994281106,-0.0677371199420293
1.000057329189692,1.0173575624438016,-0.03230274100471009,-0.03293691798192375
1.0412741952132476,1.0540246881398552,0.041216866023555676,0.0458765470494796
1.0180300975326186,1.0101456124642072,-0.02324409768062896,-0.04222205495553803
1.0729232489858644,1.0626958925348082,0.0548931514532458,0.07520189481171302
1.0553285935499377,1.0560023069073945,-0.017594655435926754,-0.011295650012348168
1.034042608725013,1.0639620637902538,-0.02128598482492472,-0.0188158686805332
1.037640431369326,1.029503624407913,0.0035978226443129646,-0.009906655539677432
0.9963246397222582,1.0025633583484168,-0.04131579164706778,-0.033302250441807534
1.0139528310009318,0.9814505784211416,0.017628191278673655,0.008202502484658388
1.0687029171734712,1.107087274965135,0.0547500861725394,0.05186534897243409
0.9959395826935655,1.0052241998657243,-0.07276333447990568,-0.07989508850434897
1.080493790732011,1.0676277268410233,0.08455420803844538,0.10502446488385003
1.1003138835406394,1.1005001637228697,0.01982009280862851,-0.0098688511481568
1.0120392751854048,0.9906137712777923,-0.0882746083552346,-0.07976438739788427
0.9910383877216664,0.9744026280630959,-0.021000887463738405,-0.02619743751388356
0.9803517442497869,1.0020340138916612,-0.010686643471879531,-0.018972058839768914
1.0068485816495258,0.9857547607341945,0.02649683739973896,0.026576037666235917
0.9985157841689486,1.005933732471003,-0.008332797480577248,0.017052392260877486
0.984334461897929,0.964917818632467,-0.014181322271019647,-0.01290758356835223
1.032450139262791,1.0286910577695885,0.048115677364862,0.04422402768684368
1.0552807921026324,1.0976046996047082,0.022830652839841425,0.025496571877528226
1.0159273895462833,1.045495392221186,-0.039353402556349115,-0.018851408051990225
1.0426189531054295,1.0617017150448798,0.02669156355914626,0.022835535323676076
1.054591166644021,1.0980583925744376,0.01197221353859157,0.01859161609027207
0.9948942540390479,1.013234005560236,-0.05969691260497323,-0.0560397042032536
1.0147032840579862,0.9901097825985931,0.0198090300189383,0.01166257838780004
1.105663035826459,1.1003378666590853,0.09095975176847282,0.08094475197774428
1.0480451229421652,1.0471603302315582,-0.05761791288429374,-0.05593087812019076
1.0409643488641764,1.0042310078963201,-0.007080774077988794,-0.0026361691506817265
1.1503099832712729,1.1288109514382272,0.10934563440709644,0.11034225451955541
0.9697171542872022,0.9725960275181558,-0.1805928289840707,-0.18464651518624609
0.9739176650443463,1.0080550458230124,0.004200510757144116,0.00819333526802336
1.0649990935396392,1.0683218329758355,0.09108142849529288,0.0834958486509809
0.9334388489800732,0.9268388044233923,-0.13156024455956594,-0.13639631593520019
0.9537304063566561,0.956868228100543,0.020291557376582836,0.010737929016275126
1.058542783015054,1.0675726538938624,0.10481237665839793,0.11595415241293477
1.096959453588489,1.078427106149284,0.03841667057343501,0.03348592408976845
0.9952469943816386,1.011702897053832,-0.10171245920685046,-0.09034931274085511
1.102003316905608,1.1207969265576279,0.1067563225239695,0.10841270007392108
1.0318834772165708,1.048131140854304,-0.07011983968903723,-0.06888356647975667
0.9777485904190129,0.9751771124824872,-0.05413488679755796,-0.058581349642721665
0.9964318003126669,0.9657063242119881,0.018683209893654018,0.024123169250149165
1.0018981718769917,0.9658660356516211,0.0054663715643248345,4.5041552735996734e-05
1.111343176862489,1.1043475750658058,0.10944500498549736,0.11417368208576056
0.9956131978931129,0.9897145766043608,-0.1157299789693762,-0.11979686383799484
0.9677544835808204,0.9503890562368571,-0.027858714312292476,-0.008605931838621246
1.0898966245083028,1.0659738947114274,0.12214214092748243,0.11844769122963582
1.0276097084149434,1.0237617737558478,-0.06228691609335946,-0.0560077620999363
0.9962555304394958,1.0327173589189846,-0.031354177975447595,-0.0335106825346433
0.9685894908503849,0.9524064876858841,-0.027666039589110847,-0.008891028819237548
1.136641110803256,1.1355026764577694,0.168051619952871,0.16749626622935243
1.1798766862288554,1.1293163072434134,0.043235575425599526,0.03883200646012081
1.1145486646883593,1.1185304866245112,-0.0653280215404961,-0.06256354864315973
0.9247314794152657,0.9532810094798195,-0.18981718527309366,-0.18207477267094532
1.0540631160294838,1.0367557032951125,0.1293316366142181,0.1350291898188481
1.0937287613561457,1.11036802982476,0.03966564532666195,0.03502540851735783
1.0167298813596504,1.0156066185354284,-0.07699887999649535,-0.08010220927433158
1.0889439281970894,1.037404021497637,0.07221404683743904,0.066326852506433
1.0840724631671546,1.0720864946891042,-0.004871465029934852,0.010400416595961375
1.0492142948668401,1.0825154752077728,-0.03485816830031441,-0.03768951008713833
1.0432656107352118,1.042451178382957,-0.005948684131628301,-0.005107158205105112
0.9561056593161903,0.9174584741873087,-0.08715995141902155,-0.08798363823260763
1.0724249400239112,1.0481913713639306,0.1163192807077209,0.11053647388290147
1.0676177575203594,1.067562429838498,-0.004807182503551832,-0.003914543111846927
1.0585882648796334,1.0476694337590584,-0.009029492640725945,-0.013317819252681447
0.9874795953737111,0.9598140487785325,-0.07110866950592232,-0.06835087655906892
0.9725128280362971,0.9753094860516152,-0.014966767337413978,0.004345726503784252
1.0069734272253996,1.0203813506075678,0.03446059918910249,0.038173255350882285
1.1408453542092678,1.1593260226633806,0.13387192698386818,0.1382705133129876
1.005836394899234,1.028220706138582,-0.13500895931003387,-0.14702530124570648
0.9417453899354828,0.931180725438718,-0.06409100496375109,-0.07075564156955907
0.9537609951250278,0.9745321582215343,0.01201560518954492,0.01465267901040014
1.0021619353379014,1.0287181955536329,0.04840094021287367,0.05758540770545899
0.9987434274474224,1.0148054198960295,-0.003418507890479039,-0.003798493745616606
0.959189513534623,0.9249732544682615,-0.03955391391279939,-0.041973924490662104
1.0689256035921983,1.0744068589951443,0.10973609005757534,0.08227165342395666
1.0771052063675721,1.0670144958499137,0.008179602775373773,0.02317940895981673
0.9501932007363831,0.9562156500656318,-0.12691200563118898,-0.1380442996106495
1.0161836388230387,1.0388919189371297,0.06599043808665561,0.08295122119934331
1.0041127600614068,1.0408569492379942,-0.012070878761631931,-0.003772531553223865
1.0290070166722627,1.0236054446558294,0.02489425661085587,0.020587570805812052
0.9332948744650342,0.9316876460535919,-0.09571214220722846,-0.07685213528800555
1.0206063010708495,1.0331200006511976,0.08731142660581526,0.0817270329094857
1.1208967713405924,1.1415621056671057,0.10029047026974292,0.10455694781354644
1.0852655172943013,1.0684800832194472,-0.03563125404629108,-0.024127226041027065
1.0425798618896038,1.0275905634372728,-0.04268565540469749,-0.04213899013805069
1.0310684093990004,1.0445003784300448,-0.01151145249060348,-0.014165204548116421
1.010735556501483,1.0001325126203564,-0.020332852897517295,-0.033006044619962586
0.9649349782098801,0.9871793918017691,-0.045800578291603,-0.046656844801987625
0.9906655131548641,0.9838019792786507,0.025730534944984007,0.02752537067983887
0.9429246123523731,0.9720375216970525,-0.04774090080249094,-0.05026200616577627
1.032761626787695,1.0287454351174927,0.08983701443532177,0.0827110933893373
1.0232957047898572,1.0071133526536582,-0.00946592199783769,0.0007478819968528422
1.0048689004269074,1.0009090770027498,-0.018426804362949856,-0.01592644282789794
1.108370472899604,1.1057056857881067,0.10350157247269665,0.10019614374082007
1.0073676063969632,0.9858906756027984,-0.10100286650264079,-0.09316260525708023
1.0722056379085478,1.0592579717975732,0.06483803151158463,0.06618792259332025
1.048510929828382,1.0356735927104042,-0.023694708080165938,-0.01674337248016694
1.0916101308195598,1.0889696957772774,0.04309920099117792,0.04577285191453061
1.0384677547802965,1.0462898476920692,-0.053142376039263306,-0.06377759537678263
1.0444034775225923,1.0037061088577932,0.0059357227422958125,0.01213045556051304
1.0261840768255999,1.012122743201067,-0.01821940069699246,0.004033654352457054
0.9337891215545097,0.9425889407169129,-0.0923949552710902,-0.08979642437284789
0.9073734400182252,0.8841509853000913,-0.026415681536284485,-0.028140640112003703
1.1826079180326754,1.2086044926596329,0.2752344780144502,0.28015131540840243
1.0438977322098233,1.0426326408773234,-0.1387101858228521,-0.12883468963283273
0.9887424665661977,0.9795622497715882,-0.055155265643625606,-0.05446438543226122
1.0727835908827625,1.0782514438169244,0.08404112431656485,0.07290276307261376
1.1326768128180325,1.136785523455095,0.059893221935269914,0.05763916233862095
1.0844403270934564,1.062038218369965,-0.04823648572457606,-0.056511336484277995
1.0902188476719097,1.0790096133075893,0.0057785205784532945,0.031229311267346835
0.9866065436038689,1.0139122800300728,-0.10361230406804078,-0.10084574864406745
1.071249359988572,1.0503007320581588,0.08464281638470306,0.0790379152575248
1.1439979950968586,1.132132542766829,0.07274863510828666,0.07701759478369845
0.9943239675781942,1.0204638211214734,-0.14967402751866443,-0.1595466517509444
1.0609945708876691,1.0350981799349266,0.06667060330947494,0.04934822548483178
1.0035652606315641,1.0230547088155746,-0.05742931025610498,-0.047832012103344854
1.074575621426751,1.0928700238006002,0.07101036079518686,0.06682813931330651
1.098298887837536,1.0962340317751567,0.023723266410784927,0.02925090121881459
0.9421130757996636,0.9353695804046663,-0.1561858120378723,-0.1548568705167603
1.1106364751711106,1.1303754853392864,0.168523399371447,0.15558665057078488
1.09220967358633,1.0767972188290433,-0.018426801584780605,-0.020520539893987055
0.9763887689643875,0.972011498019484,-0.1158209046219425,-0.12127398106304572
0.9880363395836729,1.0012002103786894,0.011647570619285341,-0.0030722106585112877
1.0343963171145947,1.0310694803514762,0.0463599775309218,0.05228449918046854
1.0222141679710082,1.0298459118583756,-0.012182149143586507,-0.024674953277677186
0.9760349455883989,0.9559913685767727,-0.0461792223826093,-0.042549982654162016
1.048453849254339,1.021131897510374,0.07241890366594006,0.0843393776192607
1.0430166954406923,1.0619073438767095,-0.005437153813646622,0.001118582887262961
0.9595045763809695,0.9264828735265499,-0.08351211905972278,-0.10187028504640841
1.0352762966360993,1.0219477158472678,0.07577172025512979,0.06935794920989906
1.120078160017293,1.1142006380345115,0.08480186338119378,0.07705751720308583
1.100560599872165,1.1306176563498427,-0.019517560145128066,-0.021816695491815453
1.090268409154497,1.0795146347691063,-0.01029219071766807,0.006042727738049324
1.064593910545264,1.0614201081511816,-0.025674498609232987,-0.02288223357583077
1.0400689024877217,1.044106551969552,-0.02452500805754232,-0.03055096224864881
0.9915219052380865,0.9923783110320962,-0.04854699724963518,-0.05666112570041215
1.0858802165538175,1.0982899911766002,0.09435831131573102,0.09784154772119603
1.0475466317349535,1.0458101573654242,-0.03833358481886395,-0.05115200625879271
1.0785918898568676,1.0527310175304432,0.031045258121914054,0.03404721366833991
1.0650143582539275,1.0418589092420492,-0.013577531602940063,-0.013117006271836722
1.0138418099710347,1.0120955263356097,-0.05117254828289286,-0.04494157231033613
1.0615332417700551,1.0610607910208147,0.04769143179902047,0.05337390848179494
1.0837896195824304,1.097710866953169,0.022256377812375217,0.005509081022189735
1.083727029327255,1.029267835251855,-6.259025517540984e-05,0.01088655924983298
1.070686286464501,1.080252395040445,-0.013040742862753918,0.0023421519896369043
1.0528871852586477,1.051465056803771,-0.017799101205853374,-0.004953378310006322
0.9954972771229221,0.9765571135138114,-0.05738990813572553,-0.07356818807769584
1.0257548673940058,1.02616450095789,0.030257590271083656,0.036655008467936255
1.0600142785029423,1.0691800451114553,0.03425941110893649,0.032144731898812035
1.034944935927175,1.0320672203053733,-0.025069342575767317,-0.025983284372169197
1.1469677817385195,1.1076663206781177,0.11202284581134458,0.11506986016797267
1.131482719009002,1.15840387600704,-0.015485062729517551,-0.010304520690113431
1.127027023469208,1.1158982597959386,-0.00445569553979408,-0.005735905409444192
1.1045301532442648,1.115924271433751,-0.022496870224943066,-0.02087919353376928
1.0402831748383998,1.0772608114187694,-0.06424697840586502,-0.0594708522115343
1.055896829071001,1.0541896806314075,0.015613654232601082,0.008019708809117692
1.108383815149039,1.1304083829302822,0.052486986078038145,0.05514008128261987
0.9997579928356959,1.0304385210078095,-0.10862582231334317,-0.10844266358945474
0.9871772062236172,1.012443020210578,-0.012580786612078732,-0.010443645955546348
1.016034834321923,1.032442301785091,0.028857628098305832,0.035258596252409694
1.1051775032014308,1.1561058002769238,0.08914266887950784,0.09070633267500033
1.1581283651770626,1.1527501382630938,0.05295086197563181,0.052832085703800324
1.073219172131997,1.0336119963437425,-0.08490919304506561,-0.08106612984161146
1.0026179358246812,0.9996658432070208,-0.07060123630731585,-0.06392618460234055
1.1630475495314008,1.1463450514464162,0.1604296137067196,0.16623616672141125
1.12533647832641,1.1310671384475588,-0.03771107120499084,-0.04271091965005067
1.0501646508523936,1.0622731992571093,-0.0751718274740163,-0.08123772869624211
1.060805994687459,1.037988076314952,0.010641343835065431,0.020866805703242806
1.0849151437116444,1.1116263144410947,0.024109149024185372,0.01784169506135095
1.1077490891599582,1.1414027535633964,0.02283394544831374,0.020227490162278584
1.0561880692835595,1.0420534669621058,-0.05156101987639872,-0.047510758517359
1.0493306340112027,1.0566869548848359,-0.006857435272356716,-0.00583975380573086
1.0997007016640596,1.117101153632469,0.0503700676528569,0.03746441446083208
0.9751982032042508,0.9262560790836005,-0.12450249845980887,-0.12393972976632336
1.0782568956280256,1.0592120170460786,0.10305869242377486,0.09965322979457716
1.0619694817211638,1.043211615447471,-0.016287413906861836,-0.012324444773986339
1.0465403676033922,1.0397795794733335,-0.015429114117771592,-0.025836483032946438
1.0743456420606083,1.0548204441845623,0.027805274457216145,0.03524283854082722
1.0052409506495776,1.0124772443743897,-0.0691046914110307,-0.06618597371320611
1.086242934817563,1.085026894407759,0.08100198416798543,0.0733635436991629
1.012418675428802,1.015676779011438,-0.07382425938876103,-0.08535733817127232
1.048261294029201,1.0423297232050066,0.03584261860039906,0.03161787894892142
1.06363965624638,1.0931824047761998,0.01537836221717881,0.014872124181563137
1.0429080223842881,1.040995514609294,-0.02073163386209176,-0.030235446561012316
1.0526809078210908,1.0466839369951015,0.009772885436802659,0.011939641156385444
1.0329176356376248,1.0379455781348224,-0.019763272183465963,-0.01930018869403436
0.959477701485396,0.9920287743197794,-0.07343993415222883,-0.0932013136306549
1.162589435506048,1.1737024647722567,0.20311173402065197,0.20153977702920475
1.0731145411305845,1.0787117572841034,-0.08947489437546352,-0.10862860478286501
1.1000171861838648,1.1080348091937322,0.026902645053280327,0.033558891317836036
1.0441549719101595,1.0335626628467542,-0.0558622142737053,-0.07064865823497724
1.1425557862852957,1.1296096640095346,0.09840081437513626,0.09155721923356971
1.080773557669295,1.0563552936570497,-0.0617822286160008,-0.06080815161909461
1.0902216371328748,1.1078075417160707,0.00944807946357984,0.014944042034135307
1.1471643420586,1.1303212792013522,0.056942704925725174,0.061075112090518704
1.0221006176084817,1.0518751712527548,-0.12506372445011826,-0.0938127592025328
1.0872440286960643,1.0417302832610564,0.06514341108758259,0.07568536320060418
1.0759610240124984,1.0657051604776042,-0.011283004683565911,-0.005975812979738413
1.1347375768126942,1.1287510893864614,0.05877655280019578,0.049750676928277324
1.0749152974004428,1.0729397851028744,-0.05982227941225138,-0.08631067917359769
1.1700568356039334,1.1670600699710783,0.09514153820349058,0.0925764983257737
1.204091031861622,1.199260839997602,0.034034196257688665,0.031709963045904385
1.0178530128146372,1.0139649155643395,-0.18623801904698478,-0.19446187778532578
1.0495006922394616,1.0861673142094714,0.03164767942482438,0.028624189495373886
1.1059493839538705,1.0987196582446286,0.056448691714408916,0.04760391193556801
1.037309248795397,1.0752594570139868,-0.06864013515847356,-0.08195797567709799
1.1382824099744397,1.115930331411885,0.10097316117904276,0.11791729934555177
1.1271910339298032,1.116051391201129,-0.011091376044636503,-0.028019415070540035
1.0920593555442615,1.0978317531323583,-0.035131678385541765,-0.05818097605933224
1.0863754965836545,1.0977129757412185,-0.005683858960606969,0.006953482933543427
1.1144968709191605,1.1434039470885036,0.02812137433550599,0.02703794650274066
1.1589611366322257,1.17296356093973,0.044464265713065165,0.04482035289256857
1.0310743263464373,1.0278585697391052,-0.1278868102857884,-0.1256217169763644
1.1568976180050368,1.1479774433056307,0.1258232916585995,0.1368181449506723
1.0452841373619635,1.0401905484155505,-0.1116134806430733,-0.11969464798554887
1.04953827987887,1.0419697687653109,0.004254142516906478,0.003500170302728536
1.0758173267036508,1.1014056882935823,0.026279046824780883,0.03489537363811772
1.00729165604668,1.015464263304898,-0.0685256706569708,-0.0636072963726186
0.9736410524549182,1.0035107127634306,-0.03365060359176186,-0.024624275173226986
1.1107876622836412,1.073014339996685,0.13714660982872307,0.14820998056428672
1.0218021478874624,0.9936575679332118,-0.08898551439617886,-0.08352216569072021
1.0972274552345813,1.0801269166936975,0.07542530734711894,0.06023369829389945
1.1391591722353513,1.1421942516437886,0.04193171700077003,0.030446525426939767
1.05391754725437,1.0257644019643415,-0.08524162498098131,-0.09179536020816474
1.0906110295247486,1.0992025500829883,0.03669348227037861,0.035094622514099
1.1616322473695058,1.1570473183054735,0.07102121784475712,0.07131079944026159
1.0887211141125739,1.0914475153501726,-0.07291113325693188,-0.07102790696323891
1.027824004250329,1.007586962212053,-0.060897109862244836,-0.05772398237589644
1.071247019336932,1.072914932719848,0.043423015086602845,0.05425264016459044
1.1550743521197888,1.1614200031719344,0.08382733278285692,0.08292955395089593
1.135037382257897,1.1104562223754921,-0.02003696986189185,-0.035532022786738324
1.1353288638947938,1.131207224406105,0.0002914816368968509,-0.0021775514434494566
1.0513678399309694,1.0632707829840338,-0.08396102396382443,-0.08390073313327584
1.067642978479788,1.1001843495636838,0.01627513854881868,0.0034396389063971952
1.053005575462377,1.0489438644537807,-0.01463740301741101,-0.019063080222310035
1.1394197146121545,1.1691995608101038,0.08641413914977747,0.08673860390908822
1.0431734209044754,1.0659060410035615,-0.09624629370767912,-0.09737685994796383
1.0889339264256586,1.1007960671343833,0.04576050552118316,0.05743899523140302
1.0863193354027925,1.046552387414336,-0.0026145910228660973,-0.0060614580037926975
1.1131772340509927,1.1255713259225901,0.026857898648200207,0.022659377609978083
1.0244428312899527,1.0305031817389676,-0.08873440276103994,-0.08361432765709023
1.1469366478337797,1.1378542961001537,0.12249381654382696,0.1100772043397597
1.0327643938979445,1.039900458933275,-0.11417225393583519,-0.12859189459552617
1.1448355836605524,1.1717126413642653,0.11207118976260788,0.08420918290603022
1.0537163375025107,1.044762438908838,-0.09111924615804168,-0.07348880824992067
0.9698214552378474,0.9487428033162822,-0.08389488226466335,-0.09518687954221305
1.1748522528013616,1.2076799118919572,0.20503079756351428,0.20313218685914813
1.1283907245474576,1.1073368911406951,-0.04646152825390404,-0.027971862732639866
1.106616218090169,1.0890068339184513,-0.02177450645728851,-0.021780601019796772
1.0343335871786261,1.0266248258254893,-0.07228263091154297,-0.07489487210319301
1.1393996805089743,1.142578135286807,0.10506609333034822,0.09553528045045971
1.119119551765495,1.110288170894691,-0.020280128743479287,-0.017196887299107042
1.1196756291097802,1.1441961689129192,0.0005560773442851996,0.007382159330306746
1.0418567310918514,1.0652603840634085,-0.07781889801792885,-0.05960411806681638
1.075463065558458,1.0760015683523219,0.03360633446660666,0.021543892730937084
1.0738854749830045,1.073836732322678,-0.0015775905754535913,-0.007965528826186393
1.1237263679709235,1.1143526742382057,0.04984089298791905,0.03245574631960729
0.9351869435438137,0.9177243549881555,-0.1885394244271098,-0.1763691789360235
1.0549294371309976,1.0429841371622672,0.11974249358718392,0.11601794595222206
1.1060308854700909,1.1182997245031476,0.05110144833909325,0.04351057977630139
1.1257594028166964,1.1066879363791966,0.019728517346605523,0.013890059856644793
1.0956848541745825,1.0948057790583345,-0.030074548642113896,-0.030328983258221077
1.0780778605953123,1.0831119158451536,-0.017606993579270203,-0.028369751350281375
1.1719475069319287,1.199333143679173,0.09386964633661643,0.10297229149061998
1.0616690710807766,1.0437348829005944,-0.11027843585115216,-0.11248832454401424
1.2322297313537793,1.1939866514912154,0.17056066027300276,0.16759567969530764
1.0695826656407603,1.0852966186315178,-0.162647065713019,-0.16951694902503836
1.0923837037446558,1.1029753442488814,0.022801038103895443,0.03610038912900515
1.1220004753931305,1.131137100608811,0.02961677164847476,0.03509237836166221
1.0639728084687874,1.0678526161747286,-0.058027666924343135,-0.055518559168461254
1.1179888790126757,1.1204333615123323,0.05401607054388835,0.05991490150953382
1.2128675842652124,1.2091255339490337,0.09487870525253661,0.09611917646863052
1.1245859142403396,1.1437128493213722,-0.08828167002487275,-0.0941875277940933
1.120190817800681,1.1770796949807163,-0.00439509643965863,-0.011521447329041546
1.0845577809796056,1.0868554235293704,-0.035633036821075326,-0.03580758112400027
1.154661933023639,1.1678231531198504,0.07010415204403331,0.07034151366924936
1.1094549761673795,1.109130211048902,-0.04520695685625942,-0.0457064247901683
1.1043733062182535,1.1124310323339224,-0.005081669949126066,-0.027001429865882637
1.0312509376506158,1.046437629319906,-0.07312236856763765,-0.07992579894354869
1.0899246757556535,1.069130716832704,0.05867373810503773,0.06352105824987438
1.0622634401495172,1.0633990331357261,-0.027661235606136314,-0.03324860729840698
1.1326326586219915,1.1263571921401059,0.07036921847247424,0.09702490954082373
1.1150815470681166,1.1271702774064014,-0.0175511115538749,-0.015000404067953246
1.0928898070780382,1.0824056048833253,-0.022191739990078396,0.006230813005045403
0.9730095033759955,0.971126135092419,-0.11988030370204272,-0.13548266686456684
1.1483800669787363,1.1176565962656817,0.17537056360274084,0.1835259503393747
1.0690325730423615,1.055917509946653,-0.07934749393637475,-0.07147620078976638
1.0327804408366335,1.0215064977017012,-0.036252132205728094,-0.04492410834317092
1.0982002287621,1.0929479236332553,0.06541978792546654,0.07988798703103024
1.1356645922224806,1.1465678034579916,0.03746436346038062,0.033198252993364215
1.1552618285763085,1.160945115339282,0.01959723635382793,0.016897699063281903
1.1295431235530855,1.1457977952175633,-0.025718705023223043,-0.017421153156539415
1.1230985582158877,1.1156947573057507,-0.006444565337197838,-0.020693258024016725
1.0649531787611632,1.0612724088308936,-0.05814537945472442,-0.05795505942125813
1.1442864225533556,1.147991402599651,0.07933324379219231,0.06778186115678154
1.2137143853226355,1.166229902265304,0.06942796276927998,0.06978678876534583
1.0518388035712394,1.0813604756424833,-0.16187558175139616,-0.14969955579540825
1.1188351588909944,1.098987319133043,0.06699635531975501,0.06679208945919066
1.123304633309487,1.1385311631666342,0.004469474418492547,0.013584509241901608
1.1136160676251465,1.1319061111776567,-0.0096885656843404,-0.023223516157412617
1.0669499076224014,1.109285368463648,-0.04666616000274515,-0.03309219528198054
1.1656602582844553,1.1500053065365663,0.09871035066205391,0.09203183296593992
1.169782895411577,1.2346043389958368,0.004122637127121687,-0.00025267919756558326
1.0943753556580658,1.0472266912515156,-0.07540753975351122,-0.07709757245509823
1.2130886522970505,1.2084228917975708,0.11871329663898478,0.09758871944259989
1.004074627305864,0.9974233228881768,-0.2090140249911865,-0.20005308885581805
1.1609287209315136,1.1672608228051242,0.1568540936256495,0.16467293830062735
1.2466756138559638,1.25271048295231,0.08574689292445026,0.10205582853990616
1.1671707853149127,1.1633418610243893,-0.07950482854105112,-0.08333312598840052
1.131308892482546,1.167088066417457,-0.035861892832366626,-0.034741702055973496
1.0997501377589454,1.0943631067739106,-0.0315587547236007,-0.02492312079810291
1.035565540668808,1.0492793015554915,-0.06418459709013735,-0.0648567600038131
1.205319572532209,1.2229853343612938,0.169754031863401,0.18789757912905736
1.0915807596184812,1.0814901669272365,-0.11373881291372778,-0.10667980023895379
1.1570632615958272,1.1351350500016777,0.06548250197734595,0.06562923310397534
1.099984558160475,1.1061727323360786,-0.05707870343535215,-0.03440602231752528
1.1035289463165618,1.0893003471978409,0.0035443881560868196,0.014843286162113294
1.170048458108801,1.1765468158120453,0.06651951179223925,0.07901425657103046
1.0602969927034944,1.0916943978416789,-0.10975146540530667,-0.12304309105204615
1.1117419832200348,1.1091928985013666,0.05144499051654039,0.05240153167032648
1.1402387402589458,1.1675175564797364,0.02849675703891097,0.01308491277281055
1.1214703483372923,1.0913683272142032,-0.01876839192165347,-0.03754040436255107
1.0614767181322728,1.0592153811908347,-0.059993630205019466,-0.0669619819261662
1.1441409598096657,1.1356720467767365,0.08266424167739284,0.0717053564262708
1.1095697694150712,1.0983964019601562,-0.03457119039459444,-0.01858111733496941
1.1136343513665679,1.0958884942188147,0.004064581951496615,0.00444991651643088
1.1380340805792482,1.1023782017024821,0.0243997292126803,0.0198158019828095
1.1238789375871727,1.1371063940300372,-0.014155142992075431,-0.017608065523488394
1.1551789427531456,1.1430926167281086,0.031300005165972866,0.039983516649667074
1.043633298077459,1.0528117005792965,-0.11154564467568662,-0.11360080833506517
1.1883998638454885,1.1872744095158887,0.1447665657680295,0.15590570993058028
1.1963124624118209,1.1605219618939646,0.007912598566332418,0.0031651334640036477
1.0980715573177064,1.0901472754012398,-0.09824090509411443,-0.10488346175439199
1.1084411647447505,1.123159929319744,0.01036960742704407,0.02631735898999543
1.1262564148644407,1.1446135477238455,0.017815250119690207,0.01923745790299616
1.1234578123167558,1.1279535231651883,-0.0027986025476849363,-0.010561558937012432
1.102494584693851,1.066375884667848,-0.020963227622904812,-0.020407217802758826
1.148229798935864,1.1068941754235238,0.0457352142420131,0.052591913344954326
1.1594578864496106,1.1178396137277422,0.011228087513746488,0.025203864407910885
1.0674825864432578,1.0677847290146203,-0.09197530000635279,-0.08941652146893915
1.1318110551058718,1.1294344380344192,0.06432846866261399,0.06113689210472995
1.1131795458123557,1.1126171061758372,-0.01863150929351609,-0.03434611541755251
1.066286449875592,1.076574687727791,-0.04689309593676372,-0.048700126345187486
1.0970112329313308,1.080510183671003,0.03072478305573889,0.02710039384297947
1.221030264190225,1.215127378389182,0.12401903125889424,0.12825167128386247
1.09898291832197,1.117734206444037,-0.12204734586825516,-0.11386597736932624
1.0111609265822914,1.0151923435458143,-0.08782199173967853,-0.0925570397356887
1.0631782424732557,1.095856853187434,0.052017315890964255,0.04736783195606222
1.0922708977081257,1.0934240379521232,0.029092655234870035,0.04417457263813783
1.0265551365526806,1.0194384696391516,-0.06571576115544508,-0.0787355977999593
1.1569158152328665,1.147898494844751,0.13036067868018586,0.11292696359489907
1.143365803714317,1.1659333620466996,-0.013550011518549399,0.008402090290056185
1.144940990136781,1.166240748909342,0.0015751864224640144,-0.008572464322397775
1.1683734062263351,1.1891017576019676,0.023432416089554042,0.01596413594951373
1.1379500733222774,1.1570630579718046,-0.030423332904057743,-0.031425238873000944
1.2133449314221372,1.2452011380934627,0.0753948580998598,0.06474624226970094
1.2255699666613213,1.2378057550679502,0.012225035239184168,0.01962982690690914
1.144226836485513,1.1435378605454871,-0.0813431301758083,-0.058804110521716225
1.0965819229999412,1.0649510846330996,-0.04764491348557187,-0.04536988052563052
1.1257763665984846,1.1380889599300932,0.029194443598543396,0.02759730106893604
1.1578755935438745,1.1998280062143678,0.032099226945389914,0.04697907945736964
1.0868165453306133,1.0826610838562571,-0.07105904821326114,-0.06710899696387779
1.0734011278011057,1.0672005933463817,-0.01341541752950759,-0.005103179782335895
1.1830064860781186,1.2037825524526182,0.1096053582770129,0.08872023388352657
1.1224966141385417,1.1472159662394172,-0.06050987193957691,-0.050912698016004884
1.1529412017727492,1.158885163919427,0.030444587634207432,0.028354839149585642
1.044860677613347,1.0357513435815393,-0.10808052415940206,-0.12258082149770075
1.1094393060776555,1.1120957627164232,0.0645786284643084,0.06735487056829825
1.1453807258119502,1.120247338326949,0.035941419734294655,0.032490302794070565
1.1425615696562053,1.1558566556662433,-0.0028191561557449063,-0.002565274476769542
1.164901572015141,1.1582163882464165,0.02234000235893574,0.016719862526187297
1.0945283958975218,1.0850881682264175,-0.07037317611761917,-0.056611001002193184
1.1610950319467628,1.1686523608261135,0.06656663604924096,0.0685897051525416
1.2349019177380929,1.2595720743866639,0.0738068857913301,0.059375897896671886
1.097051352966582,1.0719775801586777,-0.13785056477151092,-0.1453149984189178
1.0807676517259228,1.080012075918347,-0.016283701240659143,-0.014880526748873442
1.0910156790178778,1.0765250317765946,0.010248027291954953,-0.0020733300852695397
1.0463546576978389,1.0443296997951232,-0.04466102132003891,-0.0327171480906819
1.1156038431547834,1.1201998747211381,0.06924918545694458,0.06892595295454974
1.1609444039264682,1.1738388154843857,0.0453405607716848,0.033312573072495466
1.107265883708418,1.1290173681521196,-0.05367852021805031,-0.07028510732038037
1.1832883711509512,1.196745054002981,0.07602248744253326,0.07139744551641426
1.0987433907455135,1.0933531012389868,-0.08454498040543768,-0.08074812908941029
1.1767799171736617,1.162184581622819,0.07803652642814818,0.08619595697217464
1.2449196902465063,1.2603514111947274,0.06813977307284458,0.06949197615577
1.0458865090764016,1.0679262481822953,-0.1990331811701047,-0.2004478152878372
1.149342033464453,1.1675336188505947,0.1034555243880515,0.10768347239081327
1.218321151439577,1.2146341325804917,0.06897911797512402,0.07470109837181986
1.1611407895160646,1.1822630834869194,-0.0571803619235125,-0.04344248334076253
1.1811852271756418,1.1939950772968815,0.020044437659577197,-0.0009131247101243599
1.1357999995647516,1.1163526889782938,-0.045385227610890144,-0.042359945263551635
1.1308554264020148,1.129178061946713,-0.004944573162736887,0.010766440489039807
1.1564735777242652,1.1665007078628848,0.025618151322250426,0.020913712354175388
1.1812150989591448,1.1605548940483381,0.024741521234879604,0.02683833523551449
1.1954360259255863,1.1923945774908138,0.014220926966441505,0.02086398861925456
1.2041361736669056,1.2177067913632649,0.00870014774131933,-0.00650810103618705
1.2171975702877622,1.2144890891181417,0.013061396620856591,0.023949103509244403
1.1465796005856421,1.1451835612291144,-0.07061796970212009,-0.0714607993905749
1.1673302111839785,1.165996822915122,0.020750610598336383,0.018446112616808247
1.0649476703914675,1.0786612380228302,-0.10238254079251097,-0.10516134317387903
1.1040022377471415,1.0871938494126234,0.03905456735567392,0.040130039123680954
1.1949546568778175,1.1779903896149848,0.09095241913067609,0.09842468604655766
1.0246281274470201,1.00655717671055,-0.1703265294307974,-0.15618427905488377
1.2236094953083176,1.2492852117859978,0.1989813678612975,0.19584664785283898
1.1009064870847862,1.097792570261802,-0.12270300822353142,-0.13330262688299438
1.2856804350964992,1.3053740464219894,0.18477394801171299,0.1939117920203268
1.1229543749509265,1.1369120127266246,-0.16272606014557267,-0.17880792707083443
1.1414376291077986,1.1728453076879883,0.01848325415687202,0.009903628714879553
1.1240500011356147,1.1538811408320087,-0.01738762797218385,-0.01598708588211407
1.1318242578788338,1.141335552411912,0.007774256743219077,0.02582946128475581
1.1973116948404274,1.1775304770720987,0.06548743696159365,0.08087568791621236
1.1105037064185082,1.0892395136788668,-0.08680798842191928,-0.06438496642495634
1.2366148651691837,1.2331318106228242,0.12611115875067558,0.12331290973129501
1.1241158401737488,1.1358298118733243,-0.11249902499543496,-0.1279441304998219
1.1233273839380769,1.1039213359953475,-0.0007884562356719194,-0.011201164814487753
1.1846527963261735,1.17429651423668,0.061325412388096634,0.07379976563434762
1.2517928406807073,1.295523487982918,0.0671400443545338,0.07041555681600191
1.1206091399409135,1.1079757225723883,-0.1311837007397938,-0.12516501936903396
1.1514993579499067,1.1366862248571032,0.030890218008993164,0.03873498277160272
1.0770912194175248,1.064344881907565,-0.07440813853238182,-0.0712697751316948
1.1860407958228731,1.1986910140614526,0.1089495764053483,0.12237441838569535
1.0742414734382462,1.0953093787148507,-0.11179932238462698,-0.11974585860744934
1.0829025798943777,1.0702516667111677,0.008661106456131495,0.004311241235669744
1.0590633997855667,1.0445906387960664,-0.02383918010881092,-0.01560668321790072
1.1652313808854151,1.1203346262407572,0.10616798109984837,0.10838898060771406
1.1900484294573428,1.1779558458147519,0.02481704857192768,0.030708347991167367
1.163370220947675,1.189407341379725,-0.026678208509667733,-0.044412648723118064
1.1532219909195844,1.1290986516042132,-0.010148230028090621,-0.007774801765074897
1.1837786608496175,1.1754701701292867,0.03055666993003303,0.03586370044115117
1.1354474312043938,1.1060310726975526,-0.04833122964522363,-0.05376074453656305
1.1176772431700122,1.1651467208958408,-0.017770188034381684,-0.01690639166357914
1.1250741795544594,1.1177777960452344,0.007396936384447272,0.02229171100162375
1.1700588278448327,1.161000578554569,0.0449846482903733,0.0503252016282536
1.1367284066561227,1.1728809117212533,-0.03333042118870999,-0.0374973762625739
1.179608283787251,1.1682855635020541,0.042879877131128286,0.03647951612430925
1.1039122568381579,1.0649722086053504,-0.07569602694909316,-0.058626533002532316
1.109420312232705,1.1313864260875268,0.00550805539454724,-0.003317692667488596
1.071033580036379,1.0806089205077534,-0.038386732196326045,-0.04689550301957482
1.1234434277950636,1.1172533413482977,0.052409847758684514,0.05059878010896613
1.1806069302909308,1.1550887374923067,0.05716350249586721,0.06902146091971509
1.1448647029059833,1.1484397671877706,-0.03574222738494748,-0.03124687080835566
1.1695417160790018,1.1935866837606188,0.024677013173018514,0.013003205908989207
1.1385757544939585,1.1002707676555152,-0.030965961585043278,-0.01722357503430453
1.1057305198307223,1.0821521655521507,-0.03284523466323619,-0.03301498520224665
1.1814656422422087,1.1951446357478808,0.07573512241148639,0.06841529939445162
1.0959216405832124,1.076422687790338,-0.08554400165899634,-0.11121845547255074
1.1870905159791612,1.1853918019749154,0.09116887539594876,0.12122390698751932
1.1464418403741397,1.1651999211037745,-0.0406486756050215,-0.04857075940995734
1.2377174874016972,1.2222771165101864,0.09127564702755753,0.09750714695477614
1.1602545116353504,1.1937378361005941,-0.07746297576634675,-0.05864178911059075
1.1291409530682934,1.0897889575325257,-0.031113558567056998,-0.04231482305545145
1.1318960012462964,1.0964334549061945,0.0027550481780029834,0.006271459136137558
1.1520176821577128,1.1468522460482606,0.020121680911416417,0.03079303768362139
1.0879216066590618,1.1218055950591133,-0.06409607549865104,-0.081162409114344
1.1362473278448473,1.1594028662417835,0.048325721185785486,0.046986240500405264
1.1773642743462152,1.1529770820834206,0.04111694650136788,0.021047747101567798
1.1921873657673308,1.1949246735662757,0.014823091421115597,0.01722926339508632
1.182653883189187,1.1358503053895064,-0.009533482578143682,0.0019094590029749784
1.1700620583261019,1.1649769545039592,-0.012591824863085188,0.003918700315506535
1.1457649115508783,1.161613459342855,-0.024297146775223544,-0.009530516616813527
1.1653973799196244,1.1734904066036986,0.019632468368746103,0.004239636376569215
1.1741541824954684,1.1612424706079054,0.008756802575843992,0.006665687171942596
1.2133170003504414,1.2287951895183675,0.039162817854973,0.04224014544321272
1.0972943860193558,1.1031442698590987,-0.11602261433108563,-0.12229879232655048
1.1402673064594848,1.1430373682141017,0.042972920440129014,0.0368320236372489
1.1436342600582916,1.1361111604007297,0.003366953598806788,0.00731967406893135
1.1866973429808783,1.1884458034613667,0.04306308292258665,0.04715493182826209
1.158232713484883,1.16261801723814,-0.028464629495995153,-0.030420974130657887
1.2013391569332592,1.1907725084807326,0.04310644344837611,0.0512097362018571
1.1442803971276874,1.149984879327162,-0.057058759805571846,-0.058691484070078445
1.1731021829346626,1.1618807033447198,0.028821785806975253,0.016755651459736762
1.1429316983174096,1.1339508122747324,-0.030170484617253024,-0.043469504398416285
1.1475721068919116,1.1698657049550447,0.004640408574501986,-0.005384818208175648
1.2220713233553429,1.2028652924928007,0.07449921646343127,0.07153579346171869
1.1920362405289913,1.1851677207068432,-0.03003508282635159,-0.026024774219233007
1.152991796283039,1.1492591377645416,-0.039044444245952326,-0.05056606846396666
1.1190153195354566,1.0829088948084378,-0.03397647674758231,-0.025611726048888478
1.1590082098408696,1.1304093180968595,0.039992890305412976,0.02946971509009206
1.2668179761917715,1.2586669870711404,0.10780976635090189,0.12015506060559011
1.2420540414524965,1.2076552089146837,-0.024763934739274962,-0.01715533186633581
1.0885608637879107,1.0596026680688968,-0.1534931776645858,-0.16949795305942683
1.159629642493282,1.135978205191155,0.0710687787053712,0.06893697482134015
1.1750427194476283,1.1843098557032616,0.01541307695434635,-0.0012461219060457066
1.239811404576872,1.2312185361603973,0.06476868512924372,0.06512340975977009
1.1130629002775572,1.1080700454144317,-0.12674850429931483,-0.13167914845785367
1.212633250580072,1.2527076024364545,0.09957035030251493,0.09411455364251142
1.2475976345230366,1.2206547771949552,0.03496438394296453,0.0301900206283163
1.2049010287593158,1.2153464979709985,-0.04269660576372081,-0.05061539487290575
1.1447504004474962,1.1476556160335112,-0.06015062831181961,-0.060627110365731575
1.2782743536183057,1.299716160955197,0.13352395317080945,0.13130188218788041
1.2500733962575945,1.246158830569077,-0.028200957360711154,-0.03742721229307801
1.3032702616237617,1.3073549600692176,0.05319686536616719,0.05376056857983143
1.2397598649794257,1.1965526136229752,-0.063510396644336,-0.06387763899196176
1.1824947251357008,1.210752298215316,-0.057265139843724944,-0.07113839866932631
1.2352253158907358,1.2640820506933614,0.052730590755035056,0.03807783238061914
1.136404325630541,1.1368518463134172,-0.09882099026019486,-0.12609580980688515
1.0900087796323619,1.081480006302059,-0.04639554599817908,-0.036202783183303666
1.2303269842098221,1.2475880322737551,0.14031820457746025,0.14418283655262168
1.1746982656064728,1.1784227063092232,-0.05562871860334928,-0.0631667197934295
1.1831546769259773,1.2097634453780233,0.008456411319504475,0.021454318175403282
1.158238022566841,1.1510214410117945,-0.02491665435913637,-0.024673091935530887
1.3318503506937307,1.3445167137654703,0.17361232812688976,0.1607407587402483
1.1201969988782736,1.1270675752988695,-0.21165335181545708,-0.21844530832225129
1.09425574624537,1.0826983332741158,-0.0259412526329037,-0.007690956585179556
1.143691386734382,1.1466024649030007,0.04943564048901217,0.05679469915062372
1.212561737568498,1.2050070761051386,0.06887035083411597,0.0688370961987641
1.2533981170690784,1.2556822104322622,0.04083637950058039,0.03842614287692757
1.1942889374502195,1.2272749764969308,-0.059109179618858976,-0.05214236052711354
1.130472368253396,1.1395336093985002,-0.06381656919682355,-0.054267142365991256
1.261130355552317,1.2754214383815652,0.13065798729892109,0.15483467390728828
1.1111931178360002,1.1492715259820023,-0.14993723771631684,-0.1690373657837965
1.205956086368996,1.2292238360537613,0.09476296853299582,0.10355479984997581
1.129878795758575,1.0960135076274915,-0.07607729061042101,-0.09037679243476436
1.2627909022407022,1.2775365619937813,0.13291210648212726,0.12786803640546135
1.2831359790090149,1.3107742465276684,0.020345076768312653,0.008775917405911264
1.1817428632686369,1.1602874665825509,-0.10139311574037801,-0.10330965131607807
1.1640626554917302,1.150729176481937,-0.01768020777690671,-0.02003411314707424
1.2283892003522991,1.2194709251955997,0.06432654486056899,0.07206502863976234
1.1749098661393305,1.206170419513634,-0.05347933421296869,-0.06585829447037833
1.2337839106758826,1.246510141326738,0.058874044536552095,0.043999221022915945
1.1509965888660096,1.1654425139552103,-0.08278732180987292,-0.07845609592809631
1.1303280244185536,1.1210547514708036,-0.020668564447456017,-0.013478129447732029
1.1276725876278362,1.1347211292566677,-0.002655436790717447,-0.0049831235771968675
1.1797279647846002,1.17475169594365,0.052055377156764004,0.05148165080781979
1.2257886825873907,1.2538719589192628,0.04606071780279053,0.038018325862294214
1.2479342117763415,1.2111269044494755,0.02214552918895074,0.00872904990018846
1.2184389055375473,1.2430273748159468,-0.02949530623879415,-0.024815545904691236
1.1403800845402587,1.1507259541571129,-0.07805882099728856,-0.07505643914319356
1.1015848200605527,1.0886336010847457,-0.03879526447970605,-0.04240928286919128
1.2306501862728962,1.2546632467597272,0.12906536621234355,0.1326009164632113
1.2443391887199486,1.2465478617629768,0.0136890024470524,0.01728290549103478
1.1777244724944471,1.1611338404693095,-0.06661471622550152,-0.09777483848191576
1.2221784099619424,1.2078132457237443,0.044453937467495264,0.03812990922649303
1.225365224809004,1.2092060459858378,0.0031868148470615143,0.0016754384998669263
1.2379861231222962,1.2384635076840722,0.012620898313292273,-0.003775321731950547
1.1953113176896566,1.153755582675155,-0.04267480543263957,-0.030203786357188126
1.1547649751649554,1.116434895097561,-0.04054634252470124,-0.03723866647325693
1.1232245416306095,1.1290553682514393,-0.03154043353434588,-0.026203246420096506
1.3060165738200826,1.303046292663217,0.18279203218947315,0.1737186406813466
1.153612272778412,1.16153529552656,-0.1524043010416707,-0.1564439264303912
1.167127677569831,1.1462314344435551,0.013515404791418995,0.011777019040197881
1.204112743592666,1.1712376563882247,0.03698506602283502,0.025238369123568916
1.2093825692858917,1.1921846778568037,0.00526982569322576,-0.0005685776431811661
1.2050355583639203,1.220734805224682,-0.004347010921971428,0.0034344841727003694
1.2414509172159673,1.2389492420759958,0.03641535885204705,0.038257642646048994
1.2212534320926467,1.2280211576693734,-0.020197485123320646,-0.018795882096959746
1.1283053155105818,1.125668741567584,-0.09294811658206492,-0.08370626570256456
1.1324103038971838,1.1191798165553806,0.004104988386602004,0.007157131646686612
1.135444973935992,1.1441129107330534,0.003034670038808196,0.005473727039644854
1.1497076401451702,1.1542238849914566,0.014262666209178265,0.007255799724112408
1.2436349972920904,1.256124212980039,0.09392735714692013,0.10131812846058284
1.1602516741495288,1.124835604307675,-0.08338332314256158,-0.07563403196937063
1.2063906605986727,1.2030540877872513,0.04613898644914394,0.04275853324788549
1.1290722412751861,1.114540618368864,-0.0773184193234866,-0.07986640936597568
1.201027625654979,1.18859146585804,0.07195538437979287,0.07045690068032846
1.1715497681579348,1.2077729125297345,-0.029477857497044235,-0.016489205696580873
1.2100159968736506,1.2095309409636668,0.03846622871571581,0.029812528679359525
1.2392218690150512,1.2504253566785797,0.02920587214140058,0.029424153556114153
1.2537542065019218,1.2553735591364388,0.014532337486870661,-0.00265573888135838
1.2156642399967237,1.2246669450713683,-0.038089966505198136,-0.030173019027892337
1.1701862381166928,1.1569139128006578,-0.04547800188003093,-0.03795473418341685
1.2510390938432456,1.252885463502032,0.08085285572655287,0.07688683254808928
1.1660037138822557,1.1369968793104712,-0.08503537996098998,-0.08624025857734056
1.245060640845279,1.2416890780099847,0.07905692696302324,0.07085253446802142
1.202564007960389,1.1827781748945803,-0.04249663288488992,-0.02794363453640187
1.1423925693505574,1.1743465150835781,-0.06017143860983154,-0.0563033396300081
1.2020225474734259,1.2019707118664282,0.05962997812286841,0.04722942820750518
1.1886859555728666,1.1573972849566743,-0.013336591900559247,-0.006737990581152886
1.1946932652343498,1.2281152467576062,0.006007309661483218,-0.0008974748971151067
1.1931492223788227,1.1674403011839032,-0.0015440428555271168,-0.005174103406956893
1.2147396429722976,1.2099026124760437,0.021590420593474935,0.014591742564074252
1.1379891624538596,1.1092338060138203,-0.07675048051843802,-0.08905123590646341
1.2313245185866857,1.2275766881110626,0.09333535613282606,0.09375323744790315
1.1409383782759779,1.1491579824114222,-0.0903861403107078,-0.0993048819998971
1.2137374216510575,1.1896114122704247,0.07279904337507959,0.07827244342480223
1.2984110506582314,1.2872380482686343,0.0846736290071739,0.0790688837832479
1.2128881420060291,1.2170505773968376,-0.08552290865220225,-0.09349339681453832
1.1849873193887632,1.1711158602657568,-0.027900822617265897,-0.03600133232216529
1.2054151307564926,1.2038917456530018,0.02042781136772942,0.0340327349358967
1.2300480887046639,1.2113597841502355,0.02463295794817122,0.0220140720164257
1.1659099853681665,1.1516271172875654,-0.06413810333649739,-0.04246862863363232
1.1686421238037885,1.144572870884138,0.0027321384356220335,0.005606991756628198
1.1774860900786561,1.1647989334124564,0.00884396627486761,-0.0007679484333939172
1.211298749947273,1.2403877783019668,0.03381265986861681,0.05468581328325603
1.2210087745101135,1.240461171585154,0.009710024562840536,0.007998750722657356
1.30895259406784,1.3324922243660933,0.08794381955772645,0.09039757978229977
1.2174195612057372,1.2313043687292677,-0.09153303286210268,-0.09047011976161698
1.1996118658457733,1.194140109836482,-0.01780769535996396,-0.015539136917386086
1.3352717433080832,1.3474662548559244,0.1356598774623099,0.14187436119971122
1.16222509025664,1.1764680626873794,-0.17304665305144318,-0.18341915632350833
1.3621387385452481,1.375315418329434,0.19991364828860814,0.19890336413643495
1.1969290619549464,1.2169439331864254,-0.16520967659030172,-0.1488809249120493
1.2396381081092727,1.2361122507931384,0.04270904615432625,0.04279112758090549
1.125620662800802,1.1015868101185198,-0.11401744530847058,-0.11703470405465406
1.2474018489941965,1.2448692107298713,0.1217811861933944,0.14462994637730173
1.2924582063267125,1.283753332648455,0.045056357332516006,0.04209587307907497
1.2408640830828626,1.2621937967911145,-0.05159412324384993,-0.05698637982263009
1.2171785434055982,1.1899147630116749,-0.02368553967726439,-0.008822365368374186
1.2955393579322607,1.2552622502849764,0.07836081452666255,0.07060930341778676
1.163667240999764,1.1450244448713727,-0.13187211693249679,-0.13567168781096967
1.187953500575392,1.2042518605906296,0.024286259575628133,0.023988748647586933
1.224467561189377,1.2504310108326318,0.03651406061398488,0.034140232616849744
1.2287251679870355,1.2229449650736182,0.00425760679765852,0.008223139567808655
1.1712371626944906,1.1264590880472003,-0.05748800529254483,-0.06848061811408514
1.2907909884800493,1.27611325239982,0.11955382578555862,0.1334355066579946
1.1089486211337674,1.0708616435676903,-0.1818423673462819,-0.18487591460217156
1.1800488901319235,1.1686443011071808,0.07110026899815614,0.08902076418820665
1.1158173859400196,1.0973397749846519,-0.06423150419190393,-0.07166119986771616
1.1673506957577935,1.1861671684059545,0.05153330981777393,0.04982045986092837
1.259429840438899,1.2687779303669164,0.09207914468110556,0.09346025140213311
1.2109447097531805,1.2058920055019275,-0.04848513068571858,-0.049285892718147734
1.2081368021015806,1.225955439323509,-0.0028079076515998835,-0.009025645602744218
1.1989565182155402,1.1888014257350092,-0.009180283886040419,-0.013715794975212074
1.0744455480907906,1.08306813880167,-0.12451097012474954,-0.11257178264909865
1.2368436881136293,1.1980457531423498,0.1623981400228387,0.16817536131948846
1.23839642744506,1.2390663191306481,0.0015527393314307414,0.01306268760812437
1.3090814969229367,1.2904545641648322,0.07068506947787667,0.06679100091896985
1.2115105276478242,1.243885060285484,-0.09757096927511255,-0.08199842197181184
1.1412719784578031,1.1218146208233801,-0.07023854919002104,-0.07429533246419656
1.2538816327259819,1.213520670965227,0.1126096542681787,0.12939800405426907
1.279054903368308,1.274932754242818,0.025173270642326218,0.03835396768275531
1.2440224532859667,1.2703294427762817,-0.03503245008234135,-0.04357787864389925
1.2645410295877229,1.2439545002715915,0.02051857630175613,0.015020133011395063
1.1999572173029056,1.1867819897406116,-0.06458381228481724,-0.04900083616011222
1.2569317749369653,1.2281458017887805,0.056974557634059675,0.05371003769681643
1.2639820989064658,1.2619680240608895,0.00705032396950056,0.007208622452089641
1.2928129578662484,1.2977883084214716,0.028830858959782546,0.03173249562552512
1.2355158276467804,1.2468927974291053,-0.05729713021946803,-0.054297566980454987
1.1902240298011573,1.1976675178200542,-0.045291797845623094,-0.03837377268907002
1.2083269712582354,1.2074200549626959,0.018102941457078137,0.013289781157923593
1.1874234505841383,1.183339012522182,-0.020903520674097065,-0.035458572933326674
1.2101991976592172,1.2197842200079492,0.0227757470750789,0.02621965349165082
1.2799621414360272,1.2458191539304944,0.06976294377680992,0.0812068949173334
1.1936958967729612,1.2124800095980037,-0.08626624466306598,-0.08042673060439372
1.1914627711180665,1.2150853268557809,-0.002233125654894641,0.006818491684345392
1.2307343036792335,1.274399069157519,0.039271532561167,0.041668300854926205
1.261790342977757,1.2419361561692612,0.03105603929852352,0.02811799781003199
1.2262221719528825,1.256344690708664,-0.03556817102487453,-0.013392814875922525
1.254957665067661,1.2433079663853701,0.02873549311477852,0.04143670403714719
1.267101740726804,1.2866232331713863,0.012144075659142883,0.009303684689060319
1.2368966762178366,1.2137462120266136,-0.030205064508967316,-0.04463142860827015
1.1830237511908135,1.1624826998668725,-0.05387292502702312,-0.04855811807255427
1.234205110089694,1.2711791898495857,0.051181358898880536,0.053982553924570506
1.2773663498197234,1.29110618476311,0.04316123973002939,0.0563373478972364
1.1908572715737011,1.217695813820609,-0.08650907824602228,-0.09290005844338267
1.294483889263814,1.287430927570121,0.10362661769011283,0.099996173817288
1.2501697439330748,1.2610047963111126,-0.044314145330739185,-0.04506007184437782
1.2325687041111208,1.2295414492354737,-0.017601039821953934,-0.03085273481580582
1.2664304826241335,1.2353931776547327,0.03386177851301264,0.03283070360432093
1.1821699843121685,1.1657642489202347,-0.08426049831196503,-0.06411542770339897
1.2243260252228543,1.1856348610677825,0.04215604091068581,0.04865298469439043
1.3994559819635943,1.4153542569134885,0.17512995674074006,0.1788760938205714
1.1600667684921773,1.1715940792102912,-0.23938921347141706,-0.23436427252628658
1.269936757027297,1.259895314917482,0.10986998853511976,0.09580034049730159
1.1978550386389974,1.2287815784496512,-0.07208171838829958,-0.07155316498639583
1.1682957510671297,1.1473031088876244,-0.029559287571867765,-0.0336824187809682
1.229757273358268,1.2453885559149998,0.061461522291138326,0.07705654726200332
1.1870129568238594,1.18478520743899,-0.04274431653440858,-0.03918513163095556
1.1822884594072942,1.192190740635469,-0.004724497416565221,0.0018066410889309896
1.2713963856552535,1.2759376816066106,0.08910792624795927,0.08043955830470993
1.2886024910961986,1.2558314477660326,0.01720610544094514,0.014987145612920583
1.198364064750426,1.2092940651721162,-0.09023842634577273,-0.09500792087195142
1.2360284787362292,1.217939172483609,0.037664413985803336,0.02557526555824828
1.2474942298281504,1.2692409727305671,0.011465751091921161,0.01674434827020209
1.276623213538589,1.2543023714170427,0.029128983710438705,0.04745596460898206
1.2341144549072072,1.2277651502491143,-0.04250875863138193,-0.028069303320039422
1.2274437733314032,1.2195033022848174,-0.006670681575803972,0.007296697673437181
1.2253098997614082,1.2136667738187124,-0.0021338735699949485,-0.0009046623062299727
1.252943196043257,1.2675960511566369,0.02763329628184885,0.015747781951720642
1.250762128142793,1.252132448856752,-0.0021810679004641287,0.006270347739836637
1.3105259713849318,1.3324638031354221,0.05976384324213879,0.051859616330858095
1.19391959881747,1.2031193993661704,-0.11660637256746176,-0.11581476610358818
1.2363002023108327,1.2514580310834333,0.0423806034933627,0.03985223795971626
1.2094166178434338,1.2056746249884724,-0.026883584467398913,-0.029098461926142592
1.156801796051189,1.176021156632941,-0.05261482179224486,-0.06174926545789752
1.1739197664667291,1.1739504437055508,0.017117970415540196,0.004166174621148322
1.2609971178038701,1.2831377143166716,0.087077351337141,0.10145084083025528
1.276474089055131,1.2450483254390332,0.015476971251260796,0.015932624482493083
1.2398290154301326,1.2269784913574522,-0.03664507362499836,-0.03314078671434285
1.20646976802158,1.2384524226401032,-0.03335924740855267,-0.03307006725529777
1.1909167386067232,1.1799009594589283,-0.0155530294148567,-0.0065332572469213555
1.184470360656669,1.1822454602157422,-0.006446377950054094,0.006684573157357144
1.2007917478968209,1.2221227353171342,0.016321387240151752,0.022260859303263936
1.3024874755403995,1.29177894215082,0.10169572764357859,0.08525740482619573
1.169682941043243,1.1578865199124224,-0.13280453449715646,-0.13147032744730733
1.2237728770451115,1.2572434232070637,0.05408993600186851,0.045661539130311075
1.2745845038827583,1.2720304485706957,0.05081162683764684,0.03502741201662604
1.196190612393507,1.1697474680812765,-0.07839389148925124,-0.07960240078364422
1.2101024046757738,1.1977529766575628,0.013911792282266688,0.01909235154525001
1.2571716854317279,1.270100967783208,0.04706928075595407,0.053964256580619374
1.2253607127064585,1.2444366342450426,-0.03181097272526934,-0.038852508704157636
1.240244306587077,1.2218650175763033,0.01488359388061844,0.01556386418660411
1.218751245684062,1.2047019382751942,-0.02149306090301506,-0.013872807800466822
1.2465774662338271,1.19487913706396,0.027826220549765246,0.02972960589093684
1.2050982274163993,1.2268543585119869,-0.04147923881742788,-0.05654440323192241
1.264526828279306,1.2620430860279155,0.0594286008629068,0.0606167250379754
1.2189479280074011,1.2391920492839976,-0.04557890027190492,-0.0581004232297788
1.2035216762585885,1.1932509240895566,-0.015426251748812625,0.0036848063692235603
1.1906266871220867,1.1979859597109443,-0.012894989136501778,-0.010030512736524447
1.220097613938166,1.2287353128427039,0.029470926816079324,0.04028790479274723
1.2766852325823905,1.2593464913236698,0.05658761864422446,0.05679734537508645
1.3103736390136214,1.323791357554496,0.03368840643123083,0.038229838650751
1.277330146693825,1.2999541539370487,-0.03304349231979642,-0.035178185530759465
1.2616117474008164,1.241799591626075,-0.015718399293008556,-0.030705962345774003
1.2487234587354565,1.240125301460664,-0.012888288665359848,-0.021024730209280168
1.2302494384013578,1.2341642245917488,-0.01847402033409873,-0.013752163491467483
1.32492971990077,1.306497206356997,0.0946802814994121,0.08196414692233273
1.3013716154552024,1.318500618415377,-0.023558104445567496,-0.02411834903558635
1.1558176337348707,1.1475958974806948,-0.14555398172033174,-0.1514623572589594
1.2927328358351977,1.2750471424156147,0.13691520210032704,0.15698759918528699
1.3550396232329014,1.3410663954068938,0.06230678739770368,0.0856287145410706
1.2448393621240053,1.271374068583822,-0.11020026110889614,-0.11790449689792905
1.2535408890574586,1.224429840374327,0.008701526933453385,0.011714251086006372
1.2300156746176127,1.2754280585703177,-0.0235252144398459,-0.02192268476906558
1.1906485643697298,1.1620249108023126,-0.039367110247882975,-0.0283677249369678
1.2968517401459783,1.3244395166183622,0.10620317577624849,0.10029980354518676
1.2515339744155114,1.2456259732785138,-0.045317765730466864,-0.04324376318436358
1.2572176455736546,1.267740118375313,0.0056836711581431665,9.840970931772157e-05
1.215797090906347,1.1963482286320992,-0.04142055466730765,-0.039999869837858235
1.2031054124561567,1.2270108667440187,-0.012691678450190258,-0.01092779452922945
1.2542003072272716,1.2647519299070864,0.05109489477111495,0.05125196930103428
1.272106094167183,1.2610559378102644,0.017905786939911295,0.0183666482701349
1.2772965314835067,1.2916525642561811,0.005190437316323848,0.009984432574745603
1.2918397364005723,1.2789598637970923,0.014543204917065511,0.005123113849289686
1.2761070186168713,1.288364349396812,-0.015732717783701,-0.02046451534976943
1.3353586399800228,1.3319166096128894,0.05925162136315154,0.06790281947349232
1.2883357320804008,1.2711560807299043,-0.047022907899622046,-0.03887454270110646
1.21936909988517,1.2187366585637458,-0.06896663219523069,-0.06166832737737548
1.1570933201269902,1.1548404042297937,-0.06227577975817988,-0.06284898529570179
1.220494033853796,1.2243982054579456,0.06340071372680578,0.055219627602011975
1.2961863358455339,1.2993016714056758,0.07569230199173793,0.08301253697886081
1.298772240755495,1.2896778562792321,0.002585904909961023,0.01391173229134729
1.2710977973820972,1.2878984227795582,-0.02767444337339775,-0.032514590003512076
1.3047741282600236,1.2903447109501047,0.03367633087792643,0.02624433853475848
1.2097802965220812,1.2056200015467489,-0.0949938317379424,-0.09052825187619952
1.183117477765521,1.1813156929313355,-0.02666281875656029,-0.012884580519513215
1.3522661608599236,1.3355815141832508,0.16914868309440267,0.17521455609418454
1.2361509976618719,1.2158915126879446,-0.11611516319805171,-0.11990297611346251
1.230259728227,1.1976145949521744,-0.0058912694348718375,-0.01612663268130853
1.287245587564352,1.2634416744876484,0.05698585933735201,0.05848026136514147
1.280846789605759,1.3129330358066573,-0.006398797958593105,0.0030553851355298554
1.295693964833915,1.2756837460188204,0.01484717522815604,0.005075617783907296
1.3401937128715296,1.3397613414435612,0.044499748037614584,0.04900425695889388
1.2676340965482051,1.253687438299266,-0.07255961632332442,-0.08498901168465325
1.191476769230959,1.1915282203533548,-0.07615732731724623,-0.07184776448775747
1.2183766823267763,1.2346277487409791,0.026899913095817407,0.018527293748979524
1.2268871366194962,1.2521453689364206,0.008510454292719905,0.01605471429400371
1.3055174709238921,1.307443918337687,0.07863033430439592,0.08104067089213951
1.246963613880096,1.2320942351227486,-0.05855385704379623,-0.04047890593995389
1.2983265349620348,1.2912110562999144,0.05136292108193885,0.04766215352123567
1.27496596333551,1.2752015138342454,-0.02336057162652483,-0.020798517830763925
1.3169262747299368,1.308401668614622,0.04196031139442691,0.04944158715302596
1.1685055617151585,1.1762997950403586,-0.14842071301477833,-0.15074217137445123
1.4254360855930945,1.3915245579809645,0.256930523877936,0.26074777510961256
1.3041527977467382,1.278305355424355,-0.12128328784635634,-0.12495947248652828
1.2593138920517761,1.2664279299074435,-0.04483890569496207,-0.04728403768011278
1.349328077011397,1.3487421371146013,0.09001418495962077,0.10758550344841261
1.2778101928944172,1.307408090411928,-0.07151788411697968,-0.06412555751756871
1.341008536633449,1.3476816427927258,0.06319834373903177,0.05647830716570599
1.2867671289576104,1.2872047444935968,-0.05424140767583863,-0.06128271837226144
1.3283330885769182,1.3344858557909829,0.04156595961930787,0.04383960346893138
1.2787953422727556,1.3225747182871226,-0.04953774630416263,-0.05722164770642915
1.2831482299222519,1.2963409862711612,0.004352887649496262,0.008887730752415777
1.2926339157661375,1.273512609287584,0.00948568584388565,0.014739940980377193
1.3437590344108876,1.352378148389605,0.05112511864475011,0.06015990255145401
1.2870799010586729,1.2971027774620734,-0.05667913335221475,-0.057682593666598905
1.2590461128606767,1.2446089093522619,-0.02803378819799618,-0.02889092908917183
1.250599595392787,1.2814414762597623,-0.008446517467889603,0.0009673151297903502
1.2449898526873933,1.2270033694415976,-0.005609742705393828,-0.01681092417186646
1.1922167723307429,1.2135941176205223,-0.052773080356650404,-0.046751589817767655
1.3485998361721336,1.3671338928219905,0.15638306384139078,0.16339932378511904
1.247583092482481,1.2296228270119318,-0.10101674368965274,-0.10288451399589106
1.298157154999486,1.3062566906130526,0.050574062517005025,0.0412311892144702
1.2702034748614857,1.2416117499938188,-0.02795368013800026,-0.02910404072193979
1.302253084269979,1.2876714200691721,0.03204960940849344,0.024579102756335906
1.2665548934483248,1.268463546620192,-0.03569819082165426,-0.04250871885600318
1.308562780306831,1.3169132583556564,0.042007886858506094,0.036382415860006664
1.2548950166180721,1.2954137248568507,-0.05366776368875881,-0.06711389415081143
1.3831183143312922,1.3685791537361456,0.12822329771322005,0.13260001193780144
1.2887733786868159,1.307367904795479,-0.09434493564447632,-0.10325109070242963
1.3435782745734663,1.368476016404615,0.054804895886650495,0.049028592603850944
1.2554898330802384,1.2617627064478598,-0.08808844149322792,-0.0866428132984678
1.205803604440191,1.2060101215366055,-0.04968622864004746,-0.047112418307916196
1.3165347427924585,1.3124963727992727,0.11073113835226756,0.11515398896816051
1.1879383109625101,1.1956570016986936,-0.1285964318299484,-0.13848736554242244
1.2900336472517824,1.296136332362378,0.10209533628927225,0.09873400341763282
1.2065192002757206,1.2113999028610287,-0.0835144469760618,-0.09161559115215451
1.2448069566363011,1.1914485029542017,0.03828775636058057,0.06011404921569504
1.2670469095418029,1.2734650668841927,0.022239952905501736,0.02216583229185482
1.3036929156362274,1.3041608826823894,0.03664600609442448,0.04730205312577605
1.3037141776999335,1.304505251483091,2.126206370611783e-05,0.00467254050703683
1.240936458772023,1.2456667017318706,-0.0627777189279104,-0.0467666845740198
1.2393271600454148,1.2415356689772077,-0.0016092987266083103,0.006420174886048522
1.379594592824113,1.414973791640834,0.14026743277869813,0.13861864981234928
1.3145053671033033,1.3241345500226198,-0.06508922572080955,-0.0693250915734444
1.2539006960112216,1.2752951297228088,-0.060604671092081785,-0.0670596271295072
1.262082429214938,1.2336246486921847,0.008181733203716401,0.0014323684392763669
1.294854254857432,1.309732752416539,0.032771825642494035,0.03606574081566399
1.2756983291353123,1.266439601719198,-0.01915592572211966,-0.019063537770363723
1.2792814989369858,1.268073322028271,0.0035831698016735025,0.004894834887191372
1.3275977115832147,1.3301461846265794,0.04831621264622887,0.04539853948389943
1.2317087775800482,1.255690899113695,-0.09588893400316656,-0.08324580352828836
1.3689857283441593,1.365002557425652,0.13727695076411117,0.13096130582256318
1.312176958630522,1.3008819868727435,-0.05680876971363724,-0.06922616456231406
1.2880329096730072,1.29327662092634,-0.024144048957514874,-0.025195569953447537
1.3304582765052473,1.3406525734859847,0.042425366832240075,0.03741813465552864
1.3351705125303905,1.323278551720453,0.004712236025143257,-0.0050404623034842454
1.2403248474691808,1.2428765704881317,-0.09484566506120973,-0.10755076374652418
1.2086961026105048,1.250808772115187,-0.03162874485867606,-0.01386175945844748
1.2099384297796374,1.1900735889245586,0.0012423271691326399,0.0003212208355790945
1.2689377458928746,1.3068222338526174,0.058999316113237166,0.056946267728359375
1.3103966317510145,1.3089485119755275,0.04145888585813995,0.03805286078880002
1.3284306760114315,1.337362245132422,0.018034044260416993,0.010536112881216782
1.2664958904903236,1.3071433784075333,-0.06193478552110787,-0.05684625241688869
1.2656587301926212,1.2550277271407722,-0.0008371602977024217,-0.0003832693384106976
1.251639324376282,1.2287133433771025,-0.014019405816339203,-0.009423317929655213
1.3243696511395306,1.34964251058101,0.07273032676324864,0.07650080891209322
1.2911253071683806,1.2993094303213575,-0.03324434397115006,-0.022689251364204934
1.3064877222209692,1.2910999101841216,0.015362415052588618,0.006829287993871726
1.3307941817286209,1.3263309210211842,0.024306459507651645,0.017365732571799887
1.3014076146297853,1.2974386875570019,-0.02938656709883558,-0.029135739225347318
1.2825950671859958,1.289893397073723,-0.018812547443789462,-0.021838903328106722
1.2492266557903235,1.237355658883709,-0.03336841139567226,-0.028296496930190075
1.2518441817564943,1.2635041051029179,0.0026175259661707084,0.004980125368382972
1.3420443807769606,1.291916114874905,0.09020019902046639,0.08024324453743226
1.320800696661058,1.310698601156273,-0.021243684115902717,-0.0278518991373714
1.2349819192278721,1.2203990937286509,-0.08581877743318578,-0.09352071277339652
1.3832319854464972,1.3912010477905965,0.14825006621862502,0.15905503331528956
1.2851461929304129,1.2955723041571845,-0.09808579251608429,-0.10406864147586717
1.2378276667142287,1.2309940460853928,-0.047318526216184154,-0.03779621333217425
1.3036789162966564,1.3180271923998488,0.06585124958242772,0.06952761766983989
1.2786996901281218,1.2775893859644545,-0.02497922616853465,-0.02137133458072318
1.286078295144466,1.2993992876497147,0.007378605016344242,0.006411205754798991
1.352784448128094,1.3251960140600507,0.06670615298362792,0.07070107048543625
1.3062028031192754,1.3015441869501942,-0.04658164500881856,-0.041737318987997395
1.3213931002988948,1.2945377955176478,0.015190297179619394,0.005631985903844977
1.3215626567681256,1.3195007548674138,0.0001695564692307805,-0.018303252036119218
1.300009807565678,1.321543223995354,-0.021552849202447488,-0.037981402452892124
1.3373999208485217,1.3317438102705486,0.037390113282843584,0.04324059860983176
1.3467795733921255,1.3543316031397048,0.009379652543603845,0.0017507783648274267
1.360299031100686,1.371022628142965,0.013519457708560445,0.014428126021672205
1.3199135833827853,1.2878387130216378,-0.04038544771790065,-0.038127932240181836
1.378512168062883,1.3546213616222844,0.0585985846800976,0.058100281542066
1.3256824922833994,1.3116010218464818,-0.0528296757794835,-0.05033518889718725
1.2592413433712497,1.2460337677067774,-0.0664411489121497,-0.06406548257297633
1.2402394547607833,1.2529567098545915,-0.019001888610466366,-0.004363017057081716
1.2646096302400145,1.2464582400287112,0.02437017547923115,0.0454103364490861
1.3034158655804664,1.3412606472830182,0.03880623534045191,0.053101301573921
1.299317291864976,1.2589889862447858,-0.004098573715490383,-0.005497891504162223
1.259450477916061,1.2270917445439797,-0.039866813948915114,-0.0422203585655149
1.2772945079277205,1.2885241372999423,0.017844030011659573,0.015488306064379705
1.3577980184390148,1.3577972467753003,0.08050351051129434,0.08482085689750136
1.2217067794226464,1.242791100420655,-0.13609123901636844,-0.13907070589706577
1.2441708632806912,1.2336876754269135,0.02246408385804477,0.005622866122660115
1.2977505619698064,1.2477054360488933,0.053579698689115274,0.043014652078312475
1.2998637394187562,1.2878773791392244,0.002113177448949788,-0.016766856197873565
1.3457488148078622,1.323442202266969,0.04588507538910602,0.013336117651564477
1.224671716824922,1.242771523758378,-0.12107709798294031,-0.11619675048173413
1.2779872668042296,1.2966676626827351,0.05331554997930765,0.04395775456266226
1.3431226119502915,1.3476792634191468,0.0651353451460619,0.06613415880328771
1.1653530412536615,1.1715558886385262,-0.17776957069663002,-0.1669335632231237
1.2890151459058536,1.306929507491048,0.12366210465219218,0.13147450279679293
1.2725445450953108,1.2592352780657778,-0.016470600810542857,-0.0005823823706860229
1.3674759104837448,1.3763369983242613,0.09493136538843405,0.09008210280775751
1.2470335828144674,1.2796256242815105,-0.12044232766927743,-0.14440323287979445
1.312466825637542,1.3101974647660073,0.06543324282307461,0.05712294232499505
1.19909966096313,1.206948373421754,-0.1133671646744121,-0.1217527257522796
1.3347470142108904,1.2961523593741904,0.13564735324776045,0.12764842632275974
1.3196903899848988,1.3577993804208266,-0.015056624225991522,-0.03364246887265322
1.2616498869437422,1.2375337325305005,-0.0580405030411566,-0.06666898654469679
1.352694122527717,1.3530910918053094,0.09104423558397468,0.08634231760324834
1.3054928013954739,1.304675527115495,-0.04720132113224307,-0.03922097494298271
1.2944909012204615,1.3080957981483083,-0.011001900175012347,-0.03603728614326158
1.32020103560432,1.3270479755496927,0.025710134383858385,0.02478112884022001
1.3448684713957775,1.334925068914074,0.02466743579145758,0.025739254605240538
1.3109257861697452,1.2983630540693,-0.033942685226032276,-0.041671976315703914
1.2912609138554156,1.288099691783264,-0.019664872314329562,-0.010034038812472921
1.333288645570809,1.3640985808442891,0.042027731715393424,0.05335386880352655
1.3368782903282106,1.3274353765574554,0.0035896447574015333,0.011651087569262603
1.4265243551120774,1.4310267667315486,0.08964606478386683,0.10404649843099513
1.3179570692237146,1.3035020379205735,-0.10856728588836284,-0.11861980129559446
1.2759519173460216,1.3022284946667664,-0.04200515187769294,-0.04521167188159998
1.3121056908699482,1.3347140893292702,0.03615377352392657,0.02814873609039794
1.4622816443077893,1.4618047779698473,0.15017595343784107,0.16643199999197086
1.2913605584075494,1.306224532255492,-0.1709210859002399,-0.17728237215426096
1.351993754958302,1.359919395164641,0.06063319655075272,0.06442593809503307
1.4458462540764074,1.4448353909652887,0.09385249911810534,0.08655653637671558
1.3381136554974808,1.3473183479022017,-0.10773259857892659,-0.1110464585392032
1.3028998216598642,1.3335532615544676,-0.03521383383761667,-0.012865828517543667
1.3312368114807773,1.366943807620683,0.02833698982091315,0.04355335080491479
1.2634362718958752,1.270720721292297,-0.06780053958490218,-0.07698126512502149
1.3326885240626671,1.3571476588521485,0.06925225216679198,0.06137697773863947
1.224297916434199,1.218127000821,-0.1083906076284682,-0.10700619099228807
1.2917421784657692,1.2943017365275367,0.06744426203157028,0.06655815847365525
1.2650972317326155,1.291053638273894,-0.026644946733153763,-0.02129235324878927
1.307681087970609,1.3024183816179218,0.042583856237993434,0.04990980312716886
1.2696053729518957,1.2618470881861867,-0.03807571501871321,-0.01449412759880777
1.3513766487107655,1.3694326305422149,0.08177127575886978,0.09000084494723236
1.3383715079187823,1.3441231552483395,-0.013005140791983116,-0.01319801455759942
1.3144529841952013,1.2813466584215074,-0.023918523723581053,-0.03365960496120627
1.2649645255402902,1.250193877306068,-0.04948845865491114,-0.04033936447624272
1.2227659353139133,1.2275036199753886,-0.04219859022637684,-0.04539819073938846
1.3397662743801775,1.346130949266238,0.11700033906626417,0.13186019044251018
1.2949674032496326,1.2679222220454411,-0.044798871130544926,-0.05354375672960994
1.3575347965633662,1.3373308045889238,0.06256739331373362,0.04733148264138698
1.2335670643900412,1.1842031256882912,-0.12396773217332502,-0.11739124229071606
1.3496296748358414,1.372999159979717,0.11606261044580024,0.11907907623516815
1.3625430889216585,1.3924442048066032,0.012913414085817143,0.013185462098189766
1.3306317954557059,1.315671071742154,-0.03191129346595267,-0.04296615143764833
1.3115789141928578,1.319119827099018,-0.019052881262848098,-0.0073402544576405306
1.2528194517391813,1.2369269411207229,-0.05875946245367647,-0.0562269784242954
1.2768386980431325,1.2985714113772462,0.024019246303951247,0.04563424276958275
1.3350595083944736,1.316337150492464,0.05822081035134108,0.05414524256608319
1.234106417546913,1.2753537249149396,-0.10095309084756066,-0.11188695381594785
1.3118643852420078,1.3268001729375936,0.0777579676950948,0.05737233368162398
1.3346085847426077,1.3321470595560727,0.022744199500599915,0.014474300159781553
1.281630917679932,1.272584836004617,-0.05297766706267559,-0.03968208567610537
1.403925796054128,1.4188423954567224,0.12229487837419595,0.11859718150853173
1.267472638498044,1.2460055151919076,-0.13645315755608411,-0.1245802894512641
1.3217847973832415,1.3206687211073556,0.05431215888519758,0.05252670151359568
1.3248149348603495,1.3393064994606025,0.003030137477108008,-0.005171900299062112
1.3102443651816345,1.307220138674009,-0.014570569678715062,-0.0013359908354686149
1.3325125966775895,1.342209126126649,0.022268231495955026,0.010061360220679041
1.3387848803045903,1.3512867656790015,0.00627228362700083,0.0055493073816874966
1.2579737848237156,1.2602049648411346,-0.08081109548087473,-0.07428101903871684
1.3744283070687346,1.3833450639692504,0.11645452224501907,0.12064862671872587
1.2771804039164094,1.2919308869992812,-0.09724790315232523,-0.10249404041005486
1.3533643722688309,1.3326262473484052,0.07618396835242147,0.0768362962639619
1.3422277058486687,1.3343810630554376,-0.0111366664201622,-0.010077476358104501
1.2678700511965497,1.2534479476817877,-0.07435765465211897,-0.07802655508090162
1.3371474401376877,1.343208275318796,0.069277388941138,0.06883420414602714
1.2739668645197553,1.2934842933839032,-0.06318057561793244,-0.05083992808270897
1.2546865065147041,1.2258682914918748,-0.019280358005051124,-0.03462457218652296
1.409895244442774,1.4331620658171602,0.15520873792806977,0.1506186197461881
1.3508447432734716,1.3272549718857072,-0.05905050116930233,-0.04269329057504425
1.350585716471103,1.3745870776186937,-0.000259026802368556,-0.010913180613353272
1.3979954268023835,1.4094052649066509,0.0474097103312805,0.0559779389892182
1.436306014277183,1.4752705758748774,0.03831058747479954,0.029586911069995437
1.3367194758945165,1.317386156882556,-0.09958653838266662,-0.07732261970655793
1.3905768732307802,1.3801741534350096,0.05385739733626371,0.05638322284146345
1.3182465910948402,1.3029401677635624,-0.07233028213593995,-0.06913884774922781
1.2961162552777905,1.268349751416685,-0.022130335817049707,-0.00901461034494353
1.392807501282729,1.3782520867507797,0.0966912460049385,0.09663675452770248
1.3192598041393773,1.3277575254475713,-0.07354769714335174,-0.06359304639078453
1.3075881367197042,1.2653134739956287,-0.01167166741967307,-0.017610855201177958
1.353178960113946,1.347531675037202,0.0455908233942417,0.06649009205709602
1.317452499393863,1.322452145614511,-0.0357264607200829,-0.02470944377279502
1.3527737617061901,1.3732068847826173,0.03532126231232713,0.036778543682887285
1.2349562885223222,1.235913721857772,-0.11781747318386793,-0.12292121018310456
1.3272732154486018,1.317172569711217,0.09231692692627957,0.1110913464606431
1.2780909903295632,1.3305690087077848,-0.04918222511903858,-0.055791927192245794
1.2848722897630278,1.2764628718372417,0.006781299433464616,0.005965220670105234
1.331526967787336,1.3344230937496178,0.04665467802430823,0.047452337457601176
1.300531941334802,1.2866318404776782,-0.030995026452534047,-0.027115246765961307
1.3498680556231781,1.3315539204179927,0.04933611428837614,0.04940009020046406
1.3802976767160045,1.4203550344066003,0.03042962109282632,0.04080717128518972
1.3972677986319122,1.398856778799085,0.016970121915907743,0.03512833399941305
1.410158837996411,1.4284025294266063,0.012891039364498758,-0.01492867662919593
1.3434025843467081,1.3615602864134522,-0.06675625364970283,-0.06359208163169383
1.3540349132826262,1.3653617564441465,0.010632328935918034,0.006894911670550732
1.3275596365999824,1.3402161538542978,-0.02647527668264371,-0.02576596073899578
1.2941094725154925,1.27695908736903,-0.033450164084489975,-0.033697280529659285
1.3097007177987876,1.3211344042234967,0.015591245283295141,0.024899792781875436
1.3765848945403323,1.3585521070226012,0.06688417674154468,0.06898912496464192
1.400871866268135,1.401899701955438,0.024286971727802698,0.027078553506508646
1.3332326003200952,1.3391034369291066,-0.06763926594803982,-0.06210802268306404
1.3088514487675915,1.3010979003539214,-0.024381151552503644,-0.03749456921680183
1.3325481527376326,1.3610589561859174,0.02369670397004109,0.016705450308338383
1.3345197585517667,1.2828605595577802,0.0019716058141341364,0.014992305692947896
1.2893247776936365,1.2839477410650733,-0.04519498085813023,-0.01903530050671191
1.3425933250678177,1.3686475683307122,0.053268547374181185,0.06163682584855545
1.3217377001251907,1.304603497513793,-0.02085562494262705,-0.02891709114405541
1.2438272016247167,1.2397150879299559,-0.07791049850047393,-0.058907371881858406
1.3754842985524147,1.4123990604245253,0.131657096927698,0.13166143807878805
1.3635303719820062,1.4147189661887325,-0.011953926570408502,-0.015945193207602838
1.3297901783323256,1.3130737503140708,-0.033740193649680617,-0.044845400944777125
1.3297322632208364,1.391784176819677,-5.7915111489226234e-05,-0.005655015886356863
1.298860535371404,1.3436943625010318,-0.030871727849432373,-0.031928071740341644
1.3572781054735974,1.3108822545307681,0.058417570102193395,0.06347046616901421
1.3158776175699,1.3046042377101128,-0.041400487903697325,-0.051809092655523005
1.335939981081268,1.327028956526084,0.02006236351136792,0.024567739650427956
1.4034591946051065,1.3827108881984906,0.0675192135238385,0.06935646800056733
1.372169469307686,1.3815040676745345,-0.03128972529742047,-0.04554136096721936
1.372107914341757,1.347378095169858,-6.155496592907816e-05,1.0624013345618608e-05
1.2490036140423426,1.2458314031644082,-0.12310430029941433,-0.11548842674365649
1.3611378352328833,1.339573850536223,0.11213422119054073,0.11110887585452825
1.3436148744898286,1.323860055716894,-0.017522960743054705,-0.014145497198661924
1.4265296572725987,1.3849759124273058,0.08291478278277009,0.08020923679461156
1.2478946305507181,1.2595878614312683,-0.17863502672188059,-0.17194873314916018
1.3732751916065598,1.3532433700382605,0.1253805610558416,0.11084353743168525
1.3878606667957987,1.3967537402901484,0.014585475189238917,0.016275516328950152
1.3652986088474903,1.3354339856724946,-0.022562057948308345,-0.012483077331426298
1.3758711901325145,1.3836124175883426,0.01057258128502414,-0.020409441768909593
1.369742369456644,1.3742205798117215,-0.0061288206758705055,-0.005756458553300094
1.3367189945926734,1.3429649485117294,-0.033023374863970556,-0.02983050514927234
1.3589107023879903,1.3478627499078832,0.022191707795316873,0.020779962020465424
1.3563379525510706,1.3722065021388448,-0.0025727498369196855,0.004764175607673531
1.241222838119015,1.2453498440028514,-0.11511511443205569,-0.10574800001106142
1.3691404640601175,1.358441209855237,0.12791762594110256,0.12717258074458138
1.2713595597935141,1.2370251614817793,-0.09778090426660335,-0.09894772040539318
1.3838614010419459,1.3991685751532024,0.11250184124843177,0.11439368812558752
1.2959266941288137,1.3046688403957063,-0.08793470691313221,-0.09503252278587986
1.4133553442327462,1.4366326740943278,0.11742865010393255,0.1259882931013904
1.303751945829858,1.3024519410663236,-0.10960339840288813,-0.10064266166266135
1.2989596560231476,1.2942202122608306,-0.004792289806710537,0.0007751181296908648
1.4259623982792575,1.41683187702446,0.12700274225610997,0.14031667770872513
1.328466878063724,1.3557965910508165,-0.09749552021553343,-0.08265414929742668
1.3708327012144317,1.364971608860846,0.04236582315070758,0.03487651482890646
1.4170568219913622,1.4327514101851393,0.0462241207769305,0.028149029088227744
1.2853795879099064,1.3071144845405511,-0.13167723408145582,-0.13013794235928786
1.4303842371120759,1.451352096515658,0.1450046492021695,0.15119834380340694
1.3148785532576956,1.339799413060609,-0.1155056838543802,-0.11327551019116677
1.4598256865491601,1.4733348435737,0.14494713329146447,0.15101539434272843
1.3631266948077638,1.378150743512455,-0.09669899174139629,-0.11246900116068896
1.3377713456079292,1.2928721636734755,-0.02535534919983462,-0.014764835312446784
1.3171004787840386,1.3131588577095832,-0.020670866823890632,-0.0052383671950880905
1.4400923726437576,1.4263833238188768,0.12299189385971898,0.12535427930386517
1.2675773186420114,1.2621193988160102,-0.17251505400174616,-0.17944569394133222
1.3163744827138792,1.337361550767906,0.04879716407186785,0.048552085407169314
1.366142780046577,1.4082263876701764,0.04976829733269783,0.05771739005165503
1.3706521221018826,1.350063659317049,0.00450934205530551,0.00901438921595972
1.3172878325761619,1.3535406671444705,-0.0533642895257207,-0.0631365572376184
1.4209970342568718,1.377381122592197,0.10370920168070996,0.10921821654892296
1.2985571185031735,1.318746017857424,-0.12243991575369839,-0.12058527015797199
1.3627466256747904,1.3745889346792728,0.06418950717161698,0.06792247840384476
1.3817127800798055,1.415821583366953,0.018966154405015034,0.03581586097210075
1.3336713211139135,1.344710982584579,-0.04804145896589196,-0.054809928046464215
1.3764790175292125,1.3740774079284253,0.042807696415299024,0.04173607835580611
1.3371602470605493,1.3050917072532253,-0.03931877046866328,-0.023936914636794634
1.3427550108546824,1.3427564588583962,0.005594763794133151,-0.00010301775877341688
1.4105286527131542,1.4123520707912958,0.06777364185847179,0.07006174365858045
1.2952045518424538,1.2822128967958035,-0.11532410087070044,-0.10728935371687065
1.3989928175243351,1.3664629007489113,0.10378826568188138,0.11203933733293954
1.38877923173235,1.392726033525038,-0.01021358579198517,-0.013712882097709121
1.3302938178939936,1.3494953570493426,-0.05848541383835637,-0.04804200662942243
1.321375339158884,1.3096602055632856,-0.008918478735109536,-0.0072859733007483735
1.348461922546067,1.3313021292277818,0.02708658338718295,0.01422003832263089
1.3810102556790287,1.4066430477040341,0.03254833313296168,0.033115033761818374
1.384375862391434,1.34514196918906,0.003365606712405267,0.016362174300477324
1.4871442745538244,1.4595022190095646,0.10276841216239041,0.11011416765659007
1.3571444658586722,1.3791527840090927,-0.12999980869515215,-0.13042650822167273
1.3849380823919437,1.3591044963121708,0.027793616533271503,0.016290113289530554
1.3228969502971166,1.285105639657255,-0.06204113209482709,-0.05561917957171064
1.3895409732342416,1.3748446507178762,0.06664402293712501,0.05667962887581216
1.3673368974476718,1.3435862259922362,-0.0222040757865698,-0.020996311588787266
1.3246950622269662,1.3668960456813979,-0.04264183522070564,-0.03745427771504186
1.2574187435313209,1.243282001755451,-0.06727631869564532,-0.07294731176407213
1.3742310246149658,1.3640328654048128,0.11681228108364494,0.11225287089267326
1.314004902506451,1.3137349999473003,-0.060226122108514746,-0.04995804330154184
1.3334260690028747,1.3197078487306326,0.01942116649642367,0.029181201572737223
1.3221931922468162,1.339826139755933,-0.011232876756058552,-0.02114196610594172
1.3411342916918043,1.3512714974064037,0.01894109944498812,0.01467341747386551
1.3720885059923773,1.4084219414189179,0.03095421430057299,0.05038544968014742
1.3880704337526488,1.3638410237293859,0.01598192776027152,0.014692930927840483
1.3779966717380656,1.3686626371505315,-0.01007376201458321,-0.005545666351807248
1.3097856784007302,1.302856181251008,-0.06821099333733538,-0.0638289246586356
1.3174888233603899,1.2989275083528942,0.007703144959659625,0.01898577952878417
1.3998635340828873,1.4325769246536482,0.08237471072249747,0.07314477419589373
1.3606501839111051,1.3549743610826983,-0.03921335017178218,-0.05649337930204126
1.3419678873442047,1.3705273955798773,-0.018682296566900458,-0.0032809550150982737
1.2665247184335013,1.257044932694963,-0.07544316891070335,-0.07631219697424824
1.3230788380771477,1.306280031637892,0.05655411964364632,0.0798543847618559
1.3228582527549,1.3644963769605916,-0.00022058532224766836,0.014190016833133335
1.3113521754755812,1.3034227633295112,-0.011506077279318738,-0.01090180813226687
1.3450440987393601,1.3377103942720057,0.0336919232637789,0.03271266948400547
1.371525032638592,1.3834835933891467,0.026480933899231784,0.024257431439188952
1.38867150699363,1.3850005382411446,0.01714647435503802,0.025621446732540975
1.3468390325633064,1.3647916265515962,-0.04183247443032356,-0.024311600118120794
1.3045587179771423,1.3379521249205462,-0.0422803145861641,-0.04992340879994648
1.3467363880191363,1.3363487568481571,0.04217767004199402,0.03620606444150421
1.4092205272105425,1.40199788354198,0.06248413919140616,0.05246043621124612
1.3388079800191908,1.337513494786093,-0.0704125471913517,-0.07798659504578936
1.3000101821844376,1.2638740372870776,-0.03879779783475312,-0.04768387518220066
1.3115562880197935,1.275410526244151,0.011546105835355869,0.011624736814847202
1.4054062965814993,1.3863068618242473,0.09385000856170578,0.1105374844122199
1.3541081733747427,1.3693455311290663,-0.05129812320675664,-0.04556296782426287
1.39284676206199,1.3779063575341726,0.03873858868724733,0.03859375082939333
1.4781532491812197,1.4738731832084504,0.08530648711922972,0.09529903063229778
1.367479781291173,1.3508625599154955,-0.11067346789004673,-0.0938045215726105
1.400407329070209,1.3902791177285858,0.03292754777903606,0.02795062764200755
1.2962722080534705,1.305176684834628,-0.1041351210167385,-0.1039978974781941
1.4527444487216596,1.4176709145289559,0.1564722406681891,0.15588711271619968
1.3496867031515776,1.3705377007850716,-0.10305774557008207,-0.09226373719115233
1.395729269058398,1.3833982767243407,0.04604256590682043,0.05043999825227432
1.352976620251252,1.330938046587263,-0.04275264880714591,-0.04801795590317078
1.353415869994714,1.3476575544644978,0.0004392497434619891,-0.0010294309217431538
1.380671467601704,1.344528207246136,0.027255597606989923,0.022934172300192388
1.4076634091806917,1.4307097370394195,0.026991941578987655,0.03236930429795658
1.4564923867491075,1.4524565647518906,0.048828977568415866,0.04034774117954243
1.399996460466749,1.402586737389019,-0.056495926282358555,-0.06660256539450811
1.4337499447933528,1.4225299015397914,0.033753484326603855,0.023609265249296685
1.4042901202323648,1.4110665643847053,-0.029459824560988057,-0.02905503903735138
1.401253577941148,1.390827707322542,-0.0030365422912168594,-0.016728724819748166
1.3454385511272802,1.3096342441723636,-0.05581502681386774,-0.04359616676377907
1.430978009615563,1.4259777832351,0.08553945848828293,0.09167986358995243
1.4273329380374264,1.4450524577762476,-0.0036450715781366494,0.00024757017670549736
1.3416336665697082,1.3251733525012994,-0.08569927146771827,-0.08285888488965072
1.4085841343617669,1.3828169134184325,0.06695046779205871,0.06740129350625519
1.3665435210000576,1.347677771851703,-0.04204061336170928,-0.042723613796502455
1.3849573312119867,1.3702765473595298,0.018413810211929116,0.014692326613608302
1.4216684972297273,1.4374551916238996,0.036711166017740604,0.04194964054730031
1.4092791208888884,1.3920030994473285,-0.01238937634083892,-0.01673729140807356
1.3410510370151099,1.3488321447159526,-0.06822808387377854,-0.07979068365365144
1.3456264650062089,1.3183057161591103,0.0045754279910990014,0.004742878274605544
1.3508030112043865,1.3338949533970759,0.005176546198177645,0.0028623717561075935
1.4005008514634232,1.4135767902994363,0.049697840259036674,0.057921247462646416
1.4181127836557286,1.4332864561202892,0.01761193219230539,0.00781013852443108
1.297214128423687,1.3039797078780115,-0.12089865523204146,-0.12260868473208349
1.384804339975143,1.3703566602590735,0.08759021155145597,0.08504632756820277
1.4439698084019656,1.473814039146388,0.059165468426822576,0.05355961024888142
1.461005855647818,1.472849438703546,0.017036047245852393,0.03119742248266584
1.3514095667718464,1.3401815052503918,-0.10959628887597161,-0.09339416340064588
1.3591846882494287,1.348751086244383,0.007775121477582303,-0.012143658311734952
1.474659614101423,1.445189630070466,0.11547492585199426,0.13618759875918895
1.4128536548953476,1.3945904651820173,-0.061805959206075345,-0.058156744247468375
1.445846788208451,1.4401134409219818,0.03299313331310327,0.03564745794626896
1.3861210345433703,1.3871270866323866,-0.059725753665080594,-0.06258200927245629
1.426663645682135,1.4204697779333058,0.040542611138764784,0.026249906923749268
1.3543140064453423,1.3709730818858343,-0.07234963923679283,-0.05945920618587362
1.3557157976567042,1.3558685075591514,0.001401791211361969,0.01152645389828166
1.4324956423246054,1.4275116839802118,0.07677984466790111,0.0786005935826329
1.3387912991087934,1.3485976245035949,-0.093704343215812,-0.09363267664159773
1.525024376410852,1.5305666369151443,0.18623307730205862,0.19429477091691333
1.2838902794702503,1.269263331233807,-0.24113409694060173,-0.23200182128608218
1.3775425466182263,1.3510858361464595,0.09365226714797603,0.1097870266013696
1.4405190555493468,1.4568756090744635,0.0629765089311205,0.06241894324843159
1.4228921292147942,1.4259419166154181,-0.01762692633455254,-0.013874093343404585
1.3635604553266623,1.3598833488692796,-0.059331673888131986,-0.06157665977179006
1.4223143039153405,1.4157703562138926,0.05875384858867827,0.05491890101048476
1.457059537389235,1.4568107058848194,0.034745233473894466,0.02123569970931957
1.4303480676460953,1.3707856709402102,-0.02671146974313965,-0.020580717979899344
1.385189774088175,1.3910338220080667,-0.04515829355792045,-0.030823692617421412
1.4007242130381807,1.405719723536538,0.015534438950005836,0.018244745781583974
1.385482912038807,1.3640485340239,-0.015241300999373708,-0.011276764483429468
1.355636435652687,1.3485945777171569,-0.029846476386119924,-0.03392735651189225
1.4883749447257708,1.5162505239032584,0.1327385090730837,0.1301541079196386
1.4490236991766225,1.4507945446786785,-0.03935124554914826,-0.02833372089705565
1.375693424339335,1.3450650871129344,-0.07333027483728749,-0.06647573861170569
1.396497944112969,1.4026632965588863,0.020804519773633956,0.026390200687269535
1.4223643412982574,1.4422328573806062,0.02586639718528838,0.003273968670764158
1.3593078473881526,1.3558344891520604,-0.06305649391010482,-0.06162445787158208
1.3745236646572643,1.3554310654372141,0.015215817269111698,0.019009631183334118
1.3125367318409218,1.3296631103570955,-0.06198693281634249,-0.04686023740743901
1.3557598733276404,1.311240823044925,0.043223141486718575,0.05063626124383434
1.4775658625446062,1.4976039954875457,0.12180598921696584,0.121217707164044
1.3913979372785543,1.3916724328255505,-0.08616792526605188,-0.08340135725052333
1.4496875874574864,1.4364949070331123,0.05828965017893206,0.05719728651354575
1.4734440565354632,1.4919732418984033,0.023756469077976794,0.025518914206737815
1.3869813389039902,1.3887349771908624,-0.08646271763147295,-0.07942033469379023
1.3843476681686087,1.3983709214290345,-0.002633670735381566,-0.005730272843687082
1.4647338121805333,1.4896928073223086,0.08038614401192468,0.08169721366800384
1.4275204372047665,1.385526718023557,-0.03721337497576682,-0.031392167128500265
1.4328913721346557,1.4377667295987744,0.0053709349298891595,-0.00019095395629269672
1.4370051244219357,1.463580032935655,0.004113752287280059,-0.01294711822435574
1.4568159940839536,1.4639145105205138,0.019810869662017838,0.014008759919550244
1.4882590159442024,1.4588697217505768,0.03144302186024883,0.04554757086084514
1.4121729477895175,1.3966819929192833,-0.07608606815468488,-0.05570576335659866
1.3509430944230765,1.3255380590949772,-0.061229853366441045,-0.06387081319017528
1.473219698300069,1.4812590815049005,0.12227660387699246,0.12574216043081718
1.37705998471236,1.3713758918186438,-0.09615971358770903,-0.1036562985262143
1.4696383863198477,1.4933441752943306,0.09257840160748776,0.10063018922309423
1.427183329055845,1.4492723405911792,-0.04245505726400256,-0.03307364948867525
1.37247000838343,1.4041523106018916,-0.05471332067241508,-0.05713590559138671
1.4540921869190115,1.4549883164966237,0.08162217853558151,0.07158137357094227
1.3922497718951556,1.3909879144888007,-0.0618424150238559,-0.042790754998910635
1.3758143845634776,1.3889165452812233,-0.016435387331678042,-0.02987964691025255
1.4122910234321877,1.3842126186844836,0.03647663886871011,0.03856178704808352
1.4908069412685478,1.4894001631702607,0.07851591783636014,0.08521934709903925
1.3676635997355329,1.3571435497080484,-0.12314334153301498,-0.12951655489207572
1.4858559966871614,1.467264997859138,0.11819239695162853,0.11288536523460135
1.341550389923273,1.351738358116781,-0.14430560676388837,-0.15331946860853402
1.5131749778948753,1.4809876540678004,0.1716245879716023,0.1631596629355546
1.3983093012330634,1.386868120856781,-0.11486567666181191,-0.116171549796126
1.3802665316645826,1.3659950395587923,-0.018042769568480832,-0.027991026683069548
1.3449127362152882,1.3169802958995303,-0.0353537954492944,-0.02117333914546818
1.4433010555085497,1.4418934401925303,0.09838831929326153,0.07480916082454254
1.3608522182489187,1.3698032698905185,-0.08244883725963104,-0.08727253394740501
1.4152007801045723,1.4358742943224134,0.05434856185565362,0.054369236993609404
1.4280669037102496,1.4434457347744807,0.012866123605677293,0.011752861449419935
1.4598192325615493,1.4741805070847191,0.03175232885129975,0.04149551152913471
1.4072397669500376,1.4028305774990102,-0.05257946561151172,-0.06003657360027909
1.3463903369141619,1.3406492651941455,-0.06084943003587573,-0.04567545823808007
1.4238760952496785,1.458163004232831,0.07748575833551663,0.07715060004668695
1.38918497853528,1.417944462825797,-0.03469111671439862,-0.027870211528833785
1.401273896142757,1.401031307088869,0.012088917607477212,0.010014661281688826
1.4714441558428797,1.4646013627302918,0.07017025970012258,0.06777299860194853
1.3198891077356987,1.3375207222101446,-0.151555048107181,-0.1700185039880758
1.4081365741939675,1.359575796964191,0.08824746645826886,0.09340821792210702
1.5169320642905753,1.551516670889503,0.10879549009660772,0.11567648305037807
1.3638959870701353,1.4019778438403807,-0.15303607722044,-0.1440344648296623
1.4283753378968052,1.4520901841328502,0.06447935082666989,0.07018584116104279
1.390320063839796,1.3867651997781467,-0.03805527405700926,-0.03705009875708208
1.3282265194711897,1.3316678144647893,-0.062093544368606146,-0.05979790380398272
1.3904622575644936,1.383504736791687,0.06223573809330385,0.0685267850527653
1.4359803905845707,1.4370598168136324,0.04551813302007712,0.033303359807665314
1.3471040056523857,1.3413292490329427,-0.08887638493218497,-0.0935353117537659
1.419522132860921,1.4062560752328148,0.07241812720853535,0.07527681154832695
1.4681641712669657,1.456147266278152,0.04864203840604464,0.044067301369971154
1.369217445034436,1.3947452958042768,-0.09894672623252965,-0.10028829309890219
1.5031055079110982,1.5228363361629327,0.1338880628766621,0.13028084933335166
1.439539538236866,1.4270103449446103,-0.06356596967423211,-0.05769922609503508
1.3898212285403737,1.3731212775329094,-0.04971830969649238,-0.030490380721219207
1.3815250389160494,1.3986081199600187,-0.008296189624324324,-0.013758029768884667
1.3628975151458613,1.3580651983844199,-0.01862752377018806,-0.03576225721086759
1.4349183579588152,1.468606008652543,0.07202084281295384,0.067947799102381
1.3884673619099153,1.402596944739127,-0.046450996048899906,-0.03466784812446197
1.4781015330023535,1.480503246118908,0.08963417109243821,0.09747915430923215
1.3157063910657576,1.3259732312885468,-0.16239514193659588,-0.16412023784644542
1.519946044020251,1.5296419540479427,0.20423965295449342,0.19350333673860654
1.4452352408459357,1.4709333166409095,-0.07471080317431533,-0.08019376111786627
1.435411410973932,1.451179523751308,-0.009823829872003698,-0.01010778720550146
1.4216327967614995,1.4463146693630085,-0.013778614212432538,-0.037656270734297635
1.372060830344095,1.3895517075792199,-0.049571966417404356,-0.055231914698029135
1.4214715760456433,1.4223251701425867,0.04941074570154824,0.07653539074976853
1.4615909995994671,1.4717541704224832,0.04011942355382381,0.03603547189176404
1.4253302334392728,1.3982051445706931,-0.03626076616019436,-0.026122387483533613
1.4387696054119001,1.4232779617244475,0.013439371972627345,0.030648593610052424
1.5229450071185813,1.527096840075535,0.08417540170668114,0.08802021192004279
1.4529253154573571,1.4278278178593407,-0.07001969166122413,-0.07347120994431618
1.4415357675707796,1.4861954709889027,-0.011389547886577533,-0.023335905272903495
1.4017733351782729,1.415991744921094,-0.039762432392506764,-0.0343216134731496
1.4689903429342193,1.4471215509666704,0.06721700775594641,0.0672018780357149
1.4120301737475953,1.3707270998043914,-0.05696016918662394,-0.05292412600565157
1.4136648296404677,1.4319582696419544,0.001634655892872372,0.0013740577272913445
1.5013042354662056,1.5257018261436694,0.08763940582573793,0.08510108944695749
1.4497836448787498,1.4567797188560274,-0.05152059058745584,-0.044760700833380684
1.4260300534470234,1.4162423080822497,-0.023753591431726395,-0.02864005115194304
1.4187594017141145,1.4324279293725657,-0.007270651732908862,-0.00901358152515121
1.3459151944183274,1.3419524527274371,-0.07284420729578711,-0.0710799493340491
1.4184644544579974,1.437766969485454,0.07254926003967,0.06850924150485642
1.376301224888274,1.3743729825283542,-0.042163229569723404,-0.05317462581796353
1.581752501279256,1.5744309403624053,0.20545127639098193,0.2043872177891767
1.46524763589523,1.4941667245539465,-0.11650486538402594,-0.09901476369678275
1.5235246328485879,1.5188383952229474,0.05827699695335786,0.054380199974009266
1.3967756114040157,1.4149029977059828,-0.12674902144457212,-0.15012632199426268
1.4972133432306653,1.5067872387994226,0.10043773182664961,0.10972437086282437
1.4906219162946903,1.4990733114190415,-0.006591426935975031,-0.01929301699198685
1.3541198213554577,1.3462571169353028,-0.1365020949392326,-0.12340369522049516
1.4360703081143287,1.4313576500788887,0.08195048675887096,0.08317461769082621
1.4341618681984494,1.4357269352885813,-0.0019084399158793008,-0.014072019051762582
1.4039210590384854,1.4201752647413264,-0.030240809159963966,-0.026251368524140527
1.3624785870455234,1.4114844675470242,-0.04144247199296203,-0.04218427620041278
1.5133169719779118,1.5206349184652375,0.15083838493238844,0.14003602825474373
1.449123632648917,1.4473803795229017,-0.06419333932899485,-0.04225046283948006
1.4536365627120742,1.443581998451463,0.004512930063157228,0.0031498047810116516
1.4517891247778711,1.458862931881134,-0.0018474379342030556,-0.0008253237820728121
1.4389936157884307,1.4072157396818967,-0.012795508989440485,-0.008448029825251351
1.4522695616813626,1.467103812869213,0.013275945892931906,0.02046620763926405
1.5219007776029947,1.5565820461998576,0.06963121592163213,0.06957808706093205
1.4296817055607722,1.407343453709183,-0.09221907204222246,-0.0762911988413285
1.4536621237299163,1.4550713329753018,0.02398041816914409,0.020086763180829754
1.4423837046304029,1.4251491343751632,-0.011278419099513437,-0.025843550926627254
1.4609177133307427,1.4842863171054712,0.018534008700339832,0.013518913790332043
1.4725206226686927,1.4801978753614509,0.01160290933794994,0.011612197323387462
1.4754156884165126,1.456677331874803,0.002895065747819947,0.0013493698245905584
1.423730875316721,1.4211936639302798,-0.05168481309979156,-0.04067070841896351
1.3798205515198596,1.3996780976138992,-0.04391032379686144,-0.05823932369425726
1.4759071670534445,1.447311243299816,0.09608661553358488,0.09152662049987903
1.5078122775634104,1.5098816435735767,0.03190511050996592,0.014132862834126098
1.3487733259516355,1.3400665558355838,-0.15903895161177495,-0.180285027884416
1.4481639731626874,1.4549097539234972,0.09939064721105195,0.11432624651570354
1.462037386110799,1.4532641216604094,0.013873412948111508,0.004838995000639416
1.5185103934066853,1.5415201472005118,0.056473007295886335,0.04250312695034105
1.4731363372013915,1.5139571997074146,-0.04537405620529378,-0.04677233205129913
1.489164174184892,1.461604944039285,0.01602783698350052,0.024289828933927077
1.4430672344162403,1.4752835739837495,-0.0460969397686517,-0.03616474038166665
1.464331998764218,1.4357445531062605,0.02126476434797775,0.023122545258722114
1.4999389362882518,1.5262905763674013,0.035606937524033766,0.06153280403278708
1.4395555368387687,1.4318800992523437,-0.06038339944948312,-0.07558532463621531
1.441340436219621,1.4364184386807415,0.001784899380852245,0.010164472235059627
1.4556635537332365,1.4396407934005124,0.01432311751361559,0.011976987822572102
1.5051997207526824,1.5036301101037597,0.049536167019445854,0.0340172928151005
1.441633922671006,1.433510642308819,-0.0635657980816764,-0.0688190382085336
1.4738323575218761,1.4717190088361858,0.03219843485087015,0.03166503901626614
1.3800437413385387,1.3838400627812775,-0.09378861618333745,-0.09571464166112996
1.4206239695229672,1.4159663625986716,0.040580228184428524,0.04955357406570071
1.5631858541791874,1.5748153434650682,0.14256188465622022,0.15342176257186235
1.4393628862420462,1.4447101679898484,-0.1238229679371412,-0.10771894618639215
1.4351600773685032,1.4451052372394144,-0.0042028088735430735,-0.00063309057469302
1.4237346651816143,1.3862242059652967,-0.011425412186888861,-0.016125898101664586
1.565184706337127,1.5835514446592243,0.14145004115551263,0.13474430027999215
1.4736985539545708,1.4664074554770505,-0.09148615238255609,-0.08933268173505252
1.4237274918368534,1.4304311673104322,-0.0499710621177174,-0.03905476256543281
1.3690562462797675,1.3480441027752694,-0.05467124555708591,-0.05171022614340325
1.4299627935217585,1.4322773709673682,0.06090654724199096,0.053234348346670415
1.4213132052140136,1.4465836075922396,-0.008649588307744871,-0.019624801332064526
1.4980887328659072,1.4770194156029348,0.07677552765189355,0.09307200233830795
1.536869346456966,1.5070786107826593,0.03878061359105889,0.03368432748562179
1.4469338418532112,1.4357026519792087,-0.08993550460375488,-0.08664244955938452
1.5121907367860214,1.5032498546014474,0.06525689493281028,0.05646908793994088
1.4531138115634465,1.4578989976017602,-0.059076925222574905,-0.05447277906823266
1.5555997597602713,1.5372706897232247,0.10248594819682477,0.10236709643512709
1.4808348444889514,1.4948233519044378,-0.0747649152713199,-0.055918879262731244
1.473779313837901,1.4526778552005175,-0.007055530651050468,-0.010552800206043603
1.4045449415901847,1.4175028755887809,-0.06923437224771622,-0.05867930700966159
1.4150282247145722,1.4003234859470637,0.01048328312438751,0.0026065423389165475
1.4572221180484417,1.4481911374068368,0.04219389333386947,0.052358996793218586
1.4668849440282024,1.4436233016589006,0.009662825979760647,-0.01322971945587197
1.3988852011416266,1.4169853509144572,-0.06799974288657573,-0.06504326403673887
1.5158308022360343,1.4948175193127642,0.11694560109440766,0.12948994805358258
1.3412056622547137,1.3427247266186317,-0.17462513998132057,-0.1666335725372398
1.4744719797649235,1.456963636097259,0.1332663175102098,0.1297293549657085
1.465689650136443,1.4880044304126796,-0.008782329628480579,-0.01770162268664243
1.4516516751573525,1.4563041338663743,-0.014037974979090428,-0.021366870670749327
1.3393055807192416,1.3469522619190968,-0.11234609443811094,-0.1112235205372434
1.4654375308922079,1.4740596249588354,0.1261319501729663,0.11575046214324049
1.4930639989108667,1.4916133760107535,0.027626468018658867,0.02203399701610085
1.5242762513275712,1.5110812809191685,0.031212252416704445,0.02501031911069649
1.4381047625321957,1.4199051654790158,-0.0861714887953755,-0.08544023406773339
1.5229253457740597,1.515861534081849,0.08482058324186403,0.06845189976033285
1.4507949415121817,1.4820341675061526,-0.072130404261878,-0.06298545923143808
1.4734187238070662,1.4682015555190824,0.022623782294884487,0.03763899560315914
1.4833507699525934,1.4334901124385349,0.009932046145527229,0.006214864035728376
1.470550027875022,1.4683035179654313,-0.012800742077571314,-0.01233525245313055
1.4046686903471644,1.3933142488871308,-0.06588133752785774,-0.06256733399680381
1.4818287743865726,1.4815118146702075,0.07716008403940822,0.08608852852855588
1.417458595190825,1.432256639454172,-0.06437017919574761,-0.06365954464567615
1.4681107780016378,1.482024985757716,0.05065218281081285,0.0436826084747327
1.4723412040826136,1.4870747771427608,0.004230426080975791,0.001874418696544367
1.4718158784210165,1.4577529911328604,-0.0005253256615971313,0.005883282199859801
1.4975146686491205,1.5168772057680104,0.025698790228104063,0.01091656185055774
1.4817947321554894,1.4806359952675945,-0.015719936493631126,-0.002813334120891126
1.46832792769996,1.4946823018414546,-0.013466804455529502,-0.01640807126900166
1.445316971000209,1.457992136310388,-0.02301095669975095,-0.008405069930086821
1.425723718428646,1.4301469921769223,-0.01959325257156297,-0.02147402300893623
1.4847355548706305,1.5093316053554509,0.05901183644198449,0.04908041140687749
1.4282829221478541,1.4215809731454832,-0.05645263272277634,-0.06814833736855912
1.4905355928565047,1.4691616924059245,0.06225267070865059,0.06624033830457479
1.4425948116933849,1.45053855811518,-0.04794078116311984,-0.039523023568799186
1.5073311722779597,1.4912803979863827,0.06473636058457477,0.049406382496740946
1.4764169881791336,1.4906490962263,-0.03091418409882607,-0.01866052165386821
1.4337253067457407,1.4345955262476582,-0.04269168143339286,-0.03322314767793998
1.5303191208530391,1.5406985365566686,0.09659381410729839,0.0925282391789796
1.4034049603252898,1.4089507347120502,-0.1269141605277493,-0.12584890257663725
1.4151266559046054,1.4188949993068025,0.011721695579315572,0.005836225259662694
1.4867943671604877,1.4774488074735537,0.07166771125588234,0.08354189270309344
1.5079529982223743,1.509806027630981,0.021158631061886535,0.023542277514160038
1.5067368494574442,1.4841824170365863,-0.0012161487649300362,-0.0006936043288995922
1.4238516707116986,1.4576666621808592,-0.08288517874574564,-0.06999026146051908
1.509993651392346,1.4865985339996788,0.08614198068064738,0.05635851010981223
1.4307117314469677,1.4111615083867073,-0.07928191994537825,-0.0794437254100924
1.5059353239693962,1.5120453796204616,0.0752235925224285,0.07723514900583274
1.3934309039740211,1.37279097089466,-0.11250441999537508,-0.10377588233485295
1.541388581041413,1.5597813366369635,0.14795767706739182,0.14021449102454428
1.5144040492232453,1.5123832501233154,-0.026984531818167623,-0.020729044561700258
1.496722118614015,1.5170200552687532,-0.0176819306092304,-0.03089485113749621
1.456332313201988,1.4955648952867677,-0.04038980541202686,-0.023423710843666606
1.4588322516715528,1.451975719938655,0.0024999384695647553,0.0030788690156810885
1.455193944342648,1.4245371154849544,-0.0036383073289047996,0.011691241269105071
1.439254430494901,1.4301600523709666,-0.015939513847746944,-0.018853298115345207
1.3987762959571453,1.426846213065056,-0.04047813453775584,-0.06361335727360065
1.4888945625529444,1.4984554554152953,0.09011826659579913,0.07990325445132833
1.5030413968454368,1.4901253702254156,0.014146834292492416,0.011447265002724373
1.4880177943487791,1.4750059386156473,-0.015023602496657684,-0.026158558652771596
1.4566264781367126,1.483770775658241,-0.03139131621206648,-0.026085195257447735
1.4251361669147535,1.4517838287929143,-0.03149031122195911,-0.03630222027457779
1.5147306556408537,1.5423143083268134,0.08959448872610021,0.08974201847446475
1.4385528285447862,1.447179824757238,-0.07617782709606757,-0.09348428080523846
1.433188823525888,1.3998998786634649,-0.00536400501889811,0.0053558741573620505
1.4772971654841787,1.4635352091999496,0.04410834195829061,0.03556270816870432
1.5306905790218543,1.5589629885488503,0.05339341353767568,0.04689423689855484
1.4806894690391892,1.487138190051264,-0.05000110998266516,-0.04223838939665365
1.4505468554500998,1.4424870323026855,-0.03014261358908943,-0.02514345670166293
1.4134204466407767,1.3808149042874514,-0.03712640880932305,-0.03510452985309587
1.4909671206980162,1.4976055990947512,0.07754667405723947,0.06520089737919921
1.3931373044254545,1.3607685125854143,-0.09782981627256171,-0.10021281537986862
1.4558793757345638,1.4802397463242287,0.06274207130910936,0.06201453235059345
1.5118261091985248,1.508478461422131,0.05594673346396095,0.05791638675739387
1.575777327502886,1.5850213975759344,0.06395121830436112,0.051711497477697536
1.4571774896111243,1.4597712466949886,-0.11859983789176165,-0.12670174070770748
1.4202669451944372,1.440403902144498,-0.03691054441668706,-0.026385974677312258
1.4607706053527236,1.4733044030835274,0.040503660158286436,0.04089922859488657
1.5385099205905184,1.549131104385987,0.07773931523779476,0.07947771819221824
1.4784240334089165,1.4949475537596952,-0.060085887181601905,-0.06396963610233887
1.4716488006569197,1.49020762818825,-0.0067752327519967626,-0.005200173929782808
1.5505297446911495,1.524681445123643,0.07888094403422974,0.07611186093112113
1.4678093664072838,1.4624216084989992,-0.08272037828386569,-0.08414342518668312
1.5233700403072596,1.5416353831321181,0.055560673899975876,0.05545667363616092
1.4643575252640832,1.4764749513760282,-0.059012515043176395,-0.05609532332446282
1.4782835479997094,1.4821498052325275,0.013926022735626153,-0.0003036302224138452
1.5709791693434114,1.607761586170017,0.09269562134370202,0.09304886173141289
1.4658754191335137,1.4114496056412302,-0.1051037502098977,-0.10701841453508251
1.528292805485437,1.54835052481446,0.06241738635192329,0.056352572429357456
1.5725114349356142,1.5872520854463892,0.04421862945017718,0.03310876329569687
1.4682026424857775,1.4859160326096386,-0.10430879244983671,-0.10612381117699936
1.4454287431294626,1.4415352091302884,-0.02277389935631491,-0.029485776632625783
1.5559241891912303,1.5905336063598552,0.11049544606176775,0.10541079911473684
1.4391386071932561,1.4549312558008816,-0.11678558199797417,-0.12918963639299297
1.530317492498239,1.5452190659031073,0.09117888530498286,0.0866583070037539
1.496676037153379,1.4924925811971907,-0.03364145534486007,-0.04352640191731178
1.548296915648244,1.5383327107891327,0.051620878494865075,0.05093050119762921
1.4901060104859765,1.4459599169363138,-0.05819090516226755,-0.05951951655913463
1.5020890775823796,1.539244865648679,0.011983067096403177,0.006813255337429118
1.6163613958417795,1.6014420785794035,0.11427231825939987,0.11025628462006895
1.4789102131064797,1.4367431742098309,-0.13745118273529977,-0.12372716608977546
1.6366133926671842,1.6301764825857972,0.15770317956070445,0.16477136820501279
1.5249832039599318,1.4919903825218093,-0.11163018870725239,-0.11831230642669185
1.4721780278342091,1.4578881059108135,-0.052805176125722664,-0.04191158510991298
1.4442286479496038,1.4477739615445566,-0.02794937988460533,-0.03945267476600082
1.4328752099074835,1.474377965746534,-0.0113534380421203,-0.019330584162509643
1.499259910346963,1.5179453305281887,0.06638470043947953,0.06599988029886002
1.5822160357892063,1.6020485937308782,0.08295612544224329,0.077469643147838
1.4912666994190478,1.5108398200663293,-0.09094933637015856,-0.09293776565895526
1.5008183751523339,1.4746245287376807,0.00955167573328608,0.019429915609004235
1.4371664997450022,1.4318130729957785,-0.06365187540733164,-0.045114391483038294
1.497787243673811,1.488855908384605,0.060620743928808896,0.05370897469236177
1.5538844043476026,1.5495903210848303,0.056097160673791446,0.06560380852277134
1.4700775712609715,1.4394071203628023,-0.08380683308663106,-0.0811127332121443
1.4408846896057836,1.459389613947306,-0.029192881655187852,-0.016198164689669496
1.4764491964902118,1.4736028567517432,0.03556450688442814,0.051634614361437715
1.4963323320540118,1.4707359522516614,0.01988313556380006,0.016822577037606017
1.526207517495364,1.5290770444513986,0.029875185441352148,0.034204759056594015
1.4135551356978926,1.3747308573338575,-0.11265238179747139,-0.11417343018060257
1.5143133207834585,1.517606767534563,0.10075818508556589,0.107904954589839
1.5424233226518969,1.5855633760490226,0.028110001868438372,0.03608288537827514
1.4656071994962956,1.4795366571424953,-0.07681612315560127,-0.08916272836103303
1.564124553409864,1.5665619507809676,0.09851735391356842,0.09615252686960656
