Actual_Level,Predicted_Level,Actual_DeltaH,Predicted_DeltaH
0.48390510678180637,0.4681604019283632,0.0,-0.0009558439425026047
0.46829100518277245,0.4480696988802295,-0.015614101599033925,-0.016269715131687137
0.4971150799017686,0.4877928833159175,0.028824074718996173,0.014732497871084944
0.59393671012559,0.5985776042273644,0.0968216302238214,0.10530530665484555
0.5239467038091217,0.49088974860350604,-0.06999000631646835,-0.06926632283455676
0.49005436213185244,0.479877280388138,-0.03389234167726923,-0.050113530401899975
0.4865699251973459,0.49637671334520544,-0.003484436934506563,-0.008619609717376759
0.5106223110435881,0.5517342035620256,0.024052385846242252,0.029667725914366838
0.5127742943487642,0.5115316668157095,0.002151983305176075,-0.00243530596289308
0.5322185039201104,0.4986962528168697,0.019444209571346183,0.026173692604253927
0.511531430133816,0.5058688795796613,-0.02068707378629442,-0.0460764344683707
0.5527088700544293,0.5943032585493073,0.04117743992061329,0.023245566362427302
0.4714426219590726,0.4738640210304067,-0.08126624809535665,-0.07305979644050879
0.5926468232730955,0.6001838834313065,0.12120420131402287,0.11262272995262931
0.397244841479159,0.3732143278153086,-0.19540198179393647,-0.19276292167161252
0.4716194555005306,0.46677429555457456,0.07437461402137158,0.0839015538038345
0.5968043242170435,0.6045361385541012,0.12518486871651296,0.11749739140148063
0.5124999590697804,0.47931373736477184,-0.08430436514726314,-0.08363723390088836
0.5351339314922015,0.5366781276085646,0.022633972422421045,0.01615217195687819
0.4513782096382409,0.4699826596430151,-0.08375572185396057,-0.07227291249426528
0.5674183829214081,0.5487800160899563,0.11604017328316724,0.10413862417038652
0.5354991448580716,0.49779956974857276,-0.03191923806333652,-0.01369474893007467
0.5363471295022866,0.525585301350231,0.000847984644214983,-0.0029338694249876297
0.4549684270483568,0.4415057590226882,-0.08137870245392975,-0.08042396421066787
0.47442475180957133,0.4765369857140396,0.019456324761214505,0.04758975606636846
0.40665026507934043,0.4429903654530608,-0.0677744867302309,-0.08475054470516274
0.5478238743888403,0.5021305920738988,0.14117360930949985,0.1376165896183711
0.48496527460499705,0.5054522867610639,-0.06285859978384323,-0.06755033897992192
0.5338198036125614,0.5760872108084033,0.04885452900756437,0.06077846951305899
0.44022037807796216,0.4500053001469682,-0.09359942553459927,-0.12103848128644648
0.5639482053499414,0.5613168676969815,0.12372782727197923,0.11731939631187409
0.45462863582678775,0.4490729270921952,-0.10931956952315364,-0.11743063842047406
0.6489018066876996,0.6296109332761785,0.19427317086091184,0.1916074793742201
0.4883562364899273,0.5089583269350159,-0.16054557019777227,-0.1497119999569297
0.5534488009995787,0.5542047142834565,0.0650925645096514,0.06361721338302193
0.5651204088632128,0.5512486036095732,0.011671607863634081,0.006586391143474924
0.5489002453680035,0.5696598462194088,-0.016220163495209272,-0.02418458883217521
0.5361489419539317,0.5493571077114507,-0.012751303414071824,-0.025914938124761627
0.6206356351510464,0.5930635314181583,0.08448669319711466,0.07754342261735866
0.38803810205890493,0.41660996453237653,-0.23259753309214143,-0.2410076655327278
0.5133296909092715,0.5006902779699033,0.12529158885036656,0.12431260594176584
0.5540490121349492,0.5032977007625935,0.040719321225677674,0.040583797497632065
0.5354349100901912,0.5124780434851753,-0.018614102044757996,-0.0074186217487234064
0.6118140453306194,0.6306470660706669,0.07637913524042828,0.0733082379187204
0.5733147411901144,0.5555955400367344,-0.038499304140505064,-0.060024163905984376
0.42315495865375047,0.4037280407791011,-0.15015978253636392,-0.1578560933409062
0.49243509961407217,0.48682103946622785,0.0692801409603217,0.08320585656456408
0.48244648067498536,0.4734260474230335,-0.009988618939086813,-0.004179957395916121
0.5498918955149226,0.5320488876040876,0.06744541483993721,0.05765363955472391
0.5904614590215345,0.6233098213668451,0.040569563506611894,0.060143830274372034
0.5867113088086048,0.5795896360636339,-0.0037501502129296815,-0.004669314957019605
0.5708133979046948,0.5661440710060864,-0.015897910903910017,-0.03692347330326676
0.5067782465881685,0.4741051495173859,-0.06403515131652626,-0.05216162525845333
0.542147029739165,0.5312861592696136,0.03536878315099645,0.023111693016503544
0.5131001900826271,0.5020027180796103,-0.02904683965653787,-0.03457921370250569
0.5307547582172775,0.5307240215634232,0.017654568134650384,0.019127969309521636
0.4641074055112301,0.4344882807845343,-0.06664735270604738,-0.05518780739781251
0.5293567304938082,0.5403654317604969,0.06524932498257807,0.0701605273147226
0.5633850269726105,0.5712100087095414,0.034028296478802345,0.041208878029988454
0.5437872465013776,0.5208773208646932,-0.01959778047123295,-0.010934905303107088
0.6420626074407898,0.6219711530158094,0.09827536093941225,0.09829546787238362
0.5823613754362085,0.596081107064314,-0.05970123200458133,-0.05928725309395697
0.5091546616191953,0.5060625583086912,-0.07320671381701316,-0.07253117511360423
0.4908435828547756,0.4731059410522406,-0.01831107876441973,-0.019872365862792493
0.48949824120861607,0.4769205126500446,-0.0013453416461595147,-0.0016679101137241233
0.4625834023938282,0.48401035201915865,-0.026914838814787845,-0.02191098334981898
0.5376966663561363,0.5088403374490164,0.07511326396230811,0.06617944354217101
0.4301745823120059,0.45422942393574894,-0.10752208404413044,-0.09440153527940634
0.5416838069980283,0.5615445350795626,0.11150922468602242,0.095371779224216
0.5138977934598533,0.5296881637542172,-0.027786013538175003,-0.0237481084955768
0.5219572254062514,0.5076842887253168,0.008059431946398132,0.007312352044358513
0.5031633011578998,0.5159770076482438,-0.01879392424835169,-0.018972467514156644
0.6071980044938827,0.5936253765464835,0.10403470333598297,0.0987265974021577
0.5388600063559714,0.5423190234419741,-0.0683379981379113,-0.06674413582470812
0.5406405652136935,0.5520608914802738,0.0017805588577221032,-0.0018205651007223047
0.42555814990684354,0.45120154015706837,-0.11508241530684998,-0.11107078425732637
0.4955767386944583,0.4953500101372773,0.07001858878761474,0.06280064799642522
0.5196203902881095,0.5003378809146725,0.024043651593651183,0.015616398319908801
0.5843070570230896,0.5878251348158624,0.06468666673498014,0.05893780247491454
0.6146527063277675,0.6251480478305045,0.03034564930467787,0.02867578553994329
0.5117204638604012,0.4887445313170006,-0.10293224246736632,-0.11903857538276816
0.5519978242427377,0.5600654156938373,0.040277360382336536,0.04527719484288053
0.495620686331523,0.505662670867328,-0.05637713791121468,-0.050728338274104036
0.5398612087428811,0.5134244644570244,0.04424052241135812,0.043766925556281124
0.5589644557695628,0.5735367933992068,0.019103247026681647,0.019252410932476406
0.606674027723876,0.5977456469785234,0.047709571954313246,0.03110828673847271
0.48997815278820017,0.47130099631250455,-0.11669587493567585,-0.11913756590616047
0.6020251239290686,0.62936364461436,0.11204697114086842,0.09228740694935694
0.4418112736610378,0.4439144422475037,-0.1602138502680308,-0.15154566639541175
0.590581076131381,0.5834303958209706,0.14876980247034322,0.1566556167150056
0.4852334023204848,0.5178536781420031,-0.10534767381089621,-0.11144298659256316
0.5241323015329411,0.5352915789246117,0.03889889921245632,0.04741871952017359
0.5663552937622311,0.5465466104894589,0.042222992229290046,0.04181925991113871
0.5128945592556617,0.5350048301615442,-0.05346073450656941,-0.06512940175041747
0.46771492755977195,0.44788594367552986,-0.04517963169588979,-0.038703878520484104
0.5193541240132444,0.5507927340919364,0.05163919645347248,0.04734530245986662
0.5164923223069687,0.4991500218855794,-0.0028618017062757017,0.009347319306535512
0.4927868501002175,0.49296375057891095,-0.023705472206751232,-0.01153854716014334
0.5146385633929184,0.4847784731209728,0.02185171329270086,0.02271609383199069
0.49784783808025573,0.47552095551264073,-0.016790725312662624,-0.018087269868537578
0.5841854361307096,0.5944234455954235,0.08633759805045388,0.0851708290994476
0.5385344277177241,0.5325160939394927,-0.04565100841298553,-0.04610526423081397
0.551806182906413,0.5634074248065614,0.01327175518868895,0.012117968235430656
0.5679018340002354,0.5642428758243557,0.016095651093822383,0.02111858349728319
0.556782392763462,0.5705434998569476,-0.011119441236773442,-0.007348080311057308
0.5044326935266731,0.49624908948801383,-0.052349699236788894,-0.04078542286303304
0.5638272427921043,0.5782886588176491,0.059394549265431196,0.06243800798169729
0.5843431496345712,0.5963710352921929,0.020515906842466958,0.03570075868984408
0.5132138809057684,0.52607208176192,-0.07112926872880287,-0.0968372141429337
0.639575372580975,0.6317210480917462,0.1263614916752066,0.12525580639974124
0.5271319822049174,0.5121217706430062,-0.11244339037605755,-0.10389551964237333
0.47122689493819725,0.49351763585017866,-0.055905087266720166,-0.0699364673485975
0.5409267553115218,0.5619411943016228,0.06969986037332454,0.08174738116337192
0.5180496215109305,0.5503883410880158,-0.02287713380059131,-0.019244991083945645
0.4565855286185597,0.445232809562484,-0.06146409289237076,-0.054977274903017494
0.502124168226071,0.5184366916591586,0.045538639607511255,0.024799880458857938
0.4971044155531813,0.48516560967631284,-0.005019752672889677,-0.015004161616531802
0.5654506909906166,0.5584178424885132,0.06834627543743532,0.07138425386608609
0.5088359756642352,0.49986286145031683,-0.056614715326381404,-0.057973904355771815
0.5643780034865461,0.5574764895348304,0.05554202782231088,0.04565150138955541
0.5724154363366407,0.5422589535961029,0.008037432850094617,-0.008942863795095714
0.5017898189507191,0.5042971377163806,-0.07062561738592166,-0.07928446011334803
0.5304913778728632,0.5361449508334516,0.0287015589221441,0.034190073100003056
0.5084814627084183,0.49734175037681694,-0.022009915164444838,-0.03251832542974785
0.5285047180065156,0.5083046415998863,0.02002325529809723,0.022881242011457362
0.639467201031637,0.6476037993206387,0.11096248302512146,0.10884002672978026
0.5462561629240977,0.5589807611817702,-0.09321103810753928,-0.09140928172249285
0.5458815565073927,0.5409789709574091,-0.0003746064167050589,0.0019087978988916333
0.38861014616767287,0.3761966451369494,-0.1572714103397198,-0.15592834883118886
0.5380117831788269,0.5517082017557047,0.14940163701115405,0.14313238473167247
0.5269022552949616,0.527586463753566,-0.011109527883865322,-0.005329307263206549
0.5985562510534927,0.6138842083698741,0.07165399575853115,0.0775267637524139
0.5534372621694915,0.5625153168225114,-0.04511898888400123,-0.029353416136537015
0.48952142979727375,0.48945588411851787,-0.06391583237221776,-0.06733069515286005
0.5377126264139924,0.5652813468514176,0.04819119661671867,0.03135430797230843
0.6186939788964348,0.6109897025338987,0.08098135248244243,0.0800168611344723
0.5770399558570747,0.5301621816150167,-0.041654023039360166,-0.04914088226564621
0.6028807509386793,0.5960036412892933,0.02584079508160464,0.027054048183343758
0.5190231347538815,0.5323202962872672,-0.08385761618479781,-0.08431748668329699
0.5034844504019969,0.5069528938787174,-0.015538684351884657,-0.0260469294665192
0.5281233124811343,0.5234215532974192,0.024638862079137458,-0.002630094470149117
0.5919735074772816,0.591863302181539,0.0638501949961473,0.05993566410607423
0.5932088207820269,0.6142743440503856,0.0012353133047452447,0.0054883082624610485
0.5332646194349574,0.5043817599036649,-0.05994420134706946,-0.0494516655123604
0.4607600927269867,0.459609283638758,-0.0725045267079707,-0.06040389722624868
0.5770483806580107,0.5716460887891175,0.11628828793102397,0.10704707472606995
0.5757456253235246,0.5579604668380183,-0.0013027553344860943,0.0048255709766142855
0.6009156869368473,0.5907044578964593,0.025170061613322692,0.023160189408628004
0.5103807275114625,0.5000137851038334,-0.09053495942538481,-0.10440215461973876
0.5671758749510456,0.5482389294470755,0.05679514743958314,0.047446714916118536
0.5220446188911468,0.4960814832262264,-0.04513125605989876,-0.04785270788955611
0.5942319786529681,0.5778677700484541,0.07218735976182122,0.07734535357254724
0.5783710249672561,0.561864690528144,-0.015860953685711943,-0.02598693547755337
0.532487449018485,0.5028240394515845,-0.04588357594877113,-0.04466556852141654
0.4902496929298704,0.5103448693562123,-0.042237756088614575,-0.04192435556134665
0.6029133650040571,0.6207822328642877,0.1126636720741867,0.11290242747222436
0.5781480331367279,0.5869562615862951,-0.02476533186732921,-0.022375920166211326
0.4927015880266164,0.48183916161733,-0.08544644511011151,-0.08844687757019458
0.5228424082154497,0.5162700303711877,0.030140820188833295,0.042692356877967845
0.5383127748998152,0.5614989530923555,0.015470366684365522,0.029979779346140743
0.5365363199240333,0.5628198874690269,-0.0017764549757819381,-0.0012484678047576096
0.6146992381205493,0.6400743029611298,0.078162918196516,0.0911412820966422
0.6123677535040208,0.6247865851073794,-0.002331484616528434,0.003812990600443913
0.5185964520505498,0.49671669854437894,-0.09377130145347101,-0.09323166436411277
0.5854711378582942,0.5751802866472927,0.06687468580774436,0.051290881397328396
0.5781785530098624,0.560727127725612,-0.00729258484843176,-0.002367679964596127
0.6126278507494861,0.6033998330929881,0.034449297739623685,0.02733497512620079
0.6678726716157161,0.6320285197884634,0.05524482086622995,0.056048910920600374
0.5331438732320594,0.5014143811982075,-0.1347287983836567,-0.13817525167844358
0.4180578385451932,0.46183263983531514,-0.11508603468686618,-0.1234538924950663
0.5087135368329817,0.5026955645490663,0.09065569828778852,0.10160576353076065
0.6096746910295575,0.6043089792258547,0.10096115419657581,0.11900364842529242
0.5064802326819147,0.49678879765314576,-0.10319445834764285,-0.09936387789229037
0.5275506124429907,0.5366945267703643,0.021070379761076063,0.01701681863739735
0.5202906929722942,0.5189173625568538,-0.007259919470696485,-0.009552955369073794
0.582959804487238,0.6039134990327263,0.06266911151494381,0.06774585696316313
0.6141875134504674,0.6174651927690963,0.03122770896322935,0.038597461741802494
0.5318509291361473,0.5240627985585927,-0.08233658431432012,-0.07948532865171827
0.5757484421690382,0.5740767729055913,0.04389751303289091,0.055272925230667916
0.6297958398079041,0.6454453565491873,0.0540473976388659,0.0569952207632394
0.5225684525126908,0.5378161047981608,-0.1072273872952133,-0.12079655644992174
0.5801510156987701,0.5220394298215949,0.05758256318607935,0.05647875865738392
0.634302998569363,0.625116290971243,0.05415198287059286,0.05520691945171202
0.5918516579622294,0.6202697647062803,-0.042451340607133625,-0.03295882907923966
0.6070555281598412,0.5939087737475086,0.015203870197611824,0.021099199364124747
0.5874849693034816,0.6056744255473372,-0.01957055885635961,-0.0162712413810096
0.5567497894370584,0.5051082662380734,-0.030735179866423157,-0.03520546898510374
0.5712626476499477,0.6045285188264031,0.014512858212889279,0.008514084053121625
0.5210494514052627,0.5210647226194953,-0.05021319624468501,-0.04356389254596241
0.5584203715139029,0.5343224431085388,0.03737092010864018,0.01383127133948335
0.5150233128566903,0.4864407374811726,-0.04339705865721255,-0.057192836916000814
0.5531836656177747,0.5379940809435922,0.038160352761084315,0.03200423147424113
0.5189995579921372,0.5234207434033623,-0.034184107625637505,-0.032506951344820394
0.59355514727564,0.5712158048248536,0.07455558928350281,0.06901828046416025
0.5499250924331128,0.5371137628923311,-0.04363005484252713,-0.04750867972539311
0.5583059376625115,0.5620356426038734,0.008380845229398637,0.018242731301795226
0.539591844483799,0.5467484293794964,-0.01871409317871242,-0.025348915896007705
0.5596973829801962,0.552697885946799,0.02010553849639718,-0.0021977411368126337
0.5245200629209102,0.5371575107019081,-0.03517732005928598,-0.04345419412784257
0.6495994360342724,0.6506651715976673,0.12507937311336215,0.12956017883356802
0.598643935356404,0.5746711573123329,-0.05095550067786836,-0.059629882519171194
0.6032971479913382,0.5962573971513284,0.004653212634934123,0.023070167181036424
0.5914249425505045,0.5837133516767796,-0.011872205440833672,-0.013799821438881133
0.5407123684651408,0.5423647870791175,-0.05071257408536367,-0.05825144207818214
0.6238924505107717,0.6557095232633071,0.08318008204563088,0.08732621452211942
0.4640186059908896,0.4410616516256257,-0.15987384451988207,-0.15183500743985717
0.5409591444499402,0.5347791002496917,0.07694053845905058,0.07719837060229273
0.5649191579504848,0.5593536784761908,0.023960013500544552,0.027093595349031427
0.5787997327691001,0.6045829780091388,0.013880574818615377,0.022658296158091513
0.5992410794148607,0.6092892822828301,0.020441346645760583,0.032949030586674005
0.5695120760283593,0.5678741737116832,-0.029729003386501418,-0.03658147843595961
0.5325632920197066,0.5468444192752078,-0.036948784008652646,-0.042557001410755524
0.5638564253381774,0.5456829816813902,0.03129313331847072,0.036886946482691876
0.5760804912418654,0.5642615252202692,0.012224065903688075,0.003589741565508788
0.5668690104695815,0.5941129220223129,-0.009211480772283953,0.015941607203208932
0.49829925053888446,0.5139189691461906,-0.06856975993069703,-0.0754997361313056
0.6451120490340163,0.6177108345483469,0.14681279849513185,0.13900344732968975
0.5879485544481668,0.6119501711141258,-0.05716349458584946,-0.05520130003468947
0.6268670561663373,0.6153790053450313,0.03891850171817046,0.047464346920451844
0.5791835603793232,0.5967808384072707,-0.04768349578701414,-0.04832555217201661
0.5225114952264895,0.5212472091402626,-0.05667206515283363,-0.06412378821229794
0.5990158757228418,0.5899957925915283,0.07650438049635222,0.0722010849799585
0.5321939778156951,0.5496994239950876,-0.06682189790714665,-0.06656454736197384
0.6126962773216914,0.616660688027847,0.0805022995059963,0.06761309306362968
0.6142639332288147,0.6233427074435155,0.0015676559071232665,0.007185507999951427
0.5730613843772444,0.5870616848847328,-0.041202548851570264,-0.04938840806474118
0.6523293594133911,0.6491090134326687,0.07926797503614669,0.09495317183967461
0.5536036782101584,0.5723821915501842,-0.09872568120323266,-0.09859120125240318
0.615938810771233,0.5998820170844589,0.06233513256107459,0.07632779941462144
0.5844891753586359,0.5846320235700562,-0.031449635412597154,-0.03134088479201121
0.6156312124367534,0.6244249089641273,0.03114203707811758,0.022708279921832115
0.6099431349924747,0.6390753869466389,-0.005688077444278794,-0.011467947826718946
0.5177749260514035,0.524011900170891,-0.09216820894107114,-0.09092685499814025
0.6283877155293921,0.6151168025652527,0.11061278947798858,0.10781037840155595
0.6106367085027733,0.6223439575412562,-0.017751007026618804,-0.0041389429094744815
0.63619163641313,0.6440310627116375,0.02555492791035674,0.04283084302160198
0.5307686678182066,0.5122545217772201,-0.1054229685949234,-0.09801817892797327
0.7099991600388496,0.7126083457306056,0.1792304922206429,0.16046257253737733
0.6136676113060666,0.639856661100933,-0.09633154873278293,-0.10026921184876168
0.5836080992472286,0.5665623584773747,-0.030059512058838056,-0.0435397501258439
0.5418907010300157,0.542447205074569,-0.041717398217212875,-0.04167168027946425
0.6582458470325607,0.6645396366072853,0.11635514600254504,0.11798595505892631
0.6274430812338286,0.628775273799213,-0.03080276579873209,-0.04826892751345794
0.6703515570632379,0.6745546298795235,0.042908475829409265,0.03903164676997009
0.5784113668320092,0.5697734337865252,-0.09194019023122868,-0.07269663338589913
0.6120161849124925,0.5853517965145558,0.03360481808048332,0.0348257709948259
0.5924085744481081,0.5700409640396011,-0.019607610464384417,-0.018961203467780255
0.7034022163497713,0.6930028543962066,0.11099364190166316,0.10947590918250685
0.5836112316914281,0.5703637177545252,-0.11979098465834315,-0.1255344388713546
0.548387461036914,0.5702215719436058,-0.0352237706545141,-0.04098649603294705
0.5909562138996229,0.5893405042484361,0.04256875286270889,0.030316368590631866
0.5360988991728337,0.5427319920007896,-0.05485731472678923,-0.06095530983953956
0.6012950603080199,0.6305868184328549,0.06519616113518623,0.05935428608191543
0.6739916879204075,0.6718926775440981,0.0726966276123876,0.08318260100842306
0.651893469405419,0.6330432168646983,-0.0220982185149885,-0.018372285616056153
0.6052350156718139,0.6248350586142479,-0.04665845373360511,-0.06086973269739191
0.5546500123700326,0.5504222884175648,-0.050585003301781284,-0.05746579597551753
0.6654048306602065,0.6434147483506365,0.11075481829017386,0.11318469408062312
0.5701730453968424,0.5740536534118046,-0.09523178526336407,-0.09258703940590227
0.5701025969690836,0.5579600467707252,-7.044842775882909e-05,-0.0008905692048432795
0.6001353865092485,0.5638266898258636,0.03003278954016486,0.02004586991026841
0.6348945464331723,0.6018375358688928,0.034759159923923866,0.042782347524434675
0.62479165345606,0.6391901801386238,-0.01010289297711231,-0.014003145357685116
0.6795954759268596,0.6696999121853251,0.054803822470799624,0.047180792515121764
0.5906890091008467,0.5802432459454028,-0.088906466826013,-0.08833435802577887
0.657613158381502,0.6446180248722246,0.06692414928065538,0.07727261589448735
0.5664161602316379,0.5631133647938948,-0.09119699814986415,-0.08567755748177149
0.5254395286614568,0.521530683501387,-0.040976631570181055,-0.04564934891372027
0.6452254127054206,0.6618096404452595,0.11978588404396373,0.11503284758478918
0.5863300952727474,0.5631409019015294,-0.05889531743267318,-0.05163734407718353
0.6072683062355295,0.6351869848495114,0.020938210962782144,0.01425608159726327
0.6655958322432182,0.7009778319607658,0.058327526007688646,0.059111743059785705
0.5710925682324036,0.5613382654907084,-0.09450326401081455,-0.1057506509249446
0.5469496276014384,0.5488802966017067,-0.024142940630965226,-0.02831961696236983
0.629926615953468,0.6468541858060178,0.0829769883520296,0.0804470018456485
0.599220282001765,0.5779848491531537,-0.03070633395170297,-0.03246093080083931
0.6103238912589838,0.6289585804320076,0.01110360925721876,0.0031378907131331003
0.6217679323393411,0.5902713111990989,0.011444041080357348,0.0003725910713896583
0.5919267918464489,0.5957318476284991,-0.029841140492892215,-0.031891886028486756
0.5561668485236335,0.530944451499418,-0.0357599433228154,-0.036564747460470885
0.4189872619523567,0.41408283657662875,-0.13717958657127682,-0.12917081666472138
0.5830444452042088,0.5742446106574641,0.16405718325185215,0.18417219390308429
0.610490886797007,0.6068384511355045,0.027446441592798188,0.035459414799443804
0.6827647876498826,0.6914876662980524,0.07227390085287555,0.07572727298381816
0.5681328811965412,0.5551795458156819,-0.11463190645334143,-0.12010958875286366
0.6897361969169794,0.6946305887054757,0.12160331572043825,0.1311581990064654
0.5896806236460104,0.6033711454227293,-0.10005557327096903,-0.09829381862910708
0.6167362530750012,0.6217482819778313,0.02705562942899087,0.029954840441095414
0.5877415877752918,0.5867881670502877,-0.0289946652997094,-0.019794727177011077
0.5923382660951203,0.6008081050331124,0.004596678319828462,-0.0024009801770829755
0.6986234624740215,0.6822844348540634,0.10628519637890121,0.10448334287915848
0.549595646067118,0.5693291213363278,-0.14902781640690355,-0.1629426990905631
0.6431780139487521,0.6634485291343017,0.0935823678816341,0.08680654318940957
0.5723300577551195,0.5762216112535614,-0.0708479561936326,-0.07062242808395046
0.6327110011171433,0.6147238863078014,0.06038094336202382,0.07366344851730215
0.6075337365829103,0.604873601218316,-0.025177264534232968,-0.029021869236051386
0.6220336329889763,0.6050108710050542,0.01449989640606597,0.013765203656363436
0.5661609336661831,0.5795406754686871,-0.05587269932279315,-0.06322484741767119
0.6037957772218329,0.5884124174159004,0.03763484355564972,0.03500442985206943
0.6004581932267022,0.6108507234727505,-0.003337583995130622,0.005567619956288178
0.6610187015180258,0.6788378541464523,0.060560508291323534,0.060240290532426355
0.6028345866341808,0.5711676300773301,-0.058184114883845006,-0.07054432005587928
0.6873442844256487,0.6981332158944858,0.08450969779146789,0.06384163791459622
0.6405944806574015,0.6383529286681201,-0.04674980376824711,-0.034951088067457725
0.5930201415105302,0.5962193139537152,-0.04757433914687137,-0.04145517734169946
0.6667959508320653,0.62546002649812,0.07377580932153516,0.07431913329405375
0.6257387970138057,0.6199444914083072,-0.041057153818259584,-0.048562814937111794
0.6616323478894359,0.7016132083089986,0.035893550875630176,0.02933269165133986
0.5868206129946717,0.6307179950449997,-0.07481173489476423,-0.08824667258968316
0.6274772203611683,0.6378868203024536,0.04065660736649657,0.029458097601986366
0.626929213317271,0.6253169179431759,-0.0005480070438972362,-0.005945802964405833
0.6230557131181382,0.6589232658969361,-0.0038735001991327955,-0.007358229948063766
0.527448215459017,0.5174698727863799,-0.09560749765912124,-0.10474296077082067
0.6774086750253143,0.6656190190092548,0.14996045956629733,0.14477247063899043
0.5753489744553423,0.597368116868242,-0.10205970056997204,-0.1058366725971069
0.6363973454767277,0.6192870483520468,0.061048371021385384,0.05119254445619797
0.5576673741840475,0.5530074694831644,-0.07872997129268011,-0.07231626849116055
0.6493940059170742,0.6763868612582938,0.09172663173302664,0.09613746842209589
0.6177985269241053,0.5968219017600545,-0.031595478992968884,-0.03642835589526232
0.6220332945339375,0.6471596925130331,0.004234767609832213,0.011635753282549616
0.6621830250015919,0.6566047492962493,0.040149730467654354,0.02806447013022012
0.5547175678312779,0.5441274024467495,-0.10746545717031397,-0.10680121753682592
0.6213369532311964,0.6396027106231975,0.06661938539991852,0.06361370019935098
0.5862621905802918,0.5997932471538716,-0.03507476265090459,-0.05048082568873274
0.6009247432604382,0.6184020976621623,0.014662552680146379,0.012528190061062813
0.647872390765368,0.6591250082310215,0.046947647504929746,0.045550381800570736
0.5935475781861657,0.6357862501326939,-0.0543248125792023,-0.05127084021388034
0.6078174327296763,0.6146153878727928,0.014269854543510596,0.012114199627991977
0.5856104342266414,0.5992258377210651,-0.02220699850303487,-0.007216668738317968
0.6294454139482025,0.6241594355710838,0.04383497972156114,0.020804366580208268
0.5874628529826174,0.5618339927241076,-0.04198256096558517,-0.050678839272845805
0.5424472830288114,0.5220318376963088,-0.045015569953805956,-0.03534866193690983
0.7294841035355727,0.7318521773697486,0.1870368205067613,0.1928956848053898
0.6339749149952146,0.6489507362298838,-0.09550918854035806,-0.09421698390692414
0.7013370916276103,0.7050194248812472,0.06736217663239563,0.06625818535224802
0.6353223500458045,0.6677003612686978,-0.06601474158180576,-0.06243845198973136
0.5690806196645496,0.5574706840200115,-0.06624173038125492,-0.06718745282843386
0.651585839665155,0.674739881037874,0.08250522000060545,0.08446035418647593
0.7095443600333777,0.6666333349833405,0.05795852036822269,0.046379688638830546
0.6299326090616885,0.6249205503441932,-0.07961175097168927,-0.09860512233648407
0.6958278724968837,0.7489264250656533,0.06589526343519525,0.06609741105169467
0.6353976178639884,0.6402939961122901,-0.06043025463289531,-0.06774911667524215
0.641676535263736,0.63890015820409,0.006278917399747619,0.010471925066084312
0.5776421634683355,0.5873215409823532,-0.0640343717954005,-0.07286022665994607
0.5773011842963464,0.552546941059013,-0.00034097917198916416,0.005315943244109398
0.6364190535874702,0.5761608481777487,0.05911786929112384,0.07042675541594777
0.550465863371058,0.5716033088472935,-0.08595319021641223,-0.10053023292643294
0.6654632234137847,0.6825452484672353,0.11499736004272676,0.11109012375553345
0.6260237780058172,0.6090813843095886,-0.03943944540796751,-0.03344398625952262
0.6037554296206007,0.6327177308497592,-0.02226834838521652,-0.01731148428777026
0.6263179724899997,0.6217671664403536,0.02256254286939896,0.04136122221268382
0.6492630218389458,0.6161506137014596,0.022945049348946145,0.017824679183870026
0.5702422968776175,0.6094061715539859,-0.07902072496132828,-0.0764698444573614
0.6135945184857909,0.6130231631814473,0.043352221608173425,0.06132596505284628
0.6270792574764354,0.6310152355458704,0.013484738990644507,0.0202756693207206
0.6258631211315316,0.628134335089487,-0.0012161363449038065,0.008839399057425073
0.5988444367639769,0.5670561293323543,-0.027018684367554724,-0.03415451242237204
0.6812072195734992,0.6926026493645012,0.08236278280952225,0.07876847268317519
0.5883172524767063,0.6050918709917547,-0.09288996709679287,-0.11176589530190403
0.6530900744754129,0.660650350021148,0.0647728219987066,0.06357964692461852
0.6250825318927352,0.5875120823866367,-0.02800754258267768,-0.031139828934406574
0.579367831670338,0.5937309309261412,-0.04571470022239721,-0.06398946069320746
0.6784456124384688,0.6925132906085515,0.09907778076813079,0.1025541416266735
0.5518283842582274,0.5285834944556159,-0.12661722818024135,-0.10637460598521337
0.6585256839732531,0.6259809296944596,0.10669729971502562,0.12350832746174582
0.5650177950520523,0.5786977265314303,-0.09350788892120077,-0.1008212596895141
0.5504461950662743,0.5909360552206041,-0.01457159998577795,-0.0005430953012141165
0.5989648905981506,0.6574449305705691,0.048518695531876266,0.041860134663510074
0.6616409313571404,0.6618675054006453,0.0626760407589898,0.054122234041132804
0.549064332079581,0.5153321571632825,-0.11257659927755936,-0.10475405835107876
0.6086081496363515,0.6161273398726369,0.059543817556770406,0.06718889610172402
0.6427600887669898,0.607527783598501,0.0341519391306383,0.02070037626347612
0.6744898429244003,0.6365894763648305,0.03172975415741053,0.00946072215799286
0.6388094001073962,0.6458801847557346,-0.03568044281700411,-0.04709175300010646
0.56057265341022,0.5611891538846265,-0.07823674669717617,-0.07419854791511285
0.6208904832501577,0.5937827422003654,0.06031782983993772,0.06191574227814052
0.6597503311341243,0.6193068422212521,0.03885984788396657,0.03764582445618199
0.6224432330305203,0.6057136987904578,-0.037307098103604,-0.040837693827150884
0.629943880979986,0.6284173192103394,0.0075006479494657,0.016158582882325596
0.5837798756050468,0.5969793980156634,-0.04616400537493914,-0.05445962255592987
0.5802234235657611,0.5933659086774605,-0.0035564520392857846,-0.008643042536187763
0.5356165184962336,0.549948280790114,-0.04460690506952747,-0.04098280001694846
0.5927737359316633,0.6078931572747479,0.057157217435429675,0.07046981706005001
0.6556227693517687,0.6218096411077153,0.0628490334201054,0.07206769831621367
0.6314015945474643,0.6200355846816912,-0.024221174804304413,-0.004588731111708818
0.6783127139771925,0.6717830901204058,0.046911119429728254,0.04424296566152302
0.6899735635634268,0.6625793222752893,0.011660849586234256,-0.01487589580849125
0.6660051514755015,0.687946970816769,-0.023968412087925217,-0.03626400907415487
0.6437296050966562,0.6355860675184766,-0.022275546378845323,-0.013112404068259156
0.6211865613014368,0.6253309298210302,-0.02254304379521943,-0.03274200952705781
0.6907696271575434,0.6838225624204146,0.06958306585610663,0.0736204292031521
0.7242700088436876,0.7003149996581697,0.03350038168614422,0.047846093788042374
0.6176488067490872,0.6008943149879338,-0.10662120209460046,-0.12393747256756668
0.5825291048945642,0.602145040086563,-0.035119701854522956,-0.030298080031328195
0.69883857046145,0.6919173819626536,0.11630946556688582,0.10403726801287112
0.6592280414264985,0.6490951811468365,-0.03961052903495155,-0.046306840727011585
0.6693220566362673,0.6845164500286596,0.010094015209768825,0.0054640455144444435
0.6110687875139933,0.6059846952322956,-0.05825326912227402,-0.05179059452413802
0.7266235061481152,0.6843124827572272,0.11555471863412192,0.11716413365417265
0.6581232601383317,0.6550351878064442,-0.06850024600978355,-0.07573432139944075
0.5575099034652263,0.5814824060656948,-0.10061335667310534,-0.08874690887785577
0.6573601842724509,0.6669443759075843,0.09985028080722458,0.10130711102952851
0.6205262973413336,0.6174952658159497,-0.03683388693111733,-0.03122324135151432
0.6187215866146698,0.5864115319949059,-0.0018047107266637719,0.005939279249787896
0.630713310553324,0.6326269218729295,0.01199172393865422,0.017957118454479948
0.654911827862103,0.6499093132430254,0.024198517308778977,0.026571541098348576
0.7605705673373304,0.7850914172593713,0.10565873947522741,0.10580557096344582
0.7058364159739043,0.7064402937896032,-0.054734151363426076,-0.029135251472341955
0.7125396757778097,0.7031735640731122,0.006703259803905404,0.005892209190431671
0.663109482466941,0.6544280545207762,-0.04943019331086873,-0.04056729781232296
0.6499797203779574,0.6509584983907444,-0.013129762088983643,-0.0053383465377571495
0.6902507700640289,0.6749250105583184,0.040271049686071536,0.046060152051809425
0.7035892729321637,0.6853822396641408,0.01333850286813476,0.013677807635389406
0.6255151460126573,0.6148726323053634,-0.07807412691950633,-0.06640980461861826
0.6071322351437404,0.6157275688271693,-0.01838291086891697,-0.04080135142247282
0.6013175944666971,0.5933020736202596,-0.005814640677043292,-0.024942297601383914
0.5634081651951739,0.5384561200072633,-0.03790942927152319,-0.03915280241240559
0.628589548750165,0.6274770218175104,0.06518138355499115,0.07888148877356872
0.6652514613632309,0.6750397787914324,0.03666191261306584,0.0439012456048577
0.6573347663154857,0.6404523466214105,-0.00791669504774517,-0.004656482454747427
0.6622249246643577,0.6743915949941583,0.004890158348871965,-0.005201119366550903
0.6447411332280474,0.6345301509174417,-0.017483791436310292,-0.019817901393425416
0.6478535578204153,0.655265711861103,0.003112424592367935,-0.01634544695537208
0.6764299437202044,0.674072594776059,0.02857638589978906,0.02589045099409919
0.6136512563895358,0.6381066046538173,-0.0627786873306686,-0.06963318163868752
0.6596898338096172,0.6759568477673544,0.04603857742008144,0.05732528462592994
0.6707903671637545,0.670304758988199,0.011100533354137299,0.005834371276164478
0.6944321889050363,0.7237860977936127,0.02364182174128182,0.024778371250539367
0.6401375064449369,0.6459052889024546,-0.054294682460099386,-0.05544670506762958
0.6904911815362325,0.6553498565767947,0.05035367509129551,0.0506882764303078
0.6350657443494475,0.6148257771710094,-0.05542543718678494,-0.04666894112272105
0.5527120692352981,0.5304525704022025,-0.08235367511414937,-0.08070918357581147
0.711265366717041,0.7275702471694636,0.15855329748174285,0.15219168056624746
0.8099820906037195,0.8244672786574677,0.09871672388667851,0.09673670996016587
0.6813704197252871,0.685940839333355,-0.1286116708784324,-0.12025130288973562
0.6751650232881444,0.6936288277346438,-0.006205396437142685,-0.014177247163177037
0.6065268222202047,0.6439595048711456,-0.06863820106793972,-0.07615969841196082
0.7115564298274731,0.7292726505978662,0.10502960760726843,0.11112417028484359
0.6806522667602145,0.6692297666230193,-0.030904163067258628,-0.018008383531323988
0.6772806695482075,0.6501683045867673,-0.0033715972120069715,-0.0004872042799630204
0.6594663240602415,0.6450645451017449,-0.01781434548796601,-0.028533372039263823
0.6867830365164485,0.6714992356236266,0.027316712456206926,0.04560225990045349
0.5546816052776414,0.5636300669402639,-0.13210143123880702,-0.12857065947663088
0.6282665393502226,0.6336960719842183,0.07358493407258115,0.08607428768567578
0.6419457034100505,0.6299910223055359,0.013679164059827942,6.583986911880453e-05
0.6404805940070776,0.6158556803703035,-0.0014651094029729528,0.008608096778180108
0.6866004057711916,0.6780747203010498,0.04611981176411406,0.024934151911131384
0.6122286931415043,0.6097485622576608,-0.07437171262968734,-0.07656105862380971
0.5714601292241573,0.585233719982219,-0.040768563917346956,-0.05672311796021616
0.7231388872808205,0.7008006851017891,0.1516787580566632,0.14572922684044773
0.6027789961786986,0.6029832018464417,-0.12035989110212197,-0.12359666047819257
0.7943194885448406,0.8161110370894159,0.191540492366142,0.19231553743657787
0.7104578764632185,0.7770454131005468,-0.08386161208162213,-0.09561245475773751
0.6803774866569645,0.6810060813511413,-0.030080389806253938,-0.03032185172400955
0.6540103429385957,0.6992447903044037,-0.02636714371836879,-0.037993216151540825
0.7481621439877465,0.6996242619452281,0.09415180104915077,0.09603579521524361
0.76969926616388,0.7656998930777202,0.02153712217613346,0.025433930293675053
0.6435819493342743,0.671127703202064,-0.1261173168296057,-0.12537710745641129
0.6225545877400038,0.6280506560679914,-0.021027361594270433,-0.013062684216383444
0.5998816140213412,0.5922616532208187,-0.022672973718662615,-0.027677749811124176
0.5703849880058011,0.5984907938458722,-0.02949662601554015,-0.035240496454688595
0.6929428689917762,0.6675413171336526,0.12255788098597509,0.12500901694440733
0.6555972375984361,0.6606686925637747,-0.03734563139334002,-0.024942595638318403
0.607686384368958,0.6424336295943912,-0.04791085322947808,-0.04642573464002364
0.6233859025815073,0.6350979699474072,0.015699518212549224,-0.0022718199376411674
0.7485310941217164,0.7689662065469605,0.1251451915402091,0.1287210065542666
0.6170985670108511,0.6123752944364671,-0.13143252711086528,-0.11312451086154386
0.6647047121953056,0.6280081965243987,0.047606145184454496,0.04953636464373839
0.5941925929937467,0.5915445664973713,-0.07051211920155886,-0.06296451441293911
0.7542745678765024,0.7539132034129099,0.16008197488275566,0.16611084888511568
0.6688768065527758,0.6897206219359002,-0.08539776132372656,-0.08410999880568146
0.7383913425207256,0.7408983695846564,0.06951453596794976,0.06899861170747977
0.6053481602158437,0.6004910862107142,-0.13304318230488188,-0.14933222432543097
0.5870887149492123,0.5999011501602499,-0.01825944526663137,-0.0271180443699304
0.6794306289272429,0.7040547965259191,0.0923419139780306,0.10669960815503572
0.6684181927013587,0.6737531183986607,-0.011012436225884215,-0.008755267116298463
0.5510752105403565,0.5583223732204193,-0.11734298216100225,-0.12009575298938234
0.6630060139955772,0.6586046726668614,0.11193080345522077,0.0885748580607127
0.6374760905010717,0.5957868080255759,-0.025529923494505558,-0.021274120885691833
0.6314244040291287,0.6160886591774442,-0.006051686471942985,-0.00479795175783056
0.7769441064075229,0.7749376308156665,0.14551970237839418,0.15213916482669956
0.6864331912256267,0.6700439589498159,-0.09051091518189613,-0.09366109706538357
0.6568124255548781,0.6434977129040139,-0.029620765670748672,-0.034738351967975284
0.7260218234456766,0.7271439824997095,0.0692093978907985,0.07941322089675223
0.691507866963619,0.6943784528968987,-0.03451395648205757,-0.0186717255631924
0.7259240142136096,0.7219548266711233,0.03441614724999065,0.037118318409305885
0.6584304290461562,0.6236245868566662,-0.06749358516745341,-0.07383567755309732
0.680894120335384,0.6581868953865301,0.02246369128922776,0.018169359704263706
0.6316194585661536,0.6387975236973931,-0.04927466176923034,-0.03088146587580286
0.7597873595542152,0.7557630777111436,0.12816790098806152,0.12744256238861648
0.6516050434622878,0.6695085298566659,-0.10818231609192741,-0.0998622186174087
0.6566420614758243,0.6517084560528514,0.0050370180135365095,0.006042224585784874
0.7048297157828146,0.693570870948387,0.048187654306990346,0.049905376032773854
0.7209290854133635,0.7333026625692423,0.01609936963054892,0.027923612851522808
0.6444689850198111,0.641080367596427,-0.07646010039355244,-0.07524128159669673
0.6360810157441439,0.5945314710274185,-0.008387969275667206,-0.010789252460320819
0.687681163605665,0.6956130976306261,0.05160014786152112,0.048082571723639694
0.6267144301034162,0.6400800813689419,-0.06096673350224879,-0.06511831291286833
0.7127967819339198,0.687184536634105,0.08608235183050361,0.07677938488302971
0.6573893968106673,0.6359091527934545,-0.055407385123252495,-0.06409370824949698
0.6164497539713458,0.6112261031241059,-0.0409396428393215,-0.05912315662503061
0.6744707492604682,0.6799386332049769,0.05802099528912241,0.068726395578245
0.7214525666040994,0.7236984928522728,0.04698181734363116,0.043740155576793616
0.5663888016501564,0.5968767729827332,-0.15506376495394303,-0.14672978701190234
0.7679989321090706,0.7818912697342844,0.20161013045891418,0.19789651399920785
0.7330662058063134,0.7550490984566376,-0.03493272630275712,-0.01942691784368529
0.7229639210663474,0.7275629924338181,-0.010102284739965994,0.0017378080923447971
0.6664398585528282,0.7059931042080341,-0.05652406251351927,-0.0643958073050399
0.6333161681516393,0.6392869417198528,-0.0331236904011889,-0.021874978055682177
0.6325012950201996,0.5986988967428116,-0.0008148731314396862,0.0033290788386108137
0.6757230351113584,0.6822855711966931,0.04322174009115887,0.042627397619759894
0.6405305539808894,0.6466880104066389,-0.03519248113046902,-0.031517465318788976
0.7094045682391541,0.7077259716033626,0.06887401425826467,0.06205467986077003
0.6528628804039338,0.6563979501210853,-0.05654168783522029,-0.06247309719287548
0.7785568916664553,0.8121286040079215,0.12569401126252144,0.12649759945660713
0.6077803160124611,0.5888094946953248,-0.17077657565399418,-0.16221495831384508
0.7322617906083745,0.7652244069920704,0.12448147459591341,0.12582183629063592
0.7046761325813939,0.6954121089299599,-0.027585658026980542,-0.02584004445293193
0.6926651957975498,0.6795332137266156,-0.012010936783844128,0.016480886437406084
0.730266326322206,0.7431248827033129,0.03760113052465619,0.033576957502862756
0.594546826029857,0.5952976900532811,-0.13571950029234903,-0.13565878729220746
0.690012568878564,0.710258766745457,0.09546574284870701,0.08603349555332467
0.6738908395755654,0.6777480031373833,-0.0161217293029986,-0.022599226449267033
0.7124074979578348,0.7239152813001745,0.038516658382269364,0.026241201287961806
0.7210043548537596,0.727251420552269,0.00859685689592482,0.0033635685164502367
0.7164223427413359,0.6972903849650545,-0.004582012112423706,-0.010654775212877093
0.6294626408181662,0.6214618345021186,-0.08695970192316971,-0.10280275589547669
0.7564369442258436,0.7824510591087739,0.12697430340767746,0.14275672381762516
0.7268872717461924,0.7497256614625554,-0.029549672479651234,-0.024596328362872774
0.5923369571538906,0.5838336095369071,-0.13455031459230182,-0.1318855506805416
0.7557403428909618,0.7392760956577289,0.16340338573707125,0.153838075561319
0.6584498516156169,0.6355465129216086,-0.09729049127534495,-0.09473834330165662
0.6369643832456264,0.6384948852820714,-0.021485468369990435,-0.020535764779744985
0.7165448443829182,0.6873329449445458,0.07958046113729178,0.09755500177503369
0.6794394930151241,0.6770678207562971,-0.03710535136779414,-0.024022043176525114
0.6818699297770106,0.6630788015019741,0.0024304367618864786,0.0007296258296468244
0.6811519059486641,0.6810078656290613,-0.0007180238283464035,0.007947954557549382
0.7266092724162936,0.7366363121000389,0.045457366467629434,0.05851338726636533
0.7375856898687471,0.7287493284639306,0.01097641745245348,0.019294807006154005
0.7217069862849068,0.7263341854764551,-0.015878703583840248,-0.006166516119106822
0.7375142117498737,0.7322536130704331,0.015807225464966934,0.023270589261544947
0.7334565130667329,0.7137266551662642,-0.004057698683140876,-0.006594631348251253
0.6837112288005763,0.67525228392466,-0.04974528426615654,-0.052430351157990454
0.676643366638438,0.6899195447419507,-0.007067862162138283,-0.012136023128353057
0.7213600732134704,0.7193023513899216,0.04471670657503235,0.04219961340092178
0.6746775184951012,0.6357226277025274,-0.04668255471836924,-0.03504667986684413
0.7114106889487104,0.7250299209281059,0.03673317045360924,0.04380869508012703
0.5686734888034133,0.5814078664163705,-0.14273720014529712,-0.1397388118030833
0.6809174521187817,0.6558215426706943,0.11224396331536846,0.10260093500399084
0.725710924092509,0.7371192378458977,0.044793471973727295,0.02739076181692686
0.7328751287214784,0.740982405184411,0.007164204628969384,0.002902809614184063
0.725229167982644,0.7574086684682847,-0.00764596073883439,-0.024828339411695627
0.6228519190521661,0.6409058195149159,-0.10237724893047795,-0.09000405444029222
0.6782970037984499,0.6827673854108544,0.055445084746283846,0.05446972213403383
0.6647577627724776,0.6297537254985704,-0.01353924102597237,-0.012626730124245809
0.6362617569334297,0.6204783463831205,-0.028496005839047878,-0.03587201792921756
0.5858082913947211,0.6088415902092738,-0.05045346553870855,-0.05476720160216232
0.6817322942604119,0.6683128523496078,0.0959240028656908,0.08909586962741904
0.600610766821725,0.643320267033858,-0.08112152743868695,-0.076670082903282
0.7088475013562233,0.7156818015390837,0.10823673453449834,0.10979173580951848
0.6466322506729061,0.6232117333976761,-0.062215250683317236,-0.07416463212780022
0.6747539797073289,0.6605307439874023,0.028121729034422782,0.010757333412623683
0.8010015335090005,0.7933863947625627,0.12624755380167163,0.13299405461569516
0.6613830222899613,0.6349280973531906,-0.13961851121903923,-0.16494034840824348
0.7663957508316771,0.7492351594432892,0.10501272854171584,0.09926229797953297
0.7174613617591462,0.7569768408917564,-0.04893438907253089,-0.07966031629837708
0.6693927511182982,0.6377055081264169,-0.048068610640848,-0.040985148360402825
0.5948628072534601,0.5599943834279116,-0.07452994386483813,-0.07240012962530878
0.6798680415062527,0.6981098680292015,0.0850052342527926,0.0748938494080017
0.7293089173321756,0.7091695716021702,0.049440875825922936,0.043988096447732265
0.778239736480428,0.8082376473595623,0.04893081914825237,0.06233133434733487
0.7649210888201722,0.7334053048181611,-0.013318647660255811,-0.018045798168370923
0.6969286612318848,0.6929959333250085,-0.06799242758828739,-0.07400061426716177
0.7509928191159828,0.7498346611086462,0.05406415788409802,0.03935563220304175
0.7695057711404867,0.7552180284813889,0.01851295202450387,0.02200155810224085
0.699217113334255,0.7207959227860292,-0.07028865780623172,-0.06543140512507979
0.7451626821842265,0.7689965122835651,0.045945568849971585,0.0416495633866875
0.6615858908728048,0.6521369025382298,-0.0835767913114217,-0.0773309918061008
0.7370995981058623,0.7251545945460843,0.0755137072330575,0.07071298548149205
0.736062634960205,0.7594174070337097,-0.001036963145657377,-0.007843346549407472
0.683205087400537,0.7169040257789513,-0.05285754755966798,-0.043713501335699664
0.6677143989587173,0.6886814817713107,-0.015490688441819667,-0.0038211243683409484
0.7338273995817373,0.75141925007649,0.06611300062301995,0.07846217961052544
0.7206190879231508,0.7122565546192519,-0.013208311658586491,-0.020153680558864885
0.6767516152457276,0.6786694735906996,-0.04386747267742319,-0.059416677566450804
0.6932374470881199,0.6932211008864635,0.016485831842392273,0.037937035256960655
0.7256010648598755,0.6903612818246433,0.03236361777175567,0.0327989233681245
0.7204706044230653,0.736371175752952,-0.0051304604368102025,0.00041041810694170556
0.6215531564369385,0.6316231349169638,-0.09891744798612678,-0.1009243885376244
0.6890294220794531,0.6831489831125469,0.06747626564251452,0.06885725603708469
0.6948670173306178,0.6960674838867172,0.005837595251164784,0.011361143141594313
0.648241447730263,0.6427015693993839,-0.0466255696003548,-0.060079349253261395
0.7686195555919156,0.7587935145319489,0.1203781078616526,0.13010528077594888
0.6577431564621488,0.653340980959404,-0.11087639912976688,-0.10180850833406374
0.7647294436835139,0.7888075964978215,0.10698628722136516,0.10344610423028767
0.7380591600806257,0.7278357919783341,-0.026670283602888256,-0.022433301593017832
0.5898199633270182,0.5797727241843694,-0.14823919675360742,-0.1454963134684321
0.6979069217900502,0.7010608698807912,0.10808695846303196,0.09325687889001524
0.7026171693472149,0.7105119581223718,0.0047102475571646485,-0.0009267272982277919
0.7133334658913542,0.7033370481331899,0.010716296544139303,0.014145179737511464
0.7234153599036427,0.7372643403694721,0.01008189401228854,0.01572508004196433
0.7238687870867015,0.7321491944942312,0.0004534271830588521,-0.0009990323611893835
0.6454907891397212,0.6261502323105025,-0.0783779979469803,-0.08307639815379758
0.7887929999532637,0.7873735673708654,0.14330221081354244,0.14375293181814028
0.6942230283458974,0.6978653288269551,-0.09456997160736624,-0.09774407002927588
0.6958100594093046,0.6808401603663872,0.001587031063407185,-0.0021822484541376697
0.75628137084329,0.7395763918203178,0.06047131143398532,0.05251584345526834
0.6883101512853862,0.695537276301302,-0.06797121955790375,-0.0759390507816801
0.7216650797756381,0.7279498345346407,0.0333549284902519,0.02513568347796885
0.6892260324172966,0.6969919662461166,-0.032439047358341466,-0.03598722734536076
0.7116269209880738,0.7200262878855608,0.022400888570777155,0.025751726439203364
0.7100493329747729,0.6941684074241976,-0.001577588013300879,0.013558933886610091
0.7660431019332199,0.7362221936428526,0.05599376895844699,0.03311361690482924
0.7065650533953334,0.7115042852433556,-0.05947804853788652,-0.06704853568081083
0.7429633999801493,0.742951468468026,0.03639834658481589,0.05177959772075327
0.6734063689504868,0.6731761052266165,-0.06955703102966249,-0.06051196423822268
0.7318795864787369,0.7286647372368428,0.05847321752825008,0.04231161703071784
0.8043546120001548,0.7995681069533553,0.07247502552141794,0.07042115872800556
0.7481223082637701,0.7571634530103555,-0.05623230373638466,-0.05371796563432975
0.7791320449213007,0.7755029892624581,0.031009736657530595,0.048705869551841585
0.7695368885885846,0.7759975945074082,-0.009595156332716126,-0.0004052888371529721
0.7401827162690269,0.7414204875755708,-0.029354172319557725,-0.03893305676260942
0.7012820250997112,0.6739326914546858,-0.038900691169315715,-0.027781967523394555
0.7354730057593778,0.716958929684431,0.03419098065966664,0.04775163566802115
0.6524398502090697,0.6570472600315913,-0.0830331555503081,-0.09564781065037181
0.7885336850755047,0.7878370780176102,0.136093834866435,0.13140808383732808
0.6248430436479202,0.6406210925984268,-0.1636906414275845,-0.18110399236012747
0.6622492463892455,0.6393215972122727,0.037406202741325334,0.037345894937144304
0.6963480017297383,0.6823849734154809,0.03409875534049278,0.0328394791281455
0.691170580462728,0.6360613423067223,-0.005177421267010374,-0.009518079671599625
0.7488620051816971,0.7421437955726776,0.05769142471896915,0.049800976599387335
0.7385560651224004,0.7165169801888182,-0.010305940059296748,-0.013346143850018394
0.6948387782451318,0.6889371758044923,-0.0437172868772685,-0.05120897597953929
0.7673101083864914,0.76903354382128,0.07247133014135954,0.08257456291403631
0.6697407240312563,0.6694784821878738,-0.0975693843552351,-0.0933039714880388
0.7069549578612584,0.6892543938425311,0.03721423383000211,0.03114772435676281
0.7311026353906919,0.7518374488840308,0.024147677529433476,0.007580493647181965
0.7433226512624124,0.7719820120798274,0.012220015871720502,0.007704354632268336
0.7102483523548938,0.7193315197393273,-0.03307429890751856,-0.02511239463488523
0.6914252484795692,0.6796040775203386,-0.0188231038753246,-0.014229068563191921
0.7237259216572421,0.7252766439220986,0.032300673177672934,0.036998005347280045
0.6583297385431808,0.6551636661081978,-0.06539618311406137,-0.07932978648649514
0.7260952216976131,0.7751980121800974,0.06776548315443232,0.08279814423433618
0.7785467263807188,0.7545260157532581,0.052451504683105665,0.06848639240158816
0.6717068352740502,0.6606645960958819,-0.10683989110666858,-0.1139850460696418
0.6977636583236724,0.7127240966465603,0.026056823049622202,0.03714312251981755
0.6441603339899155,0.6584719306567554,-0.05360332433375692,-0.05754934086920019
0.8248677869565886,0.80301310164821,0.18070745296667312,0.18329658416483224
0.7177598241763229,0.7164373518178468,-0.10710796278026569,-0.11149054239945
0.7709977052534891,0.7199286863672392,0.053237881077166205,0.0509493820776169
0.7308325184576565,0.7460445220933472,-0.040165186795832586,-0.032763254091272044
0.702494212399998,0.7262403984373691,-0.028338306057658524,-0.01795984179382023
0.684195234265022,0.6855411842432765,-0.01829897813497594,-0.002439700237634738
0.7640687046821386,0.7548252027912805,0.07987347041711657,0.07016321013554176
0.6846487916742261,0.6484865497747687,-0.07941991300791251,-0.09768918430931023
0.7301933638849664,0.7531680272546469,0.045544572210740264,0.051531689855002276
0.7358502996392667,0.7566747816212169,0.005656935754300374,-0.00266887184109706
0.7625039270267376,0.7401802109369006,0.026653627387470902,0.011282784941654238
0.7904118256045195,0.8220538425306686,0.027907898577781864,0.02303439511252836
0.7308175600632255,0.7198588859716593,-0.05959426554129399,-0.07124828588129578
0.6806605376719593,0.6589546477804474,-0.05015702239126618,-0.050927854537929175
0.7381495069848033,0.7423349393311928,0.057488969312843974,0.06446099185022572
0.7882475569193234,0.7867582621135234,0.05009804993452005,0.05071918066240457
0.6241347437367708,0.6189770006922982,-0.16411281318255255,-0.1639987780929512
0.7724264867979003,0.7359039867531203,0.14829174306112947,0.15279994891641524
0.7122293207786862,0.703487531872678,-0.0601971660192141,-0.07062641124470498
0.7436252158172404,0.7581673113047114,0.03139589503855422,0.05297282168160465
0.6971774314775875,0.7324823940762109,-0.04644778433965291,-0.04386124586839586
0.7292593917411199,0.680361303692841,0.03208196026353238,0.023996744859696224
0.6587218149155124,0.6571224700105576,-0.07053757682560746,-0.06862482622246938
0.7699519044094502,0.8019066093077689,0.11123008949393776,0.11012161711729865
0.6491005892567004,0.6262217434807058,-0.12085131515274972,-0.1049076571229353
0.7705501807164694,0.790550885538357,0.12144959145976897,0.12659328958747498
0.6982528747185807,0.661330537946606,-0.07229730599788875,-0.07369397296717861
0.6158730949735184,0.6311315310960224,-0.08237977974506228,-0.09367829672719089
0.7446291907655511,0.7370599389781906,0.12875609579203273,0.12635811960925578
0.7701080161939671,0.7713452097513783,0.025478825428415952,0.04226412533469294
0.8083507960341011,0.817688199850367,0.03824277984013402,0.04292139048405277
0.7713281034334023,0.7399448115445084,-0.03702269260069879,-0.018809103676429503
0.7029186079438425,0.6730315353352513,-0.06840949548955977,-0.06632257650063014
0.7708754155701113,0.7831731043058332,0.06795680762626877,0.06606939462198025
0.7571236070791119,0.7625148300979915,-0.01375180849099944,-0.005391453886763818
0.7293728740619412,0.7212706802646802,-0.02775073301717068,-0.0163994648415223
0.7710815019107211,0.7559033639526551,0.04170862784877993,0.05107749731486824
0.7326958792498274,0.7305890029006848,-0.03838562266089374,-0.030014031327206387
0.7124742016590779,0.703012017085404,-0.020221677590749443,-0.017705470669286835
0.750024777336923,0.7317490784361963,0.03755057567784503,0.021957562806037112
0.6207787916475606,0.6351604665478083,-0.1292459856893624,-0.12868722159995244
0.8233576661502928,0.8143144642228772,0.20257887450273226,0.20876614162523568
0.6083859915053897,0.6332565917410803,-0.21497167464490308,-0.21059335650550193
0.7274637379159831,0.73989902630722,0.11907774641059332,0.14514423854298913
0.759975810555835,0.7581615805791733,0.0325120726398519,0.04280286024083555
0.6654870352012751,0.6615758079808483,-0.0944887753545599,-0.08987047925735057
0.6950281241504179,0.6849424814143166,0.02954108894914287,0.03502737013077764
0.7486772628962107,0.7954804704851846,0.0536491387457928,0.04274656290611407
0.6680910030466501,0.6616450422916111,-0.08058625984956058,-0.06285636903858983
0.7179687864980702,0.7304101389851125,0.04987778345142002,0.053899770381603485
0.6863706671101681,0.655566919751255,-0.031598119387902024,-0.017782424627894443
0.7423905057050204,0.7708597572118283,0.05601983859485227,0.05385242753039621
0.8027962818601723,0.8072574388116702,0.06040577615515186,0.07277609690173514
0.7854279835684,0.7611111216091585,-0.01736829829177222,-0.025028174287503764
0.831387627001188,0.8420751106152403,0.04595964343278791,0.04891995470226787
0.6958354481666563,0.6839258777134709,-0.13555217883453163,-0.11355240107555087
0.7190595090050226,0.7371756629962906,0.023224060838366256,0.024926472743726332
0.7170362818849966,0.7279935261091128,-0.0020232271200260055,-0.014017187744737303
0.658346125079755,0.6404364333698307,-0.05869015680524159,-0.06993800365621797
0.7815334019599426,0.8014922886972264,0.1231872768801876,0.1293694169247033
0.7280389003896888,0.7225813768163716,-0.053494501570253816,-0.05817583767667443
0.7954185950057903,0.8092203075239062,0.0673796946161015,0.065369332059196
0.7095551737518244,0.7420581517277304,-0.08586342125396584,-0.0681810930091599
0.7481784265148195,0.7490563442302037,0.03862325276299505,0.022499147691206523
0.7150838408115134,0.7060379035612742,-0.033094585703306034,-0.02548557396064686
0.730792968623521,0.7498021703356856,0.015709127812007617,0.010887670040903633
0.6785219750027863,0.6842898240555593,-0.05227099362073473,-0.07077625045116816
0.7539909832992946,0.7099868642573911,0.07546900829650827,0.05894234117007582
0.8483248288414691,0.8618861378776226,0.0943338455421745,0.09027489974509441
0.7684134322357682,0.7538475731227955,-0.0799113966057009,-0.07161540867430248
0.8210849047422845,0.8388553151230238,0.05267147250651627,0.03203205566890484
0.7330809865163546,0.6965919336891462,-0.0880039182259299,-0.06253426596352063
0.7861789045466946,0.7902787297720515,0.05309791803034003,0.05594397240361506
0.6802760064155887,0.6769863947541179,-0.10590289813110587,-0.0882700674520524
0.6943058479917777,0.7231990636265865,0.014029841576189028,0.005265219516303116
0.745428458750385,0.7346856991349647,0.051122610758607245,0.0672532776653104
0.7557378670470536,0.7909639043374521,0.010309408296668598,-0.005889630646903031
0.814808682627318,0.8215830276635091,0.05907081558026439,0.06165621262947543
0.7938013778376081,0.7786338860115422,-0.021007304789709913,-0.019631708266331177
0.724814945766233,0.7295221375652947,-0.06898643207137511,-0.05991066032597342
0.7730609574787469,0.7898217266134056,0.04824601171251397,0.05325462722204532
0.781596652651627,0.7796270132307661,0.008535695172880109,0.013727944125297062
0.756586825821817,0.7252983963896018,-0.02500982682981001,-0.04192460662843191
0.72702180972208,0.7277962409658356,-0.02956501609973705,-0.01850876234389146
0.7222943731757008,0.7109221070049747,-0.004727436546379193,-0.020669327396551192
0.8378600129828615,0.8542039494420866,0.11556563980716072,0.11658831855680742
0.8355511573728732,0.8130607564276451,-0.0023088556099882807,-0.008227032149681743
0.7468068926518167,0.748194106107393,-0.08874426472105656,-0.09304725797492201
0.8155986447463957,0.823864270720302,0.068791752094579,0.0747339726725538
0.8238769426215797,0.8134377719458001,0.008278297875184082,0.01598937653394446
0.7727368251775489,0.7988623941328026,-0.0511401174440308,-0.06519708676085544
0.7323299594227326,0.7828322326052239,-0.040406865754816335,-0.038743145937714066
0.7441320734056782,0.7444847316661395,0.011802113982945617,0.012573321132811576
0.7945099164866943,0.8034814706247732,0.050377843081016116,0.04336971787458508
0.7731541358832429,0.7827059976371813,-0.021355780603451446,-0.033042320245924184
0.8089131348060912,0.830308355683385,0.035758998922848284,0.026110613866959613
0.7079890689878129,0.7018663192241434,-0.10092406581827829,-0.10235209385807627
0.7310148961096345,0.7141345229022653,0.023025827121821663,0.0155711445623994
0.7871446185585965,0.781783872633973,0.05612972244896197,0.06387331185979504
0.6943996645332573,0.6924875104526923,-0.09274495402533922,-0.08809112949933812
0.7958414683227967,0.8101803023713653,0.10144180378953938,0.1120543279299353
0.7953702804743377,0.813485252756208,-0.0004711878484590093,-0.005274573169784383
0.657068112038039,0.7012987797726984,-0.1383021684362986,-0.1378845208713773
0.8027503795301489,0.8007483807734828,0.14568226749210988,0.14338511570981188
0.7822323193394317,0.7678835836212277,-0.020518060190717224,-0.01775297596960796
0.7802568291120647,0.7745301310766103,-0.0019754902273669828,0.012720859500452347
0.7607294494763579,0.7465990865303685,-0.019527379635706832,-0.017316490309074863
0.7753164171850706,0.7758383409925432,0.014586967708712706,0.002370454734249563
0.7288350114965457,0.7485267968443982,-0.04648140568852488,-0.0466308790593602
0.7455175228314116,0.7255859374473727,0.016682511334865868,0.019107590840808528
0.7839016575116208,0.7798224530725602,0.03838413468020918,0.04654595292279677
0.761082695223715,0.742877167159527,-0.02281896228790581,-0.025271787251503326
0.7153876408129887,0.7184280047632803,-0.0456950544107263,-0.04922672787562228
0.8198512988566138,0.8372792317674697,0.10446365804362512,0.10721508904203357
0.7655327279583084,0.7495700619411559,-0.054318570898305385,-0.03326717951270476
0.7546733063617946,0.7433909662931101,-0.010859421596513763,-0.007329046654614428
0.7701359234426556,0.7690613955485461,0.015462617080860941,0.011255768446048645
0.7920889118577782,0.8137954259527022,0.02195298841512261,0.02292142764124283
0.713334205865047,0.7268556905294327,-0.07875470599273116,-0.06561794636382745
0.7801434269238345,0.7843560514617015,0.0668092210587875,0.0642800244389425
0.7950631455034975,0.7841393543291274,0.01491971857966301,0.019898436633668908
0.7654017557488563,0.7861748613379876,-0.029661389754641276,-0.043789422341492135
0.778695709328302,0.759141006258813,0.013293953579445739,0.013904852324180981
0.7584590238184085,0.6961077020161602,-0.02023668550989355,-0.020086411543180322
0.840587438712309,0.8444382976825696,0.08212841489390055,0.09421137536260295
0.6876248312757554,0.6839064162360313,-0.15296260743655365,-0.1523615769465832
0.716749274184567,0.7068798070023018,0.029124442908811665,0.02595878007520473
0.7395162267356288,0.7631957212383206,0.02276695255106176,0.02283396108680809
0.7265285711131637,0.7534170983394902,-0.012987655622465066,-0.009153351837233696
0.7288386087874826,0.7018695810603927,0.002310037674318921,0.009300241695444399
0.8222296487220432,0.8007312441774431,0.09339103993456055,0.09854347867090825
0.8069063741471271,0.7837477138436805,-0.015323274574916113,0.002784636471521603
0.7518114479756188,0.7764533158274588,-0.05509492617150824,-0.03493539053718626
0.8194473152098376,0.8355830122121966,0.06763586723421877,0.06748747875717426
0.7621079076234945,0.7591824262444907,-0.05733940758634315,-0.06258169320095203
0.7650312295650687,0.7911293650424891,0.0029233219415742973,0.005798965778485001
0.7492589197769572,0.7525177779450342,-0.015772309788111505,-0.004928868650166231
0.7842521012018401,0.7846477650533843,0.034993181424882835,0.02009242312501002
0.7742720661368904,0.7753584249082826,-0.00998003506494971,-0.014026564825380354
0.8183788988909393,0.8181623085337062,0.04410683275404892,0.04254012342519128
0.7352085819565937,0.716765756415056,-0.08317031693434562,-0.08182950804556118
0.8315444761100308,0.7954817627436257,0.09633589415343713,0.0995288684728965
0.7863273873844345,0.7836334624966282,-0.045217088725596266,-0.057278143464132236
0.8257934733786539,0.8352934441800698,0.03946608599421941,0.05793515699877999
0.7644559740293885,0.7389872465311403,-0.06133749934926547,-0.06044495312943475
0.7402141644711745,0.7066098619725595,-0.024241809558213978,-0.02433375382335678
0.7263639769632313,0.7570192232913416,-0.013850187507943201,-0.011155225786987103
0.7684439074726527,0.7834833355740639,0.04207993050942138,0.04609648713839512
0.7861583910598242,0.7943223550068883,0.017714483587171537,0.018540692914508036
0.7042117622404633,0.7052827449025136,-0.08194662881936088,-0.07794461444155971
0.7233204465955343,0.7342415937551575,0.01910868435507096,0.009523420691507462
0.7885267084142004,0.7745029938821353,0.06520626181866607,0.07149610338813724
0.734358224296264,0.7177565272313002,-0.0541684841179364,-0.04013154539766469
0.8624243597236281,0.8905621316115087,0.12806613542736411,0.11872052671824213
0.7233703022190064,0.7152527180771937,-0.13905405750462163,-0.13581055328052885
0.844084184964123,0.8649257369389138,0.12071388274511652,0.1268862986570584
0.7425323621546017,0.7673974486213672,-0.10155182280952124,-0.11304757343263591
0.8093936007365963,0.810992917241991,0.06686123858199455,0.07133908147150317
0.8731178596299064,0.8672392123590673,0.06372425889331013,0.07462493590885605
0.7324111554141465,0.7814864805626798,-0.14070670421575993,-0.14197645025071612
0.7483616143657672,0.7453656053979022,0.015950458951620727,0.00878842357588321
0.7826776954834777,0.7662983063127817,0.03431608111771045,0.04256701733276522
0.7810603572696477,0.7447179659548078,-0.001617338213829922,-0.007707760372761802
0.661976117320024,0.6522882113606192,-0.1190842399496237,-0.12096180170617361
0.6812958474033248,0.6959798493807996,0.01931973008330079,0.02217377050344279
0.8579360100097454,0.8432827185812618,0.17664016260642057,0.18570313392774174
0.7751071974757519,0.7673215907709259,-0.08282881253399355,-0.07906138230095609
0.7373395695039523,0.720981399659162,-0.037767627971799556,-0.02630202782368114
0.7608668037308586,0.7957028402474965,0.02352723422690628,0.018883611107150106
0.8705447294066408,0.8572745310928416,0.10967792567578227,0.11325517678449074
0.8132611148017544,0.8065186202168633,-0.0572836146048864,-0.06572681513096644
0.7922998944669317,0.7950053499781691,-0.020961220334822728,-0.03562450365274323
0.8273717680776336,0.8218558252351142,0.035071873610701854,0.05026105419027946
0.8403318774537979,0.800951077490613,0.01296010937616432,0.0015596270992410434
0.8294282017845278,0.8071790281621436,-0.010903675669270085,-0.019069682275538215
0.820645003846366,0.8597524058626735,-0.008783197938161846,-0.011869651550568136
0.7960857398283321,0.8275053142207153,-0.024559264018033877,-0.00849035390469503
0.8940737673650969,0.8875651390991831,0.09798802753676483,0.07988014590267888
0.8567565927911378,0.8733576056042234,-0.03731717457395911,-0.04228880736039621
0.7128959364518958,0.7021984650125106,-0.14386065633924205,-0.12534362749547187
0.8494353958615065,0.8307019026769954,0.13653945940961076,0.14782437759081485
0.8331614285770474,0.8424284368356085,-0.016273967284459068,-0.0037374806175826773
0.8135825938194525,0.8300970336222743,-0.01957883475759492,-0.02237075244406289
0.8334408141861792,0.8467034321322556,0.019858220366726687,0.014520094104644417
0.7786164488224447,0.7580152321426232,-0.05482436536373447,-0.05228540259483422
0.7056626462345201,0.7003003409959165,-0.07295380258792461,-0.07207341841035078
0.7265734788924497,0.753034306753765,0.02091083265792959,0.0214763350089044
0.734793386326435,0.703760300023532,0.008219907433985263,0.018184072344561153
0.7705913492467225,0.7725358545905747,0.035797962920287474,0.047673103370061296
0.7643987712459507,0.7454483002062234,-0.006192578000771776,-0.003920103207921565
0.7589245197184252,0.7078163282239216,-0.005474251527525453,0.004106020942495032
0.7590256470588441,0.7691507477256296,0.00010112734041889393,-0.0023896743590277815
0.7918609020470488,0.7921546519571173,0.03283525498820472,0.037479373716255315
0.7768112327888287,0.7907762833080104,-0.015049669258220155,-0.014132614216904064
0.8151061393356291,0.8316943521324447,0.038294906546800456,0.038931382575731636
0.804294751127879,0.8022015732632879,-0.010811388207750183,0.010068950756835289
0.7364071050864167,0.7391334109429231,-0.06788764604146225,-0.07192876868283044
0.8033369097463304,0.7928662098215434,0.06692980465991372,0.07029362416473214
0.8014615515212222,0.8267241341817638,-0.0018753582251082035,-0.004629156632722757
0.7229514028454123,0.716576779100609,-0.07851014867580997,-0.06321618600783753
0.841205085624051,0.8497312928507439,0.11825368277863879,0.136122882510802
0.7915071113976224,0.7915690242674133,-0.04969797422642863,-0.04537623461149396
0.734491399832449,0.7190564671292626,-0.05701571156517338,-0.05321151560164902
0.8750624659911688,0.8698285858699595,0.14057106615871973,0.13866221940709816
0.7812204700398722,0.8014685343498612,-0.09384199595129661,-0.09118023268752946
0.7129122806328059,0.7165361655857619,-0.06830818940706629,-0.07282083233134357
0.7215396243413097,0.6975749369719398,0.00862734370850382,-0.0020526947730467905
0.7360189160963371,0.7187064948962171,0.01447929175502738,0.019298437497784683
0.8616071832078487,0.8819288125629584,0.1255882671115116,0.1327394166478605
0.8360340928703236,0.8208971937501129,-0.025573090337525084,-0.031008345421325467
0.9312549412057018,0.9362337739029427,0.09522084833537825,0.09515060075435877
0.7670974152389485,0.7981730880633332,-0.16415752596675337,-0.16681340712650594
0.7847079541806959,0.7866046050848702,0.017610538941747467,-0.008754193915520583
0.8063890513785644,0.7930940234915175,0.021681097197868482,0.010436176713010283
0.7761740773728534,0.7421055178032714,-0.03021497400571105,-0.05068210420736833
0.8702011472613759,0.8540439998334718,0.0940270698885225,0.08509545510762062
0.7975425350466815,0.8155411268489543,-0.07265861221469438,-0.07415523826664404
0.7954423814682865,0.8205512577466899,-0.002100153578394992,0.0020062482429750493
0.8435336470204418,0.851482700638574,0.04809126555215526,0.05451221864583803
0.8639442517465541,0.8505563361407771,0.020410604726112336,0.017611376717490083
0.891611892490999,0.9051462795511238,0.027667640744444943,0.02931319724748446
0.8310259062431283,0.8718030527539635,-0.060585986247870705,-0.05506895641296958
0.8682613712655419,0.8439652538730458,0.037235465022413594,0.050287579335586384
0.8263687479534064,0.8233361121509137,-0.0418926233121355,-0.0510810937245884
0.7298168471030312,0.7109024612311488,-0.09655190085037524,-0.09748410857020942
0.7419883856915266,0.7639444420443849,0.0121715385884954,0.004618576007167695
0.7659264244638041,0.7664976841564667,0.023938038772277515,0.01947742041230046
0.8574546097031809,0.8667318612323074,0.09152818523937678,0.09315964253284961
0.8362887860695877,0.8346370759922,-0.021165823633593206,-0.018122638821008053
0.8216865395166426,0.854219892131223,-0.014602246552945064,-0.014333432939495742
0.7904070921832503,0.7759432946265891,-0.031279447333392274,-0.018351550879317266
0.8492635486644886,0.838092638401034,0.05885645648123827,0.04988325642119695
0.9054282889082277,0.9499888186794064,0.056164740243739075,0.06064353531085309
0.8143890854531741,0.7668185555222635,-0.09103920345505356,-0.09556385334485228
0.7916785603931795,0.7901934333515694,-0.022710525059994602,-0.005784180535938415
0.7372392753351437,0.7091110342214323,-0.05443928505803586,-0.05714749651305685
0.8536058809588649,0.8449216172623514,0.11636660562372125,0.12085208417650026
0.8256065496014972,0.8052338657166257,-0.027999331357367763,-0.03150432283326419
0.8493338901193034,0.8472461366859134,0.023727340517806228,0.032058153124183905
0.7653105654836246,0.7488217594248185,-0.08402332463567874,-0.0758046246397773
0.7740990142545386,0.7749256911517719,0.008788448770914004,0.003386313245814566
0.7911398838961496,0.7770750851425864,0.017040869641611,0.01819365979789576
0.7919766411608508,0.803076372503197,0.0008367572647011157,0.003137449999557598
0.8501375705781266,0.8260065958152933,0.0581609294172758,0.04751225663084084
0.8631037723005116,0.8536960401753888,0.012966201722385051,0.01932161553552672
0.7356738049134082,0.7533419272013792,-0.12742996738710344,-0.13576154649623098
0.846850263482355,0.8417210874039409,0.11117645856894687,0.1292658010586069
0.8336355401105051,0.8457964920114945,-0.013214723371849924,-0.013775555483815871
0.8521925563495192,0.8227920711957017,0.018557016239014068,0.002662252678649571
0.751034909443707,0.741804618620394,-0.10115764690581219,-0.1117652501742682
0.816523373950415,0.8315306609384864,0.06548846450670798,0.060587142495555274
0.7870394626469219,0.781597548207254,-0.029483911303493038,-0.034977700723493516
0.8294181932398452,0.8447351391111496,0.0423787305929233,0.03880268626777678
0.777987207555122,0.7570151229690502,-0.05143098568472326,-0.05283742657019883
0.8194590111569005,0.8313874422896145,0.04147180360177849,0.04431309104845407
0.7522776683339842,0.7843890518629283,-0.06718134282291621,-0.08164153555457676
0.8139532785692641,0.8178531209208396,0.0616756102352799,0.05120177141966318
0.7784776647039645,0.7698578311081574,-0.03547561386529963,-0.045080139070826586
0.8024800398099039,0.8090046855385672,0.02400237510593939,0.021502685414784478
0.8780717046031206,0.8906476287742615,0.07559166479321666,0.0615903510945421
0.7670018526402744,0.7669138859084824,-0.11106985196284613,-0.12080888285940541
0.8480207317437979,0.8321502499607384,0.08101887910352346,0.07521942240016621
0.7851147256150078,0.7753406662875159,-0.06290600612879005,-0.057994218255748686
0.8807024583692804,0.8821062812292683,0.09558773275427257,0.09965288212453166
0.811808457629891,0.8084625931326369,-0.06889400073938945,-0.05910496979744675
0.8273501808494123,0.849744179590647,0.015541723219521297,0.009060057370970764
0.8203097118979156,0.7944108537764605,-0.007040468951496681,-0.013858757343134999
0.9258097679299485,0.9226167868554009,0.10550005603203294,0.10678565174925096
0.9053307185357012,0.9102580245519566,-0.020479049394247273,-0.028220193836471133
0.8466249017302133,0.8631907743975054,-0.05870581680548792,-0.055143652540150065
0.8995005239138232,0.8888915590483962,0.05287562218360986,0.05872450960058683
0.7008361802670965,0.6973547620615398,-0.1986643436467267,-0.19233321158493433
0.7401136978370954,0.7581437901883697,0.039277517569998865,0.02915223729149837
0.903826025668213,0.8901508585286162,0.16371232783111767,0.16393539002624993
0.943731332004288,0.9379280661336902,0.03990530633607503,0.05588334902775158
0.7632519058947164,0.7700122813103573,-0.18047942610957168,-0.16890940803376453
0.8853077547817785,0.8888105551791412,0.12205584888706211,0.1251223873912199
0.9289201762559887,0.9213621300746677,0.04361242147421018,0.04288645806768897
0.8229584316911063,0.8174603258401686,-0.10596174456488239,-0.09788045518521585
0.9115181383032539,0.9064446696218794,0.08855970661214763,0.06743522621974968
0.8771391672622288,0.8962534719131688,-0.03437897104102505,-0.023850329211510205
0.8850706734933471,0.8567479007836328,0.007931506231118268,0.028227215506191332
0.8593004992906967,0.8817970459441865,-0.025770174202650376,-0.012095853712121596
0.7872816320788938,0.7947063931126592,-0.07201886721180295,-0.08888729536502407
0.8533899451122972,0.8598286292855364,0.06610831303340337,0.06816758463209714
0.8108571934740113,0.8168798463240013,-0.04253275163828585,-0.039807145565363244
0.8016080251901061,0.7669230680080397,-0.009249168283905207,-0.010919430064400682
0.9757341076433732,0.9856358325225926,0.1741260824532671,0.17035140651765865
0.8660935720611456,0.822313603855795,-0.10964053558222764,-0.09989240131563404
0.8222151432220116,0.7961515755858317,-0.043878428839133954,-0.0456382264314922
0.7851386001634418,0.7574930113312865,-0.03707654305856978,-0.049623167071530486
0.7835301078171354,0.7988497783383481,-0.0016084923463064449,5.2571822319400895e-05
0.8410631936767914,0.8737554119626194,0.057533085859656,0.06650702058869051
0.7306206897527207,0.7384753848586193,-0.11044250392407073,-0.11360817728514601
0.8061086640533879,0.7996682516219571,0.07548797430066723,0.07916433289953079
0.7867111102739197,0.7819647067382712,-0.01939755377946817,-0.029336285597102586
0.8853216218657701,0.9069632728203726,0.09861051159185041,0.11494562824573637
0.7801436063502203,0.7960163494445284,-0.10517801551554984,-0.10516391406778172
0.8793891773973901,0.8960666704278206,0.0992455710471698,0.10781751362140216
0.8730737623981004,0.8925704250247373,-0.00631541499928967,-0.00276841440278443
0.8743080613657724,0.8910259004036282,0.0012342989676720206,-0.011896658121258992
0.8709695918293615,0.9015579377483538,-0.0033384695364109263,-0.00929573069741578
0.8882700263717593,0.8815821236842061,0.017300434542397825,0.019906728393837503
0.8357271857935658,0.8372151846645944,-0.052542840578193584,-0.051916761456710134
0.8480176514629681,0.8599115044194929,0.012290465669402395,0.01967623233312686
0.8497136821490474,0.867720587069605,0.001696030686079264,0.005520776040948975
0.8779241681286029,0.8780581961421934,0.028210485979555444,0.03640908547565595
0.7128329439368112,0.7158375933382749,-0.16509122419179167,-0.1721824579081187
0.8028380512647081,0.7920079470569577,0.0900051073278969,0.11029866764548689
0.8266785233987238,0.8501431076944066,0.023840472134015744,0.024037621456006353
0.8965674856933169,0.8688272528318535,0.06988896229459307,0.07502794528444325
0.8759080875038633,0.925358374989724,-0.020659398189453615,-0.036866605892762715
0.7831986918148328,0.7786827412325282,-0.09270939568903047,-0.0852080957645307
0.8894480894031341,0.8713217400151916,0.10624939758830132,0.10051431593246009
0.7895318357073327,0.7945135550874135,-0.09991625369580148,-0.1003091520235944
0.8449666138571991,0.824317024946954,0.055434778149866415,0.046660149975263424
0.8412588944944138,0.85321969257804,-0.0037077193627852445,0.007984973351939966
0.7666133132289722,0.7792222172643711,-0.07464558126544163,-0.08541126538412933
0.8125514906991517,0.8107604863771746,0.045938177470179475,0.06490221919956171
0.7810923605868271,0.7831491501214712,-0.031459130112324596,-0.02450991787458493
0.781461898830146,0.7593053427638202,0.00036953824331897867,0.004060308844832951
0.8072852009862056,0.8065926263389185,0.025823302156059547,0.017901931025599276
0.7986228493388405,0.8017227940640036,-0.008662351647365063,-0.008978009628993325
0.9253442047122045,0.920302301277496,0.12672135537336393,0.12918597664607454
0.7814033589429417,0.7999191777719062,-0.1439408457692628,-0.14324327477635643
0.7651916980012242,0.7606016837893148,-0.016211660941717443,-0.03092475347732924
0.7905322281947068,0.8068654760813162,0.02534053019348259,0.01299803951163545
0.8083342482626745,0.7969313030043828,0.017802020067967717,0.030528829336611968
0.8625385903759966,0.8701721956670839,0.054204342113322035,0.0466392078071336
0.8705744256338955,0.8687174164282606,0.008035835257898971,0.0037494162200638805
0.8311727848607878,0.841250278492163,-0.039401640773107705,-0.032682265765067
0.8069333297998454,0.8073203536957162,-0.024239455060942383,-0.03537427958109521
0.8334980649075365,0.8410022410872361,0.026564735107691084,0.028339782443652702
0.8300303911279604,0.8389310317467644,-0.0034676737795761303,-0.006555048243636201
0.8590248743904244,0.8782167656934793,0.02899448326246401,0.050523821085387124
0.9225923028480275,0.8950068684275307,0.0635674284576031,0.039792026543944634
0.786310584167437,0.8040795159713773,-0.13628171868059047,-0.13830872281810438
0.8626218293229347,0.864083415915944,0.0763112451554977,0.0668688875302335
0.8656455035115401,0.8621324373356919,0.0030236741886053853,0.010528389601594183
0.8980874510778778,0.8716075698750584,0.03244194756633767,0.0476534496278615
0.8904633839745947,0.9240354969647331,-0.007624067103283116,-0.002041987750350851
0.7960294994625539,0.7944727071631499,-0.09443388451204082,-0.1031986007349343
0.8764323947116128,0.8704365762583989,0.08040289524905897,0.08206433639956338
0.8720120224268716,0.8809633280508903,-0.004420372284741236,-0.008217745340863614
0.7812942271754307,0.8055430935548142,-0.09071779525144086,-0.08581673711831278
0.8208104880062703,0.8454199982369276,0.03951626083083959,0.06356979559518977
0.8245945818322559,0.8573253370433528,0.003784093825985546,0.015045859885700395
0.8147796662555962,0.8475185392810696,-0.0098149155766597,-0.010998004785888325
0.7981343668511489,0.7851971753140896,-0.016645299404447256,-0.007914335897056007
0.876669166086711,0.882634111906912,0.07853479923556206,0.08674016388203479
0.9180126537115374,0.9445712764878029,0.041343487624826425,0.04081112032746767
0.8482434992813269,0.8325218916964414,-0.06976915443021048,-0.06254047194764584
0.8273322564117533,0.8073545747583384,-0.020911242869573576,-0.02314532456540469
0.8924695813849336,0.9071464184039492,0.06513732497318026,0.06388553438920974
0.9244666583201391,0.8872760896445531,0.03199707693520548,0.05030176124678748
0.8684140133218713,0.8577744409471314,-0.05605264499826779,-0.029195336998095678
0.8956520472211619,0.8964628294186282,0.02723803389929058,0.011191097269001176
0.8159718572856398,0.8478039308627973,-0.07968018993552206,-0.059951957337884026
0.8667456932041181,0.8725750018980328,0.05077383591847828,0.03203190227265415
0.8543336956354186,0.8275115205470096,-0.012411997568699484,-0.009918438545524374
0.9384782941667396,0.9632451555168157,0.08414459853132095,0.08290252035435712
0.914070085044707,0.9248771479854975,-0.024408209122032565,-0.018887534218157497
0.8676924437828936,0.8717331076322171,-0.04637764126181343,-0.05953308693030362
0.8262065331969842,0.8261352554109206,-0.041485910585909336,-0.0453441807661993
0.8270727931461059,0.8446831994562702,0.000866259949121706,-0.019991699207149893
0.9102024360614926,0.8964962476827976,0.08312964291538671,0.0685818089976829
0.8295094601642741,0.8545498097815667,-0.08069297589721858,-0.06579742325458031
0.855854040801614,0.8403569063097164,0.02634458063733991,0.030759788555727134
0.806344287466557,0.8002510727239656,-0.04950975333505703,-0.04953969847936269
0.9010748389994816,0.8940414100049395,0.09473055153292465,0.09678040212076881
0.8061391773083111,0.8144462643665821,-0.09493566169117051,-0.10173906171756228
0.9036819856342299,0.889997634111496,0.09754280832591877,0.09934627496232908
0.86658501029693,0.8626260711446709,-0.03709697533729983,-0.04088755835477794
0.8488599707667376,0.8471065618616741,-0.017725039530192443,-0.02123288899008021
0.8100622390509958,0.8169077234746928,-0.038797731715741746,-0.026410963320953332
0.8123554487366949,0.8080660468990766,0.002293209685699016,0.0007064249001140388
0.8738225269336828,0.855623490249907,0.061467078196987934,0.06128175507052672
0.8946144133449193,0.8838728260961881,0.020791886411236526,0.04024037896529933
0.8669401335020739,0.8639636040430593,-0.02767427984284543,-0.028990188278515565
0.8551121765183227,0.8639098786947655,-0.011827956983751164,-0.01695109350608771
0.8233524405588983,0.8009777180299981,-0.031759735959424384,-0.03566729506353794
0.9202916587617819,0.8913511289504594,0.09693921820288354,0.08727156891331792
0.8282622848915175,0.8177654893402264,-0.09202937387026433,-0.083534377843004
0.9446219347658539,0.9449852476002266,0.11635964987433633,0.11966266078681799
0.8028490255643969,0.7683208460039349,-0.14177290920145702,-0.14684559511939135
0.8209713629311858,0.7967878804896358,0.01812233736678892,0.01171362164165883
0.8227853219927399,0.8055772129093806,0.0018139590615541268,-0.0011946015101349898
0.9249623088593616,0.9446424526811682,0.10217698686662169,0.1029467565309456
0.8466611316645162,0.8730724188321772,-0.07830117719484542,-0.0804845702101953
0.8789292756600329,0.8778117266368881,0.032268143995516696,0.034893932231477076
0.7536628820045425,0.7292666509478847,-0.12526639365549042,-0.12957557610974052
0.9232850403916797,0.9272662017309536,0.16962215838713723,0.17712415738700127
0.8806362516531323,0.8795697490975609,-0.04264878873854738,-0.05256639047569188
0.8563179779375171,0.8451129742730509,-0.024318273715615235,-0.0192214167138479
0.8255543839662678,0.7826285671342362,-0.03076359397124928,-0.035745200698656665
0.8528268478437195,0.8663772383435626,0.027272463877451747,0.015188848244288806
0.8773034865222894,0.8672299470251265,0.024476638678569862,0.05051774349433191
0.8549006251214932,0.8603379926341206,-0.02240286140079617,-0.01336465992427106
0.9154674171454129,0.9017602049224172,0.06056679202391968,0.05385141457656257
0.7762138663999316,0.7751635098025318,-0.1392535507454813,-0.14701955793339877
0.8168160300943854,0.804620500734541,0.0406021636944538,0.03451482381069362
0.8465763447796479,0.8141079063703678,0.029760314685262523,0.031985942270183754
0.8615248883126307,0.8528380997176355,0.014948543532982805,-0.0015295107551705663
0.9260831328544519,0.9303489220801197,0.06455824454182113,0.057020153923853886
0.8210205568019305,0.8156587540498351,-0.10506257605252134,-0.11898386704608546
0.8082150910048305,0.8355612099697992,-0.012805465797100068,-0.023567080069870783
0.9058929214018993,0.90423387430843,0.09767783039706879,0.09232837020202275
0.7692188210850399,0.7422732110892253,-0.13667410031685934,-0.12112209612842231
0.8027659290256908,0.8087885338325251,0.033547107940650855,0.020742403240963825
0.769585962630678,0.7847518728346576,-0.03317996639501275,-0.04343171211464279
0.8183751980026774,0.8278545609022984,0.04878923537199942,0.05883103210516251
0.8772514894334889,0.9037134803012682,0.05887629143081141,0.045687954646269416
0.8543775294555599,0.8278855010953613,-0.02287395997792896,-0.01400571255155854
0.9323805988743223,0.9187894437187388,0.07800306941876245,0.08914254352603157
0.8547332725664173,0.864267235615594,-0.07764732630790505,-0.06441472450983768
0.9685875689786879,0.9598528892000059,0.11385429641227063,0.12369051484810739
0.8542033584049462,0.8260492743527815,-0.11438421057374171,-0.11824113973649643
0.8998750842972103,0.8888672334333885,0.04567172589226409,0.04020195414211608
0.8903347119153416,0.9025177071391969,-0.009540372381868667,-0.02828991090388447
0.8922099316602493,0.9417355401564029,0.0018752197449076746,0.008722746350321414
0.8120632335014226,0.7853941567292115,-0.08014669815882669,-0.07674162535031141
0.7790051368123456,0.8021158701434162,-0.033058096689077,-0.022451865640502167
0.8575764265903777,0.8601700484243189,0.07857128977803207,0.08107815769748031
0.9368615313243445,0.9132103861882331,0.07928510473396677,0.07572215537555962
0.8702349042712159,0.8995883277685996,-0.0666266270531286,-0.06267505433791945
0.9286186965199349,0.8907199674915524,0.058383792248719035,0.04455986558264914
0.7895781344860651,0.7790679447317831,-0.13904056203386983,-0.12262869208076867
0.9090884781644849,0.9053175090961144,0.11951034367841984,0.10929136511736215
0.8907278227731661,0.9414381785074716,-0.018360655391318814,-0.013342743473809836
0.8713763569901258,0.8701385977785175,-0.019351465783040256,-0.0313172040840663
0.9060830538537824,0.9004152555917438,0.03470669686365657,0.023215042501431145
0.8827192959161982,0.8613102492761724,-0.023363757937584162,-0.03797036509357655
0.8609992326325515,0.8334175298455913,-0.02172006328364673,-0.03303586244520614
0.8902555906122264,0.9043249112490267,0.029256357979674852,0.032963066904031564
0.8340518061885297,0.8362300838935792,-0.05620378442369667,-0.038272708668888614
0.8704115768306769,0.8265310133043828,0.03635977064214724,0.036526683716559476
0.9493267806236054,0.9622460765607539,0.07891520379292849,0.07131392973439325
0.8649803549695717,0.8687975758423652,-0.08434642565403372,-0.08509247401467887
0.8630026362151423,0.8731403620498969,-0.001977718754429425,0.00012576909967456805
0.8917255860777663,0.8686141388265981,0.028722949862624025,0.028177132503391353
0.8299301714356162,0.8381531956114289,-0.061795414642150104,-0.06758233101198254
0.9035729484035033,0.9058869763245314,0.07364277696788712,0.06576426055575056
0.8487624695660243,0.8713317876668583,-0.054810478837479026,-0.059589415862190395
0.8751236001751186,0.8893579879565958,0.026361130609094285,0.02190432127287096
0.8975430711388744,0.8682864838780524,0.02241947096375585,0.028040891574918434
0.8384161744985507,0.8329422708989945,-0.05912689664032378,-0.04983302219183945
0.8701870092902587,0.8709995563310904,0.03177083479170806,0.0355665132862877
0.9551241016201352,0.9579264610118006,0.08493709232987645,0.07999404122197974
0.8857302477295985,0.8755431442688142,-0.06939385389053665,-0.05017232548561783
0.8543762099468287,0.8609706530052444,-0.031354037782769795,-0.038167851775064404
0.9333427272304426,0.9182147114090723,0.07896651728361392,0.075466740900063
0.7970235028582341,0.8004546596210489,-0.13631922437220856,-0.14788667170163203
0.8876950276535899,0.8808815951644507,0.09067152479535578,0.0947975745857117
0.8594665785382795,0.8618354050887009,-0.028228449115310417,-0.01887934907099898
0.9198201267044899,0.9195661184550574,0.06035354816621041,0.06558485316231165
0.8671045240059582,0.8910933284709871,-0.052715602698531705,-0.04661276888315763
0.7498181640464113,0.7572415299855714,-0.11728635995954684,-0.11199623620888881
0.8849632446591159,0.8871377330081227,0.13514508061270458,0.1421502760359116
0.9120279677195298,0.9185527218449993,0.027064723060413853,0.03858047157484269
0.8415017094613098,0.8332142822781667,-0.07052625825822001,-0.07065583120673292
0.8169923146204829,0.8147417013523944,-0.024509394840826815,-0.01408694811032745
0.8347489440949509,0.8455243904265499,0.01775662947446799,0.031679564077409496
0.9015908969934294,0.8720736440516064,0.0668419528984785,0.06521408023940908
0.832903266887268,0.8240036604836609,-0.06868763010616141,-0.0658156290521793
0.8447325546885921,0.8561751677734005,0.011829287801324084,-0.004297988223102359
0.9849534183697642,0.968751341375965,0.14022086368117215,0.13728132996987502
0.9224296818024176,0.9384381675702748,-0.06252373656734667,-0.057847088099077425
0.9281676726766803,0.9372392672851126,0.005737990874262744,0.0058476990109288095
0.8520723390355195,0.8690439737849854,-0.07609533364116083,-0.07449132332441666
0.9046734268490009,0.9148820177667214,0.052601087813481384,0.05435618305026013
0.7938034687155584,0.7890055970170003,-0.11086995813344247,-0.10880262302772993
0.8323951302145012,0.8411155550074432,0.038591661498942775,0.0446895211016435
0.8217254792973145,0.8159580941371549,-0.010669650917186635,-0.03465612841662426
0.8539902549001903,0.8489266775692311,0.03226477560287577,0.025470930793241163
0.8748807887492485,0.8776540989760714,0.020890533849058146,0.021687814740066893
0.8709390635575994,0.8739406182886698,-0.003941725191649037,-0.008456505165385344
0.9833100866898469,0.9996759028240725,0.11237102313224745,0.11184945436205396
0.8417587395832397,0.8704672366073879,-0.14155134710660722,-0.13671740295529336
0.9115811432368368,0.885552543845192,0.06982240365359715,0.04875250995954293
0.9854630658213333,0.965473518579178,0.07388192258449644,0.0691459139584277
0.8923262237279754,0.8904331030009831,-0.09313684209335782,-0.07942812412398201
0.9773357352254526,0.9335536381332978,0.08500951149747715,0.10860415316971116
0.8891474124902564,0.9011531619881308,-0.08818832273519617,-0.08450862430907694
0.8834759970145146,0.8830662261470568,-0.005671415475741792,-0.010419983732954656
0.8743068887775615,0.8761588676929315,-0.00916910823695316,-0.02427791660772736
0.8999855343261888,0.8985916360451457,0.02567864554862731,0.009458950421525794
0.9849799844936018,0.9840234207755276,0.08499445016741303,0.08946370883013133
0.9409891254577176,0.9174119609746952,-0.04399085903588418,-0.03909589242339899
0.992966609276459,1.0030888810324137,0.051977483818741343,0.04965407144358928
0.8410898989896787,0.8378317188294528,-0.1518767102867803,-0.16694162820359243
0.854611065620357,0.8794741184575894,0.013521166630678372,0.027781360119049154
0.9822841332151214,0.9658473347661858,0.12767306759476438,0.1325156026641628
0.9373698861849343,0.9526180460544784,-0.04491424703018709,-0.04389001579011628
0.7663402825197801,0.7861862548479837,-0.17102960366515418,-0.14753262747012522
0.8471501294448579,0.8043050938583265,0.08080984692507776,0.08214171097986164
0.8429718365620538,0.8335346005244729,-0.0041782928828041355,0.0012449420910171718
0.9075104251440347,0.8854643867643973,0.06453858858198092,0.07407296874700844
0.9190333934093722,0.9596408533983805,0.011522968265337497,0.01211109017102736
0.9730129661874818,1.0035414860493401,0.05397957277810961,0.05891022003256764
0.8779319697672221,0.8907200625797843,-0.09508099642025969,-0.10056020176232698
0.9464692219977253,0.9614191116201931,0.06853725223050322,0.0722937895580698
0.8665682145131678,0.8880814132311742,-0.07990100748455753,-0.08375816710361944
0.883764388836794,0.8759405979331082,0.01719617432362619,0.005797835770272552
0.886175661072072,0.8681804960450276,0.002411272235278039,-0.007836009536722277
0.7578236670764071,0.7813645466519297,-0.12835199399566488,-0.13297562936420065
0.9309164558651651,0.9276092237819424,0.173092788788758,0.16675909085449178
0.7713006895648626,0.8024498982609827,-0.1596157663003025,-0.18119545031842776
0.8739757289941935,0.9012283218950816,0.10267503942933087,0.1102322528725412
0.9767592930801927,0.9942807728665104,0.1027835640859992,0.09056084853249743
0.9292258768172894,0.9292404642911314,-0.047533416262903305,-0.04537132944844058
0.8651522187987541,0.8781204273380853,-0.06407365801853526,-0.0528827156075556
0.8949821801036365,0.909525479143622,0.029829961304882358,0.022520035973202873
0.9315107840562225,0.9409630940320491,0.03652860395258595,0.036340366021223154
0.9580724507539036,0.957858485223219,0.02656166669768112,0.04261927977633338
0.8604592296749896,0.8380996279569232,-0.09761322107891401,-0.10560868192040279
0.8834780855045058,0.8827077580293412,0.023018855829516238,0.025534849170743605
0.9104847708508976,0.9031789270474302,0.027006685346391834,0.026251813701419432
0.9925602420116143,1.0258826529734841,0.08207547116071667,0.07514349371341825
0.838225581430313,0.8243794128790061,-0.1543346605813013,-0.14110081354912782
0.9029937836971202,0.8835185380151268,0.06476820226680724,0.04854497049458417
0.9470955505937232,0.9515868908080058,0.044101766896602945,0.047510271442907925
0.9616500855363076,0.9624428373923919,0.014554534942584407,0.01141319540782425
0.8069084864573416,0.8277868292285104,-0.154741599078966,-0.15384357455596873
0.8906996718487206,0.8978920834038943,0.08379118539137898,0.07649951260125251
0.8210973913469423,0.8182203827718497,-0.0696022805017783,-0.06193540621044278
0.943773659805113,0.9775935226216347,0.1226762684581707,0.11371186657026802
0.8350950203084396,0.8294867707558177,-0.10867863949667333,-0.10621800834546821
0.941577325220773,0.9386157338172043,0.10648230491233335,0.10315755117832132
0.8356674134159119,0.8295044023476086,-0.10590991180486109,-0.10408160611339586
1.017560628409629,1.034897777898652,0.18189321499371713,0.17808839550297936
0.9797507555328027,0.9749845472527463,-0.037809872876826356,-0.05506307808523954
0.9769976990926845,0.9678350070073242,-0.00275305644011814,0.0048536479479969075
0.9101570992017184,0.9126838905759571,-0.06684059989096613,-0.06804589931554707
0.851557301125371,0.8540947320099672,-0.05859979807634741,-0.06570037128805428
0.8827176874860234,0.8578050500209023,0.031160386360652437,0.020874436916825265
0.897325004089673,0.8980647987410155,0.014607316603649556,-0.0037022848715043966
0.8981151625991882,0.92082204999451,0.0007901585095152486,-0.018719209056618773
0.9276484138954805,0.9057936294339864,0.02953325129629225,0.0399886564649531
0.8573375040641411,0.8646688300243278,-0.07031090983133936,-0.07445220086976105
0.916834009183315,0.9355390170453857,0.059496505119173926,0.047948985964638056
0.9967929707307406,1.0024291137644468,0.07995896154742554,0.07080564462742006
1.0083583891382952,1.0232599423969828,0.01156541840755465,0.010317791634934017
0.8734586957086331,0.8946989433335872,-0.13489969342966213,-0.13894600195025703
0.8541958349503325,0.8659914424130147,-0.019262860758300637,-0.01532612377099144
0.9352066120766199,0.9355665676888713,0.08101077712628746,0.09593070010906635
0.9599208019738356,0.9593651570124394,0.024714189897215633,0.025431552350872466
0.8946845643165016,0.8909023518442123,-0.065236237657334,-0.06076146122609584
0.9132673943845498,0.9135959774357619,0.018582830068048284,0.018147001182078914
0.9381880959749822,0.9052052272217392,0.02492070159043236,0.028801412279240327
0.8962398667324863,0.8674972984191094,-0.04194822924249586,-0.03253328641807334
0.8965905172820673,0.9051691885816687,0.0003506505495809442,0.009653787176465376
0.9446597840733323,0.9810855649124322,0.048069266791265,0.04252487998606381
0.9587247757945604,0.9416819167590232,0.014064991721228104,0.01100855391982613
0.9606718382754689,0.9549988963966745,0.0019470624809084791,0.00526385878058895
0.9473947291680698,0.9495244741899567,-0.013277109107399099,-0.0017405034411984589
0.9080588614091943,0.9131227960010203,-0.03933586775887543,-0.039595052447196896
0.9495459376206885,0.9440702896583032,0.04148707621149417,0.039414401742652275
0.9629186684195844,0.9473081760753218,0.013372730798895893,0.010620338688874843
0.9031088398520998,0.9358885747581966,-0.059809828567484624,-0.050798110981541154
0.968279285238366,0.9482142821566302,0.06517044538626626,0.05344179857556337
1.006099108685508,1.0126988276788802,0.037819823447141965,0.044073809236489875
0.8769812117933148,0.9239106576804903,-0.12911789689219322,-0.13162524271111103
0.8847341988769772,0.8634377461709741,0.007752987083662455,0.012311258674929031
0.9206705105689184,0.9549529959768301,0.035936311691941114,0.030925530299489388
0.9015830200750397,0.9091842994324293,-0.0190874904938787,-0.027734810695014427
0.8792776195757244,0.812967556106422,-0.022305400499315287,-0.017403525064927806
0.9566566031681514,0.9626530420130123,0.07737898359242701,0.08561107102923372
0.9364350346623631,0.9528529842525402,-0.020221568505788268,-0.01814482651106351
0.892263797545017,0.8907067514535448,-0.04417123711734616,-0.044158396864418616
0.9211977114653919,0.9252138408483347,0.02893391392037492,0.012852291898895859
0.8936861160483436,0.9018055138424534,-0.027511595417048285,-0.01617981017914486
0.9807060134907968,0.9585122452360484,0.0870198974424532,0.09107726586913158
1.0070927814742003,1.0309913262415535,0.02638676798340356,0.018225002598266038
0.8995240458120466,0.9023651019462724,-0.10756873566215375,-0.11520973082321978
1.0154154307794991,1.0179047007547648,0.11589138496745255,0.1269288458492171
0.9350718826646027,0.9531330866270394,-0.08034354811489641,-0.08434341524840198
0.8866269235929769,0.8859026895540246,-0.048444959071625826,-0.0664887146575687
0.9147247024834556,0.8889307917574938,0.02809777889047871,0.046545338982876196
0.9113003250516544,0.9101323103265382,-0.00342437743180124,-0.008645921838948748
0.9330577780680567,0.9390005688318009,0.021757453016402306,0.03806618685471219
0.917962810347979,0.9129822646369037,-0.015094967720077679,-0.034716462342337065
0.9824654074886958,0.9779209077216928,0.06450259714071682,0.06435581858691951
0.894760085780986,0.8893235726316692,-0.08770532170770984,-0.0968550685943427
0.9322917704627476,0.9381897952965659,0.0375316846817616,0.03407851200976135
1.0172184224285554,1.0432451897833566,0.08492665196580784,0.07322503691117474
0.9119084351437159,0.908268317128448,-0.10530998728483953,-0.12927743669324487
0.8967906013616855,0.8618999947550052,-0.015117833782030354,-0.0031311772392488123
0.8791503297333962,0.8752942795261731,-0.017640271628289295,-0.01888352141937489
0.940806066985505,0.9264998679786159,0.06165573725210871,0.06945777032644357
1.0077786451533088,1.02180665626833,0.06697257816780389,0.07261478548166249
1.0062388562894073,1.0265454959730538,-0.0015397888639014923,0.014693348659615139
1.0185994874942714,1.041325171611101,0.012360631204864081,0.011376386485401188
1.0295363090118692,1.0130842405762401,0.010936821517597783,0.014031736525198497
0.9415205067280948,0.9147425096052826,-0.08801580228377437,-0.07211971620678405
0.9965723824289898,1.002372689706502,0.05505187570089498,0.038621094880611176
1.0223588241523682,0.9979701906717199,0.025786441723378406,0.034642786596764265
0.8277302271816754,0.808262344411556,-0.1946285969706928,-0.19987273036221873
0.9393617543167994,0.9206262931949398,0.11163152713512392,0.10907980742685527
0.9803991904612133,0.9940592229856392,0.04103743614441391,0.03199044784110429
0.8733368404158253,0.8756652740483215,-0.107062350045388,-0.10770033924221092
1.0113251001437236,1.0433865169294034,0.1379882597278983,0.13135902805449187
0.9825617097871951,0.9674783684907196,-0.028763390356528418,-0.03835426354451081
0.9179853824899511,0.966565814221309,-0.06457632729724405,-0.068642926850829
0.934634911391378,0.9249083901457794,0.016649528901426902,0.021466823286537914
0.9456790554305794,0.9366860509737013,0.011044144039201398,0.018806624917286255
0.8766114340355452,0.9056556128905897,-0.0690676213950342,-0.07040031631193179
0.8956184302637131,0.9119700925438358,0.019006996228167927,0.002482783339690396
0.874022551510999,0.8636454197632456,-0.02159587875271418,-0.020569280131760254
0.9335882868210347,0.9583211056921204,0.05956573531003573,0.05881570542764396
0.9439510338849528,0.9351876447275983,0.010362747063918154,0.005297395370917565
0.9031992807956121,0.855440941414765,-0.04075175308934076,-0.04496081182338204
1.0185240603800758,1.0284516067048517,0.11532477958446374,0.11348678927066105
0.9677289793327313,0.9732442062562972,-0.05079508104734454,-0.03954747356540251
0.8600483610627154,0.8461116882734767,-0.10768061827001585,-0.09910024759820939
0.9790913858458477,0.9878320998470262,0.11904302478313222,0.1172509040325814
0.9841092411273081,1.0169133574929654,0.0050178552814604815,-0.003237980002281784
0.9756232528454069,0.9816733552023464,-0.00848598828190128,-0.0027401092202234724
0.8886108781854822,0.8921138644981348,-0.08701237465992462,-0.08130065168052109
0.920011432487374,0.9333081769919219,0.031400554301891814,0.038223648530738716
0.9511142396643743,0.9629238779152477,0.031102807177000202,0.024829255368130906
0.9095778259473886,0.8998357997348227,-0.04153641371698569,-0.04680238363325859
0.9985672167993134,0.9888358284497749,0.08898939085192481,0.09876292697458436
0.8930509592526372,0.8867587451728108,-0.10551625754667615,-0.07800361842810725
0.9383899700709902,0.9668502177034397,0.04533901081835301,0.03844040062710473
0.9331936504596059,0.9312084658254682,-0.005196319611384337,0.0004926676658245201
0.9524829167918801,0.9395437550523105,0.019289266332274235,0.006242461636777306
0.9982532050479875,1.0001081596728676,0.045770288256107405,0.05869362393055759
0.9288446370224889,0.9350189786039605,-0.06940856802549866,-0.06763270944154427
1.0192820157983917,0.9968331485408785,0.09043737877590285,0.09268721309016718
0.9246027277075802,0.9243515577158803,-0.0946792880908115,-0.10058299696006817
0.932499842539951,0.9166665019048956,0.007897114832370766,0.006878993595095229
0.9125177227738791,0.9252202112520278,-0.019982119766071893,-0.019469211207180075
0.9004742134647873,0.8947654257562675,-0.012043509309091815,-0.010484439429076016
0.9980149535311988,0.9991150582083449,0.09754074006641156,0.10440117199836427
1.0364235101096333,1.0545595523973832,0.03840855657843445,0.03756582149755529
0.9916624427084766,0.9669261662052068,-0.04476106740115671,-0.059227423947809
0.8614270313401671,0.8441387071855122,-0.13023541136830952,-0.11591604170154715
0.94685164454124,0.9700365606424358,0.08542461320107297,0.07806225536816279
0.9822565333578647,0.9527414117450453,0.035404888816624625,0.025794283841492127
1.0103191905500806,1.0201727664082476,0.0280626571922159,0.033637911159328744
0.9846811396181142,0.9510336512901243,-0.02563805093196636,-0.023396805881750977
1.0339226444738605,1.0057647745732907,0.0492415048557463,0.04584276602863249
0.9356437922975163,0.9525735869017937,-0.09827885217634424,-0.11314163704931424
0.9707417265202175,0.9874052939766472,0.035097934222701244,0.04228361388028055
1.0008229539268894,0.9781418050974011,0.03008122740667185,0.03889310196570561
0.9723252844079501,0.9443620075955966,-0.028497669518939284,-0.026623463282721388
1.0082754885196785,1.0175399609251197,0.035950204111728445,0.048956130944421146
0.9581412224996362,0.9554578262387274,-0.05013426602004234,-0.05919132844367239
0.9486134343942051,0.9662604623141817,-0.00952778810543109,-0.00409894862510891
0.9293770267090196,0.8840392411473802,-0.01923640768518553,0.00030044897082360036
1.0018519072637142,1.0136825943796557,0.07247488055469464,0.07306726094798507
0.8288467868273852,0.8006993717828914,-0.17300512043632899,-0.17064498215993476
1.030966554035867,1.0285986010510297,0.2021197672084818,0.19605641400551893
0.9866845024485268,0.9778023913930968,-0.04428205158734022,-0.03747143729372491
0.8334732080822062,0.8481375958571503,-0.15321129436632064,-0.14232395018853203
0.8698090917333766,0.8771549329496288,0.036335883651170464,0.03862937577843402
0.9451954681178144,0.9587148013026078,0.07538637638443779,0.06269845266835967
0.943964397401731,0.9352963651415693,-0.0012310707160834156,0.00075837542413298
1.034220097280496,1.047709331957697,0.09025569987876503,0.07577622833340031
0.9893518622414023,0.9840049085281233,-0.04486823503909376,-0.045445448316844876
0.9868267531333188,0.9982571755574288,-0.0025251091080834565,-0.001950786059256464
0.9932581302578998,0.9961607013034468,0.0064313771245809725,0.006732307191262943
0.9587597099716101,0.9538334452591326,-0.03449842028628969,-0.04306052986560599
0.9760213419047027,0.9759218140231058,0.017261631933092603,0.00847883302763395
1.017030375578429,0.9914553730841247,0.041009033673726214,0.03710572537061697
0.9556999036913625,0.9090401595243297,-0.06133047188706642,-0.059630326862375196
0.9402148031030045,0.9723532079500586,-0.015485100588357947,0.0074969172516491205
0.9839830630296186,0.9706040602772575,0.04376825992661404,0.04992656609942675
1.0740834963132353,1.0907244577361963,0.09010043328361672,0.11156273974487442
0.9747848644938668,0.9685849905294484,-0.09929863181936849,-0.0906274005145413
0.9515102473355537,0.9313643923880328,-0.023274617158313138,-0.024178868235149188
0.8940175036133345,0.9102913303945236,-0.05749274372221913,-0.0681167495334365
0.9655689455383933,0.9526527719549661,0.0715514419250588,0.08129515127612408
1.0093512187170097,1.033101216755207,0.04378227317861638,0.03661615116684451
0.9391079239892668,0.940860019230033,-0.07024329472774293,-0.06555352653170592
1.023078785989381,1.000382196573179,0.08397086200011428,0.06888534335282612
1.018492056594614,1.0068472656580372,-0.0045867293947670085,-0.006838064302703112
0.9350605266958757,0.9226503994605159,-0.08343152989873837,-0.0874499249643005
0.9437088460269456,0.903848019694567,0.00864831933106991,0.018528195258005947
0.976852897690742,0.9632673602202088,0.033144051663796414,0.017480303864555725
0.996693442137681,1.0350413518547892,0.019840544446938946,0.020370871354681533
0.9106533929292567,0.8721692373989058,-0.08604004920842423,-0.09195602423121273
1.008510004012087,1.0110385358133596,0.09785661108283017,0.10259440052232983
0.8961723073657876,0.9134214175084544,-0.11233769664629933,-0.1036146211103984
1.0310974464647416,1.0424825870750063,0.13492513909895398,0.13011859982914534
0.9726581868994205,1.002055636042025,-0.05843925956532103,-0.0555580372944552
0.9664482587498168,0.9294943453379486,-0.0062099281496037495,-0.006807823439689436
0.9046384677994743,0.8909046641914031,-0.06180979095034245,-0.05579151390655955
0.9752608754373634,0.9358606011994446,0.07062240763788907,0.07624601612797051
0.9831273080334845,0.9841085509839543,0.007866432596121076,0.022483445183890595
0.9274369512207561,0.8946890611296223,-0.05569035681272838,-0.0710881834952443
0.9160639852448915,0.8621124810178269,-0.011372965975864568,0.0028947611227428706
0.939757128067148,0.8888202867032382,0.02369314282225643,0.03345423018066163
0.8954571808675295,0.915687774168489,-0.044299947199618495,-0.02775872833790695
0.9739294448256643,0.9890581922318514,0.07847226395813489,0.07903008562394946
1.026454017978173,1.0252224828952623,0.05252457315250858,0.05016294366943068
0.9259509945058539,0.9231204628298357,-0.10050302347231899,-0.09470357276203713
0.938673787336359,0.9207794886022074,0.012722792830505036,4.602706217522734e-05
0.9295490225666638,0.9170525887036607,-0.009124764769695148,0.005034041039098417
0.953636118492802,0.9392295053033375,0.024087095926138224,0.024860490204942194
0.9946507458821744,0.9936080262583649,0.04101462738937234,0.055030911361403895
0.9672197085433182,0.9766722693570606,-0.027431037338856212,-0.013028246859732981
0.9175323337205317,0.9340652841148288,-0.04968737482278651,-0.05489289719222448
1.0180097560255217,1.0222744701699653,0.10047742230499002,0.11496194983840945
0.9459139765035288,0.9796103159895447,-0.07209577952199286,-0.06741725856515939
0.9882226132418446,0.9819488002987641,0.04230863673831575,0.03709709376444387
1.0559382642964217,1.0747424493320716,0.06771565105457711,0.07588132094615514
1.0531370734264731,1.0408650594858482,-0.0028011908699485666,0.0005564465355284158
1.0209587366245445,1.0044121975861175,-0.03217833680192861,-0.043815354863101987
1.0127060556932639,1.0278721691475725,-0.00825268093128062,-0.024757689747606608
1.0186188798741986,1.0118069254489104,0.00591282418093475,0.0026445905404476893
0.9887453604254591,0.9406563471675288,-0.029873519448739505,-0.023116826811732927
0.9612740113430649,0.9550147861220101,-0.027471349082394236,-0.013920164278178543
1.1111937214006986,1.116616507519063,0.14991971005763371,0.1467778450804959
1.02451131651604,1.0485226915041141,-0.08668240488465861,-0.07660479728080864
0.8539217877959622,0.8388896728790796,-0.17058952872007782,-0.16384820787027446
1.032855923923506,1.0428621794004136,0.17893413612754383,0.17395233200888308
0.9895132861938613,0.9812963121399535,-0.04334263772964475,-0.051727903892084454
0.983723331827332,0.9641061057773238,-0.005789954366529293,-0.001280497220728035
1.0297543905143975,1.0422234894477955,0.046031058687065585,0.05688303399837298
0.9629642634575543,0.9552498437937762,-0.06679012705684328,-0.08490035423763567
1.061355916558679,1.0857504092449082,0.09839165310112474,0.0973876018247988
0.9201602872425492,0.9136730527582339,-0.14119562931612983,-0.13390024577777912
0.9630708857440672,0.9305350493518831,0.042910598501518016,0.04832319958570404
0.9303434286285257,0.93726827081078,-0.03272745711554148,-0.04184997434234927
0.9384424986563585,0.9042450510512785,0.008099070027832833,0.01194589296044053
0.9777815487669433,0.9721750854164092,0.039339050110584806,0.034413374895806315
0.9872290220698532,0.9719462197392369,0.009447473302909848,-0.0077629085272683945
1.0007892771678413,0.9652905199556615,0.013560255097988083,0.0011054618689206788
1.001225309133641,1.0040391254109113,0.00043603196579966585,-0.010282024671200225
0.9563031088063104,0.90982222951616,-0.04492220032733052,-0.06907130894480275
0.9568092130253602,0.9723790753857028,0.00050610421904973,-0.005684213347347196
0.9586784618670945,0.9152967679491683,0.001869248841734339,0.005341469214274832
0.9606021814629092,0.9299236439302184,0.0019237195958147213,-0.004212472367479891
0.9741548864850503,0.9955994645824185,0.01355270502214112,0.03465382930336866
0.996487480312126,0.9899579903191651,0.022332593827075642,0.022841431842279124
1.0429561832797707,1.0675147076292353,0.046468702967644715,0.05903866442560679
1.0131479021999514,0.9938192097726715,-0.029808281079819254,-0.020561052784471956
0.9698635730047805,0.9897964778360618,-0.04328432919517089,-0.0420270250411859
0.955839087771071,0.9497512009220508,-0.014024485233709583,-0.012818873443215705
0.9572713365474839,0.9424407101089183,0.0014322487764129033,-0.02322450064027196
0.9402602990645498,0.9417951799231639,-0.017011037482934088,-0.027203578533885227
1.0395243414068633,1.0298884702406894,0.09926404234231356,0.07521009576458804
0.9843547201759781,0.9913573063561892,-0.0551696212308852,-0.051302387676111526
1.0782982977301188,1.03581546176257,0.09394357755414062,0.0882705478061775
1.0120778390050118,1.0014453716393728,-0.06622045872510696,-0.06648375483785317
0.9704891742916396,0.9478137253477789,-0.04158866471337219,-0.04443275023392725
1.0438025883971043,1.0564989686148714,0.07331341410546466,0.060423873187446714
0.9262029482947942,0.8933867015537494,-0.11759964010231005,-0.11845536183780152
0.9797752417294341,0.9877429169348099,0.05357229343463987,0.06327757031516582
0.9761302872984354,0.9703673388410168,-0.0036449544309986592,0.001474305587626677
1.0490768388273677,1.025694462694185,0.07294655152893226,0.057136221908324514
1.0343006841858775,1.0343359871621003,-0.01477615464149018,-0.002612662960275453
1.0272585060933672,0.9770892494211918,-0.007042178092510287,-0.016830273650005348
1.0017001302331874,1.0271371320999165,-0.02555837586017984,-0.023657688811356405
1.0640317134596884,1.0408242731939776,0.06233158322650101,0.045910801965967786
0.9147802367841524,0.9046473038212631,-0.14925147667553595,-0.15568591074932456
0.9580341430217508,0.9548218876181438,0.043253906237598394,0.03905810854872154
0.9717672901608441,0.9818227388186646,0.013733147139093238,0.011595592098046913
0.9723236139858424,0.9738848558196953,0.0005563238249983726,-0.011806221448281196
0.9866498810145815,1.020519545770039,0.01432626702873907,0.024303939817457366
0.9925731117935469,0.9980176206274726,0.005923230778965394,0.008845953284048573
1.016340020552331,1.0446034090033804,0.023766908758784067,0.02715183151436563
0.9373376323154244,0.9453102178088183,-0.07900238823690653,-0.08194027955181336
0.9415830879269077,0.9188292372617027,0.004245455611483262,0.004886943615293819
1.0726243999895073,1.0684834277515494,0.1310413120625996,0.11826886698275159
0.981386755230433,0.9935800229471936,-0.09123764475907437,-0.09070505226067394
1.0061873771033856,1.038725274961699,0.024800621872952622,0.030902601860991613
1.0038652019358623,1.0088975787713144,-0.0023221751675233104,0.006138911333783333
0.9448837480646972,0.9081373951575622,-0.058981453871165046,-0.046341988179911135
1.1000271472334542,1.0832604808011579,0.15514339916875697,0.16160648771540506
1.1153288236920011,1.1188668617191049,0.015301676458546964,0.016630064428237574
0.9924516685076346,0.9917407421700405,-0.1228771551843666,-0.09910577345103498
1.0112944146561107,1.0168782658518831,0.01884274614847614,0.01920820674127462
1.041730604487002,1.0372956254319243,0.030436189830891358,0.030478581152401627
0.8228955885669349,0.809827891983189,-0.21883501592006716,-0.22864561431387692
0.9752310381809989,0.9653875386097494,0.15233544961406398,0.16123969880180147
1.0507311274283169,1.0588731414146457,0.07550008924731799,0.058967598844168176
0.918334243196858,0.931141242188827,-0.1323968842314589,-0.1247351593850304
1.0051207552903612,1.0324641915254564,0.08678651209350319,0.0778785168349839
0.9714085316378054,0.9799542311473584,-0.03371222365255577,-0.03499974429178383
1.0644597706266896,1.069473540923228,0.09305123898888423,0.0972404592193562
0.9680359075816616,0.9592364143159787,-0.09642386304502804,-0.11400104621835107
0.9722336113493113,0.9590522562260193,0.004197703767649719,-0.012549990386691762
0.914784007096438,0.8963091351972452,-0.057449604252873265,-0.05134647774150963
0.9414542528822976,0.9832493422427065,0.026670245785859525,0.01824990750280999
1.0266796531041675,1.034084764083948,0.08522540022186997,0.10221290309668199
1.0534753361578022,1.0853648031990437,0.026795683053634667,0.032953592153503596
1.0692532955884761,1.0398820333313032,0.01577795943067395,0.015117766689021697
0.9746437982422457,0.9339406153106591,-0.09460949734623048,-0.07887476375983052
1.0323580858862527,1.0443077883548735,0.05771428764400699,0.08621612695455644
0.9702936735661267,0.9319070080460515,-0.06206441232012594,-0.05422115500286947
0.9604369032737736,0.9207789412056642,-0.009856770292353101,-0.008142669832745038
1.0160569305117273,0.9928973194854417,0.05562002723795367,0.041110017809514815
0.9698180808297069,0.9774550584423498,-0.04623884968202041,-0.0377877695508168
0.9504916573775947,0.9287218002907547,-0.019326423452112218,-0.019172364490838856
0.993809405593727,0.9942159677285223,0.043317748216132324,0.041036869338447225
0.9341014373201,0.9533119331860712,-0.05970796827362701,-0.052915682041251424
0.9704092392412265,0.9565833335151495,0.03630780192112648,0.04516782389327367
0.9849765224279354,0.9936720867751184,0.014567283186708968,0.024449304070585903
1.0508176743611364,1.0748100972064198,0.06584115193320095,0.06524141759335045
0.9875371882373604,0.9745043706262144,-0.06328048612377601,-0.06650761392679187
0.9475430237584739,0.9273479802215824,-0.039994164478886485,-0.056600579455017855
0.8899028306192729,0.8982017649153027,-0.05764019313920099,-0.0479532962380581
0.997486666191505,0.983727169645639,0.10758383557223206,0.1171245359315894
0.9392893333281466,0.9768928725375058,-0.058197332863358375,-0.045752422650819635
1.0090986841397038,0.9932125972063243,0.06980935081155726,0.08263987595478457
1.0063017110035695,1.0191365300128676,-0.002796973136134362,-0.003966105048717486
1.0024726057227695,1.019579165251579,-0.003829105280799938,-0.017532927605972387
0.9807908465531809,0.9577877655536432,-0.021681759169588588,-0.01792072066574118
1.008540762743432,1.002546571441741,0.027749916190251023,0.027777977735828616
0.9125441735223186,0.9099281276235088,-0.09599658922111332,-0.09669152822769773
0.9978987476117153,1.0017768615718567,0.08535457408939662,0.09626222135617178
0.9531937388438271,0.9180232069588478,-0.04470500876788819,-0.042352784356792565
0.9603357134714026,0.95018035930265,0.007141974627575487,-0.006960531386572905
0.9993380471179121,0.9952854873602086,0.03900233364650951,0.03265762507978807
1.0536237781094457,1.0298683303444305,0.054285730991533665,0.04244634274104854
0.9858215467900853,0.965820305903255,-0.06780223131936047,-0.10128933781973817
1.0536109626745878,1.0280069249775194,0.06778941588450249,0.06693282700345782
0.9438719560241139,0.9518564192540828,-0.10973900665047387,-0.1011124773812708
1.038120141564207,1.0330766128598834,0.09424818554009307,0.08562232427197647
1.0709474835051354,1.079330631795384,0.0328273419409284,0.026231417118427282
0.9848560997949981,0.9536325549031812,-0.08609138371013725,-0.09260485181343234
0.9691734580213971,0.9754280459433183,-0.015682641773601014,-0.025434198433839823
0.9766217259052385,0.9997479353610912,0.007448267883841453,0.010562174673764066
1.007918085854672,0.9720181379956803,0.03129635994943336,0.03608948127984008
0.8837766387816781,0.8729594502536575,-0.1241414470729938,-0.12362568369420211
1.0649113122802718,1.0493882043549316,0.1811346734985937,0.1903355368253694
0.9510532296126673,0.9665035882846019,-0.11385808266760455,-0.10714001129346068
0.9979682422771465,0.975141584563299,0.04691501266447928,0.06798304145166092
1.0203457839885826,1.0380594884080885,0.022377541711436022,0.018958791515041356
1.0972873876598894,1.092731782419811,0.07694160367130687,0.09678708460204864
1.023090214750773,1.0241123322688959,-0.07419717290911643,-0.07137841536910434
0.9158190172679656,0.9424736465471796,-0.10727119748280745,-0.11070869244331091
1.046331644177443,1.0497104671867312,0.1305126269094775,0.12320741004226039
0.9528399848298363,0.9614365507427756,-0.09349165934760673,-0.09147678244688166
0.9625848181171461,0.9619809781989326,0.009744833287309795,0.0027136487191429127
1.060934389235411,1.071944602917115,0.09834957111826492,0.0867370885988228
1.0308905997916487,1.0260420643155304,-0.030043789443762403,-0.025351583647655003
0.9354081539123631,0.9547748833339952,-0.09548244587928556,-0.08831828567115878
1.1181969141180794,1.1260701686860919,0.18278876020571633,0.17987943125370257
1.0117977804550788,1.0245209488834957,-0.10639913366300058,-0.08656060491709103
1.0512321570966279,1.0981459235132114,0.03943437664154903,0.04572720209295336
0.9965837778250305,0.9968444819975475,-0.05464837927159738,-0.05241136317719461
1.0004809370324323,1.0296059532272457,0.003897159207401857,0.024062735746440994
1.0439333933307438,1.0784410089289862,0.043452456298311404,0.024242448271410724
0.9792945578644147,0.9847830782772522,-0.06463883546632909,-0.06341671521494205
0.9974447536493096,1.0265706845250697,0.018150195784894962,0.027589794885740787
0.9801939758305535,0.982875962932302,-0.01725077781875617,-0.018134941500969597
1.0143383140947595,1.0215065240854146,0.03414433826420604,0.03522999839532975
1.004741845963871,0.9984539965287171,-0.009596468130888436,-0.03065843193529593
1.0435675684603918,1.0141571676865413,0.03882572249652072,0.03266312029980183
0.9984904774671355,1.0012734995152512,-0.0450770909932563,-0.02623589693317327
0.9820228982042952,1.0069900996295706,-0.01646757926284026,0.009217384296868213
1.002820347261921,0.968589702213131,0.020797449057625816,0.002219239361720818
1.0977764234593355,1.0886941238053978,0.09495607619741442,0.09271402278795264
1.0000908700018454,1.0169992298402304,-0.09768555345749008,-0.09981443954983932
1.045113741933273,1.055044974095637,0.04502287193142762,0.035530911595330936
0.9426883809786601,0.95197340122722,-0.10242536095461285,-0.09925200837597223
1.0170838866992578,1.0083659151473328,0.07439550572059761,0.057838691394163075
1.0341402114499882,1.0459561672767497,0.01705632475073049,0.02930311343840463
1.0585837209863072,1.0431245433394813,0.024443509536318908,0.02511660563454346
1.0692364811788808,1.054920349821556,0.010652760192573663,0.015493777728202474
1.0071613518678852,1.0044568772718445,-0.06207512931099557,-0.06789419754475579
1.0724844920113112,1.062609204158991,0.065323140143426,0.08393575679532359
1.092485958816637,1.0868681599532664,0.020001466805325663,0.016005823566186315
0.9974287326802984,0.972808885808853,-0.09505722613633849,-0.09425361382961993
0.9905463760894393,1.0013718676645547,-0.006882356590859118,-0.009958012579850583
1.0673696075473422,1.0454909191392538,0.07682323145790293,0.06840776992217433
0.9765753227645613,0.9569144910342681,-0.09079428478278095,-0.09195671773951863
1.0358356867750649,1.0319149912246928,0.05926036401050361,0.058514602195923984
1.0381326936507111,1.027998702650161,0.002297006875646268,-0.018567157361765858
1.1418868871230796,1.1303160857641903,0.10375419347236847,0.10595797224513677
1.0029921012797502,1.017439856762568,-0.13889478584332937,-0.12671826623353755
1.056313963384311,1.056310757913595,0.0533218621045608,0.058876122338238565
1.0898710231583277,1.115852303536437,0.033557059774016684,0.045141911236914634
0.958756176163897,0.9451576102445199,-0.13111484699443077,-0.13838235090654608
1.0915873674962149,1.0598552560015253,0.1328311913323179,0.12500088282860197
1.0899902409360929,1.1179605130775427,-0.0015971265601220086,0.007228883120708719
1.0553995357728487,1.0589237774384181,-0.03459070516324414,-0.023145416011781175
0.9693989187390393,0.9942740438053458,-0.08600061703380946,-0.07259739461557865
1.0010937143428649,1.005243982499739,0.0316947956038256,0.045420832905501196
1.0143317255469548,1.0160334424744366,0.013238011204089961,-0.005350125429000752
0.980529869758175,0.9389274510746319,-0.03380185578877981,-0.029387417760195503
1.047991868410094,1.0814090495351782,0.06746199865191893,0.07135834269003385
0.9550929588334675,0.9413408513376241,-0.0928989095766265,-0.09944561962554324
1.0918425982104298,1.1084819885692312,0.13674963937696238,0.1388643529875052
0.9709017453376589,0.9454781775024841,-0.1209408528727709,-0.11456191096196927
1.0139277963511635,1.0127261309607705,0.04302605101350454,0.03421157538239657
1.0845713010181939,1.081821367789359,0.0706435046670304,0.05309642280651789
0.9651306651741197,0.9853532768259843,-0.11944063584407416,-0.11958560977439268
1.0246325274832178,0.99760853257645,0.05950186230909804,0.05359199703900433
1.0874163073597871,1.0903292455532418,0.06278377987656936,0.058427147887096895
1.0149067885059275,0.9952320678662817,-0.07250951885385959,-0.0812716522715563
1.1226742552694076,1.1336063316233016,0.10776746676348004,0.09978960232034434
1.1247636395997913,1.1097739013745065,0.002089384330383748,0.012709904758633551
1.0308669213129698,1.033813964224828,-0.09389671828682156,-0.07938685741118447
1.038234527958977,1.0113640319073922,0.00736760664600733,0.005915709500932621
1.0094396958525729,0.9954344426498842,-0.02879483210640421,-0.018677275562274928
1.0582987098542245,1.0569387952799358,0.0488590140016516,0.0457266061504704
1.077208347279524,1.0369745292543064,0.018909637425299497,0.008471237990516895
1.0048688002116244,1.0017241847692215,-0.07233954706789958,-0.07587030301114855
1.067633922263137,1.0706079204853456,0.06276512205151263,0.05597166308311588
1.0963351520676201,1.0876398034887378,0.028701229804483086,0.02844345239382915
1.0479704992799455,1.0579051339595862,-0.048364652787674656,-0.05379251500896786
1.1039001803989217,1.1171714464686728,0.05592968111897623,0.04734252175171799
0.9872184593130857,0.9861854126490418,-0.11668172108583597,-0.10701560819942739
1.0343560444963669,1.0254509678066905,0.04713758518328115,0.048401818930919445
1.028226524697872,1.044800528473107,-0.0061295197984949645,-0.0032470174307894957
1.1123854402112587,1.1253807217339042,0.08415891551338683,0.08985685135982098
1.0147854010355017,1.0161268338360392,-0.09760003917575699,-0.09314927473177778
1.025887721888319,1.0738143082331988,0.011102320852817149,-0.0011208779868834597
1.0311082107719391,1.0290587297267633,0.005220488883620256,0.0056807466737825345
1.1119619568661288,1.1371509510501825,0.0808537460941896,0.08593538807376326
1.1155399365563181,1.1287758908927343,0.003577979690189359,0.004002971149449446
1.077788891634868,1.067958913927562,-0.037751044921450205,-0.05474206126725682
1.0703286626564945,1.0518810783826003,-0.0074602289783733955,-0.019110897556793658
1.0035844958629754,1.0012121288484388,-0.06674416679351913,-0.07272554768391928
1.1220406363181332,1.1150944892246069,0.11845614045515784,0.11965885104558151
0.9647022394433786,0.9407711032934698,-0.1573383968747546,-0.14578698857442887
1.005315905580882,1.0577907467617127,0.04061366613750339,0.053384769124066186
1.0105124348724224,0.991291119425226,0.005196529291540353,-0.0045203176963558595
1.0808761749379445,1.0705933549414284,0.07036374006552215,0.06799808193268206
1.10271570769426,1.097577773129879,0.02183953275631545,0.020969638681949267
1.0556039879135357,1.066142329472668,-0.04711171978072426,-0.054012601346217014
1.0491803614944122,1.060726906054502,-0.006423626419123529,-0.01211648978074344
1.0657947161739814,1.0884893875380028,0.016614354679569177,0.020622694518208737
1.1067459494249368,1.1131941790751223,0.0409512332509554,0.04599468591140307
1.02819681378599,0.9838079751549429,-0.07854913563894672,-0.0666748396509224
1.1263183333840134,1.072614870729145,0.0981215195980234,0.09226125187588965
0.95642153075473,0.9585769312365853,-0.16989680262928342,-0.1742498214598522
1.049136176497743,1.0291374020339406,0.09271464574301291,0.09093958891913657
1.0766183374608551,1.0951849215301834,0.02748216096311218,0.029044523191854736
1.1063853173532179,1.080828267205043,0.029766979892362766,0.028770343259160176
1.0119896255283443,1.0017482840431342,-0.09439569182487362,-0.10272605187595904
1.0234778385512053,1.0006654368266643,0.011488213022861071,0.005556382030657206
0.9751654365966977,0.953470025188799,-0.04831240195450759,-0.05286025661077132
1.139464125478524,1.137555767614561,0.1642986888818263,0.15142362364786716
1.026215103855878,1.0164081511128364,-0.11324902162264605,-0.11643022373442816
1.016771869084572,1.0254542684704457,-0.009443234771306042,-0.0038975193586334523
1.1500741559270782,1.1555623317066108,0.13330228684250622,0.144428174942306
1.0128927027701493,1.0207248925763512,-0.13718145315692887,-0.13956447236205563
1.0075548151838187,1.0481571977320239,-0.005337887586330581,-8.993317780239124e-05
1.0497145387853482,1.0799408611505608,0.04215972360152942,0.029118216880221134
1.017609309402243,1.0227926528109912,-0.03210522938310523,-0.045195356479213245
1.0827821573615761,1.1065500693643542,0.0651728479593332,0.05981619723894939
1.0641390594800062,1.0516367758120058,-0.018643097881569926,-0.030409845565290423
1.04688770347741,1.0370079184702885,-0.017251356002596197,-0.03745612972114575
1.124523365969088,1.1221011263899778,0.07763566249167808,0.062024795875378166
1.0738204400151639,1.0722014193425935,-0.05070292595392423,-0.0716392859093331
1.0316797571717597,1.0497533646447734,-0.04214068284340411,-0.03976968797945337
1.0307440001694779,1.0263024265631664,-0.0009357570022818784,0.0035876621265627223
1.0834034387736178,1.0410906927868757,0.05265943860413991,0.055229271911391424
1.113192833621307,1.1234256246776748,0.029789394847689277,0.028676902313823714
1.0315612544883,1.0451160000146387,-0.08163157913300711,-0.06630299292323734
1.0352724601268408,1.0479579108188946,0.003711205638540882,0.0031724043165419864
1.0326624899281749,1.0436014592529859,-0.002609970198665934,-0.009089567513735523
1.041501449325928,1.0435325969750602,0.008838959397753143,0.006304080808392417
1.1072507455826233,1.1210122796005453,0.06574929625669523,0.06581937048909008
1.0249696462821494,1.0291514286448225,-0.08228109930047389,-0.07039673126045809
1.0911979271195429,1.073018334794762,0.06622828083739352,0.047046851931319265
0.9690455403157947,0.971695104847809,-0.12215238680374818,-0.10571769733443148
1.021535980543919,1.0373978917889382,0.052490440228124324,0.04139449287991555
1.1027346736237766,1.1198022323500156,0.08119869307985761,0.07862915088289024
1.0134384847485822,1.0052951221635793,-0.08929618887519442,-0.08563715062199957
1.09391993347736,1.0615815060841187,0.08048144872877772,0.07947746495995463
1.0334066352241256,1.0647982491033225,-0.06051329825323437,-0.05847143263488998
1.0103477495493816,1.0175339237621281,-0.023058885674744012,-0.01595935416983004
0.9648341099065312,0.9492911709807318,-0.04551363964285038,-0.03154621995571744
1.107570012407248,1.1196192668736265,0.14273590250071688,0.13535934755574938
1.1212115862929941,1.1163731971825779,0.01364157388574605,0.01705432715331836
1.0164127186418013,1.0156704964421377,-0.10479886765119284,-0.10205098256626499
1.057039852053081,1.0323011429494378,0.04062713341127977,0.029982857575859598
0.9514184488072222,0.9517918077025334,-0.10562140324585889,-0.10634207256161267
1.082004200158072,1.0753525789040088,0.13058575135084993,0.12661672874340044
1.0117696075510239,1.0150202727530373,-0.07023459260704823,-0.06601293485336857
1.0605582741417523,1.055900362182805,0.04878866659072845,0.03289190826080624
1.084974418193768,1.0644288402888216,0.024416144052015643,0.025015860120501117
1.0846306297808086,1.079036251239467,-0.0003437884129593449,0.005793506540607486
1.1352799799953297,1.1298725024591736,0.050649350214521105,0.0473509152620277
1.1219751132827867,1.1297614341050561,-0.01330486671254305,0.006813100451357187
1.0960759396969766,1.095047445954928,-0.025899173585810065,-0.034981050005674225
1.0515335199594287,1.060381036005172,-0.04454241973754791,-0.046335998774212364
1.008984904650645,1.0240415845965398,-0.04254861530878373,-0.05497869805860027
1.016794060779176,0.9976276035140529,0.007809156128530947,0.009868701623020839
1.1370114432756788,1.119589818244263,0.12021738249650293,0.12101329176930263
1.0808280750270436,1.090726003547684,-0.056183368248635235,-0.05082337871511761
1.010132455935102,1.0132444593577115,-0.07069561909194166,-0.06998361600149856
1.0629472894250425,1.0481600789240648,0.05281483348994054,0.051249449446667684
1.0454322754866674,1.0431543314895086,-0.017515013938375068,-0.02753755079962812
1.0363660423746164,1.0523021691253986,-0.009066233112051014,0.0020730908450321637
0.9594493979676197,0.9665104255005162,-0.07691664440699664,-0.06965331002161193
1.1574058517553654,1.1569506698614385,0.19795645378774562,0.19931764270126723
1.0745937118939946,1.1025641798337424,-0.08281213986137081,-0.09598884190585677
1.0652005928235229,1.061902862707341,-0.00939311907047169,-0.020996050585924405
1.0555989828247763,1.0144892797799343,-0.009601609998746596,-0.008643981765375583
1.093870403026384,1.0767560810145376,0.038271420201607675,0.03602491030923031
1.0511125082436432,1.0581744689137542,-0.042757894782740724,-0.047264726730665556
1.0109817180107483,0.9977142568503108,-0.0401307902328949,-0.044642022313677844
1.0327388950800807,1.0264618473447464,0.021757177069332334,0.030637896337414358
1.0361286831186478,1.0411536131572985,0.003389788038567154,-0.0049318019332377245
1.076127665620639,1.055479152526166,0.0399989825019913,0.033785279488014804
1.0538681548557776,1.0718757533180632,-0.022259510764861545,-0.002090030676544799
1.1043276290584445,1.1477338071972107,0.05045947420266694,0.05244489429623743
1.0636603590238423,1.0816904142041246,-0.04066727003460224,-0.057108918327942196
1.1158730888495758,1.1272317792476785,0.05221272982573355,0.05299375418992307
1.1028541627763204,1.1037404900898167,-0.013018926073255388,-0.02235555695607061
1.0197639090349018,1.009272039841785,-0.08309025374141865,-0.07852331502021286
1.0287343892961462,1.0076485389177121,0.008970480261244473,0.009870635012062432
1.0426813735546003,1.0295709048014978,0.013946984258454087,0.017269331547622745
1.0983283673911062,1.0514182003445005,0.05564699383650584,0.05222579476827137
1.0881430639952565,1.1140920934580514,-0.010185303395849665,-0.020141806330869073
1.031539745830436,1.0716618064398575,-0.05660331816482045,-0.037904805525369026
0.9951914547449572,0.9893018738187501,-0.03634829108547888,-0.02960434827909709
1.1386575051529169,1.1204085801142991,0.14346605040795968,0.15007097672192085
1.0367212447588772,1.0326049176776089,-0.10193626039403969,-0.11363238755586129
1.1047816479456696,1.1067283386803193,0.0680604031867924,0.0659145928821061
1.1286912171952959,1.1359127354744818,0.023909569249626283,0.03120639725935903
1.01876217129106,0.9729096628312083,-0.10992904590423591,-0.11862420503575287
1.1032169247749022,1.1442949357956538,0.08445475348384224,0.07720818110992136
1.1129713384791935,1.120460155329273,0.00975441370429131,0.0035344213652642497
1.0583965366737837,1.0412398730438828,-0.054574801805409745,-0.05277529285295796
1.0728829471449228,1.0315549279309606,0.014486410471139077,0.009218038187168553
1.0807422165010498,1.0876226060173486,0.007859269356127019,0.002949785257994015
1.0873693986305952,1.1181848328744828,0.006627182129545384,0.01924197846898424
1.0320819470292393,1.0609111246692906,-0.05528745160135595,-0.058468680673678594
1.0462442350926375,1.0846404298997119,0.014162288063398254,0.020794507752387996
1.0813418641727848,1.0883309834799693,0.03509762908014724,0.04067541663951313
1.2126025589834175,1.1846075044423832,0.13126069481063274,0.13586022917886223
1.0799588337898902,1.0875711668590446,-0.1326437251935273,-0.1540507909502164
0.9856195496762242,0.9796922578687937,-0.09433928411366599,-0.09344198719196763
1.112474374893768,1.0635295213855684,0.12685482521754377,0.11394151430323907
1.0871279072911735,1.0945056395857797,-0.025346467602594513,-0.031052318276233157
1.0516965983290483,1.0519151573175047,-0.03543130896212521,-0.04005877333659869
1.0917914079769642,1.0713716509876725,0.0400948096479159,0.0376587909086738
1.1013796895705816,1.1153303276184665,0.009588281593617465,0.0017855239583411415
1.1703796408767706,1.1873746158885643,0.06899995130618897,0.07593129824756943
1.0793069233612596,1.0422035044336968,-0.09107271751551105,-0.0858079855538126
1.183747805801934,1.1735527850324774,0.1044408824406744,0.09720631851475522
1.129835137895274,1.1268807529515041,-0.05391266790665994,-0.05778915445363111
1.052496477306917,1.0557802344308038,-0.07733866058835703,-0.0857899865138442
1.114451973142354,1.0926371062442528,0.06195549583543691,0.051472495319946965
1.0996101769391466,1.0706894326319758,-0.014841796203207247,-0.017973278667487737
1.0915573113693782,1.1123899484502253,-0.008052865569768475,-0.002483150799469245
1.1033993624055287,1.0976410118222946,0.011842051036150547,0.017435767715773473
1.0958064550159834,1.0863719505484626,-0.0075929073895453225,-0.021665238460323935
1.0746376393675454,1.060046348985984,-0.021168815648437977,-0.018499647937800994
1.1158081355691114,1.1227751659081227,0.04117049620156599,0.03647100397830773
1.1432410850637598,1.1178484208363348,0.027432949494648362,0.019492468735809287
1.0706744462355724,1.0772807660095585,-0.07256663882818737,-0.06913216463513729
1.193585740202863,1.1895608593767386,0.1229112939672905,0.11901366010940433
1.050248336156129,1.0790715241827482,-0.1433374040467339,-0.14343288087344466
1.030033937463899,1.048520205497137,-0.020214398692230073,-0.0282016557043165
1.0847454252379036,1.058718941000254,0.0547114877740047,0.048080727658945
1.0663097607797996,1.0589962752665765,-0.018435664458104073,-0.009048389674421392
1.1155543034949194,1.1453106907540158,0.0492445427151198,0.048405692455143645
1.1450263073689129,1.1279709642283031,0.029472003873993513,0.025782209635565254
1.132355104127752,1.1215159601553026,-0.012671203241160889,-0.015727571181175314
1.0808805536299853,1.0829473686651236,-0.051474550497766725,-0.035421304272383214
1.0624120037141276,1.0794427496078296,-0.018468549915857668,-0.015645047755533863
1.0807628672032534,1.0797691215111678,0.018350863489125846,0.03359774027619067
1.096764221964368,1.093007255312645,0.01600135476111464,0.0003958770985784364
1.1266776137827588,1.1229428594076178,0.0299133918183907,0.008892926482660667
1.033048101780995,1.03836820728817,-0.09362951200176384,-0.10900202442034046
1.0424874309711756,1.032545759290971,0.009439329190180645,0.01395830333140241
1.1463706922208694,1.1046233260944893,0.10388326124969383,0.09333138904733737
1.1104192150842502,1.0660160922830024,-0.03595147713661917,-0.027458748855580695
0.9620630739534441,0.9400586605487511,-0.14835614113080609,-0.15876817823565126
1.1403793902298225,1.1433293409608445,0.17831631627637834,0.17236748409075647
1.0985516746531117,1.0807455532835173,-0.04182771557671083,-0.039769318686077
1.110671633095664,1.1393820698889392,0.012119958442552425,0.004305594640974507
1.0867935172243435,1.1210510784418646,-0.023878115871320604,-0.034178235580607445
1.0669600604338494,1.100804149963721,-0.019833456790494086,-0.019511365076513517
1.011209011554181,1.0556668813247432,-0.05575104887966842,-0.05347696267171886
1.0890272048229197,1.1295763214206682,0.07781819326873873,0.07850106377117348
1.093036393431665,1.0944722493150099,0.004009188608745218,-0.004586645177662272
1.0951457786486756,1.1055946925945237,0.002109385217010651,-0.0105279451661491
1.157122202501939,1.1576500456277372,0.06197642385326341,0.05013286451044667
1.1288766582213758,1.1175113740656204,-0.02824554428056314,-0.02567743225804368
1.13351030682394,1.118861291194084,0.004633648602564211,0.01219957461397534
1.0733128146682083,1.0248935448985845,-0.06019749215573178,-0.06155017503084706
1.0848450519633879,1.0538685260490044,0.011532237295179604,0.02269936766861373
1.0076849930431508,0.9701311368377958,-0.07716005892023703,-0.08153736355799565
1.1359238252689523,1.136630177147863,0.12823883222580146,0.12442299470463629
1.1375758264257883,1.1207548531506273,0.0016520011568359472,0.0064449900180857216
1.1950227734047696,1.2253082161219344,0.05744694697898134,0.061997429914813135
1.1141621619361515,1.096881427435782,-0.08086061146861812,-0.08743463926553036
1.0850938581624563,1.0836608536037273,-0.02906830377369518,-0.0363734971653363
1.145227814689241,1.1406327320770944,0.06013395652678466,0.07118022384801738
1.0483529895622945,1.0264601037944443,-0.09687482512694645,-0.06339529698765564
1.0590485047196754,1.0856811301455656,0.010695515157380875,0.011834799392798405
1.101942759237928,1.1161067030308414,0.042894254518252684,0.02967606118805887
1.1562654611221037,1.1635866010942812,0.05432270188417565,0.044794687417451726
1.1470317085556807,1.1574660231620693,-0.009233752566423004,-0.02236775399709895
1.0395623389667077,1.0357885815600096,-0.10746936958897302,-0.10125355072045039
1.1563085063547638,1.1619574374936363,0.1167461673880561,0.10831973331696321
1.0542236613234188,1.0620652533732842,-0.10208484503134496,-0.0973170103320503
1.0582468202505664,1.0466961528771392,0.004023158927147552,0.003020080259995739
1.0705115845293443,1.087995554341273,0.012264764278777873,0.005926888442694636
1.0244082674513868,1.0390239230824414,-0.04610331707795745,-0.031927846723954795
1.1509357955392763,1.1447817707487256,0.12652752808788947,0.11766494588390927
1.0969824985450183,1.080556864701911,-0.05395329699425799,-0.060427298727833326
1.091783969251425,1.1005631101031983,-0.005198529293593213,-0.015347718157501371
1.1929806174504423,1.1866902596530975,0.10119664819901719,0.08583759163192496
1.1222323325062573,1.116959050370729,-0.07074828494418495,-0.0705002823593037
1.049344924916219,1.0168723438895328,-0.07288740759003831,-0.06614835816567678
1.0280866698641882,1.029289482418106,-0.021258255052030828,-0.036920583506003836
1.202646835416087,1.2323141128603865,0.1745601655518989,0.16200718582104812
1.1648934827937962,1.1724681091124678,-0.03775335262229085,-0.04080854491422939
1.064672729250661,1.0595685975918065,-0.1002207535431352,-0.10138929269877979
1.1150319650004274,1.1177313527862747,0.05035923574976642,0.053589131415737505
1.1226922314677816,1.1231931955851464,0.007660266467354182,-0.008509636620185997
1.1121075641750857,1.1233357048146733,-0.010584667292695915,-0.014226195096786283
1.1151374707657407,1.1284708950009854,0.0030299065906549405,0.015464267627164493
1.0486443337681794,1.0440384728846022,-0.06649313699756121,-0.05603400696281699
1.1341647828880894,1.1049220686084078,0.08552044911990997,0.08068168391871737
1.1143728260010057,1.1403409617283213,-0.019791956887083684,-0.011066813367096506
1.134182647814196,1.1280350651617983,0.019809821813190354,0.00720087499367243
1.0888289595188456,1.0793487712949266,-0.04535368829535047,-0.052204420170939875
1.0230794435312,1.0070219178839162,-0.06574951598764556,-0.07317724225790337
1.0622071469580099,1.0955658904474888,0.03912770342680982,0.048124771840484235
1.0904845517039337,1.091101694189917,0.028277404745923773,0.03409560038008793
1.1798947662493302,1.162423243635905,0.08941021454539655,0.09335080110098784
1.1466141230937759,1.184371706730512,-0.033280643155554346,-0.02355661359064669
1.0846907224449471,1.1034474417979607,-0.06192340064882873,-0.06902744340467411
1.1340946448704436,1.1033829687738463,0.049403922425496516,0.05357983199965416
1.0928855357658773,1.0928066559151464,-0.04120910910456632,-0.03610603127555995
1.012766459147815,0.9991656727382806,-0.08011907661806239,-0.05947873526624118
1.0773852624736695,1.060835077777239,0.06461880332585457,0.0813297833726343
1.0707373917473992,1.0985456627662145,-0.006647870726270266,-0.004909999904832412
1.0309490037230842,1.0240847847249612,-0.03978838802431506,-0.03764697199686051
1.0971108798204507,1.1117877353594698,0.06616187609736657,0.06626445216515142
1.1054080230589025,1.1255275497544646,0.008297143238451765,0.007293534134036543
1.0761014053349203,1.0807219914425492,-0.029306617723982242,-0.029814301658284446
1.1658992816173108,1.1872489336437106,0.08979787628239055,0.10381389772758383
1.0132570976096231,1.0351209620832054,-0.1526421840076877,-0.15675464547032175
1.1129969062140106,1.1359953831771645,0.09973980860438747,0.11262350718578391
1.14567324795782,1.1509517638362492,0.0326763417438094,0.015463641591611291
1.1295071381162443,1.1234536447763925,-0.016166109841575738,-0.027155308024483488
1.0806262569911351,1.1021286899524538,-0.04888088112510913,-0.03639624249104169
1.188193297329499,1.1881045081557073,0.10756704033836395,0.11556821393349453
1.1231428635143659,1.1224270833261027,-0.0650504338151332,-0.06282345175192879
1.1303502756612631,1.137347191334681,0.007207412146897241,0.0021654189725722585
1.0819819989146533,1.0803790245764322,-0.04836827674660982,-0.04337102143203503
1.1397597892734126,1.1207454450488887,0.057777790358759296,0.04354513731065065
1.0803673361833606,1.0840629455679953,-0.05939245309005203,-0.05177916716766213
1.1180570204990776,1.1116754782146556,0.037689684315717065,0.02413223398445221
1.0477343981747722,1.042318787122042,-0.07032262232430542,-0.07304553808481129
1.1356206700190115,1.1360933758018685,0.08788627184423925,0.10261855252129336
1.0471982542067246,1.0367817380174555,-0.08842241581228683,-0.09568432785267966
1.0968476598799937,1.0770524029114295,0.04964940567326903,0.05426718330794075
1.2168003454244092,1.2161850772484022,0.11995268554441552,0.11747484405629198
1.1681993011599774,1.1777417821189333,-0.04860104426443179,-0.050524540026703715
1.0728706280090177,1.0860699282958985,-0.09532867315095972,-0.08216531147568348
1.0490972898869404,1.0752258533866554,-0.02377333812207727,-0.01998145526624005
1.0620559110755243,1.0512593448480294,0.01295862118858393,0.009339460811473228
1.044901136935858,1.0812825750392199,-0.017154774139666262,-0.022151552522017767
1.1161860930916143,1.0859751601115437,0.07128495615575625,0.07707580215391305
1.0758419717489556,1.0766588180135888,-0.040344121342658745,-0.03732466615774109
1.117695295177091,1.150447329305367,0.041853323428135525,0.034640717842797576
1.099491841187344,1.0989219351042692,-0.018203453989747098,-0.012831901032764631
1.1241751191559408,1.1205173725574493,0.024683277968596817,0.023884125396677308
1.1124132915959437,1.1109482134102704,-0.011761827559997107,-0.00853852684422287
1.0196086455863638,1.0405226179369074,-0.09280464600957994,-0.08969214335671308
1.1148540735447807,1.1008717576774623,0.09524542795841695,0.09515778369511514
1.157028888385241,1.1591413513855748,0.04217481484046037,0.05627377775889714
1.2569979721986104,1.282305740986814,0.09996908381336933,0.09160560537095239
1.1492439898441154,1.1256773484045317,-0.10775398235449507,-0.10261232245237535
1.1615349216105648,1.1576099205838342,0.012290931766449464,-0.00335418643947245
1.1271561820995462,1.1118468793839313,-0.03437873951101866,-0.037978148663849305
1.0329472827917727,1.000418336345949,-0.09420889930777343,-0.1005759776164067
1.1637749253789385,1.1445922405423408,0.13082764258716573,0.12423852696059495
1.0747323880461543,1.0652409538253984,-0.08904253733278411,-0.09318000358507912
1.1457730202485816,1.123921585193188,0.07104063220242729,0.06391739628771015
1.1213166975679123,1.1196996427181387,-0.02445632268066933,-0.028408282062278235
1.1756802780816786,1.18582441512306,0.05436358051376633,0.0517659660558734
1.1093339690016104,1.1316989868289582,-0.06634630908006822,-0.057747268049126665
1.082191012117198,1.0666927803346569,-0.027142956884412373,-0.0396716731636252
1.0480733796375439,1.0324270667086655,-0.03411763247965416,-0.036453076432573214
1.0762503881685925,1.0646674872068267,0.028177008531048653,0.013235083290695915
1.1428899210984067,1.1366612395099331,0.06663953292981417,0.06363729898671833
1.152494561274014,1.1585622121774126,0.00960464017560736,0.003104350764892981
1.0741158509865807,1.0570221246344766,-0.07837871028743337,-0.06239447788141343
1.0574790376641157,1.0426941814822832,-0.016636813322465027,-0.032999697311359155
1.100311053397415,1.0902574161394583,0.04283201573329931,0.03917625717025128
1.0748923144723672,1.076956490447423,-0.025418738925047757,-0.039281574754793325
1.1679334440842213,1.1764550764826334,0.09304112961185407,0.09364918818537732
1.0344875047015476,1.0391113447655849,-0.13344593938267368,-0.1441621246719254
1.1771567705400763,1.161377076791331,0.14266926583852868,0.12359642635635254
1.2401668881008463,1.1973428116778329,0.06301011756077002,0.06208717174553459
1.1596340567988852,1.1517929529210753,-0.0805328313019611,-0.08728634102334014
1.0818609494055331,1.0715832504424891,-0.07777310739335208,-0.09457075646033532
1.1652955828125993,1.1842250890101365,0.08343463340706614,0.0838161423503879
1.0927355435405917,1.0814884136010514,-0.0725600392720076,-0.06879504908095167
1.1907821310711666,1.2148158208015438,0.09804658753057494,0.10103445819890927
1.148741150942515,1.1137525367070051,-0.04204098012865165,-0.044523651931024484
1.1145160800200429,1.111623865954524,-0.03422507092247207,-0.034407677371703964
1.1983144712822738,1.181331195435803,0.08379839126223088,0.07037194954178044
1.193310840595072,1.2130998259048038,-0.005003630687201666,-0.01911699843902695
1.1787763889260414,1.1771277959642468,-0.014534451669030668,-0.0019098491847537782
1.186351109838645,1.203460732730922,0.007574720912603583,0.007416643053849213
1.126368036913636,1.140384331281979,-0.05998307292500904,-0.055604721412826116
1.1321082170746084,1.1115240025006927,0.005740180160972441,0.0030963575152583157
1.1283543005011143,1.1228995905250754,-0.0037539165734941093,-0.016107945419520583
1.2071394606654862,1.207277344917858,0.07878516016437187,0.09070683709634977
1.1691696058072012,1.1510355348761596,-0.03796985485828497,-0.025983752514482737
1.1496182060098534,1.1311098351237383,-0.019551399797347768,-0.03027227519386451
1.0691224979213838,1.0859756793952218,-0.08049570808846962,-0.08390958190772023
1.1539496705226486,1.1886386001156761,0.08482717260126482,0.09580119180689911
1.2168630301684877,1.1971301476576397,0.0629133596458391,0.05900868866248426
1.1777350639620443,1.2327755245470366,-0.03912796620644343,-0.028560331436055766
1.1103911613141806,1.1140661371231564,-0.06734390264786372,-0.06839315316756468
1.218279955537095,1.2260844557047739,0.10788879422291431,0.09573024518630868
1.170990185817444,1.1502383576179063,-0.04728976971965082,-0.019260198363105534
1.1048833665914637,1.0914630683465558,-0.06610681922598038,-0.06743733988142454
1.1154771659759302,1.0978594959815242,0.010593799384466474,0.02852934286561025
1.1465574824385645,1.1856497059358926,0.031080316462634316,0.037667595984408796
1.1532723431313365,1.1702149461438123,0.006714860692772051,0.012213863297985135
1.065258663793703,1.0763643126223679,-0.0880136793376336,-0.09066407384102505
1.2218375141738258,1.2232216825760613,0.15657885038012287,0.15898806888776973
1.1916797182897383,1.2098052584678456,-0.030157795884087513,-0.03709781375850113
1.1836635128128739,1.2032108650127378,-0.008016205476864435,-0.014866629317250269
1.15633539192139,1.156928047546182,-0.027328120891483954,-0.03524437870616038
1.192059959148618,1.1780558449659635,0.035724567227228166,0.04698912572192703
1.1365161226384144,1.1073676021156729,-0.05554383651020367,-0.04183459170706692
1.199698489417802,1.1533765945729997,0.0631823667793876,0.06528853218139342
1.2097157967810677,1.198135398245903,0.01001730736326567,0.011970174144242956
1.1488961827379809,1.1713473280223297,-0.06081961404308678,-0.056872819046080464
1.1641923961741947,1.1416835352700743,0.01529621343621379,0.007116964628995226
1.1605253158752122,1.17813748012726,-0.003667080298982439,-0.01311296593629923
1.2823313166539962,1.3049282567309273,0.12180600077878401,0.11236564757717744
1.1519250063698216,1.121658503272219,-0.1304063102841746,-0.1393057957997214
1.1772446616544145,1.1716688741428531,0.0253196552845929,0.014804411973744597
1.1857157715323066,1.154308758977476,0.008471109877892014,0.00490382830731668
1.2249376722773067,1.2143291481880008,0.03922190074500009,0.023501115230706547
1.0080059149417473,0.986758140832004,-0.21693175733555936,-0.22682249698835147
1.1382033391620763,1.134508234075451,0.13019742422032898,0.12091998521720257
1.1642294603421606,1.1490843373290645,0.026026121180084294,0.03341733936774689
1.2651701897015666,1.2704116249918653,0.10094072935940601,0.09702024811244356
1.128016774796221,1.117081657699599,-0.1371534149053455,-0.13064115101280907
1.1617059687137574,1.1946412841486838,0.03368919391753633,0.025953390078590134
1.155510998614959,1.1457054571302043,-0.006194970098798436,-0.005152911203766064
1.1449030564651144,1.1299041223998065,-0.010607942149844618,-0.01196745337688074
1.2128240240005004,1.1967610554245733,0.06792096753538601,0.06454043783259235
1.2070077012668805,1.1959338619460773,-0.005816322733619872,-0.020836982125737553
1.1347398716464718,1.1216891777517737,-0.07226782962040867,-0.08137450957388088
1.1276740995414771,1.1465304559247176,-0.007065772104994705,0.006938793044244289
1.0541106764571355,1.0536778504480206,-0.0735634230843416,-0.08465419415094327
1.2631470414169315,1.2457736575357683,0.20903636495979594,0.19468838466997576
1.2084306470882955,1.2090482727359289,-0.05471639432863595,-0.04665016937892306
1.1401183748498505,1.1185730263629678,-0.06831227223844505,-0.05799610887595364
1.067690783158465,1.0435961947248102,-0.07242759169138546,-0.08958865416795572
1.293113536040507,1.2817972397714517,0.22542275288204205,0.2135482075678606
1.1608590986282596,1.161081596797167,-0.1322544374122474,-0.14798432152206575
1.1095317230678379,1.1184354731531478,-0.05132737556042177,-0.05339975421313444
1.210313984308653,1.2066877353666865,0.10078226124081513,0.09382387567834083
1.2395781970100381,1.2647689252933159,0.02926421270138513,0.03119696734247996
1.2168948713687597,1.2151757027640202,-0.022683325641278396,-0.015956103231809834
1.0825500287204597,1.0911383855886054,-0.13434484264830004,-0.12765018338583256
1.1172984797781438,1.1356022453490648,0.03474845105768409,0.03277502360365444
1.1756066213893133,1.1742471702698825,0.058308141611169484,0.06823322132667746
1.2161314030540324,1.221510777995379,0.04052478166471918,0.0372005597222827
1.1423912943409615,1.1424384563680758,-0.0737401087130709,-0.1088886215963519
1.1730089565691884,1.1815438665101148,0.030617662228226816,0.02536063523325144
1.221450276356042,1.2290066164595028,0.04844131978685362,0.03027126273808921
1.1383245061326321,1.1168507478311904,-0.08312577022340983,-0.0692897645701154
1.1974775648342972,1.1910779102879774,0.059153058701665095,0.057621304170327264
1.299558977521683,1.3350463166274256,0.10208141268738569,0.0957061485399104
1.186820625072224,1.1906901069806894,-0.11273835244945896,-0.1133490798418638
1.2010657228426325,1.2631083537493553,0.014245097770408499,0.02501518102645055
1.1571855895824963,1.146402672054817,-0.04388013326013618,-0.038814012031949785
1.1440561863002559,1.1297481777013318,-0.013129403282240437,-0.02401979518783287
1.0700380023093778,1.0549031666192226,-0.074018183990878,-0.09826096269981852
1.1996107729350312,1.1794600591492321,0.1295727706256533,0.1254185280184181
1.2610710493163897,1.2250768873668005,0.061460276381358536,0.06109994014068174
1.2313493755115157,1.225296118749098,-0.029721673804874005,-0.038135024359021635
1.1829467623426937,1.1943379195584019,-0.048402613168821995,-0.060088964190897494
1.1955373265343243,1.1917223929045564,0.012590564191630627,0.020873556418461066
1.2178355546484256,1.2089104810364661,0.022298228114101315,0.011659219817795838
1.1906605504419303,1.1767762261143337,-0.027175004206495323,-0.050361390183187416
1.1963787146651754,1.2269575257303247,0.005718164223245115,0.01849158380718724
1.171113110917447,1.1629877376924989,-0.02526560374772835,-0.03418246862604141
1.1811622060145701,1.1496310713748747,0.01004909509712304,0.006561397250440399
1.0511661467670026,1.06956429562058,-0.12999605924756752,-0.12781162768885207
1.2249380124082299,1.191377317855201,0.17377186564122726,0.20556653191814833
1.1697496649512291,1.1567361538418819,-0.05518834745700074,-0.05094746226598193
1.1514481452155385,1.1248751918330964,-0.018301519735690608,-0.019461291515972378
1.2220281230820556,1.1929229466033384,0.07057997786651704,0.06184586163156856
1.1109738438406729,1.1031895727827004,-0.11105427924138267,-0.12583182428108092
1.1923955978146814,1.1859725340616618,0.08142175397400853,0.08973551260455477
1.149158053936771,1.1557287712263213,-0.043237543877910456,-0.04792959813567817
1.0817412075452861,1.0911186130855057,-0.06741684639148482,-0.08586374410506784
1.2327515296689229,1.2095112908631154,0.15101032212363674,0.15756628589916105
1.1614899791960345,1.186621705535197,-0.0712615504728884,-0.08008477323816811
1.228582328628996,1.2321366459221346,0.0670923494329616,0.07494091787302205
1.1454563636112447,1.2100625357030024,-0.08312596501775138,-0.08772292615985658
1.1837390970833264,1.1708416763734901,0.038282733472081665,0.03608540925102373
1.0266528755795992,1.0268894029404187,-0.1570862215037272,-0.13943085045661707
1.2543493614415566,1.291621564156619,0.22769648586195745,0.22985444105142566
1.1346488820220486,1.1369467382329943,-0.11970047941950801,-0.09487295072608412
1.0913684491204916,1.0838941833410223,-0.04328043290155703,-0.028596556983686384
1.197785395360932,1.2012448517555854,0.10641694624044051,0.11233178161056492
1.164099577859333,1.1518551099278749,-0.03368581750159905,-0.019467885007482352
1.1664132979309885,1.1675552840412347,0.002313720071655423,-0.0037637782533472197
1.241100063988278,1.2570524813800537,0.07468676605728963,0.08521736452776787
1.2804373688274238,1.3172336870229542,0.03933730483914566,0.042605845038247034
1.1235618205716549,1.1490695642538158,-0.15687554825576888,-0.1576777015621198
1.1405346771026659,1.1545005171819163,0.016972856531010994,0.008869451772903677
1.2017665641856472,1.2107232445131102,0.06123188708298133,0.058830937488118275
1.2458746365410855,1.2423981294480806,0.044108072355438344,0.03949749560614287
1.1780031420534258,1.1877144826953112,-0.06787149448765972,-0.051457193123723544
1.1396872501236588,1.1646413365445771,-0.03831589192976703,-0.027215707459063355
1.1826703539509844,1.1928045353176333,0.04298310382732562,0.04627929446189244
1.1695226491707067,1.2092913192542314,-0.013147704780277714,-0.006373529042908068
1.1807040577332302,1.2054332954037161,0.011181408562523476,0.010677861277505762
1.1411659066421,1.1560488204752346,-0.039538151091130125,-0.03301093827470047
1.2058819809630348,1.1847382716628652,0.06471607432093474,0.062174862039523125
1.1979738008616763,1.1982904613216214,-0.00790818010135852,-0.00617914111184583
1.1989622744548223,1.2081207179771636,0.000988473593146022,-0.0009971444821443628
1.1865926955949746,1.1768023258126306,-0.012369578859847685,-0.012339212949370857
1.101776714470786,1.0728533628722023,-0.08481598112418864,-0.08661888968659817
1.0996735740369106,1.0949848758991498,-0.0021031404338753834,-0.0067456849842395085
1.2121153041940687,1.2234383412556027,0.11244173015715808,0.1078273023941793
1.1046812920263762,1.0888236356133802,-0.10743401216769244,-0.10580160550414383
1.2421156708972108,1.2836622330113467,0.13743437887083454,0.12445528132019308
1.2182426809195173,1.2098620925929615,-0.023872989977693493,0.00917389574430022
1.1564603047107065,1.187611046007997,-0.061782376208810774,-0.06423474282683715
1.0963237494616995,1.122728224077568,-0.06013655524900696,-0.0516567599941258
1.2088631026755086,1.2056060367666601,0.11253935321380903,0.1181529648921755
1.1351326268777224,1.1482503236193897,-0.07373047579778613,-0.08300650148721103
1.1719068678077569,1.1401962550506248,0.03677424093003445,0.018409943135844428
1.2357111559813707,1.2541631207054753,0.06380428817361383,0.06314541969836929
1.1420766553923802,1.1896737753505884,-0.09363450058899048,-0.08705764693341923
1.22163671078866,1.2186768906199932,0.07956005539627986,0.08359166849291318
1.2591364319654887,1.2852832673452093,0.03749972117682865,0.019842753356467645
1.1905698314759336,1.1820580874581084,-0.0685666004895551,-0.08383244686872239
1.1981521251921894,1.1638169044747522,0.007582293716255739,0.007278472610096657
1.1729238514463904,1.190390413355004,-0.025228273745798946,-0.028510037046513725
1.1751419089209931,1.1819583018550057,0.002218057474602686,0.01291574767420276
1.2249097656416348,1.2034541578737339,0.04976785672064166,0.05706091165792729
1.2140231353857913,1.2245918439010077,-0.010886630255843466,-0.01757062533332008
1.1524173856785667,1.162647310417325,-0.061605749707224655,-0.0744260430016304
1.261261674850149,1.2965476281197017,0.1088442891715824,0.1249722814888253
1.2347849017332722,1.229087886133608,-0.026476773116876906,-0.047625459250579996
1.1798728921124557,1.1841843723661727,-0.05491200962081644,-0.04724728077334847
1.2059606383005796,1.2097707997152987,0.026087746188123928,0.0170776490056114
1.2406079864706818,1.2532324839046998,0.03464734817010218,0.030126590849690417
1.0842142153797085,1.0794317474065382,-0.1563937710909733,-0.15646022532567297
1.2087847008112238,1.23675646918577,0.12457048543151528,0.12103955224763918
1.2234424727225548,1.2286350241952653,0.014657771911330997,0.001592344831478805
1.163220031629515,1.1591327867610348,-0.06022244109303987,-0.06970936071546593
1.1556798309435985,1.1385925583538679,-0.007540200685916432,-0.02006677669271187
1.143888096194178,1.1518464268525637,-0.011791734749420524,-0.0025637637165278216
1.2546288124656102,1.2411382754999853,0.11074071627143223,0.10066397504673573
1.255036887925049,1.2653656791779428,0.00040807545943888357,0.010045834812994583
1.1662840441145215,1.1861479379607505,-0.08875284381052762,-0.08917998715350134
1.283168150938724,1.2910775302761528,0.11688410682420258,0.0961186901675764
1.1803467427815122,1.175920659557933,-0.10282140815721186,-0.11542217756674882
1.2700310188605672,1.2644247010898726,0.08968427607905505,0.09536932703577612
1.162027874556609,1.1672632927640572,-0.10800314430395819,-0.10330346782148728
1.213473249551349,1.1955680364804258,0.05144537499473989,0.0670962919673355
1.2209945117192036,1.2175956467036457,0.007521262167854648,0.00973345300402664
1.115731563754035,1.1222031563163797,-0.10526294796516855,-0.1088943530479489
1.1964056724090342,1.2153053756209895,0.08067410865499913,0.06914277165665708
1.1516388041664065,1.1452365148285564,-0.044766868242627655,-0.04007677373905877
1.1739483977642269,1.1554757157936566,0.022309593597820365,0.026954604830273506
1.1535065704302314,1.1568135900069199,-0.020441827333995466,-0.02857725098624471
1.2014810883319633,1.2113643576601791,0.047974517901731906,0.050065942489384174
1.2758613761091555,1.2951036492190298,0.07438028777719219,0.08404561511508572
1.145299444490331,1.1374640350898775,-0.13056193161882446,-0.12016587341343776
1.161376198219555,1.1636389296429563,0.016076753729223903,0.01624121112359262
1.2383690787282673,1.2428508108018403,0.07699288050871234,0.0700990501205223
1.26046592792868,1.2567089821770856,0.02209684920041277,0.026846207716049047
1.248132055094564,1.2576309427269319,-0.012333872834116022,-0.024542195985959997
1.125925583472278,1.0921120057396638,-0.12220647162228615,-0.12989208313143177
1.1551764486811678,1.1411855696092035,0.029250865208889865,0.013664089510056035
1.2208896177668636,1.2175685212274892,0.0657131690856958,0.07388992101328079
1.1790678518078281,1.1420342950911702,-0.04182176595903542,-0.04299960625706872
1.281667281908901,1.3202449180142009,0.10259943010107286,0.09709186198560665
1.1552718291861894,1.1392973881743467,-0.12639545272271158,-0.1336755328717508
1.1315214462349208,1.1157220686133569,-0.023750382951268634,-0.04168633632478147
1.2757506623846733,1.2918293174925934,0.14422921614975248,0.16003288323361392
1.1976503668733418,1.1615843572692153,-0.07810029551133146,-0.0757591464802948
1.2644083698925515,1.2942910221530504,0.06675800301920964,0.07152701686702101
1.1821490313278025,1.1975722648192983,-0.08225933856474898,-0.08393893755646786
1.2455828285625727,1.2505629276874102,0.06343379723477027,0.055272390488035075
1.218875585975817,1.2315270818644806,-0.02670724258675583,-0.02122143618359032
1.2323978588693836,1.2065549335835388,0.013522272893566667,0.028926967886720938
1.311578541998899,1.3275788650659948,0.07918068312951543,0.057023563202244734
1.131873050419258,1.1038102490477444,-0.179705491579641,-0.1895743086530475
1.189961599554629,1.1863305801846142,0.05808854913537109,0.0587145246051127
1.2493184732577158,1.250636429606303,0.05935687370308673,0.0650487967621187
1.1391032736353137,1.177617275130693,-0.11021519962240212,-0.12135509792625127
1.2999223573995153,1.3319998050165984,0.16081908376420162,0.1755634347609107
1.2139012362053432,1.2110866745496476,-0.08602112119417216,-0.09315034377670034
1.2098507228304947,1.236006467808682,-0.004050513374848519,-0.013227961814718154
1.2205069346562971,1.2694147747403859,0.010656211825802453,0.007877145459667228
1.2072798063947137,1.2138210492131314,-0.013227128261583454,-0.0010279382973612076
1.2235240457346002,1.2441713161872832,0.0162442393398865,0.018786202053204033
1.1755693761626986,1.1476694618727825,-0.04795466957190153,-0.04229040325226763
1.2112256809314443,1.1786749986856782,0.035656304768745706,0.024479681507770842
1.2106406157329679,1.2409290181144916,-0.0005850651984764532,-0.005738508413519408
1.1911581522539048,1.1363698372098185,-0.019482463479063128,-0.02636977751994224
1.1584268050723059,1.1269088550122435,-0.03273134718159887,-0.025120535749641806
1.2239612449032666,1.2238799276278143,0.06553443983096074,0.05889387746680859
1.2698409772322916,1.2779142193346928,0.04587973232902498,0.04265127586058821
1.1605628752875317,1.14974803860507,-0.10927810194475995,-0.11782679792925438
1.2044382422307829,1.1839058865604748,0.043875366943251226,0.039310713743713706
1.2007106977802606,1.2275946200045773,-0.0037275444505222577,0.004974344573901654
1.1918452738561456,1.2379487015122652,-0.008865423924115046,-0.018186148627554712
1.221593256254782,1.2510736235551918,0.029747982398636408,0.03812873521872333
1.1506681671447094,1.1138162695136542,-0.07092508911007256,-0.08140837573384423
1.2544590516831284,1.2802781444224927,0.103790884538419,0.11652572442271819
1.2451442539200193,1.2415181041419576,-0.009314797763109173,-0.0058908040685443095
1.183403399771929,1.199536878172131,-0.06174085414809016,-0.05251065613651343
1.2219695024907564,1.245113519694033,0.03856610271882732,0.029797458377497713
1.2010175642751666,1.2033267679659205,-0.020951938215589827,-0.02898749418565889
1.2118150596293327,1.2300466973371642,0.010797495354166076,0.006567292727233129
1.220103770287746,1.2358003149575478,0.0082887106584133,0.005469191654372778
1.1966916406049255,1.2047579234762524,-0.02341212968282047,-0.029831034256426837
1.1307439794751153,1.12373880840747,-0.06594766112981021,-0.06328245201539195
1.1729706122479187,1.148810835969113,0.04222663277280336,0.029148996416976478
1.1766521082342356,1.1677316286529162,0.0036814959863169516,0.0027499718995921923
1.2248147561521918,1.228395764254119,0.048162647917956214,0.03978179395466769
1.2201761173048544,1.1674196278602935,-0.004638638847337395,-0.00543031922316283
1.2671650068260543,1.2806966843820191,0.04698888952119984,0.055560897391711134
1.2114079323255005,1.2145796034968044,-0.05575707450055378,-0.04712102700618348
1.1421743854204538,1.1599705895550694,-0.06923354690504668,-0.04870237613179163
1.2865395993990414,1.2601224270287197,0.1443652139785876,0.13866912185715755
1.2169375537238478,1.1944267760572091,-0.06960204567519357,-0.0566775485599307
1.2112713189594786,1.2150876205624033,-0.005666234764369227,0.00018120896766631468
1.3023571380725183,1.31954850836508,0.0910858191130397,0.08466549394437248
1.2563810709432524,1.2765103755144316,-0.04597606712926594,-0.05107142479214415
1.1749620335869744,1.16574117976146,-0.08141903735627798,-0.07981240184017163
1.222751955583667,1.2431136200784265,0.04778992199669263,0.05942417412097824
1.2599107955031938,1.251672343397554,0.03715883991952684,0.03082612650118667
1.1717109160551966,1.1659608262301266,-0.08819987944799723,-0.08639791845187442
1.1934905700159257,1.19239292792345,0.021779653960729117,0.009432689149084175
1.263678085669075,1.2562224605390808,0.07018751565314929,0.07099436099757878
1.23580038614056,1.2259820294605304,-0.027877699528515043,-0.021146534664569547
1.1921281546833347,1.196043855446294,-0.04367223145722532,-0.03475924356805778
1.2475306475830357,1.2298616110078615,0.055402492899701006,0.057736174424122995
1.1313779251496845,1.089092089597809,-0.11615272243335117,-0.11372136697306666
1.2634857189935742,1.2712038411579092,0.1321077938438897,0.13034443026378154
1.2486484860113873,1.2123242609097025,-0.014837232982186865,0.013032893012470563
1.2420481205243807,1.2242448536016193,-0.006600365487006599,-0.006278498436095869
1.3313396812585243,1.3532547274147253,0.08929156073414357,0.09671304177885423
1.293461872044921,1.302154466320909,-0.0378778092136034,-0.028015767002612553
1.2202141858058697,1.2301947968494673,-0.0732476862390512,-0.0696946525275581
1.2083949426160103,1.188405360154925,-0.011819243189859385,-0.0024014197493246615
1.2583618438689905,1.2643189825978065,0.0499669012529802,0.046201010827854216
1.2005214997786866,1.1998158879513197,-0.05784034409030392,-0.06090885814577681
1.2657516952589993,1.2817693533586472,0.06523019548031272,0.052874305630813426
1.2864712865165275,1.2843098096320458,0.020719591257528203,0.032132776344784314
1.1645076123495648,1.1676502201158434,-0.12196367416696274,-0.12382676062373062
1.270896172739965,1.3043364657164798,0.10638856039040023,0.12129975700243936
1.2829084665799468,1.3282567304517179,0.012012293839981814,0.017121796280648728
1.251735967615365,1.2380352162826977,-0.031172498964581852,-0.03418459979559046
1.1706582697191035,1.1627910874020144,-0.08107769789626151,-0.0733134709052963
1.2790641002484158,1.2411962303651878,0.1084058305293123,0.10945308656949669
1.2522990854697795,1.2530453719881143,-0.026765014778636242,-0.01243903278750167
1.3023311894100607,1.2616280918601739,0.050032103940281125,0.03334383452006113
1.1994761792691535,1.1805624168449056,-0.10285501014090714,-0.10839795957176802
1.210368342968461,1.205239458459692,0.010892163699307567,0.015613162535597708
1.0899254241603185,1.0817520817369517,-0.12044291880814262,-0.12007660052767218
1.2024349386085307,1.2048830496865728,0.11250951444821222,0.11815598957495708
1.2721470240651744,1.2805633187932308,0.06971208545664376,0.08272383983482295
1.2148045313116322,1.2024524378986334,-0.057342492753542196,-0.049060684344535754
1.1988847486466665,1.1699979012031334,-0.015919782664965743,-0.0007907305677722284
1.241626177064665,1.2405432132966576,0.04274142841799855,0.04302173842613576
1.2723490553351144,1.284317831364361,0.030722878270449394,0.04440765586425499
1.1689402122353887,1.1974737150154509,-0.10340884309972576,-0.10629890335145226
1.2119015877136283,1.2052176558198924,0.04296137547823964,0.0558710694735714
1.2687424165565622,1.2775870666402218,0.056840828842933844,0.05477595546951568
1.3878249264664348,1.3807598165573316,0.11908250990987268,0.11874833538696654
1.3592783255040002,1.3234972286325137,-0.028546600962434665,-0.0030742985446728967
1.1925061547710378,1.1915901272780653,-0.16677217073296235,-0.1680016360218368
1.2424780673539322,1.2244518481653472,0.04997191258289435,0.029158414476073254
1.2539399819307968,1.2496060454596307,0.011461914576864629,0.012051692983360982
1.345653440145417,1.3685754290342511,0.09171345821462018,0.09409042126266873
1.2407161931069146,1.2265299210794904,-0.10493724703850238,-0.09877056963773463
1.2019955533089273,1.2162220447038188,-0.038720639797987344,-0.03930530958670885
1.1128341628313774,1.1036609477533628,-0.0891613904775499,-0.08593207042250277
1.3051470840179826,1.2970189925289821,0.19231292118660526,0.21187740329094518
1.1747513076378282,1.1626321350301372,-0.13039577638015443,-0.14333903643702578
1.2254913768500841,1.2231278386686995,0.050740069212255934,0.0670841168846524
1.2639026131106132,1.2924724931634959,0.038411236260529114,0.03259427313131154
1.2343029733800936,1.2212835071032038,-0.0295996397305196,-0.03568811724711009
1.2811625163046148,1.2970113269718224,0.0468595429245211,0.04664299181249021
1.225177351652422,1.2074696201761335,-0.05598516465219272,-0.057133378621833986
1.3016637783699296,1.3048284930866858,0.0764864267175076,0.07640726167095335
1.2978783315715694,1.2886670476019497,-0.003785446798360237,-0.016514762244129504
1.2276080289238702,1.2089283627276493,-0.07027030264769918,-0.07004174686345256
1.2924788548710515,1.2910055028025955,0.0648708259471813,0.07492453597262295
1.3160839912915865,1.3308077640776073,0.023605136420534967,0.012887914450620503
1.1610986313290466,1.142705655049768,-0.15498535996253993,-0.1476382773950271
1.240667568231178,1.2458978309798885,0.07956893690213152,0.06468113522100433
1.2716860857040082,1.268206202780865,0.03101851747283013,0.039156585696921944
1.1086089363301685,1.0984470036350513,-0.16307714937383966,-0.1686921640928382
1.2172007785142291,1.2264552178472525,0.1085918421840606,0.10129467466927723
1.1893563408921035,1.1569214010308049,-0.02784443762212563,-0.03223677662375084
1.18733839517655,1.1915920756714686,-0.002017945715553582,0.0015049831514596787
1.2894658541229886,1.2738594220760018,0.10212745894643871,0.09249101221364839
1.2210654056641146,1.2115270555598983,-0.06840044845887405,-0.07318423965113721
1.2359256143015487,1.2664323607677284,0.014860208637434091,0.012990146155755805
1.2636507029134616,1.2297137968243095,0.027725088611912918,0.0347366516834411
1.1401445968981325,1.140188507598785,-0.12350610601532908,-0.1195958633827602
1.2113349542517091,1.2123442315403439,0.0711903573535766,0.05986383812811781
1.2106481123467159,1.2401194932642359,-0.0006868419049932406,0.005365516889839989
1.3598075838775152,1.327995112677605,0.14915947153079934,0.13997772094868444
1.3061738940231313,1.2746573045176643,-0.05363368985438388,-0.031386555664859275
1.160329675315591,1.1838850975258677,-0.14584421870754039,-0.1593002538057249
1.2202427774580866,1.2147561864798184,0.05991310214249568,0.05297347379597968
1.2514859000692116,1.2403807687081199,0.03124312261112494,0.02778794598583386
1.1452094750187343,1.1439750870213377,-0.1062764250504773,-0.12156095167315915
1.2332236535768917,1.245285963448254,0.08801417855815741,0.08910893914667171
1.2295744768789094,1.2637969483097842,-0.0036491766979822593,0.007018389766175897
1.2896690646321038,1.30709074433606,0.06009458775319443,0.07335326255686918
1.268909520005827,1.2560884436447597,-0.020759544626276938,-0.015170996174852971
1.2780080512068976,1.2648306923757857,0.009098531201070736,0.00997951435533962
1.1741034623312434,1.153220672357414,-0.10390458887565424,-0.12326178939859808
1.2496609420630467,1.2454978282109832,0.07555747973180327,0.0823167851795356
1.2644270314903898,1.2595554789394898,0.014766089427343143,0.0069110292827825725
1.312087369957868,1.3017902172492615,0.04766033846747808,0.04253851043264944
1.1855718524442833,1.1835004398705056,-0.12651551751358459,-0.1301504808107402
1.2479623153183799,1.23406839727128,0.06239046287409655,0.06856445815885252
1.2946015126019708,1.272436111868522,0.046639197283590894,0.03835995563249915
1.2976753938908492,1.3133828819905082,0.0030738812888784217,0.00256634951061377
1.2676829788502355,1.2677725202995607,-0.029992415040613674,-0.03048788345933631
1.2502955701360563,1.2553100824895573,-0.01738740871417921,-0.016291003022265858
1.296720364348667,1.2794264641415851,0.04642479421261081,0.03215652212209863
1.2337132701650837,1.2450643036764102,-0.06300709418358341,-0.050173799757902836
1.2578906386227577,1.2236451265279222,0.024177368457674042,0.028551810364251605
1.2063780921336977,1.1947177826307862,-0.05151254648906001,-0.06751960488680422
1.2121634503131065,1.2387493537426255,0.005785358179408728,0.007999391447799382
1.2749287544741823,1.2760562782343057,0.06276530416107584,0.06884004792725255
1.3131732543923786,1.3148521505449025,0.03824449991819634,0.016714258002542864
1.33048506976293,1.3478508284973447,0.017311815370551376,0.0345214470054364
1.3273012203330474,1.2870082886789933,-0.0031838494298825903,-0.01657510273151673
1.1882306919516477,1.1826757948041964,-0.13907052838139977,-0.13238957258651698
1.2389917593663606,1.259301861525232,0.05076106741471298,0.04407770833964772
1.1581839813198835,1.1218124009686605,-0.0808077780464771,-0.06253481815510537
1.3397561354804808,1.363122917096727,0.18157215416059724,0.16888767190776935
1.2434899910415678,1.2565706953161615,-0.09626614443891301,-0.1013503317020085
1.1829000757810078,1.158381300355855,-0.06058991526056001,-0.059433550719185296
1.228876029263701,1.2307834467927872,0.045975953482693344,0.04617956960226702
1.2490062226480807,1.233491530535599,0.020130193384379602,0.013411639618378941
1.280597697151928,1.2664320056856984,0.03159147450384725,0.011751799710176737
1.2736797741403658,1.2548175542633833,-0.006917923011562133,-0.012724215797625234
1.3141330746486015,1.3223049632644992,0.0404533005082357,0.031907965743226366
1.2476792007895963,1.2721844974196412,-0.06645387385900525,-0.06942026425126621
1.310889871315282,1.2632764672407035,0.06321067052568563,0.05887085214634619
1.2259882842598755,1.23112785022515,-0.0849015870554064,-0.0736939545153166
1.2621415472910393,1.208288534426696,0.03615326303116384,0.03211336358433879
1.3328739132626148,1.349894247288236,0.0707323659715755,0.08497853232337878
1.1578294560534463,1.1485681071656908,-0.1750444572091685,-0.17051309355728453
1.3095502710715843,1.2966777728786234,0.15172081501813794,0.16298337910556268
1.3364024591359933,1.351418419012103,0.026852188064409033,0.025540494610578442
1.2190011403594525,1.2088851538932481,-0.11740131877654081,-0.13599621027973968
1.2694201492945343,1.211257122403021,0.05041900893508178,0.05369476678985503
1.2328329186831661,1.2458046720992575,-0.03658723061136815,-0.03922742280269165
1.2716940832185994,1.2820478340058836,0.03886116453543331,0.04309591992458159
1.3264371740354968,1.3238656028860154,0.05474309081689732,0.039215654008251416
1.2674457327843742,1.2875531494767976,-0.058991441251122545,-0.0574059952818586
1.25066566347924,1.252831521900395,-0.016780069305134315,-0.02335538613786569
1.2816531652609537,1.2739576528805296,0.030987501781713833,0.022367237170311072
1.259011468932787,1.2787401407322967,-0.022641696328166816,-0.011717062890056305
1.2708903074591726,1.2969446504116058,0.011878838526385715,0.004841208313717479
1.34165917453423,1.3556250740852887,0.07076886707505725,0.07492167355865785
1.2154683153730461,1.1794953146076914,-0.12619085916118378,-0.12067757793784271
1.2522671741760516,1.2482969427908819,0.036798858803005485,0.035032578334454854
1.2072621424265029,1.2337663732331536,-0.04500503174954873,-0.04967404798883993
1.311673156195739,1.3530317912173748,0.10441101376923623,0.10835164147590086
1.2773549801742974,1.2909490252730231,-0.034318176021441715,-0.03221451698112433
1.2339653631983636,1.1975899847395706,-0.0433896169759338,-0.034282988444722336
1.235209669247292,1.236422030863264,0.0012443060489284452,0.012217694173541222
1.2447307982772782,1.2282875955524837,0.009521129029986142,0.024905423135833302
1.1393841219994343,1.154219335073572,-0.10534667627784389,-0.09909722921687134
1.2368306956046782,1.2296189109201274,0.09744657360524389,0.09955295835305547
1.250769878063657,1.2462106740001089,0.013939182458978738,0.003998404844838165
1.2601054768609938,1.2411662466495055,0.00933559879733692,-0.0037841940107148607
1.3146986087144255,1.3254099503680858,0.05459313185343162,0.05702380149174027
1.2719744832800228,1.2697378042121357,-0.04272412543440263,-0.053280555508036696
1.3161451616473867,1.3173280703801642,0.04417067836736388,0.05144117952023497
1.36084104434474,1.3732594504118603,0.04469588269735336,0.05539771519861296
1.2550787122862999,1.2925079585816999,-0.10576233205844021,-0.09868409845404467
1.2457022781360352,1.2242492532824643,-0.009376434150264679,-0.01302420281464748
1.333399728773649,1.3736471734659588,0.0876974506376138,0.09892806646412074
1.2035820354241236,1.1941880243567957,-0.12981769334952542,-0.12317606692023948
1.2282632251713945,1.2462133137851228,0.02468118974727096,0.026041645872868807
1.264620673908094,1.2813587618435416,0.03635744873669955,0.027284281792589318
1.284767464958137,1.300766973574472,0.020146791050043023,0.01619469366576708
1.2861382944887028,1.2986424406070907,0.0013708295305656648,0.00264021961475309
1.2570493026940688,1.2455149894566002,-0.029088991794633978,-0.022237528962341917
1.309850806531754,1.2943952344711946,0.052801503837685226,0.07050615804732938
1.216600788762075,1.2144782979669375,-0.09325001776967912,-0.07856886977920642
1.25641461849084,1.2541393785583468,0.03981382972876513,0.037050093920141955
1.2404411427382274,1.2073028821196445,-0.015973475752612654,-0.009100707850140296
1.3323252381548596,1.3025166614446613,0.09188409541663223,0.07348743355516978
1.3471468594602238,1.332688692898317,0.014821621305364241,0.0230571143068058
1.269815953567957,1.2610860831779132,-0.07733090589226688,-0.06375277507459991
1.3334595756474696,1.338064529991294,0.06364362207951269,0.06916954880928307
1.2047412237655157,1.2243215395668627,-0.1287183518819539,-0.11229746299378972
1.2247537300673803,1.2301810709915042,0.020012506301864574,0.019455692998856227
1.2808224604706595,1.307653121128405,0.0560687304032792,0.059795493900031776
1.3160591014167542,1.310269630658111,0.03523664094609469,0.044978762690703236
1.3430896717594478,1.3317389109599884,0.027030570342693627,0.021645554773976918
1.3463113052990099,1.354181645402226,0.0032216335395620632,0.004784370178468916
1.2465561244890482,1.234034045257659,-0.09975518080996171,-0.09289838121117013
1.290713766197079,1.3097538916710312,0.044157641708030715,0.039044852171501235
1.2654998945276776,1.2563851282911147,-0.025213871669401255,-0.016786492638428623
1.2884774269841037,1.2674352525568429,0.022977532456426086,0.028132945278602828
1.267350330502456,1.274264027458988,-0.021127096481647678,-0.01886116473423045
1.2708051444882618,1.234253782945026,0.003454813985805716,-0.006473523742453347
1.2692326164608634,1.2085631037013391,-0.0015725280273983788,-0.012008372486406913
1.297580836005982,1.2905621298657866,0.02834821954511857,0.04052006642582095
1.2163052452782206,1.2111576524680603,-0.08127559072776136,-0.08397145704845511
1.2524681984544694,1.2401655257195636,0.03616295317624885,0.05904765911748745
1.2650962568012152,1.2354241513672652,0.01262805834674574,0.02756073880510615
1.3159603976748302,1.3356695891051942,0.050864140873615016,0.05467095215200518
1.3027094955977399,1.3149607809765174,-0.013250902077090343,-0.008652899427465562
1.319326006376101,1.3229466050243175,0.016616510778361127,0.02248623716165341
1.2421058092345107,1.2614290451988683,-0.07722019714159023,-0.07856042184339276
1.3379377162274848,1.363250794711087,0.09583190699297406,0.09111038928563514
1.2417647007336061,1.2166404929886208,-0.09617301549387869,-0.08797584399268245
1.1704723090964502,1.1600097381142593,-0.07129239163715595,-0.06283460130238516
1.165340931670633,1.199455389713008,-0.005131377425817263,-0.009664771830674775
1.3213064563517152,1.3424436583048152,0.15596552468108227,0.1458414825010356
1.289431354279351,1.2741872230141453,-0.031875102072364214,-0.02353486761093064
1.2518553109802897,1.2579567757646724,-0.03757604329906128,-0.02179777321055626
1.288429077783611,1.262245509661108,0.03657376680332125,0.014943473377637087
1.25170477883926,1.2242956005100596,-0.03672429894435103,-0.04189333670667746
1.2699765879054974,1.2697969593161877,0.018271809066237488,0.008928378358359315
1.2550332383478984,1.284525105982755,-0.014943349557599017,-0.01898238850878544
1.2845822997878396,1.2578114445565376,0.029549061439941182,0.034661040429419546
1.4177073591155689,1.4310383474541257,0.13312505932772933,0.12466251895279448
1.2739775014134576,1.2714975121914545,-0.14372985770211133,-0.1482818791539958
1.4543294604397112,1.5044543298959918,0.18035195902625367,0.19529217746016977
1.3639235165368657,1.3620302566554177,-0.09040594390284551,-0.09651961703220273
1.2873051889490748,1.2729745255296316,-0.07661832758779097,-0.0902432234054818
1.3151027437504985,1.3156203032414822,0.027797554801423763,0.02230540152681292
1.26099900010802,1.2509618913673313,-0.0541037436424785,-0.050430788522257845
1.335786695883845,1.3296844480166312,0.07478769577582489,0.06116690272392097
1.2917210568582453,1.2838590777809349,-0.04406563902559957,-0.03690418817402394
1.3650708605794972,1.398596384748317,0.07334980372125188,0.08060865046113062
1.2272602346533406,1.2276762497821878,-0.13781062592615667,-0.11530873949121868
1.3316986969930216,1.3090628012013712,0.10443846233968102,0.10201729432315385
1.3053800047856752,1.2785892711974862,-0.026318692207346395,-0.024456519283444778
1.2962805485172362,1.3218547217610908,-0.009099456268438999,-0.005578269230251752
1.3171592652488464,1.3039058663182925,0.020878716731610236,0.023114817544991464
1.2878273141794192,1.3016264663965085,-0.02933195106942721,-0.010265503826083367
1.2145801775088954,1.2396407621574874,-0.07324713667052385,-0.0769283236588816
1.3056234664528146,1.3234020504158301,0.09104328894391922,0.10806046629711266
1.2374360210013673,1.2044117115040198,-0.06818744545144728,-0.05011875877769413
1.3274986303855474,1.3381283842275824,0.09006260938418009,0.08702031562254922
1.3956102852708046,1.4121978059807527,0.06811165488525717,0.07469901056062087
1.3146743223779926,1.2973544641336903,-0.08093596289281191,-0.08701690661840371
1.475661882735037,1.4311441756625878,0.1609875603570443,0.16020020414888905
1.2247993558824597,1.2940415881280583,-0.25086252685257726,-0.2645993191894835
1.2244867983481436,1.2440376581918033,-0.000312557534316138,-0.0014232848789288812
1.3263177695215758,1.285269933697262,0.1018309711734322,0.10228259007187379
1.3744649364497674,1.3786325382981253,0.048147166928191654,0.037341585491548035
1.3535718649886632,1.3253334035296205,-0.020893071461104196,-0.022353342088876366
1.331074826112863,1.3301720836787763,-0.022497038875800124,-0.03012403629336849
1.3956621715756605,1.4024874499730493,0.06458734546279743,0.06780712986814183
1.2880762820278362,1.3172438444550507,-0.10758588954782433,-0.11605307344077044
1.2672730958200684,1.257811112846199,-0.020803186207767776,-0.0042269063304011395
1.3560520926662383,1.36605566958116,0.08877899684616986,0.07109502278330863
1.251295597106979,1.2550051181196393,-0.10475649555925926,-0.12257272901065706
1.2754009222002516,1.2403466174330775,0.024105325093272567,0.017372350690089088
1.342112063081458,1.3517864860399174,0.06671114088120644,0.06517759792795988
1.3478790848049644,1.3412484579445838,0.005767021723506405,0.012581804032321023
1.3499761476335794,1.3953438757964491,0.002097062828614993,0.006250712161038791
1.2405356654865776,1.255342113715321,-0.10944048214700186,-0.10431070194525417
1.2824520766898295,1.2802548900430122,0.04191641120325196,0.01986714862295391
1.3082803811961023,1.345611608476645,0.025828304506272826,0.02900939778207976
1.2611966195184412,1.2839909021488773,-0.04708376167766115,-0.059661765158969066
1.2920488845000724,1.3153753844846292,0.030852264981631183,0.020227751641306073
1.2781648580672047,1.2910839759015342,-0.01388402643286768,-0.017565664849133994
1.3293411381697748,1.3077418433653438,0.05117628010257014,0.043145051813508674
1.3084698777328225,1.3219042896996966,-0.02087126043695231,-0.020673570897040135
1.3193878448244734,1.316080358249445,0.010917967091650826,0.008339048584944383
1.398794624272247,1.3804634884531908,0.07940677944777375,0.10495792096072415
1.212646574300139,1.2195488480844185,-0.1861480499721082,-0.18840934354544395
1.3810041859069073,1.3687937832409647,0.16835761160676843,0.180158654804414
1.1938985997287388,1.1905894879169738,-0.18710558617816853,-0.1911119041134437
1.3239952361708551,1.3169699686452863,0.13009663644211633,0.1327084692911904
1.1821844249639613,1.193284825373756,-0.14181081120689387,-0.1267382039361111
1.3810305675048842,1.4109314147578185,0.19884614254092292,0.20942729749993488
1.4077369989453725,1.3842225274839324,0.026706431440488343,0.028581897735201398
1.231985404656072,1.2189757853784802,-0.17575159428930043,-0.16950725544865336
1.2811543101677745,1.2633041964423561,0.04916890551170239,0.035477050603141276
1.215845106671118,1.2384435446200004,-0.06530920349665648,-0.06281275114977099
1.212349033861154,1.2270299092850232,-0.0034960728099640015,-0.003213146452656481
1.3336667711523942,1.3434102407562813,0.12131773729124018,0.12777471086877062
1.3881538409170646,1.3798603508908267,0.05448706976467044,0.04678223634632656
1.4030934990877433,1.4079883382705014,0.01493965817067866,0.021862572161107784
1.3604098555788124,1.3844252103565178,-0.042683643508930835,-0.04751393253981169
1.31142712406571,1.2936952477976573,-0.048982731513102395,-0.06467640424846052
1.3487205989428293,1.3567088105339038,0.037293474877119204,0.04500395615281156
1.3405993795636182,1.3774861045046267,-0.008121219379211064,-0.006146551375524295
1.306726794071784,1.3240764753647858,-0.03387258549183425,-0.03754271394753764
1.3383042146507653,1.3342127193523372,0.031577420578981386,0.034599833431158786
1.325990810517367,1.320713499206111,-0.01231340413339832,-0.012869420427423537
1.2764732253740567,1.3176918908524555,-0.04951758514331028,-0.049886549492461234
1.3257575098025245,1.2958657034460581,0.04928428442846777,0.03836577692854762
1.3098773910225012,1.3042948384229203,-0.015880118780023267,-0.0011005765926129316
1.2495670454185832,1.2408796244733193,-0.060310345603918014,-0.0666946592344132
1.347198250495618,1.3296474374694054,0.09763120507703471,0.10009780590638875
1.2885215903509322,1.270198840249708,-0.058676660144685755,-0.05499921448795797
1.3247577086755102,1.2872748719140101,0.03623611832457807,0.02253076929437911
1.3184855774491526,1.325459658454511,-0.0062721312263576134,-0.017310236013552492
1.2662416465877973,1.280566731279861,-0.05224393086135537,-0.044588608479818596
1.2954265776953524,1.3132448359202977,0.029184931107555157,0.026043128304348292
1.3413630560604408,1.3467273383555496,0.04593647836508841,0.054819051087805715
1.3283952823629261,1.3316570145139426,-0.012967773697514673,-0.026173295113085176
1.3003150629740527,1.299791225893645,-0.028080219388873395,-0.03822888377930011
1.3073093805068896,1.318703828803594,0.006994317532836858,0.013788467522938028
1.4095299614696821,1.3882026330790187,0.10222058096279252,0.09447658288011565
1.2540813263300985,1.2344712597593708,-0.15544863513958362,-0.17513150565138078
1.2148347235568582,1.2260895905432816,-0.039246602773240324,-0.035632358354656196
1.3500668335408403,1.3437777769581487,0.13523210998398216,0.12680627126848457
1.2294922047801313,1.273818463240478,-0.12057462876070901,-0.1037647760872913
1.2717208827101325,1.2549883376412998,0.04222867793000118,0.05394829162933671
1.3508977472481467,1.332658996419329,0.0791768645380142,0.08515505577150058
1.2751664720757263,1.2752452675318273,-0.0757312751724204,-0.08932372317587953
1.248156329214525,1.2369479789822158,-0.02701014286120129,-0.008069583382017076
1.362896200114981,1.3648206490742394,0.1147398709004559,0.10807389504841305
1.3095163945238708,1.3493788332895968,-0.05337980559111011,-0.04622068093717593
1.2122862064226028,1.1848501964394111,-0.09723018810126804,-0.112693197105906
1.2503329534741763,1.2816079760671508,0.038046747051573515,0.04829527804392531
1.3260067434851093,1.3512421868689382,0.075673790010933,0.06493731109006719
1.3182782121865688,1.3030309610434823,-0.007728531298540453,-0.005880327394770571
1.3432900150437013,1.3349482150777914,0.025011802857132448,0.033807869844937714
1.414672373175332,1.402139129546889,0.07138235813163063,0.05235796736598483
1.297163428340532,1.3155915067534403,-0.1175089448347999,-0.11774897542514624
1.3463228687828221,1.3591429538544546,0.04915944044229015,0.037858390683409536
1.37419432067603,1.3600025963639903,0.027871451893207944,0.008470563212716591
1.342698562305441,1.3590820289203203,-0.031495758370589044,-0.04184672057132432
1.3922554340134536,1.404060226237958,0.049556871708012595,0.05628505503390091
1.3593863839017404,1.3476001989500492,-0.03286905011171326,-0.0352278697877098
1.384673823964399,1.3724056975954835,0.025287440062658595,0.029215616288678484
1.346155227540156,1.3512566280695302,-0.038518596424242935,-0.05418186516322272
1.3990966127431685,1.3866861163483597,0.0529413852030125,0.054982090317730714
1.3185516881332762,1.3593981222397968,-0.08054492460989238,-0.09077924445596697
1.331964674626247,1.332035430852214,0.013412986492970846,0.011549130390089335
1.2683096857008953,1.2710635842629785,-0.06365498892535171,-0.06113552795062378
1.3613441154524102,1.3538163120746471,0.09303442975151488,0.08847443783361425
1.311013202423416,1.3079137765964295,-0.05033091302899417,-0.06211523086185432
1.2678742925581834,1.2809685273190707,-0.04313890986523261,-0.05595419708855571
1.3773564571624624,1.3475210262419226,0.10948216460427895,0.10642511845383516
1.4013586273519592,1.401403638066319,0.024002170189496796,0.005679470239969536
1.375730588434864,1.3435006481357397,-0.025628038917095086,-0.031201061073444662
1.3283228925337667,1.2987923400251802,-0.04740769590109739,-0.028177208055067997
1.4246741306320876,1.4169605913047465,0.09635123809832091,0.09719231260021144
1.371011441433451,1.387770504201696,-0.05366268919863648,-0.040743318031181204
1.36868220011291,1.3770103655406758,-0.002329241320541131,0.0056160785229683406
1.2652681481950174,1.2707401114426264,-0.10341405191789255,-0.11567689777389037
1.4071062187390002,1.4037190313178807,0.14183807054398279,0.1541173235318719
1.3677294201621966,1.3810759764189853,-0.03937679857680365,-0.03797093144433042
1.311287052896907,1.3464255957903108,-0.05644236726528962,-0.05287749774302018
1.3704412396899892,1.35788533472686,0.059154186793082264,0.051353053744545116
1.2917273757436227,1.2884696780871085,-0.07871386394636648,-0.06718297226065353
1.3840896264231781,1.3522451417465742,0.09236225067955539,0.08997247321149965
1.3600727766363996,1.368241085207496,-0.024016849786778538,-0.030360342369053994
1.4092469802776255,1.4281839810773096,0.04917420364122593,0.031184298558513332
1.3734258671102715,1.3468404686739424,-0.035821113167354035,-0.027702780993619724
1.4182127373423186,1.4286007091811905,0.04478687023204708,0.04989526415320469
1.280458431912637,1.2704632243142056,-0.13775430542968148,-0.13959876947930486
1.4324925928291892,1.4546591237268918,0.15203416091655209,0.1508220570462696
1.3380618839974308,1.3728995073732273,-0.09443070883175841,-0.12048113743154645
1.3713820308190499,1.3763729401685765,0.0333201468216191,0.03897198169058891
1.3897721460767167,1.3956774254882738,0.018390115257666872,0.03382871143578227
1.3233218626823333,1.3342434943940287,-0.06645028339438341,-0.07832344466000056
1.2899687399055186,1.2791200541340626,-0.03335312277681468,-0.03998552930921197
1.3326486216145017,1.3256169076657427,0.04267988170898307,0.061592199442033854
1.3053474274127483,1.270198330873751,-0.027301194201753365,-0.02445623368800032
1.3380232828231988,1.3493463670983958,0.03267585541045048,0.03790006079486802
1.3619817172762891,1.3644411439443902,0.023958434453090316,0.018817236847801726
1.396340253389588,1.3592590878176456,0.034358536113298754,0.022710273030212655
1.272716937240282,1.2580948990310787,-0.12362331614930588,-0.1168606744333539
1.3601183557697105,1.3366162759825977,0.08740141852942851,0.07646557990812887
1.368409766184882,1.364577187131788,0.008291410415171452,0.00151203516356491
1.4173846379490316,1.402976567291226,0.04897487176414961,0.0626065217015793
1.4226435938681916,1.4250047392290626,0.0052589559191600355,4.2807197536283946e-05
1.3616897314113507,1.367796300530436,-0.06095386245684087,-0.06839750052003066
1.357885054120507,1.340112100972845,-0.003804677290843772,-0.023003545488698762
1.387520042893625,1.3632389276449457,0.029634988773117987,0.029582905683211362
1.353503529841665,1.3374375912025624,-0.03401651305195985,-0.03740058516416711
1.2960393842111928,1.2826528364353926,-0.05746414563047231,-0.056592315331523854
1.2832997688196812,1.2577771418687425,-0.012739615391511583,-0.008995582984303587
1.3644852626643713,1.3821623586235459,0.0811854938446901,0.08915262552808137
1.3829797499307641,1.3842904304358383,0.0184944872663928,0.015526098302947827
1.3930453403413856,1.368022883332376,0.010065590410621494,0.008976221388431922
1.3262251355731391,1.3473502694682309,-0.06682020476824646,-0.05443128252413286
1.3812759174651326,1.4006325864946332,0.05505078189199342,0.05826757554211637
1.3124994410631063,1.3206731726748748,-0.06877647640202622,-0.0853942947288477
1.2414390937560236,1.2433831453734698,-0.07106034730708277,-0.07043518636807518
1.3348583771134515,1.3704009581151917,0.09341928335742788,0.09400515010532892
1.275288700488189,1.2720726143618972,-0.05956967662526247,-0.05671524912946898
1.3746065725582686,1.3357246895892914,0.09931787207007958,0.08496825905704088
1.3281824075184356,1.3135147193737302,-0.04642416503983293,-0.05780345798173345
1.3543261320362106,1.3739000284434681,0.026143724517774913,0.014598441570480293
1.3938868144180054,1.3423754678329853,0.03956068238179489,0.017931530218049867
1.4259173972764976,1.403558577359655,0.03203058285849214,0.020248781524328578
1.3080643915652375,1.3357298437602756,-0.11785300571126012,-0.11669281744887686
1.368003095724206,1.3282499184511205,0.059938704158968514,0.06870943309873773
1.3591414133580917,1.3851184783959511,-0.008861682366114287,-0.014195623537976189
1.3636089936298692,1.353847823591387,0.004467580271777516,0.015025260692018268
1.361308763716912,1.3784415490714257,-0.002300229912957308,-0.011511876279017494
1.3724036418521937,1.3719333022863223,0.01109487813528176,0.008596592453396444
1.2922440535958986,1.3057680356074652,-0.0801595882562951,-0.06629130055977396
1.3567250292055655,1.3477502811390147,0.06448097560966692,0.07440469629171023
1.2400617054008056,1.2202367370231562,-0.11666332380475986,-0.13394298630003368
1.3239066704865412,1.2810056199549822,0.08384496508573558,0.0712979852876384
1.3908531052219641,1.3738707078088535,0.06694643473542294,0.07198704439875529
1.284184055371785,1.26291261578241,-0.10666904985017922,-0.11179985931477883
1.3858115447195127,1.3864732708612304,0.1016274893477278,0.09090330966543052
1.3163150725200174,1.3225812699033168,-0.06949647219949528,-0.08083766719221222
1.288888401555696,1.2870776739134986,-0.027426670964321387,-0.01604380708438211
1.3541672948368757,1.382452117762324,0.06527889328117964,0.05099665537738925
1.3170931651013793,1.3241666684978788,-0.0370741297354964,-0.03389665518084962
1.3233839555469988,1.3390236340108246,0.006290790445619532,0.01492681647422475
1.3724981265812493,1.4207048391288255,0.04911417103425042,0.03965216449051677
1.3897787346175225,1.3542353025396212,0.017280608036273293,0.03342163281978483
1.41507609595724,1.4338978045751518,0.025297361339717384,0.03962068833539422
1.3286227892753952,1.3109488666731655,-0.0864533066818447,-0.08461147291423557
1.4234325711103586,1.4310594984800853,0.09480978183496336,0.08994328452727998
1.457596059390858,1.4833534791707301,0.03416348828049931,0.02287005860923519
1.3461954488567405,1.3150939191280742,-0.11140061053411743,-0.1352898632620508
1.2817125171706851,1.2800623280657417,-0.06448293168605534,-0.05398439827441439
1.419397363630846,1.3897554828607757,0.13768484646016077,0.14568977321699153
1.4370555919475114,1.4464987743598963,0.017658228316665525,0.011921228451940338
1.3493460888450621,1.3848312323754235,-0.0877095031024493,-0.09307218064806438
1.406247959746756,1.4193237688816085,0.05690187090169396,0.059478294659418784
1.3963798150435855,1.3442152119653314,-0.009868144703170545,-0.012582977814300258
1.391119022510154,1.429903442794993,-0.005260792533431591,-0.0052541845714543295
1.3568654431987917,1.35192553224324,-0.0342535793113623,-0.026175531942301766
1.422131763070023,1.4333431505247862,0.06526631987123133,0.0633906194290956
1.307683137187249,1.283337587927999,-0.11444862588277394,-0.10061450571704823
1.4263207818943373,1.412016148158635,0.11863764470708826,0.12905192034602617
1.4197895064444468,1.3975750436914414,-0.006531275449890517,-0.008405013011750995
1.344377321103292,1.354066685987624,-0.0754121853411549,-0.07242843861059027
1.4190086130592279,1.421345739312127,0.07463129195593599,0.09667236565761166
1.3605623009908514,1.3440536807389158,-0.05844631206837647,-0.05391187058168537
1.3662994386786307,1.3983008755622057,0.005737137687779281,0.015253339414499377
1.3223232522395054,1.3144109865899476,-0.043976186439125264,-0.0325954210280917
1.3569137640626576,1.3637420515907803,0.034590511823152204,0.03736284589354566
1.4215691594402107,1.4156072046720838,0.06465539537755305,0.0648705005716
1.3355225667719492,1.3237744933894562,-0.08604659266826142,-0.081556923497538
1.3391416261600542,1.3248209370936763,0.003619059388104917,-0.00048213510855489843
1.3800527281037855,1.3776067689345801,0.040911101943731376,0.06721589936353631
1.3978742607991075,1.4008220347414382,0.01782153269532194,0.01254573359450406
1.295098404408192,1.2784256455572702,-0.10277585639091558,-0.09625262063946641
1.397343233412139,1.4055738552517028,0.10224482900394705,0.10812700103345407
1.4334109921908202,1.440181382588915,0.03606775877868129,0.04617209566724122
1.3925201760727732,1.3889461917736046,-0.04089081611804701,-0.06311563710643703
1.4110386748404589,1.414509451570425,0.01851849876768563,0.029943941851100185
1.3901044886256797,1.3802177571397545,-0.02093418621477916,-0.016358601391106925
1.4234501225431357,1.4285474295572826,0.03334563391745604,0.04345801050264882
1.3759831998817846,1.3895389255986677,-0.04746692266135111,-0.04797323906255576
1.43000972461819,1.435606170159601,0.054026524736405346,0.04603805196033369
1.4421953804702903,1.4499333136674621,0.012185655852100297,0.013548317414554506
1.419936849821081,1.4629837784729076,-0.02225853064920935,-0.012777150784695322
1.3241447765718222,1.338983143293958,-0.09579207324925876,-0.0919635970107731
1.3682480218400095,1.398847425457732,0.04410324526818732,0.03501773814227013
1.445065589138538,1.4540800927022561,0.07681756729852851,0.0707216522991564
1.386704042965835,1.4210437164672132,-0.05836154617270295,-0.046302436890666626
1.4009357212467524,1.4045674563608286,0.014231678280917315,0.01849430159593003
1.3485544531809044,1.3262528272942486,-0.052381268065847975,-0.04498312398309675
1.4197108168942145,1.389753711645383,0.07115636371331013,0.09162259329039962
1.3819766884291136,1.348448071612634,-0.037734128465100936,-0.046124099789825644
1.3638327872477958,1.3767335044336464,-0.018143901181317812,-0.022820487974389174
1.4066185984151556,1.4175053404435618,0.0427858111673598,0.03861203651717936
1.2648629070659905,1.2655491656569584,-0.1417556913491651,-0.13401353145529527
1.3799463748369936,1.3835719948362033,0.11508346777100309,0.11134712684097131
1.31837804574416,1.3252408444234223,-0.061568329092833496,-0.05180186841125174
1.4122477528554414,1.4091654204117423,0.09386970711128129,0.08618024724298132
1.3838219935671625,1.4451242256580756,-0.02842575928827884,-0.03783864368470231
1.448976286620347,1.4444358428745678,0.06515429305318454,0.05586468297890371
1.3198563728180457,1.3245354510768204,-0.12911991380230137,-0.11214625506446427
1.4483171136029291,1.4558145235918212,0.12846074078488345,0.1358257941547664
1.334137330138076,1.33315376359616,-0.11417978346485325,-0.10159766858172997
1.3553529643705604,1.3503074348320256,0.021215634232484515,0.0040600421952297905
1.4203125525067644,1.3962472266353,0.06495958813620395,0.05940909954537152
1.2820576736738083,1.2511416913700302,-0.13825487883295606,-0.13116681010884085
1.379573689897413,1.3800463425575153,0.09751601622360462,0.08904597416950226
1.4608690671885487,1.4449176222297702,0.08129537729113578,0.07904466337464142
1.4524714038974362,1.4314272869318916,-0.008397663291112467,0.0027125255107056587
1.4340387419564302,1.4418906564849037,-0.018432661941006012,-0.025886224624291403
1.3753616693649047,1.3618804450037434,-0.05867707259152555,-0.036676205906735336
1.2881006396596075,1.2985530834335066,-0.08726102970529714,-0.09494312054852928
1.3996810664037913,1.3844367140523204,0.11158042674418378,0.12573391712922133
1.3646196137646014,1.344956153739768,-0.035061452639189916,-0.027429470263395254
1.395615815319797,1.4034761641249527,0.030996201555195668,0.022509406262263092
1.2937131591605773,1.2824753425575113,-0.10190265615921978,-0.10215392021550525
1.337626766755823,1.3500438060313733,0.04391360759524576,0.0442022668765336
1.3478878123987965,1.377117463654499,0.010261045642973476,0.022011960876626675
1.3715384350606519,1.3624094382982561,0.02365062266185536,0.029149266422148233
1.378434084304959,1.3678202847911456,0.006895649244307078,0.006348397529779936
1.4142118156913426,1.4048682469494091,0.03577773138638363,0.035132772993145274
1.295145652822679,1.2791615353895165,-0.11906616286866356,-0.11205394006891782
1.2989932621982712,1.289759920642291,0.0038476093755921426,0.0018108939735004474
1.3325034440666115,1.3249365976991512,0.033510181868340316,0.033514565488598554
1.3837168056563163,1.4052992991279547,0.0512133615897048,0.05377306712006853
1.3658449744785603,1.3690147980812784,-0.017871831177755926,-0.0029518291679566586
1.4129251160295169,1.3816865435745331,0.04708014155095652,0.03461771285336537
1.3233253487661418,1.325526045157826,-0.08959976726337504,-0.08380577279902036
1.437805211509573,1.4342894701686462,0.11447986274343114,0.11645305643362505
1.429410875915544,1.4505127524365227,-0.008394335594029023,-0.016827645710097282
1.3164343986965936,1.3410952798649978,-0.11297647721895032,-0.11422193134170594
1.4258469084224519,1.4333184928740397,0.10941250972585825,0.1021575771798754
1.4240932865351117,1.4254951174761312,-0.0017536218873401843,-0.00477054726160766
1.441055004598451,1.4403332849943036,0.016961718063339237,0.022370673003197793
1.2893005608275232,1.283284476603014,-0.15175444377092773,-0.1611325187957689
1.3434405206995448,1.3568732234797036,0.05413995987202158,0.06604727656786717
1.379041569679501,1.3719821622982713,0.03560104897995631,0.04526627818202851
1.3269909550738397,1.342558511381026,-0.052050614605661405,-0.05620465421995125
1.3484014497705372,1.3411835208144394,0.021410494696697535,0.03531839322248849
1.3091802898007296,1.3275809172400483,-0.03922115996980757,-0.042301212900305016
1.3728430523174688,1.3704878506454123,0.06366276251673919,0.05882255239774905
1.4551781664782604,1.418719028545198,0.08233511416079153,0.08079950328768336
1.4205842495487806,1.4080417593880978,-0.03459391692947977,-0.04257214407824149
1.4999007762408154,1.4874194234246885,0.07931652669203482,0.07976944639484919
1.3244287925058096,1.32814172353871,-0.17547198373500583,-0.18621599925300117
1.3972097421562963,1.3743495198880522,0.07278094965048676,0.07664195927345555
1.4345099083264525,1.4567414873705895,0.03730016617015619,0.044470767244013096
1.425005977066995,1.4236523081388917,-0.009503931259457588,-0.012711969357594294
1.3688672016874377,1.4108508047491335,-0.05613877537955725,-0.0488016265462662
1.4452206546131887,1.456980163976573,0.07635345292575102,0.07426233088805313
1.3630526037558588,1.3452515620156198,-0.08216805085732992,-0.08854848519430618
1.4320498653171299,1.4248512084777702,0.06899726156127106,0.06456685402243297
1.360673013993377,1.3833005166681986,-0.07137685132375293,-0.08404627988748464
1.44229814494716,1.4367999903516269,0.08162513095378299,0.07779624371567928
1.416422458975883,1.415528686130388,-0.025875685971276985,-0.02642250842730379
1.390076952277073,1.3677021591961562,-0.026345506698809862,-0.04087324043145857
1.3818699733561488,1.3653075452113312,-0.008206978920924257,-0.004050682105581264
1.385147112120379,1.3887298406970838,0.003277138764230303,0.012839781970530349
1.3247333312497542,1.3496816230504316,-0.06041378087062488,-0.06927959903855507
1.3541473535938016,1.3559476993537922,0.02941402234404733,0.02755880437790146
1.397540734638036,1.3636524669230217,0.0433933810442344,0.05061729902735274
1.3541386506615056,1.3586044433237388,-0.04340208397653034,-0.041853183437821476
1.3925254863498588,1.380223688732019,0.038386835688353216,0.03676830868905541
1.3924913467503273,1.4216786854886811,-3.4139599531579634e-05,0.0042124821301991085
1.4196434231278525,1.4200764893196063,0.02715207637752526,0.03478147604495275
1.55506777938832,1.5749267929883541,0.13542435626046756,0.15748759018723346
1.3734066277898724,1.3709144569500964,-0.18166115159844765,-0.17461529689967017
1.4048341722465834,1.4063460095352114,0.03142754445671092,0.025008974067535376
1.4689755055457447,1.4375051748136132,0.06414133329916138,0.0609117820027229
1.4388599864088198,1.446788850992163,-0.030115519136924895,-0.023853304148983623
1.4331403651467767,1.3881178983914104,-0.005719621262043173,-0.004988763049897816
1.4014055848058244,1.4164979752446378,-0.03173478034095223,-0.044018425067733784
1.4111464612358318,1.404750015930071,0.009740876430007317,0.014019262654525248
1.4314017366178569,1.4306313320635302,0.020255275382025095,0.024331911611337752
1.4512215146795617,1.4456188487074046,0.019819778061704874,0.009200847194002501
1.451749418533471,1.4440790784594484,0.0005279038539092173,0.0031547352690610327
1.4102966441840357,1.411186860278986,-0.041452774349435284,-0.04357166590535261
1.332718610444896,1.3032911510683933,-0.07757803373913963,-0.08515289310358251
1.4278134636696913,1.4371136044446724,0.09509485322479527,0.0950113640977516
1.4923145203066333,1.4920960304937914,0.06450105663694194,0.06972087428280964
1.2848577361713487,1.3015545975334446,-0.20745678413528457,-0.21486761805505158
1.4060104685045907,1.398433830932892,0.12115273233324197,0.12258168574200652
1.3857860775634254,1.3991794208366568,-0.020224390941165238,-0.018724673920372102
1.3860824150485083,1.4066038403632248,0.00029633748508284263,0.00972512948118323
1.3384773787648923,1.3264530041951885,-0.04760503628361601,-0.04609974730854555
1.324877178679066,1.3364960929295746,-0.013600200085826186,-0.00611116820551057
1.3486500663058563,1.3225064330215912,0.023772887626790196,0.009248480662334121
1.4490010028373568,1.4306092137863007,0.10035093653150051,0.08929073422446025
1.447630489712268,1.453885469080195,-0.0013705131250887348,-0.012719074314869102
1.3781687229775668,1.3952057884193567,-0.06946176673470128,-0.07632955666289395
1.3844934468818928,1.3491533423955624,0.006324723904326035,-0.006804120983594232
1.3952429219784512,1.403225322940248,0.010749475096558436,-0.005255357214876542
1.4812553039523206,1.4726328308829792,0.0860123819738694,0.08829016161697223
1.431533500661145,1.4815245079996044,-0.049721803291175704,-0.04947848130350503
1.372267085441667,1.3517742065838079,-0.05926641521947795,-0.06133991783220797
1.3555537975717016,1.3809213501764785,-0.0167132878699654,-0.008755819459244576
1.436733526571105,1.4348404229841547,0.0811797289994034,0.0871565850701626
1.3712040414429596,1.3279395855591958,-0.06552948512814538,-0.06847115229032272
1.4878456714434085,1.4955387969827934,0.11664163000044891,0.12928061367428872
1.4565623674686115,1.4308251658122058,-0.03128330397479706,-0.04772068392458621
1.4711047611341528,1.4776795828099392,0.014542393665541331,0.025442245489627813
1.4607547197956499,1.4689167187403216,-0.010350041338502924,0.0016510371117989166
1.3283350855589204,1.3373625469882067,-0.13241963423672942,-0.1398236244910737
1.353571980296166,1.3385806607595958,0.025236894737245663,0.03226201341548661
1.350570116565082,1.3284815614475636,-0.00300186373108402,0.0008933422289136611
1.5110730463093973,1.4752750167195936,0.16050292974431524,0.17010502120033644
1.4150239672296776,1.4174040223718571,-0.09604907907971971,-0.08116655664760249
1.4662623181326075,1.499369110621498,0.05123835090292994,0.046634505227422456
1.410807214000987,1.4089401343416688,-0.05545510413162047,-0.06257509753543611
1.3369100400224343,1.3582991105768876,-0.07389717397855278,-0.07806336885006362
1.4508487505760703,1.4813697442712341,0.11393871055363602,0.10311062215177987
1.4124532649926251,1.3885021046152584,-0.03839548558344519,-0.05564919134230162
1.4416979437401887,1.4490516563869218,0.029244678747563535,0.05124474964156951
1.3206132270309354,1.331573861814038,-0.12108471670925325,-0.12728590649262214
1.3915901798398373,1.4324774994269303,0.07097695280890193,0.05961076355179999
1.3955418895798626,1.4180963041408732,0.003951709740025233,0.005406636486374565
1.455135726523877,1.4406726675338521,0.05959383694401432,0.07059735769622975
1.4046602109242567,1.4248180173938152,-0.05047551559962016,-0.06791216212728624
1.4488328888392563,1.4545170401742695,0.04417267791499957,0.04106613698736114
1.4712918958429788,1.4755749501733597,0.022459007003722498,0.007505647386398055
1.3754337670504109,1.4248265492760548,-0.09585812879256794,-0.09298989573202708
1.4439000797986357,1.4353881934030404,0.06846631274822479,0.059347301048681016
1.378970063956412,1.3744106096527688,-0.06493001584222369,-0.0619143815428504
1.4070452660457622,1.3880425718100156,0.028075202089350215,0.030117161007034213
1.4861762837568007,1.445811241168594,0.07913101771103848,0.07810604357726485
1.4279272111272447,1.447761689753868,-0.05824907262955592,-0.03350021292349637
1.4124128343848577,1.3859025235319422,-0.015514376742387093,-0.03243400848729166
1.5526320686037567,1.5421262105589446,0.14021923421889904,0.12677609976573442
1.3789319765363295,1.3934962010423828,-0.1737000920674272,-0.20259752079465237
1.4380809522846663,1.4092382484075914,0.059148975748336774,0.044075758630328574
1.465386302795256,1.501393220545859,0.0273053505105898,0.01742899940961712
1.385190342122488,1.3599709021089483,-0.08019596067276802,-0.07951029178077063
1.4567316014035474,1.4435892713711127,0.07154125928105937,0.056123792693954636
1.3863167378222507,1.4245024108384041,-0.07041486358129667,-0.07916372439467315
1.4806841363008938,1.5037708963559773,0.09436739847864306,0.10671762562484123
1.407986293618591,1.4318267754631608,-0.07269784268230284,-0.08234845519875847
1.419569562492829,1.4120858325108008,0.011583268874238106,0.018137690202405375
1.4765446741179773,1.4847475928097034,0.056975111625148234,0.05879812143167631
1.4083242973376093,1.4170407180694515,-0.06822037678036796,-0.07924729335766656
1.4003430988353796,1.3735123849066777,-0.00798119850222978,-0.007947505524316945
1.3545746341756983,1.3955146582167348,-0.04576846465968121,-0.016255303106829478
1.4706212457445769,1.4654546158155624,0.11604661156887852,0.11147284661421038
1.441090668763411,1.429194961678331,-0.02953057698116579,-0.0382439429045772
1.3877356807333676,1.393996930992025,-0.05335498803004346,-0.0691330990747351
1.4102084627148694,1.4079063574669408,0.02247278198150182,0.005346362830658639
1.3294829091706868,1.371284766773494,-0.08072555354418265,-0.09304914266860984
1.4021256293385378,1.413223578971868,0.072642720167851,0.07252044649563247
1.4244278560149277,1.459354877865667,0.022302226676389925,0.03708086886294408
1.3450325262634633,1.3610105094036533,-0.07939532975146446,-0.0690058272985396
1.4428580985510138,1.4612379914041358,0.09782557228755051,0.09569477228338656
1.4837174624358747,1.4772381798913186,0.04085936388486089,0.04377527005380461
1.4235529782467506,1.4105025003303229,-0.06016448418912401,-0.06289130065631815
1.4494233317063072,1.464141011224195,0.025870353459556572,0.02310781677432993
1.4113714396672101,1.4116323566557247,-0.03805189203909709,-0.038818864503859817
1.4207409575899446,1.4052996179600374,0.009369517922734438,0.012496407611297247
1.3698840929540796,1.3340619050796236,-0.05085686463586492,-0.04917389381057525
1.387467149091763,1.3882044062162202,0.017583056137683295,0.030798409989408963
1.3940179559706336,1.390807250914195,0.006550806878870663,0.008278018795417216
1.3972512520223082,1.4211212104441633,0.00323329605167455,0.014647413044903905
1.5252174450774938,1.5622359106600021,0.12796619305518564,0.13114642160306347
1.3422201541152976,1.327129916750004,-0.1829972909621962,-0.17529958869733525
1.3991993496371313,1.4198017308549231,0.056979195521833725,0.06213696911704286
1.394528918271253,1.4175753694598268,-0.0046704313658783025,-0.004912577395420873
1.4405486399197296,1.4515051212070587,0.046019721648476564,0.0678177107200878
1.521946562563139,1.5093443307790129,0.08139792264340939,0.08162715146816595
1.453310184317179,1.454152999666716,-0.06863637824596003,-0.07671562402425343
1.4841477032766324,1.4671487058898403,0.030837518959453414,0.022721532341106198
1.4302704224579974,1.4437123718678233,-0.053877280818634965,-0.05356768293616958
1.4255083307950847,1.4158672929057554,-0.0047620916629127485,0.01577203852892249
1.3583427548422535,1.3575913398657677,-0.06716557595283112,-0.06499843805407807
1.46557914626543,1.4646644912638045,0.10723639142317642,0.09538375693220201
1.4067204881524562,1.4426668200534305,-0.05885865811297375,-0.06652662162231003
1.4035284197454048,1.4298935624669404,-0.0031920684070514405,0.024781319627869097
1.4696554519451561,1.486123345778268,0.06612703219975136,0.07810102746090494
1.4522774962890521,1.4488784619219337,-0.017377955656104005,-0.004275663346976804
1.4570637201258947,1.4222179251131395,0.004786223836842574,-0.005991184699781705
1.3491695508519002,1.3714504899218438,-0.10789416927399453,-0.1108177269210478
1.4062644538712579,1.3973274110969842,0.05709490301935771,0.050031263078242204
1.4497902190447627,1.4587371686840054,0.043525765173504816,0.04219496521939189
1.5706421797447072,1.582860106423522,0.12085196069994453,0.12198175012556486
1.4152155125091952,1.411020327496225,-0.15542666723551202,-0.15600509040144156
1.4442629241655358,1.4273355823398477,0.029047411656340616,0.04766417253737064
1.3901412671864959,1.4048316701298518,-0.05412165697903992,-0.06977928476079456
1.430133113302525,1.4087623353838066,0.03999184611602913,0.06040225756314229
1.4832818372834,1.4941658221440655,0.053148723980875,0.05125913747894028
1.4124880014804018,1.4102959123419192,-0.07079383580299825,-0.07123682857284673
1.3628595845978049,1.388399137798634,-0.04962841688259689,-0.055580043034278166
1.4038992583263188,1.3746700682167432,0.041039673728513915,0.04757240437287505
1.3397219976684853,1.3472143952752975,-0.06417726065783347,-0.07009165542454482
1.387991425446875,1.4245719907529784,0.04826942777838972,0.039652805955177076
1.3741905204009055,1.364623217204317,-0.013800905045969536,-0.018895894488362285
1.4443438424692223,1.4106386469639207,0.07015332206831681,0.07693227371340941
1.4561408404630196,1.4364964874617834,0.011796997993797298,0.015395011480191744
1.429371598897084,1.440308249318347,-0.02676924156593552,-0.036999174478514
1.4195080141496517,1.4349336411798466,-0.00986358474743243,-0.0059398426215303305
1.4237206162386387,1.4474189192785996,0.004212602088986994,0.017769198643763244
1.480744745693058,1.5223289520127241,0.05702412945441937,0.04281616227688191
1.4153159124964256,1.4492344228347225,-0.0654288331966324,-0.06077749312448086
1.420034750520947,1.4432576446134824,0.004718838024521332,0.03894603543301606
1.4518125703976144,1.4796189081532651,0.03177781987666739,0.03341049821772455
1.4852213397959189,1.4589344567869533,0.033408769398304505,0.03311144711035894
1.4652766792256324,1.4666103672137958,-0.019944660570286432,-0.02726441430304698
1.4407721274608312,1.4225862565409977,-0.024504551764801263,-0.010636383475467592
1.372114851137401,1.3616865475077595,-0.0686572763234301,-0.06609318459262248
1.489260250838573,1.5151669122799867,0.11714539970117199,0.11304744476403394
1.4179043448603794,1.3731595332145174,-0.07135590597819363,-0.044240220141063685
1.4370641568804456,1.4225985337366325,0.019159812020066225,0.0293225577839899
1.345300876196522,1.3642893493480246,-0.0917632806839237,-0.10146299571761304
1.4175813487977043,1.410592482440277,0.07228047260118231,0.08063171711636544
1.4441329916398191,1.452123920118856,0.026551642842114864,0.023334673146480835
1.4308954436698873,1.4519561917567896,-0.013237547969931818,-0.004666277630366686
1.421000314903127,1.3957407700454803,-0.009895128766760353,-0.024244442886873448
1.3524751176740846,1.3512465425984135,-0.06852519722904238,-0.07186432582157155
1.43122559355376,1.4703141045320713,0.07875047587967532,0.08524329853540277
1.4519852758896734,1.4348109724684266,0.02075968233591352,0.013169375972925654
1.3694193734767857,1.3903558583291082,-0.08256590241288775,-0.07487740193411138
1.505569390620737,1.5164676155119026,0.13615001714395136,0.13060482532019194
1.4406002055387312,1.4374231834513023,-0.06496918508200578,-0.07188879290565413
1.474857828760047,1.4272834751652932,0.03425762322131565,0.030296380136656448
1.4120025839845243,1.426498210097932,-0.06285524477552262,-0.053201740723129914
1.4958220041002221,1.516092973929875,0.08381942011569787,0.07884779611935176
1.4526282121518337,1.4184376269714551,-0.04319379194838846,-0.055527317850061264
1.4886657770341527,1.4808983400707847,0.03603756488231902,0.03371418279976282
1.4794137938109677,1.4814451868672167,-0.00925198322318499,-0.0022736501718169074
1.452100481804071,1.4783211581427378,-0.027313312006896684,-0.03867474610824972
1.4020691036941462,1.4144189706644712,-0.05003137810992486,-0.06346006926262172
1.4991709093152457,1.4825915101250808,0.09710180562109949,0.09873356915875302
1.4142922377645804,1.424642515703962,-0.08487867155066531,-0.08451228353470985
1.5118805439770748,1.5295154056932077,0.09758830621249448,0.10236981152498904
1.336622280681182,1.3416075533528378,-0.17525826329589278,-0.16636715798767293
1.4994251968496815,1.4958998296889054,0.1628029161684994,0.14727615297253638
1.3934662124018842,1.3765590686552345,-0.10595898444779728,-0.09869312387679705
1.4100811841557561,1.40613044458229,0.016614971753871943,0.011496425791219903
1.3815945925365591,1.3761277543920483,-0.028486591619196977,-0.031633896622912654
1.5524052536358472,1.5099607314925894,0.1708106610992881,0.16866460404584893
1.482552439160265,1.480708896563177,-0.06985281447558234,-0.06717415836414035
1.4136973132398254,1.4037684103648338,-0.06885512592043952,-0.08493353657282729
1.428006006377297,1.4529988716586248,0.014308693137471629,0.023433284700267877
1.57265455441729,1.574410925000077,0.14464854803999305,0.13986018680049855
1.5445462076363814,1.561750620197918,-0.028108346780908677,-0.03854960166810673
1.4874009634793743,1.5006676295618653,-0.05714524415700706,-0.058981421400784155
1.4358300348043924,1.4412770775685648,-0.05157092867498192,-0.06679231480442568
1.4463276566373222,1.4375172092048862,0.010497621832929793,-0.00459298754891254
1.564288991158321,1.5788067538264294,0.11796133452099888,0.1155037793956452
1.4373163513145784,1.4506060152774987,-0.12697263984374274,-0.13679542035437475
1.4385648876813268,1.4080166415609272,0.0012485363667484872,-0.002916207613149366
1.5099139779822295,1.5146133774516781,0.07134909030090264,0.06482010065934544
1.5466888327262975,1.5539712908125396,0.03677485474406805,0.02722317598758813
1.388681189948812,1.4024419656674667,-0.15800764277748547,-0.16875460626929178
1.4816157642766512,1.4814218634932048,0.09293457432783914,0.0935629693326905
1.4628587012582759,1.4684577609399134,-0.01875706301837532,-0.0177992917211917
1.3607346372709503,1.3513386773326268,-0.10212406398732554,-0.08227765440417219
1.460305943318011,1.4689241086956715,0.09957130604706066,0.08566096699092138
1.5291663685082617,1.5234060592676852,0.06886042519025071,0.07168233846754911
1.3959415649226898,1.3652958353496105,-0.13322480358557187,-0.13185921845974247
1.4825361591024753,1.4812604446590405,0.08659459417978543,0.10067832605027617
1.4905126791337446,1.5021917969966632,0.007976520031269363,0.010131375651260661
1.4720022423315926,1.4849223793587574,-0.01851043680215203,-0.002182964475005232
1.4068484361282034,1.4390217193218695,-0.06515380620338918,-0.041635197590461914
1.4257142560083063,1.389507217637483,0.01886581988010283,0.03170877830753539
1.429295730551776,1.4299212578188356,0.003581474543469687,-0.0020139317471508386
1.4796322339339396,1.4836054523037578,0.050336503382163666,0.03977948713579536
1.4724937676456704,1.5003517587895767,-0.007138466288269196,-0.01103185938229003
1.4740811612760565,1.4723390317823457,0.0015873936303860692,0.012055503078505147
1.443115241963463,1.4475448904207604,-0.030965919312593515,-0.02914520420835114
1.4108237703980202,1.432959802292966,-0.032291471565442764,-0.035699674564086376
1.486374933842353,1.4807643937029698,0.07555116344433288,0.06795373377788867
1.4339021574648,1.4083959556846026,-0.05247277637755299,-0.06988147969471906
1.4810874313107083,1.495630171397643,0.047185273845908204,0.06491372560906941
1.5207194506350068,1.5573636411735847,0.039632019324298495,0.03803177427715375
1.3977776626576155,1.4058694611804305,-0.1229417879773913,-0.11982668251081026
1.4876836610145812,1.4704995415550257,0.08990599835696567,0.09078030960131268
1.4702900915463801,1.4620057638601327,-0.01739356946820103,-0.018589768953605822
1.5512647453756019,1.5691258114651252,0.08097465382922175,0.0874502104336065
1.3987364566676608,1.3956471026007018,-0.1525282887079411,-0.15469304425550423
1.4747926715178792,1.4561521722609736,0.0760562148502184,0.07759421132047946
1.4342942123987845,1.4321596805996424,-0.040498459119094665,-0.05086296304614919
1.4761409366923917,1.5236977035787411,0.04184672429360714,0.03506262110141175
1.4939316108221259,1.5005617335549828,0.01779067412973423,0.015888118337758668
1.4910983790169914,1.4814903224967753,-0.0028332318051345062,-0.014276498981832123
1.530477870700954,1.5167476718666244,0.03937949168396271,0.05045174174376459
1.496766986816076,1.5140040186545765,-0.033710883884878085,-0.04233052395516658
1.4685746477298125,1.4529179183164074,-0.028192339086263507,-0.038138377774360854
1.5150994265683166,1.5381033527645236,0.046524778838504144,0.04769702948594454
1.4738484223149857,1.484375075576321,-0.04125100425333095,-0.036885969695755576
1.4679305068831392,1.4901900857196926,-0.005917915431846499,-0.009771094814725672
1.4414418851005983,1.4382997846733767,-0.026488621782540855,-0.019244413961604208
1.4858739799032203,1.4479260976506239,0.044432094802622,0.0458470827676542
1.4759620826682716,1.4657570632833332,-0.009911897234948785,0.010667752615889634
1.4895895153426055,1.49814473015009,0.013627432674333972,0.024141350209094102
1.4855847407395486,1.5077779874542503,-0.0040047746030569265,-0.009971980247833623
1.5682883299320376,1.5453527359724553,0.08270358919248899,0.08997693293695941
1.5588483631646735,1.5470716084009009,-0.009439966767364139,0.0063437381032116665
1.4833987985071064,1.469441304096673,-0.07544956465756703,-0.07854809641593503
1.4827835665954483,1.5092634995037482,-0.0006152319116581317,0.0027577818123657428
1.4423817426965195,1.437919093808187,-0.04040182389892877,-0.018430815190183164
1.5336426919077493,1.5073259161421226,0.09126094921122974,0.07917559438493166
1.5430959145959742,1.5131297498751957,0.009453222688224905,0.008578006597127047
1.532285698649183,1.5604237691256126,-0.010810215946791102,-0.006482257664588167
1.3816280938100975,1.377307650937435,-0.15065760483908552,-0.13948324653682195
1.4418465538821092,1.4664733339202214,0.060218460072011704,0.05601051168305299
1.4143509013965316,1.411860694397132,-0.027495652485577615,-0.02984754301747292
1.4346821966092083,1.4240130373267155,0.020331295212676626,0.0319447578086226
1.5336607460633347,1.527093676415485,0.09897854945412643,0.10592950756496629
1.460656898205059,1.465873602650145,-0.07300384785827574,-0.0662390523382561
1.4049474113499125,1.4203249345010964,-0.05570948685514643,-0.05834249144649955
1.4428220676285188,1.4547418572661224,0.03787465627860631,0.03226857615566672
1.5249769780920348,1.4896013075813617,0.08215491046351597,0.0679091649828985
1.471057488535709,1.4781296680596259,-0.05391948955632575,-0.055241788899395725
1.4827276989829454,1.4736058475112042,0.011670210447236373,0.008260126330756377
1.4439448716973304,1.4362739036240337,-0.038782827285614996,-0.05221968920832271
1.4778971199751862,1.5015505716095714,0.03395224827785581,0.035369193209367204
1.5167403474687913,1.5210366792664647,0.038843227493605026,0.05299871062768074
1.4104323588196421,1.3993764487597788,-0.10630798864914914,-0.10612668409670693
1.4875323512683634,1.5083207005442456,0.07709999244872123,0.07414730411609936
1.4713140991491127,1.4846428802282488,-0.016218252119250653,-0.005647496582056023
1.5236651559235592,1.5685673445404877,0.052351056774446514,0.050303423380770484
1.46177399003874,1.4610007183069473,-0.06189116588481913,-0.06840266923403084
1.5172499744916734,1.5046550461613348,0.055475984452933336,0.04840722453314449
1.5148425020902812,1.5149669677166555,-0.0024074724013922744,0.0074315936300918435
1.4542024748606226,1.4632458037634575,-0.060640027229658555,-0.046973394508417976
1.43008695566451,1.4233022848509027,-0.024115519196112656,-0.009302325076409627
1.4452686715287815,1.4824423767662063,0.015181715864271528,0.0008663966880036924
1.4727322381724204,1.4274651833932794,0.027463566643638915,0.031180977931493128
1.5149097955377446,1.4996423260050997,0.04217755736532425,0.02982753759278706
1.5606753946384315,1.546653268215911,0.04576559910068689,0.03313552711252834
1.4874357202759538,1.4812158284846233,-0.07323967436247769,-0.07233553824168248
1.386440583786225,1.371905030645841,-0.1009951364897288,-0.1005789343824716
1.4492866728175582,1.4593941073190035,0.06284608903133315,0.04853373076496076
1.468432904285815,1.451690824104788,0.01914623146825689,0.016129411885155997
1.4449555548051827,1.4219181671430023,-0.023477349480632403,-0.027273340445936566
1.347374425894666,1.3482446576431728,-0.09758112891051662,-0.09350203815652099
1.4700733901617529,1.4644527001204863,0.12269896426708682,0.1108451150817638
1.4533386942295519,1.452975575197269,-0.016734695932201005,0.0008161902220150188
1.5049825039226759,1.4829610465141685,0.05164380969312399,0.048216933212062094
1.5652771532234804,1.5600272265862027,0.060294649300804526,0.03808220082770775
1.5365036069818467,1.5141045320818773,-0.02877354624163364,-0.02924350574266763
1.5847319030967004,1.578415021975927,0.048228296114853686,0.06001799609594882
1.5396016558216563,1.533151350114111,-0.04513024727504411,-0.044416502557128014
1.4944355329409578,1.5248527077127751,-0.045166122880698545,-0.06828706317883096
1.454197098331315,1.4562532992548793,-0.040238434609642715,-0.02956270736028839
1.5568204758249022,1.529418839772472,0.10262337749358719,0.10466772869402084
1.517762596000652,1.5301890450678401,-0.03905787982425024,-0.02959193983276931
1.4314118495113908,1.4140473337995763,-0.08635074648926122,-0.09514833802044811
1.5013938311984105,1.4967189446560518,0.06998198168701975,0.0835944144451641
1.5003400005944234,1.5240782747505348,-0.001053830603987116,-0.0025240853861194295
1.388986822952545,1.4078349288183127,-0.11135317764187835,-0.10931775655699982
1.5243903554987843,1.516737321880617,0.13540353254623927,0.15201197720366458
1.5538372127161704,1.5542063566950226,0.029446857217386047,0.028457709480033514
1.4883669316422545,1.5020761462404875,-0.06547028107391584,-0.05965585984888276
1.4903898006955194,1.4822925966786888,0.002022869053264875,0.012382982177635194
1.5100167762680499,1.5152449703098867,0.01962697557253046,0.00022245474071185337
1.5598398397777518,1.5769211820142333,0.04982306350970189,0.06744787583254577
