Actual_Level,Predicted_Level,Actual_DeltaH,Predicted_DeltaH
10.0,10.00412597774395,0.0,0.004125977743950678
10.000342582406287,9.974876082571658,0.00034258240628585497,-0.025123917428342305
10.000685160791921,9.978186178505698,0.000685160791920121,-0.021813821494302443
10.001027731136299,10.030684485830687,0.0010277311362983969,0.030684485830687367
10.00137028941891,9.966508330007166,0.0013702894189106557,-0.03349166999283511
10.001712831619388,10.015150362717797,0.0017128316193884313,0.015150362717797086
10.002055353717552,10.000710984661143,0.002055353717552003,0.0007109846611434705
10.002397851693457,10.006665359954559,0.0023978516934575755,0.006665359954558537
10.002740321527444,10.010593496396998,0.0027403215274444614,0.010593496396998794
10.003082759200183,10.000345330235026,0.003082759200182254,0.0003453302350260208
10.003425160692718,10.01493530361133,0.003425160692718001,0.01493530361132972
10.003767521986523,10.051491062161572,0.0037675219865233745,0.05149106216157181
10.004109839063542,9.969189932032013,0.004109839063541827,-0.03081006796798786
10.004452107906236,9.971676712727312,0.004452107906235755,-0.028323287272686848
10.004794324497635,10.027288011964304,0.004794324497633649,0.02728801196430351
10.005136484821378,10.003839092144826,0.005136484821377232,0.0038390921448266733
10.005478584861768,9.997682851416974,0.005478584861768609,-0.002317148583026205
10.005820620603817,10.020626165692303,0.00582062060381738,0.02062616569230309
10.006162588033288,10.045469690577535,0.006162588033287777,0.045469690577534874
10.006504483136746,9.989476245359162,0.006504483136745765,-0.010523754640837078
10.006846301901605,10.020774264646143,0.006846301901606152,0.020774264646143438
10.00718804031618,10.007087238309946,0.007188040316179677,0.007087238309945589
10.00752969436972,10.03441535368177,0.007529694369720096,0.03441535368176876
10.007871260052472,10.000050988773229,0.00787126005247125,5.098877322848305e-05
10.008212733355714,10.024056996822504,0.008212733355714126,0.024056996822503333
10.008554110271813,10.013890481692954,0.00855411027181391,0.013890481692953892
10.008895386794267,9.960313591371149,0.008895386794267011,-0.03968640862885098
10.009236558917747,10.008840689072166,0.009236558917748093,0.008840689072164861
10.009577622638156,9.994617963878651,0.009577622638157077,-0.005382036121348528
10.009918573952666,10.006139069200389,0.00991857395266613,0.00613906920038782
10.010259408859767,10.010048677930582,0.010259408859766657,0.010048677930581802
10.010600123359316,10.01486118462854,0.01060012335931625,0.014861184628539725
10.010940713452586,10.019382796260226,0.010940713452585647,0.019382796260226445
10.011281175142306,10.030802544793218,0.011281175142305647,0.030802544793218648
10.011621504432714,10.034884122785861,0.011621504432714043,0.03488412278586209
10.011961697329603,10.026153967500779,0.011961697329602498,0.026153967500778818
10.012301749840363,10.019210753428567,0.012301749840363434,0.019210753428567616
10.012641657974036,9.99176400717885,0.012641657974036888,-0.00823599282115091
10.012981417741358,10.009717219634023,0.012981417741357349,0.009717219634022955
10.0133210251548,10.019185205242632,0.013321025154800584,0.019185205242632758
10.01366047622863,10.03165273339304,0.01366047622863042,0.03165273339304056
10.013999766978946,10.034153621497103,0.013999766978945546,0.034153621497102354
10.014338893423727,9.994751361376306,0.014338893423726249,-0.005248638623694476
10.014677851582881,9.986500627980995,0.014677851582881164,-0.013499372019005597
10.015016637478293,10.009745178467313,0.01501663747829396,0.00974517846731332
10.01535524713387,10.072915650477764,0.015355247133870068,0.07291565047776344
10.015693676575584,10.00630613204804,0.015693676575583307,0.006306132048040479
10.016031921831523,9.99247608883204,0.01603192183152255,-0.007523911167959196
10.01636997893194,10.004248529661213,0.016369978931938325,0.00424852966121299
10.01670784390929,10.018140689193512,0.016707843909289418,0.018140689193511115
10.017045512798289,10.02539656882016,0.017045512798289416,0.02539656882016001
10.017382981635953,9.987087966162907,0.01738298163595327,-0.012912033837093356
10.017720246461645,9.992759858742172,0.017720246461643795,-0.007240141257828146
10.018057303317118,10.007974447711307,0.018057303317118148,0.007974447711306456
10.018394148246575,9.991486467525098,0.018394148246574288,-0.008513532474901747
10.018730777296698,10.020353016072502,0.01873077729669741,0.020353016072502166
10.019067186516706,10.02533554502837,0.019067186516706316,0.025335545028369308
10.0194033719584,9.996367870662384,0.019403371958399827,-0.0036321293376156555
10.019739329676202,10.041648935046968,0.019739329676203073,0.0416489350469688
10.020075055727213,10.026623819529837,0.020075055727213836,0.02662381952983676
10.020410546171249,9.993655297140553,0.02041054617124879,-0.006344702859447399
10.020745797070889,10.049070370817546,0.020745797070889794,0.04907037081754656
10.02108080449153,10.049511395568427,0.021080804491530047,0.04951139556842736
10.021415564501421,10.00052264612328,0.021415564501420306,0.0005226461232798359
10.021750073171715,10.030580081246395,0.02175007317171501,0.030580081246394775
10.022084326576518,10.02416682058909,0.02208432657651839,0.02416682058908993
10.02241832079293,10.015960809253622,0.022418320792930574,0.0159608092536214
10.022752051901094,9.98709011991727,0.022752051901093577,-0.012909880082730363
10.023085515984237,10.019414868098174,0.02308551598423735,0.019414868098173745
10.023418709128725,10.026376612034909,0.023418709128725717,0.026376612034909812
10.023751627424103,10.002400683941097,0.023751627424102337,0.0024006839410977525
10.024084266963136,10.023539678786973,0.02408426696313657,0.02353967878697212
10.02441662384187,10.004528127393485,0.02441662384186935,0.004528127393485109
10.024748694159658,10.07787225218565,0.024748694159659003,0.07787225218564918
10.025080474019227,10.0151408764175,0.025080474019227,0.015140876417500043
10.025411959526703,10.001918899863162,0.025411959526703755,0.0019188998631609368
10.025743146791674,10.00348479605554,0.02574314679167425,0.003484796055539842
10.026074031927223,10.024947650764762,0.026074031927223768,0.024947650764761572
10.026404611049983,10.041990106227045,0.026404611049983436,0.041990106227045194
10.026734880280175,10.036974768978718,0.02673488028017587,0.0369747689787179
10.02706483574166,10.04401989246754,0.027064835741660676,0.04401989246754064
10.02739447356198,10.004945813666962,0.027394473561979937,0.004945813666962999
10.027723789872404,10.020196039211923,0.027723789872403665,0.020196039211923353
10.028052780807975,10.072053349040159,0.028052780807975228,0.07205334904015863
10.028381442507557,9.989557476146526,0.02838144250755667,-0.010442523853474543
10.028709771113874,10.03274545623361,0.028709771113874072,0.03274545623360904
10.029037762773562,10.033540464659325,0.02903776277356279,0.033540464659325524
10.029365413637212,10.024999988202344,0.029365413637212668,0.024999988202344496
10.029692719859414,10.009009402759961,0.029692719859413276,0.009009402759961909
10.0300196775988,10.030717921489202,0.030019677598798967,0.030717921489203232
10.030346283018094,10.069695729915855,0.030346283018094018,0.06969572991585542
10.030672532284157,10.054949317546509,0.030672532284157616,0.05494931754650825
10.030998421568029,10.003558974329412,0.0309984215680289,0.0035589743294118688
10.031323947044973,10.020036425940686,0.03132394704497186,0.020036425940686435
10.03164910489452,10.050087368271859,0.03164910489452021,0.050087368271859146
10.031973891300522,10.036159828800507,0.03197389130052229,0.036159828800507096
10.032298302451185,10.052369879026038,0.03229830245118579,0.052369879026039026
10.032622334539122,10.03019638054878,0.03262233453912252,0.030196380548779402
10.032945983761394,10.035515862216013,0.0329459837613931,0.03551586221601325
10.033269246319552,10.035605360127636,0.03326924631955153,0.035605360127637105
10.03359211841969,10.024836327142847,0.03359211841968988,0.024836327142846996
10.033914596272483,10.041788297066267,0.03391459627248271,0.041788297066267646
10.034236676093231,10.034577694074148,0.034236676093231604,0.03457769407414726
10.03455835410191,10.052341317234589,0.034558354101909564,0.052341317234589034
10.034879626523205,10.041649443110552,0.034879626523205386,0.04164944311055299
10.035200489586568,10.02825387826844,0.035200489586567976,0.028253878268441026
10.03552093952625,10.040257251829082,0.03552093952625057,0.04025725182908325
10.035840972581354,10.016862768036862,0.035840972581354956,0.01686276803686159
10.036160584995876,10.044145601549584,0.0361605849958756,0.04414560154958362
10.036479773018744,10.047275990451096,0.03647977301874376,0.04727599045109536
10.036798532903871,10.027098449225273,0.03679853290387144,0.027098449225273318
10.037116860910196,10.04028419435791,0.03711686091019544,0.04028419435791032
10.03743475330172,10.06058085408249,0.037434753301721205,0.06058085408248931
10.037752206347566,9.997158436917376,0.03775220634756668,-0.0028415630826233718
10.038069216322006,10.029085475568017,0.03806921632200612,0.029085475568017452
10.038385779504514,10.034509550133638,0.038385779504513794,0.03450955013363726
10.038701892179807,10.017285148879893,0.038701892179807657,0.01728514887989253
10.039017550637894,10.06883860502357,0.039017550637892945,0.0688386050235702
10.039332751174106,10.05241205432695,0.03933275117410576,0.05241205432694973
10.039647490089157,10.027850789342342,0.03964749008915646,0.02785078934234133
10.039961763689174,10.021566957934194,0.03996176368917318,0.02156695793419482
10.040275568285745,10.063257521470891,0.040275568285745106,0.0632575214708921
10.040588900195965,10.032373096219183,0.04058890019596581,0.03237309621918405
10.040901755742476,10.06068143477783,0.04090175574247643,0.060681434777830966
10.04121413125351,10.034791298459961,0.04121413125350888,0.034791298459961054
10.041526023062929,10.050918343068606,0.0415260230629289,0.05091834306860533
10.041837427510279,10.031822137248637,0.04183742751027911,0.03182213724863729
10.042148340940821,10.036735606900228,0.04214834094082195,0.03673560690022883
10.042458759705582,10.022712960528208,0.04245875970558258,0.022712960528208016
10.042768680161391,10.044885673863364,0.04276868016139172,0.044885673863363285
10.043078098670929,10.063650737591118,0.043078098670928405,0.06365073759111842
10.043387011602762,10.014652655052991,0.04338701160276265,0.014652655052991365
10.043695415331397,10.06339602129248,0.04369541533139806,0.06339602129247894
10.044003306237315,10.027264433866835,0.04400330623731446,0.027264433866835
10.04431068070701,10.031120701964836,0.044310680707010275,0.03112070196483519
10.044617535133044,10.082726553384825,0.044617535133045,0.08272655338482543
10.04492386591408,10.049504268923107,0.044923865914081505,0.049504268923106914
10.045229669454928,10.0500023792879,0.045229669454928345,0.050002379287899607
10.045534942166581,10.003400633906717,0.04553494216658191,0.003400633906715654
10.045839680466269,10.033376537369378,0.04583968046626856,0.033376537369378366
10.046143880777487,10.069503302011501,0.04614388077748668,0.06950330201150168
10.046447539530048,10.074092599972987,0.046447539530048654,0.07409259997298687
10.046750653160123,10.05489654591263,0.04675065316012276,0.054896545912630254
10.047053218110275,10.013068892845938,0.04705321811027502,0.013068892845937374
10.047355230829512,10.077566643692307,0.04735523082951089,0.07756664369230803
10.047656687773317,10.028094041241124,0.04765668777331701,0.028094041241124055
10.047957585403703,10.020366655551513,0.04795758540370276,0.020366655551512545
10.048257920189242,10.057162170190253,0.0482579201892418,0.057162170190252826
10.048557688605113,10.054878383911957,0.04855768860511349,0.05487838391195633
10.048856887133145,10.033926425030819,0.04885688713314429,0.03392642503081933
10.04915551226185,10.022373949840135,0.049155512261849034,0.022373949840135368
10.049453560486473,10.06696824174784,0.049453560486472155,0.06696824174783977
10.049751028309029,10.046466015539405,0.0497510283090288,0.04646601553940433
10.050047912238346,10.060500084073894,0.050047912238345885,0.060500084073893734
10.050344208790102,10.041655176541958,0.050344208790103095,0.04165517654195888
10.050639914486874,10.051461515023018,0.050639914486873716,0.05146151502301733
10.050935025858166,10.055269426634997,0.05093502585816556,0.05526942663499672
10.051229539440461,10.021908073630852,0.05122953944046155,0.02190807363085269
10.05152345177726,10.008641852498206,0.051523451777260476,0.008641852498206017
10.051816759419118,10.03488840064785,0.051816759419117536,0.03488840064785041
10.052109458923685,10.049849907701203,0.05210945892368479,0.049849907701203774
10.052401546855751,10.048152856306988,0.052401546855751616,0.04815285630698711
10.052693019787284,10.044444716822074,0.05269301978728496,0.04444471682207407
10.05298387429747,10.07352936860981,0.05298387429746959,0.07352936860981034
10.053274106972749,10.075399316028712,0.05327410697274833,0.07539931602871176
10.053563714406861,10.07037143418383,0.053563714406861966,0.0703714341838296
10.05385269320089,10.078677990768693,0.05385269320088934,0.07867799076869228
10.054141039963287,10.012115108032626,0.05414103996328721,0.0121151080326257
10.05442875130993,10.0517846738878,0.054428751309930024,0.05178467388779963
10.05471582386415,10.055118917521867,0.05471582386414972,0.05511891752186609
10.055002254256776,10.037156036476869,0.05500225425677522,0.03715603647686874
10.055288039126172,10.069996611229888,0.05528803912617211,0.06999661122988857
10.055573175118282,10.049696198137498,0.055573175118282005,0.04969619813749902
10.055857658886662,10.041172768676377,0.05585765888666196,0.0411727686763776
10.056141487092523,10.060146568127575,0.05614148709252373,0.060146568127574275
10.056424656404772,10.055508829487541,0.0564246564047729,0.05550882948754181
10.056707163500048,10.033455547154551,0.0567071635000481,0.03345554715455156
10.05698900506276,10.040881494319176,0.05698900506275992,0.040881494319175864
10.05727017778513,10.069179771476291,0.05727017778512981,0.06917977147629148
10.057550678367228,10.060433376264442,0.05755067836722896,0.06043337626444204
10.057830503517017,10.071637029525144,0.05783050351701701,0.07163702952514434
10.058109649950381,10.052624408311187,0.05810964995038066,0.05262440831118783
10.058388114391173,10.079208007724219,0.05838811439117228,0.07920800772421863
10.058665893571249,10.067277077910907,0.05866589357124823,0.0672770779109074
10.058942984230507,10.049465319856017,0.05894298423050736,0.04946531985601647
10.059219383116929,10.085505915112398,0.0592193831169292,0.08550591511239802
10.059495086986612,10.030565204906042,0.05949508698661215,0.030565204906040838
10.059770092603811,10.029028305606134,0.05977009260381149,0.029028305606133686
10.060044396740977,10.027175201784189,0.060044396740977446,0.027175201784189848
10.060317996178792,10.073305999884761,0.06031799617879302,0.0733059998847618
10.060590887706212,10.039931006824768,0.060590887706211786,0.03993100682476808
10.060863068120495,10.096008908370154,0.06086306812049555,0.09600890837015302
10.061134534227252,10.045281635916094,0.06113453422725196,0.045281635916093355
10.061405282840472,10.043058540334135,0.061405282840472024,0.04305854033413459
10.061675310782567,10.087791251653139,0.06167531078256744,0.08779125165313799
10.061944614884409,10.06524372901544,0.061944614884407945,0.06524372901544134
10.062213191985359,10.047391321030188,0.062213191985358476,0.047391321030189025
10.062481038933317,10.077212666127414,0.062481038933316274,0.07721266612741458
10.062748152584748,10.051041942494502,0.06274815258474788,0.05104194249450125
10.063014529804725,10.020486656691338,0.06301452980472602,0.02048665669133691
10.063280167466967,10.06270572459516,0.0632801674669664,0.0627057245951603
10.063545062453864,10.059237694695772,0.06354506245386445,0.059237694695772954
10.063809211656531,10.047793825291514,0.06380921165653178,0.047793825291513534
10.064072611974833,10.068075357689029,0.06407261197483283,0.06807535768902839
10.06433526031742,10.084982913872043,0.06433526031742112,0.08498291387204363
10.064597153601776,10.058439516577561,0.06459715360177562,0.05843951657756176
10.064858288754237,10.062613474836292,0.06485828875423688,0.06261347483629238
10.065118662710043,10.056377617122878,0.06511866271004312,0.05637761712287816
10.065378272413366,10.060742577518003,0.06537827241336619,0.06074257751800307
10.065637114817347,10.06830107477118,0.06563711481734745,0.0683010747711794
10.065895186884134,10.063898389531639,0.06589518688413351,0.06389838953163916
10.066152485584912,10.074155315227614,0.0661524855849119,0.07415531522761411
10.066409007899946,10.08243013432716,0.0664090078999466,0.08243013432716025
10.066664750818614,10.041634596089235,0.06666475081861349,0.04163459608923441
10.066919711339436,10.043435144805276,0.06691971133943572,0.04343514480527511
10.067173886470119,10.061672536983972,0.06717388647011883,0.061672536983971196
10.067427273227587,10.061636703561657,0.067427273227586,0.06163670356165684
10.067679868638013,10.076500509352194,0.06767986863801298,0.07650050935219281
10.067931669736863,10.076565913734129,0.06793166973686297,0.07656591373412792
10.068182673568922,10.069944441740146,0.06818267356892155,0.06994444174014702
10.06843287718833,10.02731364565564,0.06843287718833115,0.02731364565563961
10.068682277658626,10.080815689022959,0.0686822776586258,0.08081568902295859
10.068930872052766,10.077361305029012,0.06893087205276556,0.07736130502901235
10.06917865745317,10.064907575790569,0.0691786574531708,0.06490757579056812
10.069425630951756,10.05173895300043,0.06942563095175645,0.05173895300043027
10.069671789649966,10.085193571832784,0.0696717896499663,0.0851935718327843
10.069917130658807,10.083206661365104,0.06991713065880674,0.08320666136510374
10.07016165109888,10.05979286764912,0.07016165109888091,0.059792867649120035
10.070405348100422,10.03815257384421,0.07040534810042236,0.038152573844209864
10.07064821880333,10.070502631302082,0.07064821880332872,0.07050263130208116
10.070890260357196,10.071322197674515,0.07089026035719542,0.07132219767451534
10.07113146992135,10.08223290713427,0.07113146992134893,0.08223290713426862
10.07137184466488,10.091064486792538,0.07137184466488027,0.09106448679253842
10.071611381766678,10.041669735442161,0.07161138176667815,0.0416697354421605
10.071850078415462,10.059892919445787,0.0718500784154621,0.059892919445787465
10.072087931809815,10.083461970970752,0.07208793180981543,0.08346197097075272
10.072324939158218,10.046926867053372,0.07232493915821822,0.046926867053371624
10.07256109767908,10.087082028464637,0.07256109767907991,0.08708202846463702
10.072796404600773,10.056860107887145,0.07279640460077212,0.05686010788714462
10.073030857161662,10.06121379487108,0.07303085716166102,0.061213794871080016
10.07326445261014,10.073274194910963,0.0732644526101399,0.07327419491096394
10.073497188204662,10.105347758657032,0.07349718820466133,0.10534775865703264
10.07372906121377,10.094667289230605,0.0737290612137694,0.09466728923060547
10.073960068916131,10.09776985788172,0.07396006891613177,0.09776985788171999
10.074190208600571,10.065849737809067,0.0741902086005716,0.06584973780906724
10.0744194775661,10.056417720790966,0.07441947756609935,0.05641772079096677
10.074647873121945,10.062390255665488,0.07464787312194456,0.06239025566548681
10.074875392587588,10.097692661345945,0.07487539258758732,0.09769266134594531
10.07510203329279,10.03437782174014,0.0751020332927898,0.034377821740140355
10.075327792577628,10.067039231625827,0.07532779257762759,0.0670392316258276
10.07555266779252,10.101367282603471,0.07555266779252084,0.10136728260347119
10.075776656298265,10.06209503859353,0.07577665629826551,0.062095038593529404
10.075999755466064,10.055230371067196,0.07599975546606415,0.055230371067195846
10.076221962677558,10.089902576406946,0.07622196267755689,0.0899025764069458
10.076443275324852,10.083723152719132,0.07644327532485216,0.08372315271913212
10.076663690810557,10.056658285316479,0.07666369081055724,0.056658285316477985
10.076883206547809,10.052984845070688,0.07688320654780875,0.052984845070686785
10.077101819960303,10.093878756244866,0.07710181996030309,0.09387875624486612
10.077319528482327,10.123545368226894,0.07731952848232657,0.12354536822689502
10.077536329558786,10.076361145538828,0.07753632955878559,0.07636114553882795
10.077752220645237,10.111380899490905,0.07775222064523657,0.11138089949090496
10.077967199207915,10.097378522343977,0.07796719920791595,0.09737852234397706
10.07818126272377,10.068891407361987,0.07818126272376973,0.06889140736198698
10.078394408680483,10.073598092311755,0.0783944086804832,0.07359809231175493
10.078606634576511,10.064263711662862,0.0786066345765104,0.0642637116628619
10.078817937921103,10.096798419350023,0.07881793792110356,0.09679841935002242
10.079028316234343,10.103534887094261,0.07902831623434213,0.10353488709426095
10.079237767047163,10.054021043419743,0.0792377670471621,0.05402104341974373
10.079446287901385,10.080956280353766,0.07944628790138483,0.08095628035376497
10.079653876349745,10.098579228521107,0.07965387634974604,0.0985792285211068
10.079860529955925,10.078777256108141,0.07986052995592435,0.07877725610814192
10.080066246294571,10.092191891649449,0.08006624629457006,0.09219189164944941
10.080271022951333,10.050792983000202,0.08027102295133345,0.050792983000201894
10.080474857522892,10.057566005563915,0.08047485752289325,0.05756600556391585
10.080677747616985,10.050861759622677,0.08067774761698476,0.050861759622677506
10.080879690852427,10.113710005853472,0.08087969085242798,0.1137100058534711
10.081080684859156,10.093438428355539,0.0810806848591555,0.09343842835553773
10.08128072727824,10.030107051949809,0.08128072727824039,0.030107051949808943
10.081479815761924,10.082613237886601,0.08147981576192379,0.08261323788660065
10.081677947973642,10.088789513807603,0.08167794797364254,0.08878951380760297
10.081875121588057,10.091474427033601,0.08187512158805663,0.09147442703360088
10.082071334291076,10.099372168987035,0.08207133429107635,0.09937216898703423
10.082266583779889,10.09047839563326,0.0822665837798896,0.09047839563326042
10.08246086776299,10.098434282041048,0.08246086776298883,0.09843428204104834
10.082654183960198,10.087549528236677,0.08265418396019797,0.08754952823667626
10.0828465301027,10.106218428021531,0.0828465301026992,0.10621842802153125
10.083037903933059,10.11869999598631,0.0830379039330595,0.1186999959863106
10.083228303205257,10.085733338333126,0.08322830320525727,0.0857333383331266
10.083417725684708,10.090482620114676,0.08341772568470858,0.09048262011467643
10.083606169148293,10.09056887905082,0.08360616914829344,0.09056887905082012
10.083793631384381,10.060080969948817,0.08379363138438191,0.060080969948817814
10.08398011019286,10.091031061977292,0.08398011019286002,0.09103106197729222
10.084165603385156,10.06779601736666,0.0841656033851556,0.0677960173666601
10.084350108784264,10.04117292696911,0.08435010878426397,0.0411729269691106
10.084533624224774,10.098336733795007,0.08453362422477351,0.09833673379500667
10.084716147552891,10.072638762858876,0.08471614755289107,0.0726387628588765
10.084897676626467,10.069394161693218,0.08489767662646719,0.06939416169321833
10.085078209315022,10.095605528438286,0.08507820931502132,0.09560552843828585
10.085257743499767,10.115940125162307,0.08525774349976675,0.11594012516230759
10.085436277073635,10.057907731423338,0.08543627707363555,0.057907731423337244
10.085613807941304,10.085145821833283,0.08561380794130327,0.08514582183328369
10.085790334019213,10.098251989961938,0.0857903340192135,0.0982519899619371
10.085965853235603,10.06049104587166,0.08596585323560235,0.06049104587165881
10.086140363530523,10.09897213587073,0.08614036353052279,0.09897213587073048
10.086313862855869,10.105488718664576,0.08631386285586877,0.10548871866457563
10.086486349175399,10.089385036377758,0.0864863491753993,0.08938503637775728
10.086657820464762,10.063243188480666,0.08665782046476234,0.06324318848066633
10.086828274711518,10.092576385347419,0.08682827471151855,0.09257638534741937
10.086997709915165,10.067452657051732,0.08699770991516492,0.06745265705173076
10.087166124087158,10.082852974134848,0.0871661240871582,0.08285297413484877
10.087333515250938,10.09745732348095,0.08733351525093833,0.09745732348095157
10.087499881441952,10.106728862879658,0.08749988144195159,0.10672886287965712
10.087665220707674,10.094791336673458,0.08766522070767357,0.09479133667345803
10.087829531107632,10.101934323216591,0.08782953110763231,0.10193432321659184
10.08799281071343,10.069346633845928,0.08799281071343078,0.06934663384592815
10.08815505760877,10.09380315951719,0.08815505760876974,0.09380315951718918
10.08831626988947,10.073157842001356,0.08831626988947021,0.0731578420013562
10.088476445663495,10.048249615098376,0.08847644566349565,0.04824961509837675
10.088635583050975,10.099164262608404,0.08863558305097434,0.09916426260840375
10.08879368018422,10.05569848855236,0.08879368018422137,0.05569848855236158
10.08895073520776,10.112407046711942,0.08895073520776059,0.11240704671194161
10.089106746278347,10.121062925404697,0.08910674627834633,0.12106292540469782
10.089261711564985,10.096393735003858,0.08926171156498512,0.09639373500385734
10.089415629248958,10.11930990214115,0.08941562924895707,0.1193099021411502
10.089568497523837,10.062490941796,0.08956849752383733,0.06249094179599955
10.089720314595517,10.07959380243933,0.08972031459551717,0.07959380243932963
10.089871078682226,10.112878720020415,0.08987107868222519,0.1128787200204151
10.090020788014549,10.132750260112758,0.09002078801454806,0.1327502601127578
10.090169440835451,10.093679390610246,0.09016944083545142,0.09367939061024705
10.0903170354003,10.071282135658656,0.09031703540030042,0.07128213565865504
10.09046356997688,10.081524304448791,0.09046356997688025,0.08152430444879138
10.090609042845417,10.110162221964858,0.09060904284541643,0.11016222196485781
10.090753452298594,10.101609556656559,0.09075345229859501,0.10160955665655833
10.090896796641582,10.097536410182466,0.09089679664158262,0.09753641018246517
10.091039074192047,10.082421676034064,0.09103907419204632,0.08242167603406383
10.091180283280174,10.092446648439227,0.09118028328017341,0.09244664843922618
10.09132042224869,10.076262854976308,0.09132042224869097,0.07626285497630754
10.091459489452886,10.111118388416056,0.0914594894528853,0.11111838841605642
10.091597483260621,10.060645907690015,0.09159748326062134,0.06064590769001564
10.091734402052362,10.10749303672389,0.09173440205236164,0.10749303672389009
10.091870244221186,10.062512698856471,0.0918702442211855,0.06251269885647116
10.092005008172809,10.082870431800204,0.09200500817280784,0.08287043180020431
10.092138692325598,10.091249656131147,0.09213869232559779,0.09124965613114724
10.092271295110598,10.11083706204462,0.09227129511059741,0.11083706204461985
10.09240281497154,10.074935828139514,0.09240281497153995,0.0749358281395134
10.092533250364868,10.115828551629418,0.0925332503648682,0.11582855162941737
10.092662599759752,10.104446254346964,0.09266259975975265,0.10444625434696461
10.09279086163811,10.132150012677736,0.09279086163810932,0.13215001267773563
10.092918034494618,10.088287504649774,0.0929180344946177,0.08828750464977332
10.093044116836738,10.118378864791497,0.0930441168367384,0.11837886479149691
10.09316910718473,10.087333060065527,0.09316910718473055,0.08733306006552641
10.09329300407167,10.128495648546947,0.09329300407166935,0.12849564854694678
10.093415806043463,10.107665467327847,0.09341580604346314,0.10766546732784574
10.093537511658871,10.110542393848831,0.09353751165887053,0.11054239384883233
10.093658119489517,10.056288087017233,0.09365811948951731,0.056288087017232986
10.093777628119913,10.097372312899253,0.0937776281199132,0.09737231289925397
10.093896036147468,10.078186904404442,0.09389603614746847,0.07818690440444223
10.09401334218251,10.073083494446367,0.0940133421825104,0.07308349444636639
10.0941295448483,10.126411536995704,0.09412954484829957,0.12641153699570307
10.094244642781046,10.086804221114276,0.0942446427810461,0.08680422111427609
10.094358634629925,10.14441180468732,0.09435863462992551,0.14441180468731987
10.094471519057095,10.12009581298011,0.09447151905709475,0.12009581298011049
10.094583294737708,10.065254145431798,0.0945832947377077,0.06525414543179721
10.094693960359931,10.113606221926567,0.09469396035993094,0.11360622192656611
10.094803514624958,10.075668942692023,0.09480351462495895,0.07566894269202307
10.09491195624703,10.093972969475745,0.09491195624702947,0.09397296947574539
10.09501928395344,10.06727926826186,0.09501928395343856,0.06727926826185929
10.095125496484556,10.147464908977128,0.09512549648455554,0.1474649089771269
10.095230592593838,10.090670031525368,0.09523059259383773,0.0906700315253675
10.095334571047845,10.101094090889621,0.09533457104784517,0.10109409088962142
10.095437430626255,10.0871878715108,0.09543743062625501,0.08718787151079888
10.095539170121876,10.071986906524169,0.09553917012187585,0.07198690652416767
10.095639788340662,10.127616943059666,0.09563978834066196,0.127616943059666
10.095739284101727,10.117672591067432,0.09573928410172725,0.11767259106743257
10.095837656237359,10.10927296399573,0.09583765623735911,0.10927296399572987
10.095934903593033,10.10777309061655,0.09593490359303218,0.10777309061655123
10.096031025027422,10.11667828424524,0.0960310250274218,0.11667828424523999
10.096126019412418,10.071214088425275,0.09612601941241755,0.07121408842527563
10.096219885633136,10.093184969746366,0.09621988563313633,0.09318496974636521
10.096312622587936,10.061864551030279,0.09631262258793556,0.06186455103027878
10.096404229188426,10.09065483696454,0.09640422918842606,0.09065483696453898
10.096494704359484,10.06946635113586,0.09649470435948483,0.06946635113586001
10.096584047039268,10.094348656322577,0.09658404703926768,0.09434865632257677
10.096672256179222,10.121671438931324,0.09667225617922165,0.12167143893132423
10.096759330744097,10.118163072974404,0.0967593307440974,0.11816307297440472
10.096845269711961,10.106554919457595,0.09684526971196128,0.10655491945759582
10.096930072074207,10.083156748153424,0.09693007207420734,0.08315674815342439
10.097013736835569,10.095941237546958,0.09701373683556921,0.09594123754695816
10.097096263014132,10.076026316074083,0.09709626301413174,0.07602631607408389
10.097177649641342,10.11875600251773,0.09717764964134253,0.1187560025177292
10.097257895762024,10.093725344096052,0.09725789576202332,0.09372534409605277
10.097337000434381,10.096551252841508,0.09733700043438112,0.09655125284150691
10.097414962730019,10.116150822823633,0.09741496273001941,0.11615082282363332
10.097491781733948,10.099568747045257,0.09749178173394892,0.09956874704525803
10.0975674565446,10.110532167691948,0.09756745654459836,0.11053216769194808
10.097641986273825,10.092614378263683,0.09764198627382512,0.09261437826368328
10.097715370046926,10.11977501697177,0.09771537004692554,0.11977501697177098
10.097787607002646,10.102895061600357,0.09778760700264527,0.1028950616003577
10.097858696293189,10.131410602620855,0.09785869629318941,0.13141060262085602
10.097928637084232,10.100685639479686,0.09792863708423233,0.10068563947968541
10.097997428554928,10.107527181214373,0.0979974285549276,0.10752718121437191
10.098065069897917,10.132321853580402,0.09806506989791755,0.13232185358040235
10.098131560319343,10.075835558567155,0.09813156031934273,0.07583555856715468
10.098196899038852,10.120066813143238,0.09819689903885127,0.12006681314323711
10.098261085289607,10.08025782462599,0.09826108528960807,0.08025782462598947
10.098324118318304,10.088136585283804,0.09832411831830368,0.08813658528380354
10.098385997385163,10.110573863156617,0.09838599738516328,0.11057386315661608
10.098446721763954,10.116914120373362,0.09844672176395526,0.11691412037336152
10.098506290742,10.127354644645244,0.09850629074199979,0.1273546446452438
10.098564703620177,10.091524948872607,0.09856470362017719,0.09152494887260698
10.098621959712936,10.092623748931661,0.0986219597129361,0.09262374893166124
10.098678058348302,10.114321172221416,0.09867805834830157,0.11432117222141591
10.098732998867883,10.12823595550475,0.09873299886788288,0.1282359555047486
10.098786780626881,10.11072924595435,0.09878678062688134,0.1107292459543498
10.098839402994098,10.092214935704316,0.09883940299409788,0.09221493570431655
10.09889086535194,10.105054447154846,0.09889086535194029,0.1050544471548459
10.09894116709643,10.127397468254136,0.09894116709643067,0.12739746825413695
10.098990307637212,10.083939875180977,0.0989903076372124,0.08393987518097697
10.099038286397557,10.111661428640558,0.09903828639755712,0.11166142864055717
10.09908510281437,10.12607090274365,0.09908510281437144,0.12607090274365088
10.099130756338203,10.132277679190523,0.09913075633820366,0.13227767919052302
10.09917524643325,10.08973776207407,0.09917524643325007,0.08973776207406833
10.099218572577362,10.087021774177378,0.09921857257736136,0.08702177417737827
10.09926073426205,10.087652235025132,0.09926073426204868,0.08765223502513184
10.09930173099249,10.068381973353363,0.09930173099248966,0.06838197335336288
10.099341562287535,10.104549260208158,0.09934156228753416,0.10454926020815773
10.09938022767971,10.09787723492845,0.09938022767970994,0.09787723492845085
10.099417726715227,10.077906350773874,0.09941772671522818,0.07790635077387502
10.099454058953988,10.101402596461137,0.09945405895398877,0.10140259646113711
10.099489223969586,10.106002426729827,0.09948922396958547,0.10600242672982682
10.099523221349312,10.110012874769364,0.09952322134931094,0.1100128747693641
10.099556050694162,10.106039492254984,0.09955605069416154,0.10603949225498352
10.099587711618842,10.12459949279447,0.09958771161884211,0.12459949279446914
10.09961820375177,10.089294911160483,0.09961820375177034,0.08929491116048308
10.099647526735081,10.104719538645147,0.09964752673508129,0.10471953864514738
10.099675680224632,10.068498164940157,0.09967568022463147,0.06849816494015706
10.099702663890003,10.124074344043684,0.09970266389000294,0.12407434404368488
10.099728477414507,10.089588184086521,0.09972847741450719,0.08958818408652051
10.099753120495189,10.113693430158978,0.09975312049518881,0.11369343015897743
10.09977659284283,10.086719696531771,0.0997765928428291,0.08671969653177151
10.09979889418195,10.1168887073402,0.09979889418194943,0.11688870734020025
10.099820024250814,10.0926216867144,0.09982002425081446,0.09262168671440076
10.099839982801436,10.093772931520807,0.0998399828014353,0.0937729315208068
10.099858769599573,10.065625286251384,0.09985876959957228,0.06562528625138456
10.099876384424737,10.094577206278684,0.09987638442473783,0.09457720627868418
10.0998928270702,10.107106822788424,0.09989282707019896,0.10710682278842426
10.09990809734298,10.10111682906094,0.0999080973429798,0.10111682906093947
10.099922195063863,10.097315110447417,0.09992219506386377,0.09731511044741586
10.099935120067396,10.132131700051271,0.09993512006739569,0.13213170005127137
10.099946872201883,10.098187988845629,0.09994687220188381,0.09818798884562832
10.099957451329402,10.105298419704999,0.09995745132940148,0.1052984197049994
10.09996685732579,10.080615423253201,0.09996685732578883,0.08061542325320212
10.099975090080655,10.077293166766024,0.09997509008065424,0.07729316676602403
10.099982149497375,10.078430797844478,0.09998214949737555,0.07843079784447758
10.099988035493102,10.09358998567747,0.09998803549310133,0.09358998567747076
10.099992747998751,10.11476787823333,0.09999274799875171,0.11476787823332928
10.09999628695902,10.08284203180412,0.09999628695901931,0.08284203180411939
10.09999865233237,10.097698516589425,0.09999865233236982,0.097698516589424
10.099999844091043,10.121579447145713,0.09999984409104246,0.12157944714571337
10.09999986222105,10.096136718809806,0.09999986222105041,0.09613671880980645
10.09999870672218,10.122142620728903,0.09999870672218089,0.12214262072890236
10.099996377607996,10.110978459212628,0.09999637760799518,0.11097845921262775
10.099992874905828,10.081244103701604,0.09999287490582849,0.08124410370160304
10.09998819865679,10.075175348033518,0.0999881986567896,0.07517534803351776
10.099982348915761,10.127439776105248,0.09998234891576036,0.12743977610524784
10.099975325751394,10.092378273745842,0.09997532575139516,0.0923782737458428
10.09996712924612,10.068256100737146,0.09996712924611996,0.0682561007371468
10.099957759496132,10.113240633459856,0.09995775949613148,0.11324063345985626
10.099947216611396,10.122084215462335,0.09994721661139594,0.12208421546233594
10.099935500715647,10.116860088080326,0.09993550071564786,0.11686008808032577
10.099922611946388,10.062784384937341,0.09992261194638856,0.06278438493734212
10.099908550454884,10.131588221000179,0.09990855045488456,0.13158822100017856
10.099893316406165,10.10421340495797,0.09989331640616583,0.10421340495797063
10.099876909979024,10.082933679573662,0.0998769099790238,0.08293367957366127
10.099859331366009,10.070688262689671,0.09985933136600932,0.07068826268967088
10.09984058077343,10.130752620451293,0.09984058077343033,0.1307526204512939
10.099820658421349,10.093488077599163,0.0998206584213495,0.09348807759916382
10.09979956454358,10.058269004051384,0.09979956454358163,0.05826900405138507
10.099777299387691,10.088909135957696,0.09977729938769093,0.08890913595769552
10.099753863214987,10.135504882128739,0.09975386321498804,0.13550488212873812
10.099729256300527,10.09802463193213,0.09972925630052702,0.09802463193213082
10.099703478933103,10.062560878748272,0.09970347893310214,0.06256087874827174
10.099676531415245,10.097627596158672,0.09967653141524443,0.09762759615867266
10.099648414063218,10.10798124525555,0.09964841406321819,0.10798124525554893
10.099619127207017,10.080540057045809,0.09961912720701722,0.0805400570458083
10.09958867119036,10.087903102533634,0.09958867119036102,0.08790310253363327
10.099557046370691,10.1313761804071,0.09955704637069067,0.13137618040710058
10.099524253119165,10.066302925216538,0.09952425311916469,0.06630292521653916
10.099490291820654,10.122889436346192,0.0994902918206547,0.12288943634619223
10.09945516287374,10.11168291715895,0.09945516287374086,0.11168291715895061
10.099418866690707,10.092582748161071,0.09941886669070718,0.09258274816107023
10.099381403697537,10.093970330761843,0.09938140369753674,0.09397033076184275
10.099342774333907,10.077852856279536,0.09934277433390667,0.07785285627953592
10.099302979053183,10.093156325929138,0.09930297905318294,0.09315632592913844
10.099262018322415,10.058032213834561,0.0992620183224151,0.05803221383456059
10.099219892622331,10.090404710902543,0.0992198926223308,0.09040471090254373
10.09917660244733,10.095304154351329,0.09917660244733008,0.09530415435132922
10.099132148305479,10.09994070691495,0.09913214830547964,0.09994070691494907
10.099086530718507,10.119975370039384,0.09908653071850684,0.11997537003938342
10.099039750221793,10.100728963518675,0.09903975022179362,0.10072896351867426
10.09899180736437,10.100487416055133,0.09899180736437012,0.10048741605513331
10.098942702708909,10.093685490481333,0.09894270270890833,0.09368549048133355
10.098892436831715,10.107081073392482,0.0988924368317155,0.10708107339248318
10.098841010322728,10.077736997958059,0.09884101032272727,0.07773699795805877
10.098788423785502,10.07117895849097,0.09878842378550082,0.07117895849096915
10.098734677837207,10.104835255567348,0.09873467783720781,0.1048352555673479
10.098679773108627,10.125678252445534,0.09867977310862708,0.12567825244553277
10.098623710244137,10.071223997287222,0.09862371024413723,0.07122399728722167
10.098566489901708,10.104427156092953,0.09856648990170917,0.10442715609295353
10.098508112752898,10.089058580868757,0.09850811275289828,0.08905858086875802
10.098448579482836,10.109901155969927,0.09844857948283658,0.10990115596992828
10.098387890790224,10.135618077431415,0.09838789079022468,0.13561807743141457
10.098326047387324,10.091759491133622,0.09832604738732359,0.09175949113362195
10.098263049999947,10.112726784395864,0.09826304999994633,0.11272678439586414
10.09819889936745,10.074100313950478,0.09819889936744944,0.07410031395047796
10.098133596242725,10.087780502768547,0.09813359624272434,0.08778050276854726
10.098067141392189,10.080851693211681,0.0980671413921884,0.08085169321168165
10.097999535595775,10.105466575390283,0.09799953559577601,0.10546657539028195
10.09793077964693,10.111207592276322,0.09793077964692941,0.11120759227632167
10.09786087435259,10.127204368023953,0.09786087435258937,0.1272043680239528
10.097789820533185,10.103623891494617,0.09778982053318579,0.10362389149461702
10.097717619022628,10.060845906333661,0.09771761902262789,0.0608459063336602
10.097644270668294,10.10624800652825,0.09764427066829467,0.1062480065282507
10.097569776331024,10.052946727476744,0.09756977633102476,0.052946727476743304
10.097494136885107,10.091888870498694,0.09749413688510644,0.09188887049869358
10.097417353218267,10.115650193287802,0.09741735321826729,0.11565019328780222
10.097339426231663,10.07851601820645,0.09733942623166386,0.07851601820644966
10.097260356839872,10.086713331935133,0.097260356839871,0.08671333193513409
10.09718014597087,10.094320285689037,0.09718014597087123,0.09432028568903716
10.097098794566044,10.072749642767914,0.09709879456604376,0.07274964276791328
10.097016303580153,10.05615909736695,0.09701630358015347,0.05615909736694928
10.096932673981339,10.11028851036936,0.09693267398133976,0.11028851036935988
10.096847906751105,10.084930652011696,0.09684790675110505,0.08493065201169664
10.096762002884303,10.096282617469292,0.09676200288430346,0.0962826174692925
10.096674963389129,10.091844187079593,0.09667496338912894,0.09184418707959333
10.096586789287104,10.103595226620326,0.09658678928710356,0.10359522662032669
10.096497481613065,10.13501381627625,0.09649748161306544,0.13501381627625128
10.096407041415157,10.085181503835873,0.09640704141515671,0.08518150383587213
10.096315469754812,10.112591193423924,0.09631546975481109,0.11259119342392332
10.096222767706742,10.112100695946246,0.09622276770674153,0.11210069594624694
10.096128936358928,10.113710920118066,0.09612893635892751,0.11371092011806623
10.096033976812603,10.108637346615083,0.09603397681260237,0.10863734661508337
10.09593789018224,10.086149288778696,0.09593789018224029,0.08614928877869579
10.095840677595543,10.096799010557378,0.09584067759554325,0.09679901055737715
10.095742340193429,10.100668691492752,0.09574234019342782,0.1006686914927517
10.095642879130011,10.108685859263012,0.09564287913001175,0.10868585926301293
10.095542295572601,10.085921396888486,0.09554229557260041,0.08592139688848546
10.095440590701672,10.076441406765065,0.0954405907016731,0.07644140676506492
10.09533776571087,10.103903773759082,0.0953377657108692,0.10390377375908245
10.095233821806975,10.05558868247778,0.09523382180697415,0.055588682477779074
10.095128760209905,10.112867058211254,0.0951287602099053,0.11286705821125366
10.095022582152698,10.063210772182122,0.0950225821526976,0.06321077218212208
10.09491528888149,10.127712336517241,0.0949152888814891,0.127712336517242
10.094806881655506,10.117231378724416,0.09480688165550638,0.1172313787244151
10.09469736174705,10.069894413827171,0.09469736174704965,0.0698944138271706
10.094586730441478,10.112416639361205,0.094586730441478,0.11241663936120622
10.094474989037193,10.141168857056314,0.09447498903719415,0.1411688570563142
10.094362138845629,10.124514472670251,0.09436213884562929,0.1245144726702514
10.094248181191228,10.093534133390175,0.09424818119122769,0.09353413339017551
10.094133117411431,10.109640985867284,0.09413311741143111,0.10964098586728374
10.094016948856662,10.070104883738168,0.0940169488566632,0.07010488373816783
10.093899676890313,10.083168688067808,0.09389967689031352,0.08316868806780753
10.093781302888722,10.064719440103422,0.09378130288872162,0.06471944010342184
10.09366182824116,10.097222664120423,0.09366182824116091,0.0972226641204233
10.093541254349823,10.089167196571864,0.09354125434982224,0.08916719657186488
10.093419582629798,10.09350248243571,0.09341958262979762,0.09350248243571078
10.093296814509063,10.10223841107213,0.09329681450906342,0.10223841107213098
10.093172951428464,10.097996420703453,0.09317295142846377,0.09799642070345205
10.093047994841694,10.081135786248927,0.09304799484169353,0.08113578624892684
10.09292194621528,10.09707786413919,0.09292194621528133,0.09707786413918955
10.092794807028572,10.102366899473855,0.09279480702857225,0.10236689947385583
10.092666578773711,10.100577788219914,0.0926665787737106,0.10057778821991291
10.092537262955622,10.11670535862163,0.09253726295562226,0.11670535862162894
10.092406861091996,10.087047125306182,0.09240686109199711,0.08704712530618212
10.092275374713271,10.073347488366357,0.09227537471327119,0.07334748836635632
10.09214280536261,10.096619555982294,0.09214280536260873,0.09661955598229352
10.092009154595884,10.09388737186855,0.09200915459588405,0.09388737186855145
10.091874423981663,10.098820045681292,0.09187442398166332,0.09882004568129092
10.091738615101185,10.089126428592248,0.09173861510118611,0.08912642859224759
10.091601729548346,10.070303743917222,0.09160172954834685,0.07030374391722238
10.091463768929676,10.096337417831945,0.09146376892967613,0.09633741783194495
10.091324734864322,10.065984163051635,0.09132473486432185,0.0659841630516349
10.09118462898403,10.07560405513281,0.09118462898403018,0.07560405513281049
10.091043452933127,10.090044597077101,0.09104345293312648,0.09004459707710166
10.090901208368496,10.092487677257274,0.09090120836849591,0.09248767725727407
10.090757896959564,10.100418834556415,0.09075789695956407,0.10041883455641411
10.090613520388278,10.091434513417735,0.09061352038827739,0.09143451341773419
10.090468080349083,10.107207286927698,0.09046808034908327,0.10720728692769745
10.09032157854891,10.101613445816131,0.09032157854891042,0.10161344581613184
10.090174016707149,10.104828330916934,0.09017401670714859,0.10482833091693376
10.090025396555628,10.09005127695298,0.09002539655562859,0.09005127695298003
10.089875719838602,10.081252587253404,0.08987571983860183,0.08125258725340478
10.08972498831272,10.097263703796395,0.08972498831271991,0.09726370379639564
10.089573203747014,10.055198111464913,0.08957320374701397,0.05519811146491333
10.089420367922873,10.068104946196378,0.08942036792287397,0.06810494619637776
10.089266482634027,10.05347651401424,0.08926648263402776,0.05347651401423996
10.08911154968652,10.066873855238317,0.08911154968651996,0.06687385523831615
10.08895557089869,10.103689234502063,0.08895557089869098,0.10368923450206312
10.088798548101156,10.075146844688275,0.08879854810115535,0.07514684468827418
10.08864048313678,10.070157960999254,0.08864048313678057,0.07015796099925378
10.088481377860665,10.114190269429564,0.0884813778606652,0.11419026942956441
10.088321234140118,10.063809552146207,0.08832123414011733,0.06380955214620745
10.088160053854633,10.06392546107606,0.08816005385463249,0.06392546107606088
10.087997838895872,10.103454380711334,0.08799783889587166,0.10345438071133402
10.087834591167638,10.107445710207204,0.08783459116763905,0.10744571020720356
10.08767031258586,10.088080756158165,0.08767031258585979,0.08808075615816553
10.087505005078558,10.109572478842447,0.08750500507855741,0.10957247884244584
10.087338670585831,10.060257296820383,0.08733867058583122,0.060257296820382694
10.087171311059834,10.049244214631365,0.08717131105983358,0.04924421463136474
10.087002928464747,10.111095606968039,0.08700292846474689,0.11109560696803902
10.086833524776761,10.082940118201265,0.08683352477676061,0.08294011820126439
10.086663101984048,10.0339252677287,0.08666310198404814,0.03392526772869919
10.086491662086743,10.096497367262742,0.0864916620867433,0.0964973672627419
10.086319207096917,10.079848724587986,0.08631920709691702,0.07984872458798664
10.086145739038553,10.071626096573052,0.08614573903855366,0.07162609657305125
10.085971259947527,10.119557234342484,0.08597125994752725,0.119557234342484
10.085795771871577,10.107125715156778,0.08579577187157758,0.10712571515677763
10.085619276870286,10.084380487952293,0.08561927687028625,0.0843804879522928
10.085441777015053,10.061133547958432,0.08544177701505244,0.061133547958432476
10.085263274389069,10.064761169047765,0.08526327438906851,0.06476116904776504
10.085083771087296,10.093356521510538,0.08508377108729577,0.09335652151053764
10.08490326921644,10.094927318470376,0.08490326921643969,0.09492731847037585
10.084721770894925,10.045660769623566,0.08472177089492526,0.045660769623565925
10.084539278252873,10.063913668176376,0.08453927825287215,0.06391366817637513
10.084355793432069,10.08952827473134,0.08435579343206963,0.08952827473133898
10.084171318585952,10.073727849834652,0.08417131858595153,0.07372784983465312
10.08398585587957,10.081598150952217,0.08398585587957089,0.08159815095221788
10.083799407489575,10.099512183292934,0.0837994074895746,0.0995121832929335
10.083611975604178,10.045601800376792,0.08361197560417781,0.04560180037679119
10.083423562423139,10.09799468519839,0.08342356242313831,0.09799468519839104
10.08323417015773,10.114981400170711,0.08323417015773059,0.11498140017071126
10.08304380103072,10.081802809046648,0.08304380103072007,0.08180280904664751
10.082852457276337,10.077263706584551,0.08285245727633687,0.07726370658455131
10.08266014114025,10.081651004117782,0.08266014114024965,0.08165100411778206
10.08246685487954,10.101160837736703,0.08246685487953921,0.10116083773670244
10.082272600762671,10.137406540021471,0.08227260076267208,0.13740654002147126
10.082077381069475,10.089069209382261,0.08207738106947378,0.08906920938226044
10.081881198091102,10.06092388440721,0.08188119809110217,0.06092388440720956
10.08168405413002,10.083011068887128,0.08168405413002051,0.08301106888712767
10.081485951499971,10.093664791129983,0.08148595149997048,0.09366479112998335
10.081286892525945,10.10234300978034,0.0812868925259449,0.10234300978034032
10.081086879544161,10.053786098678636,0.0810868795441606,0.0537860986786359
10.080885914902032,10.067337008814896,0.08088591490203095,0.06733700881489592
10.080684000958138,10.084745721714464,0.08068400095813826,0.08474572171446325
10.080481140082206,10.077323616911222,0.08048114008220615,0.07732361691122239
10.080277334655072,10.109851074048716,0.08027733465507172,0.10985107404871658
10.080072587068658,10.064458481214754,0.08007258706865764,0.06445848121475292
10.079866899725944,10.109377870938571,0.07986689972594398,0.1093778709385716
10.07966027504094,10.05112748680136,0.07966027504094014,0.051127486801360034
10.079452715438656,10.112107103863659,0.07945271543865642,0.11210710386365946
10.079244223355076,10.070791685428253,0.07924422335507564,0.07079168542825238
10.079034801237125,10.070240212813097,0.07903480123712442,0.07024021281309656
10.078824451542644,10.069589957848153,0.07882445154264463,0.06958995784815386
10.078613176740365,10.080832535355107,0.07861317674036443,0.08083253535510741
10.078400979309869,10.060322342482271,0.0784009793098693,0.060322342482270766
10.078187861741574,10.102938846455615,0.07818786174157302,0.10293884645561409
10.077973826536688,10.072468866168482,0.07797382653668837,0.07246886616848155
10.077758876207199,10.097853587231269,0.07775887620719774,0.09785358723126944
10.077543013275823,10.054310876804617,0.07754301327582379,0.05431087680461787
10.077326240276,10.114310107400952,0.07732624027599969,0.11431010740095215
10.077108559751839,10.095785856480251,0.07710855975183949,0.09578585648025062
10.076889974258108,10.071323365233539,0.07688997425810816,0.07132336523353869
10.076670486360191,10.084111023325502,0.07667048636019172,0.08411102332550231
10.076450098634067,10.055910828755747,0.0764500986340671,0.05591082875574682
10.076228813666273,10.06409190185461,0.07622881366627184,0.06409190185461053
10.076006634053874,10.09668049336232,0.07600663405387381,0.09668049336232132
10.07578356240444,10.109545301405488,0.07578356240444067,0.10954530140548774
10.075559601336009,10.106466286486953,0.07555960133600936,0.10646628648695189
10.075334753477055,10.09721129584484,0.07533475347705526,0.09721129584483991
10.075109021466462,10.0463970444969,0.07510902146646142,0.046397044496899825
10.074882407953487,10.058487183514972,0.07488240795348751,0.05848718351497201
10.074654915597739,10.078421956761504,0.07465491559773889,0.0784219567615044
10.074426547069136,10.083688848814383,0.07442654706913515,0.08368884881438272
10.074197305047878,10.078815740752539,0.07419730504787903,0.0788157407525393
10.073967192224424,10.095252481695605,0.07396719222442476,0.0952524816956044
10.073736211299448,10.087402587058481,0.07373621129944663,0.08740258705848099
10.073504364983807,10.076418051036592,0.07350436498380723,0.07641805103659181
10.073271655998525,10.062992383363303,0.07327165599852557,0.06299238336330293
10.073038087074746,10.103835461066252,0.07303808707474532,0.10383546106625191
10.072803660953703,10.069704905757842,0.07280366095370255,0.06970490575784216
10.072568380386693,10.078088389265991,0.07256838038669375,0.07808838926599049
10.072332248135043,10.06743634987045,0.0723322481350434,0.0674363498704502
10.072095266970072,10.08972399667409,0.07209526697007154,0.0897239966740896
10.071857439673062,10.061451014679477,0.07185743967306145,0.06145101467947628
10.071618769035227,10.018426750777783,0.07161876903522679,0.018426750777783246
10.071379257857679,10.061573854460374,0.07137925785767897,0.061573854460373834
10.071138908951394,10.101952636839552,0.07113890895139417,0.10195263683955258
10.070897725137181,10.074372151815897,0.0708977251371805,0.07437215181589762
10.070655709245644,10.038160547153035,0.07065570924564471,0.03816054715303491
10.07041286411716,10.0967372197708,0.07041286411715912,0.0967372197707998
10.070169192601828,10.085627113256255,0.0701691926018282,0.0856271132562546
10.069924697559456,10.055844980237977,0.06992469755945517,0.055844980237977196
10.069679381859508,10.061245190288679,0.06967938185950845,0.06124519028867829
10.069433248381088,10.093708764131149,0.06943324838108782,0.09370876413114944
10.069186300012891,10.055571538672021,0.06918630001289086,0.05557153867202122
10.068938539653178,10.061792014485297,0.06893853965317896,0.0617920144852968
10.068689970209743,10.098161632069653,0.06868997020974323,0.09816163206965253
10.06844059459987,10.064168277724672,0.06844059459987045,0.0641682777246715
10.068190415750308,10.086632554073656,0.06819041575030886,0.08663255407365608
10.067939436597234,10.02984301374668,0.0679394365972337,0.029843013746679928
10.067687660086213,10.082029904405141,0.06768766008621284,0.08202990440514163
10.067435089172172,10.060861044350444,0.06743508917217221,0.06086104435044447
10.067181726819362,10.050434372582025,0.06718172681936108,0.050434372582025676
10.066927576001317,10.05029351398781,0.06692757600131731,0.050293513987811345
10.066672639700831,10.113653969958925,0.06667263970083231,0.11365396995892518
10.066416920909916,10.061679254057518,0.06641692090991633,0.06167925405751836
10.066160422629762,10.036401328755867,0.06616042262976303,0.0364013287558666
10.065903147870715,10.06263774626673,0.06590314787071448,0.06263774626673094
10.065645099652226,10.089816241181474,0.06564509965222567,0.08981624118147406
10.06538628100283,10.0720075266238,0.06538628100282923,0.07200752662379967
10.0651266949601,10.073376821352669,0.06512669496009972,0.07337682135266912
10.064866344570618,10.053729633909006,0.0648663445706181,0.05372963390900515
10.064605232889935,10.081020062048928,0.06460523288993596,0.081020062048929
10.06434336298254,10.070567999141153,0.0643433629825396,0.07056799914115222
10.064080737921815,10.091526800585294,0.06408073792181407,0.09152680058529436
10.063817360790008,10.042623648396592,0.0638173607900072,0.04262364839659183
10.063553234678194,10.073229644438493,0.06355323467819332,0.07322964443849259
10.063288362686237,10.030511295579567,0.06328836268623703,0.030511295579566097
10.063022747922757,10.089271564008577,0.06302274792275679,0.08927156400857632
10.062756393505088,10.06112171104321,0.06275639350508846,0.06112171104321052
10.062489302559248,10.062652443374287,0.062489302559248706,0.06265244337428671
10.062221478219898,10.045907403432123,0.062221478219898346,0.04590740343212332
10.061952923630306,10.064436957077334,0.06195292363030546,0.06443695707733325
10.06168364194231,10.055983431934969,0.061683641942308624,0.05598343193496885
10.06141363631628,10.078669048823464,0.06141363631627988,0.07866904882346468
10.061142909921088,10.062666585098569,0.06114290992108752,0.06266658509856927
10.06087146593406,10.075772905198226,0.060871465934059114,0.07577290519822559
10.060599307540944,10.057776204703508,0.06059930754094406,0.0577762047035071
10.060326437935876,10.0713033117849,0.060326437935876255,0.07130331178489996
10.060052860321337,10.054464891401356,0.0600528603213366,0.054464891401355325
10.059778577908116,10.040923780117156,0.059778577908115395,0.04092378011715674
10.059503593915275,10.037405923060957,0.05950359391527469,0.037405923060957594
10.05922791157011,10.085905965760322,0.059227911570110495,0.0859059657603212
10.058951534108115,10.075994444156711,0.05895153410811485,0.07599444415671079
10.058674464772938,10.03001521873213,0.05867446477293799,0.030015218732129968
10.05839670681635,10.074509838280697,0.058396706816350036,0.07450983828069738
10.058118263498203,10.085160866400997,0.05811826349820309,0.08516086640099711
10.057839138086393,10.04238740140791,0.0578391380863929,0.042387401407910044
10.05755933385682,10.034073313327406,0.057559333856820355,0.03407331332740558
10.057278854093353,10.075145551771998,0.05727885409335324,0.07514555177199861
10.056997702087788,10.061686115492202,0.05699770208778761,0.061686115492202404
10.056715881139809,10.042104378040758,0.056715881139809105,0.04210437804075785
10.056433394556954,10.073555147717848,0.056433394556954335,0.07355514771784821
10.056150245654573,10.034097704275133,0.05615024565457197,0.03409770427513305
10.055866437755784,10.06457913304601,0.055866437755783864,0.06457913304601019
10.055581974191446,10.055234182060032,0.055581974191446115,0.055234182060032284
10.05529685830011,10.078935131652065,0.055296858300109775,0.07893513165206488
10.055011093427982,10.100403901122856,0.05501109342798194,0.1004039011228569
10.054724682928887,10.101715987742487,0.054724682928886284,0.1017159877424881
10.054437630164223,10.081882647113364,0.05443763016422376,0.08188264711336386
10.054149938502933,10.05104707252176,0.05414993850293315,0.051047072521759954
10.053861611321452,10.090872202827384,0.053861611321451536,0.09087220282738509
10.053572652003675,10.03809241077561,0.053572652003674615,0.03809241077561001
10.053283063940917,10.08092232407202,0.05328306394091708,0.0809223240720209
10.052992850531872,10.057745941691941,0.05299285053187273,0.05774594169194152
10.052702015182575,10.04315315428843,0.05270201518257468,0.04315315428842965
10.052410561306354,10.072338380653624,0.05241056130635521,0.07233838065362469
10.052118492323807,10.06915745236279,0.052118492323805915,0.06915745236278917
10.051825811662738,10.051286762526274,0.051825811662737434,0.05128676252627476
10.051532522758139,10.075136954688341,0.05153252275813926,0.07513695468834189
10.05123862905214,10.027456233093316,0.05123862905213942,0.027456233093315543
10.050944133993964,10.046525485359865,0.05094413399396407,0.04652548535986578
10.050649041039897,10.038135130838018,0.050649041039897015,0.0381351308380174
10.05035335365324,10.057234146910922,0.050353353653239154,0.05723414691092235
10.050057075304268,10.035889207294474,0.05005707530426782,0.03588920729447328
10.049760209470197,10.055458623843757,0.04976020947019606,0.055458623843757215
10.049462759635132,10.040888061772202,0.04946275963513188,0.040888061772201466
10.049164729290037,10.036499615599016,0.049164729290037165,0.03649961559901628
10.048866121932686,10.072862585645824,0.048866121932686975,0.07286258564582432
10.048566941067628,10.08019199273019,0.04856694106762831,0.08019199273019006
10.04826719020614,10.041333048915828,0.04826719020613903,0.04133304891582684
10.047966872866187,10.015812260349435,0.047966872866186665,0.01581226034943531
10.047665992572387,10.05370050450622,0.04766599257238708,0.053700504506221616
10.047364552855964,10.035187437405783,0.04736455285596317,0.03518743740578399
10.047062557254703,10.019363835095312,0.047062557254703374,0.019363835095311404
10.046760009312921,10.016908426763473,0.04676000931292014,0.016908426763473337
10.046456912581409,10.054140610748586,0.04645691258140843,0.05414061074858581
10.046153270617404,10.027356963248693,0.046153270617403826,0.02735696324869204
10.045849086984541,10.024330172543038,0.04584908698454105,0.024330172543038053
10.045544365252812,10.064294236860446,0.04554436525281198,0.0642942368604464
10.045239108998524,10.020480764259911,0.04523910899852379,0.020480764259910876
10.044933321804256,10.070292415321738,0.04493332180425695,0.07029241532173748
10.044627007258823,10.023104820260581,0.04462700725882324,0.023104820260581516
10.044320168957224,10.073403297773154,0.04432016895722355,0.0734032977731548
10.044012810500606,10.008356083620571,0.04401281050060577,0.008356083620571608
10.043704935496223,10.010305190314092,0.04370493549622248,0.010305190314092182
10.04339654755739,10.050897408951718,0.043396547557388615,0.05089740895171782
10.04308765030344,10.04304958319107,0.04308765030343909,0.04304958319107124
10.042778247359687,10.049482696574715,0.04277824735968622,0.0494826965747157
10.042468342357378,10.036841716127382,0.042468342357377314,0.03684171612738236
10.042157938933652,10.045319413139797,0.04215793893365201,0.045319413139797
10.041847040731499,10.041824824146424,0.04184704073149953,0.04182482414642392
10.041535651399716,10.027653259725387,0.04153565139971598,0.027653259725386126
10.041223774592861,10.048416498555165,0.04122377459286153,0.048416498555164666
10.040911413971218,10.029171956631036,0.04091141397121747,0.029171956631036382
10.040598573200743,10.053557620428336,0.04059857320074332,0.05355762042833594
10.040285255953034,10.062397607440884,0.040285255953033755,0.0623976074408837
10.039971465905275,10.058453510419227,0.03997146590527555,0.05845351041922777
10.039657206740204,10.068750922473628,0.039657206740204426,0.06875092247362712
10.039342482146061,10.080935847619017,0.039342482146061696,0.08093584761901756
10.03902729581655,10.042348256156933,0.039027295816551205,0.042348256156932405
10.038711651450797,10.037249307928201,0.038711651450795845,0.03724930792820194
10.038395552753293,10.03112661704204,0.038395552753294135,0.03112661704203868
10.038079003433877,10.019887003163225,0.03807900343387679,0.019887003163225742
10.037762007207663,10.05873445413709,0.037762007207663144,0.05873445413709013
10.037444567795017,10.081112950126746,0.03744456779501758,0.08111295012674659
10.037126688921505,10.031483529317631,0.03712668892150584,0.031483529317631584
10.036808374317852,10.05604898670604,0.036808374317851326,0.05604898670604025
10.036489627719892,10.0065228878164,0.03648962771989134,0.006522887816399595
10.036170452868532,10.028413194523212,0.036170452868533064,0.02841319452321181
10.035850853509709,10.025237008179387,0.03585085350970992,0.025237008179387007
10.035530833394338,10.013854051099331,0.03553083339433746,0.01385405109933081
10.03521039627827,10.047677183503815,0.03521039627826934,0.04767718350381414
10.034889545922253,10.060984256123575,0.03488954592225327,0.060984256123574374
10.034568286091886,10.017159400131812,0.03456828609188686,0.017159400131812063
10.034246620557573,10.049483480509252,0.03424662055757346,0.04948348050925204
10.033924553094478,10.005057457012851,0.03392455309447786,0.005057457012851922
10.033602087482482,10.053124736441383,0.03360208748248203,0.0531247364413837
10.03327922750614,10.028203130690125,0.03327922750614072,0.02820313069012497
10.032955976954637,10.037746342052937,0.03295597695463711,0.03774634205293747
10.032632339621738,10.010135913726362,0.032632339621738164,0.01013591372636248
10.03230831930575,10.009783244431965,0.03230831930575035,0.009783244431964936
10.031983919809475,10.0739649906091,0.0319839198094749,0.0739649906091005
10.031659144940162,10.040539733599449,0.031659144940163246,0.04053973359944833
10.031333998509472,10.054264730678149,0.03133399850947227,0.05426473067814895
10.03100848433342,10.041404107637861,0.031008484333419656,0.04140410763786103
10.03068260623234,10.038617744739131,0.030682606232339024,0.038617744739130794
10.030356368030835,10.008143768028962,0.030356368030835135,0.008143768028962117
10.03002977355774,10.042680950032782,0.030029773557739028,0.04268095003278211
10.029702826646064,10.021015807405757,0.02970282664606306,0.021015807405756273
10.029375531132956,10.058894059857007,0.02937553113295581,0.05889405985700602
10.029047890859657,10.025537852304508,0.029047890859657262,0.02553785230450842
10.028719909671453,10.005456590326762,0.028719909671453582,0.005456590326762
10.028391591417632,10.029241757122145,0.028391591417632006,0.029241757122145565
10.028062939951436,10.028289721754023,0.028062939951435686,0.028289721754023334
10.027733959130018,10.049323238662108,0.027733959130018443,0.04932323866210789
10.027404652814399,10.023662572859923,0.02740465281439952,0.023662572859922803
10.027075024869418,10.016649404308609,0.027075024869418263,0.016649404308608378
10.026745079163689,9.98878670666792,0.026745079163688748,-0.011213293332079335
10.026414819569554,10.014136836987882,0.026414819569554396,0.01413683698788186
10.026084249963043,10.05748700509001,0.026084249963042552,0.05748700509001109
10.025753374223818,10.060496483341126,0.025753374223818837,0.06049648334112538
10.025422196235143,10.049723877546752,0.025422196235141872,0.04972387754675131
10.025090719883817,10.064783684321664,0.025090719883817527,0.06478368432166454
10.024758949060153,10.020710237675566,0.024758949060153336,0.020710237675566484
10.024426887657913,10.019199284692045,0.02442688765791286,0.019199284692043704
10.02409453957427,10.015264438808847,0.02409453957426998,0.015264438808847149
10.023761908709764,10.05062252451029,0.02376190870976315,0.050622524510289424
10.02342899896825,9.99599302207809,0.023428998968249626,-0.004006977921908569
10.023095814256859,10.025453300883559,0.02309581425685966,0.025453300883558995
10.02276235848595,10.055005492709723,0.02276235848595067,0.055005492709722534
10.022428635569062,10.040586381497715,0.02242863556906118,0.04058638149771536
10.022094649422865,10.036909689841291,0.022094649422865154,0.0369096898412916
10.021760403967125,10.029655609480972,0.02176040396712585,0.02965560948097309
10.02142590312465,9.996829068051849,0.021425903124649866,-0.0031709319481519962
10.021091150821242,10.007479891966632,0.02109115082124109,0.0074798919666322645
10.020756150985655,10.010069284355241,0.02075615098565464,0.010069284355241811
10.020420907549552,10.023808203878225,0.020420907549550737,0.023808203878225444
10.020085424447448,10.015884926298964,0.020085424447448583,0.015884926298963556
10.01974970561668,10.025799056717009,0.019749705616680165,0.025799056717009845
10.019413754997345,10.010222383078801,0.01941375499734406,0.010222383078801373
10.01907757653226,10.012691542039848,0.019077576532259225,0.0126915420398474
10.018741174166918,10.046436606782322,0.018741174166918555,0.04643660678232256
10.018404551849443,10.015165453663798,0.018404551849442834,0.015165453663796893
10.018067713530534,10.046229914818717,0.018067713530534237,0.04622991481871715
10.01773066316343,10.036181629995658,0.01773066316342999,0.03618162999565815
10.017393404703856,10.007703383375693,0.017393404703855978,0.007703383375693868
10.01705594210998,10.051715420790412,0.017055942109980335,0.05171542079041205
10.016718279342367,10.015394304999665,0.016718279342366967,0.015394304999665098
10.016380420363928,10.03897117086515,0.016380420363929084,0.03897117086514903
10.016042369139882,10.0328396605304,0.016042369139882683,0.03283966053039894
10.0157041296377,10.005325360577556,0.01570412963770006,0.005325360577556313
10.015365705827064,10.003465389886221,0.015365705827063076,0.003465389886221004
10.015027101679816,10.01968975037574,0.01502710167981681,0.019689750375740632
10.014688321169922,9.986301992475587,0.014688321169922792,-0.013698007524413056
10.014349368273413,10.00020904762033,0.014349368273412395,0.00020904762033051132
10.01401024696834,9.995942088997113,0.014010246968340176,-0.00405791100288665
10.013670961234737,10.010180526582204,0.013670961234737183,0.010180526582204388
10.013331515054563,10.015440840222729,0.013331515054564251,0.01544084022272882
10.012991912411666,10.004408578158605,0.012991912411665259,0.004408578158605143
10.01265215729172,9.999091353689408,0.012652157291720388,-0.0009086463105922645
10.012312253682198,10.054622463297559,0.01231225368219933,0.05462246329755813
10.011972205572315,10.025459181741496,0.011972205572314544,0.025459181741495925
10.011632016952975,10.010506003034923,0.011632016952974255,0.010506003034923241
10.011291691816735,10.043932090017279,0.011291691816735882,0.04393209001727867
10.010951234157758,10.017911844618727,0.010951234157759003,0.01791184461872676
10.010610647971758,10.026895726161047,0.010610647971758527,0.026895726161046817
10.010269937255957,10.01995528787321,0.01026993725595779,0.0199552878732101
10.009929106009041,10.032296632963632,0.009929106009041655,0.03229663296363158
10.009588158231109,10.014793973945267,0.009588158231109565,0.014793973945267321
10.009247097923629,10.001692673946835,0.009247097923628617,0.0016926739468354698
10.008905929089387,10.012876794490516,0.00890592908938658,0.012876794490517263
10.008564655732444,9.995020071526428,0.008564655732444934,-0.0049799284735722645
10.008223281858092,10.027720396444687,0.008223281858091909,0.02772039644468692
10.007881811472796,10.029718571308896,0.007881811472795305,0.02971857130889597
10.007540248584156,10.015084436785557,0.007540248584155739,0.015084436785556266
10.00719859720086,9.996821697241115,0.007198597200859427,-0.0031783027588849697
10.006856861332631,10.017122129241592,0.006856861332631192,0.017122129241591656
10.006515044990188,9.975588826134574,0.006515044990187394,-0.024411173865425403
10.00617315218519,10.018489259750611,0.006173152185188859,0.01848925975061137
10.005831186930195,9.996859836457082,0.0058311869301938095,-0.0031401635429171675
10.00548915323861,9.998725610220642,0.005489153238610755,-0.0012743897793584293
10.00514705512465,10.01524099902692,0.005147055124651404,0.015240999026920447
10.004804896603284,10.000067356200077,0.004804896603283586,6.735620007750943e-05
10.004462681690184,9.974777853315029,0.004462681690183959,-0.025222146684971258
10.004120414401692,9.999742000799364,0.004120414401691144,-0.00025799920063603043
10.003778098754758,9.966581522221679,0.0037780987547584113,-0.03341847777832117
10.003435738766907,10.024187889285795,0.0034357387669065815,0.024187889285795353
10.003093338456177,10.03383067202613,0.0030933384561768716,0.033830672026130576
10.002750901841084,9.996652705420496,0.002750901841083743,-0.003347294579504278
10.002408432940568,10.011501295700038,0.002408432940567734,0.0115012957000377
10.002065935773949,9.980142624670599,0.002065935773948295,-0.019857375329400614
10.001723414360876,10.015723332570829,0.001723414360876616,0.0157233325708297
10.001380872721288,9.991487765183619,0.001380872721288452,-0.008512234816380469
10.001038314875357,10.01069228516159,0.0010383148753569848,0.010692285161588473
10.000695744843446,9.990525136876805,0.0006957448434454676,-0.009474863123195289
10.000353166646061,9.973859187001237,0.0003531666460603038,-0.026140812998762506
10.000010584303803,10.023358762781472,1.058430380368548e-05,0.023358762781471698
9.999668001837327,9.980228444057587,-0.00033199816267354994,-0.019771555942412596
9.999325423267281,10.031197991089464,-0.0006745767327191071,0.031197991089463247
9.998982852614274,10.021898947340121,-0.0010171473857264204,0.021898947340121596
9.998640293898818,9.998243901632073,-0.001359706101181841,-0.001756098367926849
9.998297751141289,10.008041747867667,-0.0017022488587118225,0.008041747867667271
9.99795522836187,9.987766897922635,-0.002044771638130106,-0.012233102077365603
9.997612729580515,9.975647282125603,-0.002387270419484858,-0.024352717874396138
9.997270258816894,9.978766842723045,-0.0027297411831060246,-0.021233157276954785
9.996927820090347,9.997765050708184,-0.0030721799096522463,-0.002234949291816333
9.996585417419842,9.997854982176044,-0.003414582580158202,-0.0021450178239559234
9.996243054823918,10.007639988856802,-0.003756945176081739,0.007639988856802711
9.99590073632065,9.992297111726717,-0.004099263679351027,-0.007702888273282743
9.995558465927589,10.0318063459609,-0.0044415340724117255,0.031806345960901004
9.995216247661725,9.981528220582227,-0.004783752338274126,-0.01847177941777324
9.99487408553944,9.98746698812729,-0.005125914460560305,-0.012533011872711136
9.994531983576449,10.00348653860822,-0.005468016423551253,0.003486538608219598
9.994189945787767,9.991138626272612,-0.00581005421223401,-0.008861373727387788
9.99384797618765,10.00496761870911,-0.006152023812348743,0.004967618709109367
9.993506078789563,9.96182347131204,-0.0064939212104360294,-0.038176528687959274
9.993164257606116,9.997747840624942,-0.006835742393883702,-0.002252159375057926
9.992822516649026,9.977699175465917,-0.007177483350974116,-0.022300824534083857
9.992480859929069,9.980752004034303,-0.007519140070931187,-0.019247995965697273
9.992139291456033,10.010121027413616,-0.00786070854396746,0.010121027413616352
9.99179781523867,9.974254421427371,-0.00820218476133118,-0.02574557857262925
9.991456435284647,10.000253024423307,-0.008543564715353327,0.0002530244233076226
9.991115155600506,9.990231765401028,-0.008884844399494659,-0.00976823459897239
9.990773980191607,9.986478955328263,-0.009226019808392728,-0.013521044671737873
9.990432913062092,9.983572764451628,-0.009567086937908857,-0.016427235548371666
9.990091958214824,10.00584147585285,-0.009908041785175292,0.005841475852850334
9.989751119651357,9.985798409452434,-0.010248880348641928,-0.014201590547566981
9.989410401371877,9.974170924112142,-0.01058959862812345,-0.025829075887857364
9.989069807375154,9.98087281584544,-0.010930192624846229,-0.019127184154559405
9.988729341658505,9.996259371378565,-0.011270658341495255,-0.0037406286214339652
9.98838900821774,9.964065246677693,-0.011610991782261056,-0.0359347533223072
9.988048811047113,9.960217039910908,-0.01195118895288659,-0.039782960089092004
9.987708754139286,9.973966405547085,-0.012291245860714117,-0.026033594452915355
9.987368841485267,10.024179416049623,-0.012631158514732073,0.024179416049624147
9.987029077074379,9.9741572038184,-0.01297092292562189,-0.025842796181599584
9.986689464894194,10.030874518668014,-0.013310535105804792,0.030874518668013634
9.986350008930511,9.964747088186847,-0.013649991069488757,-0.035252911813152696
9.986010713167286,9.998168156513088,-0.013989286832715034,-0.0018318434869120867
9.985671581586596,9.972117645917491,-0.014328418413405083,-0.02788235408250942
9.985332618168593,9.982121329085864,-0.014667381831407256,-0.017878670914136717
9.984993826891456,9.971416609645091,-0.015006173108543512,-0.028583390354909102
9.984655211731344,10.00378613697728,-0.01534478826865611,0.0037861369772798463
9.984316776662345,9.997365287789691,-0.015683223337654272,-0.0026347122103098416
9.98397852565644,9.94755057319818,-0.016021474343560823,-0.05244942680182031
9.983640462683441,9.99603760259845,-0.016359537316558814,-0.003962397401550119
9.983302591710961,9.970719669845156,-0.016697408289038058,-0.02928033015484398
9.982964916704358,9.943489486577999,-0.017035083295641875,-0.056510513422001446
9.982627441626686,9.96245938036525,-0.017372558373313373,-0.03754061963474967
9.982290170438658,9.96472245431014,-0.01770982956134213,-0.03527754568985948
9.981953107098589,9.961746152951616,-0.018046892901410632,-0.03825384704838407
9.98161625556236,9.998823402803737,-0.018383744437640733,-0.0011765971962636214
9.98127961978336,9.953406853761082,-0.01872038021664009,-0.04659314623891722
9.980943203712451,9.945532984946569,-0.01905679628754854,-0.054467015053432086
9.980607011297916,10.00076239196751,-0.019392988702084488,0.0007623919675116657
9.98027104648541,10.010419091493649,-0.01972895351459123,0.010419091493648898
9.979935313217917,9.979993741085408,-0.020064686782083285,-0.020006258914590735
9.979599815435707,10.007383154533342,-0.0204001845642926,0.007383154533342002
9.979264557076284,9.937306515210453,-0.02073544292371498,-0.06269348478954645
9.978929542074344,9.971195756359544,-0.02107045792565604,-0.028804243640455477
9.978594774361722,9.945195803872704,-0.021405225638277556,-0.05480419612729713
9.978260257867356,9.97669664354108,-0.021739742132643566,-0.02330335645891913
9.977925996517234,9.989051830368782,-0.022074003482766485,-0.010948169631218405
9.977591994234347,9.974523473419824,-0.022408005765653174,-0.025476526580176146
9.977258254938649,9.949665602594612,-0.022741745061350994,-0.05033439740538759
9.976924782547005,9.968824055977551,-0.023075217452993794,-0.031175944022448072
9.976591580973151,10.010128243081697,-0.0234084190268479,0.01012824308169738
9.976258654127642,10.005301362423328,-0.023741345872358023,0.005301362423327707
9.975926005917806,9.985239054053643,-0.024073994082193146,-0.014760945946356447
9.975593640247707,9.980147300416338,-0.024406359752292522,-0.019852699583662477
9.975261561018089,9.945406621761613,-0.024738438981911255,-0.05459337823838633
9.974929772126334,9.951528921078017,-0.02507022787366623,-0.04847107892198266
9.974598277466418,9.989906429964584,-0.025401722533581847,-0.010093570035416295
9.974267080928865,9.999835828599187,-0.02573291907113568,-0.00016417140081393528
9.973936186400696,9.950278257395949,-0.026063813599304177,-0.049721742604050705
9.973605597765392,9.958291358332954,-0.026394402234608247,-0.04170864166704594
9.973275318902841,9.957169152485301,-0.02672468109715885,-0.042830847514699344
9.972945353689298,9.965046282790745,-0.02705464631070254,-0.03495371720925476
9.972615705997333,9.956365629401006,-0.027384294002666915,-0.043634370598993416
9.972286379695793,9.95497529525822,-0.027713620304206217,-0.04502470474177903
9.971957378649753,9.986525616210649,-0.028042621350246502,-0.013474383789350427
9.97162870672047,9.95483539746868,-0.028371293279531164,-0.04516460253132033
9.971300367765334,10.018034694592293,-0.02869963223466622,0.018034694592293704
9.970972365637834,9.957810052802742,-0.02902763436216556,-0.04218994719725874
9.970644704187503,9.987959400312315,-0.029355295812496202,-0.01204059968768529
9.970317387259877,9.969882907253238,-0.02968261274012344,-0.030117092746761498
9.969990418696444,9.9441598245569,-0.030009581303555993,-0.05584017544309988
9.969663802334608,9.970517866195374,-0.03033619766539111,-0.0294821338046257
9.96933754200764,9.961395310937343,-0.03066245799235955,-0.03860468906265653
9.969011641544629,9.982031681561281,-0.030988358455370596,-0.01796831843871917
9.968686104770443,9.990675143521578,-0.031313895229557104,-0.009324856478421167
9.96836093550568,9.96440527391974,-0.03163906449432019,-0.0355947260802613
9.968036137566626,9.97394738690186,-0.0319638624333742,-0.02605261309813868
9.967711714765208,9.971881506794245,-0.032288285234791485,-0.028118493205753787
9.967387670908954,10.005245550611747,-0.032612329091047096,0.005245550611746523
9.967064009800936,9.969283271893163,-0.032935990199063535,-0.030716728106837364
9.966740735239744,9.977141635752533,-0.033259264760255335,-0.022858364247466963
9.966417851019425,9.969237210561728,-0.03358214898057366,-0.030762789438272622
9.96609536092945,9.994330244431223,-0.03390463907055086,-0.005669755568777458
9.965773268754655,9.970290391544813,-0.03422673124534483,-0.029709608455187227
9.965451578275216,9.937333387431893,-0.03454842172478368,-0.06266661256810593
9.96513029326659,9.947269701528528,-0.034869706733409805,-0.052730298471472765
9.964809417499476,9.939893049101022,-0.03519058250052437,-0.06010695089897813
9.96448895473977,9.946102678143664,-0.03551104526023152,-0.05389732185633666
9.964168908748517,9.968322933986927,-0.03583109125148259,-0.0316770660130727
9.96384928328188,9.93674814921747,-0.03615071671812022,-0.0632518507825298
9.963530082091077,9.95721484071764,-0.03646991790892247,-0.04278515928235995
9.963211308922354,9.94561752409236,-0.03678869107764683,-0.05438247590764028
9.962892967516925,9.978262644859447,-0.037107032483074176,-0.021737355140553593
9.962575061610947,9.938039041709017,-0.0374249383890527,-0.06196095829098334
9.962257594935458,9.976648134007675,-0.03774240506454171,-0.023351865992324528
9.961940571216344,9.963057713391095,-0.03805942878365557,-0.03694228660890509
9.961623994174293,9.933338911970383,-0.038376005825707195,-0.06666108802961773
9.961307867524749,9.969867082760407,-0.038692132475251884,-0.03013291723959225
9.96099219497787,9.9669980533594,-0.03900780502213088,-0.03300194664059986
9.960676980238485,9.9811096404862,-0.0393230197615149,-0.018890359513800997
9.960362227006053,9.99349200409293,-0.03963777299394765,-0.00650799590707013
9.960047938974611,9.961383751578948,-0.0399520610253892,-0.03861624842105159
9.95973411983274,9.944808272965824,-0.04026588016725939,-0.05519172703417527
9.959420773263519,9.96260065674531,-0.04057922673648106,-0.03739934325468992
9.959107902944476,9.975521461124051,-0.04089209705552328,-0.024478538875948783
9.958795512547555,9.937413033234801,-0.04120448745244466,-0.06258696676519883
9.958483605739064,9.940226629480517,-0.04151639426093621,-0.05977337051948409
9.958172186179635,9.968154187058548,-0.04182781382036449,-0.03184581294145229
9.957861257524186,9.962936517640605,-0.0421387424758146,-0.03706348235939549
9.957550823421867,9.97135519203914,-0.042449176578133026,-0.02864480796086009
9.95724088751603,10.002145947183694,-0.04275911248397047,0.002145947183694187
9.956931453444176,9.951652961037784,-0.04306854655582463,-0.04834703896221616
9.956622524837917,9.942371839137548,-0.043377475162082874,-0.057628160862452246
9.956314105322935,9.947334892707575,-0.043685894677064886,-0.052665107292424865
9.956006198518935,9.939846151990114,-0.04399380148106517,-0.06015384800988603
9.955698808039605,9.976001287069673,-0.04430119196039555,-0.023998712930326443
9.955391937492573,9.934153304724589,-0.04460806250742771,-0.06584669527541195
9.955085590479365,9.965419807255554,-0.04491440952063527,-0.03458019274444632
9.954779770595364,9.949138379558743,-0.045220229404636283,-0.05086162044125622
9.954474481429765,9.958316613292258,-0.04552551857023532,-0.04168338670774198
9.954169726565535,9.925865729477211,-0.045830273434465656,-0.07413427052278823
9.95386550957937,9.94692556154534,-0.046134490420631245,-0.053074438454659034
9.95356183404165,9.942756009362943,-0.04643816595834879,-0.05724399063705608
9.953258703516411,9.969360720909965,-0.04674129648358956,-0.030639279090035103
9.952956121561279,9.944473374782937,-0.047043878438721286,-0.05552662521706249
9.95265409172745,9.934289121014777,-0.04734590827254982,-0.06571087898522333
9.952352617559638,9.961437642924206,-0.04764738244036102,-0.03856235707579379
9.952051702596037,9.92981301024722,-0.04794829740396207,-0.07018698975278148
9.951751350368276,9.950475584512656,-0.048248649631723206,-0.04952441548734443
9.951451564401381,9.946605532605764,-0.04854843559861908,-0.05339446739423659
9.95115234821373,9.954598124902853,-0.04884765178627018,-0.045401875097147076
9.950853705317016,9.94215894710225,-0.049146294682984065,-0.05784105289775028
9.950555639216203,9.907658817145887,-0.049444360783796645,-0.09234118285411377
9.950258153409488,9.932722462475772,-0.04974184659051326,-0.067277537524228
9.94996125138825,9.94709944693937,-0.05003874861174978,-0.05290055306062952
9.949664936637026,9.965091767340908,-0.05033506336297351,-0.03490823265909201
9.949369212633457,9.976394003963856,-0.05063078736654417,-0.02360599603614464
9.949074082848245,9.92681596783843,-0.050925917151754735,-0.07318403216157142
9.948779550745128,9.9752521476655,-0.05122044925487201,-0.024747852334499984
9.948485619780822,9.962023733521633,-0.051514380219177404,-0.0379762664783669
9.948192293404993,9.961559187662738,-0.05180770659500751,-0.03844081233726178
9.947899575060205,9.934150247506352,-0.05210042493979451,-0.06584975249364773
9.947607468181893,9.957830366201092,-0.05239253181810667,-0.04216963379890738
9.947315976198311,9.949462251885025,-0.05268402380168859,-0.050537748114974246
9.947025102530498,9.955207378595283,-0.05297489746950143,-0.04479262140471662
9.946734850592238,9.934533712730007,-0.05326514940776316,-0.06546628726999387
9.946445223790011,9.918089766455529,-0.05355477620998849,-0.08191023354447219
9.946156225522971,9.936553026036021,-0.05384377447702894,-0.06344697396397952
9.945867859182886,9.915412490265004,-0.054132140817112775,-0.08458750973499683
9.945580128154115,9.916396277458638,-0.054419871845884676,-0.08360372254136236
9.945293035813554,9.95356737211002,-0.05470696418644552,-0.046432627889979886
9.945006585530608,9.968852203645078,-0.05499341446939206,-0.031147796354922288
9.944720780667144,9.924019450238312,-0.055279219332856434,-0.07598054976168828
9.944435624577455,9.963244790107078,-0.0555643754225456,-0.03675520989292127
9.94415112060822,9.957109468204989,-0.05584887939178074,-0.04289053179501062
9.943867272098464,9.919065203472464,-0.056132727901536505,-0.0809347965275369
9.94358408237952,9.915439561142973,-0.05641591762048023,-0.08456043885702771
9.943301554774989,9.958534021549884,-0.056698445225010975,-0.04146597845011692
9.943019692600702,9.93124247951548,-0.056980307399298706,-0.06875752048451886
9.942738499164678,9.919429782985993,-0.05726150083532294,-0.08057021701400746
9.942457977767088,9.937497897977359,-0.05754202223291177,-0.06250210202264184
9.942178131700219,9.95853275204143,-0.05782186829978053,-0.04146724795856931
9.941898964248429,9.941177836078731,-0.05810103575157044,-0.05882216392126822
9.941620478688113,9.94011437111604,-0.058379521311887166,-0.059885628883959714
9.941342678287661,9.971947986386922,-0.05865732171233923,-0.028052013613077676
9.941065566307424,9.919072581211678,-0.05893443369257643,-0.08092741878832252
9.940789145999672,9.972833378166523,-0.059210854000328064,-0.02716662183347667
9.940513420608559,9.938601543207678,-0.0594865793914411,-0.061398456792321365
9.940238393370082,9.921360231489222,-0.05976160662991823,-0.07863976851077767
9.939964067512044,9.954691275355643,-0.060035932487956,-0.04530872464435711
9.939690446254017,9.909265094643763,-0.06030955374598244,-0.09073490535623814
9.939417532807305,9.904841250125841,-0.06058246719269503,-0.09515874987415807
9.939145330374902,9.933655640154095,-0.06085466962509833,-0.06634435984590561
9.938873842151459,9.94463273725798,-0.061126157848541585,-0.05536726274202037
9.938603071323243,9.95081089342635,-0.061396928676756224,-0.049189106573649194
9.938333021068107,9.928557375294853,-0.06166697893189324,-0.07144262470514726
9.93806369455544,9.916682063998207,-0.06193630544456048,-0.08331793600179252
9.93779509494614,9.955197288805953,-0.062204905053859866,-0.04480271119404717
9.937527225392575,9.946621760897287,-0.06247277460742443,-0.05337823910271379
9.937260089038544,9.931264030777678,-0.06273991096145548,-0.06873596922232166
9.936993689019241,9.933551433851726,-0.06300631098075929,-0.06644856614827375
9.936728028461216,9.958016495585644,-0.06327197153878397,-0.04198350441435568
9.936463110482343,9.950651154459292,-0.06353688951765621,-0.04934884554070737
9.936198938191783,9.888056730529488,-0.0638010618082178,-0.11194326947051214
9.935935514689938,9.9133176768369,-0.06406448531006223,-0.08668232316309929
9.93567284306843,9.909727182877154,-0.06432715693157091,-0.09027281712284667
9.93541092641005,9.94660925555155,-0.06458907358994961,-0.05339074444844985
9.935149767788735,9.931516141175141,-0.06485023221126456,-0.06848385882485866
9.934889370269522,9.907438297170144,-0.06511062973047853,-0.09256170282985564
9.934629736908514,9.92210204715755,-0.06537026309148677,-0.07789795284245035
9.934370870752847,9.92728216991592,-0.0656291292471531,-0.07271783008408127
9.934112774840655,9.897489743895958,-0.06588722515934531,-0.10251025610404174
9.933855452201028,9.9319647519575,-0.0661445477989711,-0.06803524804250106
9.933598905853987,9.912362658094777,-0.06640109414601346,-0.0876373419052232
9.933343138810434,9.972910628879267,-0.06665686118956625,-0.02708937112073266
9.93308815407213,9.920881450825492,-0.06691184592786945,-0.07911854917450793
9.932833954631656,9.928328236381137,-0.0671660453683444,-0.07167176361886239
9.93258054347237,9.928579904918584,-0.067419456527629,-0.07142009508141699
9.932327923568387,9.923421490275611,-0.06767207643161255,-0.07657850972438762
9.93207609788453,9.923380265406468,-0.06792390211547082,-0.07661973459353123
9.931825069376298,9.912813879152285,-0.06817493062370086,-0.08718612084771524
9.931574840989844,9.919179828077334,-0.06842515901015549,-0.08082017192266552
9.931325415661922,9.895899847746163,-0.06867458433807809,-0.10410015225383631
9.931076796319863,9.915694851250807,-0.06892320368013692,-0.08430514874919368
9.93082898588154,9.924634750350906,-0.06917101411845959,-0.0753652496490944
9.930581987255334,9.948720710399776,-0.06941801274466723,-0.051279289600224175
9.93033580334009,9.901854121039484,-0.06966419665990861,-0.0981458789605164
9.930090437025106,9.952009910122506,-0.06990956297489426,-0.0479900898774935
9.92984589119007,9.97477874524639,-0.07015410880993027,-0.02522125475360988
9.929602168705047,9.931769036757526,-0.07039783129495217,-0.06823096324247482
9.92935927243044,9.948292579445603,-0.07064072756955848,-0.051707420554397504
9.929117205216956,9.924387357284171,-0.07088279478304454,-0.07561264271582917
9.928875969905564,9.914282547786627,-0.07112403009443569,-0.08571745221337244
9.92863556932748,9.940357171619867,-0.07136443067252074,-0.0596428283801319
9.928396006304116,9.954741478427724,-0.0716039936958852,-0.04525852157227567
9.928157283647055,9.908633829042666,-0.07184271635294437,-0.09136617095733386
9.927919404158024,9.911147187909988,-0.07208059584197636,-0.0888528120900131
9.927682370628846,9.922954687635846,-0.07231762937115493,-0.07704531236415453
9.927446185841418,9.938165466676184,-0.07255381415858234,-0.06183453332381723
9.927210852567677,9.91336489283981,-0.07278914743232183,-0.08663510716018899
9.92697637356957,9.938218090229242,-0.07302362643043037,-0.06178190977075726
9.92674275159901,9.91763839568696,-0.07325724840099096,-0.08236160431303997
9.926509989397855,9.92881772418445,-0.07349001060214491,-0.0711822758155497
9.926278089697876,9.897627529929357,-0.07372191030212402,-0.10237247007064257
9.926047055220717,9.944105629605199,-0.0739529447792827,-0.05589437039480081
9.92581688867787,9.921763321216346,-0.07418311132212989,-0.07823667878365305
9.92558759277064,9.924848128839686,-0.07441240722936085,-0.0751518711603133
9.925359170190111,9.945505863763378,-0.07464082980988887,-0.054494136236622435
9.925131623617123,9.932995991474959,-0.07486837638287691,-0.06700400852504033
9.924904955722232,9.931320448569506,-0.07509504427776899,-0.06867955143049335
9.924679169165678,9.935963029361776,-0.07532083083432158,-0.06403697063822379
9.924454266597365,9.933963829472193,-0.07554573340263476,-0.0660361705278074
9.924230250656816,9.967353000717969,-0.0757697493431835,-0.03264699928203171
9.924007123973151,9.94747228257891,-0.07599287602684832,-0.052527717421090074
9.923784889165054,9.900151429154802,-0.07621511083494648,-0.09984857084519808
9.923563548840738,9.929954302408273,-0.07643645115926243,-0.07004569759172685
9.92334310559792,9.912322213031569,-0.07665689440207867,-0.08767778696843069
9.923123562023793,9.939382058584512,-0.07687643797620612,-0.06061794141548839
9.922904920694986,9.917149685063569,-0.07709507930501436,-0.0828503149364316
9.922687184177537,9.941466909272005,-0.07731281582246219,-0.05853309072799484
9.922470355026872,9.949113401912024,-0.07752964497312732,-0.05088659808797634
9.922254435787764,9.895513951059746,-0.07774556421223683,-0.10448604894025496
9.922039428994303,9.91966332349303,-0.07796057100569659,-0.08033667650697075
9.921825337169878,9.905870836169772,-0.0781746628301214,-0.09412916383022729
9.921612162827136,9.894046796583211,-0.07838783717286421,-0.10595320341678915
9.921399908467954,9.914268469137857,-0.07860009153204606,-0.0857315308621427
9.921188576583415,9.922551979169878,-0.07881142341658492,-0.07744802083012257
9.920978169653775,9.92657677995178,-0.07902183034622544,-0.07342322004821941
9.920768690148432,9.890944462115812,-0.07923130985156776,-0.10905553788418887
9.920560140525904,9.941004561556293,-0.07943985947409643,-0.05899543844370736
9.92035252323379,9.946081667916102,-0.07964747676620959,-0.05391833208389754
9.920145840708752,9.910984275586081,-0.07985415929124727,-0.08901572441391965
9.919940095376479,9.925773776605677,-0.08005990462352044,-0.07422622339432279
9.91973528965166,9.915874324345275,-0.08026471034833906,-0.08412567565472603
9.91953142593796,9.901215691534789,-0.08046857406204076,-0.09878430846521016
9.91932850662798,9.937298138241164,-0.08067149337201873,-0.06270186175883467
9.919126534103249,9.929816527607334,-0.0808734658967502,-0.07018347239266519
9.918925510734176,9.886260152724189,-0.08107448926582389,-0.11373984727581088
9.918725438880031,9.932303862512882,-0.0812745611199683,-0.06769613748711827
9.91852632088892,9.893800351531954,-0.08147367911107921,-0.1061996484680462
9.918328159097753,9.926197137827334,-0.08167184090224704,-0.07380286217266684
9.918130955832215,9.902287857576267,-0.08186904416778468,-0.09771214242373276
9.917934713406746,9.933789986483104,-0.08206528659325435,-0.06621001351689566
9.917739434124504,9.918656758475038,-0.08226056587549524,-0.08134324152496147
9.91754512027735,9.876999106310569,-0.08245487972265003,-0.12300089368943148
9.917351774145807,9.914004583821045,-0.08264822585419225,-0.08599541617895555
9.917159397999047,9.957528876254045,-0.08284060200095265,-0.04247112374595495
9.916967994094854,9.884581979600148,-0.0830320059051462,-0.11541802039985302
9.916777564679602,9.914126553730984,-0.08322243532039819,-0.08587344626901573
9.91658811198823,9.926113988414981,-0.08341188801177103,-0.07388601158501863
9.91639963824421,9.89484831440271,-0.08360036175579018,-0.105151685597291
9.91621214565953,9.88380682553616,-0.0837878543404702,-0.11619317446384002
9.916025636434659,9.91035955208377,-0.08397436356534108,-0.08964044791622948
9.915840112758527,9.91487625948202,-0.08415988724147354,-0.08512374051797977
9.915655576808495,9.915999634616302,-0.08434442319150524,-0.08400036538369741
9.915472030750333,9.89456833878716,-0.08452796924966594,-0.10543166121283998
9.915289476738197,9.891291396878417,-0.08471052326180319,-0.10870860312158262
9.915107916914593,9.882303027099832,-0.08489208308540735,-0.1176969729001685
9.914927353410363,9.91163254495991,-0.08507264658963708,-0.08836745504009003
9.914747788344656,9.931124394502481,-0.08525221165534391,-0.06887560549751837
9.914569223824902,9.933568791128518,-0.08543077617509752,-0.06643120887148199
9.91439166194679,9.892597892527192,-0.08560833805321032,-0.10740210747280833
9.914215104794238,9.892312546264641,-0.08578489520576185,-0.10768745373535937
9.914039554439377,9.905744861052478,-0.08596044556062363,-0.09425513894752184
9.913865012942518,9.905456800249263,-0.08613498705748307,-0.09454319975073618
9.913691482352132,9.876896694787321,-0.08630851764786801,-0.12310330521267865
9.91351896470483,9.908961603870326,-0.08648103529517047,-0.09103839612967443
9.91334746202533,9.913112460462898,-0.08665253797467079,-0.08688753953710268
9.913176976326438,9.924730836684155,-0.08682302367356115,-0.0752691633158453
9.91300750960903,9.901830047155899,-0.08699249039096944,-0.09816995284410142
9.912839063862018,9.837475489895844,-0.08716093613798265,-0.16252451010415592
9.91267164106233,9.943515948689278,-0.08732835893766999,-0.056484051310721956
9.912505243174893,9.90862114057142,-0.08749475682510656,-0.09137885942858079
9.912339872152604,9.889001888302332,-0.08766012784739591,-0.11099811169766834
9.912175529936306,9.895144674406167,-0.08782447006369337,-0.10485532559383376
9.912012218454771,9.912519440802177,-0.08798778154522852,-0.08748055919782363
9.911849939624672,9.899674595790355,-0.08815006037532806,-0.10032540420964449
9.911688695350563,9.933039644175551,-0.08831130464943808,-0.06696035582444959
9.911528487524853,9.944028607989353,-0.0884715124751467,-0.05597139201064835
9.911369318027795,9.913808513518394,-0.08863068197220594,-0.08619148648160625
9.911211188727446,9.899709196115193,-0.08878881127255407,-0.10029080388480681
9.911054101479662,9.901700940661453,-0.08894589852033746,-0.09829905933854788
9.910898058128067,9.911019148687917,-0.0891019418719322,-0.08898085131208255
9.910743060504034,9.910075026876322,-0.08925693949596597,-0.08992497312367727
9.910589110426661,9.904092458092919,-0.08941088957333933,-0.09590754190708135
9.910436209702752,9.936163694017402,-0.08956379029724731,-0.06383630598259835
9.9102843601268,9.930311598294361,-0.0897156398732003,-0.06968840170563906
9.910133563480954,9.909381832072405,-0.08986643651904545,-0.09061816792759518
9.909983821535013,9.91748261474515,-0.09001617846498727,-0.08251738525484893
9.909835136046391,9.941471533080461,-0.09016486395360868,-0.05852846691953927
9.909687508760108,9.906410437978764,-0.09031249123989138,-0.09358956202123603
9.909540941408764,9.926850726207539,-0.09045905859123657,-0.0731492737924614
9.909395435712515,9.924531258962075,-0.09060456428748515,-0.07546874103792582
9.909250993379063,9.919752351954182,-0.0907490066209378,-0.08024764804581752
9.909107616103624,9.908551115236433,-0.09089238389637534,-0.0914488847635667
9.908965305568922,9.91647467790932,-0.09103469443107827,-0.0835253220906795
9.908824063445152,9.876728023183697,-0.09117593655484685,-0.12327197681630359
9.90868389138998,9.903133765354989,-0.09131610861002032,-0.09686623464501118
9.908544791048504,9.952616519255187,-0.09145520895149682,-0.04738348074481194
9.908406764053248,9.914095920917541,-0.09159323594675223,-0.08590407908245883
9.908269812024141,9.859531306945327,-0.09173018797585972,-0.14046869305467397
9.908133936568492,9.951270092859296,-0.09186606343150844,-0.04872990714070356
9.907999139280978,9.913242760205476,-0.09200086071902264,-0.08675723979452418
9.907865421743619,9.89301994650877,-0.09213457825638027,-0.10698005349122987
9.907732785525768,9.90100473300456,-0.09226721447423149,-0.09899526699544019
9.907601232184083,9.917213980591386,-0.09239876781591727,-0.08278601940861408
9.907470763262513,9.881143898800099,-0.09252923673748739,-0.11885610119990042
9.907341380292282,9.893096673572536,-0.09265861970771888,-0.1069033264274634
9.907213084791866,9.921464800805657,-0.09278691520813366,-0.07853519919434335
9.907085878266983,9.913622993665586,-0.09291412173301672,-0.08637700633441506
9.906959762210567,9.91637799972567,-0.09304023778943339,-0.08362200027432974
9.906834738102752,9.892262663419789,-0.09316526189724722,-0.10773733658021098
9.906710807410862,9.872679547600507,-0.0932891925891372,-0.12732045239949344
9.906587971589385,9.898979844254368,-0.09341202841061484,-0.1010201557456313
9.906466232079959,9.885732715019282,-0.09353376792004159,-0.11426728498071852
9.906345590311355,9.878140633754484,-0.09365440968864533,-0.1218593662455155
9.906226047699462,9.887975868766016,-0.09377395230053759,-0.11202413123398378
9.90610760564727,9.897213897920428,-0.09389239435272971,-0.102786102079571
9.905990265544851,9.914957461027603,-0.09400973445514973,-0.08504253897239693
9.905874028769341,9.909815020242863,-0.09412597123065838,-0.09018497975713712
9.905758896684935,9.892965410411131,-0.09424110331506547,-0.10703458958886845
9.905644870642854,9.90754502581428,-0.09435512935714568,-0.09245497418571993
9.905531951981345,9.89665521976075,-0.09446804801865463,-0.10334478023925131
9.905420142025655,9.92540354626577,-0.09457985797434454,-0.07459645373423045
9.90530944208802,9.91709353174521,-0.09469055791197956,-0.08290646825479119
9.905199853467648,9.929928352663177,-0.09480014653235158,-0.07007164733682303
9.905091377450704,9.928607222112703,-0.09490862254929504,-0.07139277788729717
9.904984015310298,9.932675036888098,-0.09501598468970238,-0.06732496311190261
9.904877768306461,9.889450550537605,-0.09512223169353874,-0.11054944946239513
9.904772637686143,9.895381715570679,-0.09522736231385694,-0.10461828442932214
9.904668624683188,9.910830166527054,-0.0953313753168119,-0.08916983347294544
9.904565730518325,9.932699452366753,-0.09543426948167537,-0.06730054763324739
9.90446395639915,9.92312677980416,-0.09553604360084997,-0.07687322019583981
9.904363303520116,9.943314005628128,-0.09563669647988364,-0.056685994371871544
9.904263773062516,9.90055628893338,-0.09573622693748353,-0.099443711066619
9.904165366194471,9.890082135903734,-0.0958346338055298,-0.10991786409626586
9.90406808407091,9.944439574334803,-0.09593191592908945,-0.055560425665196915
9.90397192783357,9.912827928727186,-0.09602807216642979,-0.08717207127281353
9.903876898610967,9.939132514392368,-0.09612310138903196,-0.06086748560763229
9.903782997518396,9.88905628720949,-0.09621700248160393,-0.11094371279050955
9.903690225657906,9.895046298057085,-0.09630977434209394,-0.1049537019429144
9.903598584118297,9.888959086878575,-0.09640141588170306,-0.11104091312142553
9.903508073975102,9.900787072769853,-0.09649192602489831,-0.09921292723014713
9.903418696290576,9.905314533216654,-0.09658130370942498,-0.0946854667833463
9.90333045211368,9.90878928766996,-0.09666954788631936,-0.09121071233003974
9.90324334248008,9.907257323026432,-0.09675665751992087,-0.09274267697356836
9.903157368412115,9.91170080977288,-0.09684263158788425,-0.08829919022711975
9.903072530918807,9.905730083830905,-0.0969274690811917,-0.09426991616909443
9.902988830995836,9.9275171306538,-0.09701116900416444,-0.07248286934619944
9.902906269625525,9.900455642742992,-0.09709373037447472,-0.0995443572570076
9.902824847776843,9.917465154708404,-0.09717515222315705,-0.08253484529159504
9.90274456640538,9.90629029393526,-0.09725543359461986,-0.09370970606474027
9.902665426453343,9.904424352921776,-0.09733457354665642,-0.09557564707822366
9.902587428849543,9.915368112076894,-0.09741257115045619,-0.08463188792310626
9.902510574509385,9.894794326016413,-0.09748942549061546,-0.10520567398358656
9.902434864334852,9.873809140426156,-0.09756513566514825,-0.1261908595738439
9.902360299214504,9.897627975847534,-0.09763970078549693,-0.10237202415246564
9.902286880023457,9.929529444487033,-0.09771311997654243,-0.07047055551296677
9.902214607623385,9.872500784853624,-0.0977853923766148,-0.1274992151463749
9.902143482862497,9.900400726106463,-0.09785651713750305,-0.09959927389353734
9.902073506575535,9.911233284429452,-0.09792649342446537,-0.08876671557054908
9.902004679583762,9.903478681746837,-0.09799532041623865,-0.09652131825316258
9.901937002694952,9.890774732681084,-0.09806299730504836,-0.10922526731891519
9.901870476703381,9.915715480737216,-0.0981295232966179,-0.0842845192627838
9.901805102389822,9.8959570697759,-0.09819489761017791,-0.10404293022409945
9.901740880521524,9.879062038396123,-0.09825911947847556,-0.12093796160387704
9.901677811852217,9.919641625243404,-0.09832218814778339,-0.08035837475659617
9.901615897122092,9.921098397629772,-0.09838410287790827,-0.0789016023702292
9.9015551370578,9.885132547081863,-0.09844486294220005,-0.11486745291813641
9.90149553237244,9.923316143789684,-0.09850446762756009,-0.07668385621031573
9.90143708376555,9.913606936451224,-0.0985629162344496,-0.08639306354877582
9.901379791923102,9.915301421213124,-0.09862020807689795,-0.08469857878687587
9.901323657517489,9.8973362755117,-0.09867634248251056,-0.10266372448830009
9.901268681207522,9.89564654361059,-0.09873131879247697,-0.10435345638940995
9.90121486363842,9.878692538243486,-0.0987851363615784,-0.12130746175651363
9.901162205441805,9.869095941319852,-0.09883779455819547,-0.13090405868014715
9.901110707235684,9.932539683205595,-0.09888929276431556,-0.06746031679440447
9.90106036962446,9.895142660351906,-0.09893963037553995,-0.10485733964809382
9.901011193198908,9.911144420715175,-0.09898880680109114,-0.08885557928482493
9.90096317853618,9.894024746469931,-0.09903682146381958,-0.10597525353006888
9.90091632619979,9.89933831946541,-0.09908367380021055,-0.10066168053458853
9.90087063673961,9.913204168372596,-0.09912936326039073,-0.08679583162740294
9.900826110691865,9.930560977916674,-0.0991738893081347,-0.06943902208332686
9.900782748579129,9.920534175435208,-0.09921725142087118,-0.07946582456479252
9.90074055091031,9.88570373726208,-0.0992594490896892,-0.11429626273791965
9.900699518180655,9.877994047334612,-0.09930048181934403,-0.1220059526653873
9.900659650871736,9.846994858552115,-0.09934034912826306,-0.153005141447885
9.900620949451449,9.891841082244948,-0.09937905054855141,-0.1081589177550524
9.900583414374003,9.910634017710844,-0.09941658562599737,-0.0893659822891549
9.900547046079922,9.898044204903025,-0.09945295392007786,-0.1019557950969752
9.900511844996036,9.924771793521133,-0.09948815500396346,-0.07522820647886642
9.900477811535476,9.91086827821066,-0.09952218846452354,-0.08913172178933895
9.90044494609767,9.918017719010875,-0.099555053902331,-0.08198228098912481
9.900413249068333,9.905189171248331,-0.09958675093166708,-0.09481082875166899
9.900382720819474,9.890224901316184,-0.09961727918052575,-0.1097750986838166
9.900353361709382,9.917391175352302,-0.09964663829061819,-0.0826088246476981
9.900325172082622,9.918637404401798,-0.0996748279173769,-0.0813625955982022
9.90029815227004,9.882485917023303,-0.09970184772995985,-0.11751408297669683
9.900272302588746,9.900570129907232,-0.09972769741125428,-0.09942987009276764
9.90024762334212,9.912749966756497,-0.09975237665788043,-0.08725003324350247
9.900224114819805,9.912352942184544,-0.09977588518019516,-0.08764705781545608
9.900201777297704,9.933789858596,-0.09979822270229527,-0.06621014140399908
9.90018061103798,9.927671291041241,-0.09981938896202079,-0.07232870895875969
9.900160616289043,9.948102585577875,-0.09983938371095802,-0.05189741442212593
9.900141793285558,9.916117648133172,-0.09985820671444254,-0.08388235186682796
9.900124142248439,9.935393946569976,-0.09987585775156178,-0.06460605343002429
9.900107663384842,9.903796036277955,-0.09989233661515784,-0.09620396372204498
9.90009235688817,9.87503105209937,-0.09990764311182973,-0.12496894790063062
9.900078222938065,9.912936769543524,-0.09992177706193572,-0.0870632304564761
9.900065261700405,9.920885168563903,-0.09993473829959548,-0.07911483143609828
9.900053473327308,9.910266313752404,-0.099946526672692,-0.08973368624759705
9.900042857957127,9.955983350367699,-0.09995714204287326,-0.04401664963230152
9.900033415714447,9.908516175669089,-0.09996658428555412,-0.09148382433091126
9.900025146710082,9.933170181495544,-0.0999748532899175,-0.06682981850445617
9.900018051041084,9.891650510174433,-0.09998194895891584,-0.10834948982556722
9.900012128790728,9.902788234592643,-0.09998787120927223,-0.09721176540735596
9.90000738002852,9.928572911087551,-0.0999926199714813,-0.0714270889124491
9.90000380481019,9.925475450412977,-0.09999619518981018,-0.07452454958702247
9.9000014031777,9.900274348661968,-0.09999859682229895,-0.09972565133803124
9.900000175159239,9.918542589719632,-0.09999982484076136,-0.08145741028036779
9.900000120769215,9.895587261491771,-0.09999987923078503,-0.10441273850822949
9.900001240008269,9.889868645118673,-0.09999875999173158,-0.11013135488132757
9.900003532863263,9.887592899295457,-0.09999646713673677,-0.11240710070454295
9.90000699930729,9.903279374859686,-0.09999300069271022,-0.09672062514031482
9.900011639299665,9.935397818281192,-0.09998836070033518,-0.06460218171880719
9.900017452785931,9.90575170681065,-0.09998254721406803,-0.0942482931893511
9.900024439697862,9.9135512360734,-0.09997556030213761,-0.08644876392659957
9.900032599953455,9.907024605781254,-0.09996740004654446,-0.09297539421874508
9.90004193345694,9.895146089353048,-0.0999580665430598,-0.10485391064695262
9.900052440098776,9.897718521542707,-0.0999475599012245,-0.10228147845729234
9.900064119755653,9.911793471432432,-0.09993588024434771,-0.08820652856756736
9.900076972290494,9.931075324797556,-0.09992302770950544,-0.06892467520244362
9.90009099755246,9.929036157045244,-0.09990900244753893,-0.07096384295475625
9.900106195376948,9.877283787670743,-0.09989380462305299,-0.1227162123292568
9.900122565585587,9.907666396858726,-0.09987743441441388,-0.09233360314127331
9.900140107986253,9.90472131296209,-0.09985989201374736,-0.09527868703790952
9.900158822373063,9.867281005448735,-0.09984117762693641,-0.13271899455126562
9.900178708526381,9.89821982027766,-0.09982129147361878,-0.10178017972234055
9.900199766212815,9.895831937680557,-0.09980023378718442,-0.1041680623194443
9.900221995185227,9.891675100419512,-0.09977800481477277,-0.1083248995804873
9.900245395182731,9.888123504265629,-0.0997546048172698,-0.1118764957343716
9.900269965930695,9.861545926892461,-0.09973003406930506,-0.13845407310753938
9.900295707140751,9.872638011452505,-0.09970429285924831,-0.12736198854749528
9.900322618510794,9.877059901419463,-0.09967738148920625,-0.12294009858053734
9.900350699724981,9.90774897702662,-0.09964930027501895,-0.09225102297337989
9.900379950453743,9.885326564341181,-0.09962004954625606,-0.11467343565881859
9.900410370353788,9.937385859223966,-0.09958962964621307,-0.0626141407760343
9.900441959068093,9.923030318347543,-0.0995580409319072,-0.07696968165245797
9.900474716225927,9.884509669494697,-0.09952528377407324,-0.11549033050530241
9.90050864144284,9.885542466074812,-0.0994913585571592,-0.11445753392518873
9.900543734320678,9.94001691108215,-0.09945626567932175,-0.05998308891784914
9.900579994447579,9.875837409119045,-0.09942000555242159,-0.1241625908809543
9.900617421397982,9.890073332522842,-0.09938257860201866,-0.1099266674771574
9.900656014732633,9.865215116679874,-0.09934398526736704,-0.13478488332012567
9.90069577399859,9.919317058615936,-0.09930422600140991,-0.0806829413840634
9.900736698729226,9.915297783978856,-0.09926330127077408,-0.08470221602114333
9.900778788444235,9.93218658515274,-0.09922121155576472,-0.0678134148472592
9.90082204264964,9.900744807333737,-0.09917795735035953,-0.09925519266626348
9.900866460837797,9.916930828268345,-0.09913353916220308,-0.08306917173165548
9.900912042487398,9.913501489512791,-0.09908795751260074,-0.08649851048720802
9.900958787063487,9.892358944753145,-0.09904121293651268,-0.10764105524685597
9.901006694017452,9.883048369384202,-0.09899330598254748,-0.11695163061579883
9.901055762787044,9.902661338054136,-0.09894423721295577,-0.0973386619458634
9.901105992796376,9.912912578534277,-0.0988940072036236,-0.08708742146572344
9.901157383455935,9.930683523148149,-0.09884261654406565,-0.06931647685185059
9.901209934162582,9.892038920963811,-0.0987900658374184,-0.1079610790361884
9.901263644299567,9.87934139432816,-0.09873635570043296,-0.12065860567184124
9.901318513236532,9.932920878159356,-0.09868148676346787,-0.06707912184064319
9.901374540329519,9.903923922279853,-0.0986254596704817,-0.09607607772014719
9.901431724920975,9.869384575461504,-0.09856827507902553,-0.13061542453849648
9.901490066339765,9.915518923316553,-0.09850993366023514,-0.0844810766834467
9.901549563901177,9.950755738064194,-0.0984504360988232,-0.04924426193580636
9.90161021690693,9.922375698396376,-0.09838978309307127,-0.07762430160362377
9.901672024645178,9.895606130499125,-0.09832797535482146,-0.10439386950087394
9.901734986390531,9.896352850501817,-0.09826501360946832,-0.10364714949818324
9.90179910140405,9.870965240195808,-0.09820089859595,-0.1290347598041912
9.90186436893326,9.893127230076225,-0.09813563106673995,-0.10687276992377548
9.901930788212162,9.897887326022413,-0.0980692117878377,-0.10211267397758658
9.90199835846124,9.897451767982613,-0.09800164153876023,-0.10254823201738725
9.902067078887468,9.906790702479023,-0.09793292111253254,-0.0932092975209773
9.902136948684321,9.895178164174666,-0.09786305131567856,-0.10482183582533333
9.902207967031789,9.895524073246202,-0.09779203296821148,-0.10447592675379769
9.902280133096376,9.930414553971401,-0.09771986690362432,-0.06958544602859895
9.90235344603112,9.89704771853945,-0.09764655396888,-0.10295228146054856
9.902427904975598,9.888778911912103,-0.09757209502440148,-0.1112210880878967
9.902503509055938,9.91740693557967,-0.09749649094406165,-0.08259306442033018
9.902580257384827,9.891399396583152,-0.09741974261517304,-0.10860060341684875
9.902658149061523,9.910920092910807,-0.09734185093847747,-0.08907990708919378
9.902737183171865,9.949501258968915,-0.09726281682813535,-0.050498741031085335
9.902817358788285,9.936891363304012,-0.09718264121171516,-0.06310863669598833
9.902898674969817,9.904518727195974,-0.09710132503018236,-0.09548127280402653
9.902981130762111,9.881621946880665,-0.09701886923788845,-0.11837805311933491
9.90306472519744,9.904637605542481,-0.09693527480255977,-0.09536239445751944
9.903149457294713,9.893583550512146,-0.09685054270528608,-0.10641644948785514
9.903235326059491,9.894263385634698,-0.09676467394050914,-0.10573661436530118
9.90332233048399,9.901279702984047,-0.09667766951601091,-0.09872029701595364
9.903410469547097,9.881221080840207,-0.0965895304529019,-0.11877891915979251
9.903499742214391,9.899260594563993,-0.096500257785609,-0.10073940543600751
9.903590147438136,9.911716785267883,-0.09640985256186349,-0.08828321473211723
9.903681684157311,9.862592593548381,-0.0963183158426886,-0.13740740645161792
9.903774351297614,9.874085593066631,-0.09622564870238723,-0.12591440693336892
9.90386814777147,9.902933076145374,-0.09613185222852917,-0.09706692385462729
9.903963072478062,9.921224925599233,-0.09603692752193842,-0.07877507440076581
9.90405912430332,9.922201920922069,-0.09594087569668032,-0.07779807907793168
9.90415630211995,9.904392609849804,-0.09584369788004835,-0.09560739015019679
9.904254604787448,9.906393922814072,-0.09574539521255103,-0.09360607718592881
9.904354031152101,9.934999195365563,-0.0956459688478984,-0.0650008046344373
9.90445458004701,9.896555984456903,-0.09554541995298865,-0.10344401554309762
9.904556250292107,9.902388786238681,-0.09544374970789424,-0.09761121376131904
9.904659040694153,9.934231227375358,-0.09534095930584818,-0.06576877262464151
9.90476295004677,9.912342976977735,-0.09523704995322996,-0.08765702302226525
9.904867977130449,9.884516377115267,-0.09513202286955146,-0.11548362288473298
9.904974120712557,9.926879982543742,-0.09502587928744254,-0.07312001745625768
9.905081379547363,9.901048644765964,-0.0949186204526366,-0.09895135523403562
9.905189752376044,9.866903686761104,-0.09481024762395612,-0.13309631323889692
9.905299237926702,9.903386304227855,-0.09470076207329761,-0.09661369577214593
9.905409834914384,9.908365912007074,-0.09459016508561692,-0.09163408799292586
9.905521542041086,9.914135092950913,-0.09447845795891396,-0.08586490704908731
9.905634357995782,9.864423990982676,-0.09436564200421772,-0.13557600901732425
9.905748281454429,9.905580585275677,-0.09425171854557057,-0.09441941472432351
9.905863311079987,9.928319134351193,-0.094136688920013,-0.07168086564880691
9.905979445522432,9.884065413925683,-0.09402055447756774,-0.11593458607431796
9.906096683418776,9.89908290679956,-0.09390331658122408,-0.10091709320043983
9.906215023393079,9.911789316987067,-0.0937849766069217,-0.08821068301293374
9.906334464056465,9.91484386755122,-0.09366553594353456,-0.08515613244878044
9.906455004007146,9.896574970710297,-0.09354499599285482,-0.1034250292897026
9.906576641830425,9.899960777535938,-0.09342335816957598,-0.10003922246406252
9.906699376098723,9.930339560949077,-0.09330062390127675,-0.06966043905092177
9.906823205371596,9.939033053840348,-0.09317679462840381,-0.060966946159653236
9.906948128195745,9.897363497718441,-0.09305187180425536,-0.10263650228155907
9.907074143105037,9.932272881303804,-0.09292585689496369,-0.06772711869619572
9.907201248620522,9.918981187044444,-0.09279875137947828,-0.08101881295555513
9.907329443250452,9.916132114363469,-0.09267055674954815,-0.08386788563653175
9.907458725490295,9.912047764894526,-0.09254127450970462,-0.08795223510547472
9.907589093822757,9.902122723081867,-0.09241090617724346,-0.09787727691813362
9.907720546717792,9.903968292874517,-0.09227945328220712,-0.09603170712548385
9.907853082632633,9.912819458801062,-0.09214691736736697,-0.08718054119893884
9.907986700011795,9.916275847690356,-0.09201329998820482,-0.08372415230964415
9.908121397287104,9.930951672417937,-0.09187860271289505,-0.06904832758206256
9.908257172877715,9.86316812186031,-0.09174282712228593,-0.13683187813969022
9.90839402519012,9.895456193287474,-0.0916059748098812,-0.10454380671252489
9.908531952618178,9.896855390884333,-0.09146804738182131,-0.10314460911566674
9.908670953543135,9.92219639390169,-0.09132904645686468,-0.07780360609831134
9.908811026333632,9.898246308174082,-0.09118897366636845,-0.1017536918259187
9.90895216934573,9.930499905106295,-0.0910478306542697,-0.06950009489370589
9.909094380922934,9.906769683077453,-0.09090561907706585,-0.09323031692254642
9.909237659396204,9.881289474451217,-0.09076234060379523,-0.11871052554878359
9.909382003083982,9.89212363911695,-0.09061799691601785,-0.10787636088305147
9.909527410292204,9.948346464763292,-0.0904725897077951,-0.05165353523670808
9.90967387931433,9.91295625269581,-0.09032612068567045,-0.08704374730418926
9.909821408431352,9.911765207813296,-0.09017859156864888,-0.08823479218670414
9.909969995911823,9.893309112494237,-0.09003000408817723,-0.10669088750576283
9.910119640011876,9.92945037178578,-0.08988035998812335,-0.07054962821421906
9.910270338975243,9.907497813399313,-0.08972966102475616,-0.0925021866006861
9.910422091033276,9.89969427060416,-0.08957790896672456,-0.10030572939584079
9.910574894404963,9.923193046175445,-0.08942510559503697,-0.076806953824555
9.91072874729696,9.90344458207001,-0.08927125270304043,-0.09655541792999053
9.910883647903601,9.94178504650888,-0.08911635209639931,-0.0582149534911208
9.911039594406926,9.87103612192321,-0.08896040559307446,-0.12896387807679088
9.911196584976699,9.877675563427298,-0.08880341502330151,-0.12232443657270153
9.91135461777043,9.913826299644791,-0.08864538222956973,-0.08617370035520872
9.9115136909334,9.901382724129691,-0.08848630906660011,-0.09861727587030795
9.911673802598676,9.910018207524923,-0.08832619740132389,-0.08998179247507719
9.91183495088714,9.93246878599174,-0.0881650491128603,-0.06753121400826137
9.911997133907505,9.911363369814909,-0.08800286609249489,-0.08863663018509106
9.912160349756343,9.911074147680127,-0.08783965024365697,-0.08892585231987356
9.912324596518102,9.88444237942219,-0.08767540348189752,-0.11555762057780991
9.912489872265134,9.90517538416241,-0.08751012773486669,-0.09482461583758922
9.912656175057709,9.924702824910147,-0.08734382494229094,-0.07529717508985193
9.912823502944049,9.929090921520313,-0.08717649705595067,-0.07090907847968658
9.912991853960342,9.905758580948632,-0.08700814603965687,-0.09424141905136882
9.913161226130772,9.912790581831427,-0.08683877386922852,-0.08720941816857329
9.91333161746753,9.922002640627253,-0.08666838253246895,-0.07799735937274668
9.913503025970858,9.898794235916762,-0.08649697402914293,-0.10120576408323784
9.913675449629046,9.946098149171164,-0.08632455037095288,-0.05390185082883697
9.913848886418485,9.923257590115648,-0.08615111358151546,-0.07674240988435194
9.914023334303662,9.89845586904807,-0.08597666569633772,-0.10154413095193142
9.914198791237206,9.871476648070443,-0.08580120876279318,-0.12852335192955613
9.914375255159902,9.928570743617831,-0.08562474484009802,-0.07142925638216827
9.914552724000714,9.907363038344206,-0.08544727599928653,-0.09263696165579408
9.914731195676813,9.916290761880061,-0.08526880432318724,-0.08370923811993783
9.914910668093603,9.909316009529054,-0.0850893319063981,-0.09068399047094716
9.915091139144737,9.910765100010188,-0.0849088608552622,-0.08923489998981135
9.915272606712158,9.92970553895051,-0.08472739328784272,-0.07029446104948986
9.915455068666102,9.921751225017735,-0.08454493133389848,-0.07824877498226547
9.915638522865141,9.904817899521374,-0.08436147713485852,-0.09518210047862531
9.915822967156203,9.90843235285124,-0.08417703284379735,-0.09156764714876119
9.91600839937459,9.933479463393278,-0.08399160062540936,-0.0665205366067217
9.916194817344017,9.938391733312931,-0.08380518265598358,-0.0616082666870688
9.916382218876622,9.921523862832988,-0.08361778112337825,-0.07847613716701228
9.916570601773005,9.878640186792532,-0.08342939822699479,-0.12135981320746733
9.916759963822248,9.908041638449243,-0.0832400361777524,-0.0919583615507576
9.916950302801938,9.935405614546717,-0.08304969719806177,-0.0645943854532835
9.917141616478201,9.929050442201454,-0.0828583835217993,-0.07094955779854523
9.91733390260572,9.907658613576858,-0.08266609739428052,-0.09234138642314177
9.917527158927767,9.930373691033845,-0.08247284107223417,-0.06962630896615561
9.917721383176225,9.925448411728224,-0.08227861682377532,-0.0745515882717755
9.91791657307162,9.891322291743409,-0.08208342692837894,-0.10867770825659206
9.918112726323146,9.905150905541065,-0.08188727367685326,-0.09484909445893545
9.918309840628687,9.906268814562576,-0.08169015937131256,-0.09373118543742397
9.91850791367485,9.892676378514834,-0.08149208632515052,-0.10732362148516705
9.918706943136987,9.918123680765223,-0.08129305686301273,-0.08187631923477748
9.918906926679231,9.892326467122036,-0.08109307332076975,-0.1076735328779635
9.91910786195451,9.942634926783011,-0.0808921380454893,-0.05736507321698947
9.919309746604592,9.904758352924208,-0.08069025339540915,-0.09524164707579166
9.919512578260091,9.928669371318966,-0.08048742173990904,-0.07133062868103371
9.919716354540517,9.927184791293692,-0.0802836454594832,-0.07281520870630698
9.919921073054288,9.883005046661847,-0.08007892694571217,-0.11699495333815287
9.920126731398765,9.918307116459482,-0.0798732686012348,-0.08169288354051776
9.92033332716028,9.960721927998762,-0.07966667283972023,-0.03927807200123746
9.92054085791416,9.885311708732583,-0.07945914208583921,-0.11468829126741673
9.920749321224765,9.90769691167508,-0.07925067877523606,-0.09230308832492011
9.9209587146455,9.920062149153638,-0.07904128535449968,-0.07993785084636088
9.921169035718865,9.900457180742688,-0.07883096428113519,-0.09954281925731263
9.921380281976464,9.940540840789874,-0.07861971802353473,-0.05945915921012656
9.921592450939052,9.939395134427318,-0.07840754906094895,-0.060604865572681445
9.921805540116543,9.91243530591311,-0.07819445988345734,-0.08756469408689001
9.92201954700806,9.943706533039354,-0.07798045299193959,-0.05629346696064687
9.922234469101955,9.915032895167435,-0.07776553089804579,-0.08496710483256376
9.922450303875832,9.913142654390482,-0.07754969612416712,-0.08685734560951838
9.922667048796594,9.96871805996372,-0.0773329512034064,-0.03128194003628044
9.922884701320452,9.910978694881246,-0.07711529867954803,-0.08902130511875406
9.923103258892972,9.933814024238025,-0.07689674110702849,-0.06618597576197513
9.923322718949095,9.930065468095679,-0.07667728105090599,-0.06993453190432176
9.92354307891317,9.936847812043906,-0.07645692108683078,-0.06315218795609319
9.923764336198985,9.89574948969409,-0.07623566380101451,-0.10425051030591037
9.923986488209799,9.897960408046501,-0.07601351179020024,-0.10203959195349853
9.924209532338368,9.911021559244801,-0.07579046766163162,-0.08897844075519828
9.924433465966978,9.946832709724386,-0.07556653403302266,-0.05316729027561329
9.924658286467473,9.904413021749374,-0.07534171353252667,-0.09558697825062538
9.924883991201295,9.925071495262735,-0.07511600879870553,-0.07492850473726545
9.9251105775195,9.908717875442617,-0.07488942248049894,-0.09128212455738262
9.925338042762807,9.92807273142779,-0.07466195723719292,-0.07192726857220992
9.92556638426161,9.925402628780553,-0.07443361573838905,-0.07459737121944687
9.925795599336027,9.928021983498246,-0.07420440066397266,-0.07197801650175363
9.926025685295919,9.941734887090195,-0.07397431470408188,-0.058265112909804476
9.926256639440924,9.942087809467655,-0.07374336055907559,-0.057912190532345684
9.926488459060497,9.906166402998322,-0.07351154093950217,-0.09383359700167812
9.926721141433934,9.923393150863241,-0.07327885856606728,-0.07660684913675914
9.926954683830397,9.888991551527479,-0.07304531616960229,-0.11100844847252056
9.927189083508969,9.964064689927694,-0.07281091649103193,-0.03593531007230529
9.927424337718659,9.921000859507837,-0.07257566228134227,-0.07899914049216326
9.927660443698452,9.929762994275789,-0.07233955630154855,-0.07023700572421053
9.927897398677338,9.925973554476533,-0.07210260132266244,-0.07402644552346728
9.92813519987434,9.931244823704025,-0.07186480012565996,-0.06875517629597394
9.928373844498552,9.914026921363064,-0.07162615550144834,-0.08597307863693593
9.928613329749167,9.897752797543143,-0.07138667025083377,-0.10224720245685606
9.928853652815512,9.92686055482221,-0.07114634718448809,-0.07313944517778977
9.929094810877084,9.89867984511599,-0.0709051891229162,-0.10132015488401
9.929336801103577,9.900185827477726,-0.07066319889642257,-0.09981417252227409
9.929579620654922,9.920277376651907,-0.07042037934507828,-0.07972262334809323
9.929823266681312,9.927273867869589,-0.0701767333186877,-0.07272613213041033
9.930067736323245,9.930142805565453,-0.0699322636767548,-0.06985719443454742
9.93031302671155,9.910209812162808,-0.06968697328844999,-0.08979018783719156
9.930559134967424,9.963354491805383,-0.06944086503257589,-0.03664550819461704
9.930806058202466,9.933729552818813,-0.0691939417975342,-0.06627044718118744
9.931053793518709,9.940601171643213,-0.06894620648129118,-0.05939882835678733
9.931302338008656,9.918766738415787,-0.06869766199134418,-0.08123326158421337
9.931551688755313,9.937608654158922,-0.06844831124468696,-0.06239134584107793
9.931801842832224,9.925690251905099,-0.0681981571677761,-0.07430974809490087
9.932052797303504,9.922690191306428,-0.06794720269649601,-0.07730980869357204
9.932304549223876,9.938792390929574,-0.06769545077612488,-0.06120760907042615
9.9325570956387,9.945737803653829,-0.06744290436130011,-0.054262196346171326
9.932810433584017,9.913043288666783,-0.06718956641598334,-0.08695671133321627
9.933064560086574,9.909186558344366,-0.06693543991342606,-0.09081344165563454
9.933319472163866,9.879001559845308,-0.06668052783613426,-0.12099844015469213
9.933575166824166,9.929856233951668,-0.06642483317583396,-0.07014376604833225
9.933831641066565,9.91301345221325,-0.06616835893343553,-0.08698654778675136
9.934088891881,9.938805150869975,-0.06591110811899903,-0.06119484913002496
9.934346916248302,9.945287410416418,-0.06565308375169832,-0.05471258958358304
9.934605711140215,9.940390421399737,-0.0653942888597862,-0.05960957860026345
9.934865273519442,9.943402278781102,-0.06513472648055836,-0.05659772121889829
9.935125600339681,9.93165272002254,-0.06487439966031798,-0.0683472799774587
9.935386688545659,9.888833790941101,-0.06461331145434013,-0.11116620905889948
9.935648535073165,9.941944360858319,-0.06435146492683551,-0.05805563914168131
9.935911136849086,9.957794725276544,-0.0640888631509149,-0.042205274723454984
9.936174490791448,9.98709090197667,-0.06382550920855272,-0.01290909802332961
9.936438593809449,9.924219186483226,-0.06356140619055127,-0.0757808135167736
9.936703442803497,9.956051459702621,-0.063296557196504,-0.04394854029737838
9.93696903466524,9.919614835335297,-0.06303096533475955,-0.08038516466470208
9.937235366277616,9.913700263170965,-0.0627646337223849,-0.08629973682903631
9.93750243451487,9.93556727633839,-0.062497565485129206,-0.0644327236616109
9.937770236242613,9.942283375416395,-0.06222976375738666,-0.05771662458360509
9.93803876831784,9.976942706497828,-0.061961231682159945,-0.023057293502171852
9.938308027588976,9.92721728556823,-0.061691972411023525,-0.07278271443177128
9.938578010895913,9.96309217325574,-0.061421989104086167,-0.03690782674425929
9.938848715070046,9.937367791279389,-0.06115128492995442,-0.06263220872061064
9.939120136934305,9.932891974356156,-0.0608798630656949,-0.06710802564384447
9.939392273303202,9.918673561405894,-0.06060772669679751,-0.08132643859410586
9.939665120982863,9.95187103441589,-0.06033487901713752,-0.048128965584110756
9.939938676771062,9.967871080632627,-0.060061323228938646,-0.03212891936737382
9.940212937457265,9.92340851441222,-0.05978706254273496,-0.07659148558778067
9.940487899822667,9.930631086671331,-0.05951210017733344,-0.06936891332866774
9.940763560640224,9.926934866061448,-0.059236439359776405,-0.07306513393855153
9.941039916674697,9.975702723143053,-0.05896008332530313,-0.024297276856946083
9.941316964682688,9.961373452770614,-0.05868303531731244,-0.03862654722938662
9.941594701412676,9.951285334864407,-0.05840529858732411,-0.04871466513559372
9.941873123605058,9.932574195144644,-0.05812687639494122,-0.0674258048553549
9.942152227992189,9.99039886541571,-0.05784777200781141,-0.00960113458429062
9.942432011298411,9.928822736534814,-0.057567988701588996,-0.07117726346518703
9.942712470240103,9.966348565542319,-0.05728752975989604,-0.033651434457680936
9.942993601525716,9.949314478375133,-0.057006398474284375,-0.050685521624867426
9.943275401855804,9.94187008642705,-0.056724598144196385,-0.05812991357294919
9.943557867923074,9.919075270123464,-0.05644213207692664,-0.08092472987653535
9.943840996412417,9.902618155385953,-0.05615900358758317,-0.09738184461404696
9.944124784000952,9.951629980856435,-0.05587521599904813,-0.048370019143565875
9.944409227358062,9.89380790986331,-0.055590772641939325,-0.10619209013669009
9.944694323145429,9.943186024319198,-0.05530567685457061,-0.05681397568080122
9.944980068017086,9.977930412516187,-0.05501993198291321,-0.0220695874838125
9.945266458619445,9.921417607449987,-0.05473354138055595,-0.07858239255001315
9.945553491591333,9.927115306419175,-0.05444650840866641,-0.07288469358082408
9.94584116356405,9.962235787674166,-0.05415883643595091,-0.037764212325833664
9.946129471161385,9.933462467068729,-0.05387052883861563,-0.06653753293127034
9.946418410999673,9.967985592062728,-0.05358158900032635,-0.032014407937272504
9.946707979687831,9.959866946525944,-0.053292020312169064,-0.04013305347405584
9.94699817382739,9.973491014239597,-0.05300182617261034,-0.026508985760403357
9.947288990012543,9.95689180785563,-0.05271100998745694,-0.043108192144369825
9.947580424830184,9.985954424283422,-0.05241957516981645,-0.014045575716578634
9.947872474859944,9.959775894766505,-0.05212752514005661,-0.04022410523349497
9.948165136674234,9.984981628919686,-0.051834863325765784,-0.015018371080314091
9.948458406838288,9.98831543710331,-0.05154159316171211,-0.011684562896689774
9.948752281910195,9.964033869504691,-0.05124771808980382,-0.03596613049530935
9.949046758440952,9.920425114308538,-0.05095324155904823,-0.07957488569146243
9.949341832974488,9.946339672389321,-0.05065816702551185,-0.05366032761067832
9.94963750204772,9.989183547234033,-0.050362497952279296,-0.01081645276596662
9.949933762190588,9.943908216233684,-0.05006623780941293,-0.056091783766317016
9.950230609926088,9.94444861659633,-0.04976939007391226,-0.055551383403668976
9.950528041770328,9.949132991606941,-0.04947195822967268,-0.050867008393058785
9.950826054232556,9.95274185933436,-0.04917394576744519,-0.04725814066563949
9.951124643815206,9.979579429351576,-0.04887535618479474,-0.020420570648424043
9.95142380701394,9.945894595866752,-0.04857619298605989,-0.05410540413324773
9.951723540317689,9.96539491780323,-0.04827645968231102,-0.03460508219676951
9.95202384020869,9.904531393709625,-0.047976159791309744,-0.09546860629037435
9.952324703162533,9.9424226492313,-0.04767529683746699,-0.05757735076869947
9.952626125648198,9.955663081417237,-0.04737387435180229,-0.044336918582762896
9.952928104128098,9.958190639797634,-0.04707189587190178,-0.041809360202366565
9.953230635058123,9.942162582902123,-0.04676936494187691,-0.05783741709787809
9.953533714887676,10.002093502019564,-0.04646628511232308,0.002093502019563445
9.953837340059723,9.957207989493122,-0.046162659940277434,-0.042792010506877115
9.954141507010823,9.97588752002646,-0.04585849298917774,-0.024112479973541014
9.95444621217118,9.974307449032835,-0.04555378782881994,-0.025692550967165148
9.954751451964682,9.963699304289525,-0.04524854803531686,-0.03630069571047461
9.955057222808945,9.94217650583307,-0.04494277719105565,-0.05782349416692988
9.955363521115343,9.985015814870366,-0.04463647888465633,-0.01498418512963472
9.955670343289071,9.957608850877106,-0.04432965671092916,-0.042391149122893074
9.955977685729167,10.000138838314168,-0.04402231427083265,0.0001388383141688876
9.95628554482857,9.954934437997165,-0.04371445517143155,-0.04506556200283523
9.956593916974146,9.956429852536703,-0.04340608302585399,-0.04357014746329729
9.95690279854675,9.960123059587595,-0.04309720145324965,-0.03987694041240605
9.957212185921254,9.98106099142807,-0.042787814078746704,-0.018939008571929705
9.95752207546659,9.994757055781506,-0.042477924533409886,-0.005242944218493778
9.957832463545802,9.989676764413666,-0.04216753645419724,-0.010323235586334724
9.958143346516081,9.960557896282445,-0.041856653483918066,-0.039442103717554924
9.95845472072881,9.989380996993392,-0.04154527927118956,-0.010619003006609135
9.958766582529606,9.928313476667824,-0.041233417470394586,-0.07168652333217498
9.959078928258362,9.989771883679007,-0.04092107174163826,-0.01022811632099285
9.959391754249294,10.012162957671244,-0.04060824575070523,0.012162957671242779
9.959705056830984,9.966176631484155,-0.04029494316901686,-0.033823368515844734
9.960018832326412,9.979713505234866,-0.03998116767358765,-0.020286494765134177
9.960333077053017,9.966420946813933,-0.03966692294698265,-0.033579053186066334
9.960647787322726,9.949911704129834,-0.03935221267727364,-0.05008829587016575
9.960962959442003,9.94909447070085,-0.03903704055799648,-0.05090552929915106
9.961278589711894,9.95700928702766,-0.03872141028810709,-0.04299071297233999
9.961594674428062,9.948527743274084,-0.03840532557193876,-0.05147225672591593
9.961911209880842,9.952148088032242,-0.03808879011915792,-0.047851911967758565
9.962228192355278,9.932691057294242,-0.037771807644721336,-0.067308942705757
9.962545618131168,9.953500502549488,-0.037454381868831925,-0.04649949745051116
9.962863483483105,9.96446229903318,-0.03713651651689529,-0.03553770096682061
9.963181784680524,9.962172787663793,-0.036818215319476315,-0.03782721233620706
9.963500517987745,9.92867115172522,-0.03649948201225473,-0.07132884827478023
9.963819679664018,9.970845146654858,-0.03618032033598201,-0.029154853345141712
9.964139265963563,9.959931740053634,-0.03586073403643674,-0.04006825994636669
9.964459273135619,9.995294608281391,-0.03554072686438135,-0.004705391718609408
9.964779697424483,9.979224042328028,-0.03522030257551744,-0.020775957671972857
9.965100535069558,9.953449390589945,-0.03489946493044233,-0.046550609410054275
9.965421782305397,9.943206621769662,-0.034578217694604306,-0.05679337823033796
9.965743435361741,9.986162366008971,-0.03425656463825905,-0.013837633991029507
9.966065490463576,9.942175149771396,-0.03393450953642484,-0.057824850228604376
9.966387943831162,9.979544818960415,-0.033612056168838465,-0.020455181039585234
9.96671079168009,9.958323335191519,-0.033289208319911154,-0.04167666480848181
9.967034030221317,9.986990689356738,-0.03296596977868354,-0.013009310643261787
9.967357655661218,9.94841184846174,-0.03264234433878189,-0.051588151538259616
9.967681664201628,9.992278583673494,-0.03231833579837287,-0.0077214163265062336
9.96800605203988,9.960178547714834,-0.0319939479601197,-0.0398214522851651
9.968330815368864,9.964893534624922,-0.0316691846311368,-0.03510646537507783
9.968655950377054,9.947689151244594,-0.03134404962294579,-0.05231084875540634
9.96898145324857,9.966239650783944,-0.031018546751430204,-0.03376034921605696
9.969307320163209,9.978672392654207,-0.03069267983679091,-0.02132760734579313
9.969633547296498,9.974955683164513,-0.030366452703501565,-0.025044316835487072
9.969960130819738,9.94834610947785,-0.030039869180263103,-0.05165389052215105
9.97028706690004,9.974077609674465,-0.029712933099959527,-0.025922390325534183
9.970614351700387,10.012155357714114,-0.0293856482996122,0.012155357714113971
9.970941981379665,9.980877726092228,-0.02905801862033551,-0.01912227390777238
9.971269952092708,9.962677992021314,-0.028730047907291112,-0.03732200797868557
9.971598259990357,9.937369284745351,-0.02840174000964348,-0.06263071525464876
9.971926901219486,9.976223364099583,-0.028073098780514047,-0.023776635900415715
9.972255871923064,9.955973359198712,-0.027744128076936655,-0.04402664080128861
9.972585168240188,10.001313666906707,-0.027414831759811728,0.0013136669067066314
9.97291478630614,9.987238568852923,-0.027085213693861174,-0.012761431147076969
9.973244722252417,9.95976622695945,-0.02675527774758329,-0.040233773040549384
9.973574972206793,9.964252731829385,-0.026425027793206792,-0.035747268170616076
9.973905532293355,9.942877462320775,-0.02609446770664602,-0.05712253767922498
9.974236398632545,9.965647142199682,-0.025763601367454786,-0.0343528578003176
9.974567567341218,9.983535155647157,-0.025432432658781513,-0.016464844352842945
9.974899034532678,9.978863982898647,-0.02510096546732298,-0.021136017101353523
9.97523079631672,9.975446211487697,-0.02476920368327939,-0.024553788512303148
9.975562848799692,9.978433334361677,-0.024437151200308052,-0.021566665638322487
9.975895188084522,9.9654367638595,-0.02410481191547833,-0.03456323614049962
9.976227810270775,9.99340300617891,-0.02377218972922533,-0.006596993821090049
9.976560711454695,9.959653789761912,-0.02343928854530437,-0.04034621023808756
9.976893887729254,9.952213514182963,-0.023106112270745438,-0.047786485817037344
9.977227335184192,9.995178727708394,-0.022772664815806722,-0.004821272291605384
9.97756104990607,9.979381298791578,-0.022438950093929405,-0.020618701208421523
9.97789502797831,9.967391023318717,-0.022104972021691056,-0.03260897668128345
9.97822926548124,9.982575950097173,-0.021770734518760354,-0.01742404990282761
9.97856375849215,9.96892438731757,-0.021436241507850375,-0.031075612682430434
9.978898503085327,9.959740927114796,-0.021101496914673275,-0.04025907288520411
9.979233495332107,9.975783362070343,-0.020766504667893503,-0.024216637929656913
9.979568731300917,9.979838881507668,-0.0204312686990824,-0.02016111849233149
9.979904207057329,9.932769374510393,-0.020095792942671428,-0.0672306254896064
9.980239918664093,9.962318442953338,-0.019760081335906288,-0.03768155704666143
9.9805758621812,9.99173676683799,-0.019424137818800945,-0.008263233162009736
9.98091203366591,10.007905724247365,-0.019087966334090777,0.007905724247365426
9.981248429172814,9.977915455239186,-0.018751570827187022,-0.022084544760814583
9.98158504475387,9.97567971340168,-0.018414955246129763,-0.0243202865983201
9.981921876458458,10.00546773387373,-0.018078123541542267,0.005467733873728613
9.982258920333416,9.981946940198437,-0.017741079666583975,-0.01805305980156216
9.982596172423095,9.948555373127064,-0.017403827576904753,-0.05144462687293658
9.982933628769402,9.99548308217658,-0.017066371230597788,-0.004516917823419911
9.983271285411845,9.99454991072903,-0.016728714588153847,-0.005450089270969918
9.983609138387585,9.984623426970197,-0.016390861612414168,-0.01537657302980332
9.983947183731475,9.942716680939627,-0.016052816268524207,-0.05728331906037337
9.984285417476112,9.9821670936712,-0.01571458252388738,-0.017832906328801336
9.984623835651883,10.011182360878944,-0.015376164348117886,0.011182360878944385
9.984962434287006,9.966312914979111,-0.015037565712994805,-0.033687085020887776
9.985301209407584,9.979965354890696,-0.014698790592414801,-0.020034645109304014
9.985640157037654,9.965782286458,-0.014359842962346173,-0.0342177135420011
9.985979273199218,9.98783883108091,-0.014020726800781489,-0.012161168919088725
9.986318553912309,9.993548684124324,-0.01368144608769161,-0.006451315875675335
9.986657995195023,9.98468520388391,-0.013342004804978361,-0.015314796116090726
9.986997593063572,9.986479073198986,-0.013002406936428054,-0.013520926801013538
9.987337343532335,9.975553941730565,-0.012662656467665016,-0.024446058269434127
9.987677242613897,9.94564668694694,-0.01232275738610417,-0.054353313053060084
9.988017286319096,9.977253258831848,-0.011982713680904967,-0.02274674116815236
9.988357470657077,9.99938230245699,-0.01164252934292385,-0.0006176975430107808
9.988697791635332,10.00349454663955,-0.011302208364668123,0.003494546639549399
9.989038245259751,9.955629200604543,-0.01096175474024839,-0.04437079939545721
9.989378827534667,9.940656218279333,-0.010621172465332382,-0.059343781720667316
9.989719534462903,9.999879260211923,-0.010280465537097362,-0.00012073978807779912
9.990060362045815,9.972190898009885,-0.00993963795418391,-0.027809101990115204
9.990401306283351,9.996638136621376,-0.009598693716648387,-0.003361863378624096
9.990742363174084,10.012209692581546,-0.009257636825916243,0.012209692581545908
9.991083528715265,10.024326684169152,-0.008916471284735331,0.024326684169151142
9.991424798902871,9.982455363907377,-0.008575201097128301,-0.017544636092623356
9.991766169731653,9.996024425448988,-0.00823383026834632,-0.00397557455101177
9.99210763719518,10.003500557260367,-0.007892362804821355,0.003500557260367394
9.99244919728588,9.974622977435704,-0.007550802714119867,-0.025377022564295505
9.992790845995104,10.000884401448571,-0.007209154004895059,0.0008844014485714785
9.99313257931316,9.977019158430641,-0.006867420686840544,-0.0229808415693585
9.993474393229357,10.002251633132376,-0.006525606770642574,0.002251633132375872
9.993816283732066,9.991811191738117,-0.006183716267933683,-0.00818880826188348
9.994158246808755,10.009833266563836,-0.005841753191244978,0.009833266563835883
9.99450027844604,10.012393409301698,-0.005499721553959319,0.012393409301697057
9.994842374629735,9.987169506098347,-0.00515762537026448,-0.012830493901652466
9.995184531344895,10.025235879560459,-0.004815468655105416,0.02523587956045778
9.995526744575862,9.995980290391952,-0.004473255424137851,-0.0040197096080475956
9.99586901030632,9.988211876099317,-0.004130989693680444,-0.011788123900681981
9.996211324519331,10.010955022382792,-0.003788675480668356,0.010955022382791417
9.996553683197394,10.006013474656891,-0.003446316802605401,0.006013474656890516
9.996896082322483,10.010014619506888,-0.003103917677517603,0.010014619506889172
9.997238517876095,9.996297785735337,-0.002761482123905329,-0.003702214264663959
9.997580985839303,9.993882859821712,-0.002419014160696838,-0.006117140178288157
9.9979234821928,10.025891761092296,-0.002076517807200491,0.02589176109229593
9.998266002916942,10.035223462599374,-0.0017339970830578461,0.03522346259937484
9.998608543991804,9.985775491705967,-0.0013914560081967498,-0.014224508294033066
9.998951101397216,9.998879586637724,-0.0010488986027835355,-0.0011204133622769693
9.999293671112824,10.018128918538995,-0.0007063288871765512,0.018128918538994693
9.999636249118122,9.986282147119132,-0.00036375088187826684,-0.013717852880867595
9.99997883139251,10.004838153586363,-2.1168607488797664e-05,0.0048381535863630774
10.000321413915342,10.023128834586378,0.0003214139153419931,0.023128834586378468
10.000663992665961,9.972092016581932,0.0006639926659609711,-0.027907983418067512
10.00100656362376,9.985667338100034,0.0010065636237595401,-0.014332661899965411
10.00134912276822,10.016321713625246,0.0013491227682205632,0.016321713625245267
10.001691666078965,10.003877464349028,0.0016916660789652817,0.003877464349027246
10.0020341895358,10.020712598081408,0.002034189535801121,0.020712598081407605
10.002376689118767,10.007797519351163,0.0023766891187681637,0.007797519351163391
10.002719160808187,10.001650676232941,0.0027191608081870385,0.0016506762329405432
10.003061600584706,9.983133555848605,0.0030616005847053855,-0.016866444151394957
10.003404004429346,10.009530358939596,0.003404004429345739,0.009530358939596898
10.003746368323553,10.008629175299113,0.003746368323551988,0.008629175299113535
10.004088688249237,9.974087039543821,0.004088688249237245,-0.025912960456178163
10.00443096018883,10.018988609342877,0.004430960188830295,0.018988609342876387
10.004773180125323,10.014044621494817,0.004773180125323371,0.014044621494817285
10.005115344042318,9.961761674416937,0.005115344042319028,-0.038238325583062824
10.005457447924076,10.008857411535496,0.005457447924077017,0.008857411535496545
10.005799487755562,10.00415451117324,0.005799487755562036,0.004154511173240635
10.00614145952249,9.972739222423922,0.006141459522490145,-0.02726077757607759
10.006483359211376,10.01653483517367,0.006483359211376579,0.01653483517367033
10.006825182809582,9.985269799193699,0.006825182809582154,-0.014730200806301559
10.007166926305361,10.034442162698351,0.007166926305361057,0.03444216269835097
10.007508585687907,10.034328851791749,0.007508585687907236,0.03432885179174938
10.007850156947402,10.034432639800505,0.007850156947402166,0.03443263980050481
10.008191636075061,10.003117904929892,0.008191636075061208,0.003117904929892476
10.008533019063181,10.033641495237806,0.008533019063181274,0.03364149523780518
10.008874301905188,9.997347930532625,0.008874301905187605,-0.0026520694673751247
10.00921548059568,9.984753720650684,0.009215480595680512,-0.015246279349316027
10.009556551130483,9.9994094616425,0.009556551130483025,-0.000590538357499339
10.009897509506688,10.017997035356371,0.009897509506687161,0.017997035356371247
10.010238351722702,9.98054872412824,0.01023835172270162,-0.019451275871759016
10.010579073778299,10.01278191936783,0.010579073778298038,0.012781919367831
10.010919671674658,10.022596216388056,0.01091967167465865,0.022596216388056662
10.011260141414423,10.028337684710477,0.011260141414422503,0.028337684710477803
10.011600479001734,10.035965228943198,0.011600479001733081,0.0359652289431969
10.011940680442285,9.9814332859507,0.0119406804422845,-0.0185667140492989
10.01228074174337,10.035141934471733,0.012280741743368998,0.03514193447173391
10.012620658913924,9.982440668550481,0.012620658913923536,-0.017559331449518586
10.012960427964577,10.029913024653391,0.012960427964576367,0.029913024653391813
10.013300044907695,9.998658075365396,0.013300044907694479,-0.0013419246346032983
10.01363950575743,10.010897400988746,0.013639505757429683,0.010897400988746232
10.013978806529765,9.982192477074037,0.01397880652976611,-0.01780752292596282
10.014317943242567,9.996210451160128,0.014317943242566248,-0.003789548839872734
10.014656911915619,9.990597509081393,0.014656911915618399,-0.009402490918607578
10.014995708570682,9.992395074762612,0.014995708570682668,-0.0076049252373878995
10.015334329231539,10.012116389667012,0.015334329231538374,0.01211638966701208
10.01567276992403,10.06187447636454,0.01567276992403001,0.06187447636453977
10.016011026676114,10.026088225160207,0.01601102667611448,0.02608822516020596
10.016349095517908,10.016111938825501,0.016349095517907492,0.01611193882550074
10.01668697248173,10.005441684735793,0.01668697248172984,0.005441684735792094
10.017024653602155,10.018398101242258,0.01702465360215463,0.018398101242258876
10.017362134916054,10.00749629350788,0.017362134916053075,0.007496293507880673
10.017699412462642,10.042278105867432,0.01769941246264174,0.04227810586743172
10.018036482283529,10.024684145253575,0.018036482283528305,0.024684145253575655
10.018373340422759,10.052675612609995,0.018373340422758747,0.052675612609996064
10.018709982926863,10.020886542050983,0.018709982926863048,0.02088654205098222
10.019046405844902,10.030233566651706,0.019046405844902203,0.03023356665170609
10.019382605228515,10.044657510436249,0.019382605228514344,0.04465751043624896
10.019718577131961,10.038420376175337,0.019718577131960815,0.03842037617533694
10.020054317612173,10.036575652130894,0.020054317612173068,0.03657565213089452
10.020389822728799,10.020134361859373,0.02038982272879828,0.020134361859373978
10.020725088544246,10.028965427431611,0.020725088544246262,0.02896542743161097
10.021060111123735,10.029077390424003,0.021060111123734987,0.02907739042400357
10.021394886535337,9.991175145095129,0.021394886535337485,-0.008824854904871181
10.021729410850027,9.994723511654543,0.02172941085002725,-0.005276488345456253
10.022063680141725,10.008030668411186,0.022063680141725096,0.00803066841118553
10.022397690487345,10.03216346592451,0.02239769048734451,0.03216346592450957
10.022731437966838,10.011841932089702,0.022731437966838297,0.011841932089701194
10.023064918663245,10.045502435485167,0.02306491866324436,0.045502435485167636
10.02339812866273,10.018981484112956,0.023398128662731374,0.01898148411295681
10.023731064054646,10.013793118774975,0.02373106405464535,0.013793118774975228
10.024063720931554,10.00100801388638,0.02406372093155483,0.0010080138863814078
10.024396095389298,10.018112611287476,0.024396095389297434,0.018112611287475627
10.024728183527024,10.003614036190593,0.024728183527024994,0.00361403619059188
10.02505998144725,10.003177832852188,0.02505998144725004,0.0031778328521878778
10.025391485255891,10.012367401389684,0.025391485255890817,0.012367401389682656
10.025722691062319,10.030521346487552,0.025722691062317723,0.030521346487552586
10.026053594979398,10.036284168839138,0.02605359497939822,0.036284168839138785
10.026384193123544,10.040425656612157,0.026384193123543138,0.04042565661215715
10.026714481614752,10.04994657528591,0.026714481614751918,0.04994657528590903
10.027044456576657,10.04509118619032,0.027044456576657938,0.045091186190319814
10.027374114136574,10.031687640498038,0.02737411413657459,0.031687640498039224
10.02770345042554,10.026639937147861,0.027703450425540052,0.026639937147860282
10.028032461578363,9.993892097609576,0.028032461578363383,-0.0061079023904241116
10.028361143733669,10.02708412221077,0.028361143733669186,0.027084122210770674
10.028689493033944,10.018710102221991,0.028689493033943633,0.018710102221990495
10.029017505625578,10.011420216908093,0.029017505625579032,0.011420216908092685
10.02934517765892,10.01913688204566,0.02934517765891976,0.01913688204565915
10.029672505288307,10.042138633109335,0.029672505288306734,0.04213863310933463
10.029999484672123,10.030006614319657,0.02999948467212317,0.03000661431965739
10.030326111972839,10.020433242588846,0.03032611197283938,0.020433242588846406
10.030652383357058,10.04783972850632,0.030652383357057607,0.0478397285063199
10.030978294995558,10.0374872969732,0.03097829499555755,0.03748729697319998
10.031303843063341,10.002558433456823,0.03130384306334067,0.0025584334568232517
10.031629023739676,10.058911146432374,0.031629023739675736,0.05891114643237398
10.031953833208142,10.054845672108327,0.031953833208143,0.054845672108327186
10.032278267656679,10.041032661347586,0.032278267656679654,0.04103266134758584
10.032602323277624,10.000881589424264,0.032602323277623926,0.0008815894242639594
10.03292599626776,10.068455657793594,0.03292599626776029,0.06845565779359469
10.033249282828365,10.092777201070358,0.033249282828363924,0.09277720107035822
10.033572179165246,10.015844008849037,0.03357217916524501,0.015844008849036743
10.033894681488794,10.039493028001505,0.033894681488793835,0.03949302800150591
10.034216786014024,10.041302684039973,0.03421678601402461,0.04130268403997366
10.03453848896062,10.028116229191728,0.03453848896062057,0.02811622919172791
10.034859786552978,10.051977162670218,0.03485978655297767,0.051977162670217764
10.03518067502025,10.001648717756057,0.03518067502024956,0.0016487177560566002
10.03550115059639,10.02742335792006,0.03550115059639116,0.02742335792006021
10.035821209520204,10.02394671185352,0.03582120952020355,0.023946711853520042
10.036140848035377,10.006954807026661,0.036140848035377426,0.006954807026661101
10.036460062390537,10.043627375939215,0.036460062390537805,0.04362737593921437
10.036778848839289,10.054156952242257,0.03677884883928774,0.05415695224225771
10.037097203640252,10.053538492403373,0.03709720364025209,0.05353849240337296
10.037415123057121,10.047439355093319,0.037415123057121996,0.04743935509331966
10.037732603358698,10.030124231494641,0.037732603358698075,0.030124231494641194
10.038049640818935,10.018945405155838,0.03804964081893485,0.018945405155837754
10.038366231716983,10.049443239671815,0.038366231716983855,0.049443239671814895
10.038682372337238,10.05634269878021,0.038682372337237925,0.05634269878020942
10.038998058969375,10.05282633932735,0.038998058969374166,0.052826339327349356
10.039313287908397,10.041177900342642,0.03931328790839817,0.04117790034264181
10.039628055454687,10.054478929884807,0.03962805545468682,0.05447892988480653
10.039942357914033,10.017431827898973,0.03994235791403228,0.01743182789897336
10.040256191597685,10.054047380528703,0.04025619159768511,0.054047380528702074
10.040569552822397,10.018972774244398,0.04056955282239736,0.01897277424439874
10.040882437910467,10.052442272646049,0.04088243791046629,0.05244227264604937
10.041194843189777,10.053660091577843,0.04119484318977693,0.05366009157784343
10.041506764993846,10.056435090720084,0.04150676499384583,0.05643509072008507
10.041818199661863,10.060085430707952,0.0418181996618634,0.06008543070795244
10.042129143538737,10.062673875564855,0.04212914353873756,0.06267387556485406
10.042439592975136,10.049171639638361,0.04243959297513602,0.04917163963836203
10.04274954432753,10.049978762684855,0.04274954432752966,0.0499787626848558
10.043058993958235,10.062839918869708,0.04305899395823473,0.06283991886970795
10.043367938235455,10.069615625602117,0.0433679382354561,0.06961562560211587
10.04367637353333,10.062147331168719,0.043676373533329586,0.06214733116871833
10.043984296231965,10.017442502214925,0.043984296231964315,0.01744250221492455
10.044291702717485,10.060630612780825,0.04429170271748576,0.06063061278082421
10.044598589382078,10.040471954909723,0.0445985893820775,0.04047195490972359
10.044904952624025,10.059273588898746,0.04490495262402423,0.05927358889874645
10.045210788847754,10.060737552778795,0.04521078884775335,0.06073755277879426
10.045516094463878,10.050184331583761,0.04551609446387783,0.05018433158376158
10.045820865889239,10.068008840583106,0.0458208658892377,0.0680088405831057
10.046125099546943,10.037212893768684,0.046125099546942744,0.037212893768683364
10.046428791866413,10.051325897331033,0.0464287918664138,0.051325897331033286
10.046731939283426,10.022336487025823,0.046731939283425304,0.022336487025823155
10.047034538240148,10.030928381032387,0.04703453824014678,0.03092838103238687
10.047336585185185,10.039058851014946,0.04733658518518446,0.03905885101494589
10.047638076573623,10.07760304783147,0.04763807657362343,0.07760304783146954
10.047939008867068,10.042150080531105,0.04793900886706866,0.04215008053110436
10.048239378533687,10.0866763101116,0.048239378533687156,0.08667631011159921
10.048539182048248,10.037163571872538,0.04853918204824875,0.037163571872538895
10.048838415892169,10.038137017796773,0.048838415892168134,0.038137017796773476
10.049137076553546,10.047619002339065,0.049137076553545496,0.04761900233906526
10.049435160527208,10.067799004220197,0.04943516052720834,0.06779900422019672
10.049732664314753,10.046393428739195,0.049732664314752296,0.046393428739195545
10.050029584424582,10.052960154686051,0.050029584424582066,0.0529601546860504
10.050325917371953,10.078689828144839,0.05032591737195285,0.07868982814483819
10.050621659679011,10.081361545551585,0.05062165967901064,0.08136154555158509
10.050916807874835,10.061204153761876,0.05091680787483369,0.06120415376187565
10.051211358495472,10.097403171864705,0.05121135849547264,0.09740317186470634
10.051505308083991,10.027396368105135,0.05150530808399171,0.027396368105134718
10.05179865319051,10.073980561775294,0.05179865319050876,0.07398056177529418
10.052091390372237,10.07225523325065,0.052091390372236306,0.07225523325064992
10.05238351619352,10.095094631955751,0.05238351619352136,0.09509463195575109
10.052675027225886,10.02549036580175,0.05267502722588629,0.025490365801748766
10.052965920048068,10.066531500871104,0.052965920048068785,0.06653150087110418
10.053256191246062,10.095267124263998,0.05325619124606184,0.09526712426399722
10.053545837413154,10.059331281817466,0.0535458374131543,0.05933128181746589
10.05383485514997,10.038004854509925,0.05383485514997027,0.03800485450992565
10.05412324106451,10.043546677774165,0.05412324106450962,0.043546677774164454
10.054410991772187,10.079294325772048,0.05441099177218716,0.07929432577204817
10.054698103895873,10.039058288786501,0.05469810389587298,0.03905828878650174
10.054984574065932,10.022386735755914,0.05498457406593149,0.022386735755914114
10.055270398920262,10.04627165818287,0.05527039892026159,0.04627165818287087
10.055555575104336,10.048744384128149,0.055555575104335446,0.04874438412814916
10.055840099271238,10.079484010958925,0.0558400992712385,0.07948401095892477
10.056123968081708,10.051999115050267,0.05612396808170842,0.05199911505026686
10.056407178204173,10.067420334738722,0.05640717820417415,0.06742033473872269
10.056689726314795,10.043521764783032,0.05668972631479546,0.04352176478303196
10.056971609097502,10.078965725771269,0.056971609097501444,0.07896572577126976
10.05725282324403,10.030004452404276,0.057252823244029916,0.030004452404276596
10.057533365453965,10.08089270999594,0.05753336545396577,0.08089270999594061
10.05781323243478,10.047036987184448,0.05781323243478023,0.047036987184448306
10.058092420901868,10.076288098352766,0.058092420901868905,0.07628809835276609
10.058370927578592,10.05882594715143,0.05837092757859097,0.05882594715143022
10.058648749196307,10.078517779980979,0.058648749196306985,0.0785177799809798
10.058925882494417,10.058886691845911,0.0589258824944178,0.05888669184591166
10.059202324220403,10.05845798818869,0.05920232422040257,0.058457988188690926
10.059478071129856,10.07286676817684,0.05947807112985679,0.07286676817683985
10.059753119986532,10.042980989388315,0.05975311998653076,0.04298098938831554
10.060027467562367,10.02101508079167,0.06002746756236709,0.021015080791670665
10.060301110637539,10.077159929293343,0.06030111063753912,0.07715992929334184
10.060574046000488,10.064892859167625,0.0605740460004881,0.0648928591676248
10.060846270447962,10.066064203924714,0.06084627044796157,0.06606420392471485
10.06111778078505,10.046986701380296,0.061117780785050216,0.04698670138029612
10.061388573825226,10.055531974592652,0.06138857382522603,0.055531974592652154
10.061658646390379,10.047544311199177,0.06165864639037936,0.04754431119917714
10.061927995310857,10.080376773724838,0.06192799531085609,0.08037677372483745
10.062196617425496,10.076447521313453,0.06219661742549531,0.07644752131345217
10.062464509581666,10.08878759811554,0.06246450958166581,0.0887875981155401
10.062731668635303,10.022055390310745,0.06273166863530369,0.0220553903107455
10.062998091450948,10.075972779293368,0.0629980914509487,0.07597277929336824
10.063263774901781,10.07556726508059,0.06326377490178157,0.07556726508058931
10.06352871586966,10.071109404943272,0.06352871586966015,0.07110940494327105
10.063792911245157,10.049719376807804,0.06379291124515661,0.04971937680780442
10.064056357927594,10.052678860942297,0.06405635792759329,0.05267886094229739
10.06431905282508,10.02558790775063,0.06431905282507969,0.025587907750629947
10.064580992854548,10.049418934439796,0.06458099285454842,0.04941893443979513
10.064842174941791,10.07780599445095,0.06484217494179133,0.07780599445095009
10.065102596021497,10.102551152116078,0.06510259602149586,0.10255115211607822
10.06536225303728,10.056055530801068,0.06536225303728074,0.05605553080106857
10.065621142941731,10.027926770484404,0.06562114294173214,0.027926770484403694
10.06587926269644,10.125606902698198,0.06587926269643911,0.12560690269819852
10.06613660927203,10.076527336435387,0.06613660927202956,0.07652733643538698
10.066393179648205,10.098398381049625,0.06639317964820553,0.09839838104962506
10.066648970813779,10.060069402364537,0.06664897081377895,0.060069402364535965
10.066903979766707,10.037691930202694,0.06690397976670656,0.03769193020269335
10.067158203514126,10.093632438761887,0.06715820351412562,0.09363243876188607
10.06741163907239,10.072065919117653,0.06741163907238874,0.07206591911765375
10.0676642834671,10.054579204161453,0.06766428346709881,0.05457920416145231
10.067916133733144,10.057646622975042,0.0679161337331443,0.05764662297504221
10.068167186914733,10.047125615188202,0.06816718691473356,0.04712561518820286
10.06841744006543,10.064366740248552,0.06841744006543002,0.06436674024855152
10.068666890248187,10.07872985349352,0.06866689024818626,0.07872985349352019
10.068915534535378,10.06661916018699,0.06891553453537899,0.06661916018698934
10.069163370008843,10.06304889481459,0.06916337000884291,0.06304889481458985
10.069410393759906,10.078531810289121,0.06941039375990546,0.07853181028912096
10.06965660288942,10.057451089422884,0.06965660288942042,0.05745108942288445
10.069901994507802,10.078100787479418,0.06990199450780246,0.07810078747941852
10.07014656573506,10.09592810295179,0.07014656573506077,0.09592810295179013
10.070390313700832,10.066894805381427,0.07039031370083271,0.06689480538142707
10.070633235544419,10.066606581050744,0.07063323554441796,0.06660658105074366
10.070875328414811,10.048240603376817,0.07087532841481153,0.048240603376816404
10.071116589470737,10.068159738267827,0.07111658947073785,0.06815973826782686
10.071357015880684,10.065182465498813,0.07135701588068342,0.06518246549881289
10.07159660482293,10.058386208154355,0.07159660482293072,0.05838620815435523
10.071835353485591,10.116231694565588,0.07183535348559075,0.11623169456558835
10.072073259066636,10.094050679139226,0.07207325906663652,0.0940506791392253
10.072310318773935,10.087847036537562,0.07231031877393543,0.08784703653756219
10.072546529825283,10.038398949503005,0.07254652982528255,0.03839894950300564
10.072781889448432,10.0519161312313,0.07278188944843302,0.051916131231299886
10.073016394881135,10.050192669653063,0.07301639488113439,0.0501926696530622
10.073250043371159,10.055460597650361,0.07325004337115952,0.05546059765036171
10.073482832176339,10.036906145047075,0.07348283217633837,0.036906145047074436
10.073714758564591,10.072846349961356,0.07371475856459063,0.07284634996135639
10.073945819813957,10.097479424309242,0.0739458198139574,0.09747942430924147
10.074176013212634,10.073767241186069,0.07417601321263348,0.07376724118606941
10.074405336058998,10.061892151612426,0.07440533605899884,0.06189215161242567
10.07463378566165,10.091413386398216,0.07463378566165069,0.09141338639821664
10.074861359339435,10.073518626167898,0.07486135933943489,0.0735186261678981
10.075088054421478,10.084152379144927,0.07508805442147722,0.08415237914492599
10.075313868247216,10.09527078539425,0.07531386824721521,0.0952707853942509
10.075538798166429,10.060183309893002,0.07553879816642882,0.06018330989300197
10.075762841539271,10.064598915789137,0.07576284153927203,0.06459891578913635
10.075985995736303,10.081893533775133,0.07598599573630338,0.08189353377513296
10.076208258138518,10.077084382969444,0.0762082581385173,0.0770843829694435
10.076429626137374,10.101790655696583,0.07642962613737432,0.10179065569658226
10.076650097134833,10.077803016561335,0.07665009713483224,0.07780301656133454
10.076869668543376,10.071805840242655,0.07686966854337607,0.07180584024265448
10.07708833778605,10.059928588587093,0.07708833778604886,0.05992858858709317
10.077306102296482,10.12139649745597,0.07730610229648176,0.12139649745597123
10.077522959518923,10.100437694871571,0.07752295951892395,0.10043769487157178
10.077738906908273,10.086559660237986,0.07773890690827305,0.08655966023798715
10.077953941930105,10.075012567602625,0.07795394193010453,0.0750125676026247
10.078168062060701,10.07263297535205,0.07816806206070194,0.07263297535205007
10.078381264787087,10.059726629838858,0.07838126478708599,0.059726629838857806
10.078593547607044,10.106360284182447,0.07859354760704458,0.10636028418244636
10.078804908029161,10.094661386411502,0.07880490802916172,0.09466138641150224
10.079015343572847,10.045815069226668,0.07901534357284712,0.045815069226667775
10.079224851768364,10.085330636298593,0.07922485176836497,0.08533063629859404
10.079433430156863,10.072854751468723,0.07943343015686324,0.07285475146872278
10.079641076290402,10.029723269657921,0.07964107629040244,0.029723269657920673
10.079847787731984,10.084157345936314,0.0798477877319841,0.08415734593631365
10.08005356205558,10.080159177652295,0.08005356205557983,0.08015917765229522
10.08025839684616,10.06926534005162,0.08025839684615929,0.06926534005162029
10.08046228969972,10.066356286674068,0.08046228969971903,0.06635628667406787
10.080665238223311,10.083000026014492,0.08066523822331023,0.0830000260144917
10.080867240035067,10.08715787498743,0.08086724003506726,0.08715787498742947
10.081068292764234,10.081694263592036,0.08106829276423512,0.08169426359203596
10.081268394051198,10.076975408138873,0.0812683940511978,0.0769754081388734
10.081467541547505,10.063055826481646,0.08146754154750546,0.06305582648164648
10.081665732915903,10.106233989761076,0.08166573291590241,0.10623398976107634
10.081862965830354,10.053905506095262,0.08186296583035436,0.05390550609526265
10.082059237976075,10.088224435186078,0.08205923797607559,0.08822443518607691
10.082254547049557,10.0847478630172,0.08225454704955643,0.0847478630171987
10.08244889075859,10.088432753137713,0.08244889075858997,0.0884327531377131
10.0826422668223,10.079869899508388,0.08264226682229922,0.07986989950838791
10.082834672971163,10.072941309633022,0.08283467297116366,0.07294130963302164
10.083026106947045,10.091154093040219,0.08302610694704615,0.09115409304021901
10.08321656650322,10.084667906679217,0.0832165665032191,0.0846679066792174
10.083406049404392,10.067206046657349,0.08340604940439107,0.06720604665734961
10.083594553426733,10.054112340251583,0.08359455342673305,0.054112340251583485
10.083782076357904,10.10560724199722,0.08378207635790424,0.10560724199721898
10.083968615997078,10.091009040851482,0.08396861599707842,0.09100904085148237
10.084154170154969,10.085972547931869,0.0841541701549694,0.08597254793186841
10.084338736653857,10.070183510916198,0.08433873665385712,0.0701835109161978
10.084522313327613,10.045136911708706,0.08452231332761276,0.04513691170870622
10.084704898021725,10.08325717380721,0.08470489802172458,0.08325717380721043
10.084886488593323,10.065606623049307,0.08488648859332285,0.06560662304930667
10.085067082911205,10.038930554841707,0.08506708291120534,0.03893055484170788
10.085246678855862,10.056573521796814,0.08524667885586196,0.05657352179681308
10.0854252743195,10.065110156151592,0.08542527431949998,0.06511015615159224
10.085602867206068,10.045795750266022,0.08560286720606865,0.0457957502660216
10.085779455431284,10.08264610100313,0.08577945543128357,0.08264610100312925
10.085955036922652,10.067885881818336,0.0859550369226516,0.06788588181833635
10.086129609619494,10.082308874051796,0.08612960961949473,0.08230887405179557
10.086303171472975,10.078378748125791,0.0863031714729746,0.07837874812579103
10.086475720446117,10.110520362602928,0.08647572044611632,0.11052036260292764
10.086647254513833,10.084437676361762,0.0866472545138326,0.08443767636176165
10.086817771662947,10.055585139109635,0.08681777166294723,0.05558513910963435
10.08698726989222,10.07106115650773,0.08698726989221903,0.07106115650772968
10.087155747212366,10.097035564972375,0.087155747212365,0.09703556497237482
10.087323201646084,10.081556036800329,0.087323201646084,0.08155603680032872
10.08748963122808,10.082253418842491,0.08748963122807976,0.08225341884249189
10.087655034005083,10.07183363772452,0.08765503400508386,0.07183363772452002
10.087819408035879,10.082555238005002,0.08781940803587897,0.08255523800500134
10.087982751391321,10.082466986856273,0.08798275139132126,0.08246698685627307
10.088145062154364,10.07330140912837,0.08814506215436337,0.07330140912836901
10.088306338420077,10.103014071272911,0.08830633842007661,0.10301407127291068
10.088466578295673,10.130400391607948,0.08846657829567361,0.1304003916079483
10.08862577990053,10.088163240245432,0.08862577990053028,0.08816324024543153
10.088783941366207,10.080072260221039,0.0887839413662081,0.08007226022103893
10.088941060836476,10.09027600507678,0.0889410608364758,0.09027600507677945
10.08909713646733,10.069193755970316,0.0890971364673314,0.06919375597031618
10.089252166427023,10.114624385285282,0.08925216642702374,0.11462438528528113
10.089406148896074,10.078311445985417,0.08940614889607386,0.07831144598541677
10.089559082067296,10.060145902965985,0.08955908206729662,0.060145902965984974
10.089710964145821,10.089293397302269,0.08971096414582164,0.08929339730226854
10.089861793349115,10.096795361741297,0.08986179334911458,0.0967953617412969
10.090011567906998,10.09176239233884,0.09001156790699782,0.09176239233884065
10.090160286061671,10.049613997588377,0.0901602860616716,0.04961399758837672
10.090307946067734,10.061556425688867,0.09030794606773421,0.06155642568886674
10.090454546192202,10.090746358583749,0.09045454619220283,0.09074635858374899
10.090600084714534,10.059475757792548,0.09060008471453368,0.05947575779254812
10.090744559926643,10.161854216359597,0.09074455992664228,0.1618542163595975
10.090887970132924,10.07268702813587,0.09088797013292353,0.07268702813587113
10.091030313650272,10.105054558032995,0.09103031365027144,0.10505455803299413
10.091171588808098,10.105187606128284,0.09117158880809915,0.1051876061282849
10.091311793948359,10.084980318407124,0.09131179394835828,0.08498031840712394
10.091450927425559,10.115310176267341,0.0914509274255586,0.11531017626734189
10.091588987606787,10.081914858958147,0.09158898760678712,0.08191485895814596
10.091725972871728,10.082194834970338,0.09172597287172753,0.08219483497033757
10.09186188161268,10.09145747230895,0.09186188161267893,0.0914574723089496
10.091996712234575,10.09299428493079,0.0919967122345749,0.09299428493078907
10.092130463155002,10.076851109204043,0.0921304631550022,0.07685110920404319
10.09226313280422,10.082965489504545,0.09226313280421916,0.08296548950454517
10.092394719625174,10.077816044970366,0.0923947196251744,0.07781604497036643
10.092525222073524,10.082887786065305,0.09252522207352479,0.0828877860653048
10.092654638617654,10.09023659854247,0.09265463861765386,0.09023659854246963
10.092782967738689,10.082817320820427,0.09278296773868953,0.08281732082042685
10.092910207930522,10.10774709778241,0.09291020793052215,0.10774709778240979
10.093036357699821,10.095246677893114,0.09303635769982199,0.095246677893113
10.093161415566057,10.074293486492131,0.09316141556605692,0.07429348649213091
10.09328538006151,10.053976630601335,0.09328538006150966,0.053976630601335784
10.093408249731295,10.067449181163349,0.09340824973129508,0.06744918116334983
10.093530023133377,10.09551669329415,0.09353002313337733,0.09551669329414984
10.093650698838587,10.094438203095752,0.09365069883858654,0.09443820309575243
10.093770275430636,10.104098672325089,0.09377027543063593,0.10409867232508939
10.093888751506139,10.095917768948713,0.09388875150613805,0.09591776894871347
10.094006125674621,10.090632408349192,0.09400612567462163,0.09063240834919124
10.094122396558548,10.112478186084743,0.0941223965585476,0.1124781860847441
10.094237562793326,10.114289591195288,0.09423756279332543,0.11428959119528735
10.094351623027329,10.105313800843662,0.09435162302732902,0.10531380084366229
10.094464575921913,10.082863696257787,0.09446457592191276,0.0828636962577876
10.094576420151427,10.097391624717547,0.09457642015142698,0.09739162471754766
10.094687154403234,10.119754795967886,0.09468715440323366,0.1197547959678853
10.094796777377722,10.075469598334239,0.09479677737772196,0.07546959833423866
10.094905287788324,10.080891088089059,0.09490528778832313,0.08089108808905861
10.095012684361526,10.109278528682665,0.09501268436152599,0.10927852868266516
10.09511896583689,10.119941510670554,0.0951189658368915,0.11994151067055289
10.095224130967068,10.117941730521752,0.09522413096706793,0.11794173052175158
10.095328178517805,10.107119536656608,0.0953281785178052,0.1071195366566075
10.09543110726797,10.14926024256481,0.09543110726796956,0.1492602425648116
10.095532916009558,10.080926571982674,0.09553291600955778,0.08092657198267503
10.09563360354771,10.075469950219162,0.09563360354771147,0.07546995021916149
10.09573316870073,10.125994516203631,0.09573316870073091,0.1259945162036322
10.09583161030009,10.105409840054978,0.09583161030008915,0.10540984005497767
10.095928927190446,10.090663231409197,0.09592892719044557,0.09066323140919649
10.09602511822966,10.099419193926016,0.09602511822965942,0.09941919392601557
10.096120182288804,10.119148224608853,0.0961201822888034,0.1191482246088532
10.096214118252176,10.146286170212024,0.09621411825217664,0.14628617021202314
10.096306925017318,10.063094418485326,0.09630692501731809,0.06309441848532567
10.09639860149502,10.099620442556988,0.09639860149501922,0.09962044255698797
10.096489146609336,10.080093984604808,0.09648914660933698,0.08009398460480757
10.096578559297607,10.120659062190269,0.09657855929760623,0.12065906219026878
10.096666838510453,10.120456568133191,0.09666683851045242,0.12045656813319137
10.096753983211803,10.096640428499967,0.09675398321180381,0.09664042849996726
10.096839992378904,10.131700622216814,0.09683999237890359,0.13170062221681422
10.096924865002322,10.115311929972869,0.09692486500232196,0.11531192997286852
10.097008600085967,10.105631895578862,0.09700860008596791,0.10563189557886193
10.097091196647101,10.090978053189033,0.09709119664710099,0.09097805318903306
10.097172653716342,10.084705828613991,0.09717265371634275,0.08470582861399091
10.097252970337689,10.098108994977943,0.0972529703376882,0.098108994977943
10.097332145568517,10.118516399966245,0.09733214556851695,0.11851639996624448
10.097410178479604,10.081977613178386,0.0974101784796044,0.0819776131783868
10.097487068155132,10.11962232221562,0.09748706815513246,0.11962232221562008
10.0975628136927,10.093820845837408,0.09756281369270045,0.09382084583740871
10.097637414203335,10.089145884199244,0.0976374142033357,0.08914588419924387
10.097710868811504,10.075549359894712,0.09771086881150381,0.07554935989471266
10.097783176655119,10.088854578323296,0.09778317665511913,0.08885457832329599
10.097854336885554,10.087689547367926,0.09785433688555473,0.08768954736792635
10.097924348667652,10.116740962170988,0.09792434866765248,0.11674096217098878
10.097993211179732,10.053501095987404,0.09799321117973273,0.05350109598740424
10.098060923613604,10.090563488219162,0.09806092361360406,0.0905634882191617
10.098127485174572,10.080667173667981,0.09812748517457266,0.08066717366798098
10.098192895081452,10.12168703663442,0.0981928950814518,0.12168703663441917
10.098257152566571,10.09646319265662,0.09825715256657083,0.09646319265662019
10.098320256875784,10.089609528010632,0.09832025687578433,0.0896095280106314
10.09838220726848,10.077879811111643,0.09838220726848089,0.07787981111164308
10.098443003017591,10.087542462247644,0.09844300301759178,0.08754246224764302
10.0985026434096,10.083758464095624,0.09850264340959958,0.0837584640956231
10.098561127744546,10.098862060855875,0.09856112774454642,0.09886206085587572
10.098618455336043,10.113691812076112,0.09861845533604237,0.11369181207611201
10.098674625511274,10.047349480797509,0.09867462551127329,0.04734948079750966
10.098729637611008,10.09994381876182,0.09872963761100889,0.09994381876181994
10.09878349098961,10.119257574791447,0.09878349098961038,0.11925757479144716
10.098836185015038,10.049512629760866,0.09883618501503812,0.049512629760865505
10.098887719068859,10.071933453326075,0.09888771906885892,0.07193345332607526
10.098938092546254,10.120039108221894,0.09893809254625342,0.1200391082218944
10.098987304856022,10.116721156108659,0.09898730485602315,0.11672115610865848
10.099035355420597,10.136061004385867,0.09903535542059741,0.13606100438586746
10.09908224367604,10.103316453280323,0.09908224367604013,0.1033164532803233
10.099127969072056,10.121102452102006,0.09912796907205644,0.12110245210200532
10.099172531072,10.105959844363818,0.09917253107199916,0.10595984436381882
10.099215929152875,10.105209477393789,0.09921592915287507,0.10520947739378803
10.09925816280535,10.094558934924619,0.09925816280535105,0.09455893492461848
10.09929923153376,10.10643227964974,0.09929923153376008,0.10643227964973914
10.099339134856107,10.11328732984334,0.09933913485610703,0.11328732984333954
10.099377872304075,10.078572695542233,0.09937787230407436,0.07857269554223358
10.099415443423027,10.082764511225642,0.09941544342302754,0.08276451122564174
10.09945184777202,10.059263421510712,0.09945184777202049,0.05926342151071212
10.099487084923801,10.099138548522397,0.09948708492380064,0.09913854852239644
10.099521154464814,10.090560925911504,0.09952115446481406,0.09056092591150343
10.09955405599521,10.08735875031207,0.09955405599521022,0.08735875031207019
10.099585789128847,10.093886274098708,0.09958578912884672,0.09388627409870827
10.099616353493294,10.135317016126272,0.09961635349329381,0.13531701612627192
10.09964574872984,10.129084380888411,0.09964574872983883,0.12908438088841037
10.09967397449349,10.094046201200996,0.09967397449349029,0.09404620120099554
10.099701030452982,10.105299035592257,0.09970103045298201,0.10529903559225719
10.099726916290777,10.079350627670014,0.09972691629077704,0.07935062767001362
10.099751631703072,10.06181918265627,0.09975163170307125,0.0618191826562702
10.099775176399797,10.070837062221086,0.09977517639979705,0.07083706222108646
10.099797550104627,10.080513070794783,0.09979755010462671,0.08051307079478327
10.099818752554976,10.071288097384013,0.09981875255497558,0.07128809738401201
10.099838783502005,10.08593238260524,0.09983878350200523,0.0859323826052388
10.099857642710626,10.115739889425488,0.0998576427106264,0.11573988942548818
10.099875329959502,10.115532597099635,0.09987532995950163,0.11553259709963465
10.099891845041048,10.072554669796707,0.09989184504104798,0.07255466979670769
10.09990718776144,10.098718928536401,0.09990718776143943,0.09871892853640192
10.099921357940609,10.110699088064704,0.09992135794060913,0.11069908806470363
10.099934355412252,10.094682904442825,0.09993435541225153,0.09468290444282455
10.099946180023824,10.07124439838011,0.09994618002382433,0.07124439838010975
10.09995683163655,10.087426680985097,0.09995683163655032,0.08742668098509589
10.099966310125419,10.108659107118624,0.09996631012541889,0.10865910711862498
10.099974615379187,10.084513624698772,0.0999746153791876,0.08451362469877259
10.099981747300383,10.093271068127901,0.09998174730038349,0.09327106812790109
10.099987705805304,10.074836003122135,0.09998770580530414,0.0748360031221349
10.099992490824018,10.07482711182291,0.0999924908240187,0.07482711182290828
10.099996102300368,10.128422121278096,0.09999610230036877,0.12842212127809471
10.099998540191969,10.076844905985775,0.09999854019196895,0.07684490598577547
10.099999804470208,10.096294210056017,0.09999980447020738,0.09629421005601675
10.099999895120247,10.079294828243237,0.09999989512024614,0.07929482824323714
10.09999881214102,10.108100311799376,0.0999988121410213,0.10810031179937676
10.099996555545243,10.101985316652938,0.09999655554524305,0.10198531665293717
10.099993125359395,10.10414140116135,0.09999312535939547,0.10414140116135015
10.099988521623736,10.081320379936793,0.0999885216237363,0.08132037993679361
10.099982744392296,10.103014663445537,0.09998274439229636,0.1030146634455372
10.09997579373288,10.071873395498253,0.099975793732879,0.0718733954982523
10.099967669727059,10.11378997180786,0.09996766972705928,0.1137899718078588
10.099958372470184,10.102589941714664,0.09995837247018304,0.10258994171466447
10.099947902071365,10.130061478842089,0.09994790207136568,0.13006147884208982
10.099936258653491,10.12433866264642,0.09993625865349101,0.12433866264641903
10.09992344235321,10.090157546156801,0.09992344235320974,0.09015754615680102
10.099909453320938,10.086891175819833,0.09990945332093787,0.08689117581983376
10.099894291720855,10.098252022754194,0.09989429172085494,0.09825202275419424
10.099877957730902,10.113696877520164,0.09987795773090213,0.11369687752016325
10.09986045154278,10.080726251648764,0.09986045154278012,0.08072625164876501
10.099841773361947,10.11396742238197,0.09984177336194687,0.11396742238196961
10.099821923407616,10.094873555725119,0.0998219234076152,0.09487355572511874
10.09980090191275,10.097871576290585,0.09980090191275025,0.09787157629058403
10.099778709124067,10.068456270395975,0.09977870912406667,0.06845627039597599
10.099755345302025,10.118840858558487,0.09975534530202579,0.11884085855848762
10.099730810720832,10.084617777604185,0.09973081072083258,0.08461777760418585
10.099705105668432,10.095522579277674,0.09970510566843234,0.09552257927767363
10.099678230446507,10.079217390840695,0.09967823044650742,0.07921739084069475
10.099650185370473,10.116344565733396,0.09965018537047363,0.11634456573339629
10.099620970769477,10.087595969215915,0.09962097076947651,0.08759596921591575
10.099590586986388,10.115215264370192,0.09959058698638751,0.1152152643701927
10.0995590343778,10.102643541316779,0.09955903437780003,0.10264354131677829
10.099526313314025,10.088022246659149,0.09952631331402506,0.08802224665914787
10.099492424179086,10.113710896537546,0.099492424179087,0.11371089653754636
10.09945736737072,10.07741062175113,0.09945736737071909,0.07741062175112888
10.099421143300358,10.114189958511654,0.09942114330035867,0.11418995851165337
10.099383752393143,10.141254772481888,0.09938375239314252,0.14125477248188886
10.099345195087901,10.106709338385855,0.09934519508790172,0.10670933838585568
10.099305471837157,10.103907359789652,0.09930547183715657,0.10390735978965122
10.09926458310711,10.114419518373449,0.09926458310711123,0.11441951837344881
10.099222529377649,10.097738197049448,0.09922252937764833,0.09773819704944771
10.099179311142324,10.0895745475488,0.09917931114232324,0.08957454754880022
10.099134928908358,10.04337829302585,0.09913492890835837,0.043378293025849654
10.099089383196636,10.092849044615921,0.09908938319663713,0.09284904461592064
10.099042674541698,10.125941723516776,0.09904267454169792,0.12594172351677646
10.098994803491728,10.100564818264102,0.09899480349172773,0.10056481826410157
10.098945770608555,10.07056933261326,0.09894577060855578,0.07056933261326122
10.098895576467648,10.093205837104172,0.09889557646764696,0.09320583710417274
10.098844221658094,10.074426970402833,0.09884422165809506,0.07442697040283253
10.098791706782615,10.06835058265453,0.0987917067826157,0.06835058265453028
10.09873803245754,10.123025364407322,0.09873803245753952,0.1230253644073223
10.098683199312804,10.097900424936043,0.09868319931280477,0.0979004249360428
10.09862720799195,10.09375766863684,0.09862720799194996,0.09375766863683996
10.098570059152106,10.117384495227048,0.09857005915210627,0.1173844952270483
10.09851175346399,10.127724480645279,0.09851175346398995,0.1277244806452797
10.098452291611894,10.110099458082757,0.09845229161189434,0.11009945808275666
10.098391674293682,10.089446452024877,0.09839167429368183,0.08944645202487644
10.098329902220776,10.09636222263309,0.09832990222077576,0.09636222263308947
10.098266976118152,10.1184472822564,0.09826697611815205,0.1184472822563987
10.098202896724331,10.092595561578872,0.09820289672433062,0.09259556157887125
10.098137664791366,10.074112453562243,0.09813766479136672,0.07411245356224364
10.098071281084842,10.086489890417262,0.09807128108484227,0.0864898904172626
10.098003746383856,10.08492942628494,0.09800374638385667,0.08492942628494107
10.097935061481017,10.115680380053847,0.0979350614810178,0.11568038005384741
10.097865227182433,10.092749482452483,0.09786522718243257,0.09274948245248242
10.097794244307698,10.097408112714708,0.09779424430769762,0.09740811271470916
10.09772211368989,10.092864446577604,0.09772211368988964,0.09286444657760412
10.097648836175555,10.096619262810048,0.09764883617555553,0.09661926281004836
10.097574412624702,10.087850008422542,0.09757441262470253,0.08785000842254137
10.097498843910788,10.098512411541837,0.09749884391078817,0.09851241154183674
10.09742213092071,10.120591723653412,0.09742213092070992,0.12059172365341111
10.097344274554795,10.100779320134288,0.09734427455479477,0.10077932013428856
10.09726527572679,10.103084537718695,0.09726527572678881,0.1030845377186961
10.097185135363846,10.085844098767216,0.09718513536384638,0.08584409876721583
10.09710385440652,10.098775354979765,0.09710385440651924,0.09877535497976463
10.097021433808745,10.07950450983239,0.09702143380874542,0.0795045098323891
10.096937874537838,10.079960308770083,0.09693787453783824,0.07996030877008245
10.096853177574475,10.097941669167458,0.09685317757447481,0.09794166916745727
10.096767343912685,10.133814316349472,0.09676734391268446,0.1338143163494719
10.096680374559837,10.085477553484115,0.09668037455983723,0.08547755348411398
10.096592270536632,10.075470623893487,0.096592270536632,0.07547062389348767
10.096503032877084,10.098918495386375,0.09650303287708445,0.09891849538637568
10.096412662628515,10.071134855289273,0.09641266262851492,0.07113485528927363
10.096321160851536,10.088801524173107,0.09632116085153623,0.08880152417310641
10.096228528620042,10.109629566706609,0.09622852862004115,0.10962956670660835
10.09613476702119,10.125881344834427,0.09613476702118984,0.12588134483442728
10.096039877155397,10.096677521318796,0.0960398771553969,0.09667752131879498
10.09594386013632,10.071198900099997,0.0959438601363188,0.07119890009999708
10.09584671709084,10.091680421293656,0.09584671709084061,0.0916804212936559
10.095748449159062,10.091985625983419,0.09574844915906261,0.09198562598341863
10.095649057494287,10.10790843761229,0.0956490574942873,0.10790843761229028
10.095548543263005,10.084113011161419,0.09554854326300555,0.08411301116141878
10.095446907644883,10.107364563276171,0.09544690764488306,0.10736456327617074
10.095344151832746,10.0962745647566,0.09534415183274636,0.09627456475660047
10.09524027703257,10.095006935992966,0.09524027703256904,0.09500693599296597
10.095135284463458,10.092155791785993,0.09513528446345743,0.09215579178599242
10.095029175357636,10.088086319708754,0.0950291753576364,0.08808631970875404
10.094921950960435,10.095654573293821,0.09492195096043465,0.09565457329382188
10.09481361253027,10.09109429245566,0.09481361253027047,0.09109429245565945
10.094704161338637,10.101080989361213,0.09470416133863677,0.10108098936121349
10.094593598670086,10.116086783490545,0.09459359867008599,0.11608678349054519
10.094481925822215,10.079586192375606,0.09448192582221539,0.07958619237560599
10.094369144105652,10.093633142282558,0.09436914410565156,0.09363314228255863
10.094255254844034,10.068873640242966,0.09425525484403517,0.0688736402429659
10.094140259374004,10.090616665543314,0.09414025937400522,0.09061666554331418
10.094024159045183,10.124408270624146,0.09402415904518366,0.12440827062414643
10.09390695522016,10.085643784112456,0.09390695522015936,0.085643784112456
10.093788649274472,10.09232985151213,0.09378864927447222,0.09232985151213015
10.093669242596597,10.098411982508692,0.09366924259659677,0.09841198250869183
10.093548736587927,10.097060514375032,0.09354873658792624,0.09706051437503191
10.093427132662756,10.103239190041965,0.09342713266275599,0.10323919004196508
10.093304432248267,10.08536817987355,0.0933044322482666,0.08536817987355014
10.093180636784508,10.11378835806437,0.09318063678450764,0.11378835806436982
10.09305574772438,10.107626771646267,0.09305574772438041,0.10762677164626701
10.09292976653362,10.090762371336893,0.0929297665336211,0.0907623713368927
10.092802694690784,10.110883200012013,0.09280269469078323,0.11088320001201399
10.092674533687221,10.095485543772655,0.09267453368722074,0.09548554377265625
10.09254528502707,10.12915438359424,0.09254528502707028,0.12915438359424092
10.092414950227234,10.087690985816167,0.09241495022723362,0.08769098581616722
10.09228353081736,10.092700498128806,0.09228353081735953,0.09270049812880611
10.092151028339826,10.076037700463656,0.0921510283398264,0.0760377004636558
10.092017444349723,10.087132370431954,0.09201744434972375,0.087132370431954
10.091882780414833,10.093982454378109,0.09188278041483389,0.09398245437810882
10.091747038115614,10.058554104803582,0.09174703811561391,0.058554104803581086
10.091610219045176,10.118948803380386,0.0916102190451768,0.11894880338038614
10.091472324809272,10.109052889390282,0.091472324809273,0.10905288939028325
10.09133335702627,10.100026657240821,0.09133335702627114,0.10002665724082155
10.09119331732714,10.081147994648596,0.09119331732713959,0.08114799464859654
10.091052207355427,10.065683776475485,0.09105220735542693,0.06568377647548465
10.090910028767244,10.085060288916004,0.09091002876724294,0.08506028891600403
10.090766783231238,10.11954929979648,0.09076678323123871,0.11954929979648092
10.090622472428588,10.118387085866424,0.0906224724285876,0.11838708586642274
10.090477098052965,10.100622737766864,0.0904770980529653,0.10062273776686367
10.09033066181053,10.132201430283022,0.09033066181052965,0.13220143028302112
10.090183165419901,10.097748092293845,0.09018316541990111,0.09774809229384387
10.090034610612141,10.0836943401533,0.09003461061214231,0.0836943401532999
10.089884999130739,10.08661450171517,0.08988499913073784,0.0866145017151697
10.089734332731574,10.101049192719966,0.08973433273157355,0.10104919271996585
10.089582613182916,10.100038529757661,0.08958261318291627,0.10003852975766049
10.089429842265393,10.106411423204667,0.08942984226539293,0.10641142320466655
10.089276021771969,10.084179797275878,0.08927602177196968,0.08417979727587853
10.08912115350793,10.106046595234282,0.08912115350793055,0.10604659523428211
10.088965239290857,10.100075705380066,0.08896523929085681,0.10007570538006587
10.088808280950605,10.063359030474977,0.08880828095060536,0.06335903047497765
10.088650280329286,10.08465353817886,0.08865028032928696,0.08465353817885952
10.088491239281245,10.063456683031548,0.08849123928124515,0.06345668303154844
10.088331159673034,10.085884820006017,0.08833115967303419,0.08588482000601756
10.088170043383398,10.07200655866852,0.08817004338339728,0.07200655866851868
10.088007892303244,10.105766298703875,0.0880078923032441,0.10576629870387476
10.087844708335629,10.091243525986263,0.08784470833562931,0.0912435259862635
10.08768049339573,10.113455032965705,0.0876804933957298,0.11345503296570558
10.087515249410822,10.049830680021454,0.08751524941082196,0.049830680021453626
10.087348978320259,10.102206338314456,0.08734897832025973,0.1022063383144556
10.087181682075451,10.093978801922423,0.08718168207545132,0.09397880192242364
10.087013362639837,10.086692435977815,0.08701336263983654,0.086692435977815
10.086844021988863,10.073538665375812,0.08684402198886344,0.07353866537581234
10.086673662109966,10.076284067293905,0.08667366210996566,0.07628406729390466
10.086502285002538,10.099381355322741,0.08650228500253866,0.09938135532274119
10.086329892677917,10.101837062981765,0.08632989267791653,0.10183706298176594
10.086156487159348,10.085291565748758,0.08615648715934798,0.08529156574875812
10.085982070481974,10.049898558977523,0.08598207048197316,0.049898558977523565
10.0858066446928,10.069877963197085,0.08580664469279947,0.06987796319708448
10.085630211850678,10.087997474731027,0.08563021185067726,0.08799747473102693
10.085452774026276,10.114967878974397,0.08545277402627627,0.11496787897439771
10.085274333302062,10.083858221763304,0.08527433330206094,0.08385822176330424
10.085094891772266,10.072639216198993,0.08509489177226609,0.07263921619899351
10.084914451542872,10.113641698793122,0.08491445154287207,0.113641698793123
10.084733014731581,10.09527751613113,0.0847330147315805,0.09527751613112947
10.08455058346779,10.085405859057445,0.08455058346778915,0.08540585905744473
10.084367159892567,10.10890091526713,0.08436715989256705,0.10890091526713072
10.084182746158628,10.110669768028004,0.08418274615862902,0.11066976802800348
10.08399734443031,10.092450733432937,0.08399734443031097,0.09245073343293653
10.083810956883545,10.074065625232306,0.08381095688354423,0.07406562523230575
10.08362358570583,10.08117467340197,0.08362358570582967,0.08117467340196906
10.083435233096212,10.083391740702131,0.0834352330962127,0.08339174070213067
10.083245901265258,10.096807773637556,0.08324590126525695,0.09680777363755536
10.083055592435018,10.07535029848542,0.08305559243501866,0.07535029848541933
10.08286430883902,10.072874849550077,0.08286430883902007,0.0728748495500765
10.082672052722224,10.10048053603775,0.08267205272222389,0.10048053603774965
10.082478826341006,10.119055316575624,0.08247882634100655,0.11905531657562327
10.082284631963132,10.08999380373107,0.08228463196313188,0.08999380373107074
10.082089471867723,10.098804984887368,0.0820894718677241,0.09880498488736705
10.081893348345242,10.074581989940295,0.08189334834524173,0.07458198994029562
10.08169626369745,10.05661554316989,0.08169626369745031,0.056615543169890675
10.081498220237394,10.09893138887259,0.0814982202373952,0.09893138887258873
10.081299220289376,10.060430531235582,0.0812992202893749,0.060430531235582334
10.081099266188913,10.11235935514187,0.08109926618891351,0.11235935514186993
10.080898360282733,10.116365860167944,0.08089836028273344,0.1163658601679434
10.080696504928728,10.069237527120327,0.08069650492872743,0.06923752712032795
10.080493702495932,10.075907115218286,0.08049370249593159,0.07590711521828533
10.080289955364497,10.065740392823088,0.08028995536449712,0.06574039282308836
10.080085265925662,10.094775751637673,0.08008526592566259,0.09477575163767406
10.079879636581726,10.082204526412665,0.07987963658172546,0.08220452641266618
10.079673069746015,10.067130381084459,0.07967306974601451,0.0671303810844592
10.079465567842862,10.090689855603406,0.07946556784286124,0.09068985560340605
10.079257133307571,10.112712424845396,0.07925713330757106,0.11271242484539654
10.079047768586396,10.11185523740704,0.0790477685863953,0.1118552374070409
10.078837476136503,10.073625242651586,0.07883747613650222,0.07362524265158578
10.078626258425949,10.05485265671957,0.0786262584259482,0.05485265671956903
10.078414117933649,10.080399334686822,0.07841411793364853,0.08039933468682284
10.078201057149348,10.109548616513347,0.07820105714934879,0.1095486165133473
10.077987078573596,10.093268773797615,0.07798707857359535,0.09326877379761431
10.077772184717706,10.059676838484432,0.07777218471770611,0.05967683848443189
10.07755637810374,10.050750018740528,0.07755637810374069,0.05075001874052859
10.077339661264471,10.05992735897896,0.07733966126447142,0.059927358978960565
10.077122036743352,10.105668208565188,0.07712203674335333,0.1056682085651873
10.076903507094494,10.072227273473812,0.07690350709449395,0.07222727347381315
10.076684074882625,10.07095286969393,0.07668407488262396,0.07095286969393018
10.076463742683067,10.089190210447642,0.07646374268306674,0.08919021044764192
10.076242513081707,10.088406472388817,0.07624251308170828,0.08840647238881692
10.076020388674966,10.100963686312923,0.07602038867496641,0.10096368631292317
10.075797372069761,10.104048993688817,0.07579737206976103,0.10404899368881751
10.075573465883483,10.066189395556055,0.07557346588348302,0.06618939555605516
10.075348672743964,10.078444707853354,0.07534867274396377,0.07844470785335317
10.075122995289444,10.078438621650905,0.07512299528944388,0.07843862165090563
10.074896436168544,10.079456231897824,0.07489643616854291,0.07945623189782458
10.074668998040227,10.065173116154233,0.0746689980402279,0.06517311615423264
10.074440683573782,10.100340043192519,0.07444068357378185,0.10034004319251924
10.074211495448774,10.094276815071924,0.07421149544877308,0.0942768150719228
10.073981436355023,10.067639526232874,0.07398143635502329,0.06763952623287367
10.073750508992577,10.051417408863232,0.0737505089925763,0.051417408863231984
10.073518716071666,10.087784458459959,0.07351871607166581,0.08778445845995839
10.073286060312684,10.101697249618313,0.07328606031268436,0.10169724961831242
10.073052544446151,10.10108238560867,0.07305254444615088,0.10108238560867039
10.07281817121268,10.102936856916255,0.07281817121267888,0.10293685691625493
10.072582943362944,10.074653234147771,0.07258294336294388,0.07465323414777136
10.072346863657652,10.07546174812439,0.07234686365765179,0.07546174812438969
10.072109934867505,10.072643654944716,0.07210993486750612,0.07264365494471588
10.071872159773175,10.049707193650283,0.07187215977317517,0.04970719365028234
10.07163354116526,10.095530706384128,0.07163354116526008,0.09553070638412806
10.07139408184426,10.030140329075067,0.07139408184426159,0.03014032907506626
10.071153784620547,10.055250276065244,0.07115378462054743,0.05525027606524428
10.07091265231432,10.036268857482083,0.07091265231431887,0.0362688574820833
10.070670687755578,10.048634800554126,0.07067068775557829,0.048634800554126216
10.070427893784096,10.060280122250335,0.07042789378409556,0.06028012225033454
10.070184273249374,10.07403112366539,0.07018427324937486,0.07403112366539093
10.069939829010622,10.043221296549339,0.06993982901062086,0.043221296549338296
10.069694563936705,10.056547656286527,0.0696945639367058,0.05654765628652683
10.069448480906136,10.047381150830173,0.0694484809061355,0.047381150830172886
10.069201582807015,10.04865430361821,0.0692015828070152,0.04865430361821097
10.068953872537016,10.056359127945607,0.06895387253701642,0.05635912794560714
10.068705353003342,10.077750135330856,0.06870535300334239,0.07775013533085574
10.068456027122695,10.050535920836237,0.06845602712269432,0.05053592083623759
10.068205897821237,10.080956449531248,0.0682058978212365,0.08095644953124835
10.067954968034563,10.081665898138828,0.06795496803456279,0.0816658981388291
10.067703240707662,10.050339648312555,0.06770324070766186,0.05033964831255491
10.067450718794882,10.06823811754174,0.06745071879488207,0.06823811754174136
10.067197405259897,10.068928184772613,0.06719740525989777,0.06892818477261312
10.066943303075673,10.053904437460329,0.06694330307567382,0.053904437460327984
10.066688415224432,10.071084323557645,0.06668841522443111,0.0710843235576452
10.066432744697611,10.058152310004955,0.06643274469761089,0.05815231000495465
10.06617629449584,10.052974229846136,0.06617629449584059,0.05297422984613654
10.065919067628897,10.074369153294784,0.06591906762889795,0.07436915329478426
10.065661067115675,10.078295205017758,0.06566106711567607,0.07829520501775773
10.065402295984148,10.03618335617108,0.06540229598414737,0.03618335617107876
10.065142757271328,10.060415701142704,0.06514275727132893,0.060415701142704545
10.064882454023246,10.030402295807892,0.06488245402324631,0.030402295807892644
10.064621389294897,10.089291776000715,0.0646213892948976,0.08929177600071539
10.064359566150218,10.024027398458843,0.06435956615021814,0.024027398458842483
10.064096987662044,10.076503445466757,0.06409698766204423,0.07650344546675825
10.063833656912077,10.08608709635442,0.0638336569120772,0.08608709635442019
10.063569576990847,10.05184861477988,0.06356957699084677,0.05184861477988051
10.063304750997675,10.040820662625071,0.06330475099767556,0.040820662625071086
10.063039182040642,10.044384707510718,0.06303918204064218,0.044384707510717956
10.062772873236545,10.040128975745963,0.06277287323654504,0.040128975745962574
10.062505827710865,10.04886422513901,0.06250582771086519,0.04886422513900997
10.062238048597731,10.024188284941408,0.06223804859773048,0.0241882849414077
10.061969539039879,10.020529233731825,0.061969539039878396,0.020529233731824185
10.061700302188619,10.062919975193967,0.061700302188618716,0.06291997519396657
10.061430341203797,10.068866785848108,0.06143034120379736,0.06886678584810738
10.061159659253759,10.03237169970988,0.06115965925375877,0.032371699709879964
10.060888259515309,10.063089128111267,0.06088825951530899,0.06308912811126763
10.060616145173677,10.068711465136648,0.06061614517367783,0.06871146513664743
10.060343319422483,10.044227317276349,0.06034331942248233,0.04422731727634795
10.06006978546369,10.042411229290714,0.06006978546368871,0.04241122929071311
10.059795546507575,10.025987426413117,0.05979554650757505,0.02598742641311634
10.059520605772693,10.049981815105168,0.059520605772693094,0.049981815105168775
10.059244966485831,10.068071271887861,0.059244966485831274,0.06807127188786116
10.058968631881976,10.043814928281378,0.058968631881976485,0.04381492828137862
10.058691605204276,10.036056698221762,0.058691605204275604,0.0360566982217618
10.058413889704,10.045939520030661,0.05841388970399833,0.04593952003066082
10.058135488640499,10.053897812849046,0.05813548864049848,0.05389781284904653
10.057856405281177,10.085064389329263,0.05785640528117597,0.08506438932926313
10.057576642901438,10.057462181391914,0.057576642901437915,0.05746218139191386
10.057296204784661,10.034205036180147,0.057296204784661076,0.034205036180147794
10.057015094222153,10.057104569875698,0.0570150942221527,0.05710456987569799
10.056733314513112,10.047767412705149,0.05673331451311221,0.04776741270514926
10.056450868964593,10.089282823571999,0.05645086896459192,0.08928282357199925
10.056167760891459,10.0604957453369,0.056167760891459056,0.060495745336899456
10.055883993616357,10.061282062338714,0.05588399361635646,0.06128206233871418
10.055599570469663,10.046654193603846,0.05559957046966307,0.046654193603846594
10.055314494789457,10.017598804371271,0.05531449478945586,0.017598804371272044
10.05502876992147,10.054332536509692,0.05502876992146993,0.05433253650969149
10.054742399219059,10.084826346650322,0.054742399219059615,0.08482634665032253
10.05445538604316,10.0585531143946,0.054455386043158485,0.05855311439460026
10.054167733762242,10.07881517550808,0.05416773376224088,0.07881517550808025
10.053879445752282,10.06089495871661,0.05387944575228165,0.060894958716608584
10.053590525396716,10.069741876498288,0.05359052539671697,0.0697418764982877
10.053300976086405,10.091279417959816,0.05330097608640393,0.09127941795981598
10.053010801219582,10.094260601728145,0.05301080121958168,0.09426060172814502
10.05272000420183,10.050236900327432,0.052720004201831094,0.050236900327432644
10.052428588446034,10.064300914038093,0.052428588446034353,0.06430091403809286
10.052136557372336,10.068255764696247,0.05213655737233578,0.06825576469624622
10.051843914408101,10.041948443859502,0.0518439144081011,0.04194844385950196
10.051550662987877,10.070526053088358,0.051550662987877555,0.07052605308835865
10.051256806553353,10.03206553910208,0.05125680655335291,0.032065539102080154
10.050962348553316,10.056133807486813,0.050962348553316064,0.05613380748681297
10.050667292443617,10.06006923109618,0.050667292443615876,0.06006923109618138
10.050371641687121,10.029938038324147,0.05037164168712101,0.02993803832414614
10.050075399753679,10.059574931690157,0.050075399753678564,0.0595749316901574
10.049778570120074,10.042722717074227,0.04977857012007437,0.042722717074226355
10.04948115626999,10.031052229193943,0.04948115626999169,0.031052229193943168
10.04918316169397,10.019403050055232,0.04918316169396984,0.019403050055231814
10.048884589889365,10.04427063275273,0.0488845898893642,0.044270632752729404
10.048585444360304,10.022283272864046,0.048585444360304514,0.022283272864045803
10.048285728617653,10.035863036053208,0.04828572861765409,0.035863036053206995
10.047985446178968,10.046294748984234,0.04798544617896796,0.04629474898423493
10.047684600568452,10.075277276365297,0.04768460056845256,0.07527727636529638
10.047383195316923,10.02116163688312,0.04738319531692372,0.02116163688312007
10.047081233961766,10.02578903605776,0.04708123396176553,0.025789036057760565
10.046778720046888,10.065334802289868,0.04677872004688823,0.06533480228986896
10.046475657122688,10.065964785690191,0.04647565712268753,0.06596478569019092
10.046172048746003,10.031875738554795,0.046172048746002475,0.031875738554795294
10.045867898480074,10.014538260906912,0.045867898480073256,0.014538260906911342
10.0455632098945,10.074335578829034,0.045563209894500294,0.07433557882903434
10.045257986565202,10.065553719938388,0.04525798656520174,0.0655537199383873
10.044952232074372,10.032514289666523,0.04495223207437182,0.03251428966652256
10.044645950010437,10.040417221372804,0.04464595001043817,0.040417221372804055
10.04433914396802,10.019040167334703,0.04433914396802065,0.019040167334702974
10.04403181754789,10.050595489878575,0.04403181754788851,0.05059548987857442
10.043723974356919,10.046456561982774,0.04372397435691852,0.04645656198277356
10.043415618008051,10.023318803495707,0.04341561800805192,0.023318803495706864
10.043106752120252,10.062441064280545,0.043106752120253,0.06244106428054595
10.042797380318467,10.055033587627907,0.04279738031846618,0.05503358762790712
10.042487506233574,10.031737999539331,0.04248750623357294,0.03173799953933175
10.04217713350235,10.064664287440188,0.042177133502350195,0.0646642874401885
10.041866265767426,10.080557077938884,0.04186626576742696,0.080557077938884
10.041554906677241,9.998296845566681,0.04155490667724194,-0.001703154433318435
10.041243059886,10.048718815839393,0.041243059886000036,0.04871881583939266
10.040930729053631,10.045110764554465,0.04093072905363045,0.04511076455446506
10.040617917845744,10.037310255473738,0.04061791784574324,0.0373102554737374
10.040304629933585,10.056271062335549,0.04030462993358581,0.05627106233554913
10.039990868994002,10.060258875309199,0.03999086899400078,0.06025887530919857
10.039676638709382,10.0626598606126,0.039676638709382234,0.06265986061259923
10.039361942767632,10.051312840145204,0.03936194276763276,0.05131284014520491
10.03904678486212,10.015770770652667,0.039046784862119585,0.015770770652666005
10.038731168691632,10.014684123797416,0.03873116869163215,0.014684123797416574
10.038415097960337,9.98741533665623,0.038415097960338075,-0.012584663343768739
10.03809857637774,10.025434868916546,0.03809857637774002,0.025434868916547206
10.037781607658632,10.0499553362081,0.037781607658631464,0.049955336208099554
10.037464195523054,10.054832535868426,0.03746419552305412,0.054832535868425805
10.037146343696254,10.017575172664968,0.03714634369625377,0.017575172664966724
10.036828055908636,10.042586077986725,0.03682805590863604,0.0425860779867247
10.036509335895724,10.03444982428947,0.036509335895723645,0.03444982428947146
10.036190187398113,10.042324241473954,0.03619018739811184,0.04232424147395426
10.035870614161425,10.016044988776887,0.03587061416142489,0.0160449887768874
10.035550619936272,10.074294698626993,0.03555061993627141,0.07429469862699356
10.035230208478202,10.000097335816736,0.03523020847820138,9.733581673645325e-05
10.034909383547662,10.034662289668201,0.034909383547661384,0.03466228966820169
10.03458814890995,10.026900111024007,0.034588148909950794,0.02690011102400661
10.034266508335177,10.025741430168749,0.03426650833517696,0.025741430168749326
10.033944465598212,10.042335990437229,0.0339444655982119,0.042335990437229194
10.033622024478648,10.047648797243204,0.03362202447864756,0.0476487972432042
10.03329918876075,10.032180107970987,0.03329918876075091,0.03218010797098626
10.03297596223342,10.0453446216006,0.03297596223342053,0.04534462160060009
10.032652348690142,10.043976356646946,0.032652348690141546,0.043976356646944756
10.03232835192894,10.0205177985019,0.03232835192894133,0.020517798501898683
10.032003975752344,10.008147565668223,0.032003975752344344,0.008147565668223125
10.031679223967329,10.045194858340427,0.03167922396732848,0.045194858340426636
10.031354100385279,10.044799421933543,0.031354100385279714,0.04479942193354333
10.031028608821948,10.055383464362707,0.03102860882194773,0.055383464362706775
10.030702753097401,10.0439265427039,0.03070275309740042,0.04392654270389974
10.03037653703598,10.041119940845311,0.030376537035980117,0.04111994084531138
10.030049964466258,10.003188327744057,0.030049964466258162,0.003188327744058226
10.02972303922099,10.03798000898426,0.029723039220989473,0.037980008984260544
10.02939576513707,10.050623269639798,0.029395765137068604,0.05062326963979821
10.029068146055485,10.024343638894138,0.029068146055483992,0.024343638894136946
10.028740185821274,10.053644576915943,0.028740185821273263,0.053644576915943314
10.028411888283477,10.054835220997388,0.028411888283477394,0.05483522099738862
10.028083257295096,10.004674483978112,0.028083257295096573,0.004674483978112473
10.027754296713045,10.02317178765859,0.027754296713044288,0.023171787658590584
10.027425010398103,10.05905902029868,0.02742501039810242,0.059059020298679814
10.027095402214876,10.000741367627873,0.027095402214875233,0.000741367627873378
10.026765476031745,10.016571511717096,0.026765476031745047,0.016571511717095505
10.026435235720827,9.992265234892411,0.02643523572082633,-0.0077347651075885815
10.02610468515792,9.976251262922615,0.02610468515791973,-0.023748737077385423
10.025773828222468,9.997443215068,0.025773828222467626,-0.0025567849320013505
10.025442668797508,9.99306443090083,0.025442668797507912,-0.006935569099169519
10.025111210769628,10.05434212271441,0.025111210769628745,0.054342122714408664
10.024779458028922,10.012435436504214,0.024779458028922282,0.012435436504213962
10.02444741446894,10.032286881461308,0.024447414468940023,0.03228688146130886
10.024115083986647,10.017093878915611,0.02411508398664644,0.01709387891561197
10.023782470482374,10.015542470081435,0.023782470482373592,0.015542470081434981
10.023449577859775,10.036697764893841,0.02344957785977465,0.03669776489384024
10.023116410025779,10.027068610407559,0.023116410025779115,0.027068610407559587
10.022782970890546,10.033288314518984,0.02278297089054646,0.033288314518983605
10.02244926436742,10.031135771664271,0.022449264367419713,0.031135771664271242
10.022115294372881,10.038792686542758,0.022115294372880557,0.03879268654275704
10.021781064826502,10.009602299644055,0.0217810648265027,0.009602299644054815
10.021446579650906,10.021583987053827,0.021446579650906183,0.02158398705382754
10.021111842771711,10.033549914499927,0.02111184277171069,0.03354991449992684
10.02077685811749,9.981571678817796,0.020776858117490478,-0.018428321182205012
10.020441629619727,10.004222666081247,0.020441629619727605,0.004222666081247186
10.020106161212766,10.008809247902542,0.020106161212766115,0.00880924790254156
10.019770456833765,10.00624615821945,0.019770456833765188,0.006246158219450005
10.019434520422655,9.998799524146781,0.01943452042265396,-0.0012004758532180512
10.019098355922084,10.000862589471206,0.01909835592208477,0.0008625894712055472
10.018761967277387,10.007473346998175,0.018761967277386358,0.00747334699817504
10.018425358436518,10.009599112451571,0.018425358436518612,0.009599112451571674
10.018088533350026,10.023716156838468,0.018088533350025537,0.023716156838467187
10.01775149597099,10.009397698747087,0.017751495970989236,0.009397698747085998
10.017414250254983,10.022636781423982,0.017414250254982815,0.02263678142398161
10.017076800160025,10.014444542412091,0.01707680016002502,0.014444542412091555
10.016739149646533,10.037209399771097,0.016739149646533058,0.03720939977109766
10.016401302677277,10.030911539388704,0.016401302677276505,0.030911539388703384
10.01606326321733,10.010809154492923,0.01606326321733006,0.010809154492923473
10.015725035234029,10.03436420059164,0.015725035234028094,0.034364200591639464
10.015386622696917,10.024632884203795,0.015386622696917521,0.024632884203795547
10.015048029577711,10.002877272347403,0.015048029577710731,0.0028772723474029815
10.01470925985024,10.03249536388503,0.014709259850239999,0.03249536388502971
10.01437031749041,10.02781316000886,0.01437031749041015,0.027813160008860388
10.014031206476153,10.040220522258693,0.014031206476152256,0.04022052225869251
10.013691930787376,9.994909320969155,0.013691930787376237,-0.00509067903084501
10.013352494405925,10.025351364988355,0.013352494405925211,0.02535136498835548
10.013012901315529,10.022059753148127,0.013012901315528068,0.02205975314812699
10.012673155501753,10.009354807169442,0.01267315550175304,0.00935480716944231
10.01233326095196,10.010356147632233,0.012333260951960252,0.010356147632233477
10.011993221655256,10.002493432252265,0.011993221655255971,0.002493432252265228
10.011653041602445,10.00884126684212,0.011653041602445246,0.008841266842121043
10.011312724785984,10.015312043115607,0.011312724785984565,0.015312043115607589
10.010972275199936,10.018366489697089,0.010972275199936037,0.018366489697088723
10.01063169683992,9.993131119300967,0.010631696839919824,-0.0068688806990334465
10.010290993703068,10.038996734031436,0.010290993703067592,0.038996734031435595
10.009950169787976,10.034990026351194,0.009950169787974899,0.03499002635119346
10.009609229094655,10.012558298074826,0.009609229094655322,0.012558298074826026
10.009268175624493,10.053481670642865,0.00926817562449298,0.053481670642865874
10.008927013380195,10.011998736686188,0.00892701338019505,0.0119987366861884
10.008585746365746,10.017847386807318,0.008585746365745843,0.01784738680731748
10.00824437858636,9.991178618655718,0.008244378586359109,-0.008821381344282548
10.007902914048431,10.000926559225809,0.007902914048431381,0.00092655922580778
10.007561356759494,10.021269405904839,0.0075613567594942505,0.021269405904838272
10.007219710728169,9.98662756135195,0.007219710728168394,-0.013372438648049257
10.006877979964116,10.019232290005217,0.006877979964115818,0.019232290005217534
10.006536168477993,10.035096858499523,0.006536168477993154,0.03509685849952404
10.006194280281404,10.025875315674295,0.006194280281403886,0.02587531567429469
10.005852319386852,10.052805740749196,0.00585231938685232,0.05280574074919626
10.005510289807695,10.024124408409792,0.005510289807695973,0.024124408409791718
10.005168195558097,9.980962833142042,0.005168195558097931,-0.019037166857957505
10.004826040652981,10.001811039401694,0.004826040652980805,0.0018110394016935894
10.00448382910798,9.98728924799041,0.0044838291079788975,-0.01271075200959133
10.004141564939392,10.020277455812401,0.0041415649393914365,0.02027745581240148
10.003799252164134,10.027113994362745,0.003799252164134721,0.02711399436274472
10.003456894799696,10.018759295306774,0.003456894799696044,0.018759295306774133
10.003114496864086,10.011513982666155,0.0031144968640858355,0.011513982666154913
10.00277206237579,9.992455938809222,0.0027720623757908577,-0.007544061190778295
10.002429595353727,10.029793663785977,0.0024295953537263344,0.029793663785976587
10.00208709981719,9.993655780742177,0.0020870998171898464,-0.006344219257823786
10.001744579785814,10.00340552977509,0.0017445797858136312,0.003405529775090769
10.001402039279517,9.997792867677049,0.0014020392795168716,-0.0022071323229502626
10.00105948231846,9.974292769852916,0.0010594823184595828,-0.02570723014708333
10.000716912922995,10.009989778655397,0.0007169129229947208,0.00998977865539723
10.000374335113621,10.038161483108027,0.0003743351136213534,0.038161483108027416
10.000031752910937,9.96451673386627,3.175291093676325e-05,-0.03548326613373014
9.999689170335591,10.015182064151208,-0.00031082966440967256,0.01518206415120752
9.999346591408235,10.02723558090984,-0.0006534085917643808,0.027235580909839956
9.999004020149483,10.015957624296835,-0.000995979850516425,0.015957624296835022
9.998661460579855,10.006717728320313,-0.0013385394201454023,0.00671772832031234
9.998318916719732,10.006995701445005,-0.001681083280267564,0.006995701445005199
9.997976392589317,10.013891896143814,-0.002023607410683533,0.013891896143813965
9.997633892208574,10.018790382609062,-0.0023661077914260194,0.018790382609061962
9.997291419597195,10.001072060576233,-0.0027085804028059326,0.0010720605762325089
9.99694897877454,10.006219816534486,-0.0030510212254602712,0.006219816534485391
9.996606573759601,10.01767394947938,-0.003393426240398937,0.017673949479381165
9.996264208570947,10.025392787436036,-0.0037357914290526146,0.025392787436036648
9.99592188722668,10.00163504108533,-0.004078112773318871,0.0016350410853294911
9.99557961374439,9.998515717892602,-0.00442038625561002,-0.001484282107398096
9.9952373921411,9.97191271409926,-0.004762607858899922,-0.028087285900741086
9.994895226433227,10.00849248745753,-0.005104773566771835,0.008492487457530395
9.994553120636535,9.993560526887014,-0.0054468793634644954,-0.0064394731129860765
9.99421107876608,10.017583622567287,-0.00578892123391977,0.01758362256728603
9.99386910483617,10.024921142129955,-0.006130895163830319,0.024921142129954266
9.993527202860314,10.024101715195185,-0.00647279713968564,0.02410171519518423
9.99318537685118,9.948877758221446,-0.006814623148819883,-0.05112224177855335
9.992843630820541,10.003816903349382,-0.007156369179458591,0.0038169033493821412
9.992501968779234,10.00485625318324,-0.007498031220766488,0.004856253183240404
9.992160394737107,9.98262293649674,-0.007839605262893491,-0.017377063503259682
9.991818912702978,9.965940075342997,-0.008181087297022481,-0.034059924657002756
9.991477526684584,10.012051154253168,-0.008522473315415996,0.012051154253168493
9.991136240688537,9.967701913464525,-0.008863759311463975,-0.03229808653547531
9.99079505872027,10.017212915823386,-0.009204941279729715,0.0172129158233855
9.990453984784002,9.964622698489734,-0.00954601521599742,-0.0353773015102654
9.99011302288268,9.99971459186739,-0.009886977117319718,-0.0002854081326099014
9.989772177017937,10.007033131767143,-0.010227822982063586,0.007033131767142804
9.989431451190041,10.007197090589177,-0.010568548809958013,0.007197090589177129
9.98909084939786,10.025833457511416,-0.010909150602140604,0.02583345751141657
9.988750375638794,10.001868398579134,-0.011249624361205217,0.001868398579133547
9.988410033908751,10.005667862682825,-0.01158996609124781,0.0056678626828258385
9.988069828202086,9.988178962571443,-0.011930171797914056,-0.011821037428556792
9.987729762511554,9.9819433235957,-0.01227023748844586,-0.018056676404299147
9.987389840828271,9.976487321336451,-0.01261015917172893,-0.02351267866354948
9.987050067141661,9.98408232636688,-0.012949932858338559,-0.01591767363312126
9.986710445439414,9.996886558396675,-0.01328955456058697,-0.0031134416033259758
9.986370979707429,9.961315421008276,-0.013629020292570652,-0.03868457899172448
9.986031673929784,9.98009148646041,-0.01396832607021608,-0.01990851353958998
9.985692532088672,9.985231669946115,-0.01430746791132718,-0.014768330053884069
9.985353558164368,10.012376351463848,-0.014646441835631706,0.012376351463848557
9.985014756135172,9.98717771391031,-0.01498524386482867,-0.01282228608969031
9.984676129977366,9.943147464095668,-0.01532387002263396,-0.05685253590433136
9.984337683665172,10.017334707981611,-0.015662316334827727,0.01733470798161078
9.983999421170699,9.998327200186992,-0.016000578829300675,-0.0016727998130073012
9.983661346463899,9.979777203447389,-0.016338653536101363,-0.02022279655261045
9.983323463512518,9.99303130192096,-0.01667653648748176,-0.006968698079041314
9.982985776282055,10.002644605169232,-0.01701422371794434,0.002644605169231592
9.98264828873571,9.976872883449682,-0.01735171126428914,-0.02312711655031828
9.98231100483434,9.964111129308085,-0.017688995165659232,-0.035888870691915334
9.981973928536412,9.975876011358308,-0.018026071463587888,-0.02412398864169207
9.981637063797955,9.93360679480301,-0.018362936202044714,-0.0663932051969904
9.981300414572518,9.986936666327297,-0.018699585427482766,-0.013063333672702158
9.980963984811115,9.969054305439284,-0.019036015188883898,-0.0309456945607164
9.980627778462194,10.008004829649098,-0.019372221537805837,0.008004829649096833
9.980291799471571,9.971226042126435,-0.019708200528428175,-0.028773957873565258
9.9799560517824,9.988274267202883,-0.02004394821759937,-0.011725732797118285
9.979620539335118,9.982547776696835,-0.020379460664881985,-0.017452223303165655
9.9792852660674,9.99125016513813,-0.02071473393259945,-0.00874983486187097
9.978950235914118,9.942900191444242,-0.021049764085882806,-0.05709980855575754
9.978615452807285,9.991100803030012,-0.021384547192715833,-0.008899196969987906
9.978280920676019,9.966232732785711,-0.021719079323981896,-0.03376726721428834
9.97794664344649,10.00980602791267,-0.022053356553509717,0.00980602791266991
9.97761262504188,9.98394960972151,-0.02238737495812014,-0.01605039027849116
9.977278869382328,9.969132755355803,-0.022721130617671143,-0.030867244644196254
9.976945380384896,9.96678455509645,-0.023054619615104348,-0.033215444903550544
9.976612161963509,9.99421488130425,-0.02338783803649154,-0.005785118695749776
9.976279218028921,9.980226135658903,-0.02372078197107953,-0.019773864341096927
9.975946552488663,10.026638481844216,-0.024053447511336777,0.026638481844216556
9.975614169247,10.029866045770712,-0.024385830752998883,0.02986604577071182
9.975282072204886,9.992731063295007,-0.024717927795115113,-0.007268936704992918
9.974950265259906,9.962070915582178,-0.02504973474009313,-0.03792908441782276
9.974618752306254,9.945978231162774,-0.025381247693745453,-0.05402176883722579
9.974287537234666,9.977314815702721,-0.025712462765334784,-0.02268518429727839
9.973956623932379,9.97978373266818,-0.02604337606762039,-0.02021626733181982
9.973626016283097,9.947678067989601,-0.02637398371690268,-0.052321932010398586
9.97329571816693,9.938535024967626,-0.026704281833069277,-0.06146497503237438
9.97296573346036,9.982884685588262,-0.027034266539641125,-0.017115314411737116
9.972636066036182,9.961396344819894,-0.027363933963816894,-0.03860365518010582
9.97230671976348,9.984416467849922,-0.02769328023651918,-0.015583532150078539
9.97197769850756,9.98150577955114,-0.028022301492439512,-0.018494220448859296
9.971649006129915,9.944945982147647,-0.02835099387008444,-0.05505401785235278
9.97132064648818,9.983477737196969,-0.028679353511819824,-0.016522262803030825
9.970992623436084,9.9556760484847,-0.029007376563916772,-0.044323951515300136
9.970664940823404,9.992330827582364,-0.02933505917659654,-0.007669172417635612
9.970337602495924,9.971867579389176,-0.029662397504076413,-0.028132420610824146
9.970010612295386,9.976274201016285,-0.029989387704613776,-0.023725798983715327
9.969683974059448,9.93877562478661,-0.030316025940551758,-0.061224375213390164
9.969357691621635,9.997385005459424,-0.030642308378364753,-0.002614994540575573
9.969031768811298,9.988428222929345,-0.030968231188702407,-0.011571777070654706
9.968706209453565,9.957094072719249,-0.031293790546435225,-0.04290592728075094
9.968381017369301,9.969633197453604,-0.03161898263069914,-0.0303668025463955
9.96805619637506,9.988147621124991,-0.03194380362494103,-0.011852378875008902
9.967731750283038,9.966461981539938,-0.032268249716962474,-0.03353801846006191
9.967407682901035,9.98197104801015,-0.0325923170989652,-0.018028951989849863
9.967083998032404,9.9583254043547,-0.03291600196759543,-0.041674595645301314
9.96676069947601,9.985247457757309,-0.033239300523989164,-0.014752542242691381
9.966437791026184,9.965094914761199,-0.033562208973815795,-0.03490508523880195
9.966115276472676,9.967820609180785,-0.03388472352732312,-0.03217939081921385
9.965793159600617,9.982679973569766,-0.03420684039938232,-0.01732002643023448
9.965471444190468,9.988134683484247,-0.034528555809531396,-0.011865316515753076
9.96515013401798,9.949968757135414,-0.03484986598202019,-0.05003124286458584
9.964829232854145,9.937440846072922,-0.035170767145854355,-0.06255915392707816
9.96450874446516,9.980685231396365,-0.035491255534840324,-0.01931476860363624
9.964188672612371,9.947461355769947,-0.035811327387628454,-0.0525386442300526
9.963869021052242,9.948748295607144,-0.03613097894775788,-0.0512517043928549
9.9635497935363,9.96211041200988,-0.03645020646370026,-0.03788958799012039
9.963230993811095,9.958750002004678,-0.03676900618890444,-0.04124999799532263
9.962912625618161,9.953787799225209,-0.037087374381839476,-0.04621220077479117
9.96259469269396,9.959049109373217,-0.037405307306038985,-0.04095089062678277
9.962277198769854,9.965813048263344,-0.03772280123014556,-0.03418695173665574
9.961960147572047,9.95816826729493,-0.038039852427953526,-0.04183173270507026
9.961643542821546,9.975173555278706,-0.038356457178453346,-0.02482644472129416
9.961327388234125,9.964781734434066,-0.03867261176587494,-0.035218265565933396
9.961011687520267,9.97123118026141,-0.038988312479732,-0.028768819738589524
9.960696444385135,9.94102135268399,-0.03930355561486452,-0.05897864731601016
9.960381662528517,9.96968793887564,-0.03961833747148292,-0.030312061124359885
9.96006734564479,9.984306734656986,-0.03993265435521118,-0.015693265343013584
9.959753497422868,9.959773032178163,-0.04024650257713083,-0.040226967821837205
9.959440121546177,9.977976557706278,-0.04055987845382328,-0.022023442293721725
9.959127221692587,9.98588928560711,-0.04087277830741351,-0.014110714392891001
9.958814801534386,9.955435759334403,-0.04118519846561373,-0.04456424066559645
9.958502864738234,10.015959200697086,-0.041497135261765544,0.015959200697085757
9.958191414965116,9.940237914222749,-0.04180858503488359,-0.05976208577725098
9.957880455870303,9.917404182235394,-0.04211954412969819,-0.0825958177646051
9.9575699911033,9.960668915363065,-0.04243000889669891,-0.039331084636935174
9.957260024307823,9.962934997443295,-0.0427399756921764,-0.037065002556704925
9.956950559121735,9.972083473201057,-0.04304944087826583,-0.0279165267989431
9.956641599177011,9.9705662541772,-0.04335840082298925,-0.029433745822799333
9.9563331480997,9.968378764069655,-0.04366685190029884,-0.031621235930344396
9.956025209509882,9.917907137145908,-0.04397479049011856,-0.08209286285409179
9.955717787021612,9.9950409079538,-0.04428221297838703,-0.004959092046199799
9.9554108842429,9.973471015958943,-0.04458911575710052,-0.02652898404105798
9.955104504775646,9.935846720722319,-0.04489549522435426,-0.06415327927768173
9.954798652215615,9.963186907413714,-0.04520134778438539,-0.03681309258628564
9.954493330152385,9.96791876781053,-0.045506669847614846,-0.032081232189470024
9.95418854216931,9.98114633811343,-0.04581145783069011,-0.018853661886570373
9.953884291843474,9.945257095968724,-0.0461157081565263,-0.054742904031275186
9.953580582745651,9.922840927997978,-0.04641941725434881,-0.0771590720020213
9.953277418440265,9.960763164432374,-0.04672258155973491,-0.03923683556762735
9.952974802485343,9.962152340363994,-0.04702519751465616,-0.03784765963600626
9.952672738432481,9.981135457442635,-0.04732726156751929,-0.01886454255736552
9.952371229826792,9.951516187974704,-0.04762877017320831,-0.04848381202529518
9.952070280206874,9.945573973735064,-0.047929719793126574,-0.05442602626493694
9.951769893104762,9.971648712000377,-0.048230106895237435,-0.028351287999623456
9.951470072045893,9.960003555049616,-0.04852992795410624,-0.03999644495038365
9.95117082054906,9.95701899391762,-0.048829179450941465,-0.04298100608238068
9.950872142126363,9.959894169729855,-0.049127857873636605,-0.04010583027014537
9.95057404028319,9.950799319525004,-0.04942595971681046,-0.04920068047499632
9.950276518518152,9.97955257210848,-0.04972348148184887,-0.0204474278915198
9.949979580323054,9.960636768197908,-0.05002041967694554,-0.03936323180209126
9.949683229182856,9.951873853522216,-0.050316770817143565,-0.04812614647778411
9.949387468575624,9.948479453046488,-0.05061253142437544,-0.051520546953511416
9.949092301972495,9.951629105263907,-0.05090769802750433,-0.04837089473609355
9.948797732837635,9.964353534726932,-0.05120226716236529,-0.03564646527306778
9.948503764628194,9.942957434945297,-0.051496235371804956,-0.05704256505470279
9.948210400794277,9.926464964706286,-0.051789599205722785,-0.07353503529371432
9.947917644778888,9.9368875586243,-0.05208235522111121,-0.06311244137570088
9.947625500017903,9.956477556995392,-0.05237449998209667,-0.04352244300460906
9.94733396994002,9.953709380820179,-0.052666030059979,-0.046290619179821184
9.947043057966727,9.95222211614515,-0.05295694203327216,-0.047777883854850475
9.946752767512255,9.986250223339326,-0.05324723248774482,-0.013749776660673375
9.946463101983541,9.96084258146893,-0.053536898016459535,-0.03915741853107099
9.946174064780188,9.95408781265501,-0.053825935219813326,-0.04591218734498994
9.945885659294422,9.938213883619104,-0.05411434070557728,-0.061786116380895595
9.945597888911063,9.917988914470586,-0.05440211108893698,-0.08201108552941405
