Actual_Level,Predicted_Level,Actual_DeltaH,Predicted_DeltaH
0.4060611006382231,0.41119198061715173,0.0,0.008459239366662876
0.48636395860647924,0.467065816140482,0.08030285796825615,0.07913822626088013
0.49565182580963296,0.5131630647390691,0.009287867203153721,0.0029522946627627764
0.722292548354063,0.707589933441474,0.22664072254443002,0.2256802966960769
0.619431817565967,0.6189251967538868,-0.10286073078809599,-0.11301513862982204
0.4566654684952907,0.46640016369909626,-0.16276634907067628,-0.15824794046273152
0.3835175537627899,0.38840328978517064,-0.07314791473250082,-0.07825256600830965
0.5776323787073381,0.5716900169054268,0.19411482494454818,0.18281089348944793
0.5256422973581332,0.5403567198368125,-0.05199008134920491,-0.032467518143806995
0.5007453239165497,0.49993124219794455,-0.02489697344158348,-0.030493836179061647
0.5054752402112387,0.5119170944071262,0.004729916294688996,0.0024005245483965307
0.4873584649889553,0.47974109951909233,-0.018116775222283388,-0.010527068546167756
0.5333339302489638,0.5461212241118274,0.04597546526000851,0.039285266601117134
0.5063210579572642,0.5384172410430794,-0.027012872291699574,-0.024167699346365482
0.589435183093916,0.6030367093988069,0.08311412513665173,0.08551688144703029
0.5041300734613506,0.515458415612814,-0.08530510963256532,-0.08911898678357805
0.528519391782545,0.4919397370933049,0.024389318321194398,0.03043286050719775
0.5783175444125265,0.5982858427984328,0.04979815262998144,0.045957812228881796
0.5246789720195155,0.5118430161208884,-0.05363857239301095,-0.059401303208475476
0.45947462427726843,0.48312368805972744,-0.06520434774224709,-0.061642688469493376
0.5066367456958474,0.5005936629619671,0.04716212141857895,0.04893571136008877
0.5409678763459193,0.5346490723440155,0.03433113065007187,0.03765403279923278
0.48620689999454614,0.48117103107756143,-0.054760976351373114,-0.03392992990176098
0.547001092269583,0.5792861586712105,0.06079419227503691,0.06124796729444715
0.496194748150125,0.5099200737187685,-0.05080634411945806,-0.05129626772962123
0.4610642423103406,0.4806994259854085,-0.03513050583978439,-0.02640196686201069
0.41720768823844245,0.39476212739999916,-0.043856554071898146,-0.024995812567274078
0.5224124825793356,0.5176008580192906,0.10520479434089314,0.11141340372999388
0.43126339068565284,0.42151989056359196,-0.09114909189368275,-0.09507712577236375
0.5685594989427218,0.5536563071668321,0.137296108257069,0.14850008987040517
0.5443817242828022,0.5267654712038415,-0.02417777465991966,-0.023551765813135613
0.47350355583641235,0.42496669937658044,-0.07087816844638983,-0.07966261335138212
0.5159769494808729,0.48886439344215116,0.042473393644460566,0.048024068882086095
0.5100346511006959,0.5369165645900863,-0.0059422983801770135,-0.016953606548126283
0.531635828219572,0.5154363753960988,0.021601177118876103,0.042673214958582034
0.47289329850379697,0.47736931324318593,-0.05874252971577504,-0.06385046427873467
0.43942705982713387,0.41962975770036914,-0.033466238676663096,-0.027282991806213675
0.5565099299383427,0.5710730830045792,0.11708287011120883,0.11046797306528026
0.3387317502236403,0.35495990303089,-0.21777817971470237,-0.21665397823383287
0.5569262094344609,0.5458939420952897,0.2181944592108206,0.20282575748586334
0.5459149817031861,0.5036839319061488,-0.01101122773127483,-0.03125037236371042
0.501974328937453,0.503911297785959,-0.04394065276573311,-0.04602229865426717
0.5189261682194056,0.49697240413972216,0.016951839281952652,0.008948736249705205
0.5135342254266546,0.5006904899827517,-0.005391942792751014,0.013181326394681822
0.48229818705711464,0.4725848231367686,-0.031236038369539976,-0.028667491771868562
0.5431889848299777,0.5367163361318706,0.06089079777286305,0.07021417997252148
0.6056015211413885,0.6217896094158203,0.06241253631141086,0.05267700445207883
0.4611651246502406,0.47660120674663353,-0.14443639649114792,-0.1486920718305504
0.5505042806296311,0.5475045938677183,0.08933915597939046,0.0955677290418661
0.5682729145236861,0.5794878120754752,0.01776863389405503,0.005176357290802357
0.5718756782361474,0.5882796635999159,0.0036027637124612655,0.008255818220826834
0.6038255145057196,0.587512919062455,0.03194983626957226,0.03927666013655573
0.5237188499890271,0.5245480126141033,-0.08010666451669257,-0.07825197630529712
0.5268177619263177,0.5352980771441115,0.003098911937290616,-0.0031778049203052853
0.5648725232621666,0.5749273321301169,0.03805476133584895,0.023471696632966763
0.5841747858515198,0.5899297612330132,0.019302262589353192,-0.003667667997146108
0.6339431001309145,0.6511011671317283,0.049768314279394654,0.03612237997190703
0.47437545405031223,0.44051196882898563,-0.15956764608060225,-0.15462613070358638
0.5212009791865329,0.5322529006559602,0.046825525136220625,0.04541148734891405
0.5565684200171042,0.5182651677800675,0.035367440830571306,0.03877657367738413
0.47972497446096607,0.5054560889466185,-0.07684344555613809,-0.06980637567718888
0.47445360037930656,0.49976797668020945,-0.005271374081659508,-0.0025749928300597283
0.5106097392871557,0.5281675032515606,0.036156138907849134,0.04464370713163715
0.6430898602567852,0.6145671973478446,0.13248012096962947,0.11734393243694123
0.4894952226828232,0.45863824246556345,-0.15359463757396197,-0.14804839807065995
0.5320049373540011,0.5375050325636579,0.04250971467117792,0.055178065806384444
0.47131994240902797,0.4647220085476438,-0.06068499494497315,-0.07166834171835912
0.5168337297336002,0.5128026218799969,0.04551378732457223,0.0651424183214816
0.5400069069274922,0.568554763755979,0.023173177193892003,0.02835859395783187
0.5860010042250645,0.5882465269810454,0.04599409729757231,0.044579166604773166
0.5468245607162979,0.5704478983340134,-0.03917644350876659,-0.05091054360555901
0.6013895084372325,0.5806368542293712,0.054564947720934565,0.035390178135299155
0.5564559653574939,0.5837314986379992,-0.044933543079738625,-0.04667178757012762
0.5159138788210836,0.49888785193736385,-0.04054208653641023,-0.05857881229094839
0.3874234218148428,0.3752176018421439,-0.12849045700624084,-0.12314330405598725
0.4412131138819114,0.40793450089166505,0.05378969206706863,0.06686479348082722
0.6022018903475637,0.6304749302119041,0.16098877646565224,0.17500173414098769
0.39770490462149855,0.4314293560497105,-0.20449698572606512,-0.19386276412284767
0.6084575203842829,0.556074846258385,0.21075261576278437,0.215144106983334
0.5831575448790529,0.5689818208957771,-0.02529997550523,-0.026783341396353195
0.49883932408496245,0.4988776004787651,-0.08431822079409046,-0.0769129845482705
0.5199661291137568,0.5233779871258389,0.021126805028794382,0.010480722672494636
0.5676400730693314,0.5746803774605544,0.04767394395557456,0.05627017910551291
0.5886661755620178,0.5693377737841447,0.021026102492686438,0.007812948733260279
0.45492919451534686,0.46936050057515644,-0.13373698104667098,-0.11646979510719324
0.4920932754428218,0.5011623042141111,0.03716408092747492,0.03918828068259566
0.5282507308700869,0.5188279336545012,0.03615745542726512,0.03075511700173197
0.5002120734581919,0.47361231526828834,-0.02803865741189504,-0.024649721444007608
0.5575507661370562,0.5562822527301895,0.05733869267886438,0.05128452741550571
0.5844697223235124,0.6152298709701635,0.026918956186456122,0.0011807487948034198
0.5219065186641385,0.5139209474459239,-0.06256320365937384,-0.06351575299634278
0.49362255363835944,0.48242194870760724,-0.028283965025779068,-0.022337891927652814
0.4776999778593911,0.4989372317593506,-0.01592257577896833,-0.023527270202791044
0.5940839202328493,0.6288092855390188,0.11638394237345817,0.11196220990721635
0.4338287250597904,0.44029268829024526,-0.16025519517305886,-0.1565856369212846
0.5266582404338644,0.5417518667751076,0.09282951537407402,0.08876807616615003
0.47693956647414537,0.49511983767319895,-0.04971867395971907,-0.025066827348974488
0.6218739957502835,0.6209800332030269,0.1449344292761381,0.14140799923504646
0.47055652936265496,0.48462037303512895,-0.1513174663876285,-0.15347325659435687
0.5801845381990823,0.5965233689872246,0.10962800883642737,0.10046342732059454
0.5390552676226902,0.5204872188098544,-0.04112927057639215,-0.0396160393641519
0.5701085670598156,0.5401764649681611,0.031053299437125426,0.04169961703539805
0.5839941136612138,0.6250028056188521,0.01388554660139818,0.018344126082631407
0.5733640207339054,0.55949397517747,-0.010630092927308432,-0.006171776662364329
0.5224581697285209,0.5278592578646304,-0.05090585100538447,-0.04982708547773512
0.5425865795120814,0.5180968933376391,0.020128409783560564,0.012355632694583302
0.4854219967544325,0.4801906107584373,-0.05716458275764896,-0.059704942666307034
0.5896100176190389,0.6268680698111881,0.10418802086460638,0.09353247390885581
0.5403839705557977,0.5209259532302623,-0.049226047063241185,-0.05318543237982507
0.5409540203757931,0.5306045753124156,0.0005700498199954218,-0.006018012565946457
0.5428348837800477,0.5389318959837488,0.0018808634042546402,-0.017652077594856774
0.5042004145370975,0.4880587256316219,-0.03863446924295022,-0.04526330887605907
0.5781347874020445,0.5970974112438913,0.07393437286494697,0.06012585196939334
0.5416724065216725,0.4973600771672527,-0.036462380880372014,-0.027242957471707345
0.6038100971114041,0.5984204511484924,0.06213769058973162,0.07226886962497023
0.5667358610041127,0.5674850455309168,-0.037074236107291436,-0.032817461902959866
0.5323112203739483,0.5500548506790656,-0.03442464063016437,-0.028910300632701787
0.5099478351151443,0.4772409449690885,-0.02236338525880399,0.0008179909140731967
0.44261489360512773,0.46440337952971095,-0.06733294151001656,-0.059521056394093434
0.48980226021100187,0.48336314119102897,0.04718736660587414,0.03780915036711118
0.5752463994886188,0.5869546241117612,0.0854441392776169,0.07193108827938718
0.6106752129863003,0.5721093495690227,0.035428813497681566,0.03930654482741467
0.6368373591930097,0.6262229547760332,0.026162146206709314,0.014501534020160746
0.5618757439833311,0.5360369644296961,-0.07496161520967859,-0.049177322312381117
0.576107570675224,0.5711518609004148,0.014231826691892935,0.02831579139467038
0.5684925601966038,0.5528273316376783,-0.007615010478620232,0.01302377778873062
0.48947900169554304,0.47634544616421537,-0.07901355850106073,-0.10185094151914892
0.5360219633908855,0.5416749420306327,0.046542961695342444,0.04727922054742989
0.49831551277841435,0.47176039039734413,-0.03770645061247113,-0.04604065731354015
0.43219399971654426,0.4379452993059603,-0.06612151306187009,-0.05307070709575057
0.6813492334075436,0.684308632063298,0.24915523369099934,0.2597513387147479
0.5762974393501773,0.5606812505685889,-0.10505179405736631,-0.09639533861378505
0.5234463309672277,0.5316819919699955,-0.052851108382949596,-0.050040042937609844
0.5104462413672736,0.4794944612745693,-0.013000089599954134,-0.01518740719321441
0.5634546824694072,0.5833429248933975,0.05300844110213365,0.04758728474770826
0.5971814511412031,0.5964944229156026,0.033726768671795915,0.05791230682670602
0.5535510897243957,0.537046898981521,-0.04363036141680743,-0.028930169876500864
0.5644569886371763,0.5808597198582448,0.010905898912780598,-0.006901032425800733
0.44023101472482074,0.45825689602705955,-0.12422597391235557,-0.13258141672836762
0.7406240985731556,0.743284571438031,0.30039308384833485,0.30539865238586505
0.5117860748343287,0.5648754831397435,-0.2288380237388269,-0.23185869652071744
0.5217921710114741,0.5258847457411993,0.01000609617714543,-0.004936957919016407
0.6165431388278516,0.6548963087058881,0.09475096781637748,0.11434759943505121
0.536432157685012,0.5577755138160969,-0.08011098114283965,-0.09609544255380671
0.541197566770813,0.5344642294808689,0.004765409085801031,0.02469137691862095
0.5300575868875984,0.5269372798590123,-0.011139979883214579,-0.0032723338340057122
0.5825020140190742,0.5489628313657954,0.05244442713147579,0.07090970552247754
0.5914657714560423,0.574195800260574,0.00896375743696809,0.02547284651640589
0.5760556131955952,0.5689320220674183,-0.015410158260447115,-0.013358441981144366
0.4780418365122472,0.48179244640543994,-0.09801377668334799,-0.11816642686082095
0.48645062836632413,0.4957277998307303,0.008408791854076947,0.014427802227130668
0.5612118696369691,0.5421748129321083,0.07476124127064498,0.0815514192622186
0.47117662332706667,0.46578332485166957,-0.09003524630990245,-0.10654744951304905
0.5195552698507209,0.5328535670180634,0.0483786465236542,0.05431326760293496
0.6285797822630176,0.6192491264000148,0.10902451241229671,0.09076960433782331
0.41280975342011217,0.45970846007968075,-0.21577002884290541,-0.21101811804325052
0.5721853923615867,0.587008598696091,0.15937563894147455,0.16592424861730143
0.47882492078699934,0.5194244970406858,-0.09336047157458738,-0.07287725559085248
0.5543027641751437,0.5873354375469353,0.07547784338814434,0.0785455453588329
0.5482228652120421,0.5453165420038494,-0.006079898963101571,-0.00283920902684222
0.49994750806794813,0.48438030985845804,-0.04827535714409398,-0.06641869987332771
0.5896717173635406,0.6182789370587765,0.0897242092955925,0.07913778373764181
0.5130505031292112,0.518032816803546,-0.07662121423432944,-0.08215554771242023
0.5552146921150811,0.5510702303434916,0.04216418898586993,0.058600290902277793
0.46888409804543024,0.4375737354142921,-0.08633059406965088,-0.06565477517104908
0.5491690962526075,0.5892500421544604,0.08028499820717722,0.08006613255771017
0.7081257609215663,0.7013268083090494,0.15895666466895886,0.1535555641841558
0.550197812649064,0.5390331304663026,-0.15792794827250234,-0.14952346393685367
0.48678507007559446,0.47665846635871256,-0.06341274257346952,-0.06524320279310056
0.5286294381849094,0.5302304297884461,0.04184436810931491,0.021379902165926206
0.5559960518010063,0.5754292041773648,0.027366613616096935,0.0013022551249178352
0.5200561021045547,0.5014951701484918,-0.035939949696451645,-0.04680079391903334
0.5639053899648544,0.5552837701672326,0.043849287860299735,0.04143564799171738
0.5574321949664924,0.5894359618469684,-0.006473194998361964,-0.002772650959773943
0.5622434753489044,0.5588997692466083,0.004811280382411964,-0.0008595972835049584
0.4919140009134703,0.4473570331476891,-0.07032947443543408,-0.06473165336534975
0.6276950449166806,0.6449298003252224,0.13578104400321028,0.11014863663376213
0.4457394718112912,0.42608535460343006,-0.1819555731053894,-0.20266642884120556
0.6236897303295881,0.6152062318317075,0.17795025851829688,0.1724668162414509
0.6014211991584694,0.6014351308217003,-0.02226853117111871,-0.03161727650042176
0.5103973621960192,0.5118300276921944,-0.0910238369624502,-0.10314717310541484
0.545053559721903,0.5633938907611613,0.03465619752588378,0.019462187018240908
0.5288351937703668,0.5310604386550132,-0.01621836595153614,-0.004093316074080018
0.5421936645122534,0.5317239205426022,0.013358470741886563,0.015857673259829255
0.5305861674715298,0.554232502159464,-0.011607497040723613,-0.0010074607293362337
0.522437355237762,0.5101678537044363,-0.008148812233767733,-0.010568631060177764
0.6091981088333678,0.632210502018323,0.08676075359560576,0.09979604813407457
0.574308692621888,0.5916915950447627,-0.034889416211479785,-0.03914012258255365
0.5839263197753074,0.594547927113421,0.009617627153419406,0.007233880846072887
0.6056443291160116,0.6023923469887124,0.021718009340704225,0.03253475928315461
0.5646326972581982,0.5670145897431343,-0.041011631857813424,-0.03673585525729696
0.5473548268764533,0.533263277738179,-0.017277870381744886,-0.042017211635814206
0.4816990663037784,0.48834023445341795,-0.06565576057267491,-0.07363633533980928
0.6098102652699666,0.6168235739229374,0.12811119896618822,0.10472403350164311
0.5196379093335594,0.5202889744917062,-0.09017235593640727,-0.07650619761546226
0.5801262529014305,0.5695502865003751,0.06048834356787114,0.06411324730235121
0.5626441813739483,0.5790662173308541,-0.017482071527482157,-0.029100162786730284
0.6167815350990503,0.6093968439286866,0.05413735372510198,0.05436074182303389
0.5641900255563596,0.5858040489743888,-0.05259150954269076,-0.05550429031507359
0.5737840817525137,0.5739156675610396,0.009594056196154166,0.013380172402918156
0.5160198138279246,0.5195669296188011,-0.05776426792458911,-0.04620285323597667
0.5576313293591554,0.543957885508644,0.04161151553123077,0.022329970688340993
0.5010910629875626,0.5066017447386545,-0.05654026637159282,-0.041909935781028765
0.5738247921420204,0.5715739443510839,0.07273372915445786,0.0899991279034403
0.45263482085755713,0.4487321115339015,-0.1211899712844633,-0.11605947113672668
0.6625504891466645,0.6456080163260868,0.20991566828910735,0.20856313454418302
0.671697943173355,0.6807161653810263,0.009147454026690482,-0.009490092943521287
0.6325599027043947,0.6171695815037845,-0.0391380404689603,-0.021974520405474245
0.6095714629380053,0.5841598579537887,-0.022988439766389313,-0.021577882507473396
0.5729981476581198,0.5610289119360944,-0.0365733152798855,-0.042819867873461814
0.5313287104639931,0.5427846054135019,-0.041669437194126746,-0.04114164089457983
0.49720560794863133,0.48765132878143574,-0.03412310251536177,-0.03289855928196433
0.4665792049481192,0.4350130225741672,-0.030626403000512115,-0.02662460574318975
0.5804119547483757,0.565300641648233,0.11383274980025648,0.08798596792216601
0.6629494687176193,0.6290569468935409,0.08253751396924358,0.09367636509061816
0.6315937543942748,0.5928585610664115,-0.0313557143233445,-0.032067841270713916
0.48449298597139556,0.4874582490379259,-0.14710076842287922,-0.15557224028564723
0.5662061436111206,0.5492035626003562,0.08171315763972509,0.06837020971427483
0.502997408805245,0.5224150420545631,-0.06320873480587563,-0.05103653193910435
0.5893233742318199,0.594585112269228,0.08632596542657489,0.08507925145823236
0.5572475067574724,0.5509941454440841,-0.03207586747434754,-0.029203181512877124
0.47890757241831916,0.4819976853752804,-0.0783399343391532,-0.08637821638284567
0.5764203948380356,0.5603134535222298,0.09751282241971648,0.08906614843414677
0.5518962650869164,0.543215215445618,-0.024524129751119284,-0.013911821280661126
0.6461574360781374,0.6609286721816934,0.094261170991221,0.08332623631031773
0.5683294021174977,0.5768598102823975,-0.07782803396063964,-0.07776431611611265
0.646470784960565,0.6786202494991389,0.07814138284306726,0.07310039477913667
0.5101667180003759,0.49134618365428095,-0.13630406696018904,-0.13511410572012736
0.5735380944875011,0.5796640203874845,0.06337137648712521,0.07953286476374882
0.6422286231155124,0.6211849450956197,0.06869052862801128,0.05219289871072622
0.5142531921539945,0.5122304519738531,-0.12797543096151798,-0.14748010402325593
0.569734689684847,0.5789263788975317,0.05548149753085252,0.057407180220900945
0.5628951336305567,0.5609788467035705,-0.006839556054290319,-0.009972094141974391
0.6263555796848805,0.6383168441539554,0.06346044605432388,0.04133972466265197
0.5436870318465327,0.5247726392111397,-0.08266854783834787,-0.0659958977915031
0.5720132164392018,0.5846410201175135,0.028326184592669112,0.015713345856949626
0.5680210078815918,0.5787762828507708,-0.003992208557609955,0.0015568790763764119
0.6254508143412385,0.6756785400638022,0.05742980645964668,0.05748073727668353
0.5178792062956072,0.5139577986645103,-0.10757160804563126,-0.11319708836831592
0.628748640061604,0.6008035901707423,0.11086943376599678,0.11215615019881267
0.5413294768722792,0.5371462671632635,-0.08741916318932486,-0.09846940193921341
0.5660809954194524,0.5660396046461845,0.02475151854717328,0.025447668731831758
0.6664339072574816,0.6781015039455843,0.10035291183802919,0.09638656999361685
0.5271780747568667,0.5297398663278526,-0.1392558325006149,-0.13758846188855364
0.5587668432187646,0.5657402184217707,0.03158876846189784,0.026602246376207072
0.6702483197995424,0.6522426205588814,0.11148147658077778,0.12241699050736883
0.5791924404408311,0.5559080858290383,-0.09105587935871129,-0.08033843847659178
0.49420219475834876,0.5050222305210293,-0.08499024568248231,-0.08697961882361151
0.5979081537899049,0.6031945110929418,0.10370595903155616,0.08645895081202123
0.5137463542558207,0.5200452108801852,-0.0841617995340842,-0.0823267200450216
0.589252155114638,0.6120891736169476,0.0755058008588173,0.06696131939271875
0.6748349103922645,0.7063006331330361,0.08558275527762649,0.0737706916075244
0.5877605319063572,0.5980464347777007,-0.08707437848590727,-0.07285395826956062
0.5765215233997275,0.5589735359783731,-0.011239008506629733,-0.02136314791111317
0.6016212686209028,0.6197472559493038,0.025099745221175307,0.027494759722746027
0.5814617641564656,0.6022799687011677,-0.02015950446443726,-0.02144562602964496
0.5996083545919324,0.6125772130021254,0.018146590435466847,0.010915184427146358
0.5754067113328623,0.5808172364890388,-0.02420164325907015,-0.013339488066457324
0.519935773958703,0.5172861891850524,-0.0554709373741592,-0.055168922856137094
0.5252350528687405,0.5201812015949664,0.005299278910037453,0.0006079527400243102
0.5832674456665838,0.608262504467247,0.058032392797843335,0.07431386531146844
0.602748344614369,0.6204192463503237,0.019480898947785152,0.021130924135722942
0.5885325868435337,0.5908772001916979,-0.01421575777083528,-0.03480126973430946
0.6507314612833309,0.6387305443727486,0.062198874439797214,0.06895902656963442
0.6169004986177986,0.6166146061381507,-0.033830962665532316,-0.013413858686845307
0.5804178927722736,0.5760484404900432,-0.036482605845524985,-0.042884635745202154
0.6889761881636252,0.7063381658969292,0.10855829539135153,0.08896254622081845
0.6395934382047624,0.6217054296451787,-0.049382749958862715,-0.042586941757559185
0.6031226905063484,0.6054221865272711,-0.036470747698414074,-0.034248427522171394
0.6227503024411639,0.5808914514230588,0.019627611934815548,0.016685336321810317
0.6893529715220281,0.6498192181200492,0.06660266908086421,0.07069698272023879
0.6134548616761364,0.6368961962777454,-0.07589810984589174,-0.059048754438103784
0.5800538757366174,0.5977125846763108,-0.03340098593951901,-0.043262871876060614
0.5617210019283425,0.5682864172917619,-0.018332873808274863,-0.006780422527689798
0.6342566136841936,0.646539935383499,0.0725356117558511,0.08731620924900294
0.6028104684774916,0.6341223927249479,-0.03144614520670197,-0.0277434850917814
0.6317003076521995,0.6300982515408581,0.028889839174707888,0.018017813610826144
0.6096167231821148,0.628331421631319,-0.02208358447008474,-0.02670449073336091
0.6628029786520002,0.6981124303244408,0.053186255469885424,0.05035677186989965
0.5457039371210521,0.5542032413098479,-0.11709904153094808,-0.10560742420058902
0.5930346529557042,0.5902123690149133,0.04733071583465209,0.04156206226717289
0.5110773054953254,0.487554555894276,-0.08195734746037886,-0.0631925888263508
0.5777627417494074,0.5857074587253581,0.06668543625408208,0.0594350473057471
0.5396017576803498,0.5354674477627137,-0.03816098406905766,-0.03665749319462892
0.6362644396788554,0.6325238183701138,0.09666268199850558,0.09201086818217806
0.611859939233734,0.6358683377767608,-0.024404500445121324,-0.01987483168199352
0.6573092025357952,0.6844720387114116,0.045449263302061116,0.054542610995184204
0.6103286268235607,0.6082300055976358,-0.04698057571223446,-0.037893335910006015
0.5255369611906843,0.5343956020401824,-0.08479166563287643,-0.08176925876426314
0.5888139058779573,0.5734669059102284,0.06327694468727307,0.039677992696297175
0.6020115681986485,0.5891760643778504,0.013197662320691195,0.011741456753761365
0.6628781073130239,0.6429579585732931,0.06086653911437534,0.05561101799273224
0.5910331630593048,0.6225680536239128,-0.07184494425371912,-0.07046561314682609
0.6631024027411923,0.6136789124588443,0.0720692396818875,0.06353516413012023
0.5405805730039329,0.521849256660307,-0.12252182973725934,-0.12385371893725387
0.6104002003036207,0.6213089598759066,0.06981962729968783,0.06753857311806748
0.5733867139207541,0.57646468452453,-0.03701348638286661,-0.03461771383770957
0.5772829813892981,0.5956960970082735,0.00389626746854399,0.002010847760408085
0.6299077261341584,0.6556856438435245,0.05262474474486023,0.0648342563149672
0.6177938901141028,0.6123636129919178,-0.012113836020055557,-0.014409918797269303
0.5796021936494813,0.6205535917546551,-0.038191696464621505,-0.03712351897138444
0.5704736450843787,0.5800971148276228,-0.00912854856510259,-0.010246501453116638
0.5472471464611174,0.5630778772569072,-0.023226498623261316,-0.012706789693749419
0.6661812072621,0.6996722390156962,0.11893406080098257,0.12322575445773604
0.604202988153406,0.6092846108167339,-0.061978219108693944,-0.04770894333777158
0.6125230685566041,0.6278294639739362,0.008320080403198093,-0.018867929511744156
0.6401216829859773,0.6522163782545229,0.02759861442937317,0.028558221506737234
0.5285769304374996,0.49107539904884706,-0.11154475254847762,-0.12637669724747455
0.6263019044536954,0.6632649274399876,0.09772497401619573,0.10553737902032305
0.7038053769203927,0.6841798526094174,0.07750347246669731,0.07908420351758787
0.576800950372883,0.5873831562321741,-0.12700442654750965,-0.12216905747255083
0.6505446690614795,0.6433924745720773,0.07374371868859642,0.08996003112529763
0.5880831456309326,0.5797972865515361,-0.062461523430546895,-0.07149245210051812
0.5685249388968671,0.56112494548377,-0.019558206734065497,-0.02532821307705988
0.6189938049557304,0.6449785148691425,0.05046886605886336,0.05793945452338433
0.6045488757650369,0.6400394910448068,-0.014444929190693512,0.00017563503977115376
0.5744326317327408,0.5749648140627804,-0.03011624403229607,-0.03109785715827928
0.6212768459848231,0.6114677455371171,0.046844214252082295,0.04695370543158488
0.6387892392198102,0.6323753156699476,0.0175123932349871,0.030269361412339654
0.5942882938137634,0.597246039336329,-0.04450094540604688,-0.035323935727505806
0.6344546939403013,0.590274971118171,0.04016640012653794,0.03384709064522115
0.5179356185927623,0.5207125527671967,-0.11651907534753903,-0.11782595268787933
0.6543861335525204,0.6269495784684469,0.13645051495975813,0.1490653762541813
0.6052610848790808,0.5981542050318993,-0.049125048673439586,-0.04575001370368163
0.6431088001103665,0.6513859274117965,0.03784771523128572,0.044235306738165614
0.6531282245372366,0.6615045116940221,0.010019424426870094,0.0061317240713036555
0.5806600436644717,0.5544236975354102,-0.07246818087276496,-0.0642169413894958
0.545795890006397,0.5381360788537618,-0.034864153658074604,-0.044417221455423615
0.6754258491835898,0.6479301838491696,0.12962995917719278,0.1351874048158375
0.6393921010661427,0.6313541123132086,-0.036033748117447084,-0.032151124177368935
0.6207795882107049,0.6532568691871236,-0.018612512855437857,-0.018686967893461293
0.6252309559753431,0.6119013844809355,0.00445136776463817,0.006472181810157553
0.618532561310014,0.6508263754026932,-0.006698394665329066,0.003869702101965758
0.5738315539702926,0.5273698010128682,-0.04470100733972138,-0.05302134489914064
0.5839288011867669,0.5549280255339611,0.010097247216474314,0.008102467893377121
0.5929128341216346,0.598941321827168,0.008984032934867714,0.018729427179395887
0.6081776501766947,0.6591430566400884,0.015264816055060026,0.021633398983421467
0.5261384860984963,0.5404569013473832,-0.08203916407819833,-0.06929502069591566
0.60327118144447,0.6141139007498182,0.07713269534597367,0.09613407982104195
0.636892634704469,0.6306801005214326,0.03362145325999899,0.035492422050365666
0.5389720382920425,0.5640276598570696,-0.09792059641242645,-0.09087209315600411
0.5167191543226669,0.46381972166273905,-0.022252883969375636,-0.018675549621089867
0.5425430934600671,0.5663520079654037,0.02582393913740022,0.035847727165973425
0.5404268226605052,0.5459594664720318,-0.0021162707995618923,-0.001547098541919993
0.5866113911384427,0.6244523105434945,0.046184568477937504,0.04336606711212056
0.6756888584435399,0.6840035000579993,0.08907746730509714,0.08653452587683834
0.6108382415065153,0.6046866022523634,-0.06485061693702454,-0.062210806276779926
0.5333689656317838,0.5516705872795736,-0.07746927587473151,-0.07922059545278123
0.6224447570152729,0.6301693595579579,0.08907579138348909,0.09709951472672557
0.6634034393129108,0.6384492897603635,0.04095868229763788,0.03540703380849963
0.648863871096854,0.6705450689970284,-0.014539568216056842,-0.025339102057215325
0.5753907946660357,0.6086018785191025,-0.07347307643081824,-0.08304001174142236
0.6020002024504549,0.5941959038803913,0.026609407784419226,0.03846932624328774
0.6242806682921135,0.597026593262333,0.022280465841658548,0.0295242076430166
0.6002499377239843,0.5774000678046092,-0.02403073056812921,-0.012839777154987039
0.5684332253417222,0.5264606013272163,-0.031816712382262025,-0.028059833862203128
0.6714851115019572,0.6567378925705639,0.10305188616023497,0.09246560397832324
0.5715188161817146,0.5669559468187886,-0.09996629532024259,-0.11543461117990221
0.6278666095650225,0.6393825279179228,0.056347793383307865,0.05206027523653302
0.6169101169566175,0.6363347711747855,-0.010956492608405033,-0.011305004948586108
0.7181963640655211,0.7578182308787949,0.10128624710890366,0.10224771556879719
0.5938516097858612,0.5505137642456668,-0.12434475427965996,-0.1303358546573564
0.6444260210436052,0.6548258218841945,0.05057441125774409,0.048609589257600734
0.5547140295372689,0.5688472685374348,-0.08971199150633635,-0.08698461110934544
0.6165540467405053,0.6235462311377405,0.0618400172032364,0.06362462729998863
0.6125532991554437,0.6002564765644343,-0.004000747585061637,-0.001566914003886252
0.6740807634787159,0.6629215467817763,0.061527464323272274,0.04869064981328599
0.6040139619410171,0.6127043890515431,-0.07006680153769884,-0.0760524552437349
0.6441290223792132,0.6236674440830342,0.040115060438196126,0.04617203874185621
0.6637421289859372,0.6428465847112128,0.019613106606723996,0.0256912146710264
0.6310770554676307,0.6006055634916384,-0.0326650735183065,-0.02915095753667105
0.6866080083677114,0.6945157799798077,0.0555309529000807,0.06976611271323106
0.6137388502980908,0.6139902423934508,-0.07286915806962058,-0.06753920574535777
0.5826626184902434,0.5954448542777363,-0.031076231807847465,-0.021713011011607705
0.6464947830882767,0.6610904304031957,0.06383216459803331,0.0627501412616219
0.6259095768469389,0.6233022480179009,-0.02058520624133775,-0.013382940855171591
0.5834725454760079,0.5653336599138202,-0.04243703137093102,-0.05045735764551307
0.6425576532182927,0.6724320559949462,0.059085107742284815,0.05660593039100361
0.6465511906188021,0.6355684487479277,0.003993537400509339,-0.001350867553088493
0.6764087809347691,0.6911505727954681,0.02985759031596702,0.027653546792930993
0.5655136164039828,0.572658901007952,-0.1108951645307863,-0.1130459407784338
0.7042754447683457,0.7154813514190637,0.1387618283643629,0.14783523608396437
0.6127158593796154,0.6161628952794987,-0.09155958538873032,-0.10859798609132851
0.5929525050088397,0.5612779382457395,-0.0197633543707757,-0.033173002034128
0.6295076597112268,0.6340670593953331,0.03655515470238713,0.04533305750108035
0.6452514776887468,0.6455457489703528,0.015743817977520003,0.027297139929487776
0.6085155296632107,0.6143832068205383,-0.03673594802553615,-0.05176133472866176
0.6721238396655125,0.6512556097410629,0.06360831000230183,0.06922870085976816
0.693998297331442,0.6913702106693417,0.021874457665929548,0.020450828616005192
0.6378240005394227,0.630789690151096,-0.05617429679201935,-0.054054505636193
0.6646015430531647,0.6648836656411298,0.02677754251374198,0.017576292703252405
0.6017617832880271,0.5927450773812434,-0.06283975976513756,-0.05153249834568701
0.6534057188436407,0.6342349457799105,0.05164393555561364,0.05119284614292736
0.6369383805113337,0.6442370964734059,-0.01646733833230707,-0.005584652558455807
0.6124924237985141,0.6067384268255126,-0.024445956712819572,-0.027158621409387282
0.7066772028881633,0.7169186840044137,0.09418477908964917,0.09303008232299688
0.6922801968434226,0.6931751014877594,-0.014397006044740701,-0.009491593112283387
0.6976267921465694,0.698614439820291,0.0053465953031468505,0.010686827969242755
0.6173773037866501,0.5861602064395225,-0.0802494883599193,-0.06972713557312886
0.5370463254735747,0.5097310221153748,-0.08033097831307545,-0.07600506772732644
0.6558552396067182,0.6466469526437351,0.11880891413314354,0.11524713950248708
0.6154612452378463,0.5842308405121099,-0.04039399436887192,-0.028519092963767218
0.6385973835477883,0.6514642644233503,0.02313613830994199,0.022843350893378078
0.6404632441417627,0.6400898580427513,0.0018658605939744222,0.020899009828616318
0.6699994807688007,0.6788394062759328,0.02953623662703797,0.012998309194358286
0.6255688832671883,0.6490593292740382,-0.04443059750161238,-0.03085830388128668
0.6489557860674237,0.6449701495216871,0.023386902800235365,0.03143264695468964
0.6970030197309799,0.6719633507933168,0.04804723366355623,0.060260906131855904
0.7250227069752235,0.7034412044121867,0.02801968724424364,0.028304526371673227
0.6838794238238268,0.6745010217065243,-0.0411432831513967,-0.012551696350717286
0.7139232681276907,0.7267090508865032,0.030043844303863865,0.017725917338151893
0.6377019180307593,0.6283896719307713,-0.07622135009693143,-0.08623665482469006
0.6419228321122582,0.6871387549812529,0.004220914081498939,0.01043148753056496
0.6251138857523192,0.6364669525610883,-0.016808946359939014,-0.022713205851793792
0.6229162981588929,0.624885042422823,-0.0021975875934262534,-0.007820455655694818
0.6636436454538129,0.6781763429673348,0.04072734729492,0.0297154300925509
0.6804304907168548,0.6903877963912082,0.01678684526304186,0.008369776419781632
0.6165680019543031,0.6178754410664435,-0.06386248876255174,-0.06595030875467543
0.6250074150639999,0.6108011773943117,0.00843941310969687,0.021709990703833747
0.6999452342909458,0.686197658693955,0.07493781922694587,0.07376072737941491
0.5974619623669104,0.5978163840858045,-0.10248327192403539,-0.0874377430468189
0.6574195911452485,0.6195090966304461,0.0599576287783381,0.058424808630274064
0.6169040340474404,0.6102154386121939,-0.040515557097808075,-0.023338827407099465
0.6340267635180139,0.6075778290632945,0.017122729470573472,0.026609348071475317
0.6099119013316612,0.6148054349907723,-0.024114862186352726,-0.02868573564079895
0.606643377655664,0.6029279639035001,-0.0032685236759971703,0.003094057302483586
0.7331461251807466,0.727715589076448,0.12650274752508261,0.13289520727309614
0.6258791633438868,0.6243354600633652,-0.1072669618368598,-0.11436462036151297
0.6393373974186254,0.6153516027313637,0.013458234074738562,0.0087260898764762
0.6249424293593525,0.6324766695588038,-0.014394968059272872,0.002480962766479699
0.6903731782491994,0.6934038691274711,0.0654307488898469,0.0584682727646173
0.6325331454192775,0.6161217461598465,-0.057840032829921895,-0.03297654446606524
0.6845707243962919,0.6843110659846247,0.05203757897701433,0.04518032135992902
0.6855963230142775,0.6734654190255315,0.001025598617985679,0.00530639087079254
0.6080617026649835,0.6107302154428064,-0.07753462034929404,-0.0817803153164651
0.5956379665778342,0.6078551443366226,-0.012423736087149306,-0.016964710875691312
0.6413071134317929,0.6499645787372565,0.04566914685395873,0.058305651633655184
0.6115814002859817,0.5984680448320421,-0.029725713145811183,-0.023419655440186364
0.6887940609222508,0.692743048152462,0.07721266063626908,0.055518223562419367
0.6312814987982971,0.6512012487997535,-0.057512562123953725,-0.06191815724871473
0.6455044739430661,0.6601791353241481,0.014222975144769001,0.006890255809837229
0.6013413650970456,0.6064314805002947,-0.04416310884602048,-0.0545757378232586
0.679115326215087,0.7164548008113629,0.07777396111804136,0.07090687563798453
0.7220258980577985,0.7137222346014299,0.04291057184271152,0.04238830023119351
0.7097845040768483,0.7001136234486741,-0.012241393980950144,-0.0020250750575935717
0.63037349114524,0.6621552664065745,-0.07941101293160835,-0.07246065248811309
0.6533032561478824,0.6608148530229188,0.022929765002642433,0.019082866784029887
0.6427133219493381,0.6244538708481631,-0.01058993419854437,-0.02705894554746739
0.6452652186906631,0.6816609545500395,0.002551896741325055,0.0050303796533458095
0.5757429916023986,0.6288725988818408,-0.0695222270882645,-0.08089806217436228
0.6572762726540913,0.6815455631107807,0.08153328105169266,0.07096733749954526
0.7112650331810016,0.7088336242694596,0.05398876052691037,0.05616021250328144
0.7411044818900043,0.7200653946299124,0.02983944870900268,0.0368679294671061
0.6854408129940365,0.6911463003770081,-0.055663668895967855,-0.07371764410686985
0.721823091622654,0.7369916535620411,0.03638227862861754,0.04308410670122345
0.670176204309511,0.6367564791853826,-0.05164688731314304,-0.051892041064885035
0.7426991747945033,0.7288445697189959,0.07252297048499234,0.08181034242616059
0.6306086689307467,0.6229267107705269,-0.11209050586375657,-0.10008471110391143
0.6547959880543809,0.6606240356175875,0.024187319123634143,0.018459785364730107
0.620543344771818,0.635066173320016,-0.034252643282562834,-0.0416821195442192
0.6277128934697748,0.6103567082713235,0.007169548697956718,0.0005587111505604009
0.606982499021844,0.5983545845285325,-0.02073039444793079,0.0014055875107991563
0.7224765692788042,0.7584025425044074,0.11549407025696024,0.130032901402734
0.6897342622112146,0.6793911928083132,-0.03274230706758963,-0.048776053699139135
0.7310143591976294,0.7100174460973014,0.04128009698641477,0.032220977340508695
0.65889000787049,0.6608914601340024,-0.07212435132713935,-0.07754411810149796
0.700045968078292,0.73814943729605,0.04115596020780199,0.045699469194561165
0.6501825803197719,0.6476497639378465,-0.04986338775852006,-0.05951863116895916
0.6319979742585226,0.629355987248267,-0.018184606061249386,-0.017169143935176476
0.6683168260119463,0.6418053449407143,0.03631885175342375,0.03067713987515206
0.7008694240812119,0.6864872028584913,0.03255259806926558,0.03702388087622606
0.7502020413307022,0.7580823389624779,0.04933261724949034,0.04732780269877584
0.6261905778561704,0.628925365299607,-0.12401146347453185,-0.12240048090661866
0.7878210226166794,0.7758910033327884,0.16163044476050903,0.15173384226997078
0.6609695246997701,0.6531738950517982,-0.1268514979169093,-0.1062513450184222
0.6638677698481342,0.640895932320204,0.0028982451483641203,-0.0021602589894703953
0.6036372321974638,0.6411066345532783,-0.060230537650670435,-0.05587423785517123
0.6456665085363875,0.6519841059558579,0.04202927633892373,0.059187413584757625
0.6194167035748391,0.6507747996934258,-0.026249804961548384,-0.014979456622520886
0.6926912351026643,0.701958156674836,0.07327453152782515,0.0684641475757662
0.6069356758063841,0.6139388058566033,-0.0857555592962802,-0.08782498906906838
0.6878758251943559,0.6967792061883985,0.08094014938797178,0.08099059578040695
0.7330650414098391,0.7417438360379832,0.04518921621548322,0.06009460253654374
0.6952096860782758,0.7095895821906748,-0.037855355331563256,-0.03304735864853785
0.6190822979814155,0.6048609506878837,-0.07612738809686037,-0.06872251185991518
0.6901699592584993,0.6917868664687878,0.07108766127708388,0.07716816037335686
0.6777555147607263,0.6661053653719011,-0.01241444449777307,-0.004499954640659611
0.715170171725936,0.6994721227699818,0.037414656965209736,0.025344756718150896
0.7577821186504989,0.7529355259887177,0.04261194692456294,0.05348376604466784
0.6111826671491362,0.5648266959888436,-0.14659945150136278,-0.16615304747503473
0.7039550194255797,0.7211584581178766,0.09277235227644354,0.08503596358521144
0.7110659050703635,0.6944690380542532,0.007110885644783793,0.010874464382499617
0.6192547964138193,0.644891928053275,-0.09181110865654418,-0.08716375431264341
0.6523812714651355,0.5900685221438331,0.03312647505131616,0.0322468885337719
0.6747810131763465,0.6675309780066887,0.022399741711211063,0.016782336153019002
0.6346658610223297,0.658816877729954,-0.04011515215401684,-0.04341395342267347
0.6707340106450005,0.6609217791798069,0.0360681496226708,0.024704365777386942
0.7430389232800988,0.7737040959686751,0.0723049126350983,0.05673226432174812
0.6927801120782319,0.6549167956153683,-0.050258811201866926,-0.051074851881171675
0.6698772445868307,0.6875358409858797,-0.022902867491401135,-0.024014325276554123
0.6404090771255324,0.6410288570213396,-0.029468167461298322,-0.03553629403348814
0.5940888795981616,0.5735789098127801,-0.04632019752737082,-0.03086645547822043
0.6294609347786924,0.6756078052847198,0.03537205518053077,0.01926800330793359
0.6892323140226949,0.6994602558995054,0.059771379244002554,0.03882446995919032
0.5873367877985036,0.556393746355515,-0.10189552622419129,-0.10368821087749722
0.7242452531637313,0.7021643534250218,0.13690846536522772,0.13246999448279675
0.7008428649542789,0.7266659494525595,-0.023402388209452396,-0.03157811806534842
0.7831909197188969,0.8253212022556373,0.08234805476461793,0.0864228886541149
0.6469568378392978,0.668151390696568,-0.13623408187959907,-0.12672372231063742
0.6493235070332033,0.6448982819521597,0.0023666691939054907,0.000890383015925873
0.6676059639189328,0.6927620133406719,0.018282456885729492,0.020526026228618512
0.6554896050392559,0.6630633631061528,-0.01211635887967688,-0.019167371595413513
0.7101851880008747,0.7342963069148921,0.054695582961618805,0.0649630230642681
0.694676820256736,0.6949946063717354,-0.015508367744138662,-0.027070070177243295
0.6713537869148761,0.6587057664799062,-0.023323033341859922,-0.02066378230793161
0.6619592869344055,0.6734759646575332,-0.009394499980470594,0.004250452621856906
0.763423110220992,0.7568580986579367,0.10146382328658643,0.1033126459247539
0.6759096575856157,0.6701999053217831,-0.08751345263537624,-0.07914908589181259
0.7192019609843441,0.7089432152375863,0.04329230339872836,0.04011324033048305
0.713665451453973,0.717238321921184,-0.005536509530371103,-0.007906324277764575
0.6740968750943762,0.7251980821004688,-0.03956857635959676,-0.03335825886219989
0.7473399155986602,0.7366170819637938,0.07324304050428398,0.06420425198478978
0.7482402440700698,0.7845734734941319,0.0009003284714096393,0.0001458032681021862
0.750246572570807,0.7474022030055223,0.00200632850073712,-0.012150008104424372
0.673676360843233,0.7014219541723722,-0.07657021172757394,-0.07364666175105915
0.6643427903982256,0.642466293941961,-0.009333570445007378,-0.007250911232360897
0.7769824628781679,0.801799144030756,0.11263967247994222,0.12073124538535308
0.6277640409489077,0.6505427687533721,-0.14921842192926016,-0.1428340846682213
0.7562493140999043,0.7786870327584615,0.12848527315099656,0.1245387273695096
0.7282489028175261,0.7124884266375804,-0.02800041128237818,-0.03225169968304534
0.7311986692756991,0.7494909781076955,0.00294976645817302,0.0015398920607540183
0.7015032533138846,0.6443015087642039,-0.029695415961814464,-0.0407617283630151
0.6897698700789866,0.7190665082119774,-0.011733383234898032,-0.01181587468756264
0.6564936845379674,0.6580131180493098,-0.03327618554101919,-0.013369727345359524
0.7001068424269059,0.6854425731433548,0.04361315788893849,0.0598918031247697
0.7388508581408334,0.7514057158020231,0.03874401571392749,0.027086437135727913
0.6836453374421961,0.6980849991799442,-0.05520552069863727,-0.04835766570213133
0.7064540763530618,0.7190339175378134,0.022808738910865656,0.02183059359200557
0.7152699156510084,0.7277680620474178,0.008815839297946604,0.012748079376904661
0.6600191839903929,0.644253189314117,-0.05525073166061545,-0.0473038780642399
0.6861370533849726,0.6809723311706334,0.026117869394579607,0.031429966957551736
0.7016212492811633,0.7240488303067235,0.015484195896190767,0.022604854233945978
0.6844523288414541,0.702101383093008,-0.01716892043970919,-0.019190674116716128
0.6207236795141422,0.5865624694718906,-0.06372864932731193,-0.0593022863713888
0.6490095440153877,0.648953769033943,0.028285864501245483,0.023999170230129326
0.6936746838521327,0.68831605110239,0.04466513983674503,0.04624866365590682
0.6824918937265886,0.6685815851245498,-0.011182790125544129,-0.012536416714797731
0.7598895348676874,0.7782458038053868,0.07739764114109882,0.08768855617633188
0.705195373007156,0.7312695559004235,-0.05469416186053144,-0.06833466993898468
0.6867670708095096,0.7215880279910797,-0.01842830219764635,-0.030100835497310265
0.7083400272084849,0.6985935454587786,0.021572956398975274,0.0036940242740626933
0.7112166340144923,0.7118737562924514,0.0028766068060074312,0.00290513614167879
0.6873855179874769,0.6773399625110237,-0.023831116027015375,-0.03416146523242834
0.7081439977831223,0.746910074207822,0.02075847979564538,0.011990985525129554
0.7140284593458417,0.6897415159465046,0.005884461562719379,-0.0032025084173495037
0.655005846225768,0.6383168520347994,-0.05902261312007373,-0.055955842948685955
0.626087957195391,0.6179043202079688,-0.028917889030376953,-0.03646889832842634
0.7752035255373195,0.7719330461730924,0.14911556834192852,0.1557210498030115
0.7142859810690254,0.7028859124361724,-0.060917544468294116,-0.06229821178070253
0.7146150022212406,0.7192486350657576,0.0003290211522152253,0.006668266488681063
0.7332463267856095,0.7576557117202011,0.01863132456436889,0.025197786623689458
0.7011873477874755,0.7191706965252573,-0.032058978998134036,-0.018932517390522034
0.6979848762415387,0.7419251061980274,-0.0032024715459367803,0.007405248626295238
0.7667498482115743,0.768083709965354,0.06876497197003562,0.05313032882648593
0.7333257734348465,0.7315624164041156,-0.03342407477672782,-0.029735642519158945
0.6821438431095042,0.6739670567109493,-0.05118193032534235,-0.05174988097608174
0.6922517363606518,0.6688854943475819,0.010107893251147693,-0.0007020513135732442
0.7510295182346648,0.7711512330399322,0.058777781874012947,0.06672206352653356
0.7672050294240483,0.7916187105561279,0.01617551118938354,0.023831177038890552
0.6689099022494394,0.6824988132601161,-0.09829512717460898,-0.08916940586012279
0.6961533391869464,0.6918521835712665,0.02724343693750708,0.030073873238243613
0.6454901924680705,0.6403514699159228,-0.05066314671887595,-0.04159868305218302
0.7825181396776058,0.7779484166102756,0.13702794720953526,0.1261182895902896
0.6911007273768633,0.6689598021740931,-0.0914174123007424,-0.09748838255466176
0.6616614851047694,0.6649519115945007,-0.029439242272093935,-0.01657352225250127
0.7896057175321931,0.8011764097802546,0.1279442324274237,0.12048963480219138
0.7273892798177853,0.7062272893634547,-0.06221643771440777,-0.036035837138970656
0.5955909051416167,0.6034342505783958,-0.13179837467616862,-0.13474092338223995
0.7203514592136845,0.7327141005103471,0.12476055407206776,0.14117506841053518
0.7864306208751743,0.797509508079632,0.06607916166148986,0.07382700550004996
0.6678254690041192,0.6760391648758574,-0.11860515187105514,-0.09580037640190221
0.6598281339630285,0.6699385841216391,-0.00799733504109068,-0.024216604135757984
0.6858856719411304,0.6949284188773749,0.02605753797810184,0.03282947005607732
0.6916114136451114,0.6853482842896889,0.005725741703980991,0.006834347928630603
0.6663000288010509,0.6538716186321418,-0.02531138484406048,-0.02321542735069134
0.780915766773566,0.7953030979733059,0.11461573797251512,0.13723069146536943
0.7180243982643557,0.7408123917664746,-0.06289136850921029,-0.062422447823466315
0.6946596590016644,0.7026408211763837,-0.023364739262691336,-0.030385919785792855
0.7238998398645274,0.7046626792841432,0.029240180862863063,0.027690875082624848
0.6738309002518854,0.6561389259068031,-0.05006893961264203,-0.02762040779000871
0.6749579767660236,0.669402985236627,0.0011270765141382366,-0.0017429592731392158
0.6906740088800624,0.6841350550947755,0.015716032114038714,0.011040100927511433
0.6079854386404387,0.5847727346443561,-0.08268857023962362,-0.09413896416265029
0.7573970429591244,0.744449399446673,0.1494116043186856,0.15088933201192345
0.6732941414829546,0.6705350023583277,-0.08410290147616972,-0.0796421301082692
0.7000404664135956,0.6871405320881787,0.026746324930640997,0.030422804403422994
0.7075348980865503,0.6903387916593597,0.007494431672954716,0.01574782059019608
0.705060359976606,0.6640275526709898,-0.0024745381099443575,-0.009321717122762224
0.6807622191578554,0.6731723518975227,-0.02429814081875059,-0.0361110396230207
0.7586606341153976,0.7511650225361932,0.07789841495754224,0.07501078651611046
0.7788624290943748,0.7569064251938583,0.020201794978977117,0.023674089207986304
0.6525777140444362,0.6458592524787856,-0.12628471504993855,-0.12350263555204222
0.7409900006180251,0.7372452762032145,0.0884122865735889,0.0841485440327482
0.7266747054607413,0.7102762242220448,-0.014315295157283803,-0.003322797484788644
0.6660747287269144,0.6597308952428724,-0.06059997673382689,-0.0587987445237613
0.7348625982410601,0.7445703088750133,0.06878786951414573,0.07780997972560869
0.7209744740817036,0.7176035763872801,-0.013888124159356585,0.0040490792651534935
0.6946426719316815,0.6808850000458627,-0.026331802150022066,-0.022459990061956175
0.7155295924002845,0.6842412019732229,0.020886920468602965,0.004553626675478199
0.7259528906392545,0.6834553296655171,0.010423298238970036,0.008853096002484271
0.7237146747751423,0.7222898468304625,-0.002238215864112214,-0.001936141294098972
0.6810528238924284,0.683234897404526,-0.0426618508827139,-0.03572819837214815
0.8183548582321589,0.8169859531637618,0.13730203433973054,0.12587193395455665
0.6907551419097024,0.6634594419200963,-0.12759971632245648,-0.12462728328192701
0.6714714244749699,0.6628481288297079,-0.01928371743473256,-0.012517271454689588
0.7353931385038235,0.7573895610368939,0.0639217140288536,0.07455350509872431
0.8001597435723995,0.7660328900577255,0.06476660506857601,0.0814352316966302
0.7127452353496682,0.7049999689023311,-0.08741450822273134,-0.10847136642411959
0.7876861721599095,0.8181245702988017,0.07494093681024139,0.08806704683829786
0.7554950477008949,0.7572895248845815,-0.03219112445901462,-0.02138331808247012
0.730918406238087,0.7012059328488721,-0.024576641462807913,-0.021289254508751937
0.7670046335804109,0.7370274626314564,0.03608622734232392,0.03360627916177317
0.769198507245953,0.7747533790250213,0.0021938736655420232,-0.014796806092846001
0.6931204272856137,0.6958728993892479,-0.07607807996033922,-0.06898672316220784
0.8143975716818861,0.8117943361763021,0.12127714439627235,0.11303459494160041
0.7350167329318728,0.7446227455374256,-0.07938083875001334,-0.08062679781937461
0.6728919294672717,0.6816239278525644,-0.06212480346460103,-0.06404228362750884
0.7591144209364923,0.7729374341129696,0.08622249146922056,0.0802481936622039
0.7401912650517086,0.7216545624719838,-0.01892315588478366,-0.024856539793981856
0.7490774956979428,0.7032864705194593,0.008886230646234172,0.010247025784038187
0.7308116337700231,0.7582788106184392,-0.01826586192791968,-0.032046939506667316
0.6595744176431567,0.6734246491225356,-0.0712372161268664,-0.06101767337110134
0.7425130567035768,0.7348100287111274,0.0829386390604201,0.09470014472775849
0.7080927044286836,0.7485390974685991,-0.03442035227489326,-0.03963355696062383
0.7601649261996476,0.7395779434317559,0.052072221770964044,0.054211532073468995
0.7039039312491172,0.7040702396781712,-0.056260994950530385,-0.05296453462785545
0.6296039301198518,0.6518539910901159,-0.07430000112926538,-0.07538223337446828
0.6531948925065758,0.6412187674297551,0.02359096238672398,0.009681695014520469
0.7188234813581832,0.7089093851676175,0.06562858885160738,0.06625052315958109
0.7659504674350708,0.7673518201284939,0.04712698607688759,0.05147008857126119
0.7710368793454901,0.7719388775279344,0.005086411910419364,-0.008765171040871685
0.6907198397065706,0.6645983536025356,-0.08031703963891956,-0.0831822620957117
0.7567202249851921,0.7545318262012902,0.06600038527862151,0.058574579585030574
0.6691995820122755,0.6877404563061755,-0.08752064297291662,-0.09916341660270264
0.673764513502129,0.6582877022193373,0.004564931489853485,0.005334979368595021
0.6211008051424645,0.6337014543204017,-0.052663708359664496,-0.039099390881426624
0.7213547748491534,0.7077426993606595,0.10025396970668898,0.11692108032209404
0.6676122812224285,0.65997611097913,-0.053742493626724896,-0.04570885896833816
0.7313160340919875,0.7052161607827113,0.06370375286955898,0.06972735221267601
0.5837916835502133,0.6094864107944331,-0.14752435054177426,-0.1357687447712098
0.7420545434140176,0.7573924281393759,0.15826285986380428,0.16035954806509456
0.651393019719195,0.6730063762764569,-0.0906615236948225,-0.08994422758955857
0.7276844154411718,0.7120435762566739,0.07629139572197674,0.07158276006517013
0.6373886715289465,0.6417070279842146,-0.09029574391222528,-0.07693633036484872
0.6702471587516764,0.715749551982886,0.03285848722272988,0.02974907967343566
0.6305883174127979,0.6385566029924299,-0.03965884133887854,-0.03475596043042348
0.7513600062353077,0.777289446588718,0.12077168882250988,0.11984217714835727
0.6966043744079005,0.7066667536487488,-0.05475563182740728,-0.0597381103989976
0.7102591709791642,0.6772921558461434,0.013654796571263783,0.0037622249118290617
0.8078357291032406,0.8100707210249564,0.0975765581240764,0.10815419509462292
0.6981239423588211,0.6850279850485907,-0.1097117867444195,-0.10248346159403125
0.7612263765571265,0.7450995622145528,0.06310243419830541,0.06975772995976492
0.7565171673156684,0.7387544801102015,-0.004709209241458123,-0.0029254364060880573
0.7071929573612745,0.7175356620055082,-0.049324209954393905,-0.04558472093585
0.785543778585815,0.8093985455861288,0.07835082122454051,0.0799692669730092
0.7519731170715217,0.7389202777859469,-0.03357066151429333,-0.04766059569883636
0.7218726657448155,0.7376207899658676,-0.030100451326706246,-0.022077276193514267
0.6925438606747856,0.6898268023205906,-0.029328805070029884,-0.033042504901175516
0.6949731279795138,0.7288250852439394,0.0024292673047282554,0.0032063831938645556
0.7438721974323591,0.7086038961767337,0.04889906945284528,0.0632881389569761
0.6999612492859891,0.6813316318533655,-0.04391094814636998,-0.044841479446151106
0.730315733191446,0.7161844549290973,0.03035448390545692,0.041393618112955485
0.7500828825629302,0.7825976940867209,0.01976714937148416,0.05120693184222168
0.7798618924325592,0.7528113114764161,0.029779009869629003,0.028182191907924477
0.7191482870905107,0.7450352493138532,-0.060713605342048504,-0.06256382768049082
0.7363768800953556,0.7569046333056536,0.017228593004844917,0.009143759146236994
0.7058310032049034,0.7331763468544811,-0.030545876890452184,-0.026795127951705064
0.6784142675692328,0.6982748161447612,-0.027416735635670597,-0.010589330008062055
0.7537348129984215,0.7930363842203331,0.07532054542918865,0.0692493986812642
0.7137108606418715,0.6781210556122639,-0.040023952356549986,-0.044949796143695805
0.7797350562339362,0.7550051049674692,0.06602419559206474,0.07101238561515828
0.6927101474465981,0.6765667265387952,-0.08702490878733815,-0.10351636115906206
0.6944662243588098,0.6849199514622345,0.0017560769122116904,-0.007795182947000474
0.7393799856065618,0.7435571240414554,0.04491376124775204,0.05985281864674053
0.7918467790525768,0.7762151127867896,0.052466793446015014,0.05091054198164327
0.7225479841600081,0.7300170446009304,-0.06929879489256874,-0.08133986266916703
0.8007330291432728,0.8095120747246073,0.07818504498326473,0.08267467984371289
0.7101269948167578,0.7041494716007591,-0.09060603432651504,-0.09710222117175459
0.8104036857985755,0.797135658116174,0.10027669098181768,0.08266823755745331
0.7867798753146302,0.7811404471763793,-0.02362381048394524,-0.02586332828162349
0.7358614580521194,0.7251201784189982,-0.050918417262510784,-0.05858890112341903
0.7615771339551141,0.7715111941145708,0.025715675902994617,0.00229627802641778
0.7025122198638879,0.6728519210537068,-0.05906491409122616,-0.054255668510441
0.7550430484555745,0.7377847224011402,0.05253082859168656,0.039691456302462666
0.7446772602167431,0.7268797625480788,-0.010365788238831386,-0.0106990573270272
0.7493635396664988,0.7415652480958628,0.004686279449755748,-0.0007550315956276286
0.7485349477921082,0.7540412291801197,-0.0008285918743906606,-0.005852231232324935
0.7093011682552045,0.7103886446182582,-0.03923377953690366,-0.03235865094040034
0.6778352062859478,0.6829823722119419,-0.03146596196925666,-0.023891626381027493
0.6891039083057281,0.6823310743486127,0.011268702019780252,0.007002107422246117
0.7723244422074017,0.7785450737407652,0.08322053390167361,0.08539255936086167
0.7335045920370433,0.7319457218224167,-0.03881985017035838,-0.044555773980859095
0.7495981490235991,0.7558022113975348,0.01609355698655579,0.012035681206636563
0.7277826415962229,0.7271807965587826,-0.021815507427376257,-0.01447428799190462
0.7549481634136237,0.7320527535517967,0.02716552181740084,0.037395510673373406
0.7687409231329883,0.7970933803920491,0.013792759719364556,0.01767438846398641
0.7525291624471517,0.7524917708535039,-0.016211760685836518,-0.0088697066717562
0.7619546033370962,0.7617772258984171,0.009425440889944459,0.0014746868978688429
0.7981488656622446,0.7755905637932023,0.03619426232514844,0.025288114613265786
0.6252002206021499,0.5715443240237965,-0.17294864506009477,-0.17725783245019655
0.7538758085932831,0.7714845283892453,0.1286755879911332,0.13267197531636454
0.7585900940000383,0.7897046130317303,0.004714285406755225,0.005570169158499145
0.7573809591387064,0.7458624888253256,-0.0012091348613318953,0.005964657178125
0.8135102792995585,0.8388369893559782,0.05612932016085215,0.06984046584189982
0.813713050232864,0.7937301610846598,0.0002027709333054517,0.004810031866160573
0.7065372976836795,0.7032865511387554,-0.10717575254918454,-0.09275883433970496
0.736269354515852,0.7356055099612732,0.029732056832172504,0.027126646510080742
0.6691612786561348,0.678356909894008,-0.06710807585971712,-0.07205969684672271
0.6903883976261243,0.7103564309351222,0.02122711896998941,-0.002434409549970668
0.7162148254308078,0.6928343242152245,0.025826427804683583,0.018516548432445646
0.6861641130506426,0.6760447588434396,-0.030050712380165212,-0.04256014558637881
0.816970094149793,0.815525006725061,0.13080598109915043,0.13651578503623119
0.7474059738050838,0.7383686395956052,-0.06956412034470927,-0.06305161636214565
0.7801057802889165,0.7943345629966581,0.03269980648383275,0.03710218192540303
0.771081053463702,0.7715666399702676,-0.00902472682521449,-0.02404760283992672
0.7421604248133383,0.7464046654569593,-0.02892062865036371,-0.04007345150419081
0.760320941484132,0.7574831698926632,0.01816051667079366,0.004709933044600942
0.7299589695130284,0.7223348594422038,-0.030361971971103574,-0.039842797268613894
0.7042633356739421,0.7134153927726895,-0.02569563383908635,-0.04083909160356172
0.8106839192297947,0.8184770580277976,0.1064205835558526,0.10284986914431886
0.7520085696987885,0.7311955381545469,-0.05867534953100617,-0.05387639235488126
0.7382035816296417,0.7737014804279733,-0.013804988069146762,-0.02085507116206027
0.7731459244322442,0.7811228418310051,0.034942342802602444,0.03444990763939345
0.7752452878410295,0.7542008355320285,0.0020993634087853597,0.025305404290076564
0.8676405545212542,0.8559347867027409,0.09239526668022469,0.10835165210603268
0.6495725830058539,0.6350551276614104,-0.21806797151540036,-0.20906195255734616
0.6888644198850171,0.6793807219815381,0.03929183687916327,0.03985377922779706
0.6577273812787439,0.6551192959715855,-0.03113703860627326,-0.018284052373969815
0.725780364178602,0.6975521861088025,0.06805298289985817,0.07351951457791098
0.6425994443334735,0.6129800537158633,-0.08318091984512854,-0.09011356623185497
0.7419261947769539,0.724901424950378,0.09932675044348038,0.08412392740307321
0.6779546311530595,0.6921919279383039,-0.06397156362389433,-0.0816972868158441
0.7285198606951637,0.7325010958470158,0.050565229542104184,0.04301353696963672
0.7346456345592188,0.7516017003204438,0.006125773864055106,0.005564229048300113
0.8252628163115586,0.82419655570532,0.09061718175233979,0.08151346584650376
0.806140638645474,0.788776389640999,-0.019122177666084594,-0.02097876197843782
0.7197464173028107,0.7092611333138262,-0.08639422134266328,-0.08680191934374018
0.6949597057519632,0.6810323601620968,-0.02478671155084755,-0.03212421543868702
0.7700562057017294,0.7955355428614203,0.0750964999497662,0.05585057928052592
0.792668585944655,0.7878762198149057,0.022612380242925556,0.00679561898045632
0.7485257325600108,0.7769049422439088,-0.04414285338464419,-0.051764102212505894
0.846133260404315,0.880058438810829,0.09760752784430426,0.10262404331529565
0.8108434809608039,0.7689434739155082,-0.03528977944351108,-0.029249250058350232
0.7567963863661217,0.763245899690392,-0.054047094594682266,-0.07455121325834724
0.7182948866302273,0.7122065657389551,-0.03850149973589434,-0.04749647439562838
0.9236898907920231,0.9163966050899266,0.2053950041617958,0.20191575660635358
0.7429513735627707,0.7049382282287656,-0.18073851722925238,-0.17245167048694468
0.8340969262776965,0.8458222560853523,0.09114555271492575,0.09778496368234622
0.7290889285769424,0.7273342175265606,-0.10500799770075409,-0.11277973444721383
0.6868254678429977,0.6838312619574279,-0.04226346073394471,-0.042937892788320726
0.7490503375492243,0.7625908008359809,0.06222486970622665,0.054712826333756015
0.6819706399005896,0.6942013968795382,-0.06707969764863475,-0.07406024566491382
0.816128202668763,0.8392797498070493,0.13415756276817337,0.1438530919063736
0.806154765480055,0.7690403988329163,-0.009973437188707912,-0.008274366821675651
0.826763534928057,0.8005341867446807,0.02060876944800194,0.013144577483317078
0.7001939687284668,0.6928980997774336,-0.12656956619959014,-0.14221781601104774
0.7982057591948692,0.8229896702615773,0.0980117904664024,0.11834507477099537
0.6905550010778092,0.6887489735840641,-0.10765075811706004,-0.10234066375735083
0.7552299358568164,0.7759908336255319,0.06467493477900721,0.07784096904944784
0.8295747350196194,0.856300809607734,0.07434479916280301,0.07503905733391236
0.8055943304977131,0.8084468305591584,-0.023980404521906307,-0.024170295157741363
0.7761905477399382,0.7779924395615078,-0.029403782757774888,-0.039791553758006346
0.6994511981760557,0.6952031586205658,-0.07673934956388251,-0.06822277268119148
0.7697970587036272,0.7472031370026574,0.07034586052757152,0.05905586571771901
0.816336673657455,0.814200432107967,0.046539614953827746,0.05966630011998142
0.799669309165037,0.8362138596434483,-0.016667364492418013,-0.01859535209878253
0.8206559152172026,0.8157948073044455,0.020986606052165624,0.02582233982981831
0.6956430275856291,0.7174329531017704,-0.12501288763157348,-0.11261896934981215
0.8032816694393575,0.8088615808531662,0.1076386418537284,0.1082940061356324
0.750135082929282,0.7316642626224324,-0.05314658651007553,-0.06035864690835713
0.7047776285555878,0.7252891315074753,-0.045357454373694206,-0.030556324443296548
0.8190841236526798,0.8319450657119434,0.11430649509709201,0.11999409580238442
0.7787483458178808,0.7703900566754401,-0.040335777834799025,-0.034670170119602065
0.7956971595773116,0.8043498946113573,0.016948813759430803,0.0041464651122667985
0.7419164217182335,0.7537389145184689,-0.05378073785907811,-0.05503434102448039
0.8092169892599108,0.8014993231562515,0.06730056754167735,0.06345232054453995
0.723548678637973,0.7320613069306,-0.0856683106219378,-0.07666603003452169
0.8223021131471598,0.8477120180403794,0.09875343450918683,0.11322314466799051
0.7863707042971538,0.7990233435710056,-0.03593140885000601,-0.033580094280661645
0.8078391064278477,0.837263253163168,0.021468402130693898,0.014156249145585751
0.7994719984289644,0.7922076982955494,-0.008367107998883294,-0.013913454495757746
0.7784531697595846,0.7588205393292001,-0.021018828669379874,-0.02790814239246505
0.7221412229155396,0.7109104378065668,-0.05631194684404495,-0.07084423038506978
0.7577352184614387,0.7725852122589348,0.03559399554589904,0.022634655139052717
0.705112076670295,0.6964977976457603,-0.05262314179114369,-0.04782589164936339
0.7742400266519311,0.7630575237057949,0.06912794998163618,0.08175721000670115
0.7591117331823003,0.7720063987728542,-0.015128293469630849,-0.021280494977861598
0.7878128179012434,0.7898904705608228,0.02870108471894306,0.013410421427077322
0.8109510052069466,0.7953791038463496,0.023138187305703273,0.010122311674825319
0.8590655028824321,0.848335714371798,0.04811449767548548,0.05376702614695915
0.721907783861702,0.7132515899983909,-0.13715771902073015,-0.12432838483084153
0.7988516184961872,0.7789030927936171,0.07694383463448529,0.0905334171817556
0.8609223811532829,0.8665691884009615,0.06207076265709566,0.0861019598336222
0.7997042513906699,0.8094735440823531,-0.06121812976261298,-0.058756312224690924
0.8236036990062897,0.8349994070564574,0.023899447615619795,0.021587915203019874
0.7992869987449096,0.8023246679489112,-0.02431670026138011,-0.019955507698079286
0.7615512216712893,0.7833888465120569,-0.0377357770736203,-0.04316352768707724
0.6421701178122,0.6495003727060402,-0.11938110385908929,-0.13150513979116393
0.7014771195309197,0.6748416914561619,0.05930700171871972,0.04648710648317132
0.8189898640149758,0.8634670032894335,0.11751274448405602,0.11569970897401098
0.8395111573321374,0.8266840880734838,0.020521293317161682,0.016869636836551027
0.6782172384160725,0.6747546064777076,-0.16129391891606493,-0.14481569885453188
0.8258253771388255,0.8032429080910448,0.14760813872275302,0.1594653083837872
0.817499120399137,0.8325589932063128,-0.008326256739688565,0.007627108679187894
0.8492086091116702,0.8311536488488392,0.03170948871253321,0.046143209105842325
0.7407929199845837,0.7531504555220332,-0.10841568912708643,-0.12434800945786831
0.8156740454162769,0.7933993230214436,0.07488112543169312,0.07391826728700775
0.8184669702212057,0.817727798481818,0.0027929248049288757,0.004842335270619884
0.7372094763157937,0.7379480877059029,-0.08125749390541204,-0.07642899935184319
0.8738387717831044,0.8535831778443177,0.13662929546731073,0.14980011734775595
0.8044722479936239,0.8095299846747,-0.0693665237894805,-0.07596153511697551
0.7883364332987702,0.8332883959202209,-0.0161358146948537,-0.01838764289271897
0.7518454065918635,0.776716533689834,-0.03649102670690674,-0.04769232703052785
0.8466777418287778,0.8651336189801337,0.09483233523691426,0.09023406509471771
0.7991811563496802,0.7924117064518751,-0.04749658547909752,-0.0381457602447919
0.8473416626662811,0.859738643607166,0.04816050631660085,0.04216037928938936
0.7828554094213879,0.7719136541966902,-0.06448625324489321,-0.06936292157780113
0.8192547705913363,0.8593191848747858,0.03639936116994846,0.05781658445534679
0.8167762740865567,0.8162089643652142,-0.0024784965047796037,-0.01715917213432465
0.794085334137853,0.7973635760850889,-0.022690939948703748,-0.018109420228453202
0.7368881152281505,0.7459827734461332,-0.05719721890970253,-0.06927715965521042
0.7594885199262115,0.741113268818754,0.022600404698061016,0.039067670849987954
0.7852810755715351,0.7804748179817618,0.025792555645323678,0.02904256943893399
0.7195176480176266,0.7223724628703663,-0.06576342755390852,-0.05463574796973375
0.7759887802025554,0.7910269853070483,0.05647113218492872,0.05631072940276989
0.8460438111193381,0.8807180976400799,0.07005503091678278,0.08470223359279047
0.7920628950899528,0.7717765319141389,-0.05398091602938537,-0.05332679293986185
0.7055950251263344,0.6988219279336929,-0.08646786996361833,-0.0906081113211159
0.8029216527560907,0.7730490929540768,0.0973266276297563,0.0923913101888328
0.7671165195104345,0.8009203206622004,-0.03580513324565626,-0.042832650842304414
0.8446203957951064,0.8294049131977977,0.07750387628467192,0.08830417349247804
0.7989833454087064,0.800993978507032,-0.04563705038639998,-0.05572001425278682
0.8284533261918293,0.8453259028949145,0.029469980783122907,0.02365798004640884
0.8076158431474885,0.8005999574222377,-0.020837483044340854,-0.02656047652582791
0.7339158457558257,0.7271794370376771,-0.07369999739166277,-0.08386781474486459
0.8162312330570484,0.7984264425678642,0.08231538730122268,0.07587645875066239
0.6978567136288265,0.685029869449627,-0.11837451942822186,-0.1213620459591954
0.666917432770135,0.6523094888927233,-0.030939280858691465,-0.03503347474225605
0.7898262637817195,0.7659037169155253,0.12290883101158445,0.13476546201018888
0.7994932707715943,0.8215049796837909,0.009667006989874771,0.017532177575446936
0.7760534110660787,0.7626263751358667,-0.023439859705515542,-0.026883667264140314
0.7153186221817853,0.7210859785078552,-0.0607347888842934,-0.0815835153933305
0.7706987782790995,0.7838193731413816,0.05538015609731417,0.048837936274555085
0.808054690530181,0.7974938481545267,0.03735591225108148,0.03375301518834878
0.8676729600336358,0.8860662497922556,0.059618269503454835,0.0626811737550563
0.8398618606736644,0.8118938641870099,-0.027811099359971392,-0.031150001630744946
0.7943434612313931,0.7909502218557922,-0.04551839944227132,-0.04177290944915566
0.7757300120420751,0.8016644878302206,-0.018613449189317954,-0.011235148756578456
0.8064178541494345,0.8271656002233355,0.03068784210735931,0.01545771228925824
0.7599924924352051,0.793306913434644,-0.046425361714229396,-0.04451755814064781
0.8130472724490576,0.8277264555147253,0.053054780013852554,0.07310306909640447
0.7597825440083572,0.759466251760913,-0.053264728440700404,-0.05935952536754931
0.7681016505366804,0.8045705089602608,0.008319106528323239,0.01651865633815044
0.8323429637003017,0.8189721276472096,0.06424131316362125,0.05312123630495592
0.7469641317253359,0.7551574454452525,-0.08537883197496576,-0.08501302678893903
0.8406556141176786,0.8611653108843434,0.0936914823923427,0.1126395386717541
0.7117678899218424,0.7447241478057753,-0.12888772419583627,-0.13055878558855039
0.8167965091233832,0.8351689539186651,0.10502861920154083,0.11282117489010811
0.7681682317433087,0.7377719416700702,-0.04862827738007447,-0.06271668021674834
0.790275847111322,0.7913945509339257,0.02210761536801331,0.024381644852873825
0.786302247538635,0.7974117142836699,-0.003973599572687059,-0.01668145613393542
0.86320967807624,0.8395492537673083,0.07690743053760507,0.0762278672772456
0.8269571741925861,0.7994078992365811,-0.036252503883653975,-0.045333201036387286
0.7344326197187461,0.7406545575341824,-0.09252455447384,-0.12333630695812978
0.8223602434590119,0.8172065671599708,0.08792762374026586,0.09270898319211694
0.6965877247302331,0.6703753417833156,-0.12577251872877881,-0.12672149935387225
0.7744562265760097,0.7431698624076049,0.07786850184577654,0.08575340032475363
0.7913242965164048,0.7657005514610833,0.016868069940395136,0.012748227461381934
0.7509894902491818,0.7643018688351512,-0.04033480626722297,-0.0370575907405383
0.8241416530670475,0.8014241720924753,0.07315216281786563,0.07679314030753219
0.837819150012699,0.8110413322992641,0.013677496945651568,0.006462563720119136
0.7988283626205513,0.7890324849744293,-0.038990787392147674,-0.036911131552442134
0.7706846805492088,0.786557132671781,-0.028143682071342546,-0.04133003093100428
0.7628794596392303,0.734147889765947,-0.007805220909978483,-0.007733401719965225
0.8781345005274618,0.882940745140173,0.11525504088823146,0.11133516410356016
0.8039082452456827,0.8096126677772975,-0.07422625528177906,-0.08088543978416883
0.8229278215964638,0.811665404641553,0.01901957635078111,0.006586060423078658
0.7997004095216278,0.8047717022934311,-0.02322741207483603,-0.02148800616559434
0.8984490407943818,0.9214900348176643,0.09874863127275402,0.11019470603954588
0.8593300176642117,0.8521815291922434,-0.03911902313017013,-0.04052279738858382
0.8120324449076007,0.8480221297000822,-0.04729757275661095,-0.06060716399552289
0.8621474758225328,0.8501073508076364,0.05011503091493208,0.043890159969973724
0.744458436879487,0.765153088717602,-0.11768903894304583,-0.11252252125910917
0.7885796379397886,0.768563321029811,0.044121201060301596,0.0427999279929749
0.7995759125678317,0.8037256882774895,0.01099627462804309,0.003836045288227223
0.7829901087795706,0.7843300009657911,-0.016585803788261022,-0.015050128751936894
0.7629384753543688,0.7570515226245368,-0.020051633425201887,-0.03357553331376088
0.8654354627899755,0.8474092700493396,0.10249698743560676,0.09665228872234843
0.8400540282137252,0.8805749905311367,-0.025381434576250306,-0.017835797844376
0.8184283081451944,0.8242461488083462,-0.021625720068530807,-0.015041671870283792
0.8153109961872025,0.7729128349509418,-0.0031173119579919195,-0.035080297854239835
0.8647481279423987,0.8716052486773711,0.04943713175519626,0.06003231332141301
0.8355254513842909,0.8408650721633937,-0.02922267655810784,-0.04385119039690506
0.7692457706972389,0.7913127218345468,-0.06627968068705203,-0.0642672299526033
0.7654425048637149,0.7715483979843686,-0.003803265833523972,-0.0019119536246837829
0.7929514246070235,0.7742198392381371,0.027508919743308602,0.030510525275006944
0.8079682016170423,0.8064820219806169,0.0150167770100188,0.02404602000243519
0.8779432359354946,0.8494676613662246,0.06997503431845231,0.06957595544903049
0.836133263910675,0.8713487619322866,-0.04180997202481962,-0.06526670823999811
0.8114751928265611,0.831711176744611,-0.024658071084113886,-0.03021648760201865
0.7606224547175131,0.7659892696714016,-0.050852738109048,-0.06904364588023276
0.776165042321067,0.7998745283079882,0.01554258760355387,0.014363215013341028
0.7656579773132103,0.7745552799786429,-0.010507065007856697,-0.01737351018038855
0.7281384613631862,0.693717195824035,-0.03751951595002412,-0.03585465310736387
0.796995039599104,0.7946463525264867,0.06885657823591784,0.06771265900299703
0.7583870954429599,0.7262624392915996,-0.0386079441561441,-0.05023912832332412
0.8128588004103346,0.8091986695517969,0.054471704967374746,0.06500620672751237
0.8033325906026836,0.818720683581127,-0.009526209807651065,-0.03053620212721527
0.8315542764230326,0.8313341749236758,0.028221685820349007,0.017377071979533507
0.8171665982086639,0.7891803895344228,-0.014387678214368704,-0.010677371609315221
0.8214357609688754,0.8190990796012799,0.004269162760211498,-0.006093322224208442
0.8167581297150923,0.8046190446518213,-0.0046776312537830655,0.01396696770535923
0.7845916871207121,0.7712769790058346,-0.032166442594380174,-0.04640666856452509
0.8383954202634396,0.8260025410309308,0.05380373314272746,0.06296416099169883
0.8536014270874951,0.8460047631342481,0.015206006824055485,0.013920008568849123
0.8649216524144616,0.8730015321920626,0.011320225326966527,0.004202530677713589
0.7465290539573562,0.738408198582058,-0.11839259845710537,-0.12181217233486355
0.8755136009514533,0.9153685030977717,0.128984546994097,0.11899206172422577
0.8494252095682602,0.8449515663273702,-0.026088391383193077,-0.01999389555210263
0.8293309469374359,0.8316518267796177,-0.020094262630824256,-0.03412011060305121
0.8376207863440044,0.8468364527571363,0.008289839406568467,0.0115750670292766
0.7908547309247924,0.8124742972887419,-0.04676605541921197,-0.053015430327247974
0.83807844909183,0.8194225691767524,0.04722371816703763,0.042326444268453264
0.8628394841249448,0.8308207013179012,0.024761035033114775,0.004026836891942869
0.7632932539380842,0.7566498022360422,-0.0995462301868606,-0.09574526104335414
0.8081589847076661,0.8021657178640376,0.04486573076958189,0.03336243885611878
0.8415051809084715,0.8137257225303877,0.03334619620080537,0.04479093751289092
0.8535435294320002,0.8350676799937038,0.012038348523528697,0.024012016484210797
0.7712158460167087,0.7656293443865456,-0.08232768341529151,-0.07849833285393816
0.9187847311340112,0.93464133038968,0.14756888511730248,0.15547977525038642
0.8477979831590123,0.832356842785195,-0.07098674797499882,-0.06287905636871842
0.8374576166351022,0.8413360481798076,-0.010340366523910127,-0.017886599621536308
0.8036447685659329,0.8241252906282699,-0.03381284806916929,-0.030943752053607165
0.8137519271269065,0.7976161724332856,0.01010715856097355,-0.0003544138074813175
0.7997175297021228,0.8142814256910076,-0.014034397424783629,-0.0012681871337108797
0.8396479752111993,0.8240606324350753,0.03993044550907643,0.032807213015478995
0.8199368475349894,0.8195719628844031,-0.01971112767620986,-0.022813098071195446
0.7270846459213903,0.7191931265131853,-0.09285220161359908,-0.07075208530195747
0.8656332217907605,0.8565699938732111,0.1385485758693702,0.14089037909414492
0.8195266938273276,0.8217630839355415,-0.04610652796343295,-0.04051015928332095
0.8274156641417255,0.8539785990034133,0.007888970314397947,0.017646527870011287
0.8698240947191171,0.8476937001080452,0.04240843057739163,0.07013604160166118
0.9076834916838301,0.8918111266827217,0.037859396964712966,0.03866338299241379
0.8522680957502519,0.8616464967665806,-0.05541539593357825,-0.06236397370776185
0.8357749598298287,0.8380390616567454,-0.01649313592042312,-0.007288482274700045
0.8214150968925881,0.8480756401489683,-0.014359862937240675,-0.022915931916842814
0.7920618858573854,0.8242070155550411,-0.02935321103520272,-0.02727462628354788
0.8622340045570014,0.8675812806806048,0.07017211869961604,0.07030506329004463
0.8926947647725985,0.8928956604713956,0.03046076021559707,0.02713271140112674
0.8084107507724873,0.8456268422124191,-0.08428401400011121,-0.07655918474773243
0.8508772079804764,0.8273701269300099,0.04246645720798914,0.03514238559496186
0.7849216107834618,0.7358426376133154,-0.0659555971970146,-0.06173778385778084
0.8454263829909007,0.8418100798133256,0.060504772207438884,0.049507582647079454
0.79783423975111,0.7848960780269535,-0.04759214323979066,-0.03357657865237881
0.7622313528332857,0.7608510717767517,-0.03560288691782432,-0.0319459270769915
0.904468838033903,0.9182847367696114,0.1422374852006173,0.12779926638500705
0.7831445978616753,0.7836706662559856,-0.12132424017222765,-0.11820114339056544
0.7788157461652762,0.7628939960167876,-0.004328851696399183,-0.0028061828912884254
0.7823152381616377,0.8336740867980243,0.00349949199636157,0.01258111913197474
0.8440004932742435,0.8396922502476415,0.06168525511260581,0.061710654843855975
0.8144272763905959,0.8252276944581468,-0.02957321688364767,-0.026935930891795027
0.858583321840855,0.88013181231802,0.044156045450259085,0.0340700114217497
0.7985526995849526,0.7695171981690004,-0.06003062225590239,-0.0625937392603708
0.7571615303885679,0.7599818349002052,-0.041391169196384636,-0.055010336940906394
0.8230373912246078,0.8145865975996264,0.06587586083603991,0.06178866656668535
0.9385446962067345,0.9570497682059378,0.11550730498212669,0.124661742524846
0.7688017681023426,0.7596200924434128,-0.16974292810439195,-0.16823676224805928
0.8759612417109912,0.8774238586386718,0.10715947360864864,0.10353319785234302
0.8563599921202785,0.839565996231474,-0.019601249590712744,-0.021437778076957976
0.8807747022894784,0.8633162216351113,0.024414710169199938,0.015512999916268725
0.8743445355589223,0.8920775471129657,-0.006430166730556075,-0.013184295197725196
0.8084591524702275,0.8019925394199278,-0.06588538308869485,-0.059797973922442335
0.8962059931850697,0.8901293808418823,0.08774684071484218,0.08490602065807022
0.9104137921418033,0.924547703581183,0.01420779895673363,0.02067598920963171
0.7665585942561551,0.7826024691381664,-0.14385519788564816,-0.1414604535152445
0.8530122461815158,0.8036649668472319,0.0864536519253607,0.08658280646456003
0.9466262112479857,0.9331445038988218,0.0936139650664699,0.0880520637473884
0.7439272298471298,0.7456311293280635,-0.20269898140085596,-0.21176442799574693
0.9366540429407253,0.9269388707224416,0.19272681309359552,0.19409254297145562
0.8147595293528406,0.8350350933469486,-0.12189451358788472,-0.12159770794375772
0.8004301604181423,0.7837689980510485,-0.014329368934698272,-0.02136818389156591
0.8775909656399136,0.9078778785322159,0.07716080522177127,0.09089837711250899
0.8683949266077954,0.8883959569061269,-0.009196039032118186,-0.035530069540207064
0.8197998220367781,0.8474064295518248,-0.048595104571017234,-0.044237255116615845
0.8169616496105943,0.8159699493887794,-0.0028381724261838936,-0.024380417767357776
0.8900300761675621,0.8920317219465185,0.07306842655696788,0.0752262019683779
0.870820769245414,0.9012207845040383,-0.019209306922148173,-0.009993562990227607
0.8953972197962365,0.88567577020486,0.02457645055082258,0.010429527977754724
0.8527895227795581,0.8436855975419277,-0.042607697016678436,-0.039039352850216015
0.8511402920883809,0.8093892874600337,-0.0016492306911771726,-0.003392605090772813
0.8350454835524188,0.8316347480019634,-0.016094808535962124,-0.0003712575949941163
0.9014951089580316,0.8990927785694109,0.06644962540561283,0.0655965792498306
0.837001391503906,0.8329384995086386,-0.06449371745412569,-0.07201829303999568
0.9149611326723728,0.9170200297210478,0.07795974116846682,0.07980538100155278
0.8506318884881849,0.8076742163197966,-0.06432924418418784,-0.05481015582154872
0.8927753864347088,0.8999537345878292,0.042143497946523834,0.039704534123882154
0.8084383437228904,0.8619118490082609,-0.08433704271181841,-0.08353345680676025
0.8473557590005657,0.8681481767727988,0.03891741527767534,0.04181944911669874
0.8580673823837848,0.873378871758494,0.010711623383219071,0.014548672972766507
0.8660711238442235,0.8715116584056238,0.008003741460438696,0.021261390196697587
0.8884394778343405,0.8798230434009099,0.02236835399011705,0.02097423392681705
0.8614320347538524,0.8294682618317414,-0.02700744308048808,-0.028704280449011466
0.8003564011374279,0.7710339892431585,-0.06107563361642454,-0.04678126674337549
0.7914917942139852,0.8065683244998867,-0.008864606923442708,-0.0149036457785174
0.8853308528112164,0.8848290066846682,0.09383905859723118,0.0998807288088761
0.8396159841483329,0.8108664471174174,-0.045714868662883434,-0.06268701881669377
0.7431556061298406,0.7278693057431731,-0.09646037801849239,-0.10644373920656083
0.8456524393592704,0.8691856894161559,0.10249683322942982,0.1050369501783089
0.7872345716944527,0.8118112453811592,-0.05841786766481771,-0.04989233969665911
0.8654708357303328,0.843799677564463,0.07823626403588013,0.07502584784957932
0.8745250487412233,0.86078941507277,0.009054213010890488,0.012374265286459664
0.8193982565526431,0.8128665304586795,-0.05512679218858019,-0.06611981381963385
0.8180883212446604,0.8168417405295075,-0.0013099353079827347,-0.01203561558427864
0.8239594252547003,0.8116910768853391,0.005871104010039985,0.012657475499778997
0.7699825875079733,0.7477003660509159,-0.05397683774672701,-0.05858045920030905
0.9086608051782018,0.860727163324898,0.13867821767022848,0.14553103686307783
0.9170000809496848,0.8815949276395798,0.008339275771482968,0.008166509389498896
0.8656112531182334,0.8680702321801358,-0.05138882783145138,-0.03874662619418562
0.8584625052649523,0.8583295777196166,-0.007148747853281123,-0.009371602624935686
0.8672114142081531,0.8428028607556729,0.008748908943200795,0.022783691156910188
0.7889318228772031,0.8116222171980185,-0.07827959133094997,-0.08357138752304422
0.8936572960738055,0.8820092415182103,0.10472547319660241,0.11574946795367225
0.9311356690514836,0.9057565222128415,0.03747837297767809,0.043028288170730414
0.8489259555267511,0.8589347075651566,-0.0822097135247325,-0.10009343868901023
0.8515746339233099,0.8751571447576443,0.0026486783965588012,0.018718366774182597
0.800561774577175,0.8072468120173225,-0.051012859346134865,-0.06819028080707447
0.849724270905052,0.8537278582806188,0.04916249632787695,0.050297141604292044
0.8967100261686883,0.8924404250325494,0.04698575526363635,0.04797817912101307
0.8861013753725022,0.8870857107619331,-0.010608650796186114,-0.008948413085023029
0.8261447998260271,0.820006887248746,-0.059956575546475155,-0.047670347647856624
0.8609283796963857,0.8548370709021499,0.03478357987035863,0.006477509826415966
0.9383599635972664,0.9361860463681203,0.07743158390088067,0.07141405210225264
0.8777411740641126,0.8565386607215465,-0.060618789533153805,-0.059292013356170875
0.9165403089041245,0.9178136640154835,0.03879913484001196,0.0402553345488357
0.7973239933022921,0.8277970720111532,-0.11921631560183243,-0.1247762463921151
0.8696982975242865,0.8495584482076232,0.07237430422199442,0.06997236435115615
0.9063909573208642,0.8839717831480097,0.036692659796577654,0.03321987667258696
0.8853299505046003,0.8944643364048204,-0.021061006816263883,-0.034053581347643254
0.751191810010349,0.7338749828742953,-0.13413814049425132,-0.13633578218989775
0.8708225750890822,0.857269132026056,0.11963076507873327,0.10885007646393702
0.8524329927356605,0.8864597001697512,-0.018389582353421696,-0.027586542774491737
0.8732668313160894,0.8597772127620142,0.020833838580428865,0.017729641453320705
0.906382332448122,0.8917073115340857,0.033115501132032654,0.04386015217555123
0.8616009686902002,0.8606418510379108,-0.044781363757921855,-0.034947876464978045
0.8428138749274191,0.8252196694861053,-0.018787093762781093,0.001661896573269362
0.8383994317003,0.8465363348069012,-0.004414443227119147,0.002324269829834977
0.7453468538947792,0.7028737307505148,-0.09305257780552079,-0.08844679649955381
0.9098275408280928,0.8954259094638668,0.16448068693331364,0.15234518320058307
0.9403009486316539,0.9116149451370499,0.030473407803561114,0.03506254306585903
0.8132615495558199,0.7919995819469747,-0.12703939907583406,-0.12373859596922172
0.8906428186059634,0.9015243676018369,0.07738126905014353,0.07439896947439079
0.903346049647217,0.900855206256277,0.012703231041253593,0.02236152951201568
0.900577606220793,0.8792520051063243,-0.0027684434264240165,-0.006602478808259786
0.84519140093804,0.8176312320898942,-0.055386205282752954,-0.07088590393752892
0.9503947745537892,0.9691668872532515,0.10520337361574916,0.10458417271718065
0.842075794723623,0.8288928028006214,-0.10831897983016614,-0.12282616930649189
0.8369822306215156,0.8688884466199378,-0.005093564102107484,0.0008303968278935104
0.8941644266731026,0.893006359692101,0.05718219605158703,0.05435682243896064
0.8679372830172053,0.8715495443321616,-0.02622714365589729,-0.024677646418422797
0.8857676528290205,0.8341624641233538,0.017830369811815183,0.01932379535483903
0.9319060253734542,0.9348746598391785,0.04613837254443376,0.046761791501992105
0.8385909555673505,0.8375817814775808,-0.09331506980610371,-0.09648987185322616
0.8280199523188821,0.8431096900569047,-0.01057100324846838,-0.03028313064323
0.9453867662594031,0.9141462976226704,0.11736681394052095,0.11890969549251314
0.8639130480867454,0.8766626514351594,-0.0814737181726577,-0.06239385346061956
0.9271014444041186,0.9157007565117867,0.06318839631737316,0.07316118265068249
0.8828545188520891,0.8941372753506729,-0.04424692555202947,-0.04683204379940997
0.8851584692912858,0.8938017496539246,0.0023039504391967336,0.009876262074273275
0.9041471532723937,0.8841887553777276,0.018988683981107868,0.03428143938713974
0.8816714268789876,0.8882646024661497,-0.022475726393406115,-0.04722340212258154
0.8976343133631238,0.9047742317721392,0.01596288648413624,0.013527601143290224
0.8856045711325302,0.8610501323314044,-0.01202974223059361,-0.01569838195312008
1.0357661072809659,1.0160469259857214,0.15016153614843564,0.1570841610256489
0.8435853170235753,0.8416526619102134,-0.19218079025739054,-0.1901481780538475
0.9480317696141118,0.9566454818026933,0.10444645259053653,0.09039325952637835
0.7958743586635233,0.8062275966236752,-0.15215741095058855,-0.14857928943067264
0.9220451647825668,0.9397388870494481,0.12617080611904352,0.11373804212372972
0.8890330982162523,0.9048154563172601,-0.0330120665663145,-0.027918099371639464
0.8448625764756428,0.8088893000383429,-0.044170521740609536,-0.0344339969163912
0.8719124659027153,0.8544739901092078,0.027049889427072538,0.024006453028059746
0.8299656047244043,0.8610046129678944,-0.041946861178311035,-0.04829660457431956
0.9320562105857709,0.9407385698071264,0.10209060586136665,0.106108848875934
0.891281570857992,0.8851292840551634,-0.04077463972777895,-0.05175821676262903
0.8458096791253443,0.8478051330203515,-0.04547189173264765,-0.04033044812201156
0.7937096342733918,0.8166019490926075,-0.05210004485195252,-0.0555864675169111
0.728481621433681,0.7610197476613626,-0.0652280128397108,-0.04093091257341905
0.8456723053867434,0.8273751642373618,0.11719068395306242,0.09885262281175011
0.917238250889002,0.9453417462622715,0.07156594550225859,0.058658365113983785
0.8775556229433401,0.8717738501690988,-0.03968262794566191,-0.03247410478829552
0.9386305541232677,0.9297104003012298,0.06107493117992757,0.049090223321797126
0.9013375701779655,0.9022272800060762,-0.03729298394530223,-0.032233230894808645
0.853920786547748,0.8247821675661862,-0.04741678363021751,-0.05623784625366887
0.9163545527529933,0.937021223712852,0.06243376620524532,0.05866005174211277
0.8489076863737046,0.8484058644882664,-0.06744686637928865,-0.07707514834699354
0.8174375215771652,0.8232130417105139,-0.03147016479653941,-0.02874701701899266
0.9017307873826125,0.893079921453053,0.08429326580544727,0.09840671050375037
0.8805313244925983,0.873025089374295,-0.021199462890014176,-0.0027316200283456077
0.8035598626555184,0.8481889195033239,-0.07697146183707992,-0.06890003209547005
0.8071485126161182,0.8043226609010176,0.0035886499605998212,0.008019780760635512
0.9207771006122286,0.8983673891452935,0.11362858799611042,0.12012044382190765
0.8987846812368157,0.8971075188987586,-0.021992419375412964,-0.04127208127733224
0.9754472687438884,0.9783863668625796,0.07666258750707278,0.07510946025043491
0.9531610383648222,0.9457540054113386,-0.022286230379066185,-0.022826506336753663
0.8772314803038175,0.8676020174234115,-0.07592955806100476,-0.0742096133914068
0.9123483891829174,0.9253530121378715,0.035116908879099906,0.04223227440430039
0.9062182988943841,0.9065373429150296,-0.006130090288533285,-0.018533463622148118
0.9629694984811819,0.9689523933698833,0.05675119958679775,0.0544997111379554
0.9231616012789272,0.937978847216683,-0.03980789720225464,-0.03667287526254923
0.9623888581333673,0.967672006043784,0.03922725685444006,0.03907761647196698
0.8752607305016519,0.8539318199525451,-0.0871281276317154,-0.07833373312037438
0.8097766926029817,0.8126748059793565,-0.06548403789867019,-0.06712519122861123
0.9784717744420157,0.9572930050207782,0.16869508183903403,0.15744891682559936
0.9401577163495972,0.9295507883247801,-0.0383140580924185,-0.020968680731479113
0.8517778716624318,0.7959642942799526,-0.08837984468716542,-0.07341994872120915
0.9355270150546595,0.945916545168336,0.08374914339222772,0.08620191601099028
0.8084177459161466,0.8264150842260305,-0.12710926913851295,-0.12583224119653177
0.8466571113407011,0.8434112060143116,0.03823936542455453,0.05225291787596169
0.9135774143724603,0.9069353315011888,0.06692030303175922,0.07746761097158131
0.8697705008539679,0.8292892080262603,-0.04380691351849242,-0.034832953928523994
0.8500537442291853,0.8882584078646475,-0.01971675662478256,-0.03928242239213966
0.8757591770127225,0.8298186894290212,0.025705432783537208,0.013011952004473484
0.9000172159933495,0.8742943758115574,0.02425803898062695,0.019682726001860898
0.7855011539483291,0.7951448827307604,-0.1145160620450204,-0.10047255563490813
0.8023434794117912,0.7797633053658034,0.016842325463462093,0.006482847290596814
0.9405186744641199,0.9326137749614151,0.13817519505232867,0.12799968761430763
0.9612857120452315,0.9646607934419931,0.020767037581111647,0.006458096939307795
0.9242011080766931,0.9499902705548144,-0.03708460396853841,-0.047932948951156955
0.8933881050515583,0.9066340900525639,-0.03081300302513479,-0.02448227391566482
0.9602029060959275,0.9391894932229018,0.06681480104436921,0.04844621109560578
0.8390659194489193,0.8126535640424065,-0.12113698664700823,-0.11687974733364033
0.9803915872731277,1.0238963573813764,0.1413256678242084,0.1448008036792346
0.834467822572118,0.8260848620771062,-0.14592376470100965,-0.1494719938996233
0.8974543520812672,0.9268455490130937,0.06298652950914918,0.06691048987872243
0.8698122390317465,0.8628322597528314,-0.02764211304952069,-0.014010243623577943
0.9587856857034318,0.9662640872807745,0.08897344667168527,0.09636691420025034
0.9489274304060944,0.9588184652976321,-0.009858255297337415,-0.016458152003901386
0.8818515846862933,0.8940456050350989,-0.06707584571980107,-0.05791315079279359
0.9172610227296185,0.9209898197786541,0.03540943804332519,0.032087005444392615
0.9222217027982359,0.9498264635108535,0.004960680068617385,0.0063738253697955514
0.859984933192926,0.85604315303312,-0.06223676960530988,-0.05267953218040797
0.7807059542552569,0.7646274496160936,-0.07927897893766911,-0.08756905883751548
0.9508838041409701,0.934332626108536,0.17017784988571316,0.15191965717723568
0.8615483007057141,0.8640790909848989,-0.08933550343525598,-0.08050867781185753
0.8517338679520936,0.8310147924647844,-0.009814432753620483,-0.006418699973572018
0.9215666419636203,0.9440791962490476,0.06983277401152665,0.06878048079642303
0.8866092129809967,0.8783978225638546,-0.03495742898262355,-0.053150655487957776
0.9294170392830379,0.9180649610497337,0.04280782630204116,0.03695227036894411
0.9133864908625092,0.9512532425023144,-0.016030548420528645,-0.004913983820155569
0.8792483116882714,0.9028793508656651,-0.03413817917423778,-0.02009463719793495
0.8721473992398865,0.8769373532625314,-0.007100912448384955,-0.015957560962845806
0.8474433183740353,0.857353193171103,-0.024704080865851186,-0.03670218740498243
0.8877215364977846,0.8780297467313276,0.04027821812374932,0.04789954096487708
0.9161275871540046,0.9261758610709068,0.028406050656219928,0.03163334233552848
0.9059618660030659,0.9173818906485771,-0.010165721150938611,-0.004514617974159826
0.8555843997418339,0.8441904239594348,-0.05037746626123207,-0.057263451854309005
0.9504925886556315,0.9293582845358513,0.0949081889137976,0.10623241419014916
0.887432273127924,0.9182097935482947,-0.06306031552770741,-0.06119644666355032
0.8843511571267857,0.9298422437196359,-0.003081116001138362,-0.02352938324094749
0.949776459144035,0.9579151898702605,0.06542530201724928,0.08029145748534305
0.9162176017562551,0.9435809348273407,-0.03355885738777986,-0.03774584885810566
0.9905950652929435,0.9905083720939041,0.07437746353668839,0.06470462753499664
1.009319351440468,0.995356988587855,0.018724286147524416,0.021066792871484784
0.9176926362828363,0.87654081559908,-0.09162671515763166,-0.06514231629269661
1.0081132846986325,1.0057088103022012,0.09042064841579622,0.08420133122597617
0.9037551871805259,0.9205748262912592,-0.10435809751810654,-0.10213398191282268
0.9281353960653639,0.9169369022071133,0.02438020888483794,0.02592439197533862
0.9003582631540004,0.9086860338445304,-0.027777132911363522,-0.01747659168146752
0.9348856990864239,0.9526016551213917,0.03452743593242358,0.03456135877286693
0.9045360611151235,0.8999946307420951,-0.030349637971300414,-0.015924331260731596
0.955775570195588,0.9444955231572029,0.051239509080464485,0.06016393689487182
0.9380217143674152,0.923745450212048,-0.017753855828172793,0.00019689478046861983
0.9315476623365015,0.9487406330921366,-0.006474052030913668,0.0042462303436429615
0.8944025122817407,0.8769644452306508,-0.03714515005476082,-0.050945562492909754
0.891988225836815,0.9124048986056553,-0.002414286444925695,-0.0032456345391731955
0.9672005456744655,0.9600291747103687,0.07521231983765042,0.07749159106128144
0.8935649255860383,0.9201831702909785,-0.07363562008842717,-0.07683040083731117
0.8937697086793066,0.8942713091604568,0.00020478309326832367,0.019787727763635684
0.9038348948246592,0.9013877168845413,0.010065186145352567,0.013376091783934122
0.9908216886830293,0.9785920997942075,0.08698679385837016,0.0919358184593269
0.8044775635497131,0.7673985532899803,-0.18634412513331622,-0.1756173009070399
0.8262887912186668,0.8307056432523107,0.021811227668953714,0.01197152368386296
0.8302566817754292,0.8066797054569883,0.003967890556762388,0.005063299446716734
0.865575288007423,0.8695736094190133,0.03531860623199379,0.03633506944359457
0.8979283956601274,0.9068335478040226,0.03235310765270438,0.029080691376000046
0.9340167036062049,0.9235837430871169,0.036088307946077536,0.04141277080524583
0.8748179049547747,0.8730498437744502,-0.059198798651430184,-0.04446084578424668
0.8405320017033284,0.8285149540298306,-0.034285903251446315,-0.02996637905222372
0.8568371593446592,0.863755402560486,0.01630515764133078,0.0018088396851145341
0.9604596750326829,0.9552977747085367,0.10362251568802372,0.10833698654566978
0.9428720438959318,0.9168652395737987,-0.017587631136751103,-0.028520905162973426
0.9031916513565275,0.9067653187975258,-0.03968039253940436,-0.04182669910367438
0.913150810797518,0.8942353134314656,0.009959159440990573,0.004410618687182625
0.9714255748522612,0.9710972875038283,0.05827476405474319,0.0521690194348605
0.9005997284619408,0.8952042727923076,-0.07082584639032041,-0.06010769113846377
0.881647049957466,0.9216396362552564,-0.018952678504474796,-0.02157551363212474
0.8920048331815542,0.8999409212733179,0.010357783224088202,0.0033557565736020336
0.8945790167029821,0.9078293999414863,0.0025741835214279085,0.002211944826823979
0.9414118440661311,0.9399158468952894,0.04683282736314898,0.06080134693891746
0.8752316983539299,0.8888821472070679,-0.06618014571220121,-0.06687986884007069
0.9987593185862724,1.001945205818326,0.12352762023234254,0.09629371284555141
0.8991118729014903,0.8883751057558852,-0.09964744568478212,-0.0949947651392309
0.9420416341284004,0.9503358473924735,0.04292976122691006,0.0406684039523299
0.9125425194878904,0.9107386489439614,-0.029499114640509916,-0.022351437099853023
0.8331257593341288,0.8315331166660045,-0.07941676015376165,-0.0841365099338306
0.9021650207948181,0.9305699407083581,0.06903926146068928,0.08234560194673667
0.9493202678735673,0.9525437931959093,0.047155247078749185,0.05078854800665718
0.8747159882204139,0.8877698593441272,-0.07460427965315342,-0.07147563972404432
0.9472937160993854,0.9084184416977111,0.07257772787897154,0.06270327311699064
1.0215142133365627,1.0405786967682709,0.07422049723717727,0.06471694090668022
0.9402392374167057,0.9496154951729957,-0.081274975919857,-0.08367054435546205
0.9536850106560162,0.9557520642404401,0.01344577323931051,0.026297357450507555
0.9285182406719316,0.9294513191543374,-0.025166769984084625,-0.026719627499430708
1.0011887655395442,0.9671513151956938,0.07267052486761261,0.07294435227804096
0.7597524441723675,0.7778600434848734,-0.24143632136717663,-0.24983706738310518
0.8968937734787326,0.9155083367763597,0.13714132930636502,0.12619184157285243
0.9556056593068801,0.9583328425392142,0.05871188582814757,0.05768708796534402
0.9731399438991172,0.9880467582436164,0.01753428459223705,0.00810863015755187
0.8966840621985326,0.9289054452576049,-0.0764558817005846,-0.0914929174714467
0.8402151204707133,0.8470201519676565,-0.056468941727819244,-0.04377582748797215
0.8680443477757998,0.8626203382887643,0.027829227305086413,0.03476990649079195
0.9401346818918336,0.9394393882976858,0.07209033411603383,0.07262638472539355
0.9697534755286225,0.9891698129089395,0.029618793636788876,0.026493733333649332
0.884259489983231,0.9233466056896875,-0.08549398554539145,-0.07798607766266871
0.9202602008512893,0.9247033460400435,0.03600071086805834,0.01670432373169949
0.966550001794572,0.9651583067202157,0.04628980094328261,0.03534123578257598
0.9429634017082809,0.8947098771561355,-0.0235866000862911,-0.014473825367843097
1.0081754479847853,1.005104753502662,0.06521204627650445,0.06708572608186907
0.8965281071800422,0.9022140090526918,-0.11164734080474314,-0.11138536645159453
0.9596266838498689,0.9528045649345056,0.06309857666982677,0.07277496897586985
0.8476390237082391,0.8518623036872026,-0.11198766014162986,-0.12463626313183691
0.9139470208032109,0.9247401469328832,0.06630799709497182,0.048237824830344625
0.8564550000833915,0.8231133358485917,-0.0574920207198194,-0.06943222519604807
0.8896405116466992,0.8985075165282455,0.033185511563307735,0.026797471845544537
0.9804814889136989,0.9953178766109997,0.09084097726699969,0.07947447647249711
0.8595874042692461,0.8592565925349176,-0.12089408464445284,-0.1331519216823838
0.914598515931352,0.9282543544554919,0.05501111166210593,0.05955601569904539
0.9552488875072739,0.9121387661381003,0.040650371575921884,0.047895651245030396
1.0057306268165904,1.0361149981444708,0.05048173930931654,0.05549485176955021
0.8867539211883678,0.8900434258633316,-0.1189767056282226,-0.1266169096191444
0.9563588531870465,0.9561818957373721,0.06960493199867868,0.06522580575987663
0.8228297507628812,0.8397041409615981,-0.13352910242416527,-0.1279804211913448
0.9230035732016212,0.8960299127950409,0.10017382243873996,0.10043468771823982
1.0112179079735553,1.00015363520803,0.08821433477193408,0.09953387087322983
0.97740543585566,0.9717739432013358,-0.03381247211789529,-0.0421005898359293
0.9376731671872152,0.9045549381368803,-0.039732268668444815,-0.016639040604719674
0.8828882485628353,0.8537585027049306,-0.05478491862437984,-0.0651745505868036
0.9274746102244802,0.9165397404276296,0.04458636166164487,0.04340436025546334
0.9666993195000535,0.9621761783945866,0.03922470927557331,0.04679794524473113
0.8408224813411183,0.8237328547801095,-0.12587683815893524,-0.14152448237372328
0.9486936861706168,1.0035384621401309,0.10787120482949852,0.11556461955197188
0.8962647068420632,0.9190424854503276,-0.052428979328553615,-0.04173477643846854
0.8879767956635509,0.8946578975260812,-0.008287911178512242,0.00048126330633993693
0.8950679353846871,0.896414410371105,0.007091139721136175,-0.006761746016436655
0.93502322427965,0.921762178649988,0.039955288894962915,0.039126477820316016
0.9700993353917784,0.97573956481564,0.03507611111212838,0.024650731415889592
0.8807026085573092,0.8686498303745089,-0.0893967268344692,-0.08415217359844226
0.8442111890458309,0.8386459211593591,-0.036491419511478274,-0.032846117536975486
0.9896412895569644,1.0068244031260254,0.14543010051113348,0.15804803889797445
0.8657932681433381,0.8880842875873594,-0.12384802141362627,-0.1245272144417416
0.8282721617458124,0.8187357514372233,-0.037521106397525705,-0.04097245950821357
0.9463430280065104,0.9478080955389369,0.11807086626069796,0.10197446884432304
0.9744747735616074,0.9438086759421066,0.02813174555509701,0.024280347891010235
0.9150176506314994,0.9244810516339321,-0.059457122930107964,-0.05874302901116134
0.8697847800471378,0.9294350106920631,-0.04523287058436165,-0.046065079331651236
0.893893455094332,0.8880397069731826,0.024108675047194272,0.03332336912574245
0.9417376300113653,0.919510299377332,0.0478441749170333,0.06309277162953046
0.9629616959689085,0.9414803212227607,0.021224065957543115,0.031158359596134347
0.9475382538846416,0.9676993503289169,-0.015423442084266825,-0.017260433888081267
0.9525428963606363,0.9472484304613835,0.005004642475994636,0.009861764554169553
0.9207118294810078,0.8731215627198028,-0.031831066879628445,-0.05908797338528912
0.8619055388541881,0.8829769787611238,-0.058806290626819746,-0.06330024298417893
0.9392194912874807,0.9416961825627215,0.07731395243329264,0.08458999509533079
0.9541272427129616,0.9459973907078882,0.014907751425480842,-0.012539724441632361
0.9254706483327027,0.9338585280272309,-0.028656594380258915,-0.021736032550253005
0.9171192880418574,0.9259879742068727,-0.008351360290845267,-0.004441462617982531
0.9015294184641831,0.9086440810602296,-0.015589869577674276,-0.012668897381929967
0.9913526345878114,1.002249688652156,0.08982321612362831,0.07935483901281123
0.9246570428783867,0.9156850915705806,-0.06669559170942474,-0.07248947201217561
0.9156838639001748,0.9347315084736455,-0.008973178978211926,-0.02071059722491185
0.9086941725247488,0.9109658049785785,-0.006989691375425933,-0.006780965011223559
0.9618613941216108,0.9602774739676978,0.053167221596861935,0.048504340293809185
0.8731800766467479,0.89514737631188,-0.08868131747486285,-0.10040443675605157
0.931857566723458,0.9179716725763007,0.05867749007671008,0.0498110901054411
1.006841151811525,1.032860914284099,0.07498358508806702,0.08379568734097777
0.8885454693049339,0.9155715276620799,-0.11829568250659106,-0.11099615881840616
0.904575929650194,0.9100710134155792,0.01603046034526001,0.027024649186078435
0.9516670795513784,0.9498778560404999,0.04709114990118446,0.04913285580754762
0.9390391969968217,0.9337679905817948,-0.012627882554556713,-0.017486863417129867
1.0169817973870585,0.9972463973084718,0.07794260039023682,0.05832520360047047
0.9889848150552087,0.9668774817266091,-0.027996982331849773,-0.017962046237578758
0.9565543278768648,0.9940999994711792,-0.03243048717834396,-0.03424582341056967
0.979437067761486,0.9811470964250333,0.022882739884621195,0.03734488542450122
1.0009688263026457,1.0203625282308801,0.02153175854115974,0.02334583005265336
0.9782650469942823,0.9834407458450544,-0.022703779308363425,-0.022526821943116334
0.9581962719146262,0.9805324492347044,-0.020068775079656098,-0.01800626319613109
1.0311677368079688,1.0826416529222103,0.07297146489334261,0.07480094130884525
0.9456095255312091,0.9496852770832803,-0.08555821127675967,-0.09324973184170728
0.9786201981078216,0.9804945838670349,0.0330106725766125,0.033653333339606115
0.9063439570524309,0.930191955175229,-0.07227624105539077,-0.08701382587515133
0.9515012676463365,0.9370437917135636,0.0451573105939056,0.04325054532154782
1.0246443692681444,0.9946502386561586,0.07314310162180793,0.08122316395831809
0.9314155636285907,0.919676044470834,-0.09322880563955371,-0.10039234457247487
0.9942270976867019,0.9882230111980811,0.06281153405811124,0.058089032094785206
1.0110600352384633,0.9788284345735022,0.016832937551761407,0.01912576748425646
1.044658937147316,1.0486003347241755,0.03359890190885273,0.035613840798956235
0.9024422129681132,0.8781665177316105,-0.14221672417920284,-0.15401751635193178
0.9048285538491143,0.8934235256558384,0.002386340881001092,-0.00549582806537182
0.9520216759586476,0.948631008429305,0.0471931221095333,0.025878135516533705
0.9591905704769148,0.9621297434700393,0.007168894518267188,-0.0035285332898951603
0.9820071333409964,0.9261305823196049,0.022816562864081624,0.024644461302541304
0.9741516536292409,0.9468547682448872,-0.007855479711755486,0.006551299263521373
0.9084246720230711,0.8729669261458272,-0.06572698160616985,-0.05694347496211678
0.9408937928613699,0.9822919898070778,0.03246912083829878,0.03489339777337916
0.8469971573095314,0.8603464341850724,-0.09389663555183847,-0.08694196156451199
0.8713260004347472,0.9081178512432971,0.02432884312521577,0.025686350838691037
0.9874975211589915,1.0014938021287658,0.1161715207242443,0.11145549685151176
1.0732439548294992,1.0611647208936918,0.08574643367050772,0.07896390721355294
0.9840550854112865,0.9919504011097464,-0.08918886941821269,-0.06696124678908673
0.899749906062076,0.9155337136217889,-0.08430517934921045,-0.08308908146747551
1.0160537516513837,1.0323073606262865,0.11630384558930762,0.1311695365679359
0.9413421730010437,0.9334237091766526,-0.07471157865033995,-0.07414181587957244
1.0473218315929658,1.043721897075897,0.10597965859192204,0.09993140773344016
0.8760580627658693,0.9139788393198857,-0.17126376882709649,-0.1685399126226515
0.9763482316183998,0.9606371719033415,0.1002901688525305,0.09367923135664336
0.950142873204356,0.9217624567648972,-0.02620535841404381,-0.01812063748929414
1.0342776808816807,1.0228201689703773,0.08413480767732473,0.10179935645717912
0.8991758255897948,0.9051270575327843,-0.1351018552918859,-0.1293043356477563
0.8874198426008355,0.9155516834551303,-0.011755982988959301,-0.020961970994588464
0.9232763695474181,0.931541420548384,0.03585652694658259,0.04290583033376048
1.0368387780803354,1.0684129441041912,0.11356240853291732,0.10054214874605384
0.9081499092690493,0.9441453693246079,-0.12868886881128616,-0.12649390923385806
0.9225330134387331,0.9109279771153765,0.014383104169683802,0.023535705567640976
0.8739232802307663,0.8916294896849298,-0.0486097332079668,-0.03622035212990148
1.011643318770697,1.0393811485221094,0.13772003853993076,0.15171019468037786
0.9416968629302761,0.9786470651024032,-0.06994645584042092,-0.06695867565986166
1.0031907725008382,1.0171272005989143,0.06149390957056211,0.06386958809540422
1.0200672438151932,1.012901640990881,0.01687647131435499,0.028780354976121716
0.9132021733181225,0.8997481415222723,-0.10686507049707072,-0.11571624469105148
0.9550422098028198,0.9880549001629754,0.04184003648469736,0.04309968887288734
0.9484701390206818,0.9280524805513436,-0.006572070782138062,0.008123442473880412
0.9588282822429242,0.9644913825906404,0.010358143222242377,0.020282304585466374
0.905709101363419,0.9059816748654757,-0.05311918087950518,-0.05649337191734572
1.0067192256716433,1.0088077521504681,0.10101012430822431,0.11664125483963836
1.0845744322201216,1.0538103234192482,0.07785520654847833,0.07700380280554708
0.9028928875059076,0.88121678241065,-0.18168154471421405,-0.1898263333152082
1.0365897496634662,1.0515651305036828,0.1336968621575586,0.12629209913790493
1.0068708679929224,1.0049808222836578,-0.029718881670543817,-0.020845097439154414
0.9184375319986489,0.9112961737188013,-0.0884333359942735,-0.08233863816176258
0.9446010900912843,0.9441177847406259,0.026163558092635486,0.03131741148475729
0.968715560462525,0.9396886046521028,0.024114470371240704,0.010742747118158988
0.9178965611470195,0.9054089643975585,-0.0508189993155056,-0.037485093754725266
0.9864093729728339,0.9588004600598675,0.06851281182581448,0.07407742858926258
1.048153335661901,1.0302352696318748,0.06174396268906712,0.06885087800557417
1.002903104546518,1.013288082068249,-0.045250231115383066,-0.04137742055622488
0.9492941316291846,0.9776011053970102,-0.05360897291733335,-0.0331200269312505
0.9638415912061049,0.9470687818393347,0.014547459576920274,0.003568685337368791
1.0010537407124454,0.9690508365086543,0.03721214950634044,0.022824233153019173
0.940106891161846,0.9510134636938182,-0.06094684955059937,-0.07988985249665637
0.9536713621721415,0.964260204635048,0.013564471010295565,0.02170251178336411
0.926832102255233,0.9390876558904697,-0.026839259916908498,-0.0159357080378997
1.0102977126046926,0.9781458150427385,0.08346561034945954,0.07312270904567353
0.9407363347231781,0.9176756157881628,-0.06956137788151451,-0.07266722137612489
1.0538953936300979,1.0386819849203677,0.1131590589069198,0.1224752136273979
1.0413476814037963,1.0325436987860326,-0.012547712226301577,-0.010814438881101309
0.9920419033206385,0.9744701164036473,-0.049305778083157836,-0.043964548445504986
0.9017307823398704,0.8983507042020695,-0.0903111209807681,-0.09688906453924465
1.058888151772746,1.052993396929309,0.15715736943287562,0.15945951806446845
1.0355049441772763,1.011938869604279,-0.023383207595469635,-0.03469279326831469
1.0059976281355603,1.0097816658903778,-0.02950731604171608,-0.033007216890683685
0.9924287605385039,0.9810633805067664,-0.013568867597056333,-0.004543572893220204
1.0416873158538298,1.036912754162222,0.04925855531532586,0.04490754997504538
1.0007074037224784,1.0234972555291104,-0.04097991213135144,-0.050189348828008934
0.9584325088433631,0.9891624776345438,-0.04227489487911529,-0.029205892128540998
0.9910506964332237,0.988453479914428,0.03261818758986068,0.03761573676496033
1.0252960682973893,1.0052928421574747,0.03424537186416554,0.029579377061643524
1.0131044641015017,1.020290412787211,-0.012191604195887606,-0.015208438177816452
0.9302632792106493,0.9315911562665391,-0.08284118489085235,-0.0840452123612152
0.9924752803088036,1.0079411281931934,0.06221200109815428,0.07057086245013103
0.9594477257228984,0.9347120150739234,-0.03302755458590523,-0.02403406829103949
0.9645843779172644,0.9710980806580278,0.005136652194365987,0.014648609047484112
0.8820493109404435,0.9062213305956315,-0.08253506697682089,-0.07560427012578118
0.9277627567897578,0.9205929643078148,0.04571344584931436,0.040503216623524047
0.9156879031959622,0.9070760071275332,-0.012074853593795676,-0.0369064253863977
0.9166705411972873,0.8877240667535948,0.0009826380013251423,-0.0028126921246587095
1.0405916570534621,1.0652160377775481,0.12392111585617482,0.11067153296421575
0.8676973535168088,0.9012051637129382,-0.17289430353665336,-0.16062303897616148
0.9271243602150502,0.9371511728837768,0.059427006698241414,0.0497267844025646
1.024715448746975,0.9958265810368895,0.09759108853192477,0.10503815564043353
0.9892837396139302,1.0027655622983676,-0.03543170913304472,-0.03702591370783645
1.0362576025953196,1.0345842286801976,0.04697386298138939,0.037893183435069276
1.0449728617538503,1.0333489644973355,0.008715259158530664,-0.002432632055184984
0.9523875207535368,0.9528942145484698,-0.09258534100031346,-0.0810488664344809
1.040178405995524,1.0276865169379958,0.08779088524198708,0.10094754061514859
0.9212873409210182,0.9127764422155545,-0.11889106507450575,-0.12229174306528622
1.01421065745883,1.008507212461636,0.09292331653781194,0.0933119242711098
1.023219364857103,1.0706991897006812,0.009008707398272975,0.010996086418402072
1.0294577528149598,1.0437067870635086,0.006238387957856695,-0.01834154614755028
0.9137935830910805,0.8728382754618402,-0.11566416972387927,-0.13572690629413148
0.9905792119514848,0.9521982890250047,0.0767856288604043,0.07684972186639343
0.9871644739330585,0.9555306502890057,-0.0034147380184262888,-0.031501633983551325
0.912735363740096,0.936936814670319,-0.0744291101929625,-0.07013242623846086
1.0062534410148216,0.9943454450942784,0.09351807727472561,0.09160263659149648
0.9744154766804672,0.9724962342537405,-0.031837964334354374,-0.03209945596867385
0.8744768841831635,0.8666089770960982,-0.09993859249730375,-0.07639920980463441
0.9899992532159242,1.0119669884668097,0.1155223690327607,0.12403170008208489
1.0433129636949836,1.031264931688937,0.05331371047905942,0.041640417203535535
0.986924688573653,0.9808037045437352,-0.0563882751213306,-0.06665135824052601
1.0239461562804943,1.013790868257681,0.03702146770684134,0.037076448348857975
1.0122731734369215,1.032148039666224,-0.011672982843572877,-0.021206783810609232
0.9555114753655755,0.9732267892369457,-0.05676169807134601,-0.07050748068726763
1.0516779930332094,1.0528563460122873,0.09616651766763396,0.08287737422249017
1.023606206926288,0.9873352842796892,-0.028071786106921515,-0.015417033009465177
1.0152686887514488,0.9936920083790687,-0.008337518174839076,-0.0029744095596066066
0.9316369359959399,0.8987266791011452,-0.08363175275550894,-0.07363903182310937
0.9895679139500841,0.9760902757867846,0.05793097795414426,0.07534250161959118
0.9902647513090099,1.0000794522322298,0.0006968373589257837,0.0025934336943411063
0.9247269854286229,0.9549915362237932,-0.06553776588038707,-0.0708874360574202
0.9676700760812135,0.9704223247038425,0.04294309065259061,0.03241813861942965
1.0010556397015415,1.0135340326021636,0.033385563620328074,0.034909231787314046
0.9226894541436588,0.8866165382265202,-0.07836618555788277,-0.09755316585534596
0.9392853044364229,0.929554124892932,0.016595850292764114,0.015048855644242205
0.9692535183396487,0.9753990995922692,0.029968213903225793,0.026223627415451246
0.9647773554397765,0.9719328801661034,-0.0044761628998721825,-0.01944923146454089
0.9190064584477085,0.9075384411170864,-0.045770896992068044,-0.05146059378810592
0.9557133630290886,0.9261309104804557,0.03670690458138015,0.024948203839655056
1.0133369886793209,1.0384656062916608,0.05762362565023227,0.05382267378800486
0.887499624184795,0.9465280332564683,-0.12583736449452587,-0.13574027732153904
0.9958795218509611,0.9879406200831018,0.10837989766616607,0.10845430057984667
0.9901673546126898,0.9954385042670084,-0.005712167238271282,-0.00568462757567413
1.0628191932539468,1.0681563463923684,0.07265183864125702,0.06892964752277429
0.9742227228453438,0.9778032205137234,-0.08859647040860297,-0.08828582612083531
1.0207179606510546,1.0023100399882658,0.04649523780571074,0.04270517382510175
0.9649179238397805,0.9768089553991948,-0.0558000368112741,-0.04835531088280385
0.9937048052088451,1.004418318432308,0.0287868813690646,0.028389627321130165
1.0411744909273146,1.0282675761160025,0.047469685718469545,0.04469398659084808
1.038346760838496,1.0306879185879012,-0.0028277300888186474,0.005344676928127212
0.9722142201961192,0.958957898907967,-0.06613254064237672,-0.0727327587971413
1.0254132100300763,1.051660244713491,0.0531989898339571,0.04060024671826008
1.0297237258763858,1.0350422326108022,0.004310515846309482,-0.007441456834528289
0.994559730478029,1.0003542046707459,-0.035163995398356795,-0.018439839535569297
0.9751249705961611,0.9727208564116225,-0.019434759881867936,-0.012664347881500783
0.9441859556208136,0.9488028594799641,-0.030939014975347456,-0.03265547267572786
0.9689081342024363,0.9605069966236224,0.024722178581622622,0.01677262520556753
1.0233296028053835,1.0379300238804636,0.054421468602947276,0.07081162786194119
1.0201308313008641,1.0004679381822892,-0.0031987715045194154,0.004022355492538121
1.0166574471247558,1.0166072852180605,-0.0034733841761083184,-0.0034709315832538723
1.0082877894646853,1.0063541750640952,-0.008369657660070473,-0.008757838137987096
1.026223162877526,1.0391468619703939,0.017935373412840683,0.01875507220929984
0.9960676673593891,1.002274075569665,-0.0301554955181369,-0.047579304669587014
0.9845724347744575,0.9212953365033735,-0.01149523258493157,-0.009875071585007273
1.0154077544973201,1.016372421408078,0.030835319722862575,0.01765569411008564
0.9278515793377469,0.9254678640592572,-0.08755617515957326,-0.10577602442108608
0.972538946656931,0.97970159455062,0.0446873673191841,0.040625245787723044
0.911720155774606,0.9141390137004218,-0.060818790882325,-0.0471571946605471
1.0091886127899512,0.9977977245404139,0.09746845701534523,0.10249797043415794
0.9847988115790967,0.9912468371155542,-0.024389801210854545,-0.03272505199887544
0.9300552492307171,0.9142369562482003,-0.054743562348379515,-0.05919572862476034
0.9484367568108086,0.9319199278326152,0.018381507580091494,-0.004921470366061293
0.9454360991438309,0.9093011990523214,-0.0030006576669777685,-0.007889898148734328
1.006080532060727,0.9852010212913751,0.06064443291689603,0.06810258541784261
0.9234812730146588,0.932726555535567,-0.08259925904606813,-0.08070051628877067
1.0344396886411706,1.0459108482417645,0.11095841562651187,0.12305389219218771
0.9815934780251909,0.9792215144465498,-0.052846210615979716,-0.05448499810760786
0.9554618862260161,0.9540754892423856,-0.02613159179917479,-0.023980636976634436
1.0128070554444628,1.0191225994540416,0.05734516921844668,0.055599017361319863
0.9886088648197802,0.9610457383874711,-0.024198190624682647,-0.007160626326815165
1.0002571773231734,1.0122481949199074,0.011648312503393266,0.015136613981833268
1.0388361026912412,1.028540250338121,0.03857892536806773,0.030318250034929266
0.9807562203071127,0.9602446245675189,-0.05807988238412842,-0.06995192823154205
1.057638656789309,1.0546217082801679,0.07688243648219628,0.0709972310402964
1.0144766350591155,0.9982664453172173,-0.04316202173019357,-0.05734410475239898
0.990669198667099,0.991741057216814,-0.023807436392016434,-0.021578768358217825
1.0720594937086856,1.0756553020645732,0.08139029504158657,0.08878025828599602
0.9863573001332154,0.9754468426754128,-0.08570219357547015,-0.07437143419307958
1.0447784197404404,1.0191988994300956,0.05842111960722496,0.054558364355483155
1.0061760492950493,1.0090176225166,-0.038602370445391054,-0.0424187113480774
1.028534549369201,1.0077591417359635,0.022358500074151744,0.002668145471495631
1.0035314193375546,0.9984284665550941,-0.025003130031646448,-0.039015445523123464
0.987189325580533,0.9817269539580699,-0.01634209375702167,-0.014385504693262309
1.0546671527019598,1.0706192550608258,0.0674778271214268,0.07739551293433042
1.0370583883441777,1.0494497063206791,-0.017608764357782025,-0.01815572250701877
1.0222022944791453,0.9826425444621583,-0.014856093865032394,-0.009924379543494535
1.0379508612366566,1.0337613462306714,0.01574856675751124,0.009006111071747726
1.0309365240289412,1.0050343062630587,-0.007014337207715382,-0.003984089392157561
0.9698260775762668,0.957257087195141,-0.06111044645267438,-0.04756959046979351
1.10662456192812,1.104701116036989,0.13679848435185327,0.13404754404342056
1.0088340897283976,1.0013963983222551,-0.09779047219972248,-0.0935187703462695
1.1077355303656662,1.1353838738787183,0.09890144063726858,0.0961489292924647
1.0179485601172962,0.9899725844308784,-0.08978697024837001,-0.09994970810921783
1.0351525137674376,1.067519206875612,0.01720395365014138,0.0014696733377217545
0.9837299633679889,0.9540513002941363,-0.05142255039944865,-0.04018090305702301
0.9868939487331467,1.0333022520186719,0.0031639853651578287,0.001117208811754502
1.0978259514804916,1.0777705907362019,0.11093200274734483,0.10829299746678328
1.016992341231401,1.017951310450632,-0.08083361024909053,-0.0669802821377681
1.0230241877114608,1.0102083825783552,0.006031846480059722,0.009953431525062333
1.0960351697692077,1.1112728766726432,0.07301098205774692,0.07276932208259902
1.0058869778362292,1.0012489530793562,-0.09014819193297852,-0.09277888715011737
0.9810734255784431,0.9526803656043373,-0.02481355225778603,-0.017294964118979884
0.9157635802345105,0.9204031817079564,-0.06530984534393258,-0.06367656048495364
1.0857618025929694,1.0425542321103267,0.16999822235845885,0.1831700224471458
1.0123919167369575,1.0360716707725954,-0.0733698858560119,-0.08029003552304116
1.03263638153624,1.0252593031948019,0.020244464799282547,0.03284735437823679
1.0660639388802242,1.0808676553104186,0.03342755734398417,0.050541687024239626
1.0926623768211017,1.0722958644814267,0.026598437940877462,0.03394577231690649
1.1063904765615293,1.1127319963032523,0.013728099740427657,0.01696470399642721
0.9962625740553934,0.9881173019614198,-0.11012790250613591,-0.11768942901405814
1.0294087985828793,1.016227845633806,0.033146224527485835,0.0213401524134474
0.9329232222534038,0.9445134396086237,-0.09648557632947541,-0.12513020043274953
1.0364452275848837,1.0417626024745894,0.10352200533147982,0.0913045726209853
1.139420078290582,1.121375556776865,0.10297485070569823,0.10815085240267422
0.989469612465001,0.9962070729035964,-0.14995046582558091,-0.16920071555643434
1.0850997686411301,1.1038286081002069,0.09563015617612913,0.09197967863058408
1.0860628533449355,1.0825823881196277,0.0009630847038053503,0.005722457685906431
0.9629083197218583,0.9814613432421732,-0.12315453362307716,-0.10860960615438783
1.082804172239915,1.1149157993999277,0.11989585251805679,0.1219357083596423
1.0737308207723448,1.0561465532927126,-0.009073351467570268,-0.0011016701726924167
0.9914721851652109,0.9883708713303131,-0.08225863560713398,-0.07206468826691817
0.9629173880168721,0.9914251451113788,-0.02855479714833875,-0.016431344179176126
1.0253345320945106,1.0296442713612959,0.06241714407763854,0.06061801428169221
1.0138106535097213,1.0045052619127413,-0.011523878584789315,0.0022895369987985473
1.0976532476705843,1.1043329827228476,0.08384259416086293,0.08104748483635017
1.0149070668174884,0.9874462970277259,-0.08274618085309582,-0.0769878448055308
1.0128435108914748,1.0242832030574274,-0.002063555926013594,-0.013276130192018579
1.0998086479570663,1.0735474885584855,0.0869651370655915,0.07584253259372803
0.9928238131971949,0.9722796825253975,-0.10698483475987142,-0.10578257273595905
1.0333677596660873,1.077828165705987,0.04054394646889237,0.04215899742622604
0.9799053191529551,0.9829553093540916,-0.0534624405131322,-0.05261340223415273
1.0620519173240017,1.0578505583154785,0.08214659817104664,0.08130798891812464
1.0000814782656,0.9899405937949094,-0.061970439058401716,-0.04789210368303065
0.9796379206236123,0.9342314331591467,-0.020443557641987686,-0.03069971381459303
0.98793730091678,0.9850630717130439,0.00829938029316768,0.02399308604064745
1.0549294028509064,1.0354315170547015,0.06699210193412641,0.08050790198869523
1.0844580677069218,1.0426943516321483,0.029528664856015352,0.023783124916581383
1.0470827020664155,1.0722677810268408,-0.03737536564050625,-0.02623703282941612
1.0850871364044534,1.0938670779251876,0.03800443433803791,0.03166621169377286
1.0046945699270549,0.9726600431754364,-0.08039256647739856,-0.10122849260112832
1.0030875026083341,1.0184758004992427,-0.001607067318720734,-0.01405928515455789
1.0328336140826135,1.0427871600920544,0.029746111474279413,0.03502128566123871
1.02570710590438,1.036613549780125,-0.007126508178233459,0.004198965560768389
0.9842954675740287,0.9685967346914005,-0.04141163833035133,-0.04157274609910283
1.0281616092154984,1.0430348415261068,0.043866141641469625,0.046294540171099366
1.0161346239203515,1.008164049195419,-0.012026985295146897,-0.013707006332249257
1.0490948697009341,1.034369590827384,0.03296024578058265,0.037781652325214896
1.0040820060253781,1.0061103817213,-0.045012863675556014,-0.04666186126644848
0.9625976965821189,0.9654240900104155,-0.041484309443259204,-0.03635410805323484
0.9457372612306683,0.9394111429770196,-0.016860435351450653,-0.006448156189470875
1.0575831808086076,1.0761884740846144,0.11184591957793932,0.09620694133829644
1.020364640891511,1.009429453795265,-0.03721853991709656,-0.02752118225627387
1.1295428955698277,1.1282797547222725,0.10917825467831666,0.09700360423157954
1.0654535795403193,1.049702727021944,-0.0640893160295084,-0.06830543763993654
0.9113634311978781,0.876581883181206,-0.15409014834244117,-0.14397697661865694
0.9554866625447024,0.9719855986079549,0.044123231346824276,0.035148557511583765
0.9771848097157512,0.9621475050515151,0.021698147171048787,0.00816309780047216
0.9766900233500658,0.9643495294352568,-0.0004947863656853402,0.020277780476902332
1.0496922479453223,1.0664355390762723,0.07300222459525652,0.07283605815978424
1.1024716239583066,1.1173882304833882,0.052779376012984214,0.0563173769523794
1.0745861986036003,1.0665133211942897,-0.027885425354706284,-0.02692840171334869
1.0881786792912573,1.0706521072304507,0.01359248068765706,0.0028771942994357206
1.0063679145157562,1.008874986320581,-0.08181076477550109,-0.07130076468996888
1.0192001646007862,1.0144252907935956,0.012832250085029973,0.015060049477803051
1.0333673572239803,1.062378790103453,0.014167192623194103,0.01027910908256266
1.0907895327137667,1.1073533343920863,0.05742217548978634,0.041589824377871176
1.046269108869262,1.0787363104347207,-0.04452042384450472,-0.04301017435794616
1.041103221201117,1.0397542711925993,-0.005165887668144853,-0.011698411272498781
1.0647708453410534,1.0486142412447441,0.023667624139936283,0.03243594026558199
1.0861882462398584,1.100244326997065,0.02141740089880506,0.03588858884163744
0.9781269895055179,0.9524803765005564,-0.10806125673434053,-0.08344057861510289
1.0912174654714766,1.0827078317527201,0.11309047596595867,0.10820488619620866
1.1474172360690866,1.1423164588062988,0.056199770597610055,0.059624532153797954
1.1578467666588215,1.125171917750804,0.010429530589734837,0.012386740066167105
1.013255156986773,0.997523608303011,-0.14459160967204854,-0.14534543885877887
1.098075645743037,1.0820423442656328,0.08482048875626402,0.08589977792635355
1.0970674738458441,1.125393781096149,-0.0010081718971928222,0.012920483866765475
1.0444776213060487,1.03653378921493,-0.05258985253979542,-0.06728073500684734
1.080654069027526,1.0967607923950748,0.03617644772147721,0.03825576529441367
1.0014251934138916,0.9712862586099447,-0.07922887561363434,-0.07384369335055058
1.0386055406810022,1.0526580093507094,0.037180347267110614,0.05146614974859634
0.9308902362080697,0.918455874353233,-0.10771530447293254,-0.09989934001829108
1.017455319211046,1.001282900198056,0.08656508300297638,0.09320746140558855
1.0944824878183326,1.1293553061234969,0.07702716860728653,0.07424551383007527
0.9769139172904351,0.9771713037063045,-0.11756857052789749,-0.1227284329668258
1.0702573675994014,1.0553343556332075,0.09334345030896629,0.10289432019908246
1.0594133147048186,1.1440676160359438,-0.01084405289458279,-0.014999941112657874
0.992126943344282,0.9840074654200259,-0.06728637136053661,-0.0792346632513929
1.0834258259461698,1.0904518935452483,0.09129888260188779,0.0855826656368123
0.9891812858817995,0.9614201390788097,-0.09424454006437022,-0.10717392183596436
1.0407114977279845,1.0365493472131706,0.051530211846185,0.05619584767077272
1.1642958940275798,1.1524847184150004,0.12358439629959528,0.11784287589907072
1.0910739308964037,1.041926340736271,-0.07322196313117613,-0.06763505142189367
1.0910788054903144,1.0958962681271451,4.8745939107419645e-06,-0.005773707422016763
1.0068624911036652,0.991051629385316,-0.08421631438664923,-0.07644467625618476
1.0540256669860981,1.0638063906579345,0.047163175882432906,0.03174259029474754
1.0130728220518495,0.9672748735465369,-0.04095284493424867,-0.02017271402193369
0.9990117173272897,1.0179450113972317,-0.014061104724559792,-0.006488517879246077
1.1161971872185286,1.072577570183731,0.1171854698912389,0.10197000416211795
1.048933736828098,1.0443910407599872,-0.06726345039043058,-0.056705040940968246
1.1409074880454275,1.119104012560689,0.09197375121732954,0.07566853466910269
1.0662621668112604,1.0679518801879382,-0.07464532123416712,-0.07920462875987197
1.0462870534071234,1.048093679379073,-0.019975113404137046,-0.027029777227583034
1.0867423842816966,1.0572733150147249,0.0404553308745732,0.03886395828632327
0.9230464796720956,0.9555734826488677,-0.16369590460960093,-0.16274308127361603
1.1193235875812197,1.1397832960571281,0.19627710790912412,0.18686288559618083
1.1167824778930346,1.1121704668416337,-0.002541109688185106,0.010159787084586982
1.1087229973128638,1.092825943543761,-0.008059480580170808,-0.005711569548983831
1.0988957887933186,1.0715723401190402,-0.009827208519545216,-0.026258629670752206
1.0439331303169672,1.0431438280947067,-0.0549626584763514,-0.04644507186980251
1.0484430309521082,1.0047674975557195,0.0045099006351410065,0.021489889947474434
1.0549086677515003,1.0760627571791392,0.006465636799392049,-0.004817603550004117
1.0756770030415475,1.1221228480221528,0.02076833529004718,0.01586796411075736
1.061164748652769,1.0441708945944232,-0.014512254388778345,-0.011806337597733873
1.0222899067956115,1.0522128195703728,-0.038874841857157616,-0.02699027000148889
1.038792625003757,1.0356115813873148,0.016502718208145417,0.02376282194814499
1.074160212064422,1.0593287469924428,0.03536758706066512,0.035606119696735605
1.115124651544268,1.0886592819268492,0.04096443947984607,0.03685875271178848
1.0175478439764727,1.0076593321107779,-0.09757680756779541,-0.0914302726930929
1.0632296159530736,1.064833297952628,0.04568177197660095,0.06260484426756005
1.0754853003454898,1.075267754738477,0.0122556843924162,0.009022968248770195
1.0483417815143443,1.0436650032502084,-0.02714351883114552,-0.03550681298352444
1.0372621186000586,1.0534443081260605,-0.011079662914285748,-0.022610773459265644
1.1061198856545402,1.1171972771016754,0.06885776705448166,0.05957443638583129
1.0810486893973472,1.097897752758553,-0.025071196257193007,-0.017482782655644534
1.086849914617723,1.1277499843445067,0.00580122522037585,-0.018642161045054336
1.0374661075878289,1.0508757875083994,-0.0493838070298942,-0.04506239833365108
1.1384356911897342,1.1443353465157111,0.10096958360190533,0.10608748274437009
1.1434118461073104,1.109239098641301,0.004976154917576192,0.014649304701806712
1.033802829241338,1.0283216613023447,-0.10960901686597246,-0.09255346813723599
1.0889281536536073,1.0816067586622777,0.05512532441226936,0.05105648834432987
1.1654823971013033,1.1845232118217113,0.07655424344769601,0.07130182875659741
1.162352192194669,1.1862437107078108,-0.003130204906634404,-0.02633553271701213
1.0745348447288998,1.0734892823127093,-0.08781734746576908,-0.0869816027110208
0.9463631287133728,0.9939044809943702,-0.12817171601552702,-0.13449923621643203
1.0765149713326307,1.1258274973364568,0.13015184261925794,0.12020985144687095
1.0011577952633632,0.9920532462815964,-0.0753571760692675,-0.08430066785460855
1.0175425546707597,1.0164993621793994,0.016384759407396476,0.006867514318533607
1.1113834091586903,1.0873177450648082,0.09384085448793056,0.11131717798896823
1.0664951830644565,1.044232070815417,-0.04488822609423382,-0.07399280607292386
1.1319647637425438,1.1096428038539923,0.06546958067808739,0.08818394955982464
1.0540825858109675,1.012438200050104,-0.07788217793157637,-0.09547652081027388
1.132565605581548,1.1547730651798696,0.07848301977058059,0.06925737850934982
1.0606295332402342,1.05311271162425,-0.07193607234131383,-0.08513646369217479
1.0574897914129127,1.044874507116947,-0.003139741827321574,-0.009643189784942134
0.9904937717157462,0.9890909656931779,-0.06699601969716651,-0.06492961699916917
1.1383588755773906,1.1607507905769805,0.14786510386164442,0.14243223435514116
1.1040259301863018,1.1282330574064512,-0.034332945391088776,-0.03760716527110371
1.1364306283902585,1.1382078949521142,0.03240469820395675,0.03977084866132043
1.1293476305746613,1.1093684757970246,-0.007082997815597292,-0.00713822122124811
1.1255893813832876,1.1561659173752337,-0.003758249191373686,-0.000504815587524909
1.115524081243262,1.1315969318354249,-0.01006530014002549,-0.014373378343002546
1.0586433277953782,1.075708329365479,-0.0568807534478839,-0.04190254303129252
1.146951553292065,1.1489631910148383,0.08830822549668693,0.10569770807609788
1.1018287229545356,1.1309699736637828,-0.04512283033752951,-0.03583722490110164
1.135254925143352,1.1217727487066758,0.03342620218881631,0.03634948879877055
1.1243296530593385,1.0979497431599308,-0.010925272084013393,-0.003141599009320045
1.038239977762081,1.007753266638229,-0.08608967529725753,-0.07914207554642747
1.0752979737310777,1.049699278023711,0.037057995968996726,0.03453606396980203
1.064422589727173,1.0657326718470443,-0.010875384003904642,-0.030722629258461597
0.9913451891281495,1.0057252067670863,-0.07307740059902357,-0.05480224990303202
1.0990675872725988,1.09850273270375,0.10772239814444928,0.11687635020693862
1.0309630242008936,1.0348510067479155,-0.0681045630717052,-0.07971062394613893
1.063802913088329,1.0622254356949947,0.0328398888874355,0.02975375913699301
1.1149613319098914,1.119261869920786,0.05115841882156236,0.06149626114552643
1.0991018542861803,1.096920432656315,-0.015859477623711093,-0.013354616185360657
1.0721863867020738,1.0659876652811684,-0.026915467584106567,-0.0068361512874331246
1.143568299212676,1.1409679135451696,0.07138191251060233,0.0719614859843271
1.1233509683140352,1.1279702216826497,-0.020217330898640862,-0.015516804100775168
1.1223552594806174,1.1152970720466786,-0.0009957088334178188,0.004921085313530546
1.1602682546131262,1.1595349211277806,0.03791299513250879,0.026736625111665493
0.94296861345522,0.9297976443729004,-0.21729964115790623,-0.23516776775575707
1.1047009043199623,1.120643241069457,0.16173229086474228,0.16993510104058712
1.1853305940089396,1.197958158622404,0.08062968968897732,0.06378617158662384
1.0592997382928946,1.064297090104058,-0.126030855716045,-0.12817454360684022
1.0620126632830775,1.1121779095328994,0.002712924990182941,-0.005609826724480313
1.0781596668823412,1.0565266393941735,0.016147003599263687,0.028626894322179342
1.0720510275235662,1.0750432249447779,-0.0061086393587750365,-0.01935177313409453
1.0521571385022486,1.0533533060150997,-0.019893889021317612,0.0021981526584960234
1.0561777312155942,1.0312871160634272,0.00402059271334565,0.010387806443456948
1.0998429363043065,1.1135407524435155,0.0436652050887123,0.03602317933192553
1.0408084324489382,1.05008575472912,-0.05903450385536835,-0.05991773697334425
1.0862346008310426,1.0933807735152443,0.04542616838210445,0.05658630689207788
1.1052364100951184,1.0923085706156914,0.019001809264075797,0.022060424050392404
1.1311213723335638,1.1373756920574694,0.025884962238445386,0.036288364839607186
1.0497406416860644,1.0805420676784576,-0.0813807306474994,-0.06980121706608965
1.1241715078266965,1.1656278763619097,0.0744308661406321,0.08326989543395998
1.072378849736471,1.0675137208005812,-0.051792658090225485,-0.05385405864044079
1.1542385961200763,1.1527049692645266,0.08185974638360527,0.08888879101058382
1.0390719326517697,1.0224260222759172,-0.11516666346830662,-0.11216495580730122
1.1420356169948105,1.1039849202148906,0.10296368434304082,0.09176190965857159
1.0339298416669986,1.0499465037891005,-0.10810577532781185,-0.10681928446788408
1.0019311701080666,0.9782470982323744,-0.03199867155893199,-0.020865244753942948
1.0426830728396057,1.0437980736549488,0.04075190273153906,0.03816845775945455
1.0370902720851312,1.0451762317643232,-0.005592800754474547,-0.012141632011416017
1.0872319383373181,1.1372252618083534,0.05014166625218697,0.07277035311638655
1.141136896792247,1.1485601873841238,0.05390495845492893,0.060883728374742166
1.1803430732819273,1.1712471695644147,0.03920617648968028,0.04213142288617074
1.0759476008660094,1.0670876224276309,-0.10439547241591796,-0.10315977107589566
1.126518134186325,1.1151399259512667,0.05057053332031569,0.051344370082016776
0.968853356237938,0.9710533211835705,-0.15766477794838707,-0.14338989270204397
1.0791355483696494,1.1132694782538262,0.11028219213171142,0.12043101408505871
1.160445661305469,1.1458993517907117,0.08131011293581958,0.057120026536588625
1.0770783565492692,1.0547385183607596,-0.0833673047561998,-0.08054109289939364
1.1138730550160658,1.1053618569209789,0.036794698466796616,0.033204127763152076
1.1960547649225446,1.2149885739986153,0.08218170990647877,0.1001499085710003
1.0646417454526902,1.045314271473279,-0.1314130194698544,-0.14840325815738617
1.163855328395393,1.1724373285285319,0.09921358294270277,0.09782303108718819
1.1194603258637088,1.1098233479643835,-0.04439500253168416,-0.04715747598574316
1.0740058723634354,1.0845820983308827,-0.04545445350027344,-0.029504597105883525
1.093728763306513,1.0987453444660484,0.019722890943077553,0.013919566226179118
1.1181917627447708,1.0989486137556357,0.024462999438257915,0.03151453838401778
1.0640429913272123,1.0737817300273764,-0.05414877141755858,-0.04343303587267982
1.1067962496055157,1.1210777465499722,0.04275325827830345,0.03771896600987456
1.0808599196644004,1.1046315218204161,-0.025936329941115277,-0.017966953698058973
1.0079220812675467,1.030363009705283,-0.07293783839685375,-0.09080759593248704
1.091492738773765,1.036618564609832,0.08357065750621828,0.07929965785314133
1.0069861834321348,1.0302309427747076,-0.08450655534163021,-0.07131941528505978
1.1680745802330506,1.1550554967677815,0.1610883968009158,0.16575200768113912
1.1076400258226646,1.104606219484245,-0.06043455441038592,-0.04592062877427438
1.0792515554306612,1.084715934834503,-0.02838847039200343,-0.03679053799148299
1.1333388614534081,1.1290984052892596,0.05408730602274692,0.06796176802095451
1.1171877623719442,1.1109809373103376,-0.01615109908146395,-0.013147075856423255
1.0141678808873045,1.056065118450474,-0.1030198814846397,-0.10308075507164449
1.0816938720619418,1.1479033371818042,0.06752599117463731,0.05820876962380893
1.0806285355399,1.0641737517310343,-0.001065336522041882,-0.003759247863971895
1.1186861425500843,1.1425820257245385,0.03805760701018435,0.030043433355630728
1.1719274473738852,1.1575910885830307,0.05324130482380096,0.05360293677354475
1.1609662507977117,1.2078168919664687,-0.01096119657617356,-0.002521591304210079
1.0751718173223845,1.0585512238918953,-0.08579443347532711,-0.08942930877837
1.0368804423574887,1.0498264894922753,-0.038291374964895875,-0.03521462311703603
1.179837661285058,1.1639055789101505,0.1429572189275694,0.14788013315403425
1.1567042515088286,1.1198210755538776,-0.023133409776229463,-0.03107141488770779
1.1079283886100297,1.092554621426065,-0.04877586289879887,-0.06320758505484514
1.1487090519264924,1.132046669852966,0.040780663316462684,0.031789759714034554
1.0716820443631743,1.0580333763686363,-0.07702700756331815,-0.09526610650222221
1.0336603664854123,1.0229310030400904,-0.038021677877762006,-0.0566298182826993
1.1262005750131263,1.1506967525005045,0.09254020852771405,0.08907120480187566
1.1384763021765454,1.111633633282945,0.01227572716341907,0.005681457800640079
1.1698882528673238,1.165177483786383,0.0314119506907784,0.043582523269911536
1.131197201407778,1.1335160008411427,-0.03869105145954577,-0.03806050185459105
1.219132002321985,1.2400905541592864,0.08793480091420691,0.09217549612487075
1.0626817323142506,1.0535792922201037,-0.15645027000773437,-0.1388607291523541
1.1861384226922025,1.1907331941759087,0.12345669037795193,0.12490777153652188
1.0935766272328868,1.0821098978003116,-0.09256179545931564,-0.09735014788755628
1.0958381352986122,1.0630337810094554,0.0022615080657253372,0.002953073338047626
1.076959074741909,1.0855203641584916,-0.018879060556703076,-0.02315197348210088
1.100946843646941,1.1059663044944827,0.023987768905031848,0.015513781543288327
1.1616018345247412,1.1682206023954047,0.06065499087780024,0.06640880264242206
1.1283418886401646,1.1153348551131133,-0.03325994588457659,-0.03478581691839832
1.1339133051529189,1.1522202775506492,0.005571416512754279,0.007394863230323374
1.0443652901135319,1.036876321668916,-0.08954801503938703,-0.08332810768099351
1.0683142980321412,1.06111096243069,0.023949007918609322,0.03487067965417905
1.1818692302395353,1.1786154205496708,0.1135549322073941,0.12458661139231424
1.1497493856579104,1.1702457802238322,-0.03211984458162487,-0.04753152891122776
1.0750473081792637,1.0741770093756067,-0.07470207747864666,-0.06376567981134089
1.0953556445784238,1.0876481338162423,0.020308336399160076,0.035756465209262164
1.1498688735245428,1.138330045222548,0.054513228946118986,0.04766439954245508
1.0534411160540595,1.05237706487239,-0.09642775747048327,-0.0832323437597599
1.061598939401614,1.0756854205188853,0.00815782334755455,-0.00827647832474572
1.1332886368602761,1.0843249744699757,0.07168969745866205,0.08065221157623871
1.085963093671533,1.0527749419718397,-0.04732554318874316,-0.045983560364164754
1.0844125434300238,1.1062661874831499,-0.0015505502415091854,0.000405048378350746
1.2282176480200095,1.1725167556554186,0.14380510458998574,0.15854264518440708
1.1486904658876578,1.1155640179535544,-0.07952718213235177,-0.08389930768847001
1.1331162582697325,1.1417745271165114,-0.015574207617925273,0.002988661346625718
1.0808947821111397,1.0385371696669876,-0.05222147615859285,-0.05939049563317056
1.1103287048023422,1.1481837077281836,0.029433922691202596,0.012816544256215593
1.0678462508905258,1.0857648667650033,-0.04248245391181649,-0.04705780135120578
1.1344573458720923,1.1197343889760942,0.06661109498156659,0.060929257958529895
0.9565707188492726,0.9850492303906047,-0.17788662702281977,-0.19138550660969084
1.1516440663984386,1.1564206885062787,0.19507334754916605,0.20056897512495217
1.1082661812175223,1.1389439371201273,-0.04337788518091634,-0.05010924335460254
1.0581773382085686,1.044396310767261,-0.050088843008953665,-0.06802704657167746
1.2036956624572708,1.227367443026563,0.14551832424870215,0.1622004859821872
1.0627587517958648,1.0721083392661213,-0.140936910661406,-0.12410242779599727
1.1608967708681917,1.1356584766997042,0.09813801907232689,0.0983435940663137
1.0992220934799197,1.087918447641296,-0.061674677388271926,-0.06958714652204943
1.0543866631508352,1.0252509049252536,-0.04483543032908455,-0.03672190833620883
1.0922839175299046,1.103610479063813,0.037897254379069434,0.02879367001091938
1.152363676661725,1.1926565714456985,0.06007975913182029,0.06306402581015193
1.1082690241885416,1.1227790172379637,-0.04409465247318334,-0.05831074095142315
1.1315768529269867,1.0921357868650408,0.02330782873844517,0.028033764152860012
1.0597164355898958,1.098474130417431,-0.07186041733709092,-0.06076127392719073
1.114485171300499,1.1087545830976102,0.054768735710603256,0.06383752834532563
1.0702396095689766,1.0759830697237713,-0.0442455617315225,-0.04427593544728991
1.1873771004341844,1.1891731858074917,0.11713749086520786,0.11989017981813548
1.1229805799981483,1.136442024922226,-0.06439652043603616,-0.07101535073600175
1.047652910013163,1.0748159644325463,-0.07532766998498519,-0.064559200977941
1.2524674952696615,1.2702022332470837,0.20481458525649843,0.20242125973601813
1.154217037427594,1.1484095974639195,-0.09825045784206754,-0.08430824534379744
1.1173281403210065,1.1090835438216193,-0.03688889710658749,-0.04850307671802803
1.156626266984928,1.1828682449130825,0.03929812666392163,0.041362841591729156
1.1891968634816301,1.1657055667251717,0.03257059649670202,0.03349880220869441
1.06081696465369,1.0653165949384904,-0.1283798988279401,-0.13876873477910887
1.123868281189245,1.1469425747456052,0.06305131653555507,0.0701353897941793
1.0533074793286141,1.0729730709874408,-0.07056080186063096,-0.07942114296293531
1.0997755804539213,1.0806767125442558,0.04646810112530719,0.036620655365205604
1.0169428668314697,1.0279115159494379,-0.08283271362245159,-0.08597073150685573
1.1835899823510414,1.1836420182765475,0.16664711551957168,0.1570507400706547
1.1322981109334918,1.1239103670736255,-0.05129187141754965,-0.06048450047145963
1.1604220772257232,1.1950688541263401,0.02812396629223146,0.030000418421846423
1.0768526992107776,1.0835845960963535,-0.08356937801494557,-0.06261848239035706
1.0809792370559521,1.1000785368873451,0.004126537845174472,0.018190517409423804
1.1102157383524531,1.071392798860125,0.029236501296501016,0.030291699655095913
1.199584678198213,1.211551470760378,0.08936893984575978,0.10574376889329681
1.124183224928994,1.1385170167328693,-0.07540145326921888,-0.07642842331558121
1.1299751387718586,1.1428138445069815,0.005791913842864593,0.018340418747733674
1.0738693978645366,1.1005633229596887,-0.05610574090732201,-0.05412441557151274
1.119796086500941,1.1295147757497,0.04592668863640448,0.039465597393608755
1.1133534885462073,1.0744609512353145,-0.006442597954733786,-0.003494302404402393
1.1126560683470779,1.0991067867662438,-0.0006974201991294393,0.0006907480659607205
1.158991089362378,1.181950282243991,0.04633502101530018,0.04090924395451516
1.1070948317149392,1.096434527846521,-0.05189625764743888,-0.052466465568131476
1.1599239836986444,1.1890628686697104,0.05282915198370519,0.053487796578242694
1.1220888815880743,1.1119819641352524,-0.03783510211057006,-0.024743107917672827
1.0676465677908389,1.073017535729586,-0.05444231379723541,-0.05889733454611995
1.1482861524491066,1.1331369912595233,0.0806395846582677,0.07746371764838338
1.1195698631111004,1.1029341257542922,-0.028716289338006185,-0.03434866834349484
1.1036381404335596,1.098502665901557,-0.015931722677540838,-0.019529423984039115
1.0806370703410684,1.0694660613654239,-0.023001070092491194,-0.013864196056300212
1.1612626133214636,1.148188782735997,0.08062554298039526,0.07677467432412502
1.0266675857012124,1.0128810135350983,-0.13459502762025122,-0.12963645200077803
1.1043364291568227,1.1487134205959932,0.07766884345561031,0.09199555762595536
1.148002659171758,1.1654838662250269,0.0436662300149353,0.036488291439070314
1.18068114511462,1.1768285431973313,0.032678485942861935,-0.0008636666935266588
1.0706385259530746,1.0894439692825644,-0.11004261916154534,-0.1234084452417005
1.1634193865667093,1.1667319759236459,0.09278086061363466,0.09834053939395196
1.227242577022691,1.252965873954174,0.06382319045598162,0.07296964112928575
1.0292292894361943,0.9951298461035326,-0.1980132875864966,-0.1929764359029491
1.1165106822439568,1.1540984595183148,0.08728139280776248,0.09192025944411208
1.0585291013351925,1.0723459405800644,-0.05798158090876426,-0.05641713491312536
1.1375744969621735,1.1470494930725479,0.07904539562698099,0.09397950722129553
1.1414622856930319,1.1532677513043463,0.003887788730858377,0.0008230649659435344
1.189038523657441,1.1725059917691827,0.04757623796440913,0.03637616334216506
1.1575072187714799,1.1963607952372453,-0.03153130488596112,-0.04512383170536764
1.1681649755867625,1.1588886428842489,0.010657756815282582,0.00289000744818533
1.1045788197858257,1.1053159420634662,-0.06358615580093674,-0.07121613306885752
1.1277665574596267,1.1390772540804153,0.023187737673801,0.03845945805207546
1.0943091006114305,1.0612602968092288,-0.03345745684819623,-0.02394340994754519
1.0583483223996797,1.05232519408079,-0.03596077821175081,-0.0429439748493721
1.1648644989477281,1.165136970034835,0.10651617654804846,0.12491774475806544
1.1512059382857835,1.1665091242513994,-0.013658560661944597,-0.03417168553298076
1.1858590082813383,1.1951563728624879,0.03465306999555473,0.0294564268436433
1.14665472697718,1.1444025096768076,-0.039204281304158206,-0.053023951624748655
1.0881766310792755,1.083265996624452,-0.058478095897904536,-0.044364356857815895
0.9879018682770639,1.0311926549370807,-0.10027476280221159,-0.10965071042815834
1.115575269951344,1.0887706797014605,0.12767340167427998,0.10387389985972326
1.1237448591555816,1.1065427619139847,0.008169589204237715,0.018141185559540023
1.1076869669597633,1.114099056193918,-0.016057892195818324,-0.011508328015389674
1.077095379216962,1.0616006636607016,-0.03059158774280135,-0.030675056735023857
1.2367836081737078,1.2379606575671427,0.15968822895674584,0.1590994225107175
1.1638316534946684,1.1557627435316078,-0.07295195467903937,-0.08244910694019214
1.1886371205414168,1.1755705980247828,0.024805467046748353,0.010652788886010529
1.1645111441859368,1.1306842726582709,-0.024125976355479972,-0.024954240302181067
1.15342639666337,1.1728258445157769,-0.011084747522566829,-0.02959110657753665
1.0908707743382087,1.0983090934823365,-0.06255562232516132,-0.06916116964050821
1.099886906077728,1.089650859443527,0.009016131739519428,0.01797286119912362
1.164875828789278,1.159527774015023,0.06498892271154988,0.05053109160247464
1.1998738778743572,1.2218756825382708,0.0349980490850792,0.03443724095309898
1.113773922911738,1.1070185791579308,-0.08609995496261913,-0.08133817722506494
1.1811416084971407,1.1991073378908925,0.06736768558540263,0.04518283746423574
1.1065160440810915,1.1471244065296609,-0.07462556441604917,-0.0679503000576203
1.1847267736123046,1.1652754692240972,0.07821072953121311,0.051056392864995664
1.124746566135922,1.1249951333148567,-0.05998020747638266,-0.057698673865436235
1.195046557410146,1.1970893188828038,0.07029999127422415,0.053788943829812946
1.1779473484423146,1.1924569116213124,-0.01709920896783146,-0.0023058796482677228
1.1293890585520097,1.1275009594754455,-0.04855828989030497,-0.045225399055286955
1.2031444069548711,1.1499318707750135,0.07375534840286146,0.07607430749910063
1.1706460141442863,1.2068083803410716,-0.032498392810584864,-0.014170389713405427
1.133483890343022,1.1313138224387358,-0.03716212380126427,-0.03155369851509361
1.1310997372500742,1.1261147072985314,-0.002384153092947816,0.011624737593364177
1.1017607202781403,1.102646138764337,-0.029339016971933862,-0.02882229294650568
1.173822796837964,1.1781351075525037,0.07206207655982366,0.0663340950478063
1.1147386674668072,1.0759426111613073,-0.05908412937115681,-0.060529342689169645
1.1027187980470738,1.1276463422248,-0.01201986941973332,-0.025955770184633187
1.2023734616275348,1.2110098083828336,0.09965466358046093,0.1068471222627583
1.1741722156275969,1.1872022534911797,-0.028201245999937896,-0.032120572462325934
1.1968716703971893,1.1869172740896874,0.022699454769592453,0.013455154819142019
1.0923851636893405,1.104504029905237,-0.10448650670784887,-0.10727214415725507
1.100390657160359,1.0743862151426418,0.008005493471018532,-0.004825001601270069
1.1153646222905162,1.1118384617949821,0.014973965130157252,0.021190757798481123
1.128407434068937,1.1391666112579648,0.013042811778420704,0.022787935667747984
1.191578881455789,1.1572704464471377,0.0631714473868521,0.060313147300168374
1.1153567199820278,1.1205274458547032,-0.07622216147376126,-0.08055854624753887
1.067438814460953,1.0556355314255363,-0.04791790552107478,-0.0506319063016377
1.1686583215213007,1.1658753990329564,0.10121950706034766,0.10513441340395331
1.1014688833031248,1.1194864785857461,-0.06718943821817591,-0.08135007219084597
1.1249220401917623,1.1279331548789036,0.023453156888637583,0.030581434003689918
1.159062314814678,1.1448484089315771,0.03414027462291558,0.05020397824801187
1.1843239719229295,1.1884313279100487,0.025261657108251567,0.03470383971567038
1.1971485992108604,1.1653086105365036,0.012824627287930879,0.0013511174170636603
1.1500331348907105,1.1478073963537896,-0.0471154643201499,-0.03099850817417111
1.160849502764371,1.1634070591678634,0.010816367873660582,0.024507789146686658
1.1655613009969188,1.2108675041213435,0.004711798232547748,0.008474699898912632
1.0989142572480814,1.1244601925371402,-0.06664704374883734,-0.07071639389621434
1.122112959683971,1.085036141872761,0.023198702435889507,0.008031265214571032
1.1706752222276497,1.1570830170140984,0.04856226254367879,0.051906101624919335
1.1199467763781625,1.1166176005259745,-0.050728445849487214,-0.05048404173174581
1.0849145897407304,1.10120073739397,-0.03503218663743213,-0.04016863836154076
1.1011727844605992,1.1028941088209654,0.01625819471986878,0.02330207895858883
1.1624362432813367,1.1975261491174094,0.06126345882073747,0.0815475685044351
1.161392719873701,1.164882990298876,-0.0010435234076355826,0.004685174086893991
1.1390397134649286,1.1047077216381629,-0.02235300640877247,-0.027412075973678313
1.098398198638205,1.079163923373928,-0.040641514826723624,-0.04751782220093687
1.2280818738157409,1.2429401704811818,0.12968367517753587,0.1394284626544378
1.1358981231970977,1.1273928103361874,-0.09218375061864315,-0.10566365196627825
1.2109678734661222,1.2023195139172544,0.07506975026902452,0.08754969038205643
1.1074038260634589,1.1208957071936891,-0.10356404740266334,-0.09416327379015355
1.2211402627800014,1.2189002503369015,0.11373643671654254,0.11418542258883073
1.2587408032333929,1.2587680389496683,0.03760054045339145,0.032725283914863124
1.182546124453194,1.1636944369571116,-0.07619467878019881,-0.07774255407470063
1.179165597352821,1.1757008960333268,-0.0033805271003730653,0.005275233732290276
1.2469131018943043,1.276314125652098,0.06774750454148326,0.07084021668642566
1.2191854620358933,1.2602981473417336,-0.02772763985841098,-0.021236181431509085
1.2027881661763749,1.2016074811975752,-0.016397295859518435,-0.009095831277270535
1.1011843162505872,1.094501336228616,-0.10160384992578764,-0.0980096903510568
1.1885508941157046,1.1931003413966967,0.08736657786511737,0.08832480198858829
1.1634222003954793,1.1443931797319449,-0.025128693720225304,-0.017860120623573863
1.2446609152561152,1.2262538648503942,0.08123871486063594,0.08300005737622765
1.1053223968571093,1.1258880603852337,-0.1393385183990059,-0.1383356523835994
1.0980409566814942,1.0741177572704603,-0.0072814401756151614,-0.01614190291803404
1.181188877432548,1.1847185838336147,0.08314792075105393,0.08379891581308113
1.2116724670194718,1.2175980495332728,0.030483589586923765,0.028527812431815118
1.147433169467796,1.160570134741925,-0.0642392975516759,-0.06500365065361119
1.186825915758185,1.1963780090062053,0.039392746290389136,0.04718511203024381
1.1894250236157191,1.203948408247535,0.002599107857534033,0.004420030404496983
1.1331967819336237,1.1425424399591526,-0.05622824168209539,-0.059262621811634816
1.2735426278589568,1.2847667507937173,0.14034584592533306,0.13419162194431608
1.1471163369060582,1.1064239452023594,-0.1264262909528986,-0.12223559852250646
1.205138979884365,1.20127417504935,0.05802264297830684,0.06087007515612732
1.1973442869701034,1.2076323387472916,-0.007794692914261603,0.014503873662296624
1.1104138734190427,1.1050014076159929,-0.08693041355106068,-0.0950018228064388
1.1740012667362627,1.1653629294001462,0.06358739331721996,0.07073665481910324
1.1686628436012572,1.1383686608693824,-0.005338423135005543,-0.0038868265480769956
1.1831782534731752,1.2173824444450567,0.014515409871918017,-0.008054101046426544
1.1204172130709782,1.1196360271470962,-0.06276104040219699,-0.07638061218276486
1.0782123888913435,1.0574361365143756,-0.04220482417963467,-0.03792599259133916
1.219786745422589,1.208549672527285,0.1415743565312455,0.16356635142013082
1.2578669963709148,1.2281169070671865,0.03808025094832579,0.03390196261553911
1.2539124022714012,1.2382986861126475,-0.0039545940995135975,-0.017041203747664553
1.199027632215991,1.2007278824636882,-0.05488477005541026,-0.02477221578683907
1.1747914842498255,1.160210686869281,-0.024236147966165467,-0.03152524781704601
1.2243694434019978,1.2313918122299061,0.049577959152172335,0.06718876606527731
1.1846211904869004,1.1706513139266193,-0.039748252915097426,-0.04199693315758924
1.1722471623710988,1.1787361801317127,-0.012374028115801572,-0.019823556774939615
1.1535665683820076,1.1692426807890248,-0.018680593989091276,-0.02578428705271412
1.2401518103431506,1.2101029736308349,0.08658524196114303,0.07665514994577008
1.151388485008134,1.1222883141622315,-0.08876332533501663,-0.10335703792787311
1.18798750716981,1.1618308710944456,0.0365990221616761,0.032855863579427325
1.2344255531347796,1.2461608046964956,0.04643804596496959,0.05032924773300194
1.2120524882183579,1.215654122664349,-0.02237306491642177,-0.017622754574526736
1.1276890950572036,1.1572648348337276,-0.08436339316115427,-0.07905343068741472
1.135048835613327,1.1154826827199764,0.007359740556123429,-0.0030830919246449245
1.214408928555687,1.1890723652279664,0.0793600929423599,0.08042834715621648
1.2445736745308167,1.2438677731753138,0.030164745975129748,0.03182690082520149
1.1263342794625186,1.1280585877582388,-0.11823939506829806,-0.12445670138416748
1.204553679310713,1.2101689549892658,0.07821939984819437,0.07857406827460985
1.151910839655095,1.1632248780125742,-0.052642839655618,-0.051656756888688496
1.2257434654480128,1.200676462251973,0.07383262579291783,0.07247380346009423
1.2402848454331907,1.2517075834705889,0.014541379985177905,0.02013222530011428
1.1809850969992184,1.1463862746345344,-0.059299748433972344,-0.0796801411634337
1.308373083500661,1.3439351700530897,0.12738798650144267,0.12699139406018772
1.186093560382902,1.1902159996819068,-0.12227952311775914,-0.12396197632263374
1.1812842572030813,1.1850394825932136,-0.004809303179820645,0.0011023895867094584
1.2472717066235854,1.270661153438617,0.06598744942050416,0.08360490911519428
1.232285990065636,1.2138211652124093,-0.014985716557949447,-0.009355475212616562
1.1078457782874191,1.083907094618379,-0.12444021177821685,-0.12084178396005256
1.1854470087252613,1.2078682719026028,0.07760123043784217,0.0806947642556067
1.1919515353529735,1.2158875266355507,0.0065045266277121705,0.0005416431186970345
1.1350087390182153,1.114560483039696,-0.05694279633475818,-0.06058430357368411
1.0920117237997111,1.1164487217651007,-0.042997015218504187,-0.0694979589323052
1.1900933614678275,1.1905495237974102,0.0980816376681164,0.1048128725685779
1.213346549740739,1.1865110702446748,0.02325318827291145,0.022855789218606128
1.1679768734174505,1.175794956598124,-0.04536967632328848,-0.05614629938676103
1.1533477912113237,1.1437622463758848,-0.014629082206126798,-0.009164326342508283
1.164745192030076,1.1379371685052015,0.01139740081875229,0.006185320199671642
1.1225536954327895,1.1333314699329264,-0.04219149659728649,-0.029486274865306847
1.1251587613493648,1.1630368718029231,0.0026050659165752776,0.0022770771279026474
1.1484241494906515,1.1464033036167358,0.023265388141286758,0.01700109115485332
1.2182813506142762,1.208078639497934,0.0698572011236247,0.08773191891593622
1.1912518128088554,1.1912452785601568,-0.027029537805420834,-0.04154523824958539
1.161282199435902,1.1750940845420215,-0.029969613372953452,-0.028007263409283306
1.150440758214738,1.1158129313574978,-0.010841441221163928,0.019180416085096345
1.167798266944983,1.1657759212678418,0.017357508730244886,0.013274870966001957
1.1558069647036504,1.1733328691770066,-0.011991302241332491,-0.0184042980827103
1.1389417017011547,1.1085560308196694,-0.01686526300249569,0.0029975607180319254
1.2515380134730074,1.2594101170504501,0.1125963117718527,0.10292594922343377
1.1687251535345915,1.1614794274857447,-0.08281285993841592,-0.08423202310338891
1.1673604124458714,1.145458583062364,-0.0013647410887200895,-0.004215955708839989
1.1643529944857878,1.2017588753418709,-0.003007417960083636,0.015868266986892858
1.2329917163754165,1.206228860611288,0.06863872188962872,0.07139930286834419
1.1724247184948067,1.1582093574711976,-0.06056699788060982,-0.08199784347500519
1.1988540306976723,1.1877845178437854,0.026429312202865596,0.013649769148889433
1.1528095573727988,1.1455815827008462,-0.04604447332487349,-0.050833883299121356
1.1834331115721475,1.2082998886711407,0.0306235541993487,0.02125498947759915
1.2118038320108866,1.2324108573965897,0.028370720438739117,0.038358904475414
1.1819305608901889,1.222364756253565,-0.02987327112069771,-0.017954844015052516
1.2047463972226533,1.2108829710264788,0.022815836332464423,0.01589959766294807
1.1615655866170764,1.147116562516166,-0.04318081060557688,-0.05100635453426961
1.2114087053886802,1.2111794407546381,0.049843118771603745,0.06003470314455067
1.1566637489932488,1.1549982777303283,-0.05474495639543142,-0.04394765912711538
1.1598417278745148,1.1802799439602292,0.0031779788812660303,0.00301383536528019
1.2368130354677447,1.2417352808817201,0.0769713075932299,0.09645409933152055
1.2258880436797486,1.1869325974474858,-0.010924991787996108,-0.015502760543192277
1.2517948583315404,1.2644376083139308,0.025906814651791787,0.015595976679377137
1.2491541186578825,1.2030005576917049,-0.0026407396736578548,0.007393075355831882
1.2446136677128585,1.223241879569556,-0.004540450945023977,-0.01034211141988746
1.172001980853909,1.1671154004196886,-0.07261168685894948,-0.059477512378853986
1.277913889197662,1.3004396361053334,0.10591190834375297,0.11305148774460635
1.2382721127721108,1.2476756051603362,-0.03964177642555122,-0.04936738923803945
1.247517510639469,1.2699046768433055,0.009245397867358118,0.01394023481299371
1.2289655279013922,1.2615195645956265,-0.018551982738076678,-0.025063241922837085
1.201395845683105,1.1901134632779744,-0.02756968221828715,-0.03350863439933657
1.1863157865092666,1.199932359926638,-0.015080059173838478,-0.0043847265168844365
1.2593520252484305,1.2761874806689357,0.07303623873916387,0.06639003988326556
1.2086208706759367,1.1923886884505213,-0.050731154572493775,-0.05734210612990574
1.1403605692760639,1.119780290931707,-0.06826030139987282,-0.06676760341760897
1.288373757485427,1.275404520194881,0.14801318820936316,0.14959652803258444
1.1996508727484096,1.2109085934752508,-0.0887228847370174,-0.09809746861964694
1.175036348814642,1.1566263037629505,-0.024614523933767618,-0.016199866714695366
1.1881134879718303,1.2052587640513042,0.013077139157188222,0.004229673927169372
1.1859807102939064,1.1792542534877546,-0.0021327776779238583,-0.0007876896268599405
1.2461301537686849,1.2595908983325885,0.06014944347477846,0.04897467401574582
1.135286109555656,1.150675050122189,-0.11084404421302896,-0.13015883945583195
1.2353265675630398,1.259234020256304,0.10004045800738393,0.09264011318261595
1.2368108562069409,1.255279773008717,0.0014842886439010439,-0.010266248207548963
1.0385803928758919,1.033343485185126,-0.198230463331049,-0.19475519904886954
1.2469926951415822,1.263739774950767,0.2084123022656903,0.2258267686204888
1.2811453939702218,1.278801985401684,0.03415269882863958,0.030565039410731864
1.2028301829304597,1.2171212907457156,-0.07831521103976202,-0.07747715187641468
1.199255333973847,1.2037154771968206,-0.003574848956612753,-0.00540324212219737
1.2114293657503583,1.2328357676260209,0.01217403177651133,0.029352652537285157
1.250394202278939,1.279168827958,0.038964836528580626,0.04919399327506167
1.1761583551840775,1.170230604766035,-0.07423584709486142,-0.06788434438241568
1.2200394273806716,1.2137239945902898,0.043881072196594095,0.058416546492877856
1.2251162603070898,1.2490320249444566,0.00507683292641814,0.0031841622041700163
1.2943570926826196,1.3062653323004751,0.0692408323755298,0.05579716944970993
1.125030221191642,1.13689570952635,-0.16932687149097747,-0.17084038003961263
1.1868986292491557,1.187478955542759,0.06186840805751359,0.07131991455974991
1.2340253383911353,1.2390075907976508,0.047126709141979584,0.06389874344471771
1.1982251127724453,1.21019084783474,-0.03580022561869001,-0.03005203618801857
1.135675909082992,1.1591201956816617,-0.06254920368945327,-0.04585636758131962
1.183805278552052,1.172285114252169,0.0481293694690601,0.04217438141302847
1.2353085342349093,1.2389725386286201,0.051503255682857185,0.03786289788839026
1.1752232115225023,1.1728655231173388,-0.06008532271240696,-0.06781772633872724
1.2406790399614875,1.246886367285015,0.06545582843898523,0.052348258550888094
1.216488216151026,1.217853501030536,-0.02419082381046156,-0.02953296263019535
1.1657404516368683,1.1738620301395208,-0.050747764514157634,-0.06411984839912598
1.2300274363368846,1.2402024921258596,0.06428698470001626,0.06721426026484455
1.2931017275398233,1.2923025317538142,0.06307429120293873,0.07471292772675568
1.1754648026513386,1.172783831752656,-0.11763692488848476,-0.12635736181895774
1.1937891158774967,1.2088234047328157,0.01832431322615813,0.0029155652628399965
1.192710715806486,1.203372764931113,-0.0010784000710106767,-0.002210170275070484
1.2350899197679779,1.209876212358815,0.04237920396149186,0.031634135213415696
1.214707038430691,1.216692143241296,-0.02038288133728683,-0.02855080980181115
1.285365053447459,1.264495525236063,0.07065801501676794,0.06119042266299966
1.127568304864753,1.1561484490522271,-0.1577967485827061,-0.15099418266987935
1.1913539564791817,1.1611207981654712,0.06378565161442884,0.07023222365564122
1.2044362460540905,1.1712928234851094,0.013082289574908756,0.020059162926399712
1.1956037578033192,1.1966526184595359,-0.00883248825077132,-0.020720545242054286
1.2946928787703103,1.2981019820636504,0.09908912096699107,0.08321970495790226
1.3322400926920863,1.3608156893578014,0.03754721392177607,0.033626239491498296
1.2651868900654175,1.3306329172867248,-0.0670532026266688,-0.07731038087934936
1.263654159523181,1.233264023354076,-0.0015327305422365711,-0.00047730067868633234
1.231129215420629,1.225839814940927,-0.03252494410255191,-0.029552280715072033
1.2315808280666487,1.2678233394182288,0.0004516126460196723,0.005013801020296343
1.1695951896298238,1.1494989111457377,-0.06198563843682492,-0.06089885424113415
1.2205935916994075,1.238302070895644,0.050998402069583726,0.045842592223812664
1.1459619180429714,1.1840216049215153,-0.07463167365643608,-0.08023199045490201
1.2355051954104384,1.2178588197020448,0.08954327736746692,0.08519237923204337
1.2182174684112166,1.2475330986710798,-0.017287726999221764,-0.004474358148641262
1.22753713972307,1.2136916709109282,0.009319671311853517,0.012489874853391184
1.2235063128184165,1.2054843638308925,-0.004030826904653617,-0.006213049427490878
1.28242168710731,1.2661376362928434,0.058915374288893485,0.07025341223345755
1.2311877603825667,1.2056708815841155,-0.05123392672474325,-0.06852414908113778
1.2867488403962124,1.2670315500832041,0.05556108001364568,0.0481968433801833
1.1847078456024907,1.1952793675258708,-0.10204099479372175,-0.09697352576635886
1.3244211449639647,1.3093992719246554,0.13971329936147403,0.1505229292820447
1.176561499504679,1.1790702895508975,-0.14785964545928576,-0.16151967778258408
1.1935032263958973,1.1985918785262637,0.016941726891218423,0.0039049907568729364
1.2090904525692787,1.2260638439000302,0.015587226173381374,0.0216171806001107
1.2945208681061722,1.333841509639831,0.08543041553689346,0.08979689237073173
1.2119458928220133,1.2298440443086847,-0.08257497528415891,-0.0766550200283643
1.170921967866887,1.1662173979404724,-0.0410239249551263,-0.04910352341616574
1.1459863693159427,1.1815205377090285,-0.024935598550944293,-0.016147466118278588
1.2573952020998953,1.281111235339893,0.11140883278395264,0.11429569528970845
1.2535342560130598,1.2514932940378871,-0.003860946086835515,0.00020623646857377987
1.2523093537180756,1.2788813849062688,-0.001224902294984176,-0.008810558719725026
1.2457167127493631,1.2166706336891453,-0.006592640968712482,0.004480056799426509
1.1754498846237749,1.177708069190645,-0.07026682812558827,-0.0649271449571098
1.2327877427630063,1.2453786700676306,0.057337858139231423,0.057912886267310004
1.2368505567985228,1.2346877721950933,0.00406281403551656,-0.0036511728436390382
1.2670766165144738,1.2951924863249507,0.030226059715950937,0.02127217292142708
1.218581706664275,1.1931086894101395,-0.048494909850198775,-0.05746188026273011
1.2000520856442682,1.2150684022902705,-0.01852962102000677,-0.01951447518181391
1.1902582029614968,1.1656133276140188,-0.009793882682771482,-0.018635263289119137
1.2586258981845015,1.237511272672827,0.06836769522300479,0.06561007770688065
1.2066805341473756,1.2060625337218183,-0.05194536403712591,-0.05485107860563178
1.1657739072233786,1.199690918994909,-0.04090662692399705,-0.0420929916689305
1.2961811001585315,1.3373343662591322,0.1304071929351529,0.13871637008674764
1.28236095356301,1.313894788141993,-0.013820146595521443,-0.018691151462105076
1.2360866587698176,1.2041486122872573,-0.04627429479319245,-0.03287104453925653
1.2144155452445164,1.2178100509367187,-0.021671113525301156,-0.02318463508174552
1.1844270407786404,1.201055257033999,-0.029988504465876087,-0.019529442731617705
1.1097715887494215,1.1335103647554636,-0.07465545202921886,-0.08827605356689971
1.2074499037078874,1.1968258599081456,0.0976783149584659,0.09099512454138582
1.2137120566273827,1.205272830025555,0.0062621529194952785,0.010328280044398022
1.2627925932674384,1.2467288956103353,0.04908053664005574,0.04938870996154627
1.3662068973214927,1.3518702431240732,0.10341430405405427,0.10532936358126943
1.2885668769293792,1.295177313948481,-0.07764002039211348,-0.06699987876111224
1.2328374320615005,1.2282020260806588,-0.055729444867878675,-0.06421222421630365
1.233867886963554,1.2559533562592076,0.001030454902053446,0.004456475649786464
1.198453237350187,1.1797296803389994,-0.03541464961336693,-0.04006267910716942
1.2596873970807323,1.2841742596630663,0.061234159730545246,0.05393764665770177
1.2013371885066786,1.2114368724739775,-0.05835020857405371,-0.0316363493569439
1.26161445634752,1.2420238990411638,0.06027726784084142,0.0510175467205226
1.1780761642140989,1.200146494275569,-0.08353829213342112,-0.08493810431203995
1.3212558777893746,1.3261159559436682,0.1431797135752757,0.11952182577492271
1.256246160048516,1.235508411581039,-0.06500971774085862,-0.06229242558723229
1.2462548453460822,1.2534323189313945,-0.009991314702433751,-0.023223677846236412
1.3234340865656962,1.333999383817287,0.07717924121961395,0.08902159720120238
1.2020455292227743,1.2027832064328077,-0.12138855734292187,-0.12031539264373749
1.2457346607920041,1.2202913735153524,0.04368913156922982,0.042749378277297724
1.2822757122926767,1.2666023365270473,0.03654105150067255,0.02872473653657629
1.2363139363414442,1.2297278565119332,-0.04596177595123252,-0.03792535475951076
1.21465945118699,1.2120754751912541,-0.02165448515445423,-0.028105295619640754
1.263594042027782,1.2733360132566167,0.0489345908407921,0.045418151702215435
1.3498869596774967,1.3534147039335918,0.0862929176497147,0.0940261395879961
1.2145980624610384,1.2016149867241737,-0.13528889721645831,-0.13940397678529393
1.1709973380524301,1.1679126919184866,-0.04360072440860829,-0.054770506343430184
1.2999837406959203,1.2579213877022521,0.12898640264349015,0.12343279686415111
1.1704926135375664,1.1539974556499524,-0.12949112715835387,-0.11805140996295428
1.3232395044091896,1.3190627668606367,0.1527468908716232,0.15132245154442575
1.1920697641613107,1.2038478514707593,-0.13116974024787886,-0.12774520195053532
1.309365965001918,1.3252277094687182,0.11729620084060732,0.11843076073214667
1.2131134073951093,1.214856575965272,-0.09625255760680873,-0.11684360495052182
1.2151832653219916,1.2290518583034042,0.0020698579268823014,0.006433864103305281
1.2625238098173097,1.2601622034949462,0.047340544495318104,0.045595915284038654
1.1851896134542736,1.2040072788622818,-0.07733419636303607,-0.06657870451834105
1.2662420764072335,1.2853405783595224,0.08105246295295987,0.07196857433866205
1.2619878265172013,1.2603688062467715,-0.004254249890032202,0.008174230566265577
1.23260668853188,1.2557180997915327,-0.02938113798532127,-0.03740427443428118
1.2083070919845158,1.20450897882116,-0.024299596547364244,-0.02329657115736374
1.240539805124268,1.2186633972397412,0.03223271313975218,0.020972359304059093
1.240444702268154,1.241210233518872,-9.510285611402658e-05,0.007524151946328284
1.2124498318320773,1.1818403047590729,-0.027994870436076624,-0.0367693925374486
1.2462343543357033,1.2582699437246259,0.03378452250362596,0.036346503005609515
1.2894063988792108,1.278269435376475,0.04317204454350754,0.04727131155386405
1.3023523904009389,1.2659874363888663,0.01294599152172804,0.0036496639107453602
1.282705220966905,1.2780295677417388,-0.019647169434033884,-0.039818932737439354
1.2200400587401863,1.2327449648143487,-0.0626651622267187,-0.04576613640797536
1.331504171274776,1.3329691673658852,0.11146411253458965,0.11997364267158421
1.3159869496607657,1.3432650690017036,-0.015517221614010257,-0.02428692192025316
1.2453844790692277,1.2584954944379267,-0.07060247059153801,-0.06467513307068985
1.3083429978960288,1.2728049696871655,0.06295851882680115,0.06430368699617114
1.2555805766248784,1.2738893846618795,-0.052762421271150384,-0.06062887494681658
1.2613700755063366,1.2750814127091201,0.005789498881458188,0.011467094662904527
1.2419384684143229,1.2391369122022609,-0.019431607092013747,-0.0336378395124129
1.3149824705271909,1.3478292137646886,0.07304400211286799,0.07448963549811126
1.2226983032983534,1.2281710892689852,-0.09228416722883748,-0.10580125327938776
1.193606242319756,1.1973827069986167,-0.0290920609785974,-0.02717531586486419
1.2186275179563228,1.2107626944511671,0.025021275636566864,0.025917287736150197
1.2866858499816998,1.3302817565273752,0.06805833202537692,0.08480075165745982
1.3086685293681248,1.3390178062667544,0.021982679386425064,0.04175739125933792
1.2186244004907236,1.212618792283804,-0.09004412887740121,-0.09627835280182173
1.3049212487408708,1.2765736215958405,0.08629684825014716,0.07201426733995772
1.2573912022793265,1.2241384846091612,-0.04753004646154424,-0.0416016298389619
1.3000529556625804,1.3145320871585038,0.04266175338325384,0.03177787520245236
1.2623837478106863,1.2510630251449186,-0.03766920785189409,-0.02110870696121578
1.1773625264147956,1.182278114899169,-0.08502122139589074,-0.07007212727590804
1.3815806165452225,1.3662940242658443,0.2042180901304269,0.21554310639340854
1.2599115307550324,1.2844218636639226,-0.12166908579019009,-0.10806197352676516
1.2447750390735186,1.2672534122072303,-0.015136491681513764,-0.033417634199153674
1.241220004234798,1.244890060880834,-0.00355503483872055,-0.01399854637997301
1.2259959470592703,1.2239234672581119,-0.015224057175527772,-0.019555783932121096
1.3874716776776623,1.3767109721016897,0.16147573061839204,0.15328482631482537
1.285099907328698,1.3396181967080096,-0.10237177034896439,-0.12309806806197054
1.2956663300758902,1.3071667552441155,0.010566422747192217,0.008941016990341924
1.3703906146851603,1.364918137222442,0.07472428460927016,0.06974698605568554
1.279714774551608,1.284304230986071,-0.09067584013355234,-0.07759600850577301
1.2129584483132507,1.2316239197388374,-0.06675632623835726,-0.05641814666200434
1.284484631051607,1.3149264885340284,0.0715261827383562,0.06928591389113935
1.3183366974788568,1.3244265628013578,0.033852066427249916,0.028860974566676287
1.338950108529261,1.3293914731053191,0.02061341105040415,0.008900587346571525
1.240086874477774,1.258366214321593,-0.098863234051487,-0.09732038575948894
1.3172800574767765,1.2922156889040814,0.07719318299900246,0.07978741863878762
1.259843346541979,1.262025043817091,-0.05743671093479752,-0.055758104928266695
1.2717030377002705,1.2991853055678642,0.011859691158291552,0.016320338711627067
1.2360451346908077,1.2501309217730574,-0.03565790300946281,-0.04726357141576468
1.3677445585538566,1.3416617131441484,0.1316994238630489,0.11448206807770889
1.225795059373664,1.2337420656920055,-0.14194949918019262,-0.13845697105569277
1.3186595727976942,1.3258918567999043,0.09286451342403024,0.09325546846694467
1.3343763517095422,1.3285140591317044,0.015716778911847973,0.0022753134003721826
1.2741029398978896,1.2931945753619152,-0.06027341181165258,-0.04753152904775799
1.3492060562095691,1.356243905685502,0.07510311631167954,0.09235744957567282
1.2208095850743514,1.2180999959258596,-0.12839647113521768,-0.1235919498459813
1.2644981512040057,1.2658434426614755,0.043688566129654216,0.060514460611566415
1.3367109871146685,1.3283691178950856,0.07221283591066285,0.06511228199949001
1.2450486531553138,1.2572307827519802,-0.09166233395935475,-0.09269490084161215
1.3343502386657415,1.3350655504655675,0.08930158551042777,0.08082394313395017
1.2855558822805717,1.2756118184947822,-0.048794356385169824,-0.046332829459906535
1.2698382398456292,1.2783262071590935,-0.015717642434942558,-0.011777651830218484
1.2354660831491293,1.2427832970020076,-0.034372156696499845,-0.03744744112828689
1.18072732514303,1.1959334734250244,-0.0547387580060994,-0.05882126453179085
1.253387812026913,1.2467847046703822,0.07266048688388316,0.07395554246765328
1.275907411418271,1.2768143214036314,0.022519599391357836,0.03383913949513345
1.3418043334160281,1.3253787037223888,0.06589692199775721,0.08149017386870301
1.1707524746474798,1.1833801114724896,-0.17105185876854834,-0.15644208849122335
1.2446312285700032,1.227401117657216,0.07387875392252341,0.06367477289180026
1.3111618485591208,1.3074661021930383,0.06653061998911758,0.06017586095191123
1.3115271588833433,1.3172050152472983,0.00036531032422248977,0.00731140746781266
1.2754047686785057,1.2611641601229,-0.03612239020483754,-0.045739579477285686
1.2723470285750356,1.2605817731434135,-0.0030577401034701523,-0.012580581644912646
1.3144067818038154,1.2929513434667088,0.04205975322877986,0.04503379382605539
1.3183488879445326,1.284274490539987,0.0039421061407172164,0.003016119298095899
1.2256612012890642,1.2286856814000529,-0.09268768665546845,-0.11026812700303262
1.2807237009182817,1.2940501267001976,0.0550624996292175,0.06876668233107326
1.2362132061716478,1.2363892368015716,-0.04451049474663393,-0.03363681609994679
1.2798602426768013,1.3046624039410282,0.04364703650515356,0.045221526735890444
1.237006161793104,1.2275229642112029,-0.04285408088369724,-0.02528709473190654
1.2279502996313556,1.2115189248217981,-0.009055862161748474,-0.01747903001819396
1.3477365207983552,1.348778838073011,0.11978622116699955,0.11666079381431077
1.2130877748732891,1.1789629158797361,-0.13464874592506604,-0.11668169626296016
1.3286969404654925,1.3649619273626408,0.11560916559220336,0.12053437416086203
1.2460810022305346,1.2763526008428945,-0.08261593823495783,-0.10252743959680552
1.1714612460170766,1.154039238240392,-0.07461975621345807,-0.07183079852470162
1.2464241781287542,1.2503313983302922,0.0749629321116776,0.08300440928747042
1.2600141375072995,1.2851409820373554,0.013589959378545347,0.01290201670228966
1.244190466627513,1.2723332983252444,-0.015823670879786533,-0.003838909891026419
1.2818350135762597,1.2531629410116285,0.03764454694874675,0.03123010916363053
1.2193258043031,1.2015358382035517,-0.06250920927315984,-0.06328369394494157
1.2243524098976366,1.2010330460739727,0.005026605594536715,-0.005850540425464314
1.3226766383379207,1.335948610548014,0.0983242284402841,0.09717086321959882
1.3165003817299272,1.2956046935123622,-0.00617625660799348,-0.014002034480839176
1.3020225704432353,1.3144476801735312,-0.0144778112866919,-0.02918482411144788
1.2980715443570456,1.2959986786087525,-0.003951026086189691,0.014465578200742877
1.2172369499111186,1.1881511123400768,-0.080834594445927,-0.07373988859313799
1.2443010987988854,1.2859776071632198,0.02706414888776676,0.039983757660473206
1.3100838085497448,1.3269636799045017,0.06578270975085942,0.06448487163235378
1.3219157352541635,1.3133891008860008,0.011831926704418683,0.014559058333903042
1.2398698495496605,1.219621492566934,-0.082045885704503,-0.07654264660218023
1.311572535357668,1.3197354343824674,0.07170268580800743,0.058056281010555114
1.1751296549992323,1.1929711636058087,-0.13644288035843566,-0.13399421280049276
1.2962506992543614,1.3170343690368866,0.12112104425512915,0.11424432281034821
1.3082812990775916,1.3055789273490561,0.012030599823230181,0.020741405062785302
1.3441982299244453,1.384633686017728,0.035916930846853656,0.023810628542932234
1.216761765433132,1.2395334936892237,-0.1274364644913133,-0.1250973876278651
1.2454276052035187,1.2487059581988016,0.028665839770386725,0.03420278590754783
1.3289223485680937,1.3298548283939169,0.08349474336457496,0.07325371624745401
1.3458680372423766,1.3534800388041233,0.01694568867428292,0.04103699976193938
1.2988615717288345,1.3090767255722828,-0.04700646551354204,-0.04130740405189579
1.2382968175098408,1.224335522191514,-0.060564754218993766,-0.06322246478008031
1.1984585692921996,1.190032411503361,-0.03983824821764115,-0.048813688568472735
1.401528897079236,1.3867025478663422,0.20307032778703626,0.19172912521557914
1.2452859598962556,1.235293426211152,-0.15624293718298032,-0.1662055064556868
1.2443246553201166,1.269773162010954,-0.000961304576138966,-0.0018580513260787245
1.2921171528316242,1.2996138419308796,0.0477924975115076,0.056201617617904695
1.2421787211835877,1.2244323573375904,-0.04993843164803646,-0.05503983364882979
1.255102832313894,1.2693138304897718,0.012924111130306226,-0.007024268992928028
1.3065232616444835,1.2955347133238626,0.051420429330589545,0.05596799830262519
1.3411458978060513,1.3488535805248618,0.0346226361615678,0.027719848702398492
1.2482951506110345,1.2314501700694145,-0.09285074719501685,-0.08778355230831794
1.2719834865911777,1.2317771734794545,0.023688335980143194,0.018626429746569265
1.311562379557491,1.3146180677219719,0.03957889296631345,0.03347917662651627
1.257380978472324,1.2440804236963803,-0.054181401085167114,-0.056511134630262125
1.2812234865029268,1.2709668152236537,0.023842508030602838,0.015007004199111506
1.2712495972977769,1.2574868261482521,-0.009973889205149966,-0.0012007007505424293
1.3432040964949705,1.3157330790341544,0.07195449919719366,0.06120221422355532
1.2969882301777031,1.2694286506299066,-0.04621586631726737,-0.06664255497968788
1.325048031563282,1.3375675810612568,0.028059801385578842,0.024042467936042373
1.321120434717118,1.3400522903262788,-0.003927596846164061,-0.015791235438198437
1.2071625212113708,1.1819364965820365,-0.11395791350574713,-0.11126831998725176
1.2323978239450408,1.2088231434476253,0.02523530273367003,0.034115327569813045
1.3177350625021822,1.3153943726976682,0.08533723855714137,0.09099214285884934
1.3015062747391588,1.2691402993296679,-0.01622878776302339,-0.008440766044752536
1.283843408101692,1.2716437880679925,-0.017662866637466745,-0.011152732908630291
1.2876480365781227,1.2948676705034712,0.0038046284764305938,0.010513021249019384
1.347061660993887,1.3273266413313818,0.059413624415764366,0.06464751497175575
1.1905644411448983,1.2312565768457444,-0.15649721984898868,-0.16194287372844113
1.3086141866624617,1.3219017714287058,0.11804974551756331,0.12976628326693532
1.3774494548358218,1.3670799620082892,0.06883526817336016,0.08642609943168744
1.277931017385715,1.261480531694973,-0.0995184374501068,-0.0958021519853369
1.333364205913434,1.3729458463407158,0.05543318852771906,0.04353190639013575
1.3261406132871025,1.3304537229663351,-0.007223592626331543,0.000677669628725671
1.3378364481362346,1.306170028076426,0.011695834849132059,0.0028930382804076213
1.3352717084877588,1.3578567062185636,-0.002564739648475811,-0.007653991816193874
1.2979523317081654,1.3196056198427903,-0.037319376779593405,-0.03968425993668755
1.3768184748497392,1.3860231218428873,0.07886614314157381,0.06799379086586939
1.2846948283511619,1.2782546346617774,-0.0921236464985773,-0.08394882215260185
1.3091571256036494,1.319783928526679,0.024462297252487497,0.03603807057204565
1.2674258652369368,1.277477703738361,-0.0417312603667126,-0.045583989485176196
1.3028863775697743,1.2934551730921784,0.035460512332837535,0.024097956267164822
1.2504467366329026,1.2293549973343894,-0.0524396409368717,-0.053808439263451475
1.3543417158956335,1.367102961077069,0.10389497926273084,0.12337344194299382
1.3135884199765828,1.3315357041133322,-0.040753295919050636,-0.036069482241614846
1.331837563583839,1.3139161118608351,0.01824914360725627,0.017928740034792327
1.3250147114045003,1.3436041200373918,-0.006822852179338756,-0.007807218711161065
1.3094722979132936,1.315854639108478,-0.015542413491206775,-0.019137857285833376
1.2535456473910198,1.2498226798205911,-0.055926650522273746,-0.047654149242376126
1.3385617725806382,1.3188930596563693,0.08501612518961843,0.09891855290308274
1.3956998435055175,1.3860098759527015,0.057138070924879214,0.05359605615043995
1.2981744507121191,1.3019739841352993,-0.09752539279339834,-0.0952213988689261
1.3265449790138448,1.3297577342497993,0.028370528301725706,0.04007322346954102
1.2850965265953667,1.2486590448907842,-0.041448452418478166,-0.043080668690319235
1.3210408013430375,1.3326021108822756,0.03594427474767081,0.0395536326937157
1.2981199154129657,1.2445837480319606,-0.0229208859300718,-0.02692884284632871
1.2934472850319172,1.2576335394702003,-0.0046726303810484815,-0.009125010098573756
1.248069290886353,1.2926209841359093,-0.04537799414556409,-0.052139346892786466
1.4114008439594148,1.4122417323302165,0.16333155307306169,0.1719514245636214
1.279334654505349,1.2658124717733104,-0.13206618945406579,-0.13832923298855107
1.2579939369930855,1.2173494914241283,-0.02134071751226352,-6.826937583696152e-06
1.3036376757342762,1.324210386053689,0.045643738741190765,0.04121651887232512
1.314238474072983,1.290026802376314,0.010600798338706863,0.01662670956025445
1.2295054312381324,1.2298853260349587,-0.08473304283485072,-0.09214639767941878
1.3741129462776898,1.3788975482936938,0.14460751503955738,0.1510151566214492
1.3631977211993864,1.370428046041964,-0.010915225078303337,0.004410936801979513
1.3416573182169498,1.3387043214952512,-0.021540402982436646,-0.016186061293702057
1.3725538423664456,1.3757877292175196,0.03089652414949584,0.03189340762578638
1.3375761450817558,1.3419835533081395,-0.0349776972846898,-0.023896452903652138
1.2942072335912111,1.2688608844165574,-0.04336891149054467,-0.050354022236879015
1.1637651310686974,1.1830884646928521,-0.13044210252251376,-0.12636188629090084
1.2580492036589799,1.272380994167944,0.09428407259028249,0.10849471237283273
1.305561551557781,1.3078701048786672,0.0475123478988011,0.03205272398228588
1.2419667756223838,1.2396431564167434,-0.0635947759353972,-0.06587507538202503
1.3431595798400455,1.3528190494262569,0.10119280421766175,0.09087752259297958
1.2498778880643149,1.2861297297304588,-0.09328169177573065,-0.10367307807862926
1.274734315985047,1.3116150712126837,0.02485642792073217,0.016157824165927426
1.1993915777998918,1.2205993581552832,-0.07534273818515524,-0.08000932085710663
1.222170217557748,1.2506509790767923,0.02277863975785621,0.020259012653439927
1.2643695911680657,1.2981334417844121,0.04219937361031767,0.02700791654213784
1.2364799316309067,1.24175514973953,-0.02788965953715894,-0.026675162226443817
1.376285152798315,1.3847545407036488,0.13980522116740834,0.13859236354461948
1.352927336432396,1.3608359628367137,-0.02335781636591916,-0.024035025411925644
1.3143492498015665,1.2757947525730486,-0.0385780866308294,-0.0337708463528663
1.2908957733450466,1.288404927765203,-0.02345347645651996,-0.030411526485414057
1.2803405128020477,1.2977915923992034,-0.010555260542998823,-0.03147977343707431
1.331386561071962,1.2970883996597753,0.05104604826991421,0.036352278423320984
1.3475219195355412,1.3272428586969423,0.016135358463579275,0.024545445016752467
1.3886443236142867,1.364322223346661,0.041122404078745456,0.05551885820762016
1.350163746565771,1.3494868792980748,-0.03848057704851571,-0.04809552780151859
1.3024262947078706,1.280094463639806,-0.04773745185790035,-0.038946200353978166
1.274777835784827,1.2642848737376737,-0.027648458923043684,-0.02236222564870854
1.4242894727849107,1.3893857432115833,0.14951163700008374,0.1400772052206233
1.3358254162414447,1.340489232508563,-0.08846405654346601,-0.1104473924093158
1.2976598873866105,1.327134259554093,-0.03816552885483415,-0.04548043396705538
1.2882109018253685,1.3140210404156067,-0.009448985561242074,0.002531544155129786
1.3442478373289368,1.3235077260579242,0.056036935503568364,0.07002661722752623
1.3763188104054875,1.3807390327282687,0.03207097307655071,0.04338640681816589
1.2837701350902315,1.2816115628413318,-0.09254867531525601,-0.09576059005994801
1.283289865503304,1.3340253756329472,-0.0004802695869274842,-0.014954807471966775
1.3045809112793916,1.3679281803423349,0.021291045776087536,0.02097391661155832
1.309609575577413,1.3029640793333357,0.005028664298021512,0.019056146914410023
1.3126971562139387,1.305700776127965,0.0030875806365255887,-0.004002346717731063
1.3456276009185457,1.3515933813861072,0.03293044470460704,0.03441775668903528
1.326748474971368,1.3350163762174552,-0.018879125947177666,-0.027793899870688435
1.3750076170683758,1.408630437592861,0.04825914209700777,0.0331442886002261
1.3144415524099242,1.347139053327388,-0.0605660646584516,-0.05237720416827663
1.2962886044640298,1.2885949383925006,-0.018152947945894393,-0.005676679733018655
1.3235680707843342,1.344785608888155,0.027279466320304424,0.019225383042424733
1.3725813703376357,1.3482232712426696,0.04901329955330147,0.04744662747557578
1.4323231924076123,1.4258787352379667,0.05974182206997658,0.06583322882866585
1.3057935094213753,1.3031870872435243,-0.126529682986237,-0.12492908414629432
1.256618151163951,1.2479228066243682,-0.04917535825742436,-0.023487658694299956
1.2443293348661422,1.2507763589771095,-0.012288816297808758,-0.004836515802265234
1.1846139109480114,1.2122281505778174,-0.05971542391813078,-0.04914528033469545
1.259927158546008,1.2596234330282472,0.07531324759799651,0.08849639584922085
1.361483600830459,1.3281525013790525,0.10155644228445104,0.1041774343665734
1.3329960337685631,1.3415172803349946,-0.028487567061895813,-0.035572292338058725
1.2958205886507395,1.2850454449601578,-0.03717544511782367,-0.023492684632597953
1.3637175381449516,1.3617045304469952,0.0678969494942121,0.07251431284604716
1.3612122687524302,1.3614414870948914,-0.002505269392521381,0.0013637084369246262
1.2729457796904429,1.2713055228631611,-0.08826648906198731,-0.08099734411029876
1.287430971279712,1.2877849399176473,0.014485191589269197,0.012789986508325107
1.3530101512366064,1.345557334791906,0.06557917995689433,0.06431794103808741
1.3272405774370175,1.347758281340678,-0.025769573799588885,-0.02199041457121349
1.297221030739177,1.3025719930078299,-0.03001954669784057,-0.036135436135025054
1.3983047367328374,1.4271703714396264,0.10108370599366046,0.1004041379513031
1.3607556346242284,1.3582988885659757,-0.037549102108608956,-0.03842124783450724
1.331675785847515,1.3583899766199887,-0.029079848776713435,-0.0269664025039506
1.3562848928104583,1.3551248958707502,0.024609106962943272,0.03214671431147772
1.3578511571949183,1.3694078650214185,0.0015662643844600588,-0.0024332425837694047
1.3387354605378083,1.3155864156344392,-0.019115696657109993,-0.03284405225057512
1.3470514544472172,1.340392591065632,0.008315993909408848,0.0013731135114239687
1.339163464844449,1.33158817661341,-0.007887989602768153,-0.00834565056316671
1.2982273676115301,1.2617521130092963,-0.04093609723291891,-0.026742977815128743
1.3601014008335222,1.3951917692000768,0.06187403322199203,0.05982905435499212
1.305789789308902,1.3096668950613675,-0.05431161152462005,-0.05428887225452544
1.3956913854668913,1.4174941100895948,0.0899015961579892,0.07369947066197938
1.3770264938588939,1.381884238576734,-0.018664891607997447,-0.016223841201504347
1.4628103245580353,1.4640315819926688,0.08578383069914142,0.0883811312222749
1.2837524437096468,1.2216600468883523,-0.17905788084838847,-0.16827715335017637
1.3034982084465732,1.3156170598158436,0.019745764736926352,0.019517212626335826
1.3984120321956661,1.3780993280066138,0.09491382374909296,0.10625612393233484
1.4033749881214372,1.3805458166432771,0.0049629559257711175,0.0042641035554707675
1.303094573769608,1.2767027190283324,-0.10028041435182922,-0.11694717916747452
1.3495964570606611,1.3214097397643136,0.04650188329105309,0.0528101350303601
1.3087094560153745,1.3311818717228305,-0.04088700104528664,-0.0425356500408698
1.3340234186982982,1.3021841469589688,0.02531396268292374,0.028672540727909677
1.3395296487863053,1.3454184631712276,0.0055062300880071025,0.01924525691627862
1.393324202679325,1.4141944252140006,0.05379455389301979,0.0474037551252414
1.3585032881681436,1.361616037324132,-0.03482091451118152,-0.04479062960072455
1.3269572238847396,1.3168030169013285,-0.03154606428340401,-0.030307987749480896
1.3091198070502092,1.3113165182554591,-0.01783741683453033,-8.422254555322944e-05
1.3755287896140997,1.3602086795919588,0.0664089825638905,0.08061665631822706
1.380454190532658,1.38623535496316,0.004925400918558198,0.019305918965235654
1.268888194678052,1.278770688046932,-0.11156599585460603,-0.10165436640911105
1.365646833892516,1.3674375621475694,0.09675863921446415,0.09796207195332157
1.3719833475735506,1.347342549119675,0.006336513681034495,0.005999006698091163
1.2845742594740266,1.3188789872532378,-0.08740908809952397,-0.08361845994651991
1.3210829125986099,1.3326804078797667,0.03650865312458329,0.028523931273524393
1.4004214824906622,1.4030264945061903,0.07933856989205235,0.07736763807522352
1.3535279198072838,1.3664794922117003,-0.04689356268337841,-0.048923982931182886
1.3715527540797838,1.3863342038399613,0.018024834272500012,0.010274719030077348
1.2800558988335797,1.2596564425520853,-0.0914968552462041,-0.1051870854816328
1.3189083433278168,1.330507496664882,0.03885244449423708,0.02976200351475263
1.2944787483062035,1.3095639209845555,-0.02442959502161335,-0.028027209149462346
1.3336054515662026,1.2869716193514398,0.03912670325999912,0.05689227901911792
1.40368719336277,1.4015580018062233,0.07008174179656734,0.05220157283626975
1.361142118480837,1.392783753433201,-0.04254507488193293,-0.04755889479466078
1.3501578190776675,1.3639484282833636,-0.010984299403169473,-0.015037324985838783
1.3620860483783706,1.395695686720867,0.01192822930070303,0.002028262231110219
1.3476557063035755,1.341538382893264,-0.0144303420747951,-0.006387984710035759
1.3959225509294684,1.3912199626167585,0.048266844625892924,0.052956102126976254
1.3343623787924506,1.3504783323831429,-0.06156017213701781,-0.04444385380743072
1.3840172161662845,1.359100394183563,0.049654837373833915,0.03532839743834842
1.385324971226602,1.4210535862822806,0.0013077550603175503,-0.005269316768349479
1.3924158374548066,1.414470811908313,0.00709086622820454,-0.011672160867156566
1.4204862276071206,1.4371437779173386,0.02807039015231405,0.0352503540816857
1.3209677564649067,1.3150827572251174,-0.0995184711422139,-0.10864906434475871
1.3461402713533699,1.3434680604927998,0.02517251488846317,0.016808080243611155
1.423973627957641,1.374150580534418,0.07783335660427104,0.0993472990033578
1.3843704451862127,1.3898672396715626,-0.03960318277142827,-0.03656928569093316
1.3761101795701212,1.3444274388243609,-0.0082602656160915,-0.00044239619338818856
1.3341017242838187,1.3295873103676499,-0.04200845528630248,-0.040694721420787144
1.2864718076651978,1.2848671746956695,-0.04762991661862093,-0.04670589685328564
1.2915050399207355,1.2592347328141067,0.005033232255537756,0.012410074250421252
1.308415915415409,1.3007028783428547,0.016910875494673405,0.02607406891251085
1.3411663352600094,1.34892518843976,0.032750419844600476,0.027207522773503436
1.2792334957201115,1.2800873136863757,-0.06193283953989792,-0.059417237728528506
1.3387560485764851,1.3629967390628823,0.059522552856373645,0.049516515513718044
1.3470042957145123,1.3460245079401918,0.008248247138027187,0.015870330826326697
1.3600225596340243,1.3813379604162148,0.013018263919511996,0.014535315849783419
1.3628107541996513,1.4015946471405973,0.0027881945656269558,0.006209415997797287
1.3606880746604284,1.3791812645122536,-0.0021226795392228492,-0.0026891908343398157
1.2320068556596004,1.2318919515820557,-0.12868121900082796,-0.14384905953608906
1.301738171172647,1.3001372085829954,0.06973131551304657,0.07693320558412362
1.3007886500574894,1.2802939098016097,-0.0009495211151575589,-0.019461199551292628
1.3774847670121617,1.3799308360751652,0.07669611695467227,0.08650982522529951
1.2921536321451976,1.3081935720592046,-0.08533113486696409,-0.07410553448044119
1.377006204006246,1.3840580602720582,0.08485257186104844,0.07925786633239197
1.3631647780374128,1.3697529585791295,-0.01384142596883331,-0.016444427446453667
1.4126806214582583,1.4259186157769679,0.049515843420845584,0.06537858117265397
1.3526412839689788,1.36826957168671,-0.06003933748927959,-0.0809471663323
1.3417884880560729,1.2984993134374754,-0.010852795912905888,-0.00145448570999856
1.3242310732977745,1.309791505312236,-0.017557414758298417,-0.012027329705346142
1.3873981277572804,1.3501035851759886,0.06316705445950599,0.046490982885136006
1.3957791432143563,1.3726188211274106,0.008381015457075813,0.021987870211146652
1.3852229587815834,1.3986399248225483,-0.010556184432772842,-0.01647613135680547
1.38158156352934,1.3824258164747778,-0.0036413952522433846,-0.005861119688373306
1.2938282693022598,1.3081923784776988,-0.08775329422708023,-0.08927565211048982
1.406071177648858,1.3964245139241087,0.11224290834659811,0.12165841780357788
1.2923604020657022,1.285311006328692,-0.11371077558315568,-0.1017558142809334
1.3424940463331934,1.312474930003784,0.05013364426749112,0.05036802446853537
1.399754877595036,1.410197559132154,0.05726083126184256,0.06126187885191829
1.311608418051287,1.2944998933642662,-0.08814645954374889,-0.0746426181468295
1.3680442664503079,1.3912673314803476,0.05643584839902083,0.04457533252209908
1.3485987803994248,1.364948052543119,-0.019445486050883032,-0.04123862819259297
1.19903354809293,1.1896446396357234,-0.14956523230649488,-0.1510611173982719
1.4265500571340703,1.3954079660191554,0.2275165090411404,0.22209965305499677
1.3705828801741249,1.3729303755662745,-0.055967176959945464,-0.046806760525840096
1.2950775851301273,1.3400786027945937,-0.07550529504399761,-0.08976215604166603
1.3151707936229873,1.3052647018855899,0.020093208492860004,0.0326971127656528
1.291164986823449,1.2912046233255121,-0.024005806799538343,-0.034072236143297546
1.4579300180970556,1.4582038301277196,0.16676503127360665,0.13713986185775504
1.3549057144744323,1.3807169676253455,-0.10302430362262327,-0.0968196958572771
1.3920186033380213,1.3994969972682796,0.03711288886358899,0.02912535312479935
1.3900574763314668,1.3818285444018308,-0.001961127006554486,0.007193525599828577
1.290295689012716,1.3019795074006328,-0.09976178731875085,-0.11594322894541323
1.3486365706935137,1.3205826902209379,0.05834088168079776,0.052008497149644575
1.4582796447196125,1.4805842099412394,0.10964307402609874,0.12088508654744055
1.3301751203143661,1.3567256977648727,-0.12810452440524633,-0.1435958872018046
1.3416081342036763,1.3392606716464193,0.011433013889310173,0.010433651420258871
1.231455396521855,1.2527669490792088,-0.11015273768182121,-0.10242061082722419
1.4107517643445702,1.3968153226001172,0.17929636782271507,0.1940074503394411
1.3606291636896155,1.395445227071628,-0.05012260065495466,-0.054827228580536465
1.3240223535557392,1.3360798397243192,-0.036606810133876344,-0.044980996911983394
1.3468398381570796,1.3451168304072463,0.022817484601340476,0.01427524889116559
1.307526995423113,1.3099339986307035,-0.039312842733966624,-0.039382282576576944
1.3738161399553346,1.3779251848401388,0.06628914453222157,0.0587714643878966
1.4547392908846146,1.4735757839126244,0.08092315092928004,0.06857423503764958
1.3389605128290278,1.3409231683483955,-0.11577877805558678,-0.11706719884997588
1.3384835656203475,1.3501105272554286,-0.0004769472086803006,-0.00969647583348183
1.4505414172782292,1.471850963176572,0.11205785165788162,0.10434272169843763
1.3813015636774828,1.3695453082128328,-0.06923985360074636,-0.06279316682085782
1.294655104296489,1.2923461879706029,-0.08664645938099391,-0.09049427518364689
1.3414226165656071,1.3233196953170596,0.04676751226911824,0.05566565212307537
1.4050514774590284,1.408212787497603,0.06362886089342124,0.048170103858924875
1.396918411437804,1.4171842701664388,-0.008133066021224433,0.00984794330353932
1.3231664498863598,1.3158619037660386,-0.07375196155144415,-0.07502559517323833
1.29282697857726,1.3096632209120396,-0.030339471309099864,-0.04158968180957374
1.3942622200388546,1.415529255226553,0.10143524146159466,0.07724752339013541
1.3713148855112611,1.374867768896687,-0.022947334527593455,-0.01238515939138928
1.3856444759747715,1.4122166670535952,0.014329590463510344,0.011218148058109889
1.3338021700907907,1.346028695820149,-0.051842305883980755,-0.049891251027725195
1.367728615899233,1.4019019588938029,0.033926445808442285,0.02697919386680614
1.3773876946618049,1.3733814600971106,0.009659078762571882,0.0025299574489867655
1.3553500303898542,1.3382629862852766,-0.02203766427195064,-0.022055871716498688
1.3258029374215663,1.3283752717003348,-0.029547092968287947,-0.033031511336197944
1.425640460723082,1.4330987352180655,0.09983752330151563,0.0845350701768258
1.4230065740663098,1.4374379290751456,-0.002633886656772111,-0.010912421061623571
1.4015599973824195,1.4212763859415753,-0.021446576683890273,-0.03204928948192731
1.3308293788379832,1.3277914977775649,-0.0707306185444363,-0.06595830377528251
1.3590883014117234,1.3432576972754149,0.028258922573740186,0.0338909716179316
1.3195111694863184,1.324014963410612,-0.03957713192540502,-0.06070377890456435
1.365936498033233,1.3585532306443793,0.0464253285469145,0.03995860781524681
1.4330212807578526,1.4257582410798288,0.06708478272461971,0.0632627190024947
1.4157167705247087,1.3892598008152937,-0.017304510233143944,-0.02611108489524081
1.418116760257541,1.407735228313922,0.002399989732832397,-0.0012038324902419436
1.4240461747358,1.4320066930622213,0.005929414478258899,0.00678887986868143
1.4248839956752135,1.4164507033492835,0.0008378209394135361,-0.0002494168885724176
1.3958382521426993,1.4087687011358248,-0.029045743532514212,-0.03804511874451515
1.3845712383353062,1.380232180976205,-0.011267013807393145,0.0018240425645839036
1.3106473350762846,1.34453056809698,-0.07392390325902154,-0.05869971017844915
1.500907213794838,1.5142999039547418,0.19025987871855343,0.18871424552819216
1.4211795204754682,1.4019548980080683,-0.0797276933193698,-0.07635985441071254
1.3929589851007427,1.3870707868827268,-0.028220535374725575,-0.04763611687374754
1.4337546723847645,1.4256676606535357,0.04079568728402183,0.04285703149451874
1.3332865569602284,1.3171554512149763,-0.10046811542453615,-0.11318989487928513
1.3986027484564205,1.4183658044742562,0.06531619149619217,0.06880806702706786
1.4005540498318172,1.3554459110787258,0.0019513013753966746,-0.006200169612300764
1.4493585170759562,1.4249482205738113,0.048804467244139005,0.05584709524666437
1.3676865261657472,1.3904058141751785,-0.08167199091020905,-0.08421136443611295
1.3535512922708997,1.3512420965522902,-0.014135233894847499,-0.014655235858161326
1.4063267645372586,1.3966479203021283,0.052775472266358925,0.06215375632605904
1.36345921672965,1.3702483632599631,-0.0428675478076086,-0.03184063542384277
1.3882442300057005,1.3966385094975338,0.024785013276050538,0.025586721072315792
1.4301116415441273,1.4120182212422587,0.04186741153842677,0.03602763101259548
1.4136572344260074,1.4504692393050682,-0.01645440711811985,-0.039621726044089485
1.3393044563871899,1.3370525334612213,-0.07435277803881757,-0.07663898153954152
1.3586207073846788,1.3525634906424984,0.019316250997488904,0.018656213848827558
1.4404578544240763,1.4351742947779929,0.08183714703939748,0.09852992205076047
1.4204846319911721,1.4371788732665185,-0.019973222432904114,-0.006184302974194556
1.4430627142071035,1.4625957680935047,0.022578082215931383,0.003138401411329879
1.4193928806762528,1.3983798494133384,-0.023669833530850726,-0.012001183036589955
1.3293778608701272,1.3230397816132,-0.09001501980612558,-0.07549246815132503
1.3008490209003545,1.3237734595956359,-0.028528839969772735,-0.036671375322788996
1.3980275430903957,1.3878408687101993,0.0971785221900412,0.09510204162728272
1.3537478751784553,1.3757490026093695,-0.04427966791194038,-0.038851689175343596
1.4928731304078713,1.477104828653751,0.139125255229416,0.14270662121991934
1.4273042483743954,1.4394229665933584,-0.06556888203347588,-0.06783542650054109
1.371389979828072,1.3649482213199542,-0.05591426854632342,-0.057790156929214444
1.3563469674473523,1.3694800334145059,-0.0150430123807197,-0.009006568404645466
1.4454536850893995,1.4765906503818298,0.08910671764204725,0.07970488335069341
1.4197111466732202,1.4333316945408185,-0.02574253841617935,-0.025343379516755977
1.4304622139569878,1.402802523662453,0.010751067283767624,0.008062707521153416
1.3899660698686347,1.3813150537480692,-0.040496144088353114,-0.0338281258975663
1.3603774686417858,1.4025395783664019,-0.02958860122684892,-0.03096572930982571
1.4345296576832944,1.4411463722893993,0.07415218904150866,0.09204037818098598
1.460205458843116,1.4174519362696794,0.025675801159821487,0.03088030496092154
1.428076373961286,1.4308747450182766,-0.03212908488182986,-0.0242059596673422
1.3677145131531774,1.3678307965314505,-0.06036186080810868,-0.05437421752460165
1.4008079520643797,1.3826634194910805,0.03309343891120231,0.03930670259599298
1.3555174290405694,1.3627467048910002,-0.045290523023810314,-0.041135465353587766
1.3652575565150098,1.3610147490356201,0.009740127474440419,0.012293214816235496
1.4333564458501462,1.4215736646738615,0.06809888933513641,0.07857971305690023
1.428887821524597,1.4118411293171944,-0.004468624325549175,0.00848755922231248
1.4035889436118816,1.4024433237106888,-0.025298877912715456,-0.023854471268961182
1.3786760443982675,1.3628031270129806,-0.02491289921361406,-0.02087855017062202
1.4009621892691255,1.370938115536011,0.022286144870858005,0.027728595197420856
1.4171888934732781,1.420698487114591,0.01622670420415262,0.01393172611974433
1.4466272647862441,1.4383904091288748,0.029438371312966005,0.010830649862872795
1.3667431139545312,1.3956537927665713,-0.07988415083171296,-0.07399348806088632
1.4422471690915815,1.418826886150393,0.07550405513705027,0.0709307561122846
1.500784739548008,1.5214577806648193,0.0585375704564266,0.059440492063490065
1.4176967261246083,1.4472737519541696,-0.08308801342339978,-0.0773334135755926
1.3826761986585485,1.3785345464985754,-0.03502052746605977,-0.03321646549925499
1.3725934130341446,1.3434097994911618,-0.0100827856244039,-0.0002046739865818395
1.4172037557215487,1.4164796192532683,0.04461034268740405,0.050613898237945466
1.4378083973858298,1.4369199256263294,0.02060464166428111,0.022890062131106028
1.4228747974221947,1.4047066891181528,-0.01493359996363508,-0.021889265498140388
1.3450976351767598,1.3777974430127393,-0.07777716224543485,-0.08611107861028505
1.4333386391967804,1.4412898113444408,0.08824100402002055,0.07854836227593302
1.3732699633586272,1.3533209674623359,-0.06006867583815323,-0.05482668323549613
1.3751071327223516,1.3684126492857116,0.0018371693637244668,-0.0043006044286199255
1.4014107592343261,1.4120424935657614,0.026303626511974487,0.02859932472750614
1.3977690187219332,1.3964986954769922,-0.003641740512392966,0.001847698847630328
1.4105967511384203,1.3914424816321644,0.012827732416487159,0.004882090179462933
1.3925814912121057,1.3511270385572922,-0.018015259926314586,-0.012312401797046083
1.4153361794340114,1.4097863159239947,0.022754688221905628,0.013268046721748574
1.3529730123680574,1.3574236030429079,-0.062363167065953906,-0.06305987494846921
1.47250504170434,1.493296194449655,0.11953202933628249,0.11871360028815664
1.3807178701526115,1.402729164730701,-0.09178717155172844,-0.10333483167199713
1.442906303389688,1.4285816622045526,0.06218843323707657,0.0678824599657272
1.3289764594005165,1.3330724036563952,-0.11392984398917161,-0.09120008506371949
1.4041124116983412,1.4307188509286686,0.07513595229782477,0.07630278386477168
1.3295249456230016,1.3106063837350055,-0.07458746607533961,-0.07510194669467796
1.433607212207249,1.4509271823675656,0.10408226658424735,0.08819666053124914
1.372843872656098,1.372840567640163,-0.060763339551150874,-0.05452151798780311
1.3906526367823875,1.3998981182823569,0.0178087641262894,0.007979347781574175
1.509945961280816,1.5264374829774143,0.11929332449842844,0.08680187559566296
1.3714210977130563,1.3910764971542517,-0.13852486356775962,-0.1371184814780918
1.3221409683277803,1.2998191943218893,-0.04928012938527604,-0.050994478438525344
1.4102943154304524,1.4296764150740717,0.08815334710267209,0.0981400148208771
1.434786647860167,1.4789637442666463,0.024492332429714603,0.03368082917011025
1.295045913265866,1.292083929172242,-0.13974073459430092,-0.12352211768054193
1.423789052534339,1.4409534801161161,0.12874313926847303,0.12667253741802048
1.4298126356209955,1.4176444471718759,0.006023583086656403,0.00998642380937502
1.4430213149687061,1.4585613225075948,0.013208679347710639,0.0036368989271772737
1.3738826819914256,1.3921237454846214,-0.06913863297728051,-0.0695527325450283
1.518560746783548,1.4861255132583335,0.14467806479212242,0.14752436606363484
1.441202818159451,1.4393234037250748,-0.07735792862409707,-0.07139937434155709
1.4305058741794474,1.431515390123988,-0.010696943980003537,-0.009360678552242693
1.439487952499597,1.4350378279117977,0.008982078320149522,0.031355186902882574
1.3484280217962241,1.373537027258046,-0.09105993070337282,-0.09279330392250097
1.3483990433886925,1.3778947813156621,-2.8978407531576877e-05,0.009807786318350931
1.4220457619495739,1.4103491921162912,0.07364671856088134,0.05813656293169536
1.429083595318247,1.4747059710226844,0.007037833368673141,0.01227735310213146
1.4467376126602447,1.4259562512085269,0.017654017341997674,0.01479354048246514
1.37527982039042,1.3945984348165632,-0.07145779226982474,-0.09078605104144016
1.4367944951949805,1.4108185092916272,0.06151467480456052,0.06081469652183622
1.3776378925072823,1.384873201195583,-0.05915660268769818,-0.040928362967180255
1.372229424832362,1.3632543528312957,-0.005408467674920203,0.0026264184642736076
1.4971012509373571,1.5072060389239035,0.12487182610499503,0.09635379312162942
1.4193911618263326,1.4280341926717133,-0.0777100891110245,-0.0709763392151117
1.3384452121111636,1.3234869738846282,-0.080945949715169,-0.08481042804693911
1.4519200147806524,1.4272837016158963,0.11347480266948873,0.10871620907069073
1.3172553057655756,1.2965932702844936,-0.13466470901507677,-0.12445622902145478
1.3864235436937749,1.3634628459993638,0.06916823792819926,0.06632400657227812
1.3674724999985834,1.3816535314552414,-0.018951043695191405,-0.02246433708472629
1.407204934826283,1.4212336059612414,0.0397324348276995,0.01740379256195692
1.3706808893606248,1.36840455679453,-0.03652404546565813,-0.04566861267318709
1.3858008607688348,1.4113687941760287,0.015119971408209976,0.01419824217808525
1.3457266387839546,1.3096453300391344,-0.0400742219848802,-0.042403587265587
1.3478689584902042,1.363169043512107,0.0021423197062495625,0.006402099416422169
1.4516110905436146,1.4436645997741495,0.10374213205341043,0.10057664929998382
1.4032818588243938,1.4222549396020872,-0.04832923171922077,-0.04859583046996389
1.42572637157664,1.4248479354949957,0.022444512752246126,0.03250169830306815
1.4027718292486901,1.3999369897027993,-0.0229545423279498,-0.032528042582439694
1.4574699241271636,1.4188613177577698,0.054698094878473436,0.04610711078616437
1.4789087181753486,1.5027868429914066,0.02143879404818505,0.03402711564053616
1.3364223647815172,1.323420617518814,-0.14248635339383142,-0.14592714077857719
1.4200858445697768,1.4098721891367967,0.08366347978825961,0.09265651296119914
1.4841066560626772,1.464876495174705,0.0640208114929004,0.04996049602709414
1.440301992077793,1.4381241500612907,-0.04380466398488414,-0.03176526820864453
1.3661439143492011,1.364400630228685,-0.07415807772859195,-0.07789326584126127
1.4323623644127057,1.4260514473578076,0.06621845006350457,0.055179223671202794
1.3930665444974601,1.3941023138824733,-0.039295819915245556,-0.025746227676918518
1.4573982430514019,1.4540198962322735,0.06433169855394172,0.0555088147162632
1.382760453487838,1.3780406132854361,-0.07463778956356393,-0.08351714068328245
1.3773421088183049,1.3713966159957949,-0.0054183446695330595,-0.008246510586926041
1.3705710554013253,1.3510246068491853,-0.006771053416979589,-0.0001626935151757391
1.3363133296404155,1.3665096151722105,-0.034257725760909796,-0.02467227751448991
1.4111605949329886,1.4444226447266115,0.07484726529257313,0.06341098351023769
1.3893488035273032,1.3783068620690915,-0.021811791405685454,-0.038019778414947886
1.477028424600594,1.5126456042169574,0.08767962107329086,0.08644853172874299
1.3780919751805192,1.3807872625366504,-0.09893644942007485,-0.09292126154499784
1.4542122028877702,1.4719766835004735,0.07612022770725102,0.06898478063599157
1.4443250335843594,1.436667467408204,-0.009887169303410825,-0.01354564461985378
1.404882364668027,1.406036779632295,-0.0394426689163323,-0.03608013178498492
1.4449773411357762,1.4485180820780776,0.04009497646774918,0.041602581250142615
1.4291033271608649,1.462721049912852,-0.015874013974911394,-0.005963395884220011
1.444215652416753,1.467791977776367,0.015112325255888237,0.03268767305638637
1.392703839706814,1.4181682813050862,-0.05151181270993899,-0.034813458391562344
1.4560643904318034,1.46968079225836,0.06336055072498925,0.07696410215493756
1.4231518107644556,1.3771150909583736,-0.03291257966734773,-0.03676967009730002
1.4820805878895549,1.460417824263448,0.05892877712509925,0.05719170025898376
1.3819363107720861,1.3956284452362173,-0.10014427711746876,-0.09332124937302952
1.476717624293675,1.4956530722738706,0.09478131352158892,0.10143497903530385
1.4621560662352528,1.4423247756675281,-0.014561558058422186,-0.02297359912870518
1.3777704837608504,1.377469273093825,-0.08438558247440242,-0.09979567712653395
1.4243507924888927,1.4246443584313049,0.04658030872804231,0.03426782119548273
1.4130392007378465,1.4201393966727132,-0.011311591751046235,0.0027399299197992492
1.484383690415036,1.502828712555296,0.07134448967718954,0.07393069198590374
1.4139415178366057,1.406592132627969,-0.07044217257843033,-0.07612708665069925
1.4734090180430885,1.4364170413688706,0.05946750020648284,0.07382622155799175
1.3917333153793598,1.4021901969220394,-0.0816757026637287,-0.08325752953460078
1.4581120586576184,1.474217405680531,0.06637874327825855,0.058764949930923044
1.47364989210993,1.4864550979607363,0.015537833452311522,-0.002825483823216058
1.514283293478071,1.543121493734346,0.04063340136814109,0.03921911120532381
1.327670013740892,1.3489274540154528,-0.1866132797371789,-0.19056273587906353
1.4649735523368506,1.4622357049088883,0.13730353859595845,0.1441928570121525
1.4523138485631155,1.4900584826317567,-0.012659703773735043,0.010900842368867424
1.364218768876495,1.3638561904951847,-0.08809507968662045,-0.0761521718521315
1.4327139757683396,1.4445955682840013,0.06849520689184452,0.06138678933200111
1.3736217096995549,1.3808858320440298,-0.059092266068784705,-0.05576957625891399
1.393700267256706,1.368956183876057,0.020078557557151155,0.029546063478633366
1.424563243413762,1.4194374043912714,0.03086297615705602,0.016771458191827047
1.4223261566984102,1.3910631978365864,-0.0022370867153518326,-0.01006072091690911
1.405858443386159,1.4165504852603428,-0.016467713312251275,-0.01788387226306173
1.4427644270360498,1.4476820164882878,0.03690598364989084,0.0451495064438239
1.3057076098112046,1.2942754114683728,-0.1370568172248452,-0.1360182551519186
1.3492961112085413,1.3264596306567165,0.04358850139733672,0.02926591166364694
1.4012506288452813,1.4118414647529536,0.05195451763673997,0.032996209241495704
1.5505841579202777,1.600600719072939,0.14933352907499642,0.14931795557516386
1.4070274999053505,1.4070558350317282,-0.14355665801492723,-0.15049935268361575
1.4388835770594195,1.4070609280439303,0.03185607715406902,0.036479584786445585
1.5459324337770832,1.541314778853569,0.10704885671766373,0.09802089953677251
1.506363268048449,1.4974418453749934,-0.03956916572863434,-0.025778108447594848
1.4591466553545318,1.471626932174843,-0.04721661269391708,-0.04026121452446183
1.4722540455313078,1.457665974390726,0.01310739017677598,0.0018561718997412123
1.292737165317524,1.3045464531670137,-0.17951688021378387,-0.18853335598764423
1.4282516266527772,1.413973991709719,0.13551446133525324,0.12222723586636974
1.5233903970157694,1.515231833854596,0.09513877036299223,0.08694066047758439
1.352915519858013,1.3568176266249026,-0.17047487715775644,-0.16947144551891327
1.4455876780806471,1.4318810622587257,0.0926721582226342,0.09923102012322618
1.449465944696882,1.4354493647369042,0.0038782666162349155,-0.007855452132638113
1.476339830427944,1.5015237670311057,0.026873885731061975,0.025931031308696367
1.5690804606110722,1.5967385116979127,0.09274063018312817,0.09406104645735078
1.3928284234786772,1.4020864473574144,-0.176252037132395,-0.18285859525135112
1.501379206705202,1.5174140775262517,0.1085507832265249,0.12832855360632126
1.4890481614224482,1.4741218698344825,-0.01233104528275386,-0.026802505608425856
1.438778173572353,1.4509347278744331,-0.05026998785009518,-0.05892108035511149
1.4582544354562854,1.4999331570175154,0.019476261883932366,0.01975134280344924
1.461667717929323,1.4646583907504662,0.0034132824730375155,0.01276786427799809
1.3809607028207382,1.3905722491421126,-0.08070701510858469,-0.07583790421667415
1.3757743687153425,1.393850743274624,-0.005186334105395707,-0.004967083284121002
1.537454774063476,1.5206580874597104,0.16168040534813355,0.16576401582690314
1.3530946867452804,1.3559234845113726,-0.18436008731819564,-0.1804677027621588
1.4558645323136334,1.4416207824853235,0.102769845568353,0.10532342971240076
1.488408224840371,1.4923354040731989,0.0325436925267375,0.05809277046910101
1.3637017156549156,1.3230025059596768,-0.12470650918545534,-0.1405626363400344
1.482101631110779,1.4809179686503402,0.11839991545586348,0.1258189292969381
1.3877875112728637,1.3735633635791504,-0.09431411983791538,-0.11041083213624406
1.4664174146999254,1.4560679713018994,0.07862990342706166,0.08258000045374014
1.4591981422670817,1.4295182698312936,-0.007219272432843704,0.00794082692567626
1.38792454043246,1.4132472380426104,-0.07127360183462161,-0.055356556998219106
1.4162367092215966,1.380582875768852,0.02831216878913656,0.03153659929046978
1.502024173305954,1.5456336128764223,0.08578746408435745,0.1013217706199863
1.4058275038150148,1.3885813880823394,-0.0961966694909393,-0.11572446509877306
1.5035080495628244,1.502468731754562,0.0976805457478096,0.09832165413936751
1.403863297068032,1.4367821275121249,-0.09964475249479232,-0.08459144819290043
1.4232834509219914,1.4480381845118244,0.019420153853959343,0.027098345224539917
1.5026421461482613,1.5129827562608702,0.07935869522626993,0.08798406521525891
1.3187272081552281,1.3291568666889912,-0.18391493799303316,-0.1659649099437211
1.408640132899945,1.4679772965267845,0.0899129247447168,0.08133649590321387
1.4550339559791938,1.4434973577634878,0.046393823079248886,0.06026178502051302
1.4641683510041066,1.4376756054915458,0.009134395024912756,0.009103300892686
1.4068559469596198,1.4085198355681858,-0.05731240404448679,-0.045752895090473714
1.43739983480847,1.435977593805897,0.030543887848850204,0.029344702650584528
1.4698972529203207,1.4716525227494563,0.032497418111850696,0.034858891906259654
1.4723760147651879,1.4741412392497488,0.002478761844867172,0.01464104943145715
1.4718667269639385,1.48979995389049,-0.0005092878012493696,-0.014062187294543213
1.4635573664458044,1.4818794358519876,-0.008309360518134135,-0.0157921773208616
1.4639128878568521,1.5147074966785534,0.0003555214110477767,-0.004290368508467049
1.4058356061929433,1.3926179043575477,-0.0580772816639088,-0.05515688221741837
1.3965630009948293,1.4030998833667065,-0.009272605198114015,-0.018518046819015276
1.4586281798799763,1.4730724477853205,0.062065178885146954,0.06311365854075646
1.4383940805303028,1.4336560618962724,-0.020234099349673462,-0.022021456637316906
1.5192511351002287,1.5488792203542383,0.08085705456992587,0.07995644321549274
1.341297561962484,1.3648284866995275,-0.17795357313774463,-0.20546317732293026
1.4959755359321276,1.4688915486180247,0.15467797396964356,0.14965272788610443
1.5099606456168368,1.5103318237545809,0.01398510968470923,0.021781183753445205
1.4780568822034754,1.473850460010242,-0.03190376341336143,-0.024820273972908147
1.509281499248439,1.514080401790445,0.031224617044963487,0.027828346807426393
1.4969713385505474,1.4937924881247975,-0.012310160697891481,-0.012283761342610638
1.4917863848339112,1.4975232600640305,-0.005184953716636187,0.006674419307201836
1.473743497663211,1.4773145331593622,-0.018042887170700128,-0.01475402963910259
1.4643982611008415,1.476246812619355,-0.00934523656236963,-0.006370648640064326
1.4800637671455459,1.4511770180339012,0.015665506044704403,0.016646112971173504
1.4334251886206912,1.425607169367239,-0.046638578524854646,-0.05457157652348414
1.514589612411471,1.5066701280063628,0.08116442379077982,0.09092999122619524
1.4310792017288039,1.4386092310500995,-0.08351041068266718,-0.06165806880030941
1.4808872323378788,1.4642267280748624,0.049808030609074905,0.04024166175169058
1.5460549152178773,1.5453753632983713,0.06516768287999852,0.07128033986474035
1.4967176805062925,1.4765996023590875,-0.0493372347115848,-0.033240103182872724
1.373244777338048,1.3329533650473349,-0.12347290316824444,-0.1320737255117391
1.4188557577253564,1.4387132500961701,0.045610980387308375,0.06582500253847651
1.4803950952158373,1.4281726460541555,0.061539337490480905,0.05475964079491723
1.4527325189710747,1.4594107620161063,-0.02766257624476265,-0.026116905223315078
1.458279100021229,1.458935990329224,0.0055465810501542645,0.0006668135996414559
1.4620163387132301,1.4932664474304962,0.0037372386920011547,-0.00876637123218777
1.4810181539157339,1.4807535204993918,0.01900181520250377,0.012529478507861774
1.4510693474920369,1.5021784433466931,-0.029948806423697016,-0.030522806332101696
1.5307078765814415,1.5326130890644423,0.07963852908940461,0.07632510000270752
1.4030406344947755,1.4187394642206135,-0.12766724208666602,-0.13795561086082983
1.4944129858844133,1.474521779230807,0.09137235138963784,0.07871475657320291
1.584574104849164,1.5983182062125323,0.09016111896475065,0.1040151709205741
1.385362478011309,1.4278643929918546,-0.19921162683785498,-0.17843367890304576
1.4686373726619837,1.4618567017032273,0.08327489465067472,0.09984067170594686
1.4415829343556101,1.476644949499695,-0.02705443830637355,-0.03025960978422065
1.4083963330378533,1.4411345739569035,-0.03318660131775686,-0.03953710747384675
1.609333858634053,1.5827876371631784,0.20093752559619982,0.1887741991051295
1.460915324465929,1.4546919754411487,-0.14841853416812412,-0.14689185031229354
1.53582108286918,1.5441946353194442,0.07490575840325109,0.07053173811984222
1.4505415315475982,1.4431035257084872,-0.08527955132158183,-0.09613007418057522
1.4770429741829434,1.529077047740643,0.02650144263534515,0.027025174172110797
1.440409642418114,1.424632415534991,-0.0366333317648293,-0.0449236912394055
1.546215282419114,1.5627647408457184,0.1058056400009999,0.11196056707756995
1.4746491946046285,1.4719967517034815,-0.07156608781448548,-0.07451140271493688
1.49310701424459,1.5022523595288786,0.018457819639961404,0.031657087658271965
1.4346686081599442,1.4595325642456909,-0.05843840608464568,-0.08438554669774609
1.4184585443404298,1.4139583955221218,-0.016210063819514398,0.0007158813990311499
1.5978630533560256,1.5890443770866334,0.1794045090155958,0.18822708930519894
1.4453825774090643,1.4507466063066552,-0.15248047594696135,-0.1438440794269233
1.5084511081674066,1.527035163484275,0.06306853075834229,0.06542182205468197
1.4499734951038359,1.489392426640854,-0.05847761306357069,-0.06605492594099807
1.4617776556402426,1.4660957424892247,0.01180416053640676,0.010068940196150426
1.4213455941274595,1.3771258597422913,-0.04043206151278311,-0.050557377844898534
1.4975914247093467,1.5184531926239895,0.07624583058188716,0.05999742223404615
1.5196855842197468,1.502011961368746,0.022094159510400058,0.005544352213491709
1.4750379774691142,1.4554020468464945,-0.04464760675063251,-0.05533280646193418
1.512131560778057,1.4694829064123465,0.037093583308942746,0.049141015678029434
1.3957791986174093,1.3982159576773265,-0.1163523621606477,-0.12649575690360446
1.457998219865333,1.4439723332011454,0.06221902124792367,0.059828831937640124
1.4700209106707796,1.4530917568225896,0.0120226908054466,0.024612659837011948
1.489015588664673,1.4835133872924373,0.018994677993893427,0.03468851715597532
1.51855591969486,1.537844946694367,0.02954033103018694,0.02056712406442009
1.4784175508632513,1.4843750926223342,-0.040138368831608595,-0.049709547423740286
1.515632039278049,1.5090430329278604,0.037214488414797575,0.0371948682679084
1.4592904150366877,1.4395671207493441,-0.05634162424136124,-0.054514990040216225
1.5796563876685616,1.5831777922401304,0.12036597263187399,0.1163497459730111
1.5017371057794917,1.4860201482602964,-0.07791928188906994,-0.0809062164300034
1.483316126770583,1.4661971676141363,-0.01842097900890871,-0.0234600077676008
1.3984921468540437,1.410662937948191,-0.08482397991653934,-0.0856495960664753
1.550983569621063,1.565743893831974,0.15249142276701932,0.14736152318751108
1.5738305788379165,1.554674853590468,0.022847009216853564,0.025038519897763074
1.5485538160489976,1.525554346392444,-0.025276762788918994,-0.01917168976641566
1.4502571101966746,1.3990644941744819,-0.09829670585232297,-0.10034187543981699
1.4876879014028566,1.5060838147045443,0.03743079120618198,0.032645580527218915
1.5019441115456469,1.4875488387282096,0.014256210142790327,0.0035690931611616246
1.5373655323347706,1.5057009019366485,0.03542142078912369,0.03433145369175734
1.5107302125446234,1.4996374618606454,-0.026635319790147216,-0.01263144429529474
1.468336514930825,1.4672826124253706,-0.04239369761379841,-0.057170950659234866
1.4651239954093396,1.448562459401721,-0.0032125195214853797,-0.014435723306831068
1.3396976668951,1.343313845765323,-0.12542632851423963,-0.12073204246158213
1.3984362143734823,1.4102461436819203,0.058738547478382364,0.05436163828166336
1.5589962350960627,1.5886704758787888,0.16056002072258035,0.17338951033618044
1.547505226524005,1.55593352983877,-0.011491008572057648,-0.0017637233578841633
1.4698026785612073,1.4546842006138885,-0.07770254796279774,-0.08326402956630981
1.493448015918879,1.5040548250368355,0.023645337357671714,0.01387685156345486
1.5880545365325232,1.6212606451568776,0.09460652061364416,0.09974639141828774
1.5254918010440044,1.5302952641847847,-0.06256273548851876,-0.06367114984136064
1.5204869167253525,1.5187593729285866,-0.00500488431865187,0.0014808947645820868
1.5338144253389705,1.5299511668813859,0.013327508613617978,-0.006218550585719473
1.4642344552742999,1.4596994798924872,-0.06957997006467065,-0.06065166585694142
1.464677462365238,1.4965602213987086,0.0004430070909382522,0.014700695812729316
1.4620856810391798,1.4905553032246344,-0.0025917813260583067,-0.010498274177207632
1.4694767260629191,1.4680327968818705,0.007391045023739329,0.007747506694832081
1.5944662429971281,1.581031908739877,0.12498951693420901,0.12587931696269816
1.4100386752118326,1.3991730698474298,-0.18442756778529557,-0.19710624688791212
1.5227068416156289,1.4963296232050987,0.11266816640379629,0.1214873155998887
1.4904993927513475,1.546335803851942,-0.032207448864281396,-0.02898881731168121
1.589044187256565,1.587249648712689,0.09854479450521758,0.10552974606387705
1.4546364977295188,1.4564786779823389,-0.1344076895270463,-0.13977395755564423
1.468295340900753,1.4580760999293165,0.013658843171234336,0.019032390903904902
1.4804365038871778,1.4783848698441777,0.012141162986424758,0.021401580655800383
1.4259100344592093,1.3876473461505014,-0.05452646942796857,-0.05270733127700815
1.4226572723775028,1.418379929969272,-0.0032527620817064395,-0.013912285243593192
1.4494894657402273,1.4507530009876655,0.026832193362724466,0.020822853280829407
1.4626931916806218,1.4423454211577278,0.01320372594039454,0.007699019707455469
1.4650453802101173,1.4554231500424657,0.0023521885294954803,0.010490930339373436
1.4834821929890982,1.5002573579359808,0.018436812778980904,0.029840285912837532
1.5201646256829806,1.5127413719301135,0.03668243269388238,0.04195955381098056
1.4917878151360586,1.4721083240539439,-0.028376810546921982,-0.01568051092325821
1.5785290565856693,1.5802968833989088,0.0867412414496107,0.07712311179045428
1.4833164287112344,1.4671179132036993,-0.09521262787443496,-0.09005065863620268
1.5191087564638182,1.5218084960240554,0.035792327752583786,0.04030598569851256
1.411861884862498,1.4106945919964353,-0.10724687160132018,-0.1061767669972558
1.4501625044749986,1.4587815202086323,0.03830061961250064,0.03486179055208548
1.4839581463296863,1.4737107646755572,0.03379564185468764,0.03194786027351544
1.3943395867436568,1.3965790110235394,-0.08961855958602949,-0.10452177917072744
1.5492992482696921,1.5446511815961406,0.15495966152603535,0.16051318101768094
1.4418942831068726,1.4671046507344745,-0.1074049651628195,-0.10777406527042939
1.5694066545609844,1.594825646118026,0.12751237145411176,0.13813666202345126
1.4970677804132335,1.4640589798416315,-0.07233887414775086,-0.06091765898330394
1.4666819309483432,1.4302855906003125,-0.030385849464890313,-0.00674026634321442
1.4479573160077421,1.4942573720742758,-0.01872461494060107,-0.02825852048186893
1.5173609170390114,1.5265716725126648,0.0694036010312693,0.07550992548810286
1.502897732910832,1.5086434621053157,-0.014463184128179485,-0.019128286891467835
1.473877488382852,1.4817181900058558,-0.02902024452797991,-0.026634810428567385
1.4635444585163362,1.4668444315781366,-0.010333029866515853,-0.016830956999987805
1.5068193339228826,1.5115527656992622,0.0432748754065464,0.04538370356245789
1.455214106854728,1.4407226535865956,-0.051605227068154624,-0.05704076349337822
