Actual_Level,Predicted_Level,Actual_DeltaH,Predicted_DeltaH
10.0,10.0268416776568,0.0,0.026841677656799633
10.000342582406287,9.967215209922951,0.00034258240628585497,-0.03278479007704835
10.000685160791921,10.000650457072286,0.000685160791920121,0.0006504570722858825
10.001027731136299,10.004749298988985,0.0010277311362983969,0.004749298988984349
10.00137028941891,10.018170501269939,0.0013702894189106557,0.018170501269939573
10.001712831619388,9.989832984123636,0.0017128316193884313,-0.01016701587636396
10.002055353717552,10.041747230533192,0.002055353717552003,0.04174723053319159
10.002397851693457,10.010248364965417,0.0023978516934575755,0.010248364965416111
10.002740321527444,9.987310924608973,0.0027403215274444614,-0.012689075391025876
10.003082759200183,9.989420642376778,0.003082759200182254,-0.010579357623220919
10.003425160692718,9.994148716053097,0.003425160692718001,-0.005851283946903015
10.003767521986523,9.982256886487543,0.0037675219865233745,-0.017743113512457893
10.004109839063542,10.021430196191963,0.004109839063541827,0.021430196191962646
10.004452107906236,10.027757197510207,0.004452107906235755,0.02775719751020716
10.004794324497635,9.975539471651809,0.004794324497633649,-0.024460528348191707
10.005136484821378,10.01909392304334,0.005136484821377232,0.019093923043338477
10.005478584861768,10.003167324403929,0.005478584861768609,0.0031673244039291254
10.005820620603817,10.043036294634295,0.00582062060381738,0.043036294634293856
10.006162588033288,10.010922133872992,0.006162588033287777,0.010922133872992342
10.006504483136746,9.992588916100962,0.006504483136745765,-0.007411083899037358
10.006846301901605,10.025722798750978,0.006846301901606152,0.025722798750978063
10.00718804031618,10.006677850004223,0.007188040316179677,0.00667785000422317
10.00752969436972,9.981075254449495,0.007529694369720096,-0.018924745550504853
10.007871260052472,10.002882125332217,0.00787126005247125,0.0028821253322177907
10.008212733355714,10.018672680754097,0.008212733355714126,0.018672680754097486
10.008554110271813,10.0308965305808,0.00855411027181391,0.030896530580800448
10.008895386794267,9.99532642158035,0.008895386794267011,-0.004673578419650305
10.009236558917747,10.020455527372935,0.009236558917748093,0.02045552737293442
10.009577622638156,10.01914921483991,0.009577622638157077,0.019149214839910812
10.009918573952666,10.004947665277157,0.00991857395266613,0.004947665277157839
10.010259408859767,10.02180773305315,0.010259408859766657,0.021807733053148787
10.010600123359316,9.98546919721717,0.01060012335931625,-0.014530802782829602
10.010940713452586,10.018319410830676,0.010940713452585647,0.018319410830676914
10.011281175142306,10.014742021053372,0.011281175142305647,0.014742021053371704
10.011621504432714,10.018007138435964,0.011621504432714043,0.018007138435964742
10.011961697329603,10.018470179120108,0.011961697329602498,0.018470179120108694
10.012301749840363,10.028225117094927,0.012301749840363434,0.02822511709492663
10.012641657974036,10.054025732190164,0.012641657974036888,0.05402573219016468
10.012981417741358,10.031629158076527,0.012981417741357349,0.03162915807652582
10.0133210251548,9.9927609376822,0.013321025154800584,-0.007239062317799959
10.01366047622863,10.04430026237926,0.01366047622863042,0.044300262379259644
10.013999766978946,9.97740819731465,0.013999766978945546,-0.022591802685348772
10.014338893423727,10.007259789993613,0.014338893423726249,0.007259789993613683
10.014677851582881,10.036144883511447,0.014677851582881164,0.036144883511447096
10.015016637478293,10.026876759415055,0.01501663747829396,0.026876759415054477
10.01535524713387,9.997629936335315,0.015355247133870068,-0.002370063664684492
10.015693676575584,10.02760569386115,0.015693676575583307,0.02760569386114909
10.016031921831523,9.983665800231309,0.01603192183152255,-0.016334199768690223
10.01636997893194,10.029250346902144,0.016369978931938325,0.029250346902142996
10.01670784390929,10.000988933332433,0.016707843909289418,0.0009889333324324956
10.017045512798289,10.019495350247194,0.017045512798289416,0.019495350247193854
10.017382981635953,10.020845382412624,0.01738298163595327,0.02084538241262433
10.017720246461645,10.035077026951026,0.017720246461643795,0.03507702695102477
10.018057303317118,10.06411397696714,0.018057303317118148,0.06411397696714144
10.018394148246575,9.979972450963237,0.018394148246574288,-0.02002754903676357
10.018730777296698,9.994540987474855,0.01873077729669741,-0.005459012525144909
10.019067186516706,10.004989484126833,0.019067186516706316,0.004989484126832136
10.0194033719584,10.047743587426618,0.019403371958399827,0.047743587426617495
10.019739329676202,10.047487874519982,0.019739329676203073,0.04748787451998227
10.020075055727213,9.990111815255233,0.020075055727213836,-0.009888184744767693
10.020410546171249,10.039159976805903,0.02041054617124879,0.03915997680590412
10.020745797070889,10.015695165359165,0.020745797070889794,0.015695165359164966
10.02108080449153,10.004497896961901,0.021080804491530047,0.004497896961900408
10.021415564501421,10.061621098952203,0.021415564501420306,0.0616210989522034
10.021750073171715,10.010609428122494,0.02175007317171501,0.01060942812249398
10.022084326576518,10.003504865246734,0.02208432657651839,0.0035048652467336017
10.02241832079293,10.020096489199677,0.022418320792930574,0.020096489199677544
10.022752051901094,10.017019751954203,0.022752051901093577,0.017019751954202522
10.023085515984237,10.023122261195612,0.02308551598423735,0.023122261195611244
10.023418709128725,10.058177896622688,0.023418709128725717,0.05817789662268835
10.023751627424103,10.018459785056358,0.023751627424102337,0.01845978505635729
10.024084266963136,10.02245191512155,0.02408426696313657,0.02245191512155032
10.02441662384187,10.055434819593575,0.02441662384186935,0.055434819593575824
10.024748694159658,10.034987377045164,0.024748694159659003,0.034987377045163276
10.025080474019227,10.008276860362619,0.025080474019227,0.008276860362618241
10.025411959526703,10.035671233859453,0.025411959526703755,0.03567123385945387
10.025743146791674,10.03883837392143,0.02574314679167425,0.03883837392143094
10.026074031927223,10.038421281344386,0.026074031927223768,0.038421281344385175
10.026404611049983,10.036081828144438,0.026404611049983436,0.036081828144437667
10.026734880280175,10.00959172072689,0.02673488028017587,0.00959172072689089
10.02706483574166,10.016627452568905,0.027064835741660676,0.016627452568904803
10.02739447356198,10.018467315457501,0.027394473561979937,0.01846731545750184
10.027723789872404,10.02435494739331,0.027723789872403665,0.024354947393310056
10.028052780807975,9.998660311019,0.028052780807975228,-0.001339688981000134
10.028381442507557,9.996838567482914,0.02838144250755667,-0.003161432517085533
10.028709771113874,10.032195435962908,0.028709771113874072,0.03219543596290803
10.029037762773562,10.045159654589822,0.02903776277356279,0.04515965458982274
10.029365413637212,10.028464652740096,0.029365413637212668,0.028464652740096755
10.029692719859414,10.03932932467578,0.029692719859413276,0.03932932467577928
10.0300196775988,10.01902941283137,0.030019677598798967,0.019029412831370166
10.030346283018094,10.030031513293618,0.030346283018094018,0.0300315132936177
10.030672532284157,10.022572962161943,0.030672532284157616,0.02257296216194348
10.030998421568029,10.05070203749534,0.0309984215680289,0.05070203749533916
10.031323947044973,10.056822073766247,0.03132394704497186,0.05682207376624763
10.03164910489452,10.021261441380092,0.03164910489452021,0.021261441380092366
10.031973891300522,9.998579573834355,0.03197389130052229,-0.0014204261656446254
10.032298302451185,10.05066733048758,0.03229830245118579,0.05066733048757884
10.032622334539122,10.025448393415363,0.03262233453912252,0.025448393415363493
10.032945983761394,10.045741320973594,0.0329459837613931,0.04574132097359323
10.033269246319552,10.009237497486305,0.03326924631955153,0.009237497486305497
10.03359211841969,10.022477873114777,0.03359211841968988,0.02247787311477721
10.033914596272483,10.05874796958131,0.03391459627248271,0.05874796958130961
10.034236676093231,10.020360052847897,0.034236676093231604,0.020360052847896708
10.03455835410191,10.04964522075516,0.034558354101909564,0.0496452207551595
10.034879626523205,10.04331167907134,0.034879626523205386,0.04331167907134121
10.035200489586568,10.057065347221185,0.035200489586567976,0.05706534722118482
10.03552093952625,10.047785710827442,0.03552093952625057,0.04778571082744282
10.035840972581354,10.010822375540132,0.035840972581354956,0.010822375540132243
10.036160584995876,10.036639577593567,0.0361605849958756,0.03663957759356709
10.036479773018744,10.037528035720348,0.03647977301874376,0.03752803572034784
10.036798532903871,10.016367196935153,0.03679853290387144,0.016367196935152446
10.037116860910196,10.066089863771465,0.03711686091019544,0.0660898637714655
10.03743475330172,10.033717708442948,0.037434753301721205,0.03371770844294887
10.037752206347566,10.029061236145402,0.03775220634756668,0.029061236145402847
10.038069216322006,10.042389098405057,0.03806921632200612,0.042389098405055725
10.038385779504514,10.02524042614256,0.038385779504513794,0.0252404261425603
10.038701892179807,10.061130793911696,0.038701892179807657,0.061130793911695
10.039017550637894,10.03931346236811,0.039017550637892945,0.039313462368109425
10.039332751174106,10.040719838224161,0.03933275117410576,0.04071983822416157
10.039647490089157,10.074621368297151,0.03964749008915646,0.07462136829715071
10.039961763689174,10.046434173718362,0.03996176368917318,0.04643417371836243
10.040275568285745,10.064663427385192,0.040275568285745106,0.0646634273851911
10.040588900195965,10.052784468221468,0.04058890019596581,0.05278446822146858
10.040901755742476,10.018048438232928,0.04090175574247643,0.018048438232927313
10.04121413125351,10.057020871862886,0.04121413125350888,0.057020871862885944
10.041526023062929,10.071365099760104,0.0415260230629289,0.07136509976010505
10.041837427510279,10.036565636615673,0.04183742751027911,0.036565636615674114
10.042148340940821,10.019268938251294,0.04214834094082195,0.01926893825129353
10.042458759705582,10.056273785001192,0.04245875970558258,0.05627378500119293
10.042768680161391,10.045367227485666,0.04276868016139172,0.04536722748566732
10.043078098670929,10.031350454034333,0.043078098670928405,0.031350454034332745
10.043387011602762,10.054477272094148,0.04338701160276265,0.05447727209414894
10.043695415331397,10.061453624550985,0.04369541533139806,0.06145362455098609
10.044003306237315,10.057772589016786,0.04400330623731446,0.05777258901678608
10.04431068070701,10.025324919490936,0.044310680707010275,0.02532491949093621
10.044617535133044,10.056687226766217,0.044617535133045,0.05668722676621732
10.04492386591408,10.058087915984553,0.044923865914081505,0.058087915984551784
10.045229669454928,10.048623116840618,0.045229669454928345,0.04862311684061803
10.045534942166581,10.015724452713298,0.04553494216658191,0.01572445271329896
10.045839680466269,10.047838427886013,0.04583968046626856,0.04783842788601392
10.046143880777487,10.012329996146292,0.04614388077748668,0.012329996146291052
10.046447539530048,10.06988050542914,0.046447539530048654,0.06988050542913901
10.046750653160123,10.067753137223818,0.04675065316012276,0.06775313722381791
10.047053218110275,10.049003691141749,0.04705321811027502,0.04900369114174819
10.047355230829512,10.049645372433666,0.04735523082951089,0.04964537243366524
10.047656687773317,10.059719785278796,0.04765668777331701,0.059719785278796525
10.047957585403703,10.060349615742549,0.04795758540370276,0.06034961574254894
10.048257920189242,10.052376515806174,0.0482579201892418,0.05237651580617432
10.048557688605113,9.995558232982273,0.04855768860511349,-0.004441767017727874
10.048856887133145,10.019328989243114,0.04885688713314429,0.01932898924311439
10.04915551226185,10.043755359043148,0.049155512261849034,0.04375535904314873
10.049453560486473,10.02679927863524,0.049453560486472155,0.02679927863523911
10.049751028309029,10.042342725888036,0.0497510283090288,0.0423427258880349
10.050047912238346,10.05689501014009,0.050047912238345885,0.05689501014009053
10.050344208790102,10.061507469504532,0.050344208790103095,0.06150746950453123
10.050639914486874,10.05527209027116,0.050639914486873716,0.05527209027115981
10.050935025858166,10.070028760643295,0.05093502585816556,0.07002876064329559
10.051229539440461,10.05725831612032,0.05122953944046155,0.05725831612032006
10.05152345177726,10.036462386139696,0.051523451777260476,0.036462386139696386
10.051816759419118,10.03307571351481,0.051816759419117536,0.033075713514810715
10.052109458923685,10.04049710270453,0.05210945892368479,0.04049710270452991
10.052401546855751,10.009181136498231,0.052401546855751616,0.009181136498232052
10.052693019787284,10.05073659056362,0.05269301978728496,0.050736590563619385
10.05298387429747,10.067869815166794,0.05298387429746959,0.0678698151667937
10.053274106972749,10.071381805628528,0.05327410697274833,0.07138180562852822
10.053563714406861,10.048441072998282,0.053563714406861966,0.04844107299828189
10.05385269320089,10.040704588382582,0.05385269320088934,0.04070458838258115
10.054141039963287,10.053331050802376,0.05414103996328721,0.05333105080237542
10.05442875130993,10.039934636048065,0.054428751309930024,0.03993463604806538
10.05471582386415,10.049811571082266,0.05471582386414972,0.04981157108226684
10.055002254256776,10.031695374343226,0.05500225425677522,0.031695374343225766
10.055288039126172,10.072723254339856,0.05528803912617211,0.07272325433985614
10.055573175118282,10.036925814109102,0.055573175118282005,0.03692581410910285
10.055857658886662,10.08378770343858,0.05585765888666196,0.08378770343857861
10.056141487092523,10.034733970956472,0.05614148709252373,0.03473397095647258
10.056424656404772,10.062690765025714,0.0564246564047729,0.06269076502571395
10.056707163500048,10.04108475094362,0.0567071635000481,0.04108475094361969
10.05698900506276,10.074492871690317,0.05698900506275992,0.07449287169031757
10.05727017778513,10.058636549850592,0.05727017778512981,0.058636549850591684
10.057550678367228,10.034389032685327,0.05755067836722896,0.034389032685326726
10.057830503517017,10.038090534572508,0.05783050351701701,0.03809053457250676
10.058109649950381,10.067537239012808,0.05810964995038066,0.06753723901280666
10.058388114391173,10.04037991024032,0.05838811439117228,0.04037991024032084
10.058665893571249,10.046409529652532,0.05866589357124823,0.046409529652532665
10.058942984230507,10.048292085653209,0.05894298423050736,0.04829208565320879
10.059219383116929,10.05620836162078,0.0592193831169292,0.056208361620778906
10.059495086986612,10.063792680811614,0.05949508698661215,0.06379268081161427
10.059770092603811,10.034943952090075,0.05977009260381149,0.03494395209007534
10.060044396740977,10.033970708499517,0.060044396740977446,0.03397070849951764
10.060317996178792,10.099362360886104,0.06031799617879302,0.0993623608861043
10.060590887706212,10.025249804168494,0.060590887706211786,0.02524980416849435
10.060863068120495,10.063386001101598,0.06086306812049555,0.06338600110159771
10.061134534227252,10.073827028213222,0.06113453422725196,0.07382702821322075
10.061405282840472,10.05423276881771,0.061405282840472024,0.05423276881771043
10.061675310782567,10.06551915553877,0.06167531078256744,0.0655191555387703
10.061944614884409,10.035748162641434,0.061944614884407945,0.03574816264143385
10.062213191985359,10.058447561800563,0.062213191985358476,0.05844756180056329
10.062481038933317,10.071435525286137,0.062481038933316274,0.07143552528613795
10.062748152584748,10.097042945037058,0.06274815258474788,0.09704294503705815
10.063014529804725,10.070361379953802,0.06301452980472602,0.07036137995380135
10.063280167466967,10.092069220682497,0.0632801674669664,0.09206922068249608
10.063545062453864,10.06291022755926,0.06354506245386445,0.06291022755926037
10.063809211656531,10.040632014741227,0.06380921165653178,0.040632014741227074
10.064072611974833,10.047541619970396,0.06407261197483283,0.047541619970395
10.06433526031742,10.07155062239119,0.06433526031742112,0.07155062239119017
10.064597153601776,10.088143105419874,0.06459715360177562,0.08814310541987454
10.064858288754237,10.025297297982194,0.06485828875423688,0.02529729798219367
10.065118662710043,10.052258944931054,0.06511866271004312,0.05225894493105507
10.065378272413366,10.10011427762157,0.06537827241336619,0.10011427762156949
10.065637114817347,10.077033700768471,0.06563711481734745,0.07703370076847064
10.065895186884134,10.081310445951996,0.06589518688413351,0.08131044595199555
10.066152485584912,10.07723303137907,0.0661524855849119,0.0772330313790703
10.066409007899946,10.098686140957614,0.0664090078999466,0.09868614095761474
10.066664750818614,10.044516523639796,0.06666475081861349,0.04451652363979592
10.066919711339436,10.041092375413623,0.06691971133943572,0.04109237541362292
10.067173886470119,10.076817103780792,0.06717388647011883,0.07681710378079187
10.067427273227587,10.103446643438538,0.067427273227586,0.10344664343853774
10.067679868638013,10.062377415477469,0.06767986863801298,0.06237741547746968
10.067931669736863,10.062559552503153,0.06793166973686297,0.06255955250315345
10.068182673568922,10.048096816978754,0.06818267356892155,0.04809681697875451
10.06843287718833,10.085902551593346,0.06843287718833115,0.08590255159334648
10.068682277658626,10.082643546937097,0.0686822776586258,0.08264354693709682
10.068930872052766,10.051498485234218,0.06893087205276556,0.05149848523421721
10.06917865745317,10.042271788705156,0.0691786574531708,0.04227178870515612
10.069425630951756,10.042108608214127,0.06942563095175645,0.042108608214126604
10.069671789649966,10.076796402353839,0.0696717896499663,0.07679640235383892
10.069917130658807,10.051535841993369,0.06991713065880674,0.051535841993368914
10.07016165109888,10.100823859042936,0.07016165109888091,0.10082385904293659
10.070405348100422,10.081796750334913,0.07040534810042236,0.08179675033491218
10.07064821880333,10.074650956419697,0.07064821880332872,0.0746509564196966
10.070890260357196,10.075981369829725,0.07089026035719542,0.07598136982972402
10.07113146992135,10.085506346026646,0.07113146992134893,0.08550634602664639
10.07137184466488,10.087133396738759,0.07137184466488027,0.08713339673875907
10.071611381766678,10.08742326068546,0.07161138176667815,0.08742326068546002
10.071850078415462,10.07966513815204,0.0718500784154621,0.07966513815203863
10.072087931809815,10.090204012583362,0.07208793180981543,0.09020401258336103
10.072324939158218,10.095003031436752,0.07232493915821822,0.0950030314367527
10.07256109767908,10.070149414551032,0.07256109767907991,0.07014941455103244
10.072796404600773,10.080454933567363,0.07279640460077212,0.08045493356736333
10.073030857161662,10.065618501593855,0.07303085716166102,0.06561850159385557
10.07326445261014,10.042734200194355,0.0732644526101399,0.042734200194353894
10.073497188204662,10.043742183026525,0.07349718820466133,0.04374218302652516
10.07372906121377,10.04236337235071,0.0737290612137694,0.042363372350709444
10.073960068916131,10.07233097280588,0.07396006891613177,0.07233097280588002
10.074190208600571,10.061642787430472,0.0741902086005716,0.061642787430472384
10.0744194775661,10.075153586487005,0.07441947756609935,0.07515358648700497
10.074647873121945,10.083837569670317,0.07464787312194456,0.08383756967031747
10.074875392587588,10.103588088862994,0.07487539258758732,0.1035880888629932
10.07510203329279,10.067225717336704,0.0751020332927898,0.06722571733670524
10.075327792577628,10.093790594021918,0.07532779257762759,0.0937905940219183
10.07555266779252,10.075160234551426,0.07555266779252084,0.07516023455142651
10.075776656298265,10.108494784953104,0.07577665629826551,0.10849478495310308
10.075999755466064,10.076947484234704,0.07599975546606415,0.0769474842347045
10.076221962677558,10.05976139895882,0.07622196267755689,0.0597613989588192
10.076443275324852,10.070020433720348,0.07644327532485216,0.07002043372034825
10.076663690810557,10.099091220880869,0.07666369081055724,0.09909122088086812
10.076883206547809,10.082835105473231,0.07688320654780875,0.08283510547323102
10.077101819960303,10.110383887815093,0.07710181996030309,0.11038388781509367
10.077319528482327,10.098456842280775,0.07731952848232657,0.09845684228077634
10.077536329558786,10.066731254860398,0.07753632955878559,0.0667312548603986
10.077752220645237,10.083908917270055,0.07775222064523657,0.0839089172700548
10.077967199207915,10.05666244212902,0.07796719920791595,0.056662442129020316
10.07818126272377,10.04285651241958,0.07818126272376973,0.04285651241957873
10.078394408680483,10.068738348339842,0.0783944086804832,0.06873834833984246
10.078606634576511,10.1049906728636,0.0786066345765104,0.10499067286360055
10.078817937921103,10.091039937071018,0.07881793792110356,0.09103993707101808
10.079028316234343,10.075230750068943,0.07902831623434213,0.07523075006894261
10.079237767047163,10.056146670614858,0.0792377670471621,0.05614667061485855
10.079446287901385,10.079851543596304,0.07944628790138483,0.07985154359630373
10.079653876349745,10.082001170243478,0.07965387634974604,0.08200117024347746
10.079860529955925,10.064050932438924,0.07986052995592435,0.06405093243892473
10.080066246294571,10.073597570326715,0.08006624629457006,0.07359757032671473
10.080271022951333,10.0858446818609,0.08027102295133345,0.0858446818608997
10.080474857522892,10.096667990708388,0.08047485752289325,0.09666799070838751
10.080677747616985,10.05073398288041,0.08067774761698476,0.050733982880408424
10.080879690852427,10.095481637841031,0.08087969085242798,0.0954816378410307
10.081080684859156,10.109111802179196,0.0810806848591555,0.10911180217919579
10.08128072727824,10.094077556805212,0.08128072727824039,0.09407755680521263
10.081479815761924,10.027588172236861,0.08147981576192379,0.027588172236861268
10.081677947973642,10.04470750394994,0.08167794797364254,0.04470750394994085
10.081875121588057,10.078506409377523,0.08187512158805663,0.07850640937752208
10.082071334291076,10.113082447424361,0.08207133429107635,0.11308244742436047
10.082266583779889,10.053055894286263,0.0822665837798896,0.053055894286263026
10.08246086776299,10.09007325034673,0.08246086776298883,0.09007325034673072
10.082654183960198,10.104293541366543,0.08265418396019797,0.10429354136654245
10.0828465301027,10.074422777823349,0.0828465301026992,0.0744227778233484
10.083037903933059,10.087147182090296,0.0830379039330595,0.08714718209029668
10.083228303205257,10.063786184940213,0.08322830320525727,0.06378618494021236
10.083417725684708,10.085741608974086,0.08341772568470858,0.08574160897408523
10.083606169148293,10.085495642271145,0.08360616914829344,0.08549564227114415
10.083793631384381,10.099342938475733,0.08379363138438191,0.09934293847573195
10.08398011019286,10.082856117603438,0.08398011019286002,0.0828561176034384
10.084165603385156,10.062978608190175,0.0841656033851556,0.06297860819017545
10.084350108784264,10.07533404985428,0.08435010878426397,0.07533404985428133
10.084533624224774,10.099763980256014,0.08453362422477351,0.09976398025601471
10.084716147552891,10.081970037108192,0.08471614755289107,0.08197003710819283
10.084897676626467,10.067926486350116,0.08489767662646719,0.06792648635011486
10.085078209315022,10.091650377603472,0.08507820931502132,0.09165037760347075
10.085257743499767,10.08546885461734,0.08525774349976675,0.08546885461733933
10.085436277073635,10.09156181022907,0.08543627707363555,0.09156181022906966
10.085613807941304,10.045446382010079,0.08561380794130327,0.04544638201007939
10.085790334019213,10.072154209279248,0.0857903340192135,0.07215420927924782
10.085965853235603,10.11933429424188,0.08596585323560235,0.11933429424187968
10.086140363530523,10.105870972749438,0.08614036353052279,0.10587097274943727
10.086313862855869,10.089930202990423,0.08631386285586877,0.08993020299042402
10.086486349175399,10.064008782020027,0.0864863491753993,0.06400878202002662
10.086657820464762,10.08427557562076,0.08665782046476234,0.08427557562076055
10.086828274711518,10.058579593416356,0.08682827471151855,0.058579593416355755
10.086997709915165,10.067653669057394,0.08699770991516492,0.06765366905739384
10.087166124087158,10.09028585253217,0.0871661240871582,0.09028585253217064
10.087333515250938,10.080117200890584,0.08733351525093833,0.08011720089058398
10.087499881441952,10.122800447108265,0.08749988144195159,0.12280044710826413
10.087665220707674,10.07654760266694,0.08766522070767357,0.07654760266694079
10.087829531107632,10.066509652072602,0.08782953110763231,0.06650965207260208
10.08799281071343,10.042370446227086,0.08799281071343078,0.04237044622708575
10.08815505760877,10.077394779862361,0.08815505760876974,0.0773947798623618
10.08831626988947,10.116219330636802,0.08831626988947021,0.11621933063680193
10.088476445663495,10.069297001660422,0.08847644566349565,0.06929700166042177
10.088635583050975,10.097333687897178,0.08863558305097434,0.09733368789717892
10.08879368018422,10.064133589694991,0.08879368018422137,0.06413358969499194
10.08895073520776,10.083935650128817,0.08895073520776059,0.08393565012881661
10.089106746278347,10.108020328891332,0.08910674627834633,0.10802032889133127
10.089261711564985,10.113974382563711,0.08926171156498512,0.11397438256371115
10.089415629248958,10.099391495504864,0.08941562924895707,0.09939149550486359
10.089568497523837,10.12555648644614,0.08956849752383733,0.12555648644613915
10.089720314595517,10.053368744081421,0.08972031459551717,0.053368744081421955
10.089871078682226,10.109821888726978,0.08987107868222519,0.10982188872697879
10.090020788014549,10.06225688069783,0.09002078801454806,0.06225688069782988
10.090169440835451,10.155715625216558,0.09016944083545142,0.1557156252165579
10.0903170354003,10.094251654253362,0.09031703540030042,0.09425165425336313
10.09046356997688,10.07900067213951,0.09046356997688025,0.07900067213950926
10.090609042845417,10.082384556836717,0.09060904284541643,0.08238455683671694
10.090753452298594,10.033718904785287,0.09075345229859501,0.0337189047852867
10.090896796641582,10.075200447607815,0.09089679664158262,0.07520044760781483
10.091039074192047,10.07091202790855,0.09103907419204632,0.07091202790854943
10.091180283280174,10.06506930121593,0.09118028328017341,0.06506930121592905
10.09132042224869,10.085307182561987,0.09132042224869097,0.08530718256198792
10.091459489452886,10.078691467367966,0.0914594894528853,0.07869146736796485
10.091597483260621,10.096746696563857,0.09159748326062134,0.09674669656385733
10.091734402052362,10.106711887721405,0.09173440205236164,0.10671188772140373
10.091870244221186,10.087427704300035,0.0918702442211855,0.08742770430003556
10.092005008172809,10.085126495378777,0.09200500817280784,0.08512649537877684
10.092138692325598,10.080954621862809,0.09213869232559779,0.08095462186280888
10.092271295110598,10.101264495563743,0.09227129511059741,0.10126449556374345
10.09240281497154,10.09360308485711,0.09240281497153995,0.09360308485710968
10.092533250364868,10.059328279230144,0.0925332503648682,0.05932827923014442
10.092662599759752,10.077397487341562,0.09266259975975265,0.07739748734156189
10.09279086163811,10.123506194276906,0.09279086163810932,0.12350619427690566
10.092918034494618,10.092804638879151,0.0929180344946177,0.09280463887915065
10.093044116836738,10.090376553684546,0.0930441168367384,0.09037655368454552
10.09316910718473,10.077263254636533,0.09316910718473055,0.07726325463653297
10.09329300407167,10.13916319791538,0.09329300407166935,0.13916319791538034
10.093415806043463,10.082425433270263,0.09341580604346314,0.08242543327026301
10.093537511658871,10.123838616007204,0.09353751165887053,0.12383861600720425
10.093658119489517,10.08312607972961,0.09365811948951731,0.08312607972960873
10.093777628119913,10.117287345120856,0.0937776281199132,0.11728734512085497
10.093896036147468,10.111054372686658,0.09389603614746847,0.11105437268665833
10.09401334218251,10.083522875974714,0.0940133421825104,0.08352287597471403
10.0941295448483,10.07656904798165,0.09412954484829957,0.07656904798165054
10.094244642781046,10.113892185767842,0.0942446427810461,0.11389218576784241
10.094358634629925,10.079586352207588,0.09435863462992551,0.07958635220758796
10.094471519057095,10.126476230852191,0.09447151905709475,0.12647623085219184
10.094583294737708,10.090611720058192,0.0945832947377077,0.09061172005819149
10.094693960359931,10.10004703808917,0.09469396035993094,0.10004703808916955
10.094803514624958,10.063139497553285,0.09480351462495895,0.06313949755328492
10.09491195624703,10.092126460143293,0.09491195624702947,0.09212646014329336
10.09501928395344,10.10673844072857,0.09501928395343856,0.10673844072857003
10.095125496484556,10.10252324269871,0.09512549648455554,0.10252324269870976
10.095230592593838,10.081223255721232,0.09523059259383773,0.08122325572123246
10.095334571047845,10.100684619185394,0.09533457104784517,0.10068461918539372
10.095437430626255,10.099623890396025,0.09543743062625501,0.09962389039602443
10.095539170121876,10.087953362446228,0.09553917012187585,0.08795336244622755
10.095639788340662,10.082150349087595,0.09563978834066196,0.08215034908759544
10.095739284101727,10.132952641527723,0.09573928410172725,0.1329526415277228
10.095837656237359,10.132397089960772,0.09583765623735911,0.13239708996077199
10.095934903593033,10.074492668506293,0.09593490359303218,0.0744926685062938
10.096031025027422,10.110873450246855,0.0960310250274218,0.11087345024685408
10.096126019412418,10.11845902100416,0.09612601941241755,0.11845902100415949
10.096219885633136,10.089073867927508,0.09621988563313633,0.08907386792750792
10.096312622587936,10.109168688966024,0.09631262258793556,0.10916868896602473
10.096404229188426,10.139461522890203,0.09640422918842606,0.1394615228902023
10.096494704359484,10.08968638264187,0.09649470435948483,0.08968638264187112
10.096584047039268,10.068699120228326,0.09658404703926768,0.06869912022832494
10.096672256179222,10.094985721117043,0.09667225617922165,0.09498572111704326
10.096759330744097,10.09149457463535,0.0967593307440974,0.0914945746353498
10.096845269711961,10.089190762471222,0.09684526971196128,0.08919076247122333
10.096930072074207,10.080035173723397,0.09693007207420734,0.08003517372339658
10.097013736835569,10.101800063078988,0.09701373683556921,0.10180006307898751
10.097096263014132,10.112427120601009,0.09709626301413174,0.11242712060100844
10.097177649641342,10.078478014380234,0.09717764964134253,0.07847801438023473
10.097257895762024,10.082928442392793,0.09725789576202332,0.08292844239279303
10.097337000434381,10.097917901406335,0.09733700043438112,0.09791790140633518
10.097414962730019,10.101099453237993,0.09741496273001941,0.10109945323799302
10.097491781733948,10.083377386759235,0.09749178173394892,0.08337738675923562
10.0975674565446,10.082153187114557,0.09756745654459836,0.08215318711455642
10.097641986273825,10.087044231632033,0.09764198627382512,0.08704423163203281
10.097715370046926,10.129994334158807,0.09771537004692554,0.12999433415880776
10.097787607002646,10.141827161992467,0.09778760700264527,0.14182716199246673
10.097858696293189,10.099910509977226,0.09785869629318941,0.09991050997722575
10.097928637084232,10.077073099240625,0.09792863708423233,0.07707309924062537
10.097997428554928,10.072099497644107,0.0979974285549276,0.0720994976441076
10.098065069897917,10.096896460869026,0.09806506989791755,0.09689646086902588
10.098131560319343,10.10293896991734,0.09813156031934273,0.10293896991733861
10.098196899038852,10.064327679987414,0.09819689903885127,0.0643276799874147
10.098261085289607,10.113737083917158,0.09826108528960807,0.11373708391715856
10.098324118318304,10.12248796149635,0.09832411831830368,0.12248796149635105
10.098385997385163,10.12023503163322,0.09838599738516328,0.12023503163321972
10.098446721763954,10.104960117795558,0.09844672176395526,0.10496011779555853
10.098506290742,10.14345043882033,0.09850629074199979,0.14345043882033073
10.098564703620177,10.124331509424419,0.09856470362017719,0.12433150942441847
10.098621959712936,10.107866096188125,0.0986219597129361,0.10786609618812515
10.098678058348302,10.120581149897767,0.09867805834830157,0.12058114989776655
10.098732998867883,10.088941659161602,0.09873299886788288,0.08894165916160265
10.098786780626881,10.075559447491774,0.09878678062688134,0.07555944749177274
10.098839402994098,10.109034437771303,0.09883940299409788,0.10903443777130331
10.09889086535194,10.110876592658842,0.09889086535194029,0.11087659265884162
10.09894116709643,10.143254930652661,0.09894116709643067,0.14325493065266112
10.098990307637212,10.095944202232623,0.0989903076372124,0.09594420223262332
10.099038286397557,10.122586896005998,0.09903828639755712,0.12258689600599831
10.09908510281437,10.075907652469756,0.09908510281437144,0.07590765246975478
10.099130756338203,10.06429917424736,0.09913075633820366,0.06429917424735924
10.09917524643325,10.062728280613323,0.09917524643325007,0.06272828061332276
10.099218572577362,10.073457353121892,0.09921857257736136,0.07345735312189242
10.09926073426205,10.096602293459515,0.09926073426204868,0.09660229345951485
10.09930173099249,10.097395769921825,0.09930173099248966,0.09739576992182426
10.099341562287535,10.114987277952851,0.09934156228753416,0.11498727795285196
10.09938022767971,10.068265469424517,0.09938022767970994,0.06826546942451675
10.099417726715227,10.094399002215791,0.09941772671522818,0.09439900221579042
10.099454058953988,10.071410017604974,0.09945405895398877,0.07141001760497448
10.099489223969586,10.091581365654951,0.09948922396958547,0.09158136565495222
10.099523221349312,10.120314248036205,0.09952322134931094,0.12031424803620562
10.099556050694162,10.093071434788152,0.09955605069416154,0.09307143478815143
10.099587711618842,10.081177276134753,0.09958771161884211,0.08117727613475233
10.09961820375177,10.091705737320646,0.09961820375177034,0.09170573732064656
10.099647526735081,10.119395866933075,0.09964752673508129,0.11939586693307519
10.099675680224632,10.10401560487253,0.09967568022463147,0.10401560487252885
10.099702663890003,10.102046343889898,0.09970266389000294,0.10204634388989729
10.099728477414507,10.067067825808305,0.09972847741450719,0.06706782580830559
10.099753120495189,10.126960769009381,0.09975312049518881,0.12696076900938166
10.09977659284283,10.094333379303494,0.0997765928428291,0.09433337930349381
10.09979889418195,10.097247653265752,0.09979889418194943,0.09724765326575227
10.099820024250814,10.12010571196297,0.09982002425081446,0.12010571196296896
10.099839982801436,10.102597273575093,0.0998399828014353,0.10259727357509289
10.099858769599573,10.110389093238222,0.09985876959957228,0.1103890932382216
10.099876384424737,10.088873941178605,0.09987638442473783,0.08887394117860502
10.0998928270702,10.109174139778611,0.09989282707019896,0.10917413977861169
10.09990809734298,10.07860874455837,0.0999080973429798,0.07860874455837043
10.099922195063863,10.098213316848302,0.09992219506386377,0.09821331684830216
10.099935120067396,10.119499962789467,0.09993512006739569,0.11949996278946666
10.099946872201883,10.075326807682952,0.09994687220188381,0.07532680768295122
10.099957451329402,10.084839792619654,0.09995745132940148,0.08483979261965355
10.09996685732579,10.09024044023562,0.09996685732578883,0.09024044023561974
10.099975090080655,10.126343338348422,0.09997509008065424,0.12634333834842235
10.099982149497375,10.098324163206916,0.09998214949737555,0.09832416320691621
10.099988035493102,10.076073169994359,0.09998803549310133,0.07607316999435981
10.099992747998751,10.103566418155834,0.09999274799875171,0.10356641815583457
10.09999628695902,10.100047455088495,0.09999628695901931,0.10004745508849522
10.09999865233237,10.114050565062847,0.09999865233236982,0.11405056506284723
10.099999844091043,10.1045155367633,0.09999984409104246,0.10451553676329885
10.09999986222105,10.110772201651162,0.09999986222105041,0.11077220165116308
10.09999870672218,10.12854143173344,0.09999870672218089,0.128541431733441
10.099996377607996,10.10678100722819,0.09999637760799518,0.10678100722818906
10.099992874905828,10.091948914056912,0.09999287490582849,0.09194891405691301
10.09998819865679,10.10674263931137,0.0999881986567896,0.1067426393113713
10.099982348915761,10.127331370543127,0.09998234891576036,0.12733137054312604
10.099975325751394,10.08103854725948,0.09997532575139516,0.08103854725947941
10.09996712924612,10.128466264900831,0.09996712924611996,0.12846626490083196
10.099957759496132,10.093943024380724,0.09995775949613148,0.09394302438072427
10.099947216611396,10.120631916969774,0.09994721661139594,0.12063191696977482
10.099935500715647,10.106649326046403,0.09993550071564786,0.10664932604640304
10.099922611946388,10.0884021688196,0.09992261194638856,0.08840216881960053
10.099908550454884,10.133516958866045,0.09990855045488456,0.13351695886604406
10.099893316406165,10.082869161494349,0.09989331640616583,0.08286916149434859
10.099876909979024,10.104083080176931,0.0998769099790238,0.10408308017693108
10.099859331366009,10.088382531301527,0.09985933136600932,0.08838253130152658
10.09984058077343,10.09064875051402,0.09984058077343033,0.09064875051402065
10.099820658421349,10.090383400894481,0.0998206584213495,0.09038340089448205
10.09979956454358,10.101984240426672,0.09979956454358163,0.10198424042667248
10.099777299387691,10.069598254532801,0.09977729938769093,0.06959825453280197
10.099753863214987,10.10472255348911,0.09975386321498804,0.10472255348910937
10.099729256300527,10.116231606335795,0.09972925630052702,0.11623160633579543
10.099703478933103,10.096356865433044,0.09970347893310214,0.09635686543304495
10.099676531415245,10.125941198050699,0.09967653141524443,0.12594119805069895
10.099648414063218,10.092456162435875,0.09964841406321819,0.0924561624358743
10.099619127207017,10.09004628242802,0.09961912720701722,0.09004628242802015
10.09958867119036,10.10913819897908,0.09958867119036102,0.10913819897908078
10.099557046370691,10.100313951715343,0.09955704637069067,0.10031395171534344
10.099524253119165,10.073797387250467,0.09952425311916469,0.0737973872504678
10.099490291820654,10.105183197494007,0.0994902918206547,0.10518319749400704
10.09945516287374,10.068163374030933,0.09945516287374086,0.06816337403093178
10.099418866690707,10.0821546525551,0.09941886669070718,0.08215465255510043
10.099381403697537,10.081840763515611,0.09938140369753674,0.08184076351561126
10.099342774333907,10.084917630682035,0.09934277433390667,0.08491763068203567
10.099302979053183,10.095594919187176,0.09930297905318294,0.09559491918717689
10.099262018322415,10.11191616835152,0.0992620183224151,0.1119161683515193
10.099219892622331,10.085274525579882,0.0992198926223308,0.08527452557988266
10.09917660244733,10.079260185043672,0.09917660244733008,0.07926018504367338
10.099132148305479,10.105561683390999,0.09913214830547964,0.1055616833909994
10.099086530718507,10.095141171036218,0.09908653071850684,0.09514117103621751
10.099039750221793,10.10991281776099,0.09903975022179362,0.10991281776098966
10.09899180736437,10.06041119964782,0.09899180736437012,0.06041119964782057
10.098942702708909,10.097211277182305,0.09894270270890833,0.0972112771823046
10.098892436831715,10.06587749102961,0.0988924368317155,0.06587749102960991
10.098841010322728,10.069901692978359,0.09884101032272727,0.06990169297835973
10.098788423785502,10.057840533611039,0.09878842378550082,0.05784053361103818
10.098734677837207,10.086884056514318,0.09873467783720781,0.08688405651431795
10.098679773108627,10.075482600231014,0.09867977310862708,0.07548260023101383
10.098623710244137,10.117187608203354,0.09862371024413723,0.11718760820335468
10.098566489901708,10.119706570334223,0.09856648990170917,0.11970657033422313
10.098508112752898,10.103066179849035,0.09850811275289828,0.10306617984903552
10.098448579482836,10.068816368583642,0.09844857948283658,0.06881636858364229
10.098387890790224,10.109540466564447,0.09838789079022468,0.10954046656444698
10.098326047387324,10.109418660735708,0.09832604738732359,0.10941866073570747
10.098263049999947,10.066953150311694,0.09826304999994633,0.06695315031169405
10.09819889936745,10.078577221598364,0.09819889936744944,0.07857722159836306
10.098133596242725,10.103395604947195,0.09813359624272434,0.10339560494719581
10.098067141392189,10.117498222488392,0.0980671413921884,0.1174982224883918
10.097999535595775,10.11314796831035,0.09799953559577601,0.11314796831034991
10.09793077964693,10.093404446391917,0.09793077964692941,0.0934044463919175
10.09786087435259,10.121386298583085,0.09786087435258937,0.121386298583084
10.097789820533185,10.067160185658757,0.09778982053318579,0.06716018565875718
10.097717619022628,10.091638847935133,0.09771761902262789,0.09163884793513245
10.097644270668294,10.111079188710576,0.09764427066829467,0.1110791887105764
10.097569776331024,10.05324166598713,0.09756977633102476,0.05324166598712945
10.097494136885107,10.127219858123597,0.09749413688510644,0.12721985812359804
10.097417353218267,10.111244114418133,0.09741735321826729,0.1112441144181329
10.097339426231663,10.113176268498345,0.09733942623166386,0.11317626849834453
10.097260356839872,10.077314934971097,0.097260356839871,0.07731493497109793
10.09718014597087,10.113377007246566,0.09718014597087123,0.11337700724656538
10.097098794566044,10.080524096643693,0.09709879456604376,0.0805240966436922
10.097016303580153,10.070213129539544,0.09701630358015347,0.0702131295395445
10.096932673981339,10.103562947150824,0.09693267398133976,0.10356294715082377
10.096847906751105,10.131360797755269,0.09684790675110505,0.13136079775526863
10.096762002884303,10.111662498626863,0.09676200288430346,0.11166249862686374
10.096674963389129,10.130098458081147,0.09667496338912894,0.13009845808114728
10.096586789287104,10.117442282092094,0.09658678928710356,0.11744228209209333
10.096497481613065,10.1126792863906,0.09649748161306544,0.11267928639060037
10.096407041415157,10.107607093392858,0.09640704141515671,0.10760709339285757
10.096315469754812,10.083455638830905,0.09631546975481109,0.08345563883090563
10.096222767706742,10.09212064706865,0.09622276770674153,0.09212064706865096
10.096128936358928,10.082398321231112,0.09612893635892751,0.0823983212311117
10.096033976812603,10.067428570206228,0.09603397681260237,0.0674285702062277
10.09593789018224,10.100972076515259,0.09593789018224029,0.10097207651525848
10.095840677595543,10.128835259159358,0.09584067759554325,0.12883525915935745
10.095742340193429,10.10484591442296,0.09574234019342782,0.10484591442295914
10.095642879130011,10.058966705850898,0.09564287913001175,0.05896670585089681
10.095542295572601,10.081447259971386,0.09554229557260041,0.08144725997138579
10.095440590701672,10.131615708958064,0.0954405907016731,0.1316157089580643
10.09533776571087,10.128356265297583,0.0953377657108692,0.12835626529758237
10.095233821806975,10.126719686627652,0.09523382180697415,0.12671968662765237
10.095128760209905,10.07341713991856,0.0951287602099053,0.07341713991856005
10.095022582152698,10.05854763630083,0.0950225821526976,0.0585476363008302
10.09491528888149,10.077961771365647,0.0949152888814891,0.07796177136564672
10.094806881655506,10.106364058553826,0.09480688165550638,0.10636405855382638
10.09469736174705,10.129566925491625,0.09469736174704965,0.1295669254916259
10.094586730441478,10.100638323335492,0.094586730441478,0.10063832333549154
10.094474989037193,10.094028972740876,0.09447498903719415,0.0940289727408753
10.094362138845629,10.10151615113981,0.09436213884562929,0.1015161511398094
10.094248181191228,10.128026917860076,0.09424818119122769,0.12802691786007536
10.094133117411431,10.09769050711862,0.09413311741143111,0.09769050711861975
10.094016948856662,10.10249967203515,0.0940169488566632,0.10249967203514852
10.093899676890313,10.121805294966835,0.09389967689031352,0.12180529496683493
10.093781302888722,10.07374132927178,0.09378130288872162,0.07374132927177997
10.09366182824116,10.071727588261792,0.09366182824116091,0.07172758826179206
10.093541254349823,10.096515282216089,0.09354125434982224,0.0965152822160885
10.093419582629798,10.043242584401222,0.09341958262979762,0.04324258440122181
10.093296814509063,10.117294878593423,0.09329681450906342,0.11729487859342387
10.093172951428464,10.128052409860995,0.09317295142846377,0.12805240986099464
10.093047994841694,10.100026201878741,0.09304799484169353,0.10002620187874046
10.09292194621528,10.084567881486818,0.09292194621528133,0.0845678814868172
10.092794807028572,10.068069689776966,0.09279480702857225,0.06806968977696494
10.092666578773711,10.10504371885794,0.0926665787737106,0.10504371885794028
10.092537262955622,10.04534108367945,0.09253726295562226,0.045341083679449015
10.092406861091996,10.108471970192426,0.09240686109199711,0.10847197019242624
10.092275374713271,10.098343377950506,0.09227537471327119,0.09834337795050631
10.09214280536261,10.108402779807465,0.09214280536260873,0.10840277980746413
10.092009154595884,10.125919923397076,0.09200915459588405,0.1259199233970756
10.091874423981663,10.085125967253598,0.09187442398166332,0.08512596725359715
10.091738615101185,10.12693063457071,0.09173861510118611,0.12693063457070977
10.091601729548346,10.088948513657572,0.09160172954834685,0.08894851365757128
10.091463768929676,10.103400175956867,0.09146376892967613,0.1034001759568677
10.091324734864322,10.078999897407012,0.09132473486432185,0.07899989740701245
10.09118462898403,10.096929041249036,0.09118462898403018,0.09692904124903536
10.091043452933127,10.07675875762844,0.09104345293312648,0.07675875762843942
10.090901208368496,10.049336286321413,0.09090120836849591,0.049336286321412744
10.090757896959564,10.125080484342757,0.09075789695956407,0.12508048434275693
10.090613520388278,10.103852546798118,0.09061352038827739,0.10385254679811705
10.090468080349083,10.114374026163873,0.09046808034908327,0.1143740261638731
10.09032157854891,10.116966400830565,0.09032157854891042,0.11696640083056438
10.090174016707149,10.07682661155508,0.09017401670714859,0.07682661155508132
10.090025396555628,10.11063313291641,0.09002539655562859,0.11063313291641046
10.089875719838602,10.069127572098791,0.08987571983860183,0.06912757209879118
10.08972498831272,10.096021345774574,0.08972498831271991,0.09602134577457398
10.089573203747014,10.055675400467852,0.08957320374701397,0.05567540046785141
10.089420367922873,10.087620747935732,0.08942036792287397,0.08762074793573249
10.089266482634027,10.087193055932373,0.08926648263402776,0.08719305593237235
10.08911154968652,10.064722514353791,0.08911154968651996,0.06472251435379199
10.08895557089869,10.0960566724354,0.08895557089869098,0.09605667243539985
10.088798548101156,10.10757230044245,0.08879854810115535,0.10757230044245031
10.08864048313678,10.100788012129716,0.08864048313678057,0.10078801212971565
10.088481377860665,10.066757329933514,0.0884813778606652,0.06675732993351413
10.088321234140118,10.061068123252207,0.08832123414011733,0.06106812325220683
10.088160053854633,10.111656406973017,0.08816005385463249,0.11165640697301685
10.087997838895872,10.085003618921148,0.08799783889587166,0.08500361892114824
10.087834591167638,10.046388165043197,0.08783459116763905,0.04638816504319697
10.08767031258586,10.103107700012963,0.08767031258585979,0.10310770001296242
10.087505005078558,10.066869291859412,0.08750500507855741,0.06686929185941096
10.087338670585831,10.09784919835079,0.08733867058583122,0.09784919835079017
10.087171311059834,10.120939589896896,0.08717131105983358,0.12093958989689485
10.087002928464747,10.093307124492124,0.08700292846474689,0.09330712449212357
10.086833524776761,10.04083329996869,0.08683352477676061,0.04083329996868956
10.086663101984048,10.070467774085449,0.08666310198404814,0.07046777408544978
10.086491662086743,10.041868953524698,0.0864916620867433,0.04186895352469807
10.086319207096917,10.124071959260618,0.08631920709691702,0.12407195926061902
10.086145739038553,10.096124333744626,0.08614573903855366,0.09612433374462621
10.085971259947527,10.096612479503067,0.08597125994752725,0.09661247950306717
10.085795771871577,10.107570491745475,0.08579577187157758,0.10757049174547573
10.085619276870286,10.084608107325261,0.08561927687028625,0.08460810732526027
10.085441777015053,10.070320226487706,0.08544177701505244,0.07032022648770635
10.085263274389069,10.076904214832513,0.08526327438906851,0.07690421483251332
10.085083771087296,10.072635803499468,0.08508377108729577,0.07263580349946752
10.08490326921644,10.11362117811644,0.08490326921643969,0.11362117811643897
10.084721770894925,10.082849274806577,0.08472177089492526,0.08284927480657739
10.084539278252873,10.062088900600253,0.08453927825287215,0.06208890060025263
10.084355793432069,10.060167888764916,0.08435579343206963,0.060167888764916404
10.084171318585952,10.063204004256237,0.08417131858595153,0.06320400425623715
10.08398585587957,10.102405302685932,0.08398585587957089,0.1024053026859329
10.083799407489575,10.074876701322598,0.0837994074895746,0.07487670132259841
10.083611975604178,10.08598264722916,0.08361197560417781,0.08598264722916032
10.083423562423139,10.101039098862298,0.08342356242313831,0.10103909886229831
10.08323417015773,10.050606597365906,0.08323417015773059,0.05060659736590559
10.08304380103072,10.068368664905675,0.08304380103072007,0.06836866490567454
10.082852457276337,10.104108092734366,0.08285245727633687,0.1041080927343669
10.08266014114025,10.08242282539264,0.08266014114024965,0.08242282539264102
10.08246685487954,10.07597698503494,0.08246685487953921,0.07597698503493978
10.082272600762671,10.066543444144807,0.08227260076267208,0.06654344414480826
10.082077381069475,10.058508143013595,0.08207738106947378,0.05850814301359515
10.081881198091102,10.105324617599749,0.08188119809110217,0.10532461759974804
10.08168405413002,10.108992791595174,0.08168405413002051,0.10899279159517353
10.081485951499971,10.097253388559375,0.08148595149997048,0.09725338855937443
10.081286892525945,10.051184345846094,0.0812868925259449,0.05118434584609455
10.081086879544161,10.080104248569189,0.0810868795441606,0.08010424856918887
10.080885914902032,10.08996145225818,0.08088591490203095,0.08996145225818025
10.080684000958138,10.093920128052781,0.08068400095813826,0.09392012805278108
10.080481140082206,10.074360625225387,0.08048114008220615,0.07436062522538674
10.080277334655072,10.084045088818508,0.08027733465507172,0.08404508881850707
10.080072587068658,10.097343504727029,0.08007258706865764,0.09734350472702842
10.079866899725944,10.080765096866816,0.07986689972594398,0.08076509686681665
10.07966027504094,10.074048973995113,0.07966027504094014,0.07404897399511345
10.079452715438656,10.067209177019262,0.07945271543865642,0.06720917701926203
10.079244223355076,10.068321001184215,0.07924422335507564,0.06832100118421425
10.079034801237125,10.079445023864716,0.07903480123712442,0.07944502386471584
10.078824451542644,10.082631832439736,0.07882445154264463,0.08263183243973514
10.078613176740365,10.084482550947344,0.07861317674036443,0.08448255094734426
10.078400979309869,10.083013681069785,0.0784009793098693,0.08301368106978556
10.078187861741574,10.05691123293814,0.07818786174157302,0.05691123293814003
10.077973826536688,10.055622148695283,0.07797382653668837,0.05562214869528254
10.077758876207199,10.103228800559341,0.07775887620719774,0.1032288005593403
10.077543013275823,10.042425156325375,0.07754301327582379,0.042425156325374934
10.077326240276,10.065092985687837,0.07732624027599969,0.0650929856878365
10.077108559751839,10.075940525082348,0.07710855975183949,0.07594052508234794
10.076889974258108,10.08486639570671,0.07688997425810816,0.08486639570670985
10.076670486360191,10.060591192013906,0.07667048636019172,0.06059119201390491
10.076450098634067,10.073428857986286,0.0764500986340671,0.07342885798628654
10.076228813666273,10.067177256466199,0.07622881366627184,0.0671772564661978
10.076006634053874,10.053027348934592,0.07600663405387381,0.05302734893459074
10.07578356240444,10.11015977799126,0.07578356240444067,0.11015977799126075
10.075559601336009,10.060084897433454,0.07555960133600936,0.060084897433453674
10.075334753477055,10.056011455344926,0.07533475347705526,0.056011455344925666
10.075109021466462,10.118861192589018,0.07510902146646142,0.11886119258901771
10.074882407953487,10.091934016855513,0.07488240795348751,0.0919340168555123
10.074654915597739,10.030076154998422,0.07465491559773889,0.03007615499842295
10.074426547069136,10.088330468523779,0.07442654706913515,0.08833046852377979
10.074197305047878,10.068234656962929,0.07419730504787903,0.06823465696292844
10.073967192224424,10.0497285156138,0.07396719222442476,0.0497285156138006
10.073736211299448,10.081527266348893,0.07373621129944663,0.08152726634889318
10.073504364983807,10.062924708342425,0.07350436498380723,0.06292470834242554
10.073271655998525,10.087294445994408,0.07327165599852557,0.08729444599440817
10.073038087074746,10.071888611650612,0.07303808707474532,0.07188861165061274
10.072803660953703,10.034827651988872,0.07280366095370255,0.034827651988871895
10.072568380386693,10.093249542433448,0.07256838038669375,0.0932495424334483
10.072332248135043,10.085307412754211,0.0723322481350434,0.08530741275421093
10.072095266970072,10.084908089975494,0.07209526697007154,0.08490808997549446
10.071857439673062,10.049162838542165,0.07185743967306145,0.049162838542164036
10.071618769035227,10.05860213592901,0.07161876903522679,0.058602135929010944
10.071379257857679,10.075434549963783,0.07137925785767897,0.07543454996378252
10.071138908951394,10.099220916262196,0.07113890895139417,0.09922091626219513
10.070897725137181,10.036514859150454,0.0708977251371805,0.03651485915045495
10.070655709245644,10.062855936441945,0.07065570924564471,0.06285593644194547
10.07041286411716,10.049634088658376,0.07041286411715912,0.0496340886583755
10.070169192601828,10.069801493548589,0.0701691926018282,0.06980149354858795
10.069924697559456,10.072716581715216,0.06992469755945517,0.07271658171521618
10.069679381859508,10.069011538729479,0.06967938185950845,0.06901153872947915
10.069433248381088,10.090824645132047,0.06943324838108782,0.0908246451320474
10.069186300012891,10.082644421911755,0.06918630001289086,0.08264442191175565
10.068938539653178,10.069472516893736,0.06893853965317896,0.06947251689373572
10.068689970209743,10.067578535557288,0.06868997020974323,0.0675785355572888
10.06844059459987,10.07177447273506,0.06844059459987045,0.071774472735059
10.068190415750308,10.06560019803394,0.06819041575030886,0.06560019803393964
10.067939436597234,10.064881112255872,0.0679394365972337,0.06488111225587183
10.067687660086213,10.044674840558667,0.06768766008621284,0.044674840558667064
10.067435089172172,10.068781477343984,0.06743508917217221,0.06878147734398458
10.067181726819362,10.095747391151841,0.06718172681936108,0.09574739115184074
10.066927576001317,10.081319828053207,0.06692757600131731,0.08131982805320669
10.066672639700831,10.08940180069516,0.06667263970083231,0.08940180069515984
10.066416920909916,10.117282789267177,0.06641692090991633,0.11728278926717706
10.066160422629762,10.04930945859434,0.06616042262976303,0.049309458594339925
10.065903147870715,10.067038814450637,0.06590314787071448,0.06703881445063672
10.065645099652226,10.049204429731143,0.06564509965222567,0.049204429731143015
10.06538628100283,10.086691973448273,0.06538628100282923,0.08669197344827348
10.0651266949601,10.073659869680215,0.06512669496009972,0.07365986968021539
10.064866344570618,10.069309005763893,0.0648663445706181,0.0693090057638923
10.064605232889935,10.086702314658723,0.06460523288993596,0.08670231465872266
10.06434336298254,10.060863789749625,0.0643433629825396,0.06086378974962478
10.064080737921815,10.052864069895152,0.06408073792181407,0.05286406989515159
10.063817360790008,10.03983995425913,0.0638173607900072,0.03983995425912969
10.063553234678194,10.05832474285485,0.06355323467819332,0.058324742854850765
10.063288362686237,10.062730711172728,0.06328836268623703,0.06273071117272734
10.063022747922757,10.017056684525452,0.06302274792275679,0.017056684525451733
10.062756393505088,10.095054261994212,0.06275639350508846,0.09505426199421246
10.062489302559248,10.074336980859504,0.062489302559248706,0.07433698085950483
10.062221478219898,10.04039436404908,0.062221478219898346,0.040394364049080575
10.061952923630306,10.047386926690645,0.06195292363030546,0.047386926690645585
10.06168364194231,10.042014297719367,0.061683641942308624,0.04201429771936682
10.06141363631628,10.013884236219416,0.06141363631627988,0.013884236219416882
10.061142909921088,10.051499645013033,0.06114290992108752,0.05149964501303357
10.06087146593406,10.085389782720348,0.060871465934059114,0.0853897827203475
10.060599307540944,10.043632638898911,0.06059930754094406,0.043632638898910364
10.060326437935876,10.065160014199595,0.060326437935876255,0.06516001419959415
10.060052860321337,10.077411289701006,0.0600528603213366,0.07741128970100661
10.059778577908116,10.028257841223208,0.059778577908115395,0.02825784122320818
10.059503593915275,10.05333430517421,0.05950359391527469,0.05333430517421094
10.05922791157011,10.037714722776547,0.059227911570110495,0.03771472277654801
10.058951534108115,10.0585979921237,0.05895153410811485,0.05859799212369876
10.058674464772938,10.07432240836077,0.05867446477293799,0.07432240836076971
10.05839670681635,10.058385023177198,0.058396706816350036,0.05838502317719848
10.058118263498203,10.071006066125955,0.05811826349820309,0.07100606612595571
10.057839138086393,10.074440493633544,0.0578391380863929,0.07444049363354445
10.05755933385682,10.088565601534818,0.057559333856820355,0.08856560153481749
10.057278854093353,10.005473316449807,0.05727885409335324,0.005473316449807232
10.056997702087788,10.08121614487831,0.05699770208778761,0.08121614487830928
10.056715881139809,10.037786074083273,0.056715881139809105,0.037786074083272544
10.056433394556954,10.051283857522577,0.056433394556954335,0.05128385752257626
10.056150245654573,10.06022946371943,0.05615024565457197,0.06022946371942971
10.055866437755784,10.095191320842872,0.055866437755783864,0.09519132084287225
10.055581974191446,10.04695326125318,0.055581974191446115,0.04695326125318018
10.05529685830011,10.095035719310848,0.055296858300109775,0.0950357193108485
10.055011093427982,10.065969842229602,0.05501109342798194,0.06596984222960177
10.054724682928887,10.064918417261906,0.054724682928886284,0.06491841726190475
10.054437630164223,10.046361834489177,0.05443763016422376,0.0463618344891774
10.054149938502933,10.042605618807936,0.05414993850293315,0.042605618807937326
10.053861611321452,10.049591747000553,0.053861611321451536,0.049591747000554076
10.053572652003675,10.045474983277066,0.053572652003674615,0.04547498327706543
10.053283063940917,10.071892417588714,0.05328306394091708,0.07189241758871304
10.052992850531872,10.062613472193366,0.05299285053187273,0.06261347219336681
10.052702015182575,10.048931017643728,0.05270201518257468,0.04893101764372765
10.052410561306354,10.042362148416444,0.05241056130635521,0.04236214841644365
10.052118492323807,10.018128538293166,0.052118492323805915,0.018128538293166373
10.051825811662738,10.028525807290665,0.051825811662737434,0.028525807290664618
10.051532522758139,10.055816844941159,0.05153252275813926,0.055816844941159016
10.05123862905214,10.058527731482595,0.05123862905213942,0.0585277314825959
10.050944133993964,10.030845246507027,0.05094413399396407,0.03084524650702666
10.050649041039897,10.053138483841666,0.050649041039897015,0.05313848384166545
10.05035335365324,10.067557829492417,0.050353353653239154,0.0675578294924165
10.050057075304268,10.041474022304914,0.05005707530426782,0.04147402230491394
10.049760209470197,10.052235839043094,0.04976020947019606,0.052235839043093514
10.049462759635132,10.064480319551102,0.04946275963513188,0.06448031955110078
10.049164729290037,10.071334647687364,0.049164729290037165,0.07133464768736436
10.048866121932686,10.054650428223596,0.048866121932686975,0.054650428223596545
10.048566941067628,10.075279341147326,0.04856694106762831,0.07527934114732618
10.04826719020614,10.068255921434112,0.04826719020613903,0.06825592143411191
10.047966872866187,10.040569836579591,0.047966872866186665,0.04056983657959097
10.047665992572387,10.060048391502537,0.04766599257238708,0.06004839150253672
10.047364552855964,10.082144244492744,0.04736455285596317,0.08214424449274352
10.047062557254703,10.024437983995597,0.047062557254703374,0.024437983995596643
10.046760009312921,10.058734084697672,0.04676000931292014,0.058734084697671635
10.046456912581409,10.04460920277899,0.04645691258140843,0.044609202778989665
10.046153270617404,10.042790949037835,0.046153270617403826,0.0427909490378346
10.045849086984541,10.074510508828297,0.04584908698454105,0.07451050882829602
10.045544365252812,10.041893829343108,0.04554436525281198,0.04189382934310868
10.045239108998524,10.05225507964375,0.04523910899852379,0.05225507964374959
10.044933321804256,10.080817170813448,0.04493332180425695,0.08081717081344784
10.044627007258823,10.02939370502154,0.04462700725882324,0.02939370502154119
10.044320168957224,10.037516129522443,0.04432016895722355,0.037516129522443355
10.044012810500606,10.010199124981336,0.04401281050060577,0.010199124981334788
10.043704935496223,10.035667182594556,0.04370493549622248,0.03566718259455609
10.04339654755739,10.053802900560731,0.043396547557388615,0.053802900560730275
10.04308765030344,10.059415101427259,0.04308765030343909,0.059415101427258324
10.042778247359687,10.032653678716162,0.04277824735968622,0.032653678716162246
10.042468342357378,10.054604839587554,0.042468342357377314,0.0546048395875537
10.042157938933652,10.028373051520697,0.04215793893365201,0.028373051520697995
10.041847040731499,10.066720387345871,0.04184704073149953,0.06672038734587112
10.041535651399716,9.993915609904716,0.04153565139971598,-0.0060843900952833735
10.041223774592861,10.050452383776724,0.04122377459286153,0.05045238377672397
10.040911413971218,10.03313861379524,0.04091141397121747,0.033138613795238886
10.040598573200743,10.044912306365578,0.04059857320074332,0.044912306365577984
10.040285255953034,10.066501040969873,0.040285255953033755,0.06650104096987318
10.039971465905275,10.081346682231104,0.03997146590527555,0.08134668223110318
10.039657206740204,10.048133634199601,0.039657206740204426,0.048133634199601
10.039342482146061,10.014970731981792,0.039342482146061696,0.014970731981792006
10.03902729581655,10.046452296840473,0.039027295816551205,0.04645229684047196
10.038711651450797,10.055204328980428,0.038711651450795845,0.05520432898042808
10.038395552753293,10.052849936758303,0.038395552753294135,0.05284993675830327
10.038079003433877,10.050104743188744,0.03807900343387679,0.05010474318874282
10.037762007207663,10.018572174890107,0.037762007207663144,0.018572174890106787
10.037444567795017,10.025991879646963,0.03744456779501758,0.025991879646962236
10.037126688921505,10.010555081621224,0.03712668892150584,0.010555081621222855
10.036808374317852,10.026608888921011,0.036808374317851326,0.02660888892101023
10.036489627719892,10.018633886084155,0.03648962771989134,0.01863388608415513
10.036170452868532,10.021482311305824,0.036170452868533064,0.02148231130582431
10.035850853509709,10.045025087071638,0.03585085350970992,0.04502508707163693
10.035530833394338,10.022062129868106,0.03553083339433746,0.022062129868106198
10.03521039627827,10.053330255603052,0.03521039627826934,0.05333025560305282
10.034889545922253,10.039887227262605,0.03488954592225327,0.039887227262604685
10.034568286091886,10.064963384760306,0.03456828609188686,0.06496338476030644
10.034246620557573,10.02338272574992,0.03424662055757346,0.023382725749920338
10.033924553094478,10.07516616653797,0.03392455309447786,0.07516616653796973
10.033602087482482,10.033014074249225,0.03360208748248203,0.03301407424922547
10.03327922750614,9.97698020799847,0.03327922750614072,-0.023019792001529975
10.032955976954637,10.021396267425203,0.03295597695463711,0.021396267425203903
10.032632339621738,10.022879649259808,0.032632339621738164,0.022879649259808274
10.03230831930575,9.994707645009031,0.03230831930575035,-0.005292354990968508
10.031983919809475,10.039352554149337,0.0319839198094749,0.03935255414933791
10.031659144940162,10.01003796944811,0.031659144940163246,0.010037969448109457
10.031333998509472,10.07018239361915,0.03133399850947227,0.07018239361914971
10.03100848433342,10.009057863352716,0.031008484333419656,0.009057863352716713
10.03068260623234,10.030411051173468,0.030682606232339024,0.03041105117346773
10.030356368030835,10.037139627436883,0.030356368030835135,0.03713962743688306
10.03002977355774,10.038460530290967,0.030029773557739028,0.038460530290968034
10.029702826646064,10.049049330044156,0.02970282664606306,0.04904933004415479
10.029375531132956,10.02828400680677,0.02937553113295581,0.028284006806769072
10.029047890859657,10.011520193120031,0.029047890859657262,0.011520193120030914
10.028719909671453,10.03197495200134,0.028719909671453582,0.03197495200134015
10.028391591417632,10.012394153915494,0.028391591417632006,0.012394153915493398
10.028062939951436,10.035873131743754,0.028062939951435686,0.03587313174375365
10.027733959130018,10.019963743799105,0.027733959130018443,0.01996374379910469
10.027404652814399,10.01564832214946,0.02740465281439952,0.01564832214946001
10.027075024869418,10.027592430030435,0.027075024869418263,0.027592430030433917
10.026745079163689,10.022970019485976,0.026745079163688748,0.0229700194859768
10.026414819569554,10.069406556444616,0.026414819569554396,0.06940655644461628
10.026084249963043,10.009159150396902,0.026084249963042552,0.009159150396903203
10.025753374223818,10.009912958163035,0.025753374223818837,0.00991295816303545
10.025422196235143,10.017538480914807,0.025422196235141872,0.0175384809148074
10.025090719883817,10.032843699352277,0.025090719883817527,0.032843699352277524
10.024758949060153,10.032882403631593,0.024758949060153336,0.0328824036315933
10.024426887657913,10.003026607841957,0.02442688765791286,0.0030266078419569215
10.02409453957427,9.979612401681186,0.02409453957426998,-0.020387598318813798
10.023761908709764,10.054867857181984,0.02376190870976315,0.05486785718198412
10.02342899896825,10.01122626971388,0.023428998968249626,0.01122626971387966
10.023095814256859,10.005884946018917,0.02309581425685966,0.005884946018917342
10.02276235848595,10.005748112285069,0.02276235848595067,0.005748112285068899
10.022428635569062,10.014141169894447,0.02242863556906118,0.014141169894447409
10.022094649422865,10.016055185276977,0.022094649422865154,0.016055185276977302
10.021760403967125,10.03007220113527,0.02176040396712585,0.03007220113527097
10.02142590312465,10.016164435173797,0.021425903124649866,0.01616443517379712
10.021091150821242,10.05096890885835,0.02109115082124109,0.05096890885834872
10.020756150985655,10.01822076610919,0.02075615098565464,0.018220766109189095
10.020420907549552,10.005573577349729,0.020420907549550737,0.005573577349728557
10.020085424447448,10.015070493058792,0.020085424447448583,0.01507049305879165
10.01974970561668,10.004538559602102,0.019749705616680165,0.004538559602100889
10.019413754997345,10.02807869065296,0.01941375499734406,0.028078690652959603
10.01907757653226,10.004148718853056,0.019077576532259225,0.004148718853055896
10.018741174166918,10.01679296763712,0.018741174166918555,0.016792967637118923
10.018404551849443,10.00806346703934,0.018404551849442834,0.008063467039341285
10.018067713530534,10.028114888078393,0.018067713530534237,0.02811488807839272
10.01773066316343,10.037105788096472,0.01773066316342999,0.03710578809647255
10.017393404703856,10.011784109138917,0.017393404703855978,0.01178410913891701
10.01705594210998,10.0688156572635,0.017055942109980335,0.06881565726349925
10.016718279342367,10.015718759076535,0.016718279342366967,0.01571875907653538
10.016380420363928,10.0140846327479,0.016380420363929084,0.014084632747900505
10.016042369139882,10.00943431203264,0.016042369139882683,0.009434312032640679
10.0157041296377,10.009733197631734,0.01570412963770006,0.009733197631733425
10.015365705827064,9.997808382663742,0.015365705827063076,-0.0021916173362591922
10.015027101679816,10.00289567436632,0.01502710167981681,0.002895674366319356
10.014688321169922,10.013842459656516,0.014688321169922792,0.01384245965651644
10.014349368273413,10.036262308840318,0.014349368273412395,0.036262308840317545
10.01401024696834,9.992777261853444,0.014010246968340176,-0.007222738146555271
10.013670961234737,10.013252583514998,0.013670961234737183,0.013252583514998414
10.013331515054563,10.014200385202622,0.013331515054564251,0.014200385202622927
10.012991912411666,10.04106459299576,0.012991912411665259,0.04106459299576003
10.01265215729172,10.029603419237604,0.012652157291720388,0.029603419237604425
10.012312253682198,10.01563647107752,0.01231225368219933,0.015636471077520496
10.011972205572315,10.006348712962211,0.011972205572314544,0.006348712962211747
10.011632016952975,9.994338531851254,0.011632016952974255,-0.005661468148746686
10.011291691816735,10.007361772259227,0.011291691816735882,0.007361772259227122
10.010951234157758,9.99359141729879,0.010951234157759003,-0.006408582701210289
10.010610647971758,10.000040495209614,0.010610647971758527,4.0495209613569325e-05
10.010269937255957,10.010935325283791,0.01026993725595779,0.010935325283790159
10.009929106009041,9.980138094890336,0.009929106009041655,-0.01986190510966443
10.009588158231109,10.006434332993681,0.009588158231109565,0.006434332993681073
10.009247097923629,9.993290707005617,0.009247097923628617,-0.006709292994382634
10.008905929089387,9.998929164360767,0.00890592908938658,-0.001070835639233431
10.008564655732444,10.011637994530954,0.008564655732444934,0.011637994530954677
10.008223281858092,10.002139803333302,0.008223281858091909,0.0021398033333019477
10.007881811472796,9.981252119057112,0.007881811472795305,-0.018747880942887468
10.007540248584156,10.008594425443825,0.007540248584155739,0.008594425443824334
10.00719859720086,9.993942794264164,0.007198597200859427,-0.0060572057358355
10.006856861332631,10.015525316818309,0.006856861332631192,0.015525316818308151
10.006515044990188,9.997687428501662,0.006515044990187394,-0.002312571498338711
10.00617315218519,10.016074226406515,0.006173152185188859,0.016074226406514115
10.005831186930195,10.053982397223173,0.0058311869301938095,0.05398239722317322
10.00548915323861,9.99835962400255,0.005489153238610755,-0.001640375997449311
10.00514705512465,10.012414510394905,0.005147055124651404,0.012414510394903985
10.004804896603284,9.99320712043637,0.004804896603283586,-0.006792879563629695
10.004462681690184,9.989867462282007,0.004462681690183959,-0.010132537717993731
10.004120414401692,9.986959687307202,0.004120414401691144,-0.01304031269279815
10.003778098754758,10.005898293503673,0.0037780987547584113,0.005898293503672561
10.003435738766907,9.984785907361303,0.0034357387669065815,-0.015214092638697323
10.003093338456177,10.027612449729252,0.0030933384561768716,0.027612449729251927
10.002750901841084,10.001388244332677,0.002750901841083743,0.0013882443326774059
10.002408432940568,9.97284865347924,0.002408432940567734,-0.027151346520760896
10.002065935773949,9.985039159267888,0.002065935773948295,-0.0149608407321126
10.001723414360876,9.977531182829154,0.001723414360876616,-0.02246881717084687
10.001380872721288,9.985118102900385,0.001380872721288452,-0.014881897099615083
10.001038314875357,9.99475123024434,0.0010383148753569848,-0.005248769755660595
10.000695744843446,10.024177974763711,0.0006957448434454676,0.02417797476371166
10.000353166646061,9.991831423413409,0.0003531666460603038,-0.008168576586591517
10.000010584303803,10.010601458936842,1.058430380368548e-05,0.010601458936841918
9.999668001837327,10.021026962521795,-0.00033199816267354994,0.02102696252179535
9.999325423267281,10.06794337210392,-0.0006745767327191071,0.06794337210392044
9.998982852614274,9.973462812372572,-0.0010171473857264204,-0.026537187627427666
9.998640293898818,10.017321690178987,-0.001359706101181841,0.01732169017898672
9.998297751141289,9.982279821116974,-0.0017022488587118225,-0.01772017888302555
9.99795522836187,10.002629611234461,-0.002044771638130106,0.002629611234460186
9.997612729580515,10.015821617575439,-0.002387270419484858,0.01582161757543868
9.997270258816894,10.002676501609443,-0.0027297411831060246,0.0026765016094426925
9.996927820090347,10.009124565396345,-0.0030721799096522463,0.009124565396345142
9.996585417419842,9.96095559277041,-0.003414582580158202,-0.03904440722958849
9.996243054823918,10.01282581674304,-0.003756945176081739,0.012825816743041148
9.99590073632065,10.036210939812758,-0.004099263679351027,0.03621093981275807
9.995558465927589,9.967788781697275,-0.0044415340724117255,-0.03221121830272462
9.995216247661725,9.969476852408052,-0.004783752338274126,-0.030523147591948956
9.99487408553944,10.024844910119652,-0.005125914460560305,0.024844910119653178
9.994531983576449,9.994986496142868,-0.005468016423551253,-0.0050135038571324465
9.994189945787767,9.973102760758813,-0.00581005421223401,-0.02689723924118734
9.99384797618765,10.012869238488443,-0.006152023812348743,0.012869238488443013
9.993506078789563,9.971543757121237,-0.0064939212104360294,-0.02845624287876253
9.993164257606116,9.997566367361962,-0.006835742393883702,-0.0024336326380374083
9.992822516649026,9.931506898123269,-0.007177483350974116,-0.06849310187673072
9.992480859929069,9.993291853811748,-0.007519140070931187,-0.006708146188252215
9.992139291456033,9.997339655446805,-0.00786070854396746,-0.0026603445531960864
9.99179781523867,9.989243812243357,-0.00820218476133118,-0.010756187756642563
9.991456435284647,9.973506285625321,-0.008543564715353327,-0.02649371437467838
9.991115155600506,10.001527086122957,-0.008884844399494659,0.0015270861229574658
9.990773980191607,9.994967547784801,-0.009226019808392728,-0.005032452215198021
9.990432913062092,9.993278645103242,-0.009567086937908857,-0.006721354896758442
9.990091958214824,9.99774701086863,-0.009908041785175292,-0.0022529891313694955
9.989751119651357,9.992261618324905,-0.010248880348641928,-0.007738381675094022
9.989410401371877,10.001682877479482,-0.01058959862812345,0.0016828774794820159
9.989069807375154,9.99778919266877,-0.010930192624846229,-0.0022108073312293256
9.988729341658505,9.987072249779764,-0.011270658341495255,-0.01292775022023505
9.98838900821774,9.984540560770421,-0.011610991782261056,-0.01545943922957954
9.988048811047113,9.991401569959065,-0.01195118895288659,-0.008598430040935535
9.987708754139286,9.971326591124303,-0.012291245860714117,-0.028673408875697155
9.987368841485267,9.97133535371555,-0.012631158514732073,-0.028664646284451274
9.987029077074379,9.994543710137478,-0.01297092292562189,-0.005456289862522455
9.986689464894194,10.008741909374375,-0.013310535105804792,0.008741909374375656
9.986350008930511,9.98495899825025,-0.013649991069488757,-0.015041001749750482
9.986010713167286,9.981207164080347,-0.013989286832715034,-0.018792835919652875
9.985671581586596,10.017426146094252,-0.014328418413405083,0.0174261460942522
9.985332618168593,10.011958482074517,-0.014667381831407256,0.011958482074516566
9.984993826891456,9.950204872182502,-0.015006173108543512,-0.04979512781749928
9.984655211731344,9.993123174048023,-0.01534478826865611,-0.006876825951976582
9.984316776662345,9.98036702441343,-0.015683223337654272,-0.019632975586569297
9.98397852565644,10.00742987136532,-0.016021474343560823,0.007429871365319092
9.983640462683441,9.951381822983027,-0.016359537316558814,-0.04861817701697278
9.983302591710961,10.020881104277306,-0.016697408289038058,0.02088110427730581
9.982964916704358,9.978535531116664,-0.017035083295641875,-0.02146446888333497
9.982627441626686,9.942844854997762,-0.017372558373313373,-0.057155145002237215
9.982290170438658,9.982962587187217,-0.01770982956134213,-0.01703741281278329
9.981953107098589,9.980693371479234,-0.018046892901410632,-0.019306628520766478
9.98161625556236,9.96333240026817,-0.018383744437640733,-0.03666759973182998
9.98127961978336,10.001621355111341,-0.01872038021664009,0.0016213551113414514
9.980943203712451,9.951980713979601,-0.01905679628754854,-0.04801928602039872
9.980607011297916,9.95682527722878,-0.019392988702084488,-0.04317472277121884
9.98027104648541,9.967148812550654,-0.01972895351459123,-0.032851187449346266
9.979935313217917,9.998029671758136,-0.020064686782083285,-0.001970328241864539
9.979599815435707,9.96718426039629,-0.0204001845642926,-0.03281573960370922
9.979264557076284,9.987831858002757,-0.02073544292371498,-0.012168141997242614
9.978929542074344,9.990266392553949,-0.02107045792565604,-0.009733607446052
9.978594774361722,9.968511962348128,-0.021405225638277556,-0.03148803765187305
9.978260257867356,9.988152264744127,-0.021739742132643566,-0.01184773525587434
9.977925996517234,10.02109074010793,-0.022074003482766485,0.021090740107930186
9.977591994234347,9.987954491751744,-0.022408005765653174,-0.012045508248256731
9.977258254938649,9.99478388453275,-0.022741745061350994,-0.005216115467250003
9.976924782547005,10.018219837046221,-0.023075217452993794,0.01821983704622149
9.976591580973151,9.9487629000694,-0.0234084190268479,-0.051237099930598516
9.976258654127642,10.014992457676833,-0.023741345872358023,0.014992457676833167
9.975926005917806,9.985958421041039,-0.024073994082193146,-0.014041578958961591
9.975593640247707,9.987882379407722,-0.024406359752292522,-0.01211762059227772
9.975261561018089,9.971523122742742,-0.024738438981911255,-0.028476877257257602
9.974929772126334,9.957020711012602,-0.02507022787366623,-0.042979288987399
9.974598277466418,9.943094551762174,-0.025401722533581847,-0.056905448237825916
9.974267080928865,9.957431835836733,-0.02573291907113568,-0.042568164163266455
9.973936186400696,9.971007320054053,-0.026063813599304177,-0.02899267994594775
9.973605597765392,9.958601696788394,-0.026394402234608247,-0.041398303211606646
9.973275318902841,9.968372431921491,-0.02672468109715885,-0.031627568078508146
9.972945353689298,9.952544692408987,-0.02705464631070254,-0.04745530759101259
9.972615705997333,9.964917793206492,-0.027384294002666915,-0.03508220679350753
9.972286379695793,9.982116117615263,-0.027713620304206217,-0.017883882384738002
9.971957378649753,9.958201252199164,-0.028042621350246502,-0.041798747800836325
9.97162870672047,9.923700534853946,-0.028371293279531164,-0.0762994651460536
9.971300367765334,9.986901087338486,-0.02869963223466622,-0.013098912661512892
9.970972365637834,9.955585856803998,-0.02902763436216556,-0.044414143196001905
9.970644704187503,9.978781883766338,-0.029355295812496202,-0.021218116233662734
9.970317387259877,9.923816127789669,-0.02968261274012344,-0.07618387221033045
9.969990418696444,9.977127645345437,-0.030009581303555993,-0.022872354654562686
9.969663802334608,9.99863579738767,-0.03033619766539111,-0.0013642026123287174
9.96933754200764,9.970837281539897,-0.03066245799235955,-0.0291627184601033
9.969011641544629,9.975601018672858,-0.030988358455370596,-0.02439898132714216
9.968686104770443,9.987414075202874,-0.031313895229557104,-0.012585924797125114
9.96836093550568,9.987318000237563,-0.03163906449432019,-0.012681999762436977
9.968036137566626,9.986355966251104,-0.0319638624333742,-0.01364403374889608
9.967711714765208,9.969300974240415,-0.032288285234791485,-0.030699025759584886
9.967387670908954,9.942159811745306,-0.032612329091047096,-0.057840188254694336
9.967064009800936,9.936404685974345,-0.032935990199063535,-0.0635953140256548
9.966740735239744,9.929014630919488,-0.033259264760255335,-0.07098536908051192
9.966417851019425,9.981383069206496,-0.03358214898057366,-0.018616930793505057
9.96609536092945,9.983706955146602,-0.03390463907055086,-0.016293044853398008
9.965773268754655,9.958000186166961,-0.03422673124534483,-0.04199981383303866
9.965451578275216,9.95829473366574,-0.03454842172478368,-0.04170526633425938
9.96513029326659,9.92361893077256,-0.034869706733409805,-0.07638106922743912
9.964809417499476,9.961385467783973,-0.03519058250052437,-0.03861453221602644
9.96448895473977,9.948551986441778,-0.03551104526023152,-0.05144801355822197
9.964168908748517,9.977293679884053,-0.03583109125148259,-0.022706320115946543
9.96384928328188,9.96591926855695,-0.03615071671812022,-0.034080731443050245
9.963530082091077,9.969718543246765,-0.03646991790892247,-0.030281456753234536
9.963211308922354,9.961551013282335,-0.03678869107764683,-0.03844898671766452
9.962892967516925,9.973571359826938,-0.037107032483074176,-0.02642864017306138
9.962575061610947,9.938015929332312,-0.0374249383890527,-0.06198407066768724
9.962257594935458,9.94628054526476,-0.03774240506454171,-0.05371945473524117
9.961940571216344,9.96925599464393,-0.03805942878365557,-0.030744005356069855
9.961623994174293,9.949878353850943,-0.038376005825707195,-0.05012164614905679
9.961307867524749,9.940817387526439,-0.038692132475251884,-0.05918261247356072
9.96099219497787,9.94591038678925,-0.03900780502213088,-0.054089613210749406
9.960676980238485,9.960700677344324,-0.0393230197615149,-0.03929932265567617
9.960362227006053,9.967962198473524,-0.03963777299394765,-0.03203780152647588
9.960047938974611,9.953576074525394,-0.0399520610253892,-0.046423925474606186
9.95973411983274,9.941977367067167,-0.04026588016725939,-0.058022632932832226
9.959420773263519,9.972112936748983,-0.04057922673648106,-0.02788706325101724
9.959107902944476,9.995556955612951,-0.04089209705552328,-0.00444304438704949
9.958795512547555,9.957650944005753,-0.04120448745244466,-0.04234905599424674
9.958483605739064,9.952928366156284,-0.04151639426093621,-0.0470716338437165
9.958172186179635,9.963858296674745,-0.04182781382036449,-0.03614170332525548
9.957861257524186,9.973108166085792,-0.0421387424758146,-0.02689183391420741
9.957550823421867,9.923030532508504,-0.042449176578133026,-0.07696946749149569
9.95724088751603,9.949299950333543,-0.04275911248397047,-0.05070004966645732
9.956931453444176,9.974510996047684,-0.04306854655582463,-0.02548900395231698
9.956622524837917,9.961544259542954,-0.043377475162082874,-0.038455740457046035
9.956314105322935,9.970548724963361,-0.043685894677064886,-0.02945127503663838
9.956006198518935,10.009754780254559,-0.04399380148106517,0.009754780254558885
9.955698808039605,9.95868555973885,-0.04430119196039555,-0.04131444026115052
9.955391937492573,9.904652509520398,-0.04460806250742771,-0.09534749047960167
9.955085590479365,9.95472144734641,-0.04491440952063527,-0.04527855265359023
9.954779770595364,9.943274300618448,-0.045220229404636283,-0.05672569938155171
9.954474481429765,9.929020869064967,-0.04552551857023532,-0.07097913093503248
9.954169726565535,9.951549071036702,-0.045830273434465656,-0.048450928963298896
9.95386550957937,9.936704442668953,-0.046134490420631245,-0.06329555733104682
9.95356183404165,9.988339965589702,-0.04643816595834879,-0.011660034410298406
9.953258703516411,9.96224003270194,-0.04674129648358956,-0.03775996729806037
9.952956121561279,9.965951709223166,-0.047043878438721286,-0.03404829077683438
9.95265409172745,9.957826146618327,-0.04734590827254982,-0.042173853381673024
9.952352617559638,9.959748330385636,-0.04764738244036102,-0.04025166961436377
9.952051702596037,9.913816658609209,-0.04794829740396207,-0.08618334139079215
9.951751350368276,9.939269816856903,-0.048248649631723206,-0.06073018314309747
9.951451564401381,9.937883104225502,-0.04854843559861908,-0.062116895774498165
9.95115234821373,9.943301149060197,-0.04884765178627018,-0.056698850939802994
9.950853705317016,9.962048519533065,-0.049146294682984065,-0.03795148046693514
9.950555639216203,9.94492300453598,-0.049444360783796645,-0.055076995464020326
9.950258153409488,9.96561924765288,-0.04974184659051326,-0.03438075234712093
9.94996125138825,9.959668432260203,-0.05003874861174978,-0.040331567739796535
9.949664936637026,9.953481972551769,-0.05033506336297351,-0.04651802744823194
9.949369212633457,9.925554222788465,-0.05063078736654417,-0.07444577721153431
9.949074082848245,9.94143057559407,-0.050925917151754735,-0.05856942440593007
9.948779550745128,9.95068723171348,-0.05122044925487201,-0.04931276828651872
9.948485619780822,9.921332693727916,-0.051514380219177404,-0.0786673062720849
9.948192293404993,9.926706091747217,-0.05180770659500751,-0.07329390825278345
9.947899575060205,9.931757507650499,-0.05210042493979451,-0.06824249234950062
9.947607468181893,9.909836461266032,-0.05239253181810667,-0.09016353873396896
9.947315976198311,9.952561128982934,-0.05268402380168859,-0.047438871017066536
9.947025102530498,9.934256026950052,-0.05297489746950143,-0.06574397304994786
9.946734850592238,9.910268656540168,-0.05326514940776316,-0.08973134345983141
9.946445223790011,9.957247888996257,-0.05355477620998849,-0.04275211100374388
9.946156225522971,9.939071320286995,-0.05384377447702894,-0.06092867971300392
9.945867859182886,9.950969751689616,-0.054132140817112775,-0.04903024831038434
9.945580128154115,9.949438269671388,-0.054419871845884676,-0.0505617303286127
9.945293035813554,9.950720352531143,-0.05470696418644552,-0.04927964746885755
9.945006585530608,9.945227485408768,-0.05499341446939206,-0.05477251459123221
9.944720780667144,9.98137260943151,-0.055279219332856434,-0.0186273905684892
9.944435624577455,9.920216072651725,-0.0555643754225456,-0.07978392734827457
9.94415112060822,9.902711596150336,-0.05584887939178074,-0.09728840384966345
9.943867272098464,9.960127960699559,-0.056132727901536505,-0.03987203930044112
9.94358408237952,9.934134130497876,-0.05641591762048023,-0.06586586950212445
9.943301554774989,9.958435311723365,-0.056698445225010975,-0.0415646882766352
9.943019692600702,9.92095905800392,-0.056980307399298706,-0.07904094199608075
9.942738499164678,9.958500449343342,-0.05726150083532294,-0.04149955065665764
9.942457977767088,9.960176586616726,-0.05754202223291177,-0.03982341338327444
9.942178131700219,9.935663290455938,-0.05782186829978053,-0.06433670954406114
9.941898964248429,9.956184929307732,-0.05810103575157044,-0.043815070692267685
9.941620478688113,9.917310380266354,-0.058379521311887166,-0.08268961973364587
9.941342678287661,9.914494912842507,-0.05865732171233923,-0.08550508715749228
9.941065566307424,9.936403147184354,-0.05893443369257643,-0.06359685281564584
9.940789145999672,9.930921542203105,-0.059210854000328064,-0.06907845779689455
9.940513420608559,9.915427337937146,-0.0594865793914411,-0.08457266206285467
9.940238393370082,9.978408518531218,-0.05976160662991823,-0.021591481468782016
9.939964067512044,9.910855882709738,-0.060035932487956,-0.08914411729026156
9.939690446254017,9.935173571278876,-0.06030955374598244,-0.06482642872112375
9.939417532807305,9.963638716470319,-0.06058246719269503,-0.0363612835296815
9.939145330374902,9.915390060481352,-0.06085466962509833,-0.08460993951864805
9.938873842151459,9.910694224613758,-0.061126157848541585,-0.0893057753862414
9.938603071323243,9.905073879988601,-0.061396928676756224,-0.09492612001139969
9.938333021068107,9.922792418632616,-0.06166697893189324,-0.07720758136738441
9.93806369455544,9.954830297840246,-0.06193630544456048,-0.0451697021597537
9.93779509494614,9.96308710013786,-0.062204905053859866,-0.036912899862139595
9.937527225392575,9.921903731422459,-0.06247277460742443,-0.0780962685775402
9.937260089038544,9.941408878720392,-0.06273991096145548,-0.05859112127960919
9.936993689019241,9.929486079950447,-0.06300631098075929,-0.07051392004955227
9.936728028461216,9.913880374497808,-0.06327197153878397,-0.08611962550219321
9.936463110482343,9.965540231760148,-0.06353688951765621,-0.03445976823985149
9.936198938191783,9.93428638643182,-0.0638010618082178,-0.06571361356817994
9.935935514689938,9.929643583470517,-0.06406448531006223,-0.07035641652948399
9.93567284306843,9.953109994739343,-0.06432715693157091,-0.046890005260657695
9.93541092641005,9.927976976860505,-0.06458907358994961,-0.07202302313949538
9.935149767788735,9.962182468220144,-0.06485023221126456,-0.03781753177985643
9.934889370269522,9.946577455050754,-0.06511062973047853,-0.05342254494924546
9.934629736908514,9.980122430734804,-0.06537026309148677,-0.019877569265196814
9.934370870752847,9.981807976680006,-0.0656291292471531,-0.018192023319993228
9.934112774840655,9.941849473094107,-0.06588722515934531,-0.0581505269058919
9.933855452201028,9.92011884876707,-0.0661445477989711,-0.07988115123293023
9.933598905853987,9.935960122285332,-0.06640109414601346,-0.06403987771466745
9.933343138810434,9.94365059520347,-0.06665686118956625,-0.056349404796529265
9.93308815407213,9.869968671820242,-0.06691184592786945,-0.13003132817975865
9.932833954631656,9.903387228107585,-0.0671660453683444,-0.09661277189241566
9.93258054347237,9.888108302807098,-0.067419456527629,-0.11189169719290198
9.932327923568387,9.91980013516024,-0.06767207643161255,-0.08019986483975852
9.93207609788453,9.928945741056744,-0.06792390211547082,-0.0710542589432568
9.931825069376298,9.953528763391297,-0.06817493062370086,-0.04647123660870321
9.931574840989844,9.934490877717497,-0.06842515901015549,-0.06550912228250243
9.931325415661922,9.921604470441789,-0.06867458433807809,-0.07839552955821169
9.931076796319863,9.895212372671551,-0.06892320368013692,-0.10478762732844787
9.93082898588154,9.930075620440784,-0.06917101411845959,-0.06992437955921671
9.930581987255334,9.936180207646276,-0.06941801274466723,-0.06381979235372484
9.93033580334009,9.985729161846692,-0.06966419665990861,-0.014270838153307673
9.930090437025106,9.919000492956107,-0.06990956297489426,-0.0809995070438942
9.92984589119007,9.91196082821351,-0.07015410880993027,-0.08803917178648889
9.929602168705047,9.947596315983413,-0.07039783129495217,-0.05240368401658774
9.92935927243044,9.917957132145789,-0.07064072756955848,-0.08204286785421193
9.929117205216956,9.944515013931845,-0.07088279478304454,-0.055484986068155426
9.928875969905564,9.928970350911538,-0.07112403009443569,-0.07102964908846186
9.92863556932748,9.934183167495243,-0.07136443067252074,-0.06581683250475702
9.928396006304116,9.916112598545514,-0.0716039936958852,-0.08388740145448637
9.928157283647055,9.911449905157491,-0.07184271635294437,-0.08855009484250811
9.927919404158024,9.956162116306032,-0.07208059584197636,-0.04383788369396754
9.927682370628846,9.925577795226518,-0.07231762937115493,-0.07442220477348149
9.927446185841418,9.961048004787878,-0.07255381415858234,-0.03895199521212176
9.927210852567677,9.93416669011932,-0.07278914743232183,-0.06583330988068
9.92697637356957,9.923733837455094,-0.07302362643043037,-0.0762661625449057
9.92674275159901,9.951585783891458,-0.07325724840099096,-0.04841421610854263
9.926509989397855,9.943294069816508,-0.07349001060214491,-0.056705930183491245
9.926278089697876,9.96007756557228,-0.07372191030212402,-0.039922434427719616
9.926047055220717,9.942190572795038,-0.0739529447792827,-0.05780942720496152
9.92581688867787,9.937230139717073,-0.07418311132212989,-0.06276986028292658
9.92558759277064,9.927061873178493,-0.07441240722936085,-0.07293812682150623
9.925359170190111,9.91559271715558,-0.07464082980988887,-0.08440728284442117
9.925131623617123,9.912935527496007,-0.07486837638287691,-0.08706447250399277
9.924904955722232,9.916331859736136,-0.07509504427776899,-0.08366814026386395
9.924679169165678,9.914751651264234,-0.07532083083432158,-0.0852483487357663
9.924454266597365,9.929401730130385,-0.07554573340263476,-0.0705982698696149
9.924230250656816,9.950186059696042,-0.0757697493431835,-0.049813940303957444
9.924007123973151,9.915637104626605,-0.07599287602684832,-0.08436289537339481
9.923784889165054,9.928722428998848,-0.07621511083494648,-0.07127757100115299
9.923563548840738,9.948771429113313,-0.07643645115926243,-0.051228570886686545
9.92334310559792,9.93200595002901,-0.07665689440207867,-0.06799404997099052
9.923123562023793,9.941447087026143,-0.07687643797620612,-0.058552912973857646
9.922904920694986,9.904837250821878,-0.07709507930501436,-0.09516274917812256
9.922687184177537,9.932680384985838,-0.07731281582246219,-0.06731961501416164
9.922470355026872,9.896511379987896,-0.07752964497312732,-0.10348862001210468
9.922254435787764,9.92305226038839,-0.07774556421223683,-0.07694773961160935
9.922039428994303,9.920513882093848,-0.07796057100569659,-0.0794861179061508
9.921825337169878,9.936822204048202,-0.0781746628301214,-0.06317779595179836
9.921612162827136,9.913066732133974,-0.07838783717286421,-0.08693326786602719
9.921399908467954,9.948346511264194,-0.07860009153204606,-0.05165348873580626
9.921188576583415,9.90606667593966,-0.07881142341658492,-0.09393332406033986
9.920978169653775,9.904624751429882,-0.07902183034622544,-0.0953752485701172
9.920768690148432,9.92710841328018,-0.07923130985156776,-0.0728915867198188
9.920560140525904,9.921108331199541,-0.07943985947409643,-0.07889166880045959
9.92035252323379,9.890834806603637,-0.07964747676620959,-0.10916519339636352
9.920145840708752,9.921854772360636,-0.07985415929124727,-0.07814522763936363
9.919940095376479,9.92321641001711,-0.08005990462352044,-0.07678358998289021
9.91973528965166,9.950416541753608,-0.08026471034833906,-0.049583458246391925
9.91953142593796,9.930667793230812,-0.08046857406204076,-0.06933220676918804
9.91932850662798,9.90857819393661,-0.08067149337201873,-0.09142180606339027
9.919126534103249,9.919209445794474,-0.0808734658967502,-0.08079055420552554
9.918925510734176,9.922841026085958,-0.08107448926582389,-0.07715897391404254
9.918725438880031,9.8774637584994,-0.0812745611199683,-0.12253624150059925
9.91852632088892,9.937706190827972,-0.08147367911107921,-0.06229380917202838
9.918328159097753,9.914906220873908,-0.08167184090224704,-0.08509377912609219
9.918130955832215,9.924285219831438,-0.08186904416778468,-0.07571478016856169
9.917934713406746,9.929554508289208,-0.08206528659325435,-0.07044549171079256
9.917739434124504,9.920794438572674,-0.08226056587549524,-0.07920556142732653
9.91754512027735,9.899649681071491,-0.08245487972265003,-0.10035031892850979
9.917351774145807,9.877770286448834,-0.08264822585419225,-0.12222971355116538
9.917159397999047,9.911800565953714,-0.08284060200095265,-0.08819943404628591
9.916967994094854,9.928587834953365,-0.0830320059051462,-0.07141216504663406
9.916777564679602,9.912965641925664,-0.08322243532039819,-0.08703435807433478
9.91658811198823,9.929382428057915,-0.08341188801177103,-0.07061757194208593
9.91639963824421,9.929582350190223,-0.08360036175579018,-0.07041764980977681
9.91621214565953,9.909145283209662,-0.0837878543404702,-0.09085471679033731
9.916025636434659,9.953167277199483,-0.08397436356534108,-0.04683272280051599
9.915840112758527,9.896258691049407,-0.08415988724147354,-0.10374130895059168
9.915655576808495,9.9489084418751,-0.08434442319150524,-0.05109155812490004
9.915472030750333,9.92537854382986,-0.08452796924966594,-0.07462145617013963
9.915289476738197,9.890299847942352,-0.08471052326180319,-0.10970015205764906
9.915107916914593,9.881347144984584,-0.08489208308540735,-0.11865285501541632
9.914927353410363,9.92028090454764,-0.08507264658963708,-0.07971909545236024
9.914747788344656,9.94367990349783,-0.08525221165534391,-0.056320096502169806
9.914569223824902,9.890669197440259,-0.08543077617509752,-0.10933080255974058
9.91439166194679,9.892785810207064,-0.08560833805321032,-0.10721418979293534
9.914215104794238,9.943741872094192,-0.08578489520576185,-0.05625812790580793
9.914039554439377,9.916894281343685,-0.08596044556062363,-0.08310571865631407
9.913865012942518,9.922725645925144,-0.08613498705748307,-0.07727435407485493
9.913691482352132,9.935244165532659,-0.08630851764786801,-0.064755834467341
9.91351896470483,9.896478351956821,-0.08648103529517047,-0.10352164804317918
9.91334746202533,9.89346356976122,-0.08665253797467079,-0.10653643023878043
9.913176976326438,9.909718952014803,-0.08682302367356115,-0.0902810479851977
9.91300750960903,9.910994290429066,-0.08699249039096944,-0.08900570957093426
9.912839063862018,9.94086591804564,-0.08716093613798265,-0.05913408195435967
9.91267164106233,9.8961340839838,-0.08732835893766999,-0.10386591601620043
9.912505243174893,9.890901568014906,-0.08749475682510656,-0.10909843198509368
9.912339872152604,9.902555289569657,-0.08766012784739591,-0.09744471043034415
9.912175529936306,9.924347625870837,-0.08782447006369337,-0.07565237412916369
9.912012218454771,9.906966639562684,-0.08798778154522852,-0.0930333604373151
9.911849939624672,9.930687778741458,-0.08815006037532806,-0.06931222125854249
9.911688695350563,9.942638836883514,-0.08831130464943808,-0.057361163116485314
9.911528487524853,9.904378163608722,-0.0884715124751467,-0.09562183639127819
9.911369318027795,9.906521919449933,-0.08863068197220594,-0.09347808055006782
9.911211188727446,9.936858047526595,-0.08878881127255407,-0.06314195247340515
9.911054101479662,9.925938149071387,-0.08894589852033746,-0.07406185092861398
9.910898058128067,9.898328893519773,-0.0891019418719322,-0.1016711064802272
9.910743060504034,9.924230137667388,-0.08925693949596597,-0.07576986233261095
9.910589110426661,9.886148346162226,-0.08941088957333933,-0.11385165383777318
9.910436209702752,9.92329574398637,-0.08956379029724731,-0.0767042560136294
9.9102843601268,9.900837337162208,-0.0897156398732003,-0.09916266283779154
9.910133563480954,9.891056422099496,-0.08986643651904545,-0.10894357790050443
9.909983821535013,9.916614808190529,-0.09001617846498727,-0.08338519180947039
9.909835136046391,9.906761813459166,-0.09016486395360868,-0.09323818654083373
9.909687508760108,9.90455063350537,-0.09031249123989138,-0.09544936649463044
9.909540941408764,9.928371166102941,-0.09045905859123657,-0.07162883389705937
9.909395435712515,9.91864460205066,-0.09060456428748515,-0.08135539794933998
9.909250993379063,9.891236560564083,-0.0907490066209378,-0.1087634394359174
9.909107616103624,9.931966303421175,-0.09089238389637534,-0.06803369657882434
9.908965305568922,9.844343547870633,-0.09103469443107827,-0.15565645212936652
9.908824063445152,9.900402959106406,-0.09117593655484685,-0.09959704089359414
9.90868389138998,9.91385914275035,-0.09131610861002032,-0.08614085724965005
9.908544791048504,9.922457862132186,-0.09145520895149682,-0.0775421378678151
9.908406764053248,9.908833464320132,-0.09159323594675223,-0.09116653567986836
9.908269812024141,9.892354823571566,-0.09173018797585972,-0.10764517642843488
9.908133936568492,9.91490640567765,-0.09186606343150844,-0.0850935943223509
9.907999139280978,9.918232461707062,-0.09200086071902264,-0.08176753829293916
9.907865421743619,9.881484724129082,-0.09213457825638027,-0.11851527587091748
9.907732785525768,9.904896547913458,-0.09226721447423149,-0.09510345208654189
9.907601232184083,9.894602989176557,-0.09239876781591727,-0.1053970108234438
9.907470763262513,9.919543510589016,-0.09252923673748739,-0.08045648941098492
9.907341380292282,9.909694139352842,-0.09265861970771888,-0.0903058606471586
9.907213084791866,9.924191892729839,-0.09278691520813366,-0.07580810727016098
9.907085878266983,9.884621229189289,-0.09291412173301672,-0.11537877081071014
9.906959762210567,9.894151819849643,-0.09304023778943339,-0.105848180150357
9.906834738102752,9.90064224029069,-0.09316526189724722,-0.09935775970930943
9.906710807410862,9.952978075159429,-0.0932891925891372,-0.047021924840572084
9.906587971589385,9.924850051925516,-0.09341202841061484,-0.07514994807448483
9.906466232079959,9.919074191588962,-0.09353376792004159,-0.08092580841103902
9.906345590311355,9.921273122088992,-0.09365440968864533,-0.07872687791100666
9.906226047699462,9.913813738606427,-0.09377395230053759,-0.08618626139357387
9.90610760564727,9.922261870129624,-0.09389239435272971,-0.07773812987037634
9.905990265544851,9.932792605747254,-0.09400973445514973,-0.0672073942527457
9.905874028769341,9.89926459766645,-0.09412597123065838,-0.10073540233355013
9.905758896684935,9.868975135634042,-0.09424110331506547,-0.13102486436595845
9.905644870642854,9.892260669374304,-0.09435512935714568,-0.10773933062569593
9.905531951981345,9.896122086243828,-0.09446804801865463,-0.1038779137561723
9.905420142025655,9.929682821985548,-0.09457985797434454,-0.07031717801445188
9.90530944208802,9.911548138600578,-0.09469055791197956,-0.08845186139942231
9.905199853467648,9.92442506056141,-0.09480014653235158,-0.07557493943859032
9.905091377450704,9.928632337120913,-0.09490862254929504,-0.07136766287908748
9.904984015310298,9.882080879731799,-0.09501598468970238,-0.1179191202682004
9.904877768306461,9.884052530738884,-0.09512223169353874,-0.11594746926111629
9.904772637686143,9.880650192215493,-0.09522736231385694,-0.11934980778450704
9.904668624683188,9.898781929946464,-0.0953313753168119,-0.1012180700535356
9.904565730518325,9.909747684840159,-0.09543426948167537,-0.0902523151598408
9.90446395639915,9.919434529486994,-0.09553604360084997,-0.0805654705130059
9.904363303520116,9.881890106155984,-0.09563669647988364,-0.1181098938440164
9.904263773062516,9.888115843777705,-0.09573622693748353,-0.11188415622229567
9.904165366194471,9.892282772648837,-0.0958346338055298,-0.10771722735116199
9.90406808407091,9.90920374653506,-0.09593191592908945,-0.09079625346494143
9.90397192783357,9.909680610218377,-0.09602807216642979,-0.09031938978162321
9.903876898610967,9.922013997383411,-0.09612310138903196,-0.07798600261658836
9.903782997518396,9.90284263992112,-0.09621700248160393,-0.09715736007888001
9.903690225657906,9.936482886648248,-0.09630977434209394,-0.06351711335175134
9.903598584118297,9.913120968439285,-0.09640141588170306,-0.086879031560714
9.903508073975102,9.920766826412581,-0.09649192602489831,-0.07923317358741772
9.903418696290576,9.89613548245641,-0.09658130370942498,-0.10386451754359047
9.90333045211368,9.906590415197194,-0.09666954788631936,-0.0934095848028062
9.90324334248008,9.910908813208769,-0.09675665751992087,-0.08909118679123114
9.903157368412115,9.938887956132405,-0.09684263158788425,-0.061112043867595535
9.903072530918807,9.883722071080266,-0.0969274690811917,-0.11627792891973417
9.902988830995836,9.862066757066243,-0.09701116900416444,-0.13793324293375675
9.902906269625525,9.890673199178417,-0.09709373037447472,-0.10932680082158266
9.902824847776843,9.879763790035573,-0.09717515222315705,-0.12023620996442627
9.90274456640538,9.911575064317368,-0.09725543359461986,-0.08842493568263089
9.902665426453343,9.920779385833765,-0.09733457354665642,-0.07922061416623608
9.902587428849543,9.881444069647316,-0.09741257115045619,-0.11855593035268416
9.902510574509385,9.894288898682541,-0.09748942549061546,-0.10571110131745909
9.902434864334852,9.933757044937098,-0.09756513566514825,-0.0662429550629029
9.902360299214504,9.911736025264535,-0.09763970078549693,-0.08826397473546511
9.902286880023457,9.900939463630545,-0.09771311997654243,-0.09906053636945467
9.902214607623385,9.909847488470659,-0.0977853923766148,-0.09015251152934148
9.902143482862497,9.896829733832012,-0.09785651713750305,-0.10317026616798826
9.902073506575535,9.914377203319976,-0.09792649342446537,-0.08562279668002429
9.902004679583762,9.87419817095608,-0.09799532041623865,-0.12580182904392095
9.901937002694952,9.927904351072945,-0.09806299730504836,-0.07209564892705514
9.901870476703381,9.875708155874603,-0.0981295232966179,-0.1242918441253961
9.901805102389822,9.884685215019637,-0.09819489761017791,-0.11531478498036268
9.901740880521524,9.89684981990371,-0.09825911947847556,-0.10315018009628857
9.901677811852217,9.879239589118828,-0.09832218814778339,-0.12076041088117151
9.901615897122092,9.899353035434748,-0.09838410287790827,-0.10064696456525173
9.9015551370578,9.899440092059299,-0.09844486294220005,-0.10055990794070141
9.90149553237244,9.881723431379234,-0.09850446762756009,-0.1182765686207657
9.90143708376555,9.895015782651155,-0.0985629162344496,-0.1049842173488453
9.901379791923102,9.914178519857616,-0.09862020807689795,-0.08582148014238358
9.901323657517489,9.92099738226089,-0.09867634248251056,-0.07900261773911141
9.901268681207522,9.92322734991748,-0.09873131879247697,-0.0767726500825191
9.90121486363842,9.910383356796764,-0.0987851363615784,-0.08961664320323588
9.901162205441805,9.919764945458185,-0.09883779455819547,-0.08023505454181389
9.901110707235684,9.883145449703894,-0.09888929276431556,-0.11685455029610475
9.90106036962446,9.899735565163075,-0.09893963037553995,-0.1002644348369248
9.901011193198908,9.904253459969134,-0.09898880680109114,-0.09574654003086643
9.90096317853618,9.893894011032991,-0.09903682146381958,-0.10610598896700928
9.90091632619979,9.900583772577225,-0.09908367380021055,-0.09941622742277596
9.90087063673961,9.880695900976848,-0.09912936326039073,-0.11930409902315224
9.900826110691865,9.916365593244642,-0.0991738893081347,-0.0836344067553582
9.900782748579129,9.940176728921116,-0.09921725142087118,-0.059823271078884216
9.90074055091031,9.875894546102868,-0.0992594490896892,-0.12410545389713076
9.900699518180655,9.915339945014118,-0.09930048181934403,-0.08466005498588272
9.900659650871736,9.894184379610707,-0.09934034912826306,-0.10581562038929292
9.900620949451449,9.9120256123779,-0.09937905054855141,-0.08797438762210019
9.900583414374003,9.881220741945818,-0.09941658562599737,-0.11877925805418314
9.900547046079922,9.904663145514892,-0.09945295392007786,-0.09533685448510788
9.900511844996036,9.88946493630694,-0.09948815500396346,-0.11053506369306104
9.900477811535476,9.881700804822291,-0.09952218846452354,-0.11829919517770957
9.90044494609767,9.881418315543858,-0.099555053902331,-0.118581684456142
9.900413249068333,9.909335293328096,-0.09958675093166708,-0.09066470667190389
9.900382720819474,9.91307835047929,-0.09961727918052575,-0.0869216495207092
9.900353361709382,9.964458324953997,-0.09964663829061819,-0.03554167504600357
9.900325172082622,9.906780975592921,-0.0996748279173769,-0.093219024407078
9.90029815227004,9.88472030602856,-0.09970184772995985,-0.11527969397143872
9.900272302588746,9.918009280199707,-0.09972769741125428,-0.08199071980029274
9.90024762334212,9.894166058141707,-0.09975237665788043,-0.10583394185829302
9.900224114819805,9.88192979898006,-0.09977588518019516,-0.11807020101993886
9.900201777297704,9.924898170316554,-0.09979822270229527,-0.07510182968344621
9.90018061103798,9.910061544634347,-0.09981938896202079,-0.08993845536565297
9.900160616289043,9.91820642606994,-0.09983938371095802,-0.08179357393006083
9.900141793285558,9.879494383389183,-0.09985820671444254,-0.12050561661081631
9.900124142248439,9.888637474509716,-0.09987585775156178,-0.11136252549028401
9.900107663384842,9.908155455163753,-0.09989233661515784,-0.09184454483624777
9.90009235688817,9.899636629302211,-0.09990764311182973,-0.10036337069778942
9.900078222938065,9.883719436210436,-0.09992177706193572,-0.11628056378956382
9.900065261700405,9.92061544471669,-0.09993473829959548,-0.07938455528331022
9.900053473327308,9.948280562404706,-0.099946526672692,-0.05171943759529277
9.900042857957127,9.885061039655236,-0.09995714204287326,-0.11493896034476368
9.900033415714447,9.913725921166858,-0.09996658428555412,-0.08627407883314299
9.900025146710082,9.914008634790594,-0.0999748532899175,-0.0859913652094058
9.900018051041084,9.87523287226505,-0.09998194895891584,-0.12476712773495027
9.900012128790728,9.912592100540934,-0.09998787120927223,-0.08740789945906571
9.90000738002852,9.919402062340646,-0.0999926199714813,-0.0805979376593539
9.90000380481019,9.887940500964628,-0.09999619518981018,-0.11205949903537221
9.9000014031777,9.928187621042449,-0.09999859682229895,-0.07181237895755141
9.900000175159239,9.857631570716752,-0.09999982484076136,-0.14236842928324744
9.900000120769215,9.86772466053314,-0.09999987923078503,-0.13227533946685954
9.900001240008269,9.890373915860387,-0.09999875999173158,-0.10962608413961385
9.900003532863263,9.901014962716015,-0.09999646713673677,-0.0989850372839839
9.90000699930729,9.942849042012059,-0.09999300069271022,-0.057150957987940745
9.900011639299665,9.887558220674958,-0.09998836070033518,-0.11244177932504296
9.900017452785931,9.888391729741857,-0.09998254721406803,-0.11160827025814338
9.900024439697862,9.892933177056353,-0.09997556030213761,-0.10706682294364762
9.900032599953455,9.931587597631687,-0.09996740004654446,-0.06841240236831411
9.90004193345694,9.881145440579926,-0.0999580665430598,-0.11885455942007296
9.900052440098776,9.898923785719429,-0.0999475599012245,-0.10107621428057165
9.900064119755653,9.902852508009264,-0.09993588024434771,-0.09714749199073588
9.900076972290494,9.892266465671925,-0.09992302770950544,-0.10773353432807552
9.90009099755246,9.915896154138595,-0.09990900244753893,-0.08410384586140432
9.900106195376948,9.874392926275718,-0.09989380462305299,-0.12560707372428265
9.900122565585587,9.903834839350338,-0.09987743441441388,-0.09616516064966124
9.900140107986253,9.854181437463314,-0.09985989201374736,-0.14581856253668676
9.900158822373063,9.892019702812783,-0.09984117762693641,-0.10798029718721579
9.900178708526381,9.890710606440447,-0.09982129147361878,-0.10928939355955268
9.900199766212815,9.903709085993837,-0.09980023378718442,-0.09629091400616319
9.900221995185227,9.902082641211573,-0.09977800481477277,-0.09791735878842742
9.900245395182731,9.89749057823157,-0.0997546048172698,-0.10250942176842974
9.900269965930695,9.936058155301223,-0.09973003406930506,-0.0639418446987769
9.900295707140751,9.884904923981289,-0.09970429285924831,-0.11509507601871109
9.900322618510794,9.869533729904125,-0.09967738148920625,-0.13046627009587394
9.900350699724981,9.895852662109991,-0.09964930027501895,-0.10414733789000893
9.900379950453743,9.876480729569385,-0.09962004954625606,-0.12351927043061531
9.900410370353788,9.918993600269607,-0.09958962964621307,-0.08100639973039385
9.900441959068093,9.898765016138729,-0.0995580409319072,-0.10123498386127212
9.900474716225927,9.872914812225078,-0.09952528377407324,-0.12708518777492156
9.90050864144284,9.934803570992646,-0.0994913585571592,-0.06519642900735496
9.900543734320678,9.896219781569918,-0.09945626567932175,-0.10378021843008131
9.900579994447579,9.946719427667398,-0.09942000555242159,-0.05328057233260147
9.900617421397982,9.876293877628422,-0.09938257860201866,-0.12370612237157762
9.900656014732633,9.896262034576923,-0.09934398526736704,-0.10373796542307791
9.90069577399859,9.940963306005768,-0.09930422600140991,-0.05903669399423208
9.900736698729226,9.931435418569436,-0.09926330127077408,-0.06856458143056456
9.900778788444235,9.909193797427443,-0.09922121155576472,-0.09080620257255653
9.90082204264964,9.918914499014027,-0.09917795735035953,-0.08108550098597272
9.900866460837797,9.912735598944925,-0.09913353916220308,-0.08726440105507426
9.900912042487398,9.902196163200594,-0.09908795751260074,-0.09780383679940564
9.900958787063487,9.914196402345345,-0.09904121293651268,-0.08580359765465553
9.901006694017452,9.873674852548271,-0.09899330598254748,-0.12632514745172935
9.901055762787044,9.903155197077998,-0.09894423721295577,-0.09684480292200204
9.901105992796376,9.90658311741678,-0.0988940072036236,-0.09341688258321947
9.901157383455935,9.935772684387668,-0.09884261654406565,-0.0642273156123321
9.901209934162582,9.903239690178554,-0.0987900658374184,-0.09676030982144622
9.901263644299567,9.879671769416506,-0.09873635570043296,-0.12032823058349348
9.901318513236532,9.890853482192624,-0.09868148676346787,-0.10914651780737665
9.901374540329519,9.913173889996429,-0.0986254596704817,-0.08682611000357077
9.901431724920975,9.916424581974395,-0.09856827507902553,-0.08357541802560484
9.901490066339765,9.945568561027773,-0.09850993366023514,-0.054431438972227415
9.901549563901177,9.90437047781747,-0.0984504360988232,-0.09562952218253096
9.90161021690693,9.93754141535273,-0.09838978309307127,-0.06245858464727109
9.901672024645178,9.90273743499086,-0.09832797535482146,-0.09726256500913998
9.901734986390531,9.892128842555149,-0.09826501360946832,-0.10787115744485061
9.90179910140405,9.905310791326425,-0.09820089859595,-0.09468920867357594
9.90186436893326,9.89210313932481,-0.09813563106673995,-0.10789686067519069
9.901930788212162,9.901089777824794,-0.0980692117878377,-0.09891022217520672
9.90199835846124,9.944897657909571,-0.09800164153876023,-0.05510234209042904
9.902067078887468,9.879577938314178,-0.09793292111253254,-0.12042206168582228
9.902136948684321,9.904374444769518,-0.09786305131567856,-0.09562555523048222
9.902207967031789,9.90570203419021,-0.09779203296821148,-0.09429796580979007
9.902280133096376,9.962895261917508,-0.09771986690362432,-0.03710473808249207
9.90235344603112,9.896815717243497,-0.09764655396888,-0.10318428275650293
9.902427904975598,9.885563710276582,-0.09757209502440148,-0.11443628972341796
9.902503509055938,9.917846102659716,-0.09749649094406165,-0.08215389734028425
9.902580257384827,9.903102870436527,-0.09741974261517304,-0.09689712956347381
9.902658149061523,9.884834016709968,-0.09734185093847747,-0.1151659832900318
9.902737183171865,9.915841432630554,-0.09726281682813535,-0.08415856736944573
9.902817358788285,9.890402108469003,-0.09718264121171516,-0.10959789153099664
9.902898674969817,9.913500451323833,-0.09710132503018236,-0.08649954867616667
9.902981130762111,9.903332208781412,-0.09701886923788845,-0.0966677912185871
9.90306472519744,9.866737715508208,-0.09693527480255977,-0.1332622844917915
9.903149457294713,9.92638375261676,-0.09685054270528608,-0.07361624738323966
9.903235326059491,9.904783631830997,-0.09676467394050914,-0.09521636816900347
9.90332233048399,9.886063096288623,-0.09667766951601091,-0.11393690371137746
9.903410469547097,9.859521490717588,-0.0965895304529019,-0.14047850928241246
9.903499742214391,9.911298639713475,-0.096500257785609,-0.08870136028652449
9.903590147438136,9.903988454051783,-0.09640985256186349,-0.0960115459482167
9.903681684157311,9.892929924381681,-0.0963183158426886,-0.10707007561831834
9.903774351297614,9.935780380696196,-0.09622564870238723,-0.06421961930380427
9.90386814777147,9.885220854437444,-0.09613185222852917,-0.11477914556255603
9.903963072478062,9.918004193114061,-0.09603692752193842,-0.08199580688593884
9.90405912430332,9.914999591606643,-0.09594087569668032,-0.08500040839335755
9.90415630211995,9.914303292540593,-0.09584369788004835,-0.08569670745940722
9.904254604787448,9.874482498213423,-0.09574539521255103,-0.1255175017865775
9.904354031152101,9.90290972295932,-0.0956459688478984,-0.09709027704068048
9.90445458004701,9.870291218078993,-0.09554541995298865,-0.1297087819210076
9.904556250292107,9.894148043098062,-0.09544374970789424,-0.10585195690193884
9.904659040694153,9.938613977927046,-0.09534095930584818,-0.06138602207295343
9.90476295004677,9.915451391673106,-0.09523704995322996,-0.08454860832689519
9.904867977130449,9.893772769332958,-0.09513202286955146,-0.10622723066704184
9.904974120712557,9.883092869185916,-0.09502587928744254,-0.11690713081408521
9.905081379547363,9.905193697572171,-0.0949186204526366,-0.09480630242782838
9.905189752376044,9.865313938924821,-0.09481024762395612,-0.1346860610751788
9.905299237926702,9.885904033345808,-0.09470076207329761,-0.11409596665419229
9.905409834914384,9.877026137655704,-0.09459016508561692,-0.12297386234429485
9.905521542041086,9.901015079547928,-0.09447845795891396,-0.0989849204520711
9.905634357995782,9.925241991456344,-0.09436564200421772,-0.07475800854365551
9.905748281454429,9.919143624161888,-0.09425171854557057,-0.08085637583811237
9.905863311079987,9.920368310308914,-0.094136688920013,-0.07963168969108479
9.905979445522432,9.90301180435819,-0.09402055447756774,-0.09698819564181031
9.906096683418776,9.912443204295569,-0.09390331658122408,-0.08755679570443219
9.906215023393079,9.905324885553968,-0.0937849766069217,-0.09467511444603106
9.906334464056465,9.934802330295224,-0.09366553594353456,-0.06519766970477724
9.906455004007146,9.89955792028914,-0.09354499599285482,-0.10044207971085897
9.906576641830425,9.92980448036567,-0.09342335816957598,-0.0701955196343296
9.906699376098723,9.915191187434978,-0.09330062390127675,-0.08480881256502143
9.906823205371596,9.908924524883412,-0.09317679462840381,-0.09107547511658706
9.906948128195745,9.928775820892668,-0.09305187180425536,-0.07122417910733227
9.907074143105037,9.884590497170626,-0.09292585689496369,-0.11540950282937494
9.907201248620522,9.883245470797553,-0.09279875137947828,-0.11675452920244767
9.907329443250452,9.89007984531433,-0.09267055674954815,-0.10992015468566962
9.907458725490295,9.921815391513134,-0.09254127450970462,-0.07818460848686588
9.907589093822757,9.861437327748545,-0.09241090617724346,-0.13856267225145455
9.907720546717792,9.860453282124945,-0.09227945328220712,-0.13954671787505496
9.907853082632633,9.900846893294615,-0.09214691736736697,-0.09915310670538577
9.907986700011795,9.875502162109354,-0.09201329998820482,-0.12449783789064593
9.908121397287104,9.959646117710234,-0.09187860271289505,-0.04035388228976595
9.908257172877715,9.899677992243179,-0.09174282712228593,-0.10032200775682071
9.90839402519012,9.882402140689983,-0.0916059748098812,-0.11759785931001628
9.908531952618178,9.9787441687883,-0.09146804738182131,-0.02125583121170066
9.908670953543135,9.915369168054378,-0.09132904645686468,-0.08463083194562311
9.908811026333632,9.901903348128762,-0.09118897366636845,-0.0980966518712372
9.90895216934573,9.913633770664037,-0.0910478306542697,-0.08636622933596295
9.909094380922934,9.883605571527575,-0.09090561907706585,-0.11639442847242587
9.909237659396204,9.881449357550512,-0.09076234060379523,-0.11855064244948837
9.909382003083982,9.887098401494086,-0.09061799691601785,-0.11290159850591482
9.909527410292204,9.918709001768068,-0.0904725897077951,-0.08129099823193275
9.90967387931433,9.909823715514174,-0.09032612068567045,-0.09017628448582604
9.909821408431352,9.926272851426477,-0.09017859156864888,-0.07372714857352296
9.909969995911823,9.960154453804709,-0.09003000408817723,-0.03984554619529186
9.910119640011876,9.907780883872206,-0.08988035998812335,-0.09221911612779447
9.910270338975243,9.920526491789978,-0.08972966102475616,-0.0794735082100221
9.910422091033276,9.8804570290077,-0.08957790896672456,-0.11954297099230134
9.910574894404963,9.859855526310023,-0.08942510559503697,-0.14014447368997782
9.91072874729696,9.900509285255538,-0.08927125270304043,-0.09949071474446294
9.910883647903601,9.89049555732966,-0.08911635209639931,-0.10950444267034076
9.911039594406926,9.901152492039179,-0.08896040559307446,-0.09884750796082037
9.911196584976699,9.8673015437585,-0.08880341502330151,-0.132698456241499
9.91135461777043,9.924057419633877,-0.08864538222956973,-0.0759425803661235
9.9115136909334,9.92198355636261,-0.08848630906660011,-0.07801644363739046
9.911673802598676,9.876109985169165,-0.08832619740132389,-0.12389001483083414
9.91183495088714,9.892359733378377,-0.0881650491128603,-0.10764026662162297
9.911997133907505,9.87109044351464,-0.08800286609249489,-0.12890955648535912
9.912160349756343,9.898641247081075,-0.08783965024365697,-0.10135875291892403
9.912324596518102,9.919782885897156,-0.08767540348189752,-0.0802171141028444
9.912489872265134,9.909994123437864,-0.08751012773486669,-0.09000587656213677
9.912656175057709,9.920996460530542,-0.08734382494229094,-0.07900353946945735
9.912823502944049,9.908305179938468,-0.08717649705595067,-0.0916948200615321
9.912991853960342,9.889309833877682,-0.08700814603965687,-0.1106901661223172
9.913161226130772,9.901082074812914,-0.08683877386922852,-0.098917925187086
9.91333161746753,9.906794089155976,-0.08666838253246895,-0.09320591084402287
9.913503025970858,9.922857513405816,-0.08649697402914293,-0.07714248659418413
9.913675449629046,9.92864220428386,-0.08632455037095288,-0.07135779571614154
9.913848886418485,9.919140899376847,-0.08615111358151546,-0.08085910062315207
9.914023334303662,9.926873013360177,-0.08597666569633772,-0.07312698663982209
9.914198791237206,9.893184961763037,-0.08580120876279318,-0.10681503823696337
9.914375255159902,9.906230754487163,-0.08562474484009802,-0.09376924551283587
9.914552724000714,9.921329222940196,-0.08544727599928653,-0.07867077705980435
9.914731195676813,9.884945334068526,-0.08526880432318724,-0.11505466593147437
9.914910668093603,9.912892623609665,-0.0850893319063981,-0.08710737639033549
9.915091139144737,9.914317277950426,-0.0849088608552622,-0.0856827220495746
9.915272606712158,9.911853869782888,-0.08472739328784272,-0.08814613021711126
9.915455068666102,9.937978224500243,-0.08454493133389848,-0.062021775499757195
9.915638522865141,9.953344999365132,-0.08436147713485852,-0.04665500063486765
9.915822967156203,9.935528847990446,-0.08417703284379735,-0.0644711520095537
9.91600839937459,9.901852483722884,-0.08399160062540936,-0.0981475162771161
9.916194817344017,9.92439768760969,-0.08380518265598358,-0.07560231239030915
9.916382218876622,9.908974522541286,-0.08361778112337825,-0.09102547745871409
9.916570601773005,9.917013734316741,-0.08342939822699479,-0.08298626568325812
9.916759963822248,9.908566712564914,-0.0832400361777524,-0.09143328743508525
9.916950302801938,9.911469732724889,-0.08304969719806177,-0.08853026727511062
9.917141616478201,9.916935815987824,-0.0828583835217993,-0.08306418401217713
9.91733390260572,9.938936784967336,-0.08266609739428052,-0.06106321503266429
9.917527158927767,9.970279199857766,-0.08247284107223417,-0.02972080014223405
9.917721383176225,9.92202120999965,-0.08227861682377532,-0.07797879000034919
9.91791657307162,9.909556691820015,-0.08208342692837894,-0.09044330817998435
9.918112726323146,9.944093837870776,-0.08188727367685326,-0.055906162129224835
9.918309840628687,9.923207417587422,-0.08169015937131256,-0.07679258241257858
9.91850791367485,9.882506480464903,-0.08149208632515052,-0.11749351953509796
9.918706943136987,9.924161127594914,-0.08129305686301273,-0.07583887240508684
9.918906926679231,9.938023700628158,-0.08109307332076975,-0.06197629937184216
9.91910786195451,9.898833438523914,-0.0808921380454893,-0.10116656147608546
9.919309746604592,9.921414460601405,-0.08069025339540915,-0.07858553939859568
9.919512578260091,9.899259895397632,-0.08048742173990904,-0.10074010460236783
9.919716354540517,9.95852919907001,-0.0802836454594832,-0.04147080092999003
9.919921073054288,9.922918120822652,-0.08007892694571217,-0.07708187917734732
9.920126731398765,9.919711008646578,-0.0798732686012348,-0.08028899135342131
9.92033332716028,9.908565161655607,-0.07966667283972023,-0.09143483834439331
9.92054085791416,9.945099833379713,-0.07945914208583921,-0.05490016662028692
9.920749321224765,9.931240737701508,-0.07925067877523606,-0.06875926229849286
9.9209587146455,9.928025823972494,-0.07904128535449968,-0.07197417602750658
9.921169035718865,9.937208368275748,-0.07883096428113519,-0.06279163172425158
9.921380281976464,9.89982874996057,-0.07861971802353473,-0.10017125003943014
9.921592450939052,9.940299945416127,-0.07840754906094895,-0.05970005458387349
9.921805540116543,9.940858654163343,-0.07819445988345734,-0.05914134583665697
9.92201954700806,9.905927134895393,-0.07798045299193959,-0.09407286510460684
9.922234469101955,9.901299831659554,-0.07776553089804579,-0.09870016834044641
9.922450303875832,9.903888646626598,-0.07754969612416712,-0.0961113533734026
9.922667048796594,9.897848853934454,-0.0773329512034064,-0.10215114606554676
9.922884701320452,9.917756535058107,-0.07711529867954803,-0.08224346494189216
9.923103258892972,9.949167848802736,-0.07689674110702849,-0.05083215119726443
9.923322718949095,9.913099109205548,-0.07667728105090599,-0.08690089079445219
9.92354307891317,9.925206792802694,-0.07645692108683078,-0.07479320719730573
9.923764336198985,9.930800011026012,-0.07623566380101451,-0.06919998897398899
9.923986488209799,9.910130493864932,-0.07601351179020024,-0.08986950613506901
9.924209532338368,9.924710883039841,-0.07579046766163162,-0.07528911696015894
9.924433465966978,9.953441218665075,-0.07556653403302266,-0.04655878133492518
9.924658286467473,9.950611203316166,-0.07534171353252667,-0.049388796683833946
9.924883991201295,9.908571187846722,-0.07511600879870553,-0.09142881215327772
9.9251105775195,9.919359906842185,-0.07488942248049894,-0.08064009315781481
9.925338042762807,9.92095909864878,-0.07466195723719292,-0.07904090135121994
9.92556638426161,9.940633262517222,-0.07443361573838905,-0.05936673748277699
9.925795599336027,9.923540373004199,-0.07420440066397266,-0.07645962699580026
9.926025685295919,9.954579173977493,-0.07397431470408188,-0.04542082602250749
9.926256639440924,9.927528194006964,-0.07374336055907559,-0.07247180599303628
9.926488459060497,9.922308610885626,-0.07351154093950217,-0.07769138911437416
9.926721141433934,9.938609700310002,-0.07327885856606728,-0.06139029968999784
9.926954683830397,9.925614420202475,-0.07304531616960229,-0.0743855797975257
9.927189083508969,9.88982493976461,-0.07281091649103193,-0.1101750602353895
9.927424337718659,9.95227981007383,-0.07257566228134227,-0.047720189926170734
9.927660443698452,9.944823029511896,-0.07233955630154855,-0.055176970488103806
9.927897398677338,9.938415280859717,-0.07210260132266244,-0.06158471914028261
9.92813519987434,9.923783997180097,-0.07186480012565996,-0.0762160028199036
9.928373844498552,9.910819213695543,-0.07162615550144834,-0.08918078630445772
9.928613329749167,9.915688446160187,-0.07138667025083377,-0.08431155383981224
9.928853652815512,9.924204541725045,-0.07114634718448809,-0.07579545827495507
9.929094810877084,9.944371853372612,-0.0709051891229162,-0.05562814662738881
9.929336801103577,9.964839194077623,-0.07066319889642257,-0.03516080592237771
9.929579620654922,9.933363133249518,-0.07042037934507828,-0.06663686675048197
9.929823266681312,9.905285335746536,-0.0701767333186877,-0.09471466425346489
9.930067736323245,9.92837776679879,-0.0699322636767548,-0.0716222332012115
9.93031302671155,9.92088810664264,-0.06968697328844999,-0.07911189335736155
9.930559134967424,9.931317556693733,-0.06944086503257589,-0.0686824433062676
9.930806058202466,9.957639866736383,-0.0691939417975342,-0.04236013326361761
9.931053793518709,9.940676845938457,-0.06894620648129118,-0.05932315406154365
9.931302338008656,9.930666093723046,-0.06869766199134418,-0.06933390627695481
9.931551688755313,9.924598124026982,-0.06844831124468696,-0.07540187597301876
9.931801842832224,9.930372667504889,-0.0681981571677761,-0.06962733249511038
9.932052797303504,9.933770904226153,-0.06794720269649601,-0.06622909577384725
9.932304549223876,9.916921359811267,-0.06769545077612488,-0.08307864018873226
9.9325570956387,9.895142969439595,-0.06744290436130011,-0.1048570305604048
9.932810433584017,9.940977038182055,-0.06718956641598334,-0.05902296181794517
9.933064560086574,9.93248582796923,-0.06693543991342606,-0.06751417203076907
9.933319472163866,9.902498494215212,-0.06668052783613426,-0.09750150578478761
9.933575166824166,9.944451085058256,-0.06642483317583396,-0.05554891494174445
9.933831641066565,9.884128305385975,-0.06616835893343553,-0.11587169461402459
9.934088891881,9.908847010151936,-0.06591110811899903,-0.09115298984806454
9.934346916248302,9.971189741914637,-0.06565308375169832,-0.02881025808536245
9.934605711140215,9.943612337264224,-0.0653942888597862,-0.05638766273577663
9.934865273519442,9.896099341934619,-0.06513472648055836,-0.10390065806538029
9.935125600339681,9.95399713501038,-0.06487439966031798,-0.04600286498961994
9.935386688545659,9.96470356200536,-0.06461331145434013,-0.035296437994640634
9.935648535073165,9.939274878163632,-0.06435146492683551,-0.060725121836368384
9.935911136849086,9.91648382762187,-0.0640888631509149,-0.08351617237813005
9.936174490791448,9.973442600283683,-0.06382550920855272,-0.026557399716317424
9.936438593809449,9.915721916578994,-0.06356140619055127,-0.08427808342100594
9.936703442803497,9.930844609530288,-0.063296557196504,-0.06915539046971213
9.93696903466524,9.919079605114696,-0.06303096533475955,-0.08092039488530353
9.937235366277616,9.937064168314734,-0.0627646337223849,-0.06293583168526634
9.93750243451487,9.903256661810396,-0.062497565485129206,-0.09674333818960464
9.937770236242613,9.954526703733311,-0.06222976375738666,-0.045473296266688557
9.93803876831784,9.920613675125919,-0.061961231682159945,-0.07938632487408094
9.938308027588976,9.927610915555016,-0.061691972411023525,-0.07238908444498435
9.938578010895913,9.948123877687099,-0.061421989104086167,-0.051876122312901056
9.938848715070046,9.948205695915107,-0.06115128492995442,-0.05179430408489376
9.939120136934305,9.917860145583518,-0.0608798630656949,-0.08213985441648305
9.939392273303202,9.941087949383736,-0.06060772669679751,-0.058912050616264165
9.939665120982863,9.967667826175335,-0.06033487901713752,-0.03233217382466529
9.939938676771062,9.95865892080602,-0.060061323228938646,-0.04134107919397946
9.940212937457265,9.931116303209137,-0.05978706254273496,-0.06888369679086309
9.940487899822667,9.929201515388018,-0.05951210017733344,-0.07079848461198184
9.940763560640224,9.94079696725177,-0.059236439359776405,-0.05920303274822896
9.941039916674697,9.912292726524145,-0.05896008332530313,-0.08770727347585458
9.941316964682688,9.973695378927262,-0.05868303531731244,-0.026304621072737143
9.941594701412676,9.958614454852833,-0.05840529858732411,-0.04138554514716665
9.941873123605058,9.936390913268399,-0.05812687639494122,-0.0636090867316011
9.942152227992189,9.953797640258482,-0.05784777200781141,-0.04620235974151772
9.942432011298411,9.942773533670566,-0.057567988701588996,-0.0572264663294331
9.942712470240103,9.92985533617252,-0.05728752975989604,-0.0701446638274791
9.942993601525716,9.938515682658304,-0.057006398474284375,-0.06148431734169561
9.943275401855804,9.950949945517552,-0.056724598144196385,-0.04905005448244816
9.943557867923074,9.938393600558097,-0.05644213207692664,-0.061606399441903485
9.943840996412417,9.940938916778519,-0.05615900358758317,-0.05906108322148045
9.944124784000952,9.925351710870054,-0.05587521599904813,-0.07464828912994695
9.944409227358062,9.962315143587686,-0.055590772641939325,-0.03768485641231321
9.944694323145429,9.948900352294933,-0.05530567685457061,-0.05109964770506676
9.944980068017086,9.92733496501022,-0.05501993198291321,-0.07266503498978144
9.945266458619445,9.969298416406081,-0.05473354138055595,-0.03070158359391785
9.945553491591333,9.929992559207891,-0.05444650840866641,-0.07000744079210951
9.94584116356405,9.941068129864073,-0.05415883643595091,-0.0589318701359263
9.946129471161385,9.951123661460198,-0.05387052883861563,-0.04887633853980205
9.946418410999673,9.932909327782962,-0.05358158900032635,-0.06709067221703702
9.946707979687831,9.945814188307839,-0.053292020312169064,-0.0541858116921606
9.94699817382739,9.910410673491702,-0.05300182617261034,-0.0895893265082987
9.947288990012543,9.979647892789487,-0.05271100998745694,-0.020352107210513573
9.947580424830184,9.955274299013626,-0.05241957516981645,-0.04472570098637496
9.947872474859944,9.93211048041218,-0.05212752514005661,-0.06788951958782029
9.948165136674234,9.975392409127021,-0.051834863325765784,-0.024607590872977952
9.948458406838288,9.986486103504395,-0.05154159316171211,-0.013513896495604083
9.948752281910195,9.975646450587105,-0.05124771808980382,-0.024353549412895262
9.949046758440952,9.968936940273561,-0.05095324155904823,-0.031063059726438042
9.949341832974488,9.972377521553861,-0.05065816702551185,-0.02762247844613795
9.94963750204772,9.956198169980372,-0.050362497952279296,-0.04380183001962752
9.949933762190588,9.921189163676697,-0.05006623780941293,-0.0788108363233023
9.950230609926088,9.965234308713418,-0.04976939007391226,-0.03476569128658202
9.950528041770328,9.948035985419166,-0.04947195822967268,-0.05196401458083492
9.950826054232556,9.92050784649899,-0.04917394576744519,-0.07949215350100915
9.951124643815206,9.932822116958256,-0.04887535618479474,-0.06717788304174399
9.95142380701394,9.961251199040678,-0.04857619298605989,-0.0387488009593215
9.951723540317689,9.934403384762753,-0.04827645968231102,-0.06559661523724708
9.95202384020869,9.941246664966924,-0.047976159791309744,-0.058753335033076615
9.952324703162533,9.943976494869796,-0.04767529683746699,-0.05602350513020417
9.952626125648198,9.920071569106819,-0.04737387435180229,-0.07992843089318123
9.952928104128098,9.98976952186854,-0.04707189587190178,-0.010230478131459296
9.953230635058123,9.949395692377328,-0.04676936494187691,-0.05060430762267202
9.953533714887676,9.933559110251355,-0.04646628511232308,-0.06644088974864491
9.953837340059723,9.982956164845382,-0.046162659940277434,-0.01704383515461857
9.954141507010823,9.94994246173722,-0.04585849298917774,-0.050057538262781524
9.95444621217118,9.908365768466428,-0.04555378782881994,-0.09163423153357211
9.954751451964682,9.945837352545537,-0.04524854803531686,-0.0541626474544637
9.955057222808945,9.94802223318666,-0.04494277719105565,-0.05197776681334064
9.955363521115343,9.949835226082188,-0.04463647888465633,-0.050164773917811295
9.955670343289071,9.924649504461692,-0.04432965671092916,-0.07535049553830679
9.955977685729167,9.971060139490806,-0.04402231427083265,-0.02893986050919483
9.95628554482857,9.986422994804116,-0.04371445517143155,-0.013577005195883694
9.956593916974146,9.978916482405555,-0.04340608302585399,-0.021083517594444913
9.95690279854675,9.950419180128977,-0.04309720145324965,-0.04958081987102321
9.957212185921254,9.962957609049534,-0.042787814078746704,-0.03704239095046676
9.95752207546659,9.976351802179936,-0.042477924533409886,-0.023648197820063353
9.957832463545802,9.98499831106459,-0.04216753645419724,-0.015001688935410727
9.958143346516081,9.894865866134571,-0.041856653483918066,-0.10513413386542869
9.95845472072881,9.975833058055004,-0.04154527927118956,-0.02416694194499552
9.958766582529606,9.933100254167913,-0.041233417470394586,-0.06689974583208744
9.959078928258362,9.973354741771258,-0.04092107174163826,-0.026645258228740986
9.959391754249294,9.967525405630012,-0.04060824575070523,-0.032474594369987994
9.959705056830984,9.959447562133029,-0.04029494316901686,-0.04055243786697156
9.960018832326412,9.970537183428403,-0.03998116767358765,-0.0294628165715958
9.960333077053017,9.958832135287945,-0.03966692294698265,-0.0411678647120537
9.960647787322726,9.946361364501316,-0.03935221267727364,-0.05363863549868381
9.960962959442003,9.981126405565398,-0.03903704055799648,-0.01887359443460234
9.961278589711894,9.96814726810267,-0.03872141028810709,-0.03185273189732958
9.961594674428062,9.982432968239857,-0.03840532557193876,-0.017567031760142213
9.961911209880842,9.97400362303144,-0.03808879011915792,-0.025996376968560622
9.962228192355278,9.911285442635291,-0.037771807644721336,-0.08871455736470807
9.962545618131168,9.972212574452824,-0.037454381868831925,-0.027787425547176156
9.962863483483105,9.96394118545927,-0.03713651651689529,-0.03605881454073042
9.963181784680524,9.981958675461762,-0.036818215319476315,-0.018041324538238326
9.963500517987745,9.986977856079063,-0.03649948201225473,-0.013022143920937632
9.963819679664018,9.966648583077891,-0.03618032033598201,-0.03335141692210976
9.964139265963563,9.97030576009393,-0.03586073403643674,-0.029694239906068478
9.964459273135619,9.94451468648144,-0.03554072686438135,-0.05548531351856027
9.964779697424483,9.969195617448777,-0.03522030257551744,-0.030804382551221914
9.965100535069558,9.948935582532915,-0.03489946493044233,-0.051064417467085295
9.965421782305397,9.992861850081761,-0.034578217694604306,-0.007138149918239717
9.965743435361741,9.965502252044741,-0.03425656463825905,-0.034497747955259346
9.966065490463576,9.956314246544581,-0.03393450953642484,-0.04368575345541904
9.966387943831162,9.967416214006818,-0.033612056168838465,-0.03258378599318175
9.96671079168009,9.964007620135789,-0.033289208319911154,-0.03599237986421136
9.967034030221317,9.948024177934942,-0.03296596977868354,-0.05197582206505857
9.967357655661218,9.950574171045973,-0.03264234433878189,-0.04942582895402647
9.967681664201628,9.98324994358308,-0.03231833579837287,-0.016750056416919686
9.96800605203988,10.01049096546724,-0.0319939479601197,0.01049096546723921
9.968330815368864,9.95168364182705,-0.0316691846311368,-0.048316358172949964
9.968655950377054,9.961074647970552,-0.03134404962294579,-0.038925352029448516
9.96898145324857,9.931786117163734,-0.031018546751430204,-0.06821388283626699
9.969307320163209,9.983823506881281,-0.03069267983679091,-0.0161764931187197
9.969633547296498,9.975296234468171,-0.030366452703501565,-0.024703765531829347
9.969960130819738,9.986017404196271,-0.030039869180263103,-0.013982595803727835
9.97028706690004,9.973602271817848,-0.029712933099959527,-0.026397728182152455
9.970614351700387,9.984429367647742,-0.0293856482996122,-0.015570632352257101
9.970941981379665,9.995561738228515,-0.02905801862033551,-0.004438261771484726
9.971269952092708,10.008690134501474,-0.028730047907291112,0.008690134501474177
9.971598259990357,9.986715727285736,-0.02840174000964348,-0.013284272714264151
9.971926901219486,9.97665678717093,-0.028073098780514047,-0.02334321282907093
9.972255871923064,9.997412313081451,-0.027744128076936655,-0.002587686918548257
9.972585168240188,9.951426010688474,-0.027414831759811728,-0.04857398931152544
9.97291478630614,9.92555453564458,-0.027085213693861174,-0.0744454643554209
9.973244722252417,9.989169804562028,-0.02675527774758329,-0.010830195437971306
9.973574972206793,9.998725970307438,-0.026425027793206792,-0.001274029692562243
9.973905532293355,9.993235994786165,-0.02609446770664602,-0.006764005213834606
9.974236398632545,9.99091047348325,-0.025763601367454786,-0.009089526516750018
9.974567567341218,9.960043387341244,-0.025432432658781513,-0.03995661265875661
9.974899034532678,9.98225310218522,-0.02510096546732298,-0.017746897814779772
9.97523079631672,9.986143244963719,-0.02476920368327939,-0.013856755036281245
9.975562848799692,9.95393031691959,-0.024437151200308052,-0.046069683080409075
9.975895188084522,9.961380788756895,-0.02410481191547833,-0.038619211243104995
9.976227810270775,9.965618341333625,-0.02377218972922533,-0.034381658666373965
9.976560711454695,10.004617036341633,-0.02343928854530437,0.004617036341633653
9.976893887729254,9.937761509634461,-0.023106112270745438,-0.062238490365539675
9.977227335184192,9.995977071524957,-0.022772664815806722,-0.00402292847504368
9.97756104990607,9.986486455795674,-0.022438950093929405,-0.013513544204326006
9.97789502797831,10.01765095118928,-0.022104972021691056,0.017650951189280475
9.97822926548124,9.955833504105257,-0.021770734518760354,-0.04416649589474343
9.97856375849215,9.99914914838597,-0.021436241507850375,-0.000850851614030864
9.978898503085327,9.992457625113742,-0.021101496914673275,-0.007542374886258321
9.979233495332107,9.996707455987247,-0.020766504667893503,-0.003292544012753841
9.979568731300917,9.961722238340219,-0.0204312686990824,-0.038277761659782195
9.979904207057329,9.981241221584915,-0.020095792942671428,-0.018758778415085067
9.980239918664093,10.012345713784363,-0.019760081335906288,0.012345713784362326
9.9805758621812,9.969078061608911,-0.019424137818800945,-0.030921938391088054
9.98091203366591,10.02283564587878,-0.019087966334090777,0.022835645878781227
9.981248429172814,9.962588792986201,-0.018751570827187022,-0.03741120701379845
9.98158504475387,9.973767997612528,-0.018414955246129763,-0.026232002387472406
9.981921876458458,9.963923211758765,-0.018078123541542267,-0.036076788241235905
9.982258920333416,9.98459822409213,-0.017741079666583975,-0.015401775907869314
9.982596172423095,9.965741362983492,-0.017403827576904753,-0.034258637016508275
9.982933628769402,9.978536599346334,-0.017066371230597788,-0.021463400653665615
9.983271285411845,9.987600374974527,-0.016728714588153847,-0.012399625025473666
9.983609138387585,9.954699268337931,-0.016390861612414168,-0.04530073166206932
9.983947183731475,9.976658009768318,-0.016052816268524207,-0.023341990231681282
9.984285417476112,9.960145407409277,-0.01571458252388738,-0.039854592590722646
9.984623835651883,9.990311109725768,-0.015376164348117886,-0.009688890274231768
9.984962434287006,9.998074030500133,-0.015037565712994805,-0.0019259694998677648
9.985301209407584,9.97693913414812,-0.014698790592414801,-0.023060865851880843
9.985640157037654,10.036636430699263,-0.014359842962346173,0.036636430699263006
9.985979273199218,9.964178448732763,-0.014020726800781489,-0.035821551267237205
9.986318553912309,9.985723877719105,-0.01368144608769161,-0.01427612228089451
9.986657995195023,9.988773668102677,-0.013342004804978361,-0.011226331897323326
9.986997593063572,10.02193894696931,-0.013002406936428054,0.02193894696931132
9.987337343532335,9.986918067434733,-0.012662656467665016,-0.013081932565266895
9.987677242613897,9.996967222177116,-0.01232275738610417,-0.0030327778228839246
9.988017286319096,9.947242024448624,-0.011982713680904967,-0.052757975551376235
9.988357470657077,9.99583144419184,-0.01164252934292385,-0.004168555808160357
9.988697791635332,9.957946060513713,-0.011302208364668123,-0.04205393948628659
9.989038245259751,10.015018711604291,-0.01096175474024839,0.015018711604292237
9.989378827534667,9.97050681592873,-0.010621172465332382,-0.02949318407126996
9.989719534462903,9.99605859739882,-0.010280465537097362,-0.003941402601180627
9.990060362045815,9.997427736460978,-0.00993963795418391,-0.0025722635390222643
9.990401306283351,9.989793712752652,-0.009598693716648387,-0.010206287247348405
9.990742363174084,9.997856399055763,-0.009257636825916243,-0.0021436009442369394
9.991083528715265,10.016264502767198,-0.008916471284735331,0.016264502767198263
9.991424798902871,10.04429371522329,-0.008575201097128301,0.0442937152232907
9.991766169731653,10.024376864602447,-0.00823383026834632,0.02437686460244605
9.99210763719518,10.00000324770236,-0.007892362804821355,3.247702359593721e-06
9.99244919728588,9.99594018689789,-0.007550802714119867,-0.004059813102109264
9.992790845995104,9.998688684638932,-0.007209154004895059,-0.0013113153610683284
9.99313257931316,9.960283585269844,-0.006867420686840544,-0.03971641473015644
9.993474393229357,10.007807824376874,-0.006525606770642574,0.007807824376873567
9.993816283732066,9.981659309547041,-0.006183716267933683,-0.01834069045295985
9.994158246808755,10.006994274097279,-0.005841753191244978,0.006994274097279103
9.99450027844604,9.999303668831148,-0.005499721553959319,-0.0006963311688515088
9.994842374629735,9.998662239451594,-0.00515762537026448,-0.0013377605484059295
9.995184531344895,10.00523328327439,-0.004815468655105416,0.005233283274389093
9.995526744575862,9.981794711582012,-0.004473255424137851,-0.018205288417988436
9.99586901030632,10.007256781205596,-0.004130989693680444,0.007256781205595989
9.996211324519331,10.033316208277288,-0.003788675480668356,0.03331620827728769
9.996553683197394,10.000782525915351,-0.003446316802605401,0.0007825259153508143
9.996896082322483,10.005394323835983,-0.003103917677517603,0.005394323835982442
9.997238517876095,9.988249952321809,-0.002761482123905329,-0.011750047678191499
9.997580985839303,9.990836672749024,-0.002419014160696838,-0.009163327250976488
9.9979234821928,9.99019938561405,-0.002076517807200491,-0.009800614385950946
9.998266002916942,10.014450659979282,-0.0017339970830578461,0.014450659979281365
9.998608543991804,10.03561574993646,-0.0013914560081967498,0.035615749936459884
9.998951101397216,9.969356989228633,-0.0010488986027835355,-0.030643010771366636
9.999293671112824,9.979282177345686,-0.0007063288871765512,-0.02071782265431313
9.999636249118122,9.960028486896121,-0.00036375088187826684,-0.03997151310387816
9.99997883139251,9.999490097028954,-2.1168607488797664e-05,-0.000509902971046534
10.000321413915342,9.983963775738326,0.0003214139153419931,-0.016036224261674642
10.000663992665961,9.992320127806183,0.0006639926659609711,-0.007679872193817567
10.00100656362376,9.961377685863624,0.0010065636237595401,-0.03862231413637493
10.00134912276822,10.016542040632656,0.0013491227682205632,0.016542040632655148
10.001691666078965,10.013379838947568,0.0016916660789652817,0.013379838947568177
10.0020341895358,10.009071373042689,0.002034189535801121,0.009071373042688392
10.002376689118767,9.99269720955533,0.0023766891187681637,-0.007302790444670266
10.002719160808187,10.016094619154753,0.0027191608081870385,0.0160946191547523
10.003061600584706,9.961993847757887,0.0030616005847053855,-0.03800615224211302
10.003404004429346,10.008856884503762,0.003404004429345739,0.008856884503761677
10.003746368323553,10.00779122996732,0.003746368323551988,0.007791229967321223
10.004088688249237,9.98121372526464,0.004088688249237245,-0.018786274735360563
10.00443096018883,10.011498715781052,0.004430960188830295,0.011498715781051242
10.004773180125323,9.990487407009782,0.004773180125323371,-0.009512592990217377
10.005115344042318,9.991250494443946,0.005115344042319028,-0.008749505556054261
10.005457447924076,9.990798344045398,0.005457447924077017,-0.00920165595460198
10.005799487755562,10.048086686878385,0.005799487755562036,0.0480866868783849
10.00614145952249,10.023102460002486,0.006141459522490145,0.02310246000248522
10.006483359211376,10.012501202364142,0.006483359211376579,0.01250120236414097
10.006825182809582,9.995831154895429,0.006825182809582154,-0.004168845104571233
10.007166926305361,10.02098327003684,0.007166926305361057,0.02098327003683984
10.007508585687907,10.001630546322115,0.007508585687907236,0.0016305463221146519
10.007850156947402,10.00829170804201,0.007850156947402166,0.00829170804201019
10.008191636075061,9.996113690782417,0.008191636075061208,-0.003886309217582075
10.008533019063181,10.001293760698655,0.008533019063181274,0.0012937606986555732
10.008874301905188,10.006590476664625,0.008874301905187605,0.006590476664625569
10.00921548059568,10.033569525007662,0.009215480595680512,0.03356952500766291
10.009556551130483,10.023344883856018,0.009556551130483025,0.023344883856018243
10.009897509506688,9.99586521616005,0.009897509506687161,-0.004134783839949493
10.010238351722702,10.04928718504387,0.01023835172270162,0.049287185043870495
10.010579073778299,10.005540569266893,0.010579073778298038,0.005540569266893661
10.010919671674658,10.01938775084281,0.01091967167465865,0.019387750842809907
10.011260141414423,10.017106085563245,0.011260141414422503,0.017106085563245256
10.011600479001734,10.000065955894955,0.011600479001733081,6.595589495557268e-05
10.011940680442285,10.009878985994646,0.0119406804422845,0.009878985994645897
10.01228074174337,10.015848916580756,0.012280741743368998,0.0158489165807559
10.012620658913924,10.011615027091622,0.012620658913923536,0.011615027091622059
10.012960427964577,9.989805088120297,0.012960427964576367,-0.010194911879703086
10.013300044907695,10.023818340351855,0.013300044907694479,0.023818340351855774
10.01363950575743,10.016572814448415,0.013639505757429683,0.01657281444841432
10.013978806529765,10.024581593688403,0.01397880652976611,0.0245815936884027
10.014317943242567,10.002046935520934,0.014317943242566248,0.0020469355209343596
10.014656911915619,10.02885200133331,0.014656911915618399,0.028852001333308407
10.014995708570682,9.996953394871968,0.014995708570682668,-0.0030466051280327866
10.015334329231539,10.024098765125833,0.015334329231538374,0.024098765125833803
10.01567276992403,10.043072720500634,0.01567276992403001,0.0430727205006341
10.016011026676114,10.02735511388447,0.01601102667611448,0.027355113884470445
10.016349095517908,10.028529502902135,0.016349095517907492,0.028529502902134674
10.01668697248173,10.038651436685013,0.01668697248172984,0.0386514366850135
10.017024653602155,10.02700252930892,0.01702465360215463,0.027002529308919544
10.017362134916054,10.010812204149223,0.017362134916053075,0.010812204149222505
10.017699412462642,10.009774403787754,0.01769941246264174,0.009774403787753426
10.018036482283529,10.017603986937587,0.018036482283528305,0.01760398693758721
10.018373340422759,10.01851851019652,0.018373340422758747,0.018518510196520777
10.018709982926863,10.031410074588665,0.018709982926863048,0.031410074588664634
10.019046405844902,10.014601398784533,0.019046405844902203,0.01460139878453276
10.019382605228515,10.001134134969023,0.019382605228514344,0.001134134969022725
10.019718577131961,10.051755781988561,0.019718577131960815,0.05175578198856186
10.020054317612173,10.00622253621093,0.020054317612173068,0.006222536210928975
10.020389822728799,10.020536110025827,0.02038982272879828,0.020536110025826303
10.020725088544246,10.017354250890094,0.020725088544246262,0.017354250890093174
10.021060111123735,10.029345216877797,0.021060111123734987,0.029345216877796274
10.021394886535337,10.025410964967216,0.021394886535337485,0.025410964967217148
10.021729410850027,10.072046394230803,0.02172941085002725,0.07204639423080347
10.022063680141725,10.048748134377345,0.022063680141725096,0.04874813437734452
10.022397690487345,10.036486895816799,0.02239769048734451,0.03648689581679786
10.022731437966838,10.05174218453214,0.022731437966838297,0.05174218453214023
10.023064918663245,10.021011797322217,0.02306491866324436,0.021011797322216468
10.02339812866273,9.997869912745873,0.023398128662731374,-0.0021300872541267536
10.023731064054646,10.037002296310584,0.02373106405464535,0.03700229631058359
10.024063720931554,10.0583105793471,0.02406372093155483,0.058310579347101106
10.024396095389298,10.008901385797778,0.024396095389297434,0.008901385797776978
10.024728183527024,10.030915070352988,0.024728183527024994,0.03091507035298843
10.02505998144725,10.014163184494741,0.02505998144725004,0.014163184494741568
10.025391485255891,10.015269650775776,0.025391485255890817,0.015269650775777101
10.025722691062319,10.029864223956734,0.025722691062317723,0.029864223956734375
10.026053594979398,10.059909924633994,0.02605359497939822,0.05990992463399316
10.026384193123544,9.987585747336848,0.026384193123543138,-0.012414252663151572
10.026714481614752,10.018561918320511,0.026714481614751918,0.018561918320510372
10.027044456576657,10.001395106983589,0.027044456576657938,0.0013951069835893767
10.027374114136574,10.010785051943362,0.02737411413657459,0.010785051943362534
10.02770345042554,10.048691615057397,0.027703450425540052,0.04869161505739694
10.028032461578363,10.026993034856476,0.028032461578363383,0.026993034856476413
10.028361143733669,10.01177132410513,0.028361143733669186,0.011771324105128978
10.028689493033944,10.040112079927836,0.028689493033943633,0.04011207992783516
10.029017505625578,10.006166205118143,0.029017505625579032,0.006166205118143822
10.02934517765892,10.080540317463328,0.02934517765891976,0.08054031746332753
10.029672505288307,10.017992685663314,0.029672505288306734,0.01799268566331423
10.029999484672123,10.012850082292955,0.02999948467212317,0.012850082292955079
10.030326111972839,10.028377438163803,0.03032611197283938,0.028377438163802695
10.030652383357058,10.036310015415618,0.030652383357057607,0.03631001541561822
10.030978294995558,10.05623508244612,0.03097829499555755,0.056235082446120535
10.031303843063341,10.032316309642164,0.03130384306334067,0.032316309642164566
10.031629023739676,10.027140251094869,0.031629023739675736,0.02714025109486907
10.031953833208142,10.034059487058643,0.031953833208143,0.03405948705864256
10.032278267656679,10.038520092797768,0.032278267656679654,0.03852009279776866
10.032602323277624,10.035589405909647,0.032602323277623926,0.03558940590964629
10.03292599626776,10.00369537684244,0.03292599626776029,0.0036953768424397536
10.033249282828365,10.020796120195842,0.033249282828363924,0.020796120195842413
10.033572179165246,10.040022131849765,0.03357217916524501,0.04002213184976536
10.033894681488794,10.05604986814228,0.033894681488793835,0.05604986814227887
10.034216786014024,10.025121872258591,0.03421678601402461,0.025121872258591964
10.03453848896062,10.020484032846532,0.03453848896062057,0.02048403284653263
10.034859786552978,10.053681596554297,0.03485978655297767,0.05368159655429652
10.03518067502025,10.06832320803908,0.03518067502024956,0.06832320803907972
10.03550115059639,10.074947634916638,0.03550115059639116,0.07494763491663811
10.035821209520204,10.057241778118236,0.03582120952020355,0.05724177811823583
10.036140848035377,10.015157094740077,0.036140848035377426,0.015157094740077957
10.036460062390537,10.038129574920449,0.036460062390537805,0.03812957492044907
10.036778848839289,10.034358513856919,0.03677884883928774,0.03435851385691931
10.037097203640252,10.044225619310462,0.03709720364025209,0.04422561931046192
10.037415123057121,10.027241115012698,0.037415123057121996,0.027241115012698058
10.037732603358698,10.043265703600204,0.037732603358698075,0.04326570360020437
10.038049640818935,10.05896863546003,0.03804964081893485,0.058968635460030235
10.038366231716983,10.055065379083931,0.038366231716983855,0.055065379083931824
10.038682372337238,10.041692419875728,0.038682372337237925,0.04169241987572807
10.038998058969375,10.023382256963291,0.038998058969374166,0.023382256963291544
10.039313287908397,10.070102396453697,0.03931328790839817,0.07010239645369672
10.039628055454687,10.043833324448894,0.03962805545468682,0.043833324448894186
10.039942357914033,10.063171380888884,0.03994235791403228,0.06317138088888341
10.040256191597685,10.060744616257502,0.04025619159768511,0.06074461625750216
10.040569552822397,10.023886555401731,0.04056955282239736,0.02388655540173096
10.040882437910467,10.056973169259553,0.04088243791046629,0.05697316925955319
10.041194843189777,10.046300766558645,0.04119484318977693,0.046300766558644534
10.041506764993846,10.048001219449166,0.04150676499384583,0.04800121944916653
10.041818199661863,10.048594752106998,0.0418181996618634,0.04859475210699766
10.042129143538737,10.018355912142558,0.04212914353873756,0.01835591214255814
10.042439592975136,10.070559266911165,0.04243959297513602,0.07055926691116385
10.04274954432753,10.044937572422384,0.04274954432752966,0.04493757242238485
10.043058993958235,10.057444907515348,0.04305899395823473,0.05744490751534781
10.043367938235455,10.02219853614069,0.0433679382354561,0.022198536140689576
10.04367637353333,10.021364606616094,0.043676373533329586,0.02136460661609444
10.043984296231965,10.060137958214646,0.043984296231964315,0.06013795821464624
10.044291702717485,10.055524963636145,0.04429170271748576,0.05552496363614548
10.044598589382078,10.074996913974404,0.0445985893820775,0.07499691397440335
10.044904952624025,10.040428771074081,0.04490495262402423,0.04042877107408075
10.045210788847754,10.019108923699573,0.04521078884775335,0.019108923699572337
10.045516094463878,10.031517993909285,0.04551609446387783,0.031517993909284794
10.045820865889239,10.0716746775123,0.0458208658892377,0.07167467751229963
10.046125099546943,10.054742635927225,0.046125099546942744,0.05474263592722386
10.046428791866413,10.055726596790821,0.0464287918664138,0.05572659679082062
10.046731939283426,10.059092613889321,0.046731939283425304,0.05909261388932121
10.047034538240148,10.03882016276535,0.04703453824014678,0.03882016276535008
10.047336585185185,10.072344347115724,0.04733658518518446,0.07234434711572305
10.047638076573623,10.052141159623417,0.04763807657362343,0.052141159623417956
10.047939008867068,10.064338337332297,0.04793900886706866,0.0643383373322959
10.048239378533687,10.042950670549907,0.048239378533687156,0.0429506705499062
10.048539182048248,10.090325031298566,0.04853918204824875,0.09032503129856541
10.048838415892169,10.0534469375296,0.048838415892168134,0.05344693752959996
10.049137076553546,9.996465224511576,0.049137076553545496,-0.0035347754884238122
10.049435160527208,10.056896602135728,0.04943516052720834,0.056896602135727656
10.049732664314753,10.07948601700979,0.049732664314752296,0.0794860170097894
10.050029584424582,10.013097010946877,0.050029584424582066,0.013097010946877263
10.050325917371953,10.020914776168413,0.05032591737195285,0.02091477616841214
10.050621659679011,10.07529111841545,0.05062165967901064,0.0752911184154492
10.050916807874835,10.053034118690523,0.05091680787483369,0.05303411869052263
10.051211358495472,10.040232789187948,0.05121135849547264,0.040232789187947954
10.051505308083991,10.065402624589007,0.05150530808399171,0.06540262458900759
10.05179865319051,10.034738570601494,0.05179865319050876,0.03473857060149381
10.052091390372237,10.06500318563922,0.052091390372236306,0.06500318563922029
10.05238351619352,10.04022171020972,0.05238351619352136,0.040221710209719715
10.052675027225886,10.037274848350783,0.05267502722588629,0.03727484835078429
10.052965920048068,10.045846854351764,0.052965920048068785,0.04584685435176407
10.053256191246062,10.011696721800961,0.05325619124606184,0.011696721800961651
10.053545837413154,10.030429298411015,0.0535458374131543,0.03042929841101545
10.05383485514997,10.056893174470492,0.05383485514997027,0.05689317447049142
10.05412324106451,10.06322077102841,0.05412324106450962,0.0632207710284109
10.054410991772187,10.06563103544434,0.05441099177218716,0.06563103544433985
10.054698103895873,10.012414541714303,0.05469810389587298,0.012414541714303715
10.054984574065932,10.088672486254833,0.05498457406593149,0.08867248625483307
10.055270398920262,10.017386378575129,0.05527039892026159,0.01738637857512885
10.055555575104336,10.047670966583443,0.055555575104335446,0.04767096658344224
10.055840099271238,10.037203044921121,0.0558400992712385,0.03720304492112103
10.056123968081708,10.047403789908213,0.05612396808170842,0.047403789908212916
10.056407178204173,10.066550432534973,0.05640717820417415,0.06655043253497263
10.056689726314795,10.0820441615572,0.05668972631479546,0.08204416155719903
10.056971609097502,10.058062365500302,0.056971609097501444,0.058062365500301215
10.05725282324403,10.089771160024728,0.057252823244029916,0.08977116002472812
10.057533365453965,10.035763214972375,0.05753336545396577,0.03576321497237474
10.05781323243478,10.053171026572622,0.05781323243478023,0.05317102657262268
10.058092420901868,10.030502988020215,0.058092420901868905,0.030502988020214887
10.058370927578592,10.06025649740364,0.05837092757859097,0.06025649740364164
10.058648749196307,10.078620301158752,0.058648749196306985,0.07862030115875136
10.058925882494417,10.040894943817877,0.0589258824944178,0.040894943817877574
10.059202324220403,10.081881014352733,0.05920232422040257,0.08188101435273265
10.059478071129856,10.063670436777837,0.05947807112985679,0.0636704367778377
10.059753119986532,10.076221755443783,0.05975311998653076,0.07622175544378336
10.060027467562367,10.042675882128485,0.06002746756236709,0.042675882128484895
10.060301110637539,10.05016983740193,0.06030111063753912,0.05016983740192902
10.060574046000488,10.090928144887268,0.0605740460004881,0.09092814488726864
10.060846270447962,10.077501544730564,0.06084627044796157,0.07750154473056459
10.06111778078505,10.071845231403508,0.061117780785050216,0.07184523140350815
10.061388573825226,10.07051936941248,0.06138857382522603,0.0705193694124809
10.061658646390379,10.058699159802815,0.06165864639037936,0.05869915980281476
10.061927995310857,10.090483687784959,0.06192799531085609,0.09048368778495806
10.062196617425496,10.038152396346792,0.06219661742549531,0.038152396346791954
10.062464509581666,10.079454017858877,0.06246450958166581,0.07945401785887746
10.062731668635303,10.05988165890874,0.06273166863530369,0.05988165890874001
10.062998091450948,10.036288233918365,0.0629980914509487,0.03628823391836382
10.063263774901781,10.062597261258736,0.06326377490178157,0.06259726125873576
10.06352871586966,10.062784388388451,0.06352871586966015,0.06278438838845143
10.063792911245157,10.064440230428882,0.06379291124515661,0.06444023042888249
10.064056357927594,10.06815192441059,0.06405635792759329,0.06815192441058901
10.06431905282508,10.062719702371194,0.06431905282507969,0.06271970237119417
10.064580992854548,10.071604905615821,0.06458099285454842,0.07160490561582177
10.064842174941791,10.013457108859038,0.06484217494179133,0.013457108859038232
10.065102596021497,10.050946807317434,0.06510259602149586,0.05094680731743391
10.06536225303728,10.096376077158313,0.06536225303728074,0.09637607715831224
10.065621142941731,10.054867926373467,0.06562114294173214,0.054867926373465825
10.06587926269644,10.034307505533352,0.06587926269643911,0.03430750553335295
10.06613660927203,10.093169780367527,0.06613660927202956,0.09316978036752604
10.066393179648205,10.027112009466505,0.06639317964820553,0.02711200946650521
10.066648970813779,10.06423160464084,0.06664897081377895,0.06423160464083948
10.066903979766707,10.071091682027626,0.06690397976670656,0.07109168202762559
10.067158203514126,10.094914610382892,0.06715820351412562,0.094914610382892
10.06741163907239,10.088232340337715,0.06741163907238874,0.08823234033771453
10.0676642834671,10.065583502713794,0.06766428346709881,0.06558350271379433
10.067916133733144,10.080200862795287,0.0679161337331443,0.08020086279528724
10.068167186914733,10.062515847490376,0.06816718691473356,0.06251584749037661
10.06841744006543,10.06490784448069,0.06841744006543002,0.06490784448068962
10.068666890248187,10.07379587225327,0.06866689024818626,0.0737958722532685
10.068915534535378,10.073473731581885,0.06891553453537899,0.07347373158188432
10.069163370008843,10.110763541434777,0.06916337000884291,0.11076354143477579
10.069410393759906,10.01918004742476,0.06941039375990546,0.019180047424759455
10.06965660288942,10.04761333391671,0.06965660288942042,0.0476133339167088
10.069901994507802,10.08822431708459,0.06990199450780246,0.08822431708459016
10.07014656573506,10.066654008122512,0.07014656573506077,0.06665400812251258
10.070390313700832,10.090219829130104,0.07039031370083271,0.09021982913010476
10.070633235544419,10.070295431246958,0.07063323554441796,0.0702954312469584
10.070875328414811,10.07429281156917,0.07087532841481153,0.07429281156917147
10.071116589470737,10.046067487640844,0.07111658947073785,0.0460674876408443
10.071357015880684,10.073901792984886,0.07135701588068342,0.07390179298488642
10.07159660482293,10.071000045767562,0.07159660482293072,0.07100004576756272
10.071835353485591,10.10397682026105,0.07183535348559075,0.1039768202610501
10.072073259066636,10.071101899243416,0.07207325906663652,0.07110189924341613
10.072310318773935,10.062670628946877,0.07231031877393543,0.06267062894687814
10.072546529825283,10.045002847610684,0.07254652982528255,0.04500284761068385
10.072781889448432,10.094007932335177,0.07278188944843302,0.09400793233517708
10.073016394881135,10.06807724252691,0.07301639488113439,0.0680772425269092
10.073250043371159,10.092125091264608,0.07325004337115952,0.09212509126460844
10.073482832176339,10.075545233663155,0.07348283217633837,0.07554523366315506
10.073714758564591,10.069119987225884,0.07371475856459063,0.06911998722588446
10.073945819813957,10.052911782332563,0.0739458198139574,0.05291178233256304
10.074176013212634,10.064033143827286,0.07417601321263348,0.06403314382728674
10.074405336058998,10.062558338333881,0.07440533605899884,0.06255833833388155
10.07463378566165,10.078445144578987,0.07463378566165069,0.07844514457898712
10.074861359339435,10.062566106421178,0.07486135933943489,0.06256610642117733
10.075088054421478,10.07199132268883,0.07508805442147722,0.07199132268882907
10.075313868247216,10.08343621243205,0.07531386824721521,0.08343621243205035
10.075538798166429,10.083592848825914,0.07553879816642882,0.08359284882591313
10.075762841539271,10.075286181891839,0.07576284153927203,0.07528618189183815
10.075985995736303,10.039494098356744,0.07598599573630338,0.03949409835674362
10.076208258138518,10.087634249937874,0.0762082581385173,0.08763424993787439
10.076429626137374,10.091293117860609,0.07642962613737432,0.09129311786060906
10.076650097134833,10.073285429424182,0.07665009713483224,0.07328542942418102
10.076869668543376,10.06932925089029,0.07686966854337607,0.06932925089028935
10.07708833778605,10.042283333045058,0.07708833778604886,0.04228333304505732
10.077306102296482,10.075799805519027,0.07730610229648176,0.07579980551902768
10.077522959518923,10.050914704265285,0.07752295951892395,0.050914704265284674
10.077738906908273,10.100766785266318,0.07773890690827305,0.10076678526631794
10.077953941930105,10.070799992687414,0.07795394193010453,0.07079999268741399
10.078168062060701,10.072034176562111,0.07816806206070194,0.07203417656211177
10.078381264787087,10.094060107596095,0.07838126478708599,0.09406010759609512
10.078593547607044,10.08287866829756,0.07859354760704458,0.08287866829755994
10.078804908029161,10.117830019712837,0.07880490802916172,0.11783001971283766
10.079015343572847,10.064180626087655,0.07901534357284712,0.06418062608765499
10.079224851768364,10.091127570821056,0.07922485176836497,0.09112757082105627
10.079433430156863,10.092969503762522,0.07943343015686324,0.09296950376252128
10.079641076290402,10.099231308381821,0.07964107629040244,0.09923130838182047
10.079847787731984,10.058904977549384,0.0798477877319841,0.058904977549382925
10.08005356205558,10.100553027105219,0.08005356205557983,0.10055302710521971
10.08025839684616,10.098510078506854,0.08025839684615929,0.09851007850685314
10.08046228969972,10.087904517790852,0.08046228969971903,0.087904517790852
10.080665238223311,10.113582459127457,0.08066523822331023,0.11358245912745663
10.080867240035067,10.0739804279787,0.08086724003506726,0.07398042797870032
10.081068292764234,10.093388232440846,0.08106829276423512,0.0933882324408454
10.081268394051198,10.104588162919793,0.0812683940511978,0.10458816291979317
10.081467541547505,10.1286956638132,0.08146754154750546,0.12869566381320097
10.081665732915903,10.109507006494113,0.08166573291590241,0.10950700649411185
10.081862965830354,10.089081545399473,0.08186296583035436,0.08908154539947397
10.082059237976075,10.07573641379315,0.08205923797607559,0.07573641379314956
10.082254547049557,10.056487453694539,0.08225454704955643,0.05648745369453931
10.08244889075859,10.0919229808344,0.08244889075858997,0.09192298083440108
10.0826422668223,10.11024900137165,0.08264226682229922,0.11024900137165057
10.082834672971163,10.10374221834019,0.08283467297116366,0.10374221834019164
10.083026106947045,10.107775444410064,0.08302610694704615,0.10777544441006383
10.08321656650322,10.103637260102087,0.0832165665032191,0.1036372601020865
10.083406049404392,10.106554459145409,0.08340604940439107,0.10655445914540933
10.083594553426733,10.090778109499045,0.08359455342673305,0.09077810949904391
10.083782076357904,10.079046595626645,0.08378207635790424,0.07904659562664397
10.083968615997078,10.119480065298875,0.08396861599707842,0.11948006529887581
10.084154170154969,10.086226331051028,0.0841541701549694,0.08622633105102841
10.084338736653857,10.06784908097178,0.08433873665385712,0.06784908097177939
10.084522313327613,10.101472766380843,0.08452231332761276,0.1014727663808419
10.084704898021725,10.048952941302254,0.08470489802172458,0.04895294130225442
10.084886488593323,10.07055310031547,0.08488648859332285,0.07055310031547024
10.085067082911205,10.109073960126153,0.08506708291120534,0.10907396012615388
10.085246678855862,10.121121226729619,0.08524667885586196,0.12112122672961839
10.0854252743195,10.108874874208693,0.08542527431949998,0.10887487420869321
10.085602867206068,10.042887904167362,0.08560286720606865,0.04288790416736183
10.085779455431284,10.09985676609178,0.08577945543128357,0.09985676609177872
10.085955036922652,10.0731810388052,0.0859550369226516,0.07318103880520134
10.086129609619494,10.090337097554622,0.08612960961949473,0.0903370975546227
10.086303171472975,10.104062430109716,0.0863031714729746,0.10406243010971544
10.086475720446117,10.061727202232289,0.08647572044611632,0.061727202232288204
10.086647254513833,10.096577994630543,0.0866472545138326,0.09657799463054377
10.086817771662947,10.09683183527651,0.08681777166294723,0.09683183527650853
10.08698726989222,10.087820311880272,0.08698726989221903,0.08782031188027241
10.087155747212366,10.092303030831493,0.087155747212365,0.09230303083149241
10.087323201646084,10.07922905070744,0.087323201646084,0.07922905070744053
10.08748963122808,10.07432885862405,0.08748963122807976,0.07432885862405023
10.087655034005083,10.094538912767007,0.08765503400508386,0.09453891276700654
10.087819408035879,10.079381035833373,0.08781940803587897,0.07938103583337386
10.087982751391321,10.073663982165733,0.08798275139132126,0.07366398216573342
10.088145062154364,10.099229014688913,0.08814506215436337,0.09922901468891256
10.088306338420077,10.078941794782398,0.08830633842007661,0.07894179478239881
10.088466578295673,10.120340039035826,0.08846657829567361,0.12034003903582506
10.08862577990053,10.062093119146907,0.08862577990053028,0.06209311914690661
10.088783941366207,10.119096016486358,0.0887839413662081,0.1190960164863584
10.088941060836476,10.08990607737428,0.0889410608364758,0.08990607737428108
10.08909713646733,10.128257969943798,0.0890971364673314,0.12825796994379796
10.089252166427023,10.036125256987575,0.08925216642702374,0.036125256987574496
10.089406148896074,10.077882111956919,0.08940614889607386,0.07788211195691978
10.089559082067296,10.096367666873066,0.08955908206729662,0.09636766687306683
10.089710964145821,10.11112512521561,0.08971096414582164,0.11112512521560931
10.089861793349115,10.088710898962663,0.08986179334911458,0.08871089896266288
10.090011567906998,10.083498632575445,0.09001156790699782,0.08349863257544443
10.090160286061671,10.099620579400419,0.0901602860616716,0.09962057940041856
10.090307946067734,10.06248033325671,0.09030794606773421,0.06248033325670938
10.090454546192202,10.101221137418527,0.09045454619220283,0.10122113741852662
10.090600084714534,10.092506489869507,0.09060008471453368,0.09250648986950608
10.090744559926643,10.120859701484688,0.09074455992664228,0.12085970148468908
10.090887970132924,10.068029375084219,0.09088797013292353,0.0680293750842183
10.091030313650272,10.08704024257912,0.09103031365027144,0.08704024257911902
10.091171588808098,10.069531894337883,0.09117158880809915,0.06953189433788279
10.091311793948359,10.112280047819382,0.09131179394835828,0.11228004781938253
10.091450927425559,10.098111144728893,0.0914509274255586,0.09811114472889292
10.091588987606787,10.07735791599269,0.09158898760678712,0.07735791599268985
10.091725972871728,10.078828002821574,0.09172597287172753,0.07882800282157354
10.09186188161268,10.07955599173989,0.09186188161267893,0.07955599173989003
10.091996712234575,10.085430880321978,0.0919967122345749,0.08543088032197814
10.092130463155002,10.064800161890307,0.0921304631550022,0.06480016189030727
10.09226313280422,10.0779683729052,0.09226313280421916,0.0779683729052009
10.092394719625174,10.087060638847227,0.0923947196251744,0.08706063884722631
10.092525222073524,10.080243735097948,0.09252522207352479,0.08024373509794881
10.092654638617654,10.07483937356277,0.09265463861765386,0.07483937356277116
10.092782967738689,10.094930935921422,0.09278296773868953,0.09493093592142174
10.092910207930522,10.10855438627799,0.09291020793052215,0.10855438627799044
10.093036357699821,10.090062241353733,0.09303635769982199,0.09006224135373321
10.093161415566057,10.049925108723503,0.09316141556605692,0.04992510872350318
10.09328538006151,10.133781217206472,0.09328538006150966,0.13378121720647287
10.093408249731295,10.09779698541678,0.09340824973129508,0.09779698541678057
10.093530023133377,10.088521069182207,0.09353002313337733,0.08852106918220641
10.093650698838587,10.099789489671515,0.09365069883858654,0.09978948967151537
10.093770275430636,10.104782509565315,0.09377027543063593,0.1047825095653137
10.093888751506139,10.0769538116147,0.09388875150613805,0.07695381161469968
10.094006125674621,10.094176833228415,0.09400612567462163,0.09417683322841597
10.094122396558548,10.031104687574782,0.0941223965585476,0.031104687574781756
10.094237562793326,10.097453159263534,0.09423756279332543,0.09745315926353329
10.094351623027329,10.076501982748624,0.09435162302732902,0.0765019827486237
10.094464575921913,10.116571186208377,0.09446457592191276,0.11657118620837645
10.094576420151427,10.115059693412556,0.09457642015142698,0.11505969341255676
10.094687154403234,10.100923084112551,0.09468715440323366,0.10092308411255159
10.094796777377722,10.10362063950354,0.09479677737772196,0.10362063950353907
10.094905287788324,10.116682929990471,0.09490528778832313,0.11668292999047174
10.095012684361526,10.05198302253833,0.09501268436152599,0.051983022538330786
10.09511896583689,10.077121425883053,0.0951189658368915,0.07712142588305403
10.095224130967068,10.107190751826788,0.09522413096706793,0.107190751826788
10.095328178517805,10.070279309163396,0.0953281785178052,0.0702793091633967
10.09543110726797,10.087255199048666,0.09543110726796956,0.08725519904866628
10.095532916009558,10.070049879621385,0.09553291600955778,0.07004987962138473
10.09563360354771,10.078900438827457,0.09563360354771147,0.07890043882745755
10.09573316870073,10.07027997897392,0.09573316870073091,0.07027997897392044
10.09583161030009,10.132111044847443,0.09583161030008915,0.13211104484744338
10.095928927190446,10.073765128730633,0.09592892719044557,0.07376512873063262
10.09602511822966,10.114741433030082,0.09602511822965942,0.11474143303008072
10.096120182288804,10.083086987592434,0.0961201822888034,0.08308698759243466
10.096214118252176,10.075332438957403,0.09621411825217664,0.0753324389574041
10.096306925017318,10.083188259682764,0.09630692501731809,0.08318825968276417
10.09639860149502,10.113363828996016,0.09639860149501922,0.1133638289960159
10.096489146609336,10.113906822978322,0.09648914660933698,0.11390682297832148
10.096578559297607,10.11825288683602,0.09657855929760623,0.11825288683601962
10.096666838510453,10.10037469143437,0.09666683851045242,0.10037469143437054
10.096753983211803,10.06888026474906,0.09675398321180381,0.06888026474906006
10.096839992378904,10.107273026536706,0.09683999237890359,0.10727302653670598
10.096924865002322,10.116058905131409,0.09692486500232196,0.11605890513140797
10.097008600085967,10.084918722010684,0.09700860008596791,0.08491872201068505
10.097091196647101,10.097747352979846,0.09709119664710099,0.09774735297984659
10.097172653716342,10.13550027686124,0.09717265371634275,0.1355002768612398
10.097252970337689,10.098161538210135,0.0972529703376882,0.09816153821013454
10.097332145568517,10.10175093758496,0.09733214556851695,0.1017509375849596
10.097410178479604,10.094259807451916,0.0974101784796044,0.09425980745191538
10.097487068155132,10.12582647395112,0.09748706815513246,0.12582647395112023
10.0975628136927,10.066170501731724,0.09756281369270045,0.0661705017317244
10.097637414203335,10.084676302953945,0.0976374142033357,0.08467630295394546
10.097710868811504,10.137671044759019,0.09771086881150381,0.1376710447590188
10.097783176655119,10.139916008426596,0.09778317665511913,0.13991600842659518
10.097854336885554,10.128107171431493,0.09785433688555473,0.12810717143149244
10.097924348667652,10.085261839142342,0.09792434866765248,0.0852618391423429
10.097993211179732,10.115106615817773,0.09799321117973273,0.11510661581777241
10.098060923613604,10.094804765493967,0.09806092361360406,0.09480476549396745
10.098127485174572,10.091102547538187,0.09812748517457266,0.09110254753818726
10.098192895081452,10.095509417300134,0.0981928950814518,0.09550941730013301
10.098257152566571,10.067348541496836,0.09825715256657083,0.06734854149683636
10.098320256875784,10.125528276050009,0.09832025687578433,0.1255282760500089
10.09838220726848,10.100434237776689,0.09838220726848089,0.10043423777668944
10.098443003017591,10.09384100485834,0.09844300301759178,0.09384100485834045
10.0985026434096,10.133932112370836,0.09850264340959958,0.13393211237083627
10.098561127744546,10.120404050836344,0.09856112774454642,0.12040405083634437
10.098618455336043,10.102191647263574,0.09861845533604237,0.10219164726357366
10.098674625511274,10.107383956319257,0.09867462551127329,0.10738395631925778
10.098729637611008,10.091996212983668,0.09872963761100889,0.09199621298366872
10.09878349098961,10.120656380759597,0.09878349098961038,0.1206563807595972
10.098836185015038,10.106095646182375,0.09883618501503812,0.10609564618237485
10.098887719068859,10.09446606449633,0.09888771906885892,0.09446606449633074
10.098938092546254,10.070275762343933,0.09893809254625342,0.0702757623439333
10.098987304856022,10.074577759244283,0.09898730485602315,0.0745777592442824
10.099035355420597,10.085888609444392,0.09903535542059741,0.08588860944439208
10.09908224367604,10.10540049261074,0.09908224367604013,0.10540049261073892
10.099127969072056,10.084536214246022,0.09912796907205644,0.08453621424602217
10.099172531072,10.108521035280974,0.09917253107199916,0.10852103528097445
10.099215929152875,10.114885484449923,0.09921592915287507,0.11488548444992362
10.09925816280535,10.102578583156381,0.09925816280535105,0.10257858315638171
10.09929923153376,10.076687505836684,0.09929923153376008,0.07668750583668374
10.099339134856107,10.092345813874406,0.09933913485610703,0.0923458138744057
10.099377872304075,10.093190361249624,0.09937787230407436,0.0931903612496234
10.099415443423027,10.087675866494957,0.09941544342302754,0.08767586649495696
10.09945184777202,10.134476538345723,0.09945184777202049,0.13447653834572298
10.099487084923801,10.11045060137866,0.09948708492380064,0.11045060137866071
10.099521154464814,10.069026298361601,0.09952115446481406,0.06902629836160042
10.09955405599521,10.118436183543574,0.09955405599521022,0.11843618354357446
10.099585789128847,10.123365103305666,0.09958578912884672,0.12336510330566508
10.099616353493294,10.096762019082558,0.09961635349329381,0.09676201908255858
10.09964574872984,10.108854987357978,0.09964574872983883,0.10885498735797826
10.09967397449349,10.094537744019416,0.09967397449349029,0.09453774401941539
10.099701030452982,10.090288729309407,0.09970103045298201,0.09028872930940753
10.099726916290777,10.1048760060147,0.09972691629077704,0.10487600601470091
10.099751631703072,10.076282315389562,0.09975163170307125,0.07628231538956262
10.099775176399797,10.107183620643552,0.09977517639979705,0.10718362064355243
10.099797550104627,10.09211129410598,0.09979755010462671,0.09211129410597887
10.099818752554976,10.0939021740509,0.09981875255497558,0.09390217405090068
10.099838783502005,10.074170816615164,0.09983878350200523,0.07417081661516389
10.099857642710626,10.086363782261701,0.0998576427106264,0.08636378226170202
10.099875329959502,10.108231907959688,0.09987532995950163,0.10823190795968718
10.099891845041048,10.124932240842728,0.09989184504104798,0.12493224084272816
10.09990718776144,10.09901466440964,0.09990718776143943,0.09901466440964048
10.099921357940609,10.113358787358193,0.09992135794060913,0.11335878735819228
10.099934355412252,10.108710523079058,0.09993435541225153,0.10871052307905854
10.099946180023824,10.064912127135173,0.09994618002382433,0.06491212713517239
10.09995683163655,10.11672530309832,0.09995683163655032,0.11672530309831994
10.099966310125419,10.115101321469755,0.09996631012541889,0.11510132146975538
10.099974615379187,10.11873099802153,0.0999746153791876,0.11873099802152966
10.099981747300383,10.106004581576117,0.09998174730038349,0.1060045815761168
10.099987705805304,10.124673366253514,0.09998770580530414,0.12467336625351369
10.099992490824018,10.110327897532741,0.0999924908240187,0.11032789753274062
10.099996102300368,10.099496894434715,0.09999610230036877,0.0994968944347154
10.099998540191969,10.109381449566461,0.09999854019196895,0.1093814495664619
10.099999804470208,10.09969401940878,0.09999980447020738,0.09969401940877937
10.099999895120247,10.14342293997712,0.09999989512024614,0.1434229399771186
10.09999881214102,10.093035570677936,0.0999988121410213,0.09303557067793596
10.099996555545243,10.096985772038067,0.09999655554524305,0.09698577203806713
10.099993125359395,10.07944838168349,0.09999312535939547,0.07944838168349008
10.099988521623736,10.078711983030331,0.0999885216237363,0.07871198303033108
10.099982744392296,10.075899234456873,0.09998274439229636,0.075899234456873
10.09997579373288,10.086659038524095,0.099975793732879,0.08665903852409444
10.099967669727059,10.107436170874916,0.09996766972705928,0.1074361708749166
10.099958372470184,10.134391217139381,0.09995837247018304,0.13439121713938157
10.099947902071365,10.088722424606066,0.09994790207136568,0.08872242460606707
10.099936258653491,10.099172627859897,0.09993625865349101,0.09917262785989646
10.09992344235321,10.102101520830987,0.09992344235320974,0.10210152083098605
10.099909453320938,10.11682642330029,0.09990945332093787,0.11682642330029014
10.099894291720855,10.111615491461533,0.09989429172085494,0.1116154914615332
10.099877957730902,10.094665001771139,0.09987795773090213,0.09466500177113824
10.09986045154278,10.078655308896874,0.09986045154278012,0.07865530889687372
10.099841773361947,10.072228591301576,0.09984177336194687,0.07222859130157502
10.099821923407616,10.11284169660666,0.0998219234076152,0.11284169660665913
10.09980090191275,10.126501653563412,0.09980090191275025,0.1265016535634118
10.099778709124067,10.127245159298761,0.09977870912406667,0.12724515929876098
10.099755345302025,10.107637664432977,0.09975534530202579,0.10763766443297636
10.099730810720832,10.084293157039559,0.09973081072083258,0.08429315703955832
10.099705105668432,10.117121438025015,0.09970510566843234,0.11712143802501523
10.099678230446507,10.065512427024679,0.09967823044650742,0.06551242702467816
10.099650185370473,10.113038572611588,0.09965018537047363,0.1130385726115872
10.099620970769477,10.081238927439918,0.09962097076947651,0.08123892743991847
10.099590586986388,10.069338084168416,0.09959058698638751,0.0693380841684161
10.0995590343778,10.128547165519672,0.09955903437780003,0.1285471655196711
10.099526313314025,10.087891055242654,0.09952631331402506,0.08789105524265461
10.099492424179086,10.109507723146065,0.099492424179087,0.10950772314606413
10.09945736737072,10.084182851610958,0.09945736737071909,0.08418285161095827
10.099421143300358,10.102828458775962,0.09942114330035867,0.10282845877596095
10.099383752393143,10.069870543312016,0.09938375239314252,0.069870543312016
10.099345195087901,10.085070446131978,0.09934519508790172,0.085070446131977
10.099305471837157,10.095950845524342,0.09930547183715657,0.09595084552434287
10.09926458310711,10.123060183706372,0.09926458310711123,0.1230601837063714
10.099222529377649,10.112500121856224,0.09922252937764833,0.11250012185622359
10.099179311142324,10.087912781249415,0.09917931114232324,0.08791278124941475
10.099134928908358,10.074054211274527,0.09913492890835837,0.07405421127452678
10.099089383196636,10.147126045119402,0.09908938319663713,0.14712604511940228
10.099042674541698,10.037804273261074,0.09904267454169792,0.037804273261073315
10.098994803491728,10.075996056349773,0.09899480349172773,0.07599605634977351
10.098945770608555,10.064997025788486,0.09894577060855578,0.06499702578848565
10.098895576467648,10.11019671009669,0.09889557646764696,0.11019671009668836
10.098844221658094,10.054240932030964,0.09884422165809506,0.05424093203096455
10.098791706782615,10.095094405655747,0.0987917067826157,0.09509440565574658
10.09873803245754,10.091532523812111,0.09873803245753952,0.09153252381211158
10.098683199312804,10.126286566605355,0.09868319931280477,0.12628656660535503
10.09862720799195,10.118931288904069,0.09862720799194996,0.11893128890406811
10.098570059152106,10.064057343989852,0.09857005915210627,0.06405734398985108
10.09851175346399,10.104136888419443,0.09851175346398995,0.10413688841944294
10.098452291611894,10.111883941831495,0.09845229161189434,0.11188394183149547
10.098391674293682,10.097647906659965,0.09839167429368183,0.09764790665996519
10.098329902220776,10.125307516678891,0.09832990222077576,0.12530751667889017
10.098266976118152,10.07778967797066,0.09826697611815205,0.07778967797066105
10.098202896724331,10.1272474554678,0.09820289672433062,0.1272474554677988
10.098137664791366,10.122049679404595,0.09813766479136672,0.12204967940459581
10.098071281084842,10.13980797942175,0.09807128108484227,0.13980797942174983
10.098003746383856,10.110935262027393,0.09800374638385667,0.11093526202739383
10.097935061481017,10.089971924732417,0.0979350614810178,0.08997192473241784
10.097865227182433,10.118913119912085,0.09786522718243257,0.11891311991208536
10.097794244307698,10.096987408509644,0.09779424430769762,0.096987408509645
10.09772211368989,10.07482018810628,0.09772211368988964,0.07482018810627986
10.097648836175555,10.090826611850995,0.09764883617555553,0.0908266118509948
10.097574412624702,10.082378049657201,0.09757441262470253,0.08237804965720066
10.097498843910788,10.082440257497353,0.09749884391078817,0.08244025749735383
10.09742213092071,10.09356619117978,0.09742213092070992,0.0935661911797799
10.097344274554795,10.126731814722497,0.09734427455479477,0.1267318147224965
10.09726527572679,10.098951664282794,0.09726527572678881,0.09895166428279419
10.097185135363846,10.095056423482527,0.09718513536384638,0.09505642348252677
10.09710385440652,10.10408867116129,0.09710385440651924,0.10408867116128845
10.097021433808745,10.100489222522171,0.09702143380874542,0.10048922252217027
10.096937874537838,10.127833345291867,0.09693787453783824,0.1278333452918678
10.096853177574475,10.116391229326956,0.09685317757447481,0.11639122932695578
10.096767343912685,10.110515562240673,0.09676734391268446,0.11051556224067269
10.096680374559837,10.10317580887089,0.09668037455983723,0.10317580887089114
10.096592270536632,10.093751748528032,0.096592270536632,0.09375174852803224
10.096503032877084,10.11995121885297,0.09650303287708445,0.11995121885297023
10.096412662628515,10.122177614123329,0.09641266262851492,0.12217761412332967
10.096321160851536,10.097777345911735,0.09632116085153623,0.09777734591173554
10.096228528620042,10.101571817414136,0.09622852862004115,0.10157181741413679
10.09613476702119,10.087682976688788,0.09613476702118984,0.08768297668878679
10.096039877155397,10.121632524278306,0.0960398771553969,0.12163252427830548
10.09594386013632,10.14818069228363,0.0959438601363188,0.14818069228362973
10.09584671709084,10.088391364640874,0.09584671709084061,0.0883913646408737
10.095748449159062,10.123452057401401,0.09574844915906261,0.12345205740140057
10.095649057494287,10.059598615452709,0.0956490574942873,0.059598615452708864
10.095548543263005,10.080206539986102,0.09554854326300555,0.08020653998610303
10.095446907644883,10.081310055250261,0.09544690764488306,0.08131005525026092
10.095344151832746,10.133459118136596,0.09534415183274636,0.1334591181365953
10.09524027703257,10.122042689768872,0.09524027703256904,0.12204268976887159
10.095135284463458,10.07309555931509,0.09513528446345743,0.07309555931509039
10.095029175357636,10.086518787557644,0.0950291753576364,0.08651878755764358
10.094921950960435,10.085461556673135,0.09492195096043465,0.08546155667313496
10.09481361253027,10.105045690106001,0.09481361253027047,0.10504569010600122
10.094704161338637,10.090114626495817,0.09470416133863677,0.09011462649581645
10.094593598670086,10.128581379100376,0.09459359867008599,0.12858137910037698
10.094481925822215,10.068389652241393,0.09448192582221539,0.06838965224139272
10.094369144105652,10.109255149568956,0.09436914410565156,0.10925514956895467
10.094255254844034,10.108002926966325,0.09425525484403517,0.10800292696632567
10.094140259374004,10.073195005936503,0.09414025937400522,0.07319500593650233
10.094024159045183,10.066900230046954,0.09402415904518366,0.06690023004695503
10.09390695522016,10.093867731380552,0.09390695522015936,0.09386773138055261
10.093788649274472,10.097355438557607,0.09378864927447222,0.09735543855760723
10.093669242596597,10.080918455999536,0.09366924259659677,0.08091845599953607
10.093548736587927,10.107064388824428,0.09354873658792624,0.10706438882442813
10.093427132662756,10.099364289229094,0.09342713266275599,0.0993642892290935
10.093304432248267,10.101228119664476,0.0933044322482666,0.10122811966447712
10.093180636784508,10.106946141875168,0.09318063678450764,0.10694614187516856
10.09305574772438,10.094914199572438,0.09305574772438041,0.0949141995724376
10.09292976653362,10.06217440314003,0.0929297665336211,0.062174403140030095
10.092802694690784,10.062146962723354,0.09280269469078323,0.06214696272335378
10.092674533687221,10.121314570907877,0.09267453368722074,0.12131457090787791
10.09254528502707,10.087580943740395,0.09254528502707028,0.08758094374039598
10.092414950227234,10.09404660391598,0.09241495022723362,0.09404660391598016
10.09228353081736,10.093205486739059,0.09228353081735953,0.09320548673905822
10.092151028339826,10.141245122339566,0.0921510283398264,0.14124512233956527
10.092017444349723,10.078316660056485,0.09201744434972375,0.07831666005648522
10.091882780414833,10.104770922102094,0.09188278041483389,0.10477092210209513
10.091747038115614,10.097769387789253,0.09174703811561391,0.09776938778925329
10.091610219045176,10.124470405884633,0.0916102190451768,0.12447040588463248
10.091472324809272,10.061775280334123,0.091472324809273,0.06177528033412279
10.09133335702627,10.111822193209811,0.09133335702627114,0.1118221932098111
10.09119331732714,10.073061493734423,0.09119331732713959,0.07306149373442397
10.091052207355427,10.076620325223956,0.09105220735542693,0.07662032522395659
10.090910028767244,10.097394704554974,0.09091002876724294,0.09739470455497415
10.090766783231238,10.104167110560052,0.09076678323123871,0.10416711056005146
10.090622472428588,10.116679873359137,0.0906224724285876,0.11667987335913825
10.090477098052965,10.064905045726581,0.0904770980529653,0.06490504572658184
10.09033066181053,10.049907168665781,0.09033066181052965,0.04990716866578064
10.090183165419901,10.106364261376482,0.09018316541990111,0.10636426137648175
10.090034610612141,10.096381994226336,0.09003461061214231,0.09638199422633664
10.089884999130739,10.092998587231255,0.08988499913073784,0.09299858723125497
10.089734332731574,10.09608312685442,0.08973433273157355,0.09608312685441986
10.089582613182916,10.067894553608108,0.08958261318291627,0.06789455360810809
10.089429842265393,10.138812672782699,0.08942984226539293,0.13881267278269915
10.089276021771969,10.046565729045764,0.08927602177196968,0.04656572904576357
10.08912115350793,10.11513194152797,0.08912115350793055,0.11513194152797074
10.088965239290857,10.077328613727804,0.08896523929085681,0.07732861372780382
10.088808280950605,10.081179784384517,0.08880828095060536,0.08117978438451731
10.088650280329286,10.063818972705173,0.08865028032928696,0.06381897270517327
10.088491239281245,10.138699382733636,0.08849123928124515,0.13869938273363616
10.088331159673034,10.087865523632463,0.08833115967303419,0.08786552363246218
10.088170043383398,10.079921053667093,0.08817004338339728,0.07992105366709287
10.088007892303244,10.11862734174114,0.0880078923032441,0.11862734174114056
10.087844708335629,10.101053416658269,0.08784470833562931,0.10105341665826985
10.08768049339573,10.062010250389894,0.0876804933957298,0.062010250389894404
10.087515249410822,10.060614284858136,0.08751524941082196,0.06061428485813549
10.087348978320259,10.091403021096522,0.08734897832025973,0.09140302109652133
10.087181682075451,10.06021201228116,0.08718168207545132,0.060212012281159535
10.087013362639837,10.117863691801928,0.08701336263983654,0.11786369180192785
10.086844021988863,10.073468893423001,0.08684402198886344,0.07346889342300118
10.086673662109966,10.07764813860595,0.08667366210996566,0.07764813860595053
10.086502285002538,10.084116074471593,0.08650228500253866,0.08411607447159401
10.086329892677917,10.065323175420646,0.08632989267791653,0.06532317542064572
10.086156487159348,10.086139487190632,0.08615648715934798,0.08613948719063282
10.085982070481974,10.083586091580282,0.08598207048197316,0.08358609158028182
10.0858066446928,10.076528945377136,0.08580664469279947,0.07652894537713646
10.085630211850678,10.107467044720881,0.08563021185067726,0.1074670447208807
10.085452774026276,10.098316328798436,0.08545277402627627,0.09831632879843563
10.085274333302062,10.098539676900678,0.08527433330206094,0.09853967690067825
10.085094891772266,10.079486229013018,0.08509489177226609,0.07948622901301845
10.084914451542872,10.070915103548883,0.08491445154287207,0.07091510354888317
10.084733014731581,10.108454506385128,0.0847330147315805,0.10845450638512821
10.08455058346779,10.06524204771641,0.08455058346778915,0.06524204771641001
10.084367159892567,10.061269281134193,0.08436715989256705,0.06126928113419173
10.084182746158628,10.145583829835587,0.08418274615862902,0.14558382983558682
10.08399734443031,10.120931685108314,0.08399734443031097,0.12093168510831374
10.083810956883545,10.049506296248735,0.08381095688354423,0.049506296248735635
10.08362358570583,10.085892414544274,0.08362358570582967,0.08589241454427358
10.083435233096212,10.075905479897678,0.0834352330962127,0.07590547989767715
10.083245901265258,10.101201818923931,0.08324590126525695,0.10120181892393161
10.083055592435018,10.076221768110091,0.08305559243501866,0.07622176811009065
10.08286430883902,10.092274298837987,0.08286430883902007,0.09227429883798767
10.082672052722224,10.094424024773668,0.08267205272222389,0.09442402477366767
10.082478826341006,10.085465719840817,0.08247882634100655,0.08546571984081766
10.082284631963132,10.078416498321811,0.08228463196313188,0.07841649832181122
10.082089471867723,10.098543479524334,0.0820894718677241,0.09854347952433502
10.081893348345242,10.0529903326756,0.08189334834524173,0.05299033267560027
10.08169626369745,10.105012320319847,0.08169626369745031,0.10501232031984711
10.081498220237394,10.07262634677695,0.0814982202373952,0.07262634677695035
10.081299220289376,10.095964846711457,0.0812992202893749,0.09596484671145664
10.081099266188913,10.10301221821883,0.08109926618891351,0.10301221821882944
10.080898360282733,10.05944895260837,0.08089836028273344,0.05944895260837083
10.080696504928728,10.096233299762414,0.08069650492872743,0.09623329976241375
10.080493702495932,10.058952166788695,0.08049370249593159,0.058952166788694624
10.080289955364497,10.059912193460992,0.08028995536449712,0.05991219346099107
10.080085265925662,10.072548128945716,0.08008526592566259,0.072548128945716
10.079879636581726,10.09867451100594,0.07987963658172546,0.09867451100594037
10.079673069746015,10.08639781270237,0.07967306974601451,0.08639781270236911
10.079465567842862,10.095021124788852,0.07946556784286124,0.0950211247888527
10.079257133307571,10.042915508634426,0.07925713330757106,0.042915508634426634
10.079047768586396,10.08224234543341,0.0790477685863953,0.08224234543341102
10.078837476136503,10.071630242962549,0.07883747613650222,0.07163024296254843
10.078626258425949,10.07491940455275,0.0786262584259482,0.07491940455275056
10.078414117933649,10.097564257127408,0.07841411793364853,0.0975642571274069
10.078201057149348,10.073152828206062,0.07820105714934879,0.07315282820606163
10.077987078573596,10.09109980195956,0.07798707857359535,0.0910998019595593
10.077772184717706,10.098521087743979,0.07777218471770611,0.09852108774397968
10.07755637810374,10.091349541685402,0.07755637810374069,0.09134954168540226
10.077339661264471,10.098692690174687,0.07733966126447142,0.09869269017468678
10.077122036743352,10.058986772938793,0.07712203674335333,0.05898677293879287
10.076903507094494,10.076555238337543,0.07690350709449395,0.076555238337543
10.076684074882625,10.066827435046294,0.07668407488262396,0.06682743504629356
10.076463742683067,10.075003771378348,0.07646374268306674,0.075003771378349
10.076242513081707,10.053679897373415,0.07624251308170828,0.05367989737341533
10.076020388674966,10.04582544086313,0.07602038867496641,0.04582544086312913
10.075797372069761,10.086736972984115,0.07579737206976103,0.08673697298411476
10.075573465883483,10.070219940431027,0.07557346588348302,0.07021994043102736
10.075348672743964,10.094535808486544,0.07534867274396377,0.09453580848654469
10.075122995289444,10.091826264213955,0.07512299528944388,0.09182626421395468
10.074896436168544,10.053911039453942,0.07489643616854291,0.05391103945394091
10.074668998040227,10.03576970343646,0.0746689980402279,0.03576970343645981
10.074440683573782,10.067937481495104,0.07444068357378185,0.06793748149510326
10.074211495448774,10.103293886693537,0.07421149544877308,0.10329388669353745
10.073981436355023,10.05056408235419,0.07398143635502329,0.05056408235419009
10.073750508992577,10.098575128503807,0.0737505089925763,0.0985751285038063
10.073518716071666,10.101961800998929,0.07351871607166581,0.10196180099892851
10.073286060312684,10.071839832730447,0.07328606031268436,0.07183983273044614
10.073052544446151,10.083171445068835,0.07305254444615088,0.08317144506883517
10.07281817121268,10.095058560261847,0.07281817121267888,0.09505856026184681
10.072582943362944,10.075967783520179,0.07258294336294388,0.07596778352017955
10.072346863657652,10.062697610681141,0.07234686365765179,0.06269761068114156
10.072109934867505,10.047968300992693,0.07210993486750612,0.047968300992692406
10.071872159773175,10.027942135469566,0.07187215977317517,0.027942135469565352
10.07163354116526,10.075067211858224,0.07163354116526008,0.07506721185822485
10.07139408184426,10.066560660184322,0.07139408184426159,0.06656066018432234
10.071153784620547,10.056740292992657,0.07115378462054743,0.05674029299265761
10.07091265231432,10.042933481727678,0.07091265231431887,0.04293348172767866
10.070670687755578,10.058902095755045,0.07067068775557829,0.058902095755043904
10.070427893784096,10.04348011319837,0.07042789378409556,0.04348011319837092
10.070184273249374,10.081493874894134,0.07018427324937486,0.08149387489413472
10.069939829010622,10.076345753299307,0.06993982901062086,0.07634575329930775
10.069694563936705,10.044498683852778,0.0696945639367058,0.044498683852777415
10.069448480906136,10.06465228486198,0.0694484809061355,0.06465228486197915
10.069201582807015,10.066825436637721,0.0692015828070152,0.06682543663772182
10.068953872537016,10.05073225193949,0.06895387253701642,0.05073225193948906
10.068705353003342,10.057712758363147,0.06870535300334239,0.05771275836314667
10.068456027122695,10.037079846440003,0.06845602712269432,0.03707984644000344
10.068205897821237,10.047556663422741,0.0682058978212365,0.04755666342274102
10.067954968034563,10.053718059026227,0.06795496803456279,0.05371805902622764
10.067703240707662,10.087698929900418,0.06770324070766186,0.08769892990041794
10.067450718794882,10.030990984416498,0.06745071879488207,0.030990984416496947
10.067197405259897,10.048131180323214,0.06719740525989777,0.04813118032321354
10.066943303075673,10.067771711417235,0.06694330307567382,0.06777171141723466
10.066688415224432,10.080281438190301,0.06668841522443111,0.08028143819030117
10.066432744697611,10.064281082935661,0.06643274469761089,0.06428108293566162
10.06617629449584,10.113121313753505,0.06617629449584059,0.11312131375350502
10.065919067628897,10.050250166110352,0.06591906762889795,0.05025016611035271
10.065661067115675,10.042724293137523,0.06566106711567607,0.04272429313752339
10.065402295984148,10.092040731838646,0.06540229598414737,0.09204073183864597
10.065142757271328,10.080411564825047,0.06514275727132893,0.08041156482504781
10.064882454023246,10.086123850276934,0.06488245402324631,0.08612385027693442
10.064621389294897,10.07329148251224,0.0646213892948976,0.07329148251223987
10.064359566150218,10.064405607990649,0.06435956615021814,0.06440560799064916
10.064096987662044,10.05491592729161,0.06409698766204423,0.05491592729160979
10.063833656912077,10.05330080749054,0.0638336569120772,0.053300807490539864
10.063569576990847,10.070315707544472,0.06356957699084677,0.07031570754447214
10.063304750997675,10.043602255231447,0.06330475099767556,0.043602255231447035
10.063039182040642,10.087530486968754,0.06303918204064218,0.08753048696875386
10.062772873236545,10.04076796140746,0.06277287323654504,0.040767961407459787
10.062505827710865,10.043207865022618,0.06250582771086519,0.04320786502261712
10.062238048597731,10.089591025167627,0.06223804859773048,0.08959102516762735
10.061969539039879,10.053023456426372,0.061969539039878396,0.05302345642637234
10.061700302188619,10.078602410594149,0.061700302188618716,0.07860241059414948
10.061430341203797,10.058630203870058,0.06143034120379736,0.05863020387005685
10.061159659253759,10.073657301178043,0.06115965925375877,0.07365730117804381
10.060888259515309,10.066744812032738,0.06088825951530899,0.06674481203273787
10.060616145173677,10.067043998243191,0.06061614517367783,0.06704399824319056
10.060343319422483,10.044822636635676,0.06034331942248233,0.0448226366356758
10.06006978546369,10.07291702741015,0.06006978546368871,0.07291702741014883
10.059795546507575,10.029262708119989,0.05979554650757505,0.029262708119988802
10.059520605772693,10.036591107779659,0.059520605772693094,0.03659110777965886
10.059244966485831,10.101871797181666,0.059244966485831274,0.10187179718166484
10.058968631881976,10.044927353778013,0.058968631881976485,0.044927353778013324
10.058691605204276,10.080501603279158,0.058691605204275604,0.08050160327915835
10.058413889704,10.04099371806937,0.05841388970399833,0.040993718069369675
10.058135488640499,10.05461008739517,0.05813548864049848,0.054610087395170384
10.057856405281177,10.083477172465148,0.05785640528117597,0.08347717246514737
10.057576642901438,10.030230703053833,0.057576642901437915,0.030230703053833363
10.057296204784661,10.066114885523875,0.057296204784661076,0.06611488552387582
10.057015094222153,10.036387415314685,0.0570150942221527,0.03638741531468562
10.056733314513112,10.010715578253308,0.05673331451311221,0.010715578253307274
10.056450868964593,10.06949014216401,0.05645086896459192,0.06949014216401002
10.056167760891459,10.056992791128092,0.056167760891459056,0.05699279112809286
10.055883993616357,10.036708289645425,0.05588399361635646,0.0367082896454242
10.055599570469663,10.059087722484385,0.05559957046966307,0.05908772248438487
10.055314494789457,10.036848276816606,0.05531449478945586,0.036848276816606476
10.05502876992147,10.092237281828131,0.05502876992146993,0.09223728182813067
10.054742399219059,10.057431660346369,0.054742399219059615,0.057431660346369554
10.05445538604316,10.053391986044296,0.054455386043158485,0.05339198604429554
10.054167733762242,10.051070462659048,0.05416773376224088,0.051070462659048695
10.053879445752282,10.109223005000834,0.05387944575228165,0.10922300500083443
10.053590525396716,10.012474792858356,0.05359052539671697,0.012474792858356738
10.053300976086405,10.025977145686856,0.05330097608640393,0.025977145686855406
10.053010801219582,10.056606028194038,0.05301080121958168,0.05660602819403745
10.05272000420183,10.012479779650633,0.052720004201831094,0.012479779650632794
10.052428588446034,10.057756577949009,0.052428588446034353,0.05775657794900957
10.052136557372336,10.052809600512976,0.05213655737233578,0.05280960051297576
10.051843914408101,10.039960049340182,0.0518439144081011,0.03996004934018157
10.051550662987877,10.09407332595437,0.051550662987877555,0.09407332595436901
10.051256806553353,10.0516548838099,0.05125680655335291,0.051654883809899334
10.050962348553316,10.066490670220785,0.050962348553316064,0.06649067022078461
10.050667292443617,10.035811630959062,0.050667292443615876,0.03581163095906083
10.050371641687121,10.055750955426621,0.05037164168712101,0.055750955426621104
10.050075399753679,10.066043804871352,0.050075399753678564,0.06604380487135227
10.049778570120074,10.025962821290513,0.04977857012007437,0.025962821290513485
10.04948115626999,10.034537717107513,0.04948115626999169,0.03453771710751247
10.04918316169397,10.022235486832981,0.04918316169396984,0.02223548683298132
10.048884589889365,10.066178405691886,0.0488845898893642,0.06617840569188563
10.048585444360304,10.027153618441503,0.048585444360304514,0.027153618441502467
10.048285728617653,10.048661650911116,0.04828572861765409,0.04866165091111603
10.047985446178968,10.043227328532877,0.04798544617896796,0.04322732853287812
10.047684600568452,10.055323072644311,0.04768460056845256,0.055323072644311445
10.047383195316923,10.053034059607995,0.04738319531692372,0.05303405960799556
10.047081233961766,10.024703895020668,0.04708123396176553,0.0247038950206679
10.046778720046888,10.05727213203329,0.04677872004688823,0.05727213203328967
10.046475657122688,10.019814592021108,0.04647565712268753,0.019814592021108062
10.046172048746003,10.030450482764975,0.046172048746002475,0.030450482764975105
10.045867898480074,10.02874836270316,0.045867898480073256,0.028748362703159926
10.0455632098945,10.057063813694723,0.045563209894500294,0.05706381369472302
10.045257986565202,10.028649279227288,0.04525798656520174,0.028649279227288018
10.044952232074372,10.022025484237487,0.04495223207437182,0.022025484237486657
10.044645950010437,10.02933693346685,0.04464595001043817,0.029336933466848604
10.04433914396802,10.020722934469019,0.04433914396802065,0.0207229344690186
10.04403181754789,10.066665028201395,0.04403181754788851,0.06666502820139583
10.043723974356919,10.02717569962492,0.04372397435691852,0.027175699624920016
10.043415618008051,10.04122624459048,0.04341561800805192,0.041226244590479064
10.043106752120252,10.045773843707451,0.043106752120253,0.045773843707451724
10.042797380318467,10.014401625872443,0.04279738031846618,0.014401625872443442
10.042487506233574,10.073907302440414,0.04248750623357294,0.07390730244041407
10.04217713350235,10.064441467348406,0.042177133502350195,0.06444146734840632
10.041866265767426,10.040869287709489,0.04186626576742696,0.04086928770948973
10.041554906677241,10.030557167290002,0.04155490667724194,0.030557167290002657
10.041243059886,10.04119154619704,0.041243059886000036,0.04119154619703841
10.040930729053631,10.03503209882706,0.04093072905363045,0.03503209882705988
10.040617917845744,10.022779131317423,0.04061791784574324,0.022779131317423474
10.040304629933585,10.043391028378494,0.04030462993358581,0.043391028378493825
10.039990868994002,10.035596845788309,0.03999086899400078,0.03559684578830862
10.039676638709382,10.018524983238583,0.039676638709382234,0.018524983238583204
10.039361942767632,10.037667880205925,0.03936194276763276,0.037667880205925444
10.03904678486212,10.031021202214053,0.039046784862119585,0.031021202214052277
10.038731168691632,10.04650858622048,0.03873116869163215,0.04650858622047878
10.038415097960337,10.040466811953301,0.038415097960338075,0.04046681195330165
10.03809857637774,10.04506426643412,0.03809857637774002,0.04506426643411851
10.037781607658632,10.060314769782876,0.037781607658631464,0.060314769782876476
10.037464195523054,10.03202475779756,0.03746419552305412,0.03202475779756009
10.037146343696254,10.034392406626246,0.03714634369625377,0.03439240662624544
10.036828055908636,10.030688664177859,0.03682805590863604,0.030688664177859114
10.036509335895724,10.035103572733535,0.036509335895723645,0.035103572733534455
10.036190187398113,10.01961494179289,0.03619018739811184,0.019614941792889404
10.035870614161425,10.042649075433243,0.03587061416142489,0.04264907543324357
10.035550619936272,10.024351308150484,0.03555061993627141,0.024351308150484044
10.035230208478202,10.05463681138556,0.03523020847820138,0.05463681138555942
10.034909383547662,10.026206436518777,0.034909383547661384,0.026206436518777555
10.03458814890995,10.01492271466703,0.034588148909950794,0.014922714667030525
10.034266508335177,10.035420433442999,0.03426650833517696,0.03542043344299897
10.033944465598212,10.01070923920077,0.0339444655982119,0.010709239200769986
10.033622024478648,10.0366042513119,0.03362202447864756,0.03660425131189957
10.03329918876075,10.043337177754697,0.03329918876075091,0.04333717775469813
10.03297596223342,9.9626163497029,0.03297596223342053,-0.037383650297100626
10.032652348690142,10.021001567608746,0.032652348690141546,0.021001567608746618
10.03232835192894,10.001310453140768,0.03232835192894133,0.001310453140767942
10.032003975752344,10.009581534061956,0.032003975752344344,0.00958153406195577
10.031679223967329,10.038271119449343,0.03167922396732848,0.0382711194493431
10.031354100385279,10.048792689739761,0.031354100385279714,0.048792689739761724
10.031028608821948,10.065213432708024,0.03102860882194773,0.06521343270802424
10.030702753097401,10.038801513705671,0.03070275309740042,0.03880151370567057
10.03037653703598,10.06575296068972,0.030376537035980117,0.06575296068972017
10.030049964466258,10.023531680599637,0.030049964466258162,0.02353168059963764
10.02972303922099,9.995147034638011,0.029723039220989473,-0.004852965361989824
10.02939576513707,10.048967387147796,0.029395765137068604,0.048967387147796346
10.029068146055485,10.021064261211588,0.029068146055483992,0.021064261211588678
10.028740185821274,10.04977794124495,0.028740185821273263,0.049777941244949137
10.028411888283477,10.026988142302507,0.028411888283477394,0.02698814230250763
10.028083257295096,10.053609493559604,0.028083257295096573,0.05360949355960312
10.027754296713045,10.053135270170127,0.027754296713044288,0.05313527017012787
10.027425010398103,10.012150601815119,0.02742501039810242,0.012150601815118631
10.027095402214876,10.023248141339776,0.027095402214875233,0.023248141339776356
10.026765476031745,9.997193943603277,0.026765476031745047,-0.0028060563967229925
10.026435235720827,10.056458495864735,0.02643523572082633,0.05645849586473452
10.02610468515792,10.05865401547394,0.02610468515791973,0.0586540154739392
10.025773828222468,10.037048138098601,0.025773828222467626,0.0370481380986009
10.025442668797508,10.012640040370636,0.025442668797507912,0.012640040370636414
10.025111210769628,10.026673050161413,0.025111210769628745,0.02667305016141392
10.024779458028922,10.02090475473238,0.024779458028922282,0.020904754732379547
10.02444741446894,10.002468774265393,0.024447414468940023,0.0024687742653940643
10.024115083986647,10.01192163197803,0.02411508398664644,0.011921631978029208
10.023782470482374,10.027418399834385,0.023782470482373592,0.027418399834384894
10.023449577859775,10.016645894703002,0.02344957785977465,0.016645894703001336
10.023116410025779,9.975564970544434,0.023116410025779115,-0.024435029455565593
10.022782970890546,9.989890430169327,0.02278297089054646,-0.010109569830672887
10.02244926436742,10.051863958660302,0.022449264367419713,0.05186395866030223
10.022115294372881,10.039749409948794,0.022115294372880557,0.03974940994879335
10.021781064826502,10.032484333106806,0.0217810648265027,0.032484333106806026
10.021446579650906,10.041033641876401,0.021446579650906183,0.0410336418764009
10.021111842771711,10.027556915397176,0.02111184277171069,0.02755691539717564
10.02077685811749,10.041085192803056,0.020776858117490478,0.041085192803055996
10.020441629619727,10.014484358787348,0.020441629619727605,0.01448435878734808
10.020106161212766,10.01519759010638,0.020106161212766115,0.015197590106380561
10.019770456833765,10.001035809334844,0.019770456833765188,0.0010358093348449594
10.019434520422655,10.004833027794412,0.01943452042265396,0.004833027794411044
10.019098355922084,10.025537309478786,0.01909835592208477,0.025537309478786033
10.018761967277387,10.038077638535668,0.018761967277386358,0.03807763853566845
10.018425358436518,9.998214420423212,0.018425358436518612,-0.0017855795767880676
10.018088533350026,10.020139079340794,0.018088533350025537,0.020139079340793734
10.01775149597099,10.003097478821395,0.017751495970989236,0.0030974788213952963
10.017414250254983,10.021054356858631,0.017414250254982815,0.021054356858630923
10.017076800160025,10.00484683604107,0.01707680016002502,0.004846836041070069
10.016739149646533,10.049462778544685,0.016739149646533058,0.049462778544684734
10.016401302677277,10.009739004256716,0.016401302677276505,0.009739004256715027
10.01606326321733,10.02567016455116,0.01606326321733006,0.02567016455115976
10.015725035234029,10.021082076305701,0.015725035234028094,0.021082076305700772
10.015386622696917,10.004825400024396,0.015386622696917521,0.004825400024396484
10.015048029577711,10.003231844635671,0.015048029577710731,0.003231844635671152
10.01470925985024,9.976146444878871,0.014709259850239999,-0.023853555121129397
10.01437031749041,10.015415325600177,0.01437031749041015,0.015415325600176515
10.014031206476153,10.026510807613617,0.014031206476152256,0.026510807613617564
10.013691930787376,9.99610380761679,0.013691930787376237,-0.003896192383211301
10.013352494405925,10.01853991889608,0.013352494405925211,0.018539918896080566
10.013012901315529,10.00811812722102,0.013012901315528068,0.008118127221018847
10.012673155501753,10.009905780384424,0.01267315550175304,0.009905780384423956
10.01233326095196,10.024333642018673,0.012333260951960252,0.024333642018673995
10.011993221655256,9.99321545863392,0.011993221655255971,-0.006784541366080277
10.011653041602445,10.001193089657361,0.011653041602445246,0.001193089657360544
10.011312724785984,9.987535823203132,0.011312724785984565,-0.01246417679686759
10.010972275199936,10.057974002851111,0.010972275199936037,0.057974002851111935
10.01063169683992,10.004211771734944,0.010631696839919824,0.004211771734943279
10.010290993703068,9.988143740931232,0.010290993703067592,-0.01185625906876829
10.009950169787976,9.99434479812552,0.009950169787974899,-0.00565520187448062
10.009609229094655,9.976960953455087,0.009609229094655322,-0.023039046544913178
10.009268175624493,9.960898423330574,0.00926817562449298,-0.03910157666942548
10.008927013380195,10.027595532170105,0.00892701338019505,0.027595532170104485
10.008585746365746,10.009884412750328,0.008585746365745843,0.009884412750327795
10.00824437858636,10.032367459686508,0.008244378586359109,0.03236745968650826
10.007902914048431,10.006745890136518,0.007902914048431381,0.006745890136517777
10.007561356759494,10.006724278491962,0.0075613567594942505,0.0067242784919620815
10.007219710728169,9.99098351879626,0.007219710728168394,-0.009016481203740646
10.006877979964116,10.001211912664344,0.006877979964115818,0.0012119126643440146
10.006536168477993,10.047452160831133,0.006536168477993154,0.04745216083113265
10.006194280281404,10.014338302540597,0.006194280281403886,0.01433830254059694
10.005852319386852,10.008851900543128,0.00585231938685232,0.008851900543127143
10.005510289807695,10.029951074145206,0.005510289807695973,0.029951074145206306
10.005168195558097,9.97166456552654,0.005168195558097931,-0.02833543447345941
10.004826040652981,10.017754576279415,0.004826040652980805,0.017754576279416096
10.00448382910798,9.97037798472926,0.0044838291079788975,-0.02962201527073939
10.004141564939392,9.999635950867637,0.0041415649393914365,-0.0003640491323641361
10.003799252164134,10.02624703896218,0.003799252164134721,0.02624703896218005
10.003456894799696,9.976559033547042,0.003456894799696044,-0.02344096645295687
10.003114496864086,9.9997028482853,0.0031144968640858355,-0.00029715171469873146
10.00277206237579,10.010657846975201,0.0027720623757908577,0.010657846975201609
10.002429595353727,10.00498447817051,0.0024295953537263344,0.004984478170509849
10.00208709981719,10.015839916276475,0.0020870998171898464,0.015839916276473975
10.001744579785814,10.01285929460933,0.0017445797858136312,0.01285929460932905
10.001402039279517,10.031740403812995,0.0014020392795168716,0.03174040381299405
10.00105948231846,10.033108895983066,0.0010594823184595828,0.03310889598306626
10.000716912922995,9.99792944149969,0.0007169129229947208,-0.0020705585003099715
10.000374335113621,10.024227791251432,0.0003743351136213534,0.024227791251432793
10.000031752910937,10.005434650711209,3.175291093676325e-05,0.005434650711208847
9.999689170335591,9.987099950341051,-0.00031082966440967256,-0.01290004965894941
9.999346591408235,9.990704457390091,-0.0006534085917643808,-0.009295542609909408
9.999004020149483,9.992686012173959,-0.000995979850516425,-0.00731398782604096
9.998661460579855,9.974779218268303,-0.0013385394201454023,-0.025220781731697187
9.998318916719732,9.970193544791123,-0.001681083280267564,-0.029806455208877123
9.997976392589317,10.00690985588812,-0.002023607410683533,0.006909855888118916
9.997633892208574,9.981836594126406,-0.0023661077914260194,-0.0181634058735939
9.997291419597195,9.992497306240063,-0.0027085804028059326,-0.007502693759938037
9.99694897877454,9.999332164528713,-0.0030510212254602712,-0.0006678354712867755
9.996606573759601,10.026754761512182,-0.003393426240398937,0.02675476151218107
9.996264208570947,9.984080368387435,-0.0037357914290526146,-0.015919631612564312
9.99592188722668,9.99930226769939,-0.004078112773318871,-0.0006977323006104367
9.99557961374439,9.976293017807869,-0.00442038625561002,-0.02370698219213094
9.9952373921411,10.00430913066307,-0.004762607858899922,0.00430913066307061
9.994895226433227,9.966857596352645,-0.005104773566771835,-0.03314240364735507
9.994553120636535,9.989245994612121,-0.0054468793634644954,-0.010754005387879234
9.99421107876608,9.96975260214976,-0.00578892123391977,-0.030247397850240033
9.99386910483617,9.973014432672112,-0.006130895163830319,-0.026985567327887407
9.993527202860314,10.012177620137788,-0.00647279713968564,0.012177620137786928
9.99318537685118,10.013569405553753,-0.006814623148819883,0.013569405553752679
9.992843630820541,10.008891424276884,-0.007156369179458591,0.008891424276883329
9.992501968779234,9.97018102812467,-0.007498031220766488,-0.029818971875328983
9.992160394737107,9.990496123027697,-0.007839605262893491,-0.009503876972303328
9.991818912702978,9.975777405806326,-0.008181087297022481,-0.024222594193674375
9.991477526684584,9.983754854965863,-0.008522473315415996,-0.016245145034138094
9.991136240688537,9.995642035111937,-0.008863759311463975,-0.004357964888062918
9.99079505872027,10.043349064139058,-0.009204941279729715,0.04334906413905742
9.990453984784002,9.988080127206644,-0.00954601521599742,-0.011919872793356
9.99011302288268,9.98169912751159,-0.009886977117319718,-0.018300872488410738
9.989772177017937,9.986148661459524,-0.010227822982063586,-0.013851338540477176
9.989431451190041,9.974512886396623,-0.010568548809958013,-0.025487113603376542
9.98909084939786,9.987162340359916,-0.010909150602140604,-0.012837659640083609
9.988750375638794,10.000073464352145,-0.011249624361205217,7.346435214545394e-05
9.988410033908751,10.003930393636258,-0.01158996609124781,0.003930393636257386
9.988069828202086,9.95787130167852,-0.011930171797914056,-0.04212869832148067
9.987729762511554,9.963312185152455,-0.01227023748844586,-0.03668781484754499
9.987389840828271,9.97812224618957,-0.01261015917172893,-0.021877753810429793
9.987050067141661,9.964002798390899,-0.012949932858338559,-0.03599720160910061
9.986710445439414,10.00584318066901,-0.01328955456058697,0.005843180669008316
9.986370979707429,9.991199613039209,-0.013629020292570652,-0.008800386960792083
9.986031673929784,9.962623256481482,-0.01396832607021608,-0.03737674351851722
9.985692532088672,9.99305440077834,-0.01430746791132718,-0.006945599221661149
9.985353558164368,9.970242477680076,-0.014646441835631706,-0.02975752231992479
9.985014756135172,9.981143180172392,-0.01498524386482867,-0.018856819827608232
9.984676129977366,9.954870517283,-0.01532387002263396,-0.04512948271700076
9.984337683665172,9.968616618507038,-0.015662316334827727,-0.03138338149296098
9.983999421170699,9.970941292634691,-0.016000578829300675,-0.029058707365308675
9.983661346463899,9.992285084478707,-0.016338653536101363,-0.007714915521292396
9.983323463512518,9.962518892194915,-0.01667653648748176,-0.03748110780508608
9.982985776282055,10.025180978017632,-0.01701422371794434,0.025180978017631268
9.98264828873571,9.998850826805457,-0.01735171126428914,-0.0011491731945438705
9.98231100483434,10.001173217994463,-0.017688995165659232,0.0011732179944629294
9.981973928536412,9.972918482076116,-0.018026071463587888,-0.02708151792388338
9.981637063797955,9.94492927156119,-0.018362936202044714,-0.055070728438811084
9.981300414572518,9.966566601919537,-0.018699585427482766,-0.033433398080463195
9.980963984811115,9.972453921221089,-0.019036015188883898,-0.027546078778910795
9.980627778462194,10.003128812780906,-0.019372221537805837,0.0031288127809058694
9.980291799471571,10.00325934622757,-0.019708200528428175,0.003259346227569234
9.9799560517824,9.987173485763877,-0.02004394821759937,-0.012826514236122095
9.979620539335118,10.001973355985987,-0.020379460664881985,0.0019733559859871977
9.9792852660674,9.970055695418464,-0.02071473393259945,-0.029944304581536324
9.978950235914118,9.974560312904728,-0.021049764085882806,-0.025439687095272313
9.978615452807285,9.998180263383924,-0.021384547192715833,-0.0018197366160759947
9.978280920676019,9.998926596034018,-0.021719079323981896,-0.0010734039659823225
9.97794664344649,9.974481654558994,-0.022053356553509717,-0.025518345441006215
9.97761262504188,9.969176439730889,-0.02238737495812014,-0.03082356026911086
9.977278869382328,9.994513273669119,-0.022721130617671143,-0.00548672633088098
9.976945380384896,9.952143969102595,-0.023054619615104348,-0.04785603089740476
9.976612161963509,9.973691538140017,-0.02338783803649154,-0.02630846185998311
9.976279218028921,10.006115699698778,-0.02372078197107953,0.00611569969877843
9.975946552488663,9.968985591047513,-0.024053447511336777,-0.031014408952486843
9.975614169247,9.998915524341042,-0.024385830752998883,-0.001084475658958032
9.975282072204886,9.970261381673787,-0.024717927795115113,-0.029738618326213877
9.974950265259906,10.02495480995656,-0.02504973474009313,0.024954809956560083
9.974618752306254,9.955960856092961,-0.025381247693745453,-0.04403914390703935
9.974287537234666,9.979794087842386,-0.025712462765334784,-0.02020591215761495
9.973956623932379,9.985732026016263,-0.02604337606762039,-0.014267973983735796
9.973626016283097,9.989044845233185,-0.02637398371690268,-0.010955154766815765
9.97329571816693,9.977956828580025,-0.026704281833069277,-0.022043171419975836
9.97296573346036,9.972337011338986,-0.027034266539641125,-0.02766298866101412
9.972636066036182,9.987105050644292,-0.027363933963816894,-0.012894949355707569
9.97230671976348,9.988972451661931,-0.02769328023651918,-0.011027548338068894
9.97197769850756,9.998683883838394,-0.028022301492439512,-0.001316116161605936
9.971649006129915,9.961204796946088,-0.02835099387008444,-0.03879520305391218
9.97132064648818,9.924339635378715,-0.028679353511819824,-0.075660364621286
9.970992623436084,9.954562527883674,-0.029007376563916772,-0.04543747211632688
9.970664940823404,9.967401763263737,-0.02933505917659654,-0.032598236736262984
9.970337602495924,9.938898638886577,-0.029662397504076413,-0.06110136111342176
9.970010612295386,9.964613723020609,-0.029989387704613776,-0.03538627697939219
9.969683974059448,9.972483403762155,-0.030316025940551758,-0.02751659623784567
9.969357691621635,10.005489093573878,-0.030642308378364753,0.005489093573878414
9.969031768811298,9.951711869195394,-0.030968231188702407,-0.04828813080460564
9.968706209453565,9.983684830005306,-0.031293790546435225,-0.016315169994695067
9.968381017369301,9.992569754372571,-0.03161898263069914,-0.007430245627429617
9.96805619637506,9.958323931966007,-0.03194380362494103,-0.04167606803399249
9.967731750283038,9.971782771400092,-0.032268249716962474,-0.02821722859990837
9.967407682901035,9.943551074908735,-0.0325923170989652,-0.05644892509126606
9.967083998032404,9.940409275572213,-0.03291600196759543,-0.059590724427786596
9.96676069947601,9.970891739054442,-0.033239300523989164,-0.02910826094555758
9.966437791026184,9.932000516135135,-0.033562208973815795,-0.06799948386486496
9.966115276472676,9.959958511554367,-0.03388472352732312,-0.040041488445633204
9.965793159600617,9.98467568558755,-0.03420684039938232,-0.015324314412449112
9.965471444190468,9.946845994195773,-0.034528555809531396,-0.05315400580422802
9.96515013401798,9.970257298050047,-0.03484986598202019,-0.029742701949952894
9.964829232854145,9.972627427368886,-0.035170767145854355,-0.027372572631113704
9.96450874446516,9.977735549981873,-0.035491255534840324,-0.02226445001812812
9.964188672612371,9.946379756896512,-0.035811327387628454,-0.05362024310348756
9.963869021052242,9.98229119491893,-0.03613097894775788,-0.017708805081069888
9.9635497935363,10.001555754688967,-0.03645020646370026,0.0015557546889678059
9.963230993811095,9.974678933171125,-0.03676900618890444,-0.025321066828874424
9.962912625618161,9.964498171329165,-0.037087374381839476,-0.03550182867083433
9.96259469269396,9.993474398436087,-0.037405307306038985,-0.006525601563913089
9.962277198769854,9.963226513822496,-0.03772280123014556,-0.036773486177503624
9.961960147572047,9.995795278248417,-0.038039852427953526,-0.004204721751582083
9.961643542821546,10.002037661916917,-0.038356457178453346,0.0020376619169169274
9.961327388234125,9.941790643429691,-0.03867261176587494,-0.05820935657030825
9.961011687520267,9.982339147152967,-0.038988312479732,-0.017660852847033778
9.960696444385135,9.95735973214545,-0.03930355561486452,-0.04264026785454897
9.960381662528517,9.965251824432274,-0.03961833747148292,-0.034748175567725754
9.96006734564479,9.938540080354395,-0.03993265435521118,-0.06145991964560499
9.959753497422868,9.966258467508972,-0.04024650257713083,-0.033741532491027904
9.959440121546177,9.935929937378178,-0.04055987845382328,-0.06407006262182241
9.959127221692587,9.973418558970293,-0.04087277830741351,-0.02658144102970683
9.958814801534386,9.962540970304055,-0.04118519846561373,-0.03745902969594572
9.958502864738234,9.9553870753037,-0.041497135261765544,-0.04461292469629999
9.958191414965116,9.949747583590982,-0.04180858503488359,-0.050252416409018646
9.957880455870303,9.932690000321392,-0.04211954412969819,-0.0673099996786076
9.9575699911033,9.967626465559494,-0.04243000889669891,-0.03237353444050526
9.957260024307823,9.937050327942973,-0.0427399756921764,-0.06294967205702699
9.956950559121735,9.96281538562995,-0.04304944087826583,-0.037184614370049364
9.956641599177011,9.95284943221882,-0.04335840082298925,-0.047150567781179945
9.9563331480997,9.936127255270716,-0.04366685190029884,-0.06387274472928499
9.956025209509882,9.952188292402303,-0.04397479049011856,-0.04781170759769722
9.955717787021612,9.975256495524793,-0.04428221297838703,-0.024743504475207914
9.9554108842429,9.970042889280206,-0.04458911575710052,-0.029957110719793248
9.955104504775646,9.975777773285449,-0.04489549522435426,-0.024222226714551123
9.954798652215615,9.913230228198845,-0.04520134778438539,-0.08676977180115472
9.954493330152385,9.98687287367005,-0.045506669847614846,-0.013127126329950445
9.95418854216931,9.92172013498128,-0.04581145783069011,-0.0782798650187205
9.953884291843474,9.948026182922508,-0.0461157081565263,-0.0519738170774916
9.953580582745651,9.961823751252586,-0.04641941725434881,-0.03817624874741309
9.953277418440265,9.943838973341062,-0.04672258155973491,-0.05616102665893706
9.952974802485343,9.94069058491164,-0.04702519751465616,-0.05930941508836012
9.952672738432481,9.965481593603876,-0.04732726156751929,-0.034518406396123344
9.952371229826792,9.969041767913923,-0.04762877017320831,-0.03095823208607686
9.952070280206874,9.96580761032167,-0.047929719793126574,-0.03419238967832877
9.951769893104762,9.972808659144684,-0.048230106895237435,-0.027191340855316524
9.951470072045893,9.969463561249894,-0.04852992795410624,-0.030536438750106257
9.95117082054906,9.946251222156427,-0.048829179450941465,-0.053748777843572584
9.950872142126363,9.96937036656249,-0.049127857873636605,-0.030629633437509494
9.95057404028319,9.964839103470254,-0.04942595971681046,-0.03516089652974645
9.950276518518152,9.957043007228423,-0.04972348148184887,-0.042956992771577926
9.949979580323054,9.953022740414525,-0.05002041967694554,-0.0469772595854748
9.949683229182856,9.959124716730171,-0.050316770817143565,-0.040875283269829366
9.949387468575624,9.928968338028124,-0.05061253142437544,-0.0710316619718755
9.949092301972495,9.964288719499185,-0.05090769802750433,-0.03571128050081516
9.948797732837635,9.937864287085837,-0.05120226716236529,-0.06213571291416212
9.948503764628194,9.977527219536562,-0.051496235371804956,-0.022472780463438962
9.948210400794277,9.990710574516726,-0.051789599205722785,-0.009289425483274223
9.947917644778888,9.940969580342324,-0.05208235522111121,-0.059030419657674776
9.947625500017903,9.971495372957419,-0.05237449998209667,-0.028504627042581897
9.94733396994002,9.938769470610083,-0.052666030059979,-0.06123052938991605
9.947043057966727,9.954258347536152,-0.05295694203327216,-0.045741652463847364
9.946752767512255,9.950833067008483,-0.05324723248774482,-0.04916693299151627
9.946463101983541,9.951554202435107,-0.053536898016459535,-0.04844579756489392
9.946174064780188,9.924824160140238,-0.053825935219813326,-0.0751758398597617
9.945885659294422,9.924274532944926,-0.05411434070557728,-0.07572546705507396
9.945597888911063,9.942359722729112,-0.05440211108893698,-0.0576402772708888
