Actual_Level,Predicted_Level,Actual_DeltaH,Predicted_DeltaH
10.0,9.981895182743784,0.0,-0.018104817256215565
10.000342582406287,9.993739928787942,0.00034258240628585497,-0.006260071212058241
10.000685160791921,9.980722966460785,0.000685160791920121,-0.019277033539215574
10.001027731136299,9.994185299695612,0.0010277311362983969,-0.005814700304388644
10.00137028941891,9.990290406331775,0.0013702894189106557,-0.009709593668225495
10.001712831619388,9.992181449639414,0.0017128316193884313,-0.007818550360585314
10.002055353717552,9.997366542003467,0.002055353717552003,-0.002633457996532061
10.002397851693457,9.959984058822661,0.0023978516934575755,-0.0400159411773388
10.002740321527444,9.996525441376727,0.0027403215274444614,-0.003474558623273133
10.003082759200183,9.993330514566397,0.003082759200182254,-0.006669485433602363
10.003425160692718,9.98608983958803,0.003425160692718001,-0.013910160411968887
10.003767521986523,9.957776780846725,0.0037675219865233745,-0.04222321915327522
10.004109839063542,9.988570952222695,0.004109839063541827,-0.01142904777730572
10.004452107906236,10.02355907612849,0.004452107906235755,0.02355907612849161
10.004794324497635,10.005961139154671,0.004794324497633649,0.005961139154671084
10.005136484821378,9.995916679580795,0.005136484821377232,-0.004083320419204612
10.005478584861768,9.982147608085745,0.005478584861768609,-0.01785239191425516
10.005820620603817,9.991372780390344,0.00582062060381738,-0.008627219609654766
10.006162588033288,9.988582093930981,0.006162588033287777,-0.01141790606901842
10.006504483136746,10.010125356191718,0.006504483136745765,0.010125356191718683
10.006846301901605,10.009483669285311,0.006846301901606152,0.009483669285310567
10.00718804031618,9.997853232134696,0.007188040316179677,-0.0021467678653041616
10.00752969436972,9.958575229905502,0.007529694369720096,-0.041424770094498166
10.007871260052472,10.00112225120305,0.00787126005247125,0.0011222512030501525
10.008212733355714,10.020375080126604,0.008212733355714126,0.020375080126602933
10.008554110271813,10.02597425484907,0.00855411027181391,0.025974254849069227
10.008895386794267,9.986718676623106,0.008895386794267011,-0.013281323376893733
10.009236558917747,10.013498911553414,0.009236558917748093,0.013498911553414775
10.009577622638156,10.048567002675496,0.009577622638157077,0.048567002675495
10.009918573952666,9.997132916120366,0.00991857395266613,-0.0028670838796345157
10.010259408859767,10.002066360887394,0.010259408859766657,0.002066360887394241
10.010600123359316,10.001438625727316,0.01060012335931625,0.001438625727316097
10.010940713452586,9.979765202224113,0.010940713452585647,-0.02023479777588695
10.011281175142306,10.006961911030723,0.011281175142305647,0.006961911030722467
10.011621504432714,10.017870549123066,0.011621504432714043,0.01787054912306553
10.011961697329603,10.011724607527308,0.011961697329602498,0.011724607527308136
10.012301749840363,9.997226282368318,0.012301749840363434,-0.002773717631682316
10.012641657974036,9.978560431055064,0.012641657974036888,-0.021439568944937162
10.012981417741358,10.02038852789544,0.012981417741357349,0.020388527895439594
10.0133210251548,9.953043020346792,0.013321025154800584,-0.04695697965320845
10.01366047622863,10.021739442341426,0.01366047622863042,0.02173944234142621
10.013999766978946,10.005788392516806,0.013999766978945546,0.005788392516805151
10.014338893423727,9.991255939318869,0.014338893423726249,-0.008744060681131394
10.014677851582881,10.019756163233486,0.014677851582881164,0.019756163233486553
10.015016637478293,10.005672655138618,0.01501663747829396,0.005672655138617666
10.01535524713387,10.034985410301255,0.015355247133870068,0.03498541030125444
10.015693676575584,10.050977462600617,0.015693676575583307,0.05097746260061669
10.016031921831523,10.024451422601574,0.01603192183152255,0.024451422601574853
10.01636997893194,10.013287560242095,0.016369978931938325,0.013287560242095126
10.01670784390929,10.00591303984308,0.016707843909289418,0.005913039843079582
10.017045512798289,10.007046579291917,0.017045512798289416,0.007046579291917321
10.017382981635953,10.015563950154053,0.01738298163595327,0.015563950154052986
10.017720246461645,10.017217820161905,0.017720246461643795,0.017217820161905584
10.018057303317118,9.999510747123864,0.018057303317118148,-0.0004892528761357255
10.018394148246575,9.998568756132968,0.018394148246574288,-0.0014312438670316743
10.018730777296698,10.036792672899292,0.01873077729669741,0.036792672899291494
10.019067186516706,10.022598010272652,0.019067186516706316,0.022598010272652933
10.0194033719584,10.05606873362301,0.019403371958399827,0.05606873362300998
10.019739329676202,10.01939861382163,0.019739329676203073,0.019398613821631466
10.020075055727213,10.011025787291608,0.020075055727213836,0.01102578729160835
10.020410546171249,9.979459902309276,0.02041054617124879,-0.020540097690724065
10.020745797070889,9.999821659574692,0.020745797070889794,-0.0001783404253068721
10.02108080449153,10.005259072391008,0.021080804491530047,0.005259072391007282
10.021415564501421,10.014985775766327,0.021415564501420306,0.014985775766327033
10.021750073171715,9.99000116470472,0.02175007317171501,-0.009998835295279038
10.022084326576518,10.033414802533342,0.02208432657651839,0.03341480253334152
10.02241832079293,9.983607618673028,0.022418320792930574,-0.016392381326972343
10.022752051901094,10.00816212524339,0.022752051901093577,0.008162125243388739
10.023085515984237,10.024326120757248,0.02308551598423735,0.02432612075724821
10.023418709128725,10.039451963918276,0.023418709128725717,0.03945196391827602
10.023751627424103,10.011844604601192,0.023751627424102337,0.011844604601192878
10.024084266963136,10.004283950838754,0.02408426696313657,0.00428395083875369
10.02441662384187,9.978074578555036,0.02441662384186935,-0.02192542144496374
10.024748694159658,10.036647283351073,0.024748694159659003,0.03664728335107327
10.025080474019227,10.040563896228862,0.025080474019227,0.040563896228862605
10.025411959526703,10.051658108684753,0.025411959526703755,0.05165810868475296
10.025743146791674,10.012331686875994,0.02574314679167425,0.012331686875993429
10.026074031927223,10.003236976910053,0.026074031927223768,0.003236976910053011
10.026404611049983,10.006195049442232,0.026404611049983436,0.006195049442231922
10.026734880280175,10.038563811809036,0.02673488028017587,0.03856381180903602
10.02706483574166,10.002103920077177,0.027064835741660676,0.0021039200771763127
10.02739447356198,10.030379934160278,0.027394473561979937,0.03037993416027831
10.027723789872404,10.02802406394441,0.027723789872403665,0.02802406394440849
10.028052780807975,9.99301068650645,0.028052780807975228,-0.006989313493550989
10.028381442507557,10.028182802704338,0.02838144250755667,0.028182802704337248
10.028709771113874,10.021422527478824,0.028709771113874072,0.021422527478823915
10.029037762773562,10.02338054753994,0.02903776277356279,0.023380547539939178
10.029365413637212,9.99217784891743,0.029365413637212668,-0.007822151082569475
10.029692719859414,10.015041435701297,0.029692719859413276,0.015041435701297652
10.0300196775988,10.026986571974726,0.030019677598798967,0.0269865719747265
10.030346283018094,10.023634759760585,0.030346283018094018,0.023634759760584496
10.030672532284157,10.062140495188004,0.030672532284157616,0.06214049518800397
10.030998421568029,10.080864620546487,0.0309984215680289,0.08086462054648766
10.031323947044973,10.044733906657404,0.03132394704497186,0.044733906657404565
10.03164910489452,10.077862909526504,0.03164910489452021,0.07786290952650296
10.031973891300522,10.047821176563094,0.03197389130052229,0.047821176563093495
10.032298302451185,10.047681562604074,0.03229830245118579,0.047681562604075106
10.032622334539122,9.983231780261988,0.03262233453912252,-0.01676821973801096
10.032945983761394,10.024540999983675,0.0329459837613931,0.02454099998367395
10.033269246319552,10.005905015471452,0.03326924631955153,0.005905015471452054
10.03359211841969,10.028970917626776,0.03359211841968988,0.028970917626776137
10.033914596272483,10.07726480193817,0.03391459627248271,0.07726480193817097
10.034236676093231,10.057763072407798,0.034236676093231604,0.057763072407799
10.03455835410191,10.039486068451824,0.034558354101909564,0.03948606845182311
10.034879626523205,10.02574579570028,0.034879626523205386,0.025745795700279565
10.035200489586568,10.051672286042916,0.035200489586567976,0.05167228604291561
10.03552093952625,10.035971813724208,0.03552093952625057,0.03597181372420765
10.035840972581354,10.018637708613186,0.035840972581354956,0.01863770861318678
10.036160584995876,10.032125967598546,0.0361605849958756,0.0321259675985466
10.036479773018744,10.061279737351082,0.03647977301874376,0.06127973735108154
10.036798532903871,10.029223007020686,0.03679853290387144,0.02922300702068647
10.037116860910196,9.996913759199707,0.03711686091019544,-0.00308624080029251
10.03743475330172,10.008050582180651,0.037434753301721205,0.008050582180650821
10.037752206347566,10.000374014049228,0.03775220634756668,0.0003740140492278776
10.038069216322006,10.045405438976678,0.03806921632200612,0.04540543897667815
10.038385779504514,9.98913415125173,0.038385779504513794,-0.010865848748269874
10.038701892179807,10.007658463505512,0.038701892179807657,0.00765846350551155
10.039017550637894,10.06439421054938,0.039017550637892945,0.0643942105493803
10.039332751174106,10.030876755587633,0.03933275117410576,0.03087675558763181
10.039647490089157,10.064660420036871,0.03964749008915646,0.06466042003687121
10.039961763689174,10.088998355823225,0.03996176368917318,0.08899835582322452
10.040275568285745,10.046092207049988,0.040275568285745106,0.04609220704998815
10.040588900195965,10.03724099928433,0.04058890019596581,0.03724099928433144
10.040901755742476,10.02132775071209,0.04090175574247643,0.021327750712089567
10.04121413125351,10.062954529143529,0.04121413125350888,0.06295452914352888
10.041526023062929,10.048996127074224,0.0415260230629289,0.048996127074223274
10.041837427510279,10.100019716733565,0.04183742751027911,0.10001971673356477
10.042148340940821,10.048024111131676,0.04214834094082195,0.04802411113167632
10.042458759705582,10.028256142771292,0.04245875970558258,0.028256142771292146
10.042768680161391,10.048480587790204,0.04276868016139172,0.04848058779020329
10.043078098670929,10.077638783731183,0.043078098670928405,0.0776387837311841
10.043387011602762,10.059194134666729,0.04338701160276265,0.05919413466672852
10.043695415331397,10.042171477816218,0.04369541533139806,0.04217147781621916
10.044003306237315,10.06249028099685,0.04400330623731446,0.062490280996849584
10.04431068070701,10.064924987295536,0.044310680707010275,0.0649249872955361
10.044617535133044,10.061616569364427,0.044617535133045,0.06161656936442587
10.04492386591408,10.07131002132971,0.044923865914081505,0.07131002132970922
10.045229669454928,10.064049188602896,0.045229669454928345,0.06404918860289611
10.045534942166581,10.041679370093906,0.04553494216658191,0.04167937009390651
10.045839680466269,10.028162092326182,0.04583968046626856,0.028162092326182955
10.046143880777487,10.06131289112735,0.04614388077748668,0.06131289112735133
10.046447539530048,10.084530001209806,0.046447539530048654,0.0845300012098063
10.046750653160123,10.012928177826698,0.04675065316012276,0.01292817782669807
10.047053218110275,10.066203155958142,0.04705321811027502,0.06620315595814173
10.047355230829512,10.052410386184722,0.04735523082951089,0.05241038618472129
10.047656687773317,10.07092915897018,0.04765668777331701,0.07092915897018022
10.047957585403703,10.081401155850912,0.04795758540370276,0.08140115585091155
10.048257920189242,10.071431431254915,0.0482579201892418,0.07143143125491404
10.048557688605113,10.039364330862925,0.04855768860511349,0.039364330862925984
10.048856887133145,10.086305912353083,0.04885688713314429,0.08630591235308363
10.04915551226185,10.056347444406175,0.049155512261849034,0.05634744440617398
10.049453560486473,10.085766875637445,0.049453560486472155,0.0857668756374441
10.049751028309029,10.064204213908624,0.0497510283090288,0.06420421390862367
10.050047912238346,10.052180754076907,0.050047912238345885,0.05218075407690809
10.050344208790102,10.04752751445195,0.050344208790103095,0.0475275144519497
10.050639914486874,10.041716291434774,0.050639914486873716,0.041716291434773844
10.050935025858166,10.027880027468928,0.05093502585816556,0.027880027468928464
10.051229539440461,10.07422956118163,0.05122953944046155,0.07422956118163018
10.05152345177726,10.004796410374155,0.051523451777260476,0.004796410374154424
10.051816759419118,10.047477623167113,0.051816759419117536,0.04747762316711301
10.052109458923685,10.070797666025717,0.05210945892368479,0.07079766602571755
10.052401546855751,10.045036156844633,0.052401546855751616,0.04503615684463338
10.052693019787284,10.04050528324992,0.05269301978728496,0.04050528324992139
10.05298387429747,10.022264658690391,0.05298387429746959,0.022264658690391594
10.053274106972749,10.066604096678711,0.05327410697274833,0.06660409667871132
10.053563714406861,10.044749124167351,0.053563714406861966,0.04474912416735062
10.05385269320089,10.05652316173635,0.05385269320088934,0.056523161736350386
10.054141039963287,10.05357758325027,0.05414103996328721,0.05357758325027093
10.05442875130993,10.092516177430952,0.054428751309930024,0.09251617743095181
10.05471582386415,10.026009048877283,0.05471582386414972,0.02600904887728326
10.055002254256776,10.042972839473512,0.05500225425677522,0.04297283947351156
10.055288039126172,10.058020114295699,0.05528803912617211,0.05802011429569945
10.055573175118282,10.049065378376032,0.055573175118282005,0.049065378376032254
10.055857658886662,10.059777607446076,0.05585765888666196,0.059777607446076554
10.056141487092523,10.07844887527851,0.05614148709252373,0.07844887527851055
10.056424656404772,10.062455558918472,0.0564246564047729,0.06245555891847216
10.056707163500048,10.05989897910059,0.0567071635000481,0.05989897910059008
10.05698900506276,10.068979630309645,0.05698900506275992,0.06897963030964438
10.05727017778513,10.065560324444911,0.05727017778512981,0.06556032444491218
10.057550678367228,10.054773391965629,0.05755067836722896,0.054773391965629165
10.057830503517017,10.065344448782671,0.05783050351701701,0.06534444878267166
10.058109649950381,10.06100052976716,0.05810964995038066,0.06100052976716047
10.058388114391173,10.06282370566899,0.05838811439117228,0.06282370566899032
10.058665893571249,10.04888109153256,0.05866589357124823,0.04888109153256151
10.058942984230507,10.072366902271837,0.05894298423050736,0.07236690227183668
10.059219383116929,10.037977337372572,0.0592193831169292,0.03797733737257238
10.059495086986612,10.082817438040994,0.05949508698661215,0.08281743804099426
10.059770092603811,10.027500245763155,0.05977009260381149,0.027500245763155143
10.060044396740977,10.049830738685298,0.060044396740977446,0.04983073868529703
10.060317996178792,10.076759273910016,0.06031799617879302,0.07675927391001497
10.060590887706212,10.07332258309989,0.060590887706211786,0.07332258309988943
10.060863068120495,10.083199507084263,0.06086306812049555,0.0831995070842633
10.061134534227252,10.095308431799038,0.06113453422725196,0.09530843179903911
10.061405282840472,10.048853390446666,0.061405282840472024,0.048853390446666034
10.061675310782567,10.062178139407067,0.06167531078256744,0.06217813940706698
10.061944614884409,10.060677871913866,0.061944614884407945,0.06067787191386635
10.062213191985359,10.049247216660682,0.062213191985358476,0.04924721666068246
10.062481038933317,10.062922822911418,0.062481038933316274,0.06292282291141692
10.062748152584748,10.083057344661835,0.06274815258474788,0.08305734466183498
10.063014529804725,10.033860351177735,0.06301452980472602,0.03386035117773466
10.063280167466967,10.056300365072774,0.0632801674669664,0.056300365072773605
10.063545062453864,10.06711327706366,0.06354506245386445,0.06711327706365945
10.063809211656531,10.078100353985993,0.06380921165653178,0.07810035398599287
10.064072611974833,10.05009867075799,0.06407261197483283,0.05009867075799006
10.06433526031742,10.055955023298456,0.06433526031742112,0.05595502329845522
10.064597153601776,10.03714380449573,0.06459715360177562,0.03714380449573136
10.064858288754237,10.065261516258088,0.06485828875423688,0.06526151625808914
10.065118662710043,10.039889699312715,0.06511866271004312,0.03988969931271412
10.065378272413366,10.040862004962143,0.06537827241336619,0.04086200496214243
10.065637114817347,10.094453943467927,0.06563711481734745,0.09445394346792808
10.065895186884134,10.073965290913387,0.06589518688413351,0.0739652909133866
10.066152485584912,10.081112023911823,0.0661524855849119,0.08111202391182279
10.066409007899946,10.10672952396416,0.0664090078999466,0.10672952396416036
10.066664750818614,10.078050067043224,0.06666475081861349,0.07805006704322304
10.066919711339436,10.069105845004401,0.06691971133943572,0.06910584500440062
10.067173886470119,10.06738601230247,0.06717388647011883,0.06738601230246918
10.067427273227587,10.056674794422369,0.067427273227586,0.056674794422368516
10.067679868638013,10.048659816938951,0.06767986863801298,0.04865981693895169
10.067931669736863,10.053639143519602,0.06793166973686297,0.053639143519601445
10.068182673568922,10.04448713759682,0.06818267356892155,0.04448713759681859
10.06843287718833,10.063103644683078,0.06843287718833115,0.0631036446830786
10.068682277658626,10.035020652675641,0.0686822776586258,0.035020652675641716
10.068930872052766,10.067695763784604,0.06893087205276556,0.06769576378460467
10.06917865745317,10.07394929752965,0.0691786574531708,0.07394929752964932
10.069425630951756,10.07441535314232,0.06942563095175645,0.0744153531423217
10.069671789649966,10.086202387961073,0.0696717896499663,0.08620238796107355
10.069917130658807,10.044227949353305,0.06991713065880674,0.0442279493533055
10.07016165109888,10.046759541695028,0.07016165109888091,0.04675954169502892
10.070405348100422,10.050383041525153,0.07040534810042236,0.05038304152515358
10.07064821880333,10.083815930449768,0.07064821880332872,0.08381593044976848
10.070890260357196,10.052566031130244,0.07089026035719542,0.052566031130243066
10.07113146992135,10.095165628706887,0.07113146992134893,0.09516562870688647
10.07137184466488,10.077754611610533,0.07137184466488027,0.07775461161053418
10.071611381766678,10.045937938160517,0.07161138176667815,0.045937938160516015
10.071850078415462,10.061971813894608,0.0718500784154621,0.06197181389460823
10.072087931809815,10.066352235567726,0.07208793180981543,0.06635223556772603
10.072324939158218,10.073304853518882,0.07232493915821822,0.07330485351888312
10.07256109767908,10.090820651763114,0.07256109767907991,0.09082065176311381
10.072796404600773,10.074301693973666,0.07279640460077212,0.0743016939736659
10.073030857161662,10.092197373191572,0.07303085716166102,0.09219737319157226
10.07326445261014,10.042796901946684,0.0732644526101399,0.04279690194668385
10.073497188204662,10.098966533444404,0.07349718820466133,0.09896653344440445
10.07372906121377,10.041058108586643,0.0737290612137694,0.041058108586643806
10.073960068916131,10.053226853170017,0.07396006891613177,0.053226853170017546
10.074190208600571,10.111222797049596,0.0741902086005716,0.111222797049595
10.0744194775661,10.0613087390025,0.07441947756609935,0.06130873900250116
10.074647873121945,10.055657981206087,0.07464787312194456,0.055657981206086754
10.074875392587588,10.103699506988068,0.07487539258758732,0.10369950698806804
10.07510203329279,10.055960009065403,0.0751020332927898,0.055960009065403896
10.075327792577628,10.05725659183757,0.07532779257762759,0.05725659183756911
10.07555266779252,10.06758258425159,0.07555266779252084,0.06758258425158944
10.075776656298265,10.095170921627862,0.07577665629826551,0.09517092162786102
10.075999755466064,10.07461950548687,0.07599975546606415,0.07461950548686984
10.076221962677558,10.027229485727219,0.07622196267755689,0.027229485727218575
10.076443275324852,10.093370244533663,0.07644327532485216,0.09337024453366363
10.076663690810557,10.089016287533653,0.07666369081055724,0.08901628753365347
10.076883206547809,10.083642226109355,0.07688320654780875,0.08364222610935544
10.077101819960303,10.105442545002829,0.07710181996030309,0.10544254500282944
10.077319528482327,10.077948238923694,0.07731952848232657,0.07794823892369353
10.077536329558786,10.051665730520389,0.07753632955878559,0.05166573052038928
10.077752220645237,10.095122061615285,0.07775222064523657,0.09512206161528461
10.077967199207915,10.066275951588064,0.07796719920791595,0.06627595158806522
10.07818126272377,10.060336544209957,0.07818126272376973,0.060336544209956336
10.078394408680483,10.093067992742808,0.0783944086804832,0.09306799274280854
10.078606634576511,10.058861618753847,0.0786066345765104,0.058861618753847184
10.078817937921103,10.076710619539217,0.07881793792110356,0.07671061953921654
10.079028316234343,10.086356701342323,0.07902831623434213,0.08635670134232322
10.079237767047163,10.095276415299343,0.0792377670471621,0.09527641529934343
10.079446287901385,10.086920728131847,0.07944628790138483,0.08692072813184755
10.079653876349745,10.097018789248933,0.07965387634974604,0.09701878924893236
10.079860529955925,10.07395855272133,0.07986052995592435,0.07395855272133016
10.080066246294571,10.072199718335153,0.08006624629457006,0.07219971833515237
10.080271022951333,10.06379652987941,0.08027102295133345,0.06379652987940965
10.080474857522892,10.081716594694457,0.08047485752289325,0.08171659469445736
10.080677747616985,10.064560186018529,0.08067774761698476,0.06456018601852886
10.080879690852427,10.088463549623297,0.08087969085242798,0.08846354962329704
10.081080684859156,10.100064840040448,0.0810806848591555,0.10006484004044816
10.08128072727824,10.09359803290315,0.08128072727824039,0.09359803290315102
10.081479815761924,10.101906862992015,0.08147981576192379,0.10190686299201576
10.081677947973642,10.114017450150703,0.08167794797364254,0.11401745015070339
10.081875121588057,10.081376397470907,0.08187512158805663,0.0813763974709058
10.082071334291076,10.054556479570046,0.08207133429107635,0.054556479570045543
10.082266583779889,10.053164303938724,0.0822665837798896,0.05316430393872332
10.08246086776299,10.074471358983795,0.08246086776298883,0.0744713589837938
10.082654183960198,10.06962326373498,0.08265418396019797,0.06962326373498105
10.0828465301027,10.042522730801382,0.0828465301026992,0.042522730801382504
10.083037903933059,10.119047483287302,0.0830379039330595,0.11904748328730141
10.083228303205257,10.087946103451042,0.08322830320525727,0.08794610345104198
10.083417725684708,10.070772346978876,0.08341772568470858,0.07077234697887502
10.083606169148293,10.096545748170843,0.08360616914829344,0.0965457481708425
10.083793631384381,10.041572093235814,0.08379363138438191,0.04157209323581373
10.08398011019286,10.070544620458314,0.08398011019286002,0.07054462045831429
10.084165603385156,10.048449717101423,0.0841656033851556,0.04844971710142334
10.084350108784264,10.089192547615365,0.08435010878426397,0.08919254761536433
10.084533624224774,10.116568034021288,0.08453362422477351,0.11656803402128868
10.084716147552891,10.083084115617236,0.08471614755289107,0.08308411561723585
10.084897676626467,10.09514800192217,0.08489767662646719,0.09514800192217111
10.085078209315022,10.059282254194367,0.08507820931502132,0.05928225419436588
10.085257743499767,10.05376866228771,0.08525774349976675,0.053768662287710774
10.085436277073635,10.078239381670603,0.08543627707363555,0.07823938167060307
10.085613807941304,10.09012961308458,0.08561380794130327,0.09012961308457924
10.085790334019213,10.095877802143665,0.0857903340192135,0.09587780214366559
10.085965853235603,10.077485887936367,0.08596585323560235,0.07748588793636739
10.086140363530523,10.124901832773226,0.08614036353052279,0.12490183277322536
10.086313862855869,10.084157119227127,0.08631386285586877,0.0841571192271276
10.086486349175399,10.064296119256847,0.0864863491753993,0.06429611925684663
10.086657820464762,10.05694506268668,0.08665782046476234,0.05694506268667911
10.086828274711518,10.09200119312993,0.08682827471151855,0.09200119312992916
10.086997709915165,10.040996949408648,0.08699770991516492,0.04099694940864746
10.087166124087158,10.05925293480189,0.0871661240871582,0.05925293480188914
10.087333515250938,10.065131366760056,0.08733351525093833,0.06513136676005567
10.087499881441952,10.064427571176331,0.08749988144195159,0.06442757117633159
10.087665220707674,10.057836814773578,0.08766522070767357,0.057836814773578
10.087829531107632,10.094525172244248,0.08782953110763231,0.09452517224424735
10.08799281071343,10.074581401440167,0.08799281071343078,0.0745814014401675
10.08815505760877,10.128455276451005,0.08815505760876974,0.12845527645100546
10.08831626988947,10.09983712706968,0.08831626988947021,0.09983712706968047
10.088476445663495,10.070594774886342,0.08847644566349565,0.07059477488634133
10.088635583050975,10.092330346072824,0.08863558305097434,0.09233034607282409
10.08879368018422,10.091957771287658,0.08879368018422137,0.09195777128765786
10.08895073520776,10.079480296691532,0.08895073520776059,0.07948029669153214
10.089106746278347,10.120368214416777,0.08910674627834633,0.12036821441677759
10.089261711564985,10.074013221905336,0.08926171156498512,0.07401322190533587
10.089415629248958,10.101109113163155,0.08941562924895707,0.10110911316315518
10.089568497523837,10.05632721131951,0.08956849752383733,0.056327211319510594
10.089720314595517,10.05169351401289,0.08972031459551717,0.05169351401288872
10.089871078682226,10.083220558654753,0.08987107868222519,0.08322055865475365
10.090020788014549,10.062565795033844,0.09002078801454806,0.06256579503384413
10.090169440835451,10.082969463372393,0.09016944083545142,0.0829694633723939
10.0903170354003,10.114659948299769,0.09031703540030042,0.11465994829976876
10.09046356997688,10.078738761318153,0.09046356997688025,0.07873876131815258
10.090609042845417,10.093647407521628,0.09060904284541643,0.09364740752162726
10.090753452298594,10.089628250349806,0.09075345229859501,0.0896282503498052
10.090896796641582,10.091755160416682,0.09089679664158262,0.09175516041668169
10.091039074192047,10.09316095779873,0.09103907419204632,0.09316095779872952
10.091180283280174,10.132656432670672,0.09118028328017341,0.13265643267067162
10.09132042224869,10.111167795357478,0.09132042224869097,0.1111677953574773
10.091459489452886,10.088397052449174,0.0914594894528853,0.08839705244917383
10.091597483260621,10.087406916050375,0.09159748326062134,0.08740691605037451
10.091734402052362,10.086317719754039,0.09173440205236164,0.08631771975403904
10.091870244221186,10.095688633074293,0.0918702442211855,0.09568863307429312
10.092005008172809,10.093849221333919,0.09200500817280784,0.09384922133391865
10.092138692325598,10.096604091114418,0.09213869232559779,0.09660409111441899
10.092271295110598,10.068653466375105,0.09227129511059741,0.06865346637510587
10.09240281497154,10.096749310739256,0.09240281497153995,0.09674931073925604
10.092533250364868,10.133712354636549,0.0925332503648682,0.13371235463654935
10.092662599759752,10.117621355260768,0.09266259975975265,0.11762135526076746
10.09279086163811,10.110245934754875,0.09279086163810932,0.11024593475487583
10.092918034494618,10.07676040141825,0.0929180344946177,0.07676040141825037
10.093044116836738,10.12087202543162,0.0930441168367384,0.1208720254316189
10.09316910718473,10.08529598757248,0.09316910718473055,0.08529598757247964
10.09329300407167,10.104617409293224,0.09329300407166935,0.10461740929322445
10.093415806043463,10.093287933779186,0.09341580604346314,0.09328793377918647
10.093537511658871,10.095475005069163,0.09353751165887053,0.09547500506916319
10.093658119489517,10.050287250286,0.09365811948951731,0.050287250286001034
10.093777628119913,10.114454770111372,0.0937776281199132,0.11445477011137226
10.093896036147468,10.07761416604544,0.09389603614746847,0.07761416604543875
10.09401334218251,10.08523774786185,0.0940133421825104,0.08523774786184951
10.0941295448483,10.119875099667027,0.09412954484829957,0.1198750996670267
10.094244642781046,10.069061395049255,0.0942446427810461,0.0690613950492546
10.094358634629925,10.081760207939338,0.09435863462992551,0.0817602079393383
10.094471519057095,10.093822757501009,0.09447151905709475,0.09382275750100975
10.094583294737708,10.107831042660015,0.0945832947377077,0.10783104266001549
10.094693960359931,10.136052659141196,0.09469396035993094,0.13605265914119596
10.094803514624958,10.057104727541073,0.09480351462495895,0.057104727541074124
10.09491195624703,10.07713461182136,0.09491195624702947,0.07713461182136142
10.09501928395344,10.099550870129907,0.09501928395343856,0.09955087012990724
10.095125496484556,10.092918558775116,0.09512549648455554,0.09291855877511622
10.095230592593838,10.107621092315622,0.09523059259383773,0.10762109231562235
10.095334571047845,10.061261052157331,0.09533457104784517,0.061261052157330166
10.095437430626255,10.108798968431778,0.09543743062625501,0.10879896843177794
10.095539170121876,10.096018414544472,0.09553917012187585,0.09601841454447164
10.095639788340662,10.08444021097464,0.09563978834066196,0.0844402109746402
10.095739284101727,10.08611315415949,0.09573928410172725,0.08611315415949035
10.095837656237359,10.083370986083285,0.09583765623735911,0.08337098608328432
10.095934903593033,10.079893575555493,0.09593490359303218,0.07989357555549244
10.096031025027422,10.062579314107296,0.0960310250274218,0.06257931410729614
10.096126019412418,10.04908540040405,0.09612601941241755,0.049085400404049906
10.096219885633136,10.096334399819686,0.09621988563313633,0.09633439981968603
10.096312622587936,10.121192721650244,0.09631262258793556,0.12119272165024489
10.096404229188426,10.114458224918197,0.09640422918842606,0.11445822491819634
10.096494704359484,10.105966880001857,0.09649470435948483,0.10596688000185688
10.096584047039268,10.123212072674404,0.09658404703926768,0.12321207267440326
10.096672256179222,10.09015151964704,0.09667225617922165,0.09015151964704128
10.096759330744097,10.086195117395045,0.0967593307440974,0.08619511739504487
10.096845269711961,10.088023427332919,0.09684526971196128,0.08802342733291905
10.096930072074207,10.048346821250822,0.09693007207420734,0.04834682125082223
10.097013736835569,10.079465853547855,0.09701373683556921,0.07946585354785504
10.097096263014132,10.088791313828155,0.09709626301413174,0.08879131382815558
10.097177649641342,10.082304145047889,0.09717764964134253,0.08230414504788938
10.097257895762024,10.078993242687597,0.09725789576202332,0.07899324268759714
10.097337000434381,10.104337588788047,0.09733700043438112,0.10433758878804744
10.097414962730019,10.064355921814276,0.09741496273001941,0.0643559218142752
10.097491781733948,10.097233336644654,0.09749178173394892,0.09723333664465424
10.0975674565446,10.076079702527657,0.09756745654459836,0.07607970252765728
10.097641986273825,10.095639322163112,0.09764198627382512,0.09563932216311319
10.097715370046926,10.097830314004296,0.09771537004692554,0.09783031400429562
10.097787607002646,10.087124286884583,0.09778760700264527,0.0871242868845835
10.097858696293189,10.127573835992854,0.09785869629318941,0.12757383599285355
10.097928637084232,10.109096490281624,0.09792863708423233,0.10909649028162346
10.097997428554928,10.10395717032945,0.0979974285549276,0.10395717032944941
10.098065069897917,10.077920517840731,0.09806506989791755,0.07792051784073176
10.098131560319343,10.07394027370567,0.09813156031934273,0.07394027370566952
10.098196899038852,10.083252371487585,0.09819689903885127,0.08325237148758556
10.098261085289607,10.107730820672355,0.09826108528960807,0.10773082067235454
10.098324118318304,10.096867516556907,0.09832411831830368,0.0968675165569067
10.098385997385163,10.10351875761689,0.09838599738516328,0.10351875761688965
10.098446721763954,10.111562232522651,0.09844672176395526,0.11156223252265027
10.098506290742,10.093950082182712,0.09850629074199979,0.0939500821827126
10.098564703620177,10.113651327678474,0.09856470362017719,0.11365132767847282
10.098621959712936,10.078211443447914,0.0986219597129361,0.07821144344791431
10.098678058348302,10.063552342801438,0.09867805834830157,0.06355234280143868
10.098732998867883,10.104572967836775,0.09873299886788288,0.10457296783677478
10.098786780626881,10.079089491279351,0.09878678062688134,0.07908949127935169
10.098839402994098,10.071936560661959,0.09883940299409788,0.07193656066195928
10.09889086535194,10.064550976142172,0.09889086535194029,0.06455097614217235
10.09894116709643,10.08806990600161,0.09894116709643067,0.08806990600161058
10.098990307637212,10.102867834907839,0.0989903076372124,0.10286783490783946
10.099038286397557,10.108382767513364,0.09903828639755712,0.10838276751336423
10.09908510281437,10.068935519011706,0.09908510281437144,0.06893551901170569
10.099130756338203,10.10473092103263,0.09913075633820366,0.10473092103262974
10.09917524643325,10.112895578138039,0.09917524643325007,0.1128955781380387
10.099218572577362,10.101817344811137,0.09921857257736136,0.10181734481113688
10.09926073426205,10.103894008950196,0.09926073426204868,0.10389400895019567
10.09930173099249,10.0605142134462,0.09930173099248966,0.060514213446200366
10.099341562287535,10.119240624127745,0.09934156228753416,0.11924062412774401
10.09938022767971,10.076711143730684,0.09938022767970994,0.07671114373068368
10.099417726715227,10.120398058215365,0.09941772671522818,0.12039805821536465
10.099454058953988,10.076866149938308,0.09945405895398877,0.07686614993830747
10.099489223969586,10.11088697582347,0.09948922396958547,0.11088697582347112
10.099523221349312,10.049068725430176,0.09952322134931094,0.04906872543017711
10.099556050694162,10.122828187365057,0.09955605069416154,0.12282818736505624
10.099587711618842,10.12358238008419,0.09958771161884211,0.12358238008418992
10.09961820375177,10.101495896349949,0.09961820375177034,0.10149589634994882
10.099647526735081,10.105267022732948,0.09964752673508129,0.10526702273294683
10.099675680224632,10.094763425476575,0.09967568022463147,0.09476342547657454
10.099702663890003,10.087089649498434,0.09970266389000294,0.08708964949843406
10.099728477414507,10.091261319723406,0.09972847741450719,0.09126131972340612
10.099753120495189,10.102110801804578,0.09975312049518881,0.10211080180457814
10.09977659284283,10.125596483869584,0.0997765928428291,0.12559648386958341
10.09979889418195,10.085624949033146,0.09979889418194943,0.08562494903314634
10.099820024250814,10.07890136653675,0.09982002425081446,0.0789013665367491
10.099839982801436,10.105420101627699,0.0998399828014353,0.10542010162769888
10.099858769599573,10.114875733139788,0.09985876959957228,0.1148757331397889
10.099876384424737,10.10246133753646,0.09987638442473783,0.10246133753645834
10.0998928270702,10.073705341959913,0.09989282707019896,0.07370534195991399
10.09990809734298,10.107090289862539,0.0999080973429798,0.10709028986253805
10.099922195063863,10.108621357637897,0.09992219506386377,0.10862135763789771
10.099935120067396,10.1118734955294,0.09993512006739569,0.11187349552939933
10.099946872201883,10.110167957159652,0.09994687220188381,0.11016795715965147
10.099957451329402,10.146130301712201,0.09995745132940148,0.1461303017122012
10.09996685732579,10.107823060099005,0.09996685732578883,0.10782306009900515
10.099975090080655,10.062752436280622,0.09997509008065424,0.06275243628062269
10.099982149497375,10.097011647300205,0.09998214949737555,0.09701164730020462
10.099988035493102,10.121914285102463,0.09998803549310133,0.12191428510246227
10.099992747998751,10.135465904710879,0.09999274799875171,0.13546590471087896
10.09999628695902,10.125170656372209,0.09999628695901931,0.1251706563722096
10.09999865233237,10.096794935727216,0.09999865233236982,0.0967949357272153
10.099999844091043,10.085804792442794,0.09999984409104246,0.08580479244279421
10.09999986222105,10.0666303957501,0.09999986222105041,0.06663039575010005
10.09999870672218,10.088441643776713,0.09999870672218089,0.08844164377671386
10.099996377607996,10.104777293705842,0.09999637760799518,0.10477729370584293
10.099992874905828,10.104676502929582,0.09999287490582849,0.10467650292958285
10.09998819865679,10.10564689767984,0.0999881986567896,0.10564689767983915
10.099982348915761,10.103065992623318,0.09998234891576036,0.10306599262331803
10.099975325751394,10.070676196116832,0.09997532575139516,0.07067619611683144
10.09996712924612,10.098459847849243,0.09996712924611996,0.09845984784924276
10.099957759496132,10.103542322853992,0.09995775949613148,0.10354232285399213
10.099947216611396,10.063842330304023,0.09994721661139594,0.06384233030402414
10.099935500715647,10.100232367176124,0.09993550071564786,0.1002323671761239
10.099922611946388,10.07029927730579,0.09992261194638856,0.07029927730578847
10.099908550454884,10.116443517180807,0.09990855045488456,0.11644351718080759
10.099893316406165,10.104980162047744,0.09989331640616583,0.10498016204774291
10.099876909979024,10.096792949701868,0.0998769099790238,0.09679294970186879
10.099859331366009,10.0983799987908,0.09985933136600932,0.09837999879080042
10.09984058077343,10.13756144484745,0.09984058077343033,0.1375614448474491
10.099820658421349,10.119420196486855,0.0998206584213495,0.11942019648685448
10.09979956454358,10.105828966173688,0.09979956454358163,0.1058289661736875
10.099777299387691,10.109561467290522,0.09977729938769093,0.10956146729052207
10.099753863214987,10.090240954369994,0.09975386321498804,0.09024095436999413
10.099729256300527,10.11826745123418,0.09972925630052702,0.11826745123418078
10.099703478933103,10.114613374556738,0.09970347893310214,0.11461337455673794
10.099676531415245,10.098727988330745,0.09967653141524443,0.09872798833074597
10.099648414063218,10.11216108846252,0.09964841406321819,0.11216108846251864
10.099619127207017,10.105341797659007,0.09961912720701722,0.10534179765900595
10.09958867119036,10.112485241998588,0.09958867119036102,0.11248524199858709
10.099557046370691,10.074096729846467,0.09955704637069067,0.07409672984646665
10.099524253119165,10.075320998334183,0.09952425311916469,0.07532099833418304
10.099490291820654,10.096670794352912,0.0994902918206547,0.09667079435291198
10.09945516287374,10.092618560907145,0.09945516287374086,0.0926185609071446
10.099418866690707,10.098590922945029,0.09941886669070718,0.09859092294502812
10.099381403697537,10.141148322127187,0.09938140369753674,0.14114832212718606
10.099342774333907,10.101058613201618,0.09934277433390667,0.10105861320161708
10.099302979053183,10.128398789766209,0.09930297905318294,0.12839878976620808
10.099262018322415,10.084296803879383,0.0992620183224151,0.0842968038793829
10.099219892622331,10.097585233900523,0.0992198926223308,0.09758523390052212
10.09917660244733,10.105920254634922,0.09917660244733008,0.10592025463492191
10.099132148305479,10.083135943671655,0.09913214830547964,0.08313594367165517
10.099086530718507,10.087836665579543,0.09908653071850684,0.08783666557954235
10.099039750221793,10.129541703026065,0.09903975022179362,0.1295417030260663
10.09899180736437,10.07470058704221,0.09899180736437012,0.07470058704221104
10.098942702708909,10.115433474340167,0.09894270270890833,0.11543347434016614
10.098892436831715,10.093963378930862,0.0988924368317155,0.09396337893086178
10.098841010322728,10.086623513847954,0.09884101032272727,0.08662351384795317
10.098788423785502,10.126137856290935,0.09878842378550082,0.12613785629093585
10.098734677837207,10.103949742772773,0.09873467783720781,0.1039497427727735
10.098679773108627,10.114989548237526,0.09867977310862708,0.11498954823752634
10.098623710244137,10.10136439055562,0.09862371024413723,0.10136439055562078
10.098566489901708,10.076139170075244,0.09856648990170917,0.07613917007524482
10.098508112752898,10.104983160292244,0.09850811275289828,0.10498316029224457
10.098448579482836,10.081485410470226,0.09844857948283658,0.08148541047022491
10.098387890790224,10.072710845910565,0.09838789079022468,0.07271084591056476
10.098326047387324,10.091231568073056,0.09832604738732359,0.09123156807305524
10.098263049999947,10.114091821848351,0.09826304999994633,0.11409182184835179
10.09819889936745,10.113959396934812,0.09819889936744944,0.11395939693481194
10.098133596242725,10.097223534130253,0.09813359624272434,0.09722353413025327
10.098067141392189,10.14097402072047,0.0980671413921884,0.14097402072047086
10.097999535595775,10.06821068563905,0.09799953559577601,0.06821068563905021
10.09793077964693,10.096080548766134,0.09793077964692941,0.09608054876613326
10.09786087435259,10.077677442815528,0.09786087435258937,0.07767744281552778
10.097789820533185,10.097913853137673,0.09778982053318579,0.09791385313767328
10.097717619022628,10.135051426982558,0.09771761902262789,0.13505142698255884
10.097644270668294,10.124271073523397,0.09764427066829467,0.12427107352339758
10.097569776331024,10.094292683353274,0.09756977633102476,0.09429268335327458
10.097494136885107,10.119656140931012,0.09749413688510644,0.1196561409310126
10.097417353218267,10.107008976731175,0.09741735321826729,0.107008976731174
10.097339426231663,10.065885036502863,0.09733942623166386,0.06588503650286227
10.097260356839872,10.09514082483134,0.097260356839871,0.09514082483133929
10.09718014597087,10.064576413975422,0.09718014597087123,0.0645764139754223
10.097098794566044,10.099504236437637,0.09709879456604376,0.09950423643763698
10.097016303580153,10.114850869804162,0.09701630358015347,0.11485086980416251
10.096932673981339,10.082803435391085,0.09693267398133976,0.08280343539108434
10.096847906751105,10.083577360993628,0.09684790675110505,0.08357736099362735
10.096762002884303,10.069107455432302,0.09676200288430346,0.06910745543230193
10.096674963389129,10.0580711091017,0.09667496338912894,0.058071109101700435
10.096586789287104,10.071763036811257,0.09658678928710356,0.07176303681125704
10.096497481613065,10.117083999684853,0.09649748161306544,0.11708399968485259
10.096407041415157,10.132098394499696,0.09640704141515671,0.13209839449969585
10.096315469754812,10.106391120408976,0.09631546975481109,0.10639112040897626
10.096222767706742,10.081302531656272,0.09622276770674153,0.08130253165627231
10.096128936358928,10.105659762763043,0.09612893635892751,0.1056597627630427
10.096033976812603,10.086923473818093,0.09603397681260237,0.08692347381809236
10.09593789018224,10.11171619427529,0.09593789018224029,0.1117161942752897
10.095840677595543,10.106332273013992,0.09584067759554325,0.10633227301399177
10.095742340193429,10.051602936782121,0.09574234019342782,0.051602936782121474
10.095642879130011,10.099484516939288,0.09564287913001175,0.09948451693928755
10.095542295572601,10.094920551721774,0.09554229557260041,0.09492055172177338
10.095440590701672,10.04706418300344,0.0954405907016731,0.04706418300344122
10.09533776571087,10.107451796214793,0.0953377657108692,0.10745179621479212
10.095233821806975,10.077350166802265,0.09523382180697415,0.07735016680226456
10.095128760209905,10.091562933879763,0.0951287602099053,0.09156293387976248
10.095022582152698,10.094936912530565,0.0950225821526976,0.09493691253056494
10.09491528888149,10.109318555420508,0.0949152888814891,0.10931855542050864
10.094806881655506,10.089367608086272,0.09480688165550638,0.08936760808627149
10.09469736174705,10.099063605145224,0.09469736174704965,0.09906360514522407
10.094586730441478,10.102187403366125,0.094586730441478,0.1021874033661259
10.094474989037193,10.09694148623759,0.09447498903719415,0.0969414862375892
10.094362138845629,10.115191416504809,0.09436213884562929,0.11519141650480821
10.094248181191228,10.08738917525602,0.09424818119122769,0.08738917525602018
10.094133117411431,10.088844369542272,0.09413311741143111,0.08884436954227269
10.094016948856662,10.068423013755103,0.0940169488566632,0.06842301375510258
10.093899676890313,10.062746986799475,0.09389967689031352,0.06274698679947474
10.093781302888722,10.103390585020824,0.09378130288872162,0.10339058502082432
10.09366182824116,10.102325432479551,0.09366182824116091,0.10232543247955132
10.093541254349823,10.093199218498627,0.09354125434982224,0.0931992184986281
10.093419582629798,10.088898530652074,0.09341958262979762,0.08889853065207315
10.093296814509063,10.09687739454885,0.09329681450906342,0.09687739454885048
10.093172951428464,10.041497629683917,0.09317295142846377,0.041497629683917084
10.093047994841694,10.079122803504012,0.09304799484169353,0.07912280350401092
10.09292194621528,10.09429840694122,0.09292194621528133,0.09429840694122137
10.092794807028572,10.120027827005975,0.09279480702857225,0.12002782700597489
10.092666578773711,10.072523922710936,0.0926665787737106,0.07252392271093619
10.092537262955622,10.096249960976955,0.09253726295562226,0.0962499609769543
10.092406861091996,10.092766558550332,0.09240686109199711,0.09276655855033178
10.092275374713271,10.123329408743372,0.09227537471327119,0.1233294087433713
10.09214280536261,10.058934488439201,0.09214280536260873,0.05893448843920094
10.092009154595884,10.114365698475872,0.09200915459588405,0.11436569847587212
10.091874423981663,10.061938655783763,0.09187442398166332,0.06193865578376376
10.091738615101185,10.09040042229031,0.09173861510118611,0.09040042229030971
10.091601729548346,10.114434733907183,0.09160172954834685,0.11443473390718327
10.091463768929676,10.096129622813438,0.09146376892967613,0.0961296228134383
10.091324734864322,10.075464296213935,0.09132473486432185,0.07546429621393551
10.09118462898403,10.118848602335799,0.09118462898403018,0.1188486023357982
10.091043452933127,10.106819125588657,0.09104345293312648,0.10681912558865694
10.090901208368496,10.103838235473075,0.09090120836849591,0.10383823547307595
10.090757896959564,10.099164219692966,0.09075789695956407,0.09916421969296574
10.090613520388278,10.096706371513124,0.09061352038827739,0.09670637151312271
10.090468080349083,10.113478769152325,0.09046808034908327,0.1134787691523255
10.09032157854891,10.070843208424929,0.09032157854891042,0.07084320842492829
10.090174016707149,10.136752242257126,0.09017401670714859,0.13675224225712632
10.090025396555628,10.072281174601681,0.09002539655562859,0.07228117460168129
10.089875719838602,10.092524256603225,0.08987571983860183,0.09252425660322484
10.08972498831272,10.08356183117419,0.08972498831271991,0.08356183117418989
10.089573203747014,10.10972779948261,0.08957320374701397,0.10972779948260973
10.089420367922873,10.118713967295992,0.08942036792287397,0.11871396729599229
10.089266482634027,10.066380057839512,0.08926648263402776,0.06638005783951086
10.08911154968652,10.095322736647395,0.08911154968651996,0.09532273664739493
10.08895557089869,10.087057286852538,0.08895557089869098,0.08705728685253847
10.088798548101156,10.123001858366369,0.08879854810115535,0.1230018583663681
10.08864048313678,10.06114363242439,0.08864048313678057,0.061143632424390304
10.088481377860665,10.107344889103885,0.0884813778606652,0.10734488910388543
10.088321234140118,10.098337375487025,0.08832123414011733,0.09833737548702481
10.088160053854633,10.082037981311618,0.08816005385463249,0.08203798131161893
10.087997838895872,10.10689438773902,0.08799783889587166,0.10689438773901946
10.087834591167638,10.070590699602196,0.08783459116763905,0.07059069960219641
10.08767031258586,10.09495249213086,0.08767031258585979,0.0949524921308598
10.087505005078558,10.102361061807068,0.08750500507855741,0.10236106180706726
10.087338670585831,10.064118209403537,0.08733867058583122,0.06411820940353599
10.087171311059834,10.091762595572185,0.08717131105983358,0.09176259557218389
10.087002928464747,10.111927997096867,0.08700292846474689,0.11192799709686771
10.086833524776761,10.08316975514336,0.08683352477676061,0.08316975514335999
10.086663101984048,10.08528993975862,0.08666310198404814,0.08528993975862002
10.086491662086743,10.05738358101613,0.0864916620867433,0.057383581016128504
10.086319207096917,10.082243215351978,0.08631920709691702,0.08224321535197791
10.086145739038553,10.059557793875149,0.08614573903855366,0.059557793875148056
10.085971259947527,10.098781320092797,0.08597125994752725,0.0987813200927965
10.085795771871577,10.089831229661554,0.08579577187157758,0.08983122966155471
10.085619276870286,10.127941216860728,0.08561927687028625,0.12794121686072876
10.085441777015053,10.133546255169984,0.08544177701505244,0.13354625516998403
10.085263274389069,10.088502765215315,0.08526327438906851,0.0885027652153159
10.085083771087296,10.042537364144264,0.08508377108729577,0.042537364144263706
10.08490326921644,10.066370458185164,0.08490326921643969,0.06637045818516431
10.084721770894925,10.0787674428582,0.08472177089492526,0.07876744285820117
10.084539278252873,10.093628588152479,0.08453927825287215,0.09362858815247797
10.084355793432069,10.069670125096305,0.08435579343206963,0.0696701250963053
10.084171318585952,10.078895654987981,0.08417131858595153,0.07889565498798179
10.08398585587957,10.075611233826539,0.08398585587957089,0.0756112338265387
10.083799407489575,10.066549424730074,0.0837994074895746,0.06654942473007301
10.083611975604178,10.090440823633227,0.08361197560417781,0.09044082363322725
10.083423562423139,10.08506413735036,0.08342356242313831,0.08506413735035952
10.08323417015773,10.094355339883627,0.08323417015773059,0.09435533988362706
10.08304380103072,10.08657576703911,0.08304380103072007,0.08657576703911005
10.082852457276337,10.074219846077249,0.08285245727633687,0.07421984607724809
10.08266014114025,10.068759559802098,0.08266014114024965,0.06875955980209807
10.08246685487954,10.125624446596124,0.08246685487953921,0.1256244465961236
10.082272600762671,10.127835645468178,0.08227260076267208,0.12783564546817847
10.082077381069475,10.090289912860255,0.08207738106947378,0.09028991286025534
10.081881198091102,10.123975018674486,0.08188119809110217,0.12397501867448629
10.08168405413002,10.082207021870444,0.08168405413002051,0.08220702187044437
10.081485951499971,10.063705769348354,0.08148595149997048,0.06370576934835415
10.081286892525945,10.082108919265192,0.0812868925259449,0.08210891926519187
10.081086879544161,10.08150123239191,0.0810868795441606,0.08150123239190978
10.080885914902032,10.09436576031553,0.08088591490203095,0.0943657603155295
10.080684000958138,10.072637641339963,0.08068400095813826,0.07263764133996281
10.080481140082206,10.088122497736165,0.08048114008220615,0.08812249773616483
10.080277334655072,10.030954494290933,0.08027733465507172,0.030954494290932486
10.080072587068658,10.07058648234278,0.08007258706865764,0.07058648234277956
10.079866899725944,10.062015972055756,0.07986689972594398,0.062015972055756166
10.07966027504094,10.067709463955467,0.07966027504094014,0.06770946395546629
10.079452715438656,10.038373512094932,0.07945271543865642,0.03837351209493092
10.079244223355076,10.10113982472135,0.07924422335507564,0.1011398247213514
10.079034801237125,10.098028246684432,0.07903480123712442,0.09802824668443197
10.078824451542644,10.087772229703985,0.07882445154264463,0.08777222970398485
10.078613176740365,10.076108782184358,0.07861317674036443,0.07610878218435793
10.078400979309869,10.071545851175976,0.0784009793098693,0.07154585117597635
10.078187861741574,10.083324940333101,0.07818786174157302,0.08332494033310121
10.077973826536688,10.044886923142538,0.07797382653668837,0.044886923142537706
10.077758876207199,10.088822173378317,0.07775887620719774,0.08882217337831652
10.077543013275823,10.107117285726277,0.07754301327582379,0.10711728572627685
10.077326240276,10.102490914857968,0.07732624027599969,0.10249091485796877
10.077108559751839,10.082793005329357,0.07710855975183949,0.08279300532935645
10.076889974258108,10.063964007314393,0.07688997425810816,0.06396400731439308
10.076670486360191,10.098371706469011,0.07667048636019172,0.09837170646901065
10.076450098634067,10.039025725296938,0.0764500986340671,0.039025725296937125
10.076228813666273,10.048048114056629,0.07622881366627184,0.048048114056629086
10.076006634053874,10.068166178628225,0.07600663405387381,0.06816617862822459
10.07578356240444,10.083604377450419,0.07578356240444067,0.08360437745041928
10.075559601336009,10.057283877298568,0.07555960133600936,0.05728387729856757
10.075334753477055,10.055946040729433,0.07533475347705526,0.05594604072943329
10.075109021466462,10.111926852329088,0.07510902146646142,0.11192685232908711
10.074882407953487,10.065544275671336,0.07488240795348751,0.06554427567133476
10.074654915597739,10.105606580507498,0.07465491559773889,0.1056065805074982
10.074426547069136,10.082776950349661,0.07442654706913515,0.08277695034966129
10.074197305047878,10.071905203889328,0.07419730504787903,0.07190520388932788
10.073967192224424,10.074452859286929,0.07396719222442476,0.0744528592869295
10.073736211299448,10.09429371465578,0.07373621129944663,0.09429371465577964
10.073504364983807,10.092336995071062,0.07350436498380723,0.09233699507106176
10.073271655998525,10.077084788950803,0.07327165599852557,0.07708478895080344
10.073038087074746,10.08903953180226,0.07303808707474532,0.08903953180226096
10.072803660953703,10.070284447538937,0.07280366095370255,0.07028444753893734
10.072568380386693,10.076611222415755,0.07256838038669375,0.07661122241575485
10.072332248135043,10.055778515819261,0.0723322481350434,0.055778515819261645
10.072095266970072,10.04589978360601,0.07209526697007154,0.04589978360601096
10.071857439673062,10.053936943978192,0.07185743967306145,0.0539369439781924
10.071618769035227,10.115642978677053,0.07161876903522679,0.11564297867705359
10.071379257857679,10.10148033213746,0.07137925785767897,0.1014803321374592
10.071138908951394,10.075304571749145,0.07113890895139417,0.07530457174914512
10.070897725137181,10.074835405201876,0.0708977251371805,0.07483540520187612
10.070655709245644,10.069493680426246,0.07065570924564471,0.06949368042624716
10.07041286411716,10.055515885410927,0.07041286411715912,0.055515885410926516
10.070169192601828,10.083870704071492,0.0701691926018282,0.08387070407149141
10.069924697559456,10.040012740768871,0.06992469755945517,0.04001274076887125
10.069679381859508,10.085323203034212,0.06967938185950845,0.0853232030342121
10.069433248381088,10.062568410622596,0.06943324838108782,0.06256841062259558
10.069186300012891,10.067460205158492,0.06918630001289086,0.06746020515849185
10.068938539653178,10.027499167009102,0.06893853965317896,0.027499167009102377
10.068689970209743,10.070564684460251,0.06868997020974323,0.07056468446025206
10.06844059459987,10.087217643124136,0.06844059459987045,0.08721764312413624
10.068190415750308,10.078566690278658,0.06819041575030886,0.07856669027865856
10.067939436597234,10.08482298452918,0.0679394365972337,0.0848229845291809
10.067687660086213,10.094154645747967,0.06768766008621284,0.09415464574796732
10.067435089172172,10.081132857126635,0.06743508917217221,0.08113285712663466
10.067181726819362,10.111467882434287,0.06718172681936108,0.1114678824342866
10.066927576001317,10.064776910417079,0.06692757600131731,0.0647769104170782
10.066672639700831,10.063712765819878,0.06667263970083231,0.06371276581987836
10.066416920909916,10.077331858555935,0.06641692090991633,0.07733185855593502
10.066160422629762,10.043900256280171,0.06616042262976303,0.043900256280171676
10.065903147870715,10.080720083257358,0.06590314787071448,0.08072008325735837
10.065645099652226,10.04201337328429,0.06564509965222567,0.04201337328428914
10.06538628100283,10.071827877697256,0.06538628100282923,0.07182787769725635
10.0651266949601,10.056230229900478,0.06512669496009972,0.05623022990047791
10.064866344570618,10.07889585009311,0.0648663445706181,0.07889585009310988
10.064605232889935,10.010290646591427,0.06460523288993596,0.010290646591426693
10.06434336298254,10.04553970673203,0.0643433629825396,0.045539706732028826
10.064080737921815,10.054481974650574,0.06408073792181407,0.05448197465057447
10.063817360790008,10.107595172356099,0.0638173607900072,0.10759517235609968
10.063553234678194,10.0598432960495,0.06355323467819332,0.05984329604950071
10.063288362686237,10.07578649753622,0.06328836268623703,0.07578649753621992
10.063022747922757,10.092113405176818,0.06302274792275679,0.09211340517681714
10.062756393505088,10.078568506026725,0.06275639350508846,0.0785685060267257
10.062489302559248,10.059988636878254,0.062489302559248706,0.059988636878253274
10.062221478219898,10.05447822803679,0.062221478219898346,0.05447822803679056
10.061952923630306,10.07772924856593,0.06195292363030546,0.07772924856592961
10.06168364194231,10.063593667470196,0.061683641942308624,0.06359366747019536
10.06141363631628,10.08060194072464,0.06141363631627988,0.08060194072463947
10.061142909921088,10.044516050381821,0.06114290992108752,0.044516050381821506
10.06087146593406,10.02419270391647,0.060871465934059114,0.024192703916468807
10.060599307540944,10.063169910732624,0.06059930754094406,0.06316991073262448
10.060326437935876,10.067659135806302,0.060326437935876255,0.0676591358063024
10.060052860321337,10.070676618210678,0.0600528603213366,0.07067661821067747
10.059778577908116,10.049209017183033,0.059778577908115395,0.04920901718303222
10.059503593915275,10.066118703969112,0.05950359391527469,0.06611870396911193
10.05922791157011,10.063997382094458,0.059227911570110495,0.06399738209445742
10.058951534108115,10.08200821707091,0.05895153410811485,0.08200821707091073
10.058674464772938,10.031675259739906,0.05867446477293799,0.03167525973990607
10.05839670681635,10.062380449230854,0.058396706816350036,0.06238044923085413
10.058118263498203,10.074199923480075,0.05811826349820309,0.07419992348007455
10.057839138086393,10.054274393062418,0.0578391380863929,0.054274393062417776
10.05755933385682,10.017124878284655,0.057559333856820355,0.017124878284654803
10.057278854093353,10.019011380318787,0.05727885409335324,0.01901138031878729
10.056997702087788,10.049503930134819,0.05699770208778761,0.049503930134818984
10.056715881139809,10.03361538361164,0.056715881139809105,0.033615383611638905
10.056433394556954,10.063606872091711,0.056433394556954335,0.06360687209171116
10.056150245654573,10.074685846575319,0.05615024565457197,0.07468584657531872
10.055866437755784,10.081472852865586,0.055866437755783864,0.08147285286558567
10.055581974191446,10.061877724275586,0.055581974191446115,0.06187772427558702
10.05529685830011,10.077677999000295,0.055296858300109775,0.07767799900029472
10.055011093427982,10.04674566571274,0.05501109342798194,0.04674566571273962
10.054724682928887,10.023601807701933,0.054724682928886284,0.023601807701932435
10.054437630164223,10.052884027059086,0.05443763016422376,0.05288402705908575
10.054149938502933,9.99093964197224,0.05414993850293315,-0.00906035802776066
10.053861611321452,10.072074877456759,0.053861611321451536,0.07207487745675933
10.053572652003675,10.050452300266917,0.053572652003674615,0.05045230026691648
10.053283063940917,10.062458961971865,0.05328306394091708,0.062458961971865526
10.052992850531872,10.070350588084512,0.05299285053187273,0.07035058808451154
10.052702015182575,10.072667540951187,0.05270201518257468,0.07266754095118726
10.052410561306354,10.095201714543178,0.05241056130635521,0.09520171454317865
10.052118492323807,10.047844370982562,0.052118492323805915,0.047844370982561925
10.051825811662738,10.078720582774416,0.051825811662737434,0.07872058277441635
10.051532522758139,10.028826341098856,0.05153252275813926,0.028826341098855776
10.05123862905214,10.035250062869324,0.05123862905213942,0.03525006286932413
10.050944133993964,10.044910294772405,0.05094413399396407,0.04491029477240594
10.050649041039897,10.066628990131088,0.050649041039897015,0.0666289901310877
10.05035335365324,10.007616014308683,0.050353353653239154,0.007616014308683382
10.050057075304268,10.04491215171476,0.05005707530426782,0.04491215171476047
10.049760209470197,10.063412826721212,0.04976020947019606,0.0634128267212112
10.049462759635132,10.095413694838756,0.04946275963513188,0.09541369483875574
10.049164729290037,10.060860811413763,0.049164729290037165,0.060860811413762914
10.048866121932686,10.032126947339911,0.048866121932686975,0.0321269473399108
10.048566941067628,10.044428772946771,0.04856694106762831,0.04442877294677137
10.04826719020614,10.00659063657031,0.04826719020613903,0.006590636570309734
10.047966872866187,10.019187025978326,0.047966872866186665,0.019187025978326593
10.047665992572387,10.050993165799506,0.04766599257238708,0.05099316579950627
10.047364552855964,10.05136729837362,0.04736455285596317,0.05136729837361971
10.047062557254703,10.076456192511069,0.047062557254703374,0.076456192511068
10.046760009312921,10.000537391908399,0.04676000931292014,0.0005373919083977718
10.046456912581409,10.042996084609767,0.04645691258140843,0.04299608460976742
10.046153270617404,10.06976218782559,0.046153270617403826,0.06976218782559027
10.045849086984541,10.050906804724127,0.04584908698454105,0.05090680472412682
10.045544365252812,9.998171069015749,0.04554436525281198,-0.0018289309842504722
10.045239108998524,10.035623498681272,0.04523910899852379,0.03562349868127121
10.044933321804256,10.040674986246328,0.04493332180425695,0.040674986246327406
10.044627007258823,10.042049577087601,0.04462700725882324,0.04204957708760096
10.044320168957224,10.097931466545932,0.04432016895722355,0.097931466545932
10.044012810500606,10.029265845848176,0.04401281050060577,0.029265845848176222
10.043704935496223,10.063470299506152,0.04370493549622248,0.06347029950615285
10.04339654755739,10.020432087319016,0.043396547557388615,0.020432087319016218
10.04308765030344,10.054727815668045,0.04308765030343909,0.054727815668044535
10.042778247359687,10.040008027202548,0.04277824735968622,0.04000802720254827
10.042468342357378,10.028312191060383,0.042468342357377314,0.02831219106038265
10.042157938933652,10.046811661920382,0.04215793893365201,0.046811661920381414
10.041847040731499,10.068044586702236,0.04184704073149953,0.06804458670223654
10.041535651399716,10.080527060207785,0.04153565139971598,0.0805270602077853
10.041223774592861,10.047096272308499,0.04122377459286153,0.04709627230849883
10.040911413971218,10.031196212811317,0.04091141397121747,0.031196212811317146
10.040598573200743,10.032912843510237,0.04059857320074332,0.03291284351023747
10.040285255953034,10.04295959051379,0.040285255953033755,0.04295959051379136
10.039971465905275,10.025424980907035,0.03997146590527555,0.025424980907035696
10.039657206740204,10.059346356401095,0.039657206740204426,0.05934635640109466
10.039342482146061,10.064585571833703,0.039342482146061696,0.06458557183370252
10.03902729581655,10.025583254852485,0.039027295816551205,0.025583254852485072
10.038711651450797,10.01729467491861,0.038711651450795845,0.017294674918610028
10.038395552753293,10.049886706551188,0.038395552753294135,0.04988670655118764
10.038079003433877,10.02376280806602,0.03807900343387679,0.02376280806602058
10.037762007207663,10.056188862542195,0.037762007207663144,0.05618886254219446
10.037444567795017,10.044769263386339,0.03744456779501758,0.04476926338633926
10.037126688921505,10.051798369571838,0.03712668892150584,0.05179836957183849
10.036808374317852,10.044996542235232,0.036808374317851326,0.044996542235231946
10.036489627719892,10.029397640546938,0.03648962771989134,0.02939764054693764
10.036170452868532,10.031103502229652,0.036170452868533064,0.031103502229650647
10.035850853509709,10.047101619211297,0.03585085350970992,0.04710161921129672
10.035530833394338,10.049345348014333,0.03553083339433746,0.04934534801433353
10.03521039627827,10.05139839130022,0.03521039627826934,0.05139839130022
10.034889545922253,10.045411071392389,0.03488954592225327,0.045411071392389014
10.034568286091886,10.017365994611229,0.03456828609188686,0.01736599461122931
10.034246620557573,10.041328471388784,0.03424662055757346,0.04132847138878455
10.033924553094478,10.05053728354322,0.03392455309447786,0.05053728354321865
10.033602087482482,10.039946135219553,0.03360208748248203,0.03994613521955345
10.03327922750614,10.041873236285017,0.03327922750614072,0.04187323628501678
10.032955976954637,10.041517932238667,0.03295597695463711,0.041517932238667295
10.032632339621738,10.010713645666701,0.032632339621738164,0.01071364566670117
10.03230831930575,10.045701345326647,0.03230831930575035,0.045701345326646145
10.031983919809475,10.04406604964151,0.0319839198094749,0.044066049641508856
10.031659144940162,10.048964614479276,0.031659144940163246,0.04896461447927547
10.031333998509472,9.989193086658029,0.03133399850947227,-0.010806913341972021
10.03100848433342,10.020284022846004,0.031008484333419656,0.02028402284600376
10.03068260623234,10.047692392427795,0.030682606232339024,0.047692392427794654
10.030356368030835,10.013762163924303,0.030356368030835135,0.013762163924302472
10.03002977355774,10.051101038542479,0.030029773557739028,0.05110103854247876
10.029702826646064,10.020522118130327,0.02970282664606306,0.020522118130325805
10.029375531132956,10.026649894984065,0.02937553113295581,0.026649894984064792
10.029047890859657,9.976144377086209,0.029047890859657262,-0.023855622913791077
10.028719909671453,10.025930341545239,0.028719909671453582,0.025930341545238433
10.028391591417632,10.017434735317668,0.028391591417632006,0.017434735317668013
10.028062939951436,10.00293638382689,0.028062939951435686,0.0029363838268909696
10.027733959130018,10.03521921949439,0.027733959130018443,0.03521921949439083
10.027404652814399,10.010459177983574,0.02740465281439952,0.010459177983572873
10.027075024869418,10.024378291547567,0.027075024869418263,0.02437829154756666
10.026745079163689,10.018599261953428,0.026745079163688748,0.018599261953427672
10.026414819569554,10.042763410478187,0.026414819569554396,0.04276341047818701
10.026084249963043,10.023025945901038,0.026084249963042552,0.023025945901038382
10.025753374223818,10.010509973544075,0.025753374223818837,0.010509973544075289
10.025422196235143,10.01414573444451,0.025422196235141872,0.014145734444510043
10.025090719883817,10.029427120541024,0.025090719883817527,0.029427120541024376
10.024758949060153,10.027868256221936,0.024758949060153336,0.027868256221935884
10.024426887657913,10.029231844811862,0.02442688765791286,0.02923184481186185
10.02409453957427,10.016694066914575,0.02409453957426998,0.016694066914574736
10.023761908709764,10.065615323450993,0.02376190870976315,0.06561532345099252
10.02342899896825,10.011895193652206,0.023428998968249626,0.011895193652206901
10.023095814256859,10.024656154149284,0.02309581425685966,0.02465615414928307
10.02276235848595,10.023237666883364,0.02276235848595067,0.023237666883363726
10.022428635569062,10.00683610866291,0.02242863556906118,0.0068361086629100155
10.022094649422865,10.047589303881237,0.022094649422865154,0.04758930388123633
10.021760403967125,9.998545928890398,0.02176040396712585,-0.0014540711096022209
10.02142590312465,9.972740445864687,0.021425903124649866,-0.02725955413531316
10.021091150821242,10.033929515164818,0.02109115082124109,0.033929515164818666
10.020756150985655,10.018756339609741,0.02075615098565464,0.01875633960974091
10.020420907549552,9.996641970225422,0.020420907549550737,-0.0033580297745777095
10.020085424447448,10.03663714832074,0.020085424447448583,0.036637148320739985
10.01974970561668,10.020533816952673,0.019749705616680165,0.020533816952673693
10.019413754997345,9.999770354210968,0.01941375499734406,-0.0002296457890317502
10.01907757653226,10.03955747110109,0.019077576532259225,0.03955747110109118
10.018741174166918,9.975635788419233,0.018741174166918555,-0.024364211580767632
10.018404551849443,10.019537692470028,0.018404551849442834,0.01953769247002814
10.018067713530534,10.020783901772992,0.018067713530534237,0.020783901772991786
10.01773066316343,9.999744080316288,0.01773066316342999,-0.0002559196837109007
10.017393404703856,10.009878129082907,0.017393404703855978,0.009878129082906022
10.01705594210998,9.978894454681466,0.017055942109980335,-0.02110554531853385
10.016718279342367,10.043667296919784,0.016718279342366967,0.04366729691978422
10.016380420363928,10.006365603957448,0.016380420363929084,0.0063656039574487965
10.016042369139882,10.06761250562091,0.016042369139882683,0.06761250562090974
10.0157041296377,10.025051043398372,0.01570412963770006,0.025051043398371657
10.015365705827064,10.040645809929948,0.015365705827063076,0.04064580992994783
10.015027101679816,10.027693548545145,0.01502710167981681,0.02769354854514485
10.014688321169922,10.054230452839903,0.014688321169922792,0.054230452839903284
10.014349368273413,10.046591026884547,0.014349368273412395,0.04659102688454772
10.01401024696834,10.059262170744155,0.014010246968340176,0.05926217074415448
10.013670961234737,10.013153524433786,0.013670961234737183,0.013153524433785362
10.013331515054563,9.997773611510569,0.013331515054564251,-0.0022263884894314287
10.012991912411666,10.005354250331868,0.012991912411665259,0.005354250331867263
10.01265215729172,10.037174542466971,0.012652157291720388,0.03717454246697181
10.012312253682198,10.013602420203611,0.01231225368219933,0.013602420203610343
10.011972205572315,10.009594817818547,0.011972205572314544,0.009594817818546285
10.011632016952975,9.993963783800318,0.011632016952974255,-0.006036216199682197
10.011291691816735,10.006591770781366,0.011291691816735882,0.006591770781365503
10.010951234157758,10.007647565074357,0.010951234157759003,0.007647565074357704
10.010610647971758,9.988448145058353,0.010610647971758527,-0.011551854941646357
10.010269937255957,10.020887784082657,0.01026993725595779,0.02088778408265727
10.009929106009041,9.984337648182299,0.009929106009041655,-0.015662351817701488
10.009588158231109,10.018460658650266,0.009588158231109565,0.01846065865026586
10.009247097923629,10.029365366299595,0.009247097923628617,0.029365366299595682
10.008905929089387,9.998431533925848,0.00890592908938658,-0.0015684660741526971
10.008564655732444,10.005012237839006,0.008564655732444934,0.0050122378390053835
10.008223281858092,10.017557161053265,0.008223281858091909,0.017557161053264547
10.007881811472796,9.99472772117139,0.007881811472795305,-0.005272278828610477
10.007540248584156,10.034484346323921,0.007540248584155739,0.03448434632392089
10.00719859720086,10.041266685505999,0.007198597200859427,0.041266685505999
10.006856861332631,10.005808918119994,0.006856861332631192,0.005808918119995064
10.006515044990188,10.048268465126226,0.006515044990187394,0.048268465126225756
10.00617315218519,9.980173539403228,0.006173152185188859,-0.019826460596770654
10.005831186930195,9.974622249274583,0.0058311869301938095,-0.025377750725416832
10.00548915323861,10.019511123372519,0.005489153238610755,0.019511123372519087
10.00514705512465,9.978085299506398,0.005147055124651404,-0.02191470049360099
10.004804896603284,9.993881388582192,0.004804896603283586,-0.006118611417808395
10.004462681690184,10.014738270638365,0.004462681690183959,0.014738270638364956
10.004120414401692,10.025629383074312,0.004120414401691144,0.025629383074312943
10.003778098754758,9.990698774393515,0.0037780987547584113,-0.009301225606484494
10.003435738766907,10.056372617773452,0.0034357387669065815,0.05637261777345199
10.003093338456177,9.973690854142289,0.0030933384561768716,-0.02630914585771094
10.002750901841084,10.018215730581677,0.002750901841083743,0.018215730581676925
10.002408432940568,10.011762128282308,0.002408432940567734,0.011762128282309183
10.002065935773949,9.971106874221704,0.002065935773948295,-0.028893125778295458
10.001723414360876,10.024425513863077,0.001723414360876616,0.024425513863078122
10.001380872721288,9.945721807158362,0.001380872721288452,-0.054278192841637714
10.001038314875357,10.030197239871704,0.0010383148753569848,0.030197239871703443
10.000695744843446,10.018132676293055,0.0006957448434454676,0.018132676293055445
10.000353166646061,9.999145071226707,0.0003531666460603038,-0.0008549287732936197
10.000010584303803,9.997728607803404,1.058430380368548e-05,-0.002271392196594721
9.999668001837327,10.031379568562244,-0.00033199816267354994,0.0313795685622446
9.999325423267281,9.985444886444823,-0.0006745767327191071,-0.014555113555177341
9.998982852614274,9.978081947541856,-0.0010171473857264204,-0.021918052458144315
9.998640293898818,9.989652523220224,-0.001359706101181841,-0.010347476779775197
9.998297751141289,9.995261281822254,-0.0017022488587118225,-0.00473871817774676
9.99795522836187,9.975165250596918,-0.002044771638130106,-0.02483474940308251
9.997612729580515,10.02192863983338,-0.002387270419484858,0.02192863983338029
9.997270258816894,10.008806967026423,-0.0027297411831060246,0.008806967026423907
9.996927820090347,10.00584365726923,-0.0030721799096522463,0.005843657269230486
9.996585417419842,10.043190700053799,-0.003414582580158202,0.04319070005379916
9.996243054823918,9.983330162287215,-0.003756945176081739,-0.01666983771278446
9.99590073632065,10.0075178457449,-0.004099263679351027,0.007517845744899597
9.995558465927589,10.003436283779292,-0.0044415340724117255,0.0034362837792916512
9.995216247661725,10.000561280327497,-0.004783752338274126,0.0005612803274973859
9.99487408553944,10.028241627944542,-0.005125914460560305,0.0282416279445414
9.994531983576449,10.0201653707046,-0.005468016423551253,0.020165370704600186
9.994189945787767,9.988461938948648,-0.00581005421223401,-0.011538061051352584
9.99384797618765,10.014503993885047,-0.006152023812348743,0.014503993885046584
9.993506078789563,9.967741578586343,-0.0064939212104360294,-0.03225842141365685
9.993164257606116,10.00290099170821,-0.006835742393883702,0.002900991708208789
9.992822516649026,10.000407330807192,-0.007177483350974116,0.0004073308071926634
9.992480859929069,9.999743096760582,-0.007519140070931187,-0.00025690323941739493
9.992139291456033,10.043201584866218,-0.00786070854396746,0.0432015848662169
9.99179781523867,10.030200749006742,-0.00820218476133118,0.03020074900674219
9.991456435284647,10.012629898685672,-0.008543564715353327,0.012629898685672247
9.991115155600506,9.979475554828937,-0.008884844399494659,-0.020524445171062066
9.990773980191607,10.017301864483231,-0.009226019808392728,0.017301864483230615
9.990432913062092,10.003093153294317,-0.009567086937908857,0.0030931532943176653
9.990091958214824,9.998734666085666,-0.009908041785175292,-0.0012653339143340568
9.989751119651357,9.98678749295823,-0.010248880348641928,-0.01321250704177003
9.989410401371877,10.032659346175752,-0.01058959862812345,0.0326593461757523
9.989069807375154,9.992139593787536,-0.010930192624846229,-0.007860406212463842
9.988729341658505,9.982564486110112,-0.011270658341495255,-0.017435513889887632
9.98838900821774,9.988481484426616,-0.011610991782261056,-0.011518515573383981
9.988048811047113,9.993727146298053,-0.01195118895288659,-0.006272853701947473
9.987708754139286,9.948983630503218,-0.012291245860714117,-0.051016369496782864
9.987368841485267,10.00022442354434,-0.012631158514732073,0.0002244235443408637
9.987029077074379,10.020707533597767,-0.01297092292562189,0.02070753359776662
9.986689464894194,9.999354054904897,-0.013310535105804792,-0.0006459450951024556
9.986350008930511,9.983678278859612,-0.013649991069488757,-0.016321721140388226
9.986010713167286,9.996857094664472,-0.013989286832715034,-0.00314290533552777
9.985671581586596,9.983950766613768,-0.014328418413405083,-0.01604923338623192
9.985332618168593,10.005154112382769,-0.014667381831407256,0.005154112382769829
9.984993826891456,9.981514980821057,-0.015006173108543512,-0.01848501917894376
9.984655211731344,10.0051916725494,-0.01534478826865611,0.005191672549398528
9.984316776662345,10.024055122382604,-0.015683223337654272,0.02405512238260499
9.98397852565644,10.004677540986803,-0.016021474343560823,0.004677540986802221
9.983640462683441,9.991473112664313,-0.016359537316558814,-0.008526887335686675
9.983302591710961,9.97834347879663,-0.016697408289038058,-0.021656521203369965
9.982964916704358,10.004588037396196,-0.017035083295641875,0.004588037396197082
9.982627441626686,10.002034505194342,-0.017372558373313373,0.002034505194341854
9.982290170438658,9.990765904675808,-0.01770982956134213,-0.009234095324192629
9.981953107098589,9.957666644540257,-0.018046892901410632,-0.04233335545974222
9.98161625556236,9.962811288399669,-0.018383744437640733,-0.037188711600331215
9.98127961978336,9.968157410503746,-0.01872038021664009,-0.03184258949625317
9.980943203712451,9.969518809963631,-0.01905679628754854,-0.030481190036368483
9.980607011297916,9.946226730148373,-0.019392988702084488,-0.05377326985162655
9.98027104648541,9.988023720132428,-0.01972895351459123,-0.011976279867572295
9.979935313217917,9.977531075733014,-0.020064686782083285,-0.022468924266986795
9.979599815435707,9.985100825938511,-0.0204001845642926,-0.014899174061488742
9.979264557076284,9.971468798947642,-0.02073544292371498,-0.02853120105235844
9.978929542074344,9.950306579872041,-0.02107045792565604,-0.04969342012795833
9.978594774361722,9.971326175633912,-0.021405225638277556,-0.02867382436608778
9.978260257867356,10.0039299633167,-0.021739742132643566,0.003929963316700633
9.977925996517234,9.976525294367761,-0.022074003482766485,-0.023474705632239065
9.977591994234347,9.968776392451069,-0.022408005765653174,-0.03122360754893156
9.977258254938649,10.002182671858927,-0.022741745061350994,0.0021826718589265104
9.976924782547005,9.975080004058688,-0.023075217452993794,-0.02491999594131154
9.976591580973151,9.984025361078698,-0.0234084190268479,-0.01597463892130231
9.976258654127642,10.005635749151514,-0.023741345872358023,0.005635749151514744
9.975926005917806,9.967132252826229,-0.024073994082193146,-0.032867747173772
9.975593640247707,10.005936324115918,-0.024406359752292522,0.005936324115918188
9.975261561018089,9.95792851427061,-0.024738438981911255,-0.04207148572938872
9.974929772126334,10.002631679736373,-0.02507022787366623,0.0026316797363736474
9.974598277466418,9.960753794133545,-0.025401722533581847,-0.03924620586645438
9.974267080928865,10.007312012249555,-0.02573291907113568,0.007312012249554835
9.973936186400696,9.972341653237978,-0.026063813599304177,-0.027658346762021724
9.973605597765392,9.978607033706586,-0.026394402234608247,-0.021392966293413463
9.973275318902841,9.961115114305958,-0.02672468109715885,-0.0388848856940414
9.972945353689298,9.981025488138268,-0.02705464631070254,-0.018974511861731127
9.972615705997333,9.966641920655885,-0.027384294002666915,-0.03335807934411563
9.972286379695793,9.966106551793658,-0.027713620304206217,-0.03389344820634254
9.971957378649753,9.950804595663822,-0.028042621350246502,-0.04919540433617832
9.97162870672047,9.96524949472017,-0.028371293279531164,-0.034750505279828606
9.971300367765334,9.965724760932025,-0.02869963223466622,-0.034275239067975936
9.970972365637834,9.979801062668251,-0.02902763436216556,-0.020198937331749645
9.970644704187503,9.948601051188568,-0.029355295812496202,-0.05139894881143249
9.970317387259877,10.011488478777064,-0.02968261274012344,0.011488478777063507
9.969990418696444,9.9719645898534,-0.030009581303555993,-0.028035410146599396
9.969663802334608,9.962214559374136,-0.03033619766539111,-0.037785440625864065
9.96933754200764,9.949916559841919,-0.03066245799235955,-0.05008344015808202
9.969011641544629,9.963995451954526,-0.030988358455370596,-0.036004548045473164
9.968686104770443,9.95615166043772,-0.031313895229557104,-0.04384833956227987
9.96836093550568,9.932421864749045,-0.03163906449432019,-0.06757813525095523
9.968036137566626,9.940537298856936,-0.0319638624333742,-0.05946270114306263
9.967711714765208,9.943304941847238,-0.032288285234791485,-0.056695058152761706
9.967387670908954,9.971943971005242,-0.032612329091047096,-0.02805602899475864
9.967064009800936,9.961659881582765,-0.032935990199063535,-0.03834011841723485
9.966740735239744,9.956356600321454,-0.033259264760255335,-0.04364339967854615
9.966417851019425,9.969382461322978,-0.03358214898057366,-0.03061753867702292
9.96609536092945,9.967858739582226,-0.03390463907055086,-0.032141260417773695
9.965773268754655,9.969761709214698,-0.03422673124534483,-0.030238290785302217
9.965451578275216,9.994078228681117,-0.03454842172478368,-0.005921771318883589
9.96513029326659,9.95749619576843,-0.034869706733409805,-0.04250380423156961
9.964809417499476,9.931188726385704,-0.03519058250052437,-0.0688112736142959
9.96448895473977,9.946890865043565,-0.03551104526023152,-0.05310913495643527
9.964168908748517,9.995310571424517,-0.03583109125148259,-0.004689428575482844
9.96384928328188,9.979682353169423,-0.03615071671812022,-0.020317646830577577
9.963530082091077,9.930563454309992,-0.03646991790892247,-0.06943654569000843
9.963211308922354,9.943448344907146,-0.03678869107764683,-0.05655165509285338
9.962892967516925,9.964078041499846,-0.037107032483074176,-0.035921958500153145
9.962575061610947,9.945951285523348,-0.0374249383890527,-0.054048714476651924
9.962257594935458,9.977656963623204,-0.03774240506454171,-0.022343036376796677
9.961940571216344,9.990063925912164,-0.03805942878365557,-0.009936074087836207
9.961623994174293,9.94563199638245,-0.038376005825707195,-0.05436800361754955
9.961307867524749,9.991354255332224,-0.038692132475251884,-0.008645744667776435
9.96099219497787,10.007239074408755,-0.03900780502213088,0.007239074408755625
9.960676980238485,9.952958700700417,-0.0393230197615149,-0.04704129929958184
9.960362227006053,9.94068775145059,-0.03963777299394765,-0.0593122485494115
9.960047938974611,10.001528408921617,-0.0399520610253892,0.0015284089216178465
9.95973411983274,9.993725523514241,-0.04026588016725939,-0.006274476485758136
9.959420773263519,9.945334556217706,-0.04057922673648106,-0.054665443782294466
9.959107902944476,9.93555080591002,-0.04089209705552328,-0.06444919408997973
9.958795512547555,9.978105256163223,-0.04120448745244466,-0.021894743836776805
9.958483605739064,9.955647589090297,-0.04151639426093621,-0.044352410909702315
9.958172186179635,9.952826426289846,-0.04182781382036449,-0.047173573710154015
9.957861257524186,9.981464945552844,-0.0421387424758146,-0.01853505444715544
9.957550823421867,9.940970212291601,-0.042449176578133026,-0.05902978770839899
9.95724088751603,9.93957408453768,-0.04275911248397047,-0.06042591546232027
9.956931453444176,9.96671899794319,-0.04306854655582463,-0.03328100205681001
9.956622524837917,9.962104656409297,-0.043377475162082874,-0.03789534359070377
9.956314105322935,9.9321104865524,-0.043685894677064886,-0.06788951344760083
9.956006198518935,9.944126693489027,-0.04399380148106517,-0.055873306510972595
9.955698808039605,9.944139203524244,-0.04430119196039555,-0.055860796475755065
9.955391937492573,9.95111481466601,-0.04460806250742771,-0.0488851853339909
9.955085590479365,9.975029772778953,-0.04491440952063527,-0.024970227221046328
9.954779770595364,9.948815445106144,-0.045220229404636283,-0.05118455489385613
9.954474481429765,9.952280135273204,-0.04552551857023532,-0.047719864726795305
9.954169726565535,9.925345113056391,-0.045830273434465656,-0.07465488694360868
9.95386550957937,9.958734009738029,-0.046134490420631245,-0.0412659902619711
9.95356183404165,9.954940708081788,-0.04643816595834879,-0.04505929191821179
9.953258703516411,9.92517656253512,-0.04674129648358956,-0.07482343746488038
9.952956121561279,9.960650192334699,-0.047043878438721286,-0.03934980766530085
9.95265409172745,9.934107841378356,-0.04734590827254982,-0.06589215862164384
9.952352617559638,9.971220698992775,-0.04764738244036102,-0.028779301007224575
9.952051702596037,9.967565669346737,-0.04794829740396207,-0.03243433065326405
9.951751350368276,9.922329055097572,-0.048248649631723206,-0.07767094490242848
9.951451564401381,9.97418116855074,-0.04854843559861908,-0.02581883144926084
9.95115234821373,9.994963790195701,-0.04884765178627018,-0.005036209804298329
9.950853705317016,9.960612143023573,-0.049146294682984065,-0.03938785697642758
9.950555639216203,9.952230539077648,-0.049444360783796645,-0.04776946092235154
9.950258153409488,9.935391772366142,-0.04974184659051326,-0.06460822763385751
9.94996125138825,9.932856737665038,-0.05003874861174978,-0.06714326233496189
9.949664936637026,9.952498154242319,-0.05033506336297351,-0.047501845757680794
9.949369212633457,9.941169439945105,-0.05063078736654417,-0.05883056005489552
9.949074082848245,9.961503855688202,-0.050925917151754735,-0.03849614431179775
9.948779550745128,9.954922179687197,-0.05122044925487201,-0.045077820312802976
9.948485619780822,9.919206272901821,-0.051514380219177404,-0.08079372709817817
9.948192293404993,9.928712240091906,-0.05180770659500751,-0.0712877599080943
9.947899575060205,9.947789047407069,-0.05210042493979451,-0.05221095259293134
9.947607468181893,9.986318221632025,-0.05239253181810667,-0.013681778367974975
9.947315976198311,9.939144673210004,-0.05268402380168859,-0.060855326789995765
9.947025102530498,9.939612018505509,-0.05297489746950143,-0.06038798149449117
9.946734850592238,9.925807115143344,-0.05326514940776316,-0.07419288485665591
9.946445223790011,9.950120484978655,-0.05355477620998849,-0.04987951502134469
9.946156225522971,9.964245582762544,-0.05384377447702894,-0.035754417237455594
9.945867859182886,9.940142710563466,-0.054132140817112775,-0.05985728943653388
9.945580128154115,9.94663303181909,-0.054419871845884676,-0.05336696818090994
9.945293035813554,9.921596185128648,-0.05470696418644552,-0.07840381487135312
9.945006585530608,9.950709688950747,-0.05499341446939206,-0.04929031104925326
9.944720780667144,9.938293546838851,-0.055279219332856434,-0.06170645316114778
9.944435624577455,9.95409073413399,-0.0555643754225456,-0.04590926586601056
9.94415112060822,9.947611364388584,-0.05584887939178074,-0.05238863561141596
9.943867272098464,9.949363052033044,-0.056132727901536505,-0.05063694796695582
9.94358408237952,9.90955546028938,-0.05641591762048023,-0.09044453971062055
9.943301554774989,9.943699516827914,-0.056698445225010975,-0.056300483172086156
9.943019692600702,9.960446312684356,-0.056980307399298706,-0.03955368731564441
9.942738499164678,9.97071867307431,-0.05726150083532294,-0.029281326925688685
9.942457977767088,9.956943873812907,-0.05754202223291177,-0.043056126187093466
9.942178131700219,9.884827228833094,-0.05782186829978053,-0.11517277116690594
9.941898964248429,9.957523191906871,-0.05810103575157044,-0.04247680809312818
9.941620478688113,9.963536208931858,-0.058379521311887166,-0.03646379106814224
9.941342678287661,9.914478501882332,-0.05865732171233923,-0.08552149811766778
9.941065566307424,9.92994706135837,-0.05893443369257643,-0.07005293864163153
9.940789145999672,9.968734555954063,-0.059210854000328064,-0.03126544404593735
9.940513420608559,9.953532067297921,-0.0594865793914411,-0.046467932702078295
9.940238393370082,9.932430496694478,-0.05976160662991823,-0.06756950330552153
9.939964067512044,9.913391194168264,-0.060035932487956,-0.08660880583173482
9.939690446254017,9.891807858348564,-0.06030955374598244,-0.1081921416514359
9.939417532807305,9.941735354308847,-0.06058246719269503,-0.05826464569115404
9.939145330374902,9.95382291464121,-0.06085466962509833,-0.04617708535878959
9.938873842151459,9.943341383952715,-0.061126157848541585,-0.05665861604728421
9.938603071323243,9.915612417556941,-0.061396928676756224,-0.08438758244305818
9.938333021068107,9.935556592300403,-0.06166697893189324,-0.06444340769959749
9.93806369455544,9.931005720343872,-0.06193630544456048,-0.0689942796561274
9.93779509494614,9.909986453477606,-0.062204905053859866,-0.090013546522395
9.937527225392575,9.930993739277838,-0.06247277460742443,-0.06900626072216119
9.937260089038544,9.934625642735904,-0.06273991096145548,-0.06537435726409517
9.936993689019241,9.952422794570635,-0.06300631098075929,-0.047577205429363854
9.936728028461216,9.937085961323405,-0.06327197153878397,-0.06291403867659551
9.936463110482343,9.933955358284091,-0.06353688951765621,-0.06604464171590943
9.936198938191783,9.941455772259838,-0.0638010618082178,-0.05854422774016291
9.935935514689938,9.945741426921812,-0.06406448531006223,-0.05425857307818866
9.93567284306843,9.880894674967003,-0.06432715693157091,-0.11910532503299764
9.93541092641005,9.919809140108441,-0.06458907358994961,-0.08019085989155955
9.935149767788735,9.947636280283785,-0.06485023221126456,-0.05236371971621591
9.934889370269522,9.933277560560814,-0.06511062973047853,-0.06672243943918567
9.934629736908514,9.949181001865268,-0.06537026309148677,-0.05081899813473136
9.934370870752847,9.933674479774574,-0.0656291292471531,-0.06632552022542565
9.934112774840655,9.932438015103367,-0.06588722515934531,-0.0675619848966334
9.933855452201028,9.962088858304448,-0.0661445477989711,-0.03791114169555222
9.933598905853987,9.929270346745566,-0.06640109414601346,-0.07072965325443295
9.933343138810434,9.920159230892835,-0.06665686118956625,-0.07984076910716535
9.93308815407213,9.928496469981916,-0.06691184592786945,-0.07150353001808483
9.932833954631656,9.934756185408439,-0.0671660453683444,-0.06524381459156163
9.93258054347237,9.942660994372217,-0.067419456527629,-0.05733900562778373
9.932327923568387,9.962506369077817,-0.06767207643161255,-0.037493630922182844
9.93207609788453,9.956569451433975,-0.06792390211547082,-0.0434305485660256
9.931825069376298,9.96024776508203,-0.06817493062370086,-0.039752234917969816
9.931574840989844,9.955594184800411,-0.06842515901015549,-0.044405815199589256
9.931325415661922,9.945353880153393,-0.06867458433807809,-0.05464611984660661
9.931076796319863,9.971741830979308,-0.06892320368013692,-0.02825816902069151
9.93082898588154,9.912248726487913,-0.06917101411845959,-0.08775127351208753
9.930581987255334,9.937916998850694,-0.06941801274466723,-0.062083001149306385
9.93033580334009,9.901198499627773,-0.06966419665990861,-0.098801500372227
9.930090437025106,9.934845915377066,-0.06990956297489426,-0.06515408462293362
9.92984589119007,9.916494199695494,-0.07015410880993027,-0.08350580030450515
9.929602168705047,9.95417562299883,-0.07039783129495217,-0.04582437700116958
9.92935927243044,9.920416779206647,-0.07064072756955848,-0.07958322079335305
9.929117205216956,9.9385262327614,-0.07088279478304454,-0.06147376723860007
9.928875969905564,9.93176318956849,-0.07112403009443569,-0.06823681043150899
9.92863556932748,9.903983630213244,-0.07136443067252074,-0.09601636978675666
9.928396006304116,9.94130145303096,-0.0716039936958852,-0.05869854696904114
9.928157283647055,9.895401605050893,-0.07184271635294437,-0.10459839494910708
9.927919404158024,9.941346038650877,-0.07208059584197636,-0.058653961349122305
9.927682370628846,9.910933400800438,-0.07231762937115493,-0.08906659919956143
9.927446185841418,9.9166352699688,-0.07255381415858234,-0.08336473003119883
9.927210852567677,9.957524875155833,-0.07278914743232183,-0.042475124844166566
9.92697637356957,9.914596526087095,-0.07302362643043037,-0.08540347391290479
9.92674275159901,9.957077589750767,-0.07325724840099096,-0.04292241024923288
9.926509989397855,9.928186475281777,-0.07349001060214491,-0.07181352471822272
9.926278089697876,9.93990094499935,-0.07372191030212402,-0.06009905500065056
9.926047055220717,9.909590605756335,-0.0739529447792827,-0.09040939424366443
9.92581688867787,9.90561617047943,-0.07418311132212989,-0.09438382952056949
9.92558759277064,9.910498967884658,-0.07441240722936085,-0.08950103211534119
9.925359170190111,9.945662922431932,-0.07464082980988887,-0.054337077568067854
9.925131623617123,9.944605779886134,-0.07486837638287691,-0.05539422011386691
9.924904955722232,9.902389674419403,-0.07509504427776899,-0.09761032558059621
9.924679169165678,9.934780576533662,-0.07532083083432158,-0.06521942346633879
9.924454266597365,9.90343329045562,-0.07554573340263476,-0.09656670954437942
9.924230250656816,9.911223106889807,-0.0757697493431835,-0.08877689311019263
9.924007123973151,9.944865133006214,-0.07599287602684832,-0.05513486699378552
9.923784889165054,9.946510755246175,-0.07621511083494648,-0.053489244753824466
9.923563548840738,9.951081214717565,-0.07643645115926243,-0.04891878528243534
9.92334310559792,9.940908303913393,-0.07665689440207867,-0.059091696086607415
9.923123562023793,9.879562339928789,-0.07687643797620612,-0.12043766007121148
9.922904920694986,9.93848177109157,-0.07709507930501436,-0.061518228908428646
9.922687184177537,9.9364123912984,-0.07731281582246219,-0.06358760870159856
9.922470355026872,9.937186982938506,-0.07752964497312732,-0.06281301706149425
9.922254435787764,9.934694443890027,-0.07774556421223683,-0.06530555610997248
9.922039428994303,9.91639912438028,-0.07796057100569659,-0.08360087561971982
9.921825337169878,9.909173630710454,-0.0781746628301214,-0.09082636928954589
9.921612162827136,9.916341906569237,-0.07838783717286421,-0.0836580934307642
9.921399908467954,9.922649058115177,-0.07860009153204606,-0.07735094188482279
9.921188576583415,9.90782846705443,-0.07881142341658492,-0.09217153294557116
9.920978169653775,9.905973358067293,-0.07902183034622544,-0.09402664193270761
9.920768690148432,9.933786958229922,-0.07923130985156776,-0.06621304177007759
9.920560140525904,9.905388714518647,-0.07943985947409643,-0.09461128548135271
9.92035252323379,9.905194388349349,-0.07964747676620959,-0.09480561165065186
9.920145840708752,9.90723557899374,-0.07985415929124727,-0.09276442100625994
9.919940095376479,9.913991952370532,-0.08005990462352044,-0.08600804762946851
9.91973528965166,9.924442598080619,-0.08026471034833906,-0.07555740191938111
9.91953142593796,9.882599999166638,-0.08046857406204076,-0.11740000083336154
9.91932850662798,9.884072459712058,-0.08067149337201873,-0.11592754028794157
9.919126534103249,9.909786752929671,-0.0808734658967502,-0.09021324707032909
9.918925510734176,9.906245400185353,-0.08107448926582389,-0.09375459981464647
9.918725438880031,9.927818879999151,-0.0812745611199683,-0.07218112000084821
9.91852632088892,9.926840119596285,-0.08147367911107921,-0.07315988040371404
9.918328159097753,9.913496371487623,-0.08167184090224704,-0.08650362851237615
9.918130955832215,9.899181156627028,-0.08186904416778468,-0.10081884337297246
9.917934713406746,9.903111464029008,-0.08206528659325435,-0.09688853597099258
9.917739434124504,9.908353951093968,-0.08226056587549524,-0.09164604890603131
9.91754512027735,9.923573572277252,-0.08245487972265003,-0.07642642772274788
9.917351774145807,9.945214776861622,-0.08264822585419225,-0.05478522313837776
9.917159397999047,9.902281875014276,-0.08284060200095265,-0.0977181249857229
9.916967994094854,9.869936635553126,-0.0830320059051462,-0.13006336444687389
9.916777564679602,9.89210265534359,-0.08322243532039819,-0.1078973446564097
9.91658811198823,9.87305926759788,-0.08341188801177103,-0.12694073240212103
9.91639963824421,9.924838922503406,-0.08360036175579018,-0.07516107749659282
9.91621214565953,9.927001571755552,-0.0837878543404702,-0.07299842824444853
9.916025636434659,9.960093448275952,-0.08397436356534108,-0.039906551724047126
9.915840112758527,9.946811672847677,-0.08415988724147354,-0.05318832715232383
9.915655576808495,9.910777066452011,-0.08434442319150524,-0.08922293354798905
9.915472030750333,9.921534434654955,-0.08452796924966594,-0.07846556534504424
9.915289476738197,9.927206673483575,-0.08471052326180319,-0.07279332651642562
9.915107916914593,9.930584050576021,-0.08489208308540735,-0.06941594942397894
9.914927353410363,9.945600214054066,-0.08507264658963708,-0.05439978594593493
9.914747788344656,9.92824536344805,-0.08525221165534391,-0.07175463655194991
9.914569223824902,9.917465702381586,-0.08543077617509752,-0.08253429761841458
9.91439166194679,9.882208694603651,-0.08560833805321032,-0.11779130539634805
9.914215104794238,9.920427797485628,-0.08578489520576185,-0.07957220251437279
9.914039554439377,9.918572931832887,-0.08596044556062363,-0.08142706816711284
9.913865012942518,9.89699995793665,-0.08613498705748307,-0.10300004206335028
9.913691482352132,9.919350256553178,-0.08630851764786801,-0.0806497434468214
9.91351896470483,9.909419037507531,-0.08648103529517047,-0.09058096249246966
9.91334746202533,9.925306725953888,-0.08665253797467079,-0.07469327404611148
9.913176976326438,9.91332953445078,-0.08682302367356115,-0.08667046554922071
9.91300750960903,9.9142150256402,-0.08699249039096944,-0.08578497435979963
9.912839063862018,9.898828406999788,-0.08716093613798265,-0.10117159300021161
9.91267164106233,9.916023747675244,-0.08732835893766999,-0.08397625232475599
9.912505243174893,9.866273065094017,-0.08749475682510656,-0.13372693490598353
9.912339872152604,9.908148213063466,-0.08766012784739591,-0.09185178693653427
9.912175529936306,9.934884045310953,-0.08782447006369337,-0.06511595468904567
9.912012218454771,9.906440632262207,-0.08798778154522852,-0.09355936773779278
9.911849939624672,9.904176294652112,-0.08815006037532806,-0.09582370534788766
9.911688695350563,9.928779030528231,-0.08831130464943808,-0.0712209694717697
9.911528487524853,9.924636770935109,-0.0884715124751467,-0.0753632290648902
9.911369318027795,9.970595993463053,-0.08863068197220594,-0.029404006536946727
9.911211188727446,9.896705026328231,-0.08878881127255407,-0.10329497367176917
9.911054101479662,9.87865827129752,-0.08894589852033746,-0.12134172870248079
9.910898058128067,9.919538644184529,-0.0891019418719322,-0.08046135581547144
9.910743060504034,9.915495652541837,-0.08925693949596597,-0.0845043474581631
9.910589110426661,9.916282994968638,-0.08941088957333933,-0.08371700503136252
9.910436209702752,9.925584980014795,-0.08956379029724731,-0.07441501998520395
9.9102843601268,9.93200940499306,-0.0897156398732003,-0.06799059500693919
9.910133563480954,9.924797669732078,-0.08986643651904545,-0.07520233026792188
9.909983821535013,9.891099019415483,-0.09001617846498727,-0.10890098058451717
9.909835136046391,9.894661687617775,-0.09016486395360868,-0.10533831238222527
9.909687508760108,9.895516070264042,-0.09031249123989138,-0.10448392973595812
9.909540941408764,9.913395103915008,-0.09045905859123657,-0.08660489608499249
9.909395435712515,9.904346199612858,-0.09060456428748515,-0.09565380038714133
9.909250993379063,9.898502693872523,-0.0907490066209378,-0.10149730612747676
9.909107616103624,9.91407455472449,-0.09089238389637534,-0.0859254452755102
9.908965305568922,9.908011450247201,-0.09103469443107827,-0.09198854975279831
9.908824063445152,9.915269567045378,-0.09117593655484685,-0.08473043295462106
9.90868389138998,9.926380356305566,-0.09131610861002032,-0.07361964369443369
9.908544791048504,9.906358836009298,-0.09145520895149682,-0.09364116399070202
9.908406764053248,9.92144931374944,-0.09159323594675223,-0.07855068625056061
9.908269812024141,9.92678921110249,-0.09173018797585972,-0.07321078889750979
9.908133936568492,9.924836883927382,-0.09186606343150844,-0.07516311607261889
9.907999139280978,9.910530694245713,-0.09200086071902264,-0.0894693057542868
9.907865421743619,9.90619754650188,-0.09213457825638027,-0.09380245349811885
9.907732785525768,9.930382844134689,-0.09226721447423149,-0.0696171558653114
9.907601232184083,9.911246234572136,-0.09239876781591727,-0.08875376542786405
9.907470763262513,9.91980631089625,-0.09252923673748739,-0.08019368910374901
9.907341380292282,9.906050901281462,-0.09265861970771888,-0.0939490987185377
9.907213084791866,9.901077995074994,-0.09278691520813366,-0.09892200492500533
9.907085878266983,9.896016364643916,-0.09291412173301672,-0.10398363535608302
9.906959762210567,9.916835670174374,-0.09304023778943339,-0.08316432982562577
9.906834738102752,9.882901995952539,-0.09316526189724722,-0.11709800404746208
9.906710807410862,9.908512091545758,-0.0932891925891372,-0.0914879084542421
9.906587971589385,9.884389828249637,-0.09341202841061484,-0.11561017175036344
9.906466232079959,9.89996879599901,-0.09353376792004159,-0.10003120400098955
9.906345590311355,9.90131324811946,-0.09365440968864533,-0.09868675188054084
9.906226047699462,9.887748629488724,-0.09377395230053759,-0.11225137051127565
9.90610760564727,9.897836146399452,-0.09389239435272971,-0.1021638536005469
9.905990265544851,9.915693424057535,-0.09400973445514973,-0.08430657594246471
9.905874028769341,9.899322074762255,-0.09412597123065838,-0.1006779252377454
9.905758896684935,9.915749554039165,-0.09424110331506547,-0.08425044596083497
9.905644870642854,9.891419909819486,-0.09435512935714568,-0.10858009018051386
9.905531951981345,9.888992898835752,-0.09446804801865463,-0.11100710116424735
9.905420142025655,9.918753475400251,-0.09457985797434454,-0.08124652459974921
9.90530944208802,9.885887032466215,-0.09469055791197956,-0.11411296753378586
9.905199853467648,9.894715233807773,-0.09480014653235158,-0.10528476619222774
9.905091377450704,9.898024879973415,-0.09490862254929504,-0.10197512002658465
9.904984015310298,9.860551508551017,-0.09501598468970238,-0.13944849144898194
9.904877768306461,9.900672556728345,-0.09512223169353874,-0.09932744327165527
9.904772637686143,9.936316758150776,-0.09522736231385694,-0.06368324184922411
9.904668624683188,9.904346818632327,-0.0953313753168119,-0.09565318136767409
9.904565730518325,9.895202503002828,-0.09543426948167537,-0.10479749699717188
9.90446395639915,9.931299076924958,-0.09553604360084997,-0.06870092307504228
9.904363303520116,9.914629461592178,-0.09563669647988364,-0.08537053840782276
9.904263773062516,9.909672918263304,-0.09573622693748353,-0.09032708173669565
9.904165366194471,9.880219231704869,-0.0958346338055298,-0.11978076829513157
9.90406808407091,9.917229525291392,-0.09593191592908945,-0.08277047470860915
9.90397192783357,9.89886230658633,-0.09602807216642979,-0.10113769341366949
9.903876898610967,9.918948807981991,-0.09612310138903196,-0.08105119201800845
9.903782997518396,9.902137836498694,-0.09621700248160393,-0.09786216350130508
9.903690225657906,9.899449305974041,-0.09630977434209394,-0.10055069402595795
9.903598584118297,9.907712922402682,-0.09640141588170306,-0.09228707759731826
9.903508073975102,9.895849094254567,-0.09649192602489831,-0.10415090574543319
9.903418696290576,9.93153949525937,-0.09658130370942498,-0.06846050474063031
9.90333045211368,9.887421084731383,-0.09666954788631936,-0.11257891526861714
9.90324334248008,9.864030006786402,-0.09675665751992087,-0.13596999321359793
9.903157368412115,9.891023134899331,-0.09684263158788425,-0.10897686510066944
9.903072530918807,9.882080981864812,-0.0969274690811917,-0.11791901813518756
9.902988830995836,9.894225368553887,-0.09701116900416444,-0.10577463144611286
9.902906269625525,9.915365151230034,-0.09709373037447472,-0.08463484876996598
9.902824847776843,9.891100927401855,-0.09717515222315705,-0.10889907259814517
9.90274456640538,9.911497423898592,-0.09725543359461986,-0.0885025761014077
9.902665426453343,9.872967952988073,-0.09733457354665642,-0.127032047011927
9.902587428849543,9.922302285834778,-0.09741257115045619,-0.07769771416522195
9.902510574509385,9.930652673128238,-0.09748942549061546,-0.06934732687176179
9.902434864334852,9.882660867036929,-0.09756513566514825,-0.11733913296307191
9.902360299214504,9.8771828016504,-0.09763970078549693,-0.12281719834959959
9.902286880023457,9.89183140870967,-0.09771311997654243,-0.10816859129032874
9.902214607623385,9.91773770731047,-0.0977853923766148,-0.08226229268953042
9.902143482862497,9.903446837476585,-0.09785651713750305,-0.09655316252341495
9.902073506575535,9.88573270596196,-0.09792649342446537,-0.1142672940380392
9.902004679583762,9.919978475211499,-0.09799532041623865,-0.0800215247885005
9.901937002694952,9.911780391639223,-0.09806299730504836,-0.08821960836077652
9.901870476703381,9.942164058120003,-0.0981295232966179,-0.057835941879996404
9.901805102389822,9.915380136748219,-0.09819489761017791,-0.08461986325178167
9.901740880521524,9.90445310616869,-0.09825911947847556,-0.09554689383131061
9.901677811852217,9.924064863082567,-0.09832218814778339,-0.07593513691743399
9.901615897122092,9.900496892407965,-0.09838410287790827,-0.09950310759203514
9.9015551370578,9.881736792862185,-0.09844486294220005,-0.11826320713781535
9.90149553237244,9.896361591048638,-0.09850446762756009,-0.10363840895136109
9.90143708376555,9.889945275856718,-0.0985629162344496,-0.11005472414328185
9.901379791923102,9.906566631900755,-0.09862020807689795,-0.09343336809924438
9.901323657517489,9.914615906576667,-0.09867634248251056,-0.08538409342333177
9.901268681207522,9.902094767214637,-0.09873131879247697,-0.09790523278536296
9.90121486363842,9.865413593318936,-0.0987851363615784,-0.13458640668106425
9.901162205441805,9.920046028842588,-0.09883779455819547,-0.07995397115741118
9.901110707235684,9.943882347142154,-0.09888929276431556,-0.05611765285784658
9.90106036962446,9.909684647847719,-0.09893963037553995,-0.09031535215228072
9.901011193198908,9.90239571362678,-0.09898880680109114,-0.09760428637322081
9.90096317853618,9.924657572813642,-0.09903682146381958,-0.07534242718635911
9.90091632619979,9.909945439251876,-0.09908367380021055,-0.09005456074812326
9.90087063673961,9.921018360876909,-0.09912936326039073,-0.07898163912309175
9.900826110691865,9.914494560103469,-0.0991738893081347,-0.08550543989653085
9.900782748579129,9.937733909894604,-0.09921725142087118,-0.06226609010539616
9.90074055091031,9.914101552391388,-0.0992594490896892,-0.08589844760861176
9.900699518180655,9.908653862190958,-0.09930048181934403,-0.09134613780904156
9.900659650871736,9.883737481086612,-0.09934034912826306,-0.11626251891338804
9.900620949451449,9.890515430979324,-0.09937905054855141,-0.10948456902067576
9.900583414374003,9.932814516332028,-0.09941658562599737,-0.06718548366797172
9.900547046079922,9.893114090760966,-0.09945295392007786,-0.10688590923903354
9.900511844996036,9.927196045022926,-0.09948815500396346,-0.07280395497707451
9.900477811535476,9.916537738199157,-0.09952218846452354,-0.08346226180084398
9.90044494609767,9.905561331701167,-0.099555053902331,-0.09443866829883424
9.900413249068333,9.925637925911916,-0.09958675093166708,-0.07436207408808364
9.900382720819474,9.87795227850729,-0.09961727918052575,-0.12204772149270973
9.900353361709382,9.85393031293369,-0.09964663829061819,-0.14606968706631018
9.900325172082622,9.923954792046464,-0.0996748279173769,-0.07604520795353643
9.90029815227004,9.915209346507348,-0.09970184772995985,-0.08479065349265251
9.900272302588746,9.915616551508014,-0.09972769741125428,-0.08438344849198588
9.90024762334212,9.911128604241588,-0.09975237665788043,-0.08887139575841224
9.900224114819805,9.888654086312572,-0.09977588518019516,-0.11134591368742726
9.900201777297704,9.89443310625969,-0.09979822270229527,-0.10556689374030946
9.90018061103798,9.893735604515095,-0.09981938896202079,-0.1062643954849055
9.900160616289043,9.864908415912335,-0.09983938371095802,-0.13509158408766364
9.900141793285558,9.919743208909914,-0.09985820671444254,-0.0802567910900859
9.900124142248439,9.90951456063874,-0.09987585775156178,-0.09048543936126037
9.900107663384842,9.908241006462784,-0.09989233661515784,-0.09175899353721513
9.90009235688817,9.9185758665266,-0.09990764311182973,-0.08142413347339984
9.900078222938065,9.921991575541146,-0.09992177706193572,-0.07800842445885421
9.900065261700405,9.880360186418061,-0.09993473829959548,-0.11963981358193942
9.900053473327308,9.872792513255009,-0.099946526672692,-0.1272074867449909
9.900042857957127,9.909678337128652,-0.09995714204287326,-0.09032166287134767
9.900033415714447,9.935265101384687,-0.09996658428555412,-0.0647348986153129
9.900025146710082,9.888695338941806,-0.0999748532899175,-0.11130466105819342
9.900018051041084,9.886031502641341,-0.09998194895891584,-0.11396849735865966
9.900012128790728,9.873070867568067,-0.09998787120927223,-0.12692913243193207
9.90000738002852,9.895106588063177,-0.0999926199714813,-0.10489341193682349
9.90000380481019,9.919769133509435,-0.09999619518981018,-0.08023086649056427
9.9000014031777,9.857726066006697,-0.09999859682229895,-0.14227393399330332
9.900000175159239,9.896478632499452,-0.09999982484076136,-0.1035213675005484
9.900000120769215,9.91617465183908,-0.09999987923078503,-0.08382534816091992
9.900001240008269,9.881162388646976,-0.09999875999173158,-0.11883761135302494
9.900003532863263,9.915765269637431,-0.09999646713673677,-0.08423473036256923
9.90000699930729,9.93521472516195,-0.09999300069271022,-0.06478527483805002
9.900011639299665,9.881270774706312,-0.09998836070033518,-0.11872922529368746
9.900017452785931,9.885132109077443,-0.09998254721406803,-0.11486789092255732
9.900024439697862,9.921157847074436,-0.09997556030213761,-0.07884215292556357
9.900032599953455,9.929415146429605,-0.09996740004654446,-0.07058485357039523
9.90004193345694,9.89090152670856,-0.0999580665430598,-0.10909847329143949
9.900052440098776,9.926524469037236,-0.0999475599012245,-0.07347553096276341
9.900064119755653,9.890384274016608,-0.09993588024434771,-0.10961572598339196
9.900076972290494,9.879164024106345,-0.09992302770950544,-0.12083597589365505
9.90009099755246,9.89847738642558,-0.09990900244753893,-0.10152261357442126
9.900106195376948,9.911374651450146,-0.09989380462305299,-0.08862534854985506
9.900122565585587,9.900249696270873,-0.09987743441441388,-0.09975030372912665
9.900140107986253,9.913996588705041,-0.09985989201374736,-0.0860034112949583
9.900158822373063,9.845923663448705,-0.09984117762693641,-0.154076336551295
9.900178708526381,9.913914835860595,-0.09982129147361878,-0.08608516413940451
9.900199766212815,9.896011306479148,-0.09980023378718442,-0.103988693520852
9.900221995185227,9.929276691987182,-0.09977800481477277,-0.0707233080128172
9.900245395182731,9.917804869951151,-0.0997546048172698,-0.08219513004884928
9.900269965930695,9.923576681642704,-0.09973003406930506,-0.07642331835729593
9.900295707140751,9.90871445720016,-0.09970429285924831,-0.0912855427998393
9.900322618510794,9.930280610756054,-0.09967738148920625,-0.06971938924394568
9.900350699724981,9.918061747135646,-0.09964930027501895,-0.0819382528643545
9.900379950453743,9.876371969714958,-0.09962004954625606,-0.12362803028504168
9.900410370353788,9.90499251555491,-0.09958962964621307,-0.09500748444508972
9.900441959068093,9.881970003905925,-0.0995580409319072,-0.1180299960940753
9.900474716225927,9.914044101829683,-0.09952528377407324,-0.08595589817031657
9.90050864144284,9.912778814523156,-0.0994913585571592,-0.0872211854768437
9.900543734320678,9.917219270057323,-0.09945626567932175,-0.08278072994267738
9.900579994447579,9.913170396156044,-0.09942000555242159,-0.08682960384395527
9.900617421397982,9.888454777668752,-0.09938257860201866,-0.11154522233124843
9.900656014732633,9.892922661325047,-0.09934398526736704,-0.10707733867495386
9.90069577399859,9.89739121369448,-0.09930422600140991,-0.10260878630551969
9.900736698729226,9.918039272132305,-0.09926330127077408,-0.08196072786769536
9.900778788444235,9.86810569576082,-0.09922121155576472,-0.13189430423918014
9.90082204264964,9.89412231266335,-0.09917795735035953,-0.1058776873366494
9.900866460837797,9.912541765543597,-0.09913353916220308,-0.08745823445640322
9.900912042487398,9.8682288750388,-0.09908795751260074,-0.13177112496119894
9.900958787063487,9.88381042661409,-0.09904121293651268,-0.11618957338590995
9.901006694017452,9.882097718948492,-0.09899330598254748,-0.11790228105150904
9.901055762787044,9.902504956453875,-0.09894423721295577,-0.09749504354612515
9.901105992796376,9.927329606477224,-0.0988940072036236,-0.07267039352277574
9.901157383455935,9.932558187589033,-0.09884261654406565,-0.06744181241096729
9.901209934162582,9.907254525755683,-0.0987900658374184,-0.09274547424431696
9.901263644299567,9.87950701023098,-0.09873635570043296,-0.12049298976901933
9.901318513236532,9.898621565906586,-0.09868148676346787,-0.10137843409341372
9.901374540329519,9.916534615867796,-0.0986254596704817,-0.08346538413220361
9.901431724920975,9.92538085383205,-0.09856827507902553,-0.07461914616795157
9.901490066339765,9.925648262337413,-0.09850993366023514,-0.07435173766258735
9.901549563901177,9.914078778299027,-0.0984504360988232,-0.08592122170097347
9.90161021690693,9.908010548553076,-0.09838978309307127,-0.09198945144692387
9.901672024645178,9.893592160830897,-0.09832797535482146,-0.10640783916910346
9.901734986390531,9.881114276348338,-0.09826501360946832,-0.11888572365166263
9.90179910140405,9.902434647742815,-0.09820089859595,-0.09756535225718393
9.90186436893326,9.910887174366001,-0.09813563106673995,-0.08911282563399854
9.901930788212162,9.89320075899592,-0.0980692117878377,-0.10679924100407961
9.90199835846124,9.911887715084626,-0.09800164153876023,-0.08811228491537375
9.902067078887468,9.940530371408634,-0.09793292111253254,-0.05946962859136582
9.902136948684321,9.911928513861819,-0.09786305131567856,-0.08807148613818067
9.902207967031789,9.8823812244009,-0.09779203296821148,-0.11761877559909999
9.902280133096376,9.918852836258248,-0.09771986690362432,-0.08114716374175257
9.90235344603112,9.858120932581325,-0.09764655396888,-0.1418790674186744
9.902427904975598,9.885455265173357,-0.09757209502440148,-0.11454473482664337
9.902503509055938,9.917230621318575,-0.09749649094406165,-0.08276937868142546
9.902580257384827,9.883525501204351,-0.09741974261517304,-0.1164744987956482
9.902658149061523,9.925895664424756,-0.09734185093847747,-0.07410433557524483
9.902737183171865,9.870628658286453,-0.09726281682813535,-0.1293713417135475
9.902817358788285,9.864694277219073,-0.09718264121171516,-0.13530572278092706
9.902898674969817,9.900621700016764,-0.09710132503018236,-0.09937829998323573
9.902981130762111,9.913238094372558,-0.09701886923788845,-0.0867619056274423
9.90306472519744,9.901543471714868,-0.09693527480255977,-0.09845652828513128
9.903149457294713,9.926698781824637,-0.09685054270528608,-0.07330121817536363
9.903235326059491,9.90587132200528,-0.09676467394050914,-0.09412867799472015
9.90332233048399,9.886108963020419,-0.09667766951601091,-0.1138910369795802
9.903410469547097,9.874429101373547,-0.0965895304529019,-0.12557089862645252
9.903499742214391,9.876785541574563,-0.096500257785609,-0.12321445842543631
9.903590147438136,9.886941159583662,-0.09640985256186349,-0.11305884041633843
9.903681684157311,9.886002286630253,-0.0963183158426886,-0.11399771336974618
9.903774351297614,9.92081820549422,-0.09622564870238723,-0.07918179450578033
9.90386814777147,9.896411932573393,-0.09613185222852917,-0.10358806742660746
9.903963072478062,9.904885845882085,-0.09603692752193842,-0.09511415411791556
9.90405912430332,9.884080089884446,-0.09594087569668032,-0.11591991011555468
9.90415630211995,9.902313856838433,-0.09584369788004835,-0.09768614316156769
9.904254604787448,9.920738383725833,-0.09574539521255103,-0.07926161627416686
9.904354031152101,9.865841830593975,-0.0956459688478984,-0.1341581694060242
9.90445458004701,9.898189356140994,-0.09554541995298865,-0.10181064385900544
9.904556250292107,9.920129204334604,-0.09544374970789424,-0.07987079566539601
9.904659040694153,9.916659194821529,-0.09534095930584818,-0.08334080517847109
9.90476295004677,9.845996942877989,-0.09523704995322996,-0.15400305712201065
9.904867977130449,9.883575281436531,-0.09513202286955146,-0.11642471856346777
9.904974120712557,9.95028565820009,-0.09502587928744254,-0.04971434179991036
9.905081379547363,9.921856703140326,-0.0949186204526366,-0.07814329685967436
9.905189752376044,9.88147961480454,-0.09481024762395612,-0.11852038519545896
9.905299237926702,9.882357155979875,-0.09470076207329761,-0.11764284402012448
9.905409834914384,9.9029134935677,-0.09459016508561692,-0.09708650643230023
9.905521542041086,9.882198766477806,-0.09447845795891396,-0.11780123352219314
9.905634357995782,9.938191387608288,-0.09436564200421772,-0.061808612391710906
9.905748281454429,9.895623473041805,-0.09425171854557057,-0.10437652695819398
9.905863311079987,9.912411008992558,-0.094136688920013,-0.08758899100744241
9.905979445522432,9.888766158179118,-0.09402055447756774,-0.11123384182088172
9.906096683418776,9.958809780207334,-0.09390331658122408,-0.04119021979266552
9.906215023393079,9.863989520250856,-0.0937849766069217,-0.13601047974914476
9.906334464056465,9.892378303292293,-0.09366553594353456,-0.10762169670770734
9.906455004007146,9.904318476536671,-0.09354499599285482,-0.09568152346332795
9.906576641830425,9.885958844176438,-0.09342335816957598,-0.11404115582356149
9.906699376098723,9.922258332103565,-0.09330062390127675,-0.07774166789643434
9.906823205371596,9.936283951263727,-0.09317679462840381,-0.06371604873627319
9.906948128195745,9.89269134739188,-0.09305187180425536,-0.10730865260811932
9.907074143105037,9.912216821131569,-0.09292585689496369,-0.08778317886843094
9.907201248620522,9.934393273352734,-0.09279875137947828,-0.06560672664726558
9.907329443250452,9.848007043750806,-0.09267055674954815,-0.15199295624919268
9.907458725490295,9.922212584063457,-0.09254127450970462,-0.07778741593654354
9.907589093822757,9.902270848753536,-0.09241090617724346,-0.09772915124646275
9.907720546717792,9.921098081139027,-0.09227945328220712,-0.07890191886097303
9.907853082632633,9.91989168595503,-0.09214691736736697,-0.08010831404497104
9.907986700011795,9.896471935010815,-0.09201329998820482,-0.10352806498918378
9.908121397287104,9.886522461719771,-0.09187860271289505,-0.11347753828022816
9.908257172877715,9.894704188341553,-0.09174282712228593,-0.1052958116584477
9.90839402519012,9.931805291531711,-0.0916059748098812,-0.0681947084682888
9.908531952618178,9.892517491133264,-0.09146804738182131,-0.10748250886673683
9.908670953543135,9.912337931230784,-0.09132904645686468,-0.08766206876921638
9.908811026333632,9.887654532552485,-0.09118897366636845,-0.11234546744751436
9.90895216934573,9.897525011606723,-0.0910478306542697,-0.10247498839327755
9.909094380922934,9.912359298283643,-0.09090561907706585,-0.08764070171635696
9.909237659396204,9.887948095711929,-0.09076234060379523,-0.11205190428807141
9.909382003083982,9.929510347258814,-0.09061799691601785,-0.0704896527411858
9.909527410292204,9.932990998009492,-0.0904725897077951,-0.067009001990508
9.90967387931433,9.940059867063733,-0.09032612068567045,-0.05994013293626739
9.909821408431352,9.937594697939316,-0.09017859156864888,-0.06240530206068447
9.909969995911823,9.869187099783428,-0.09003000408817723,-0.13081290021657122
9.910119640011876,9.871709247926725,-0.08988035998812335,-0.12829075207327512
9.910270338975243,9.916069518467209,-0.08972966102475616,-0.08393048153279141
9.910422091033276,9.887558664044011,-0.08957790896672456,-0.11244133595598964
9.910574894404963,9.904787733935128,-0.08942510559503697,-0.09521226606487156
9.91072874729696,9.919086254780735,-0.08927125270304043,-0.08091374521926556
9.910883647903601,9.923376556595747,-0.08911635209639931,-0.0766234434042536
9.911039594406926,9.907868723868503,-0.08896040559307446,-0.09213127613149716
9.911196584976699,9.902179638428814,-0.08880341502330151,-0.0978203615711857
9.91135461777043,9.939124573605346,-0.08864538222956973,-0.060875426394654146
9.9115136909334,9.949944535024759,-0.08848630906660011,-0.05005546497524006
9.911673802598676,9.919285554794925,-0.08832619740132389,-0.08071444520507552
9.91183495088714,9.99340806919082,-0.0881650491128603,-0.0065919308091795525
9.911997133907505,9.897735425974055,-0.08800286609249489,-0.10226457402594458
9.912160349756343,9.908892623459709,-0.08783965024365697,-0.0911073765402909
9.912324596518102,9.906705834575895,-0.08767540348189752,-0.0932941654241052
9.912489872265134,9.912830355440462,-0.08751012773486669,-0.08716964455953821
9.912656175057709,9.917073437576951,-0.08734382494229094,-0.08292656242304984
9.912823502944049,9.897653522527227,-0.08717649705595067,-0.10234647747277291
9.912991853960342,9.922861151883199,-0.08700814603965687,-0.07713884811680162
9.913161226130772,9.896639033204464,-0.08683877386922852,-0.10336096679553587
9.91333161746753,9.918071498639181,-0.08666838253246895,-0.08192850136081917
9.913503025970858,9.926331675647454,-0.08649697402914293,-0.07366832435254606
9.913675449629046,9.89824705763657,-0.08632455037095288,-0.10175294236342985
9.913848886418485,9.93198873342225,-0.08615111358151546,-0.06801126657775067
9.914023334303662,9.88277787251288,-0.08597666569633772,-0.11722212748711971
9.914198791237206,9.9163339623322,-0.08580120876279318,-0.08366603766780016
9.914375255159902,9.9080471770886,-0.08562474484009802,-0.09195282291140033
9.914552724000714,9.880624015667548,-0.08544727599928653,-0.11937598433245138
9.914731195676813,9.924222183671583,-0.08526880432318724,-0.07577781632841626
9.914910668093603,9.921641493571657,-0.0850893319063981,-0.078358506428343
9.915091139144737,9.924936367215427,-0.0849088608552622,-0.07506363278457288
9.915272606712158,9.920007423014617,-0.08472739328784272,-0.07999257698538262
9.915455068666102,9.917733148493939,-0.08454493133389848,-0.0822668515060607
9.915638522865141,9.905483373703204,-0.08436147713485852,-0.0945166262967968
9.915822967156203,9.930667433067484,-0.08417703284379735,-0.0693325669325169
9.91600839937459,9.905519869672956,-0.08399160062540936,-0.09448013032704368
9.916194817344017,9.923194258235492,-0.08380518265598358,-0.07680574176450759
9.916382218876622,9.906748784720637,-0.08361778112337825,-0.09325121527936206
9.916570601773005,9.91208855266988,-0.08342939822699479,-0.08791144733012024
9.916759963822248,9.928147878880818,-0.0832400361777524,-0.07185212111918143
9.916950302801938,9.8838759100792,-0.08304969719806177,-0.11612408992080103
9.917141616478201,9.921011065457712,-0.0828583835217993,-0.07898893454228748
9.91733390260572,9.8967468201252,-0.08266609739428052,-0.10325317987480032
9.917527158927767,9.951403654293866,-0.08247284107223417,-0.048596345706133484
9.917721383176225,9.922981773706274,-0.08227861682377532,-0.07701822629372551
9.91791657307162,9.905779960865644,-0.08208342692837894,-0.09422003913435643
9.918112726323146,9.920336484716294,-0.08188727367685326,-0.07966351528370627
9.918309840628687,9.931845256074313,-0.08169015937131256,-0.0681547439256868
9.91850791367485,9.934973172667574,-0.08149208632515052,-0.06502682733242593
9.918706943136987,9.89642316865692,-0.08129305686301273,-0.10357683134308
9.918906926679231,9.945554794850043,-0.08109307332076975,-0.05444520514995772
9.91910786195451,9.915412627758824,-0.0808921380454893,-0.0845873722411762
9.919309746604592,9.882675768108612,-0.08069025339540915,-0.11732423189138746
9.919512578260091,9.920961092373565,-0.08048742173990904,-0.07903890762643528
9.919716354540517,9.92138334734433,-0.0802836454594832,-0.07861665265567076
9.919921073054288,9.935287943029167,-0.08007892694571217,-0.0647120569708329
9.920126731398765,9.941570594461277,-0.0798732686012348,-0.058429405538723445
9.92033332716028,9.906068728155446,-0.07966667283972023,-0.09393127184455374
9.92054085791416,9.924513091693608,-0.07945914208583921,-0.07548690830639185
9.920749321224765,9.939696006187216,-0.07925067877523606,-0.06030399381278465
9.9209587146455,9.92911692169692,-0.07904128535449968,-0.07088307830308052
9.921169035718865,9.937241614936632,-0.07883096428113519,-0.06275838506336887
9.921380281976464,9.926147201165145,-0.07861971802353473,-0.07385279883485553
9.921592450939052,9.92861337741669,-0.07840754906094895,-0.0713866225833095
9.921805540116543,9.905280486794796,-0.07819445988345734,-0.09471951320520441
9.92201954700806,9.90346415213314,-0.07798045299193959,-0.09653584786686027
9.922234469101955,9.957315940963165,-0.07776553089804579,-0.04268405903683602
9.922450303875832,9.941978741096923,-0.07754969612416712,-0.058021258903077695
9.922667048796594,9.909029858175495,-0.0773329512034064,-0.09097014182450472
9.922884701320452,9.92257360342819,-0.07711529867954803,-0.0774263965718088
9.923103258892972,9.91547260531649,-0.07689674110702849,-0.08452739468351028
9.923322718949095,9.925787366729164,-0.07667728105090599,-0.07421263327083673
9.92354307891317,9.944842215325723,-0.07645692108683078,-0.05515778467427713
9.923764336198985,9.926724050215839,-0.07623566380101451,-0.07327594978416209
9.923986488209799,9.949625875207195,-0.07601351179020024,-0.050374124792804925
9.924209532338368,9.898454167428127,-0.07579046766163162,-0.10154583257187343
9.924433465966978,9.908881780312392,-0.07556653403302266,-0.09111821968760844
9.924658286467473,9.909407353036086,-0.07534171353252667,-0.09059264696391416
9.924883991201295,9.940802146223504,-0.07511600879870553,-0.05919785377649523
9.9251105775195,9.941724849599943,-0.07488942248049894,-0.05827515040005703
9.925338042762807,9.921617386705181,-0.07466195723719292,-0.07838261329481853
9.92556638426161,9.957250018822068,-0.07443361573838905,-0.04274998117793219
9.925795599336027,9.921914134733735,-0.07420440066397266,-0.07808586526626518
9.926025685295919,9.903206198830734,-0.07397431470408188,-0.09679380116926516
9.926256639440924,9.903899520033054,-0.07374336055907559,-0.09610047996694517
9.926488459060497,9.896826123579807,-0.07351154093950217,-0.10317387642019304
9.926721141433934,9.928375573708426,-0.07327885856606728,-0.07162442629157453
9.926954683830397,9.92257986140772,-0.07304531616960229,-0.07742013859228117
9.927189083508969,9.929157717557912,-0.07281091649103193,-0.07084228244208873
9.927424337718659,9.970120147075539,-0.07257566228134227,-0.029879852924460486
9.927660443698452,9.8781071394203,-0.07233955630154855,-0.12189286057970103
9.927897398677338,9.912021780601323,-0.07210260132266244,-0.0879782193986764
9.92813519987434,9.93120364692559,-0.07186480012565996,-0.06879635307440873
9.928373844498552,9.938470464578309,-0.07162615550144834,-0.061529535421690304
9.928613329749167,9.922189144188517,-0.07138667025083377,-0.07781085581148413
9.928853652815512,9.937508839633086,-0.07114634718448809,-0.062491160366913545
9.929094810877084,9.938448107537672,-0.0709051891229162,-0.06155189246232727
9.929336801103577,9.926278177848165,-0.07066319889642257,-0.07372182215183512
9.929579620654922,9.935856855912835,-0.07042037934507828,-0.06414314408716558
9.929823266681312,9.965705452253362,-0.0701767333186877,-0.034294547746639176
9.930067736323245,9.938131105930779,-0.0699322636767548,-0.06186889406922018
9.93031302671155,9.943508231051842,-0.06968697328844999,-0.05649176894815867
9.930559134967424,9.962789273882127,-0.06944086503257589,-0.037210726117873225
9.930806058202466,9.898884401492616,-0.0691939417975342,-0.10111559850738498
9.931053793518709,9.963495582766791,-0.06894620648129118,-0.036504417233209255
9.931302338008656,9.922938286482852,-0.06869766199134418,-0.07706171351714784
9.931551688755313,9.892331437583657,-0.06844831124468696,-0.10766856241634247
9.931801842832224,9.979093563916763,-0.0681981571677761,-0.020906436083236418
9.932052797303504,9.92201031978037,-0.06794720269649601,-0.0779896802196312
9.932304549223876,9.920905031802912,-0.06769545077612488,-0.07909496819708772
9.9325570956387,9.913006599946941,-0.06744290436130011,-0.0869934000530588
9.932810433584017,9.933630343095599,-0.06718956641598334,-0.06636965690440054
9.933064560086574,9.927913616058856,-0.06693543991342606,-0.07208638394114346
9.933319472163866,9.942354513329665,-0.06668052783613426,-0.05764548667033477
9.933575166824166,9.920956008748528,-0.06642483317583396,-0.07904399125147235
9.933831641066565,9.972531102392022,-0.06616835893343553,-0.027468897607977202
9.934088891881,9.943160656690168,-0.06591110811899903,-0.0568393433098326
9.934346916248302,9.900462941152677,-0.06565308375169832,-0.09953705884732408
9.934605711140215,9.93905168431756,-0.0653942888597862,-0.06094831568244056
9.934865273519442,9.942127341832393,-0.06513472648055836,-0.05787265816760797
9.935125600339681,9.898378814925552,-0.06487439966031798,-0.10162118507444796
9.935386688545659,9.929896813934247,-0.06461331145434013,-0.07010318606575179
9.935648535073165,9.919038567674178,-0.06435146492683551,-0.080961432325821
9.935911136849086,9.944654281900778,-0.0640888631509149,-0.055345718099221536
9.936174490791448,9.95134157003531,-0.06382550920855272,-0.04865842996468889
9.936438593809449,9.909443411324348,-0.06356140619055127,-0.09055658867565217
9.936703442803497,9.914606241734367,-0.063296557196504,-0.08539375826563321
9.93696903466524,9.921633885646395,-0.06303096533475955,-0.07836611435360448
9.937235366277616,9.933703937073437,-0.0627646337223849,-0.06629606292656293
9.93750243451487,9.92577916078914,-0.062497565485129206,-0.07422083921085924
9.937770236242613,9.928527377697806,-0.06222976375738666,-0.07147262230219459
9.93803876831784,9.927525827573662,-0.061961231682159945,-0.07247417242633752
9.938308027588976,9.929707779906986,-0.061691972411023525,-0.07029222009301357
9.938578010895913,9.940724158398055,-0.061421989104086167,-0.059275841601944886
9.938848715070046,9.92212699135235,-0.06115128492995442,-0.07787300864765007
9.939120136934305,9.949341463947443,-0.0608798630656949,-0.050658536052557684
9.939392273303202,9.957404759308975,-0.06060772669679751,-0.04259524069102515
9.939665120982863,9.933549670220913,-0.06033487901713752,-0.0664503297790868
9.939938676771062,9.905218540316211,-0.060061323228938646,-0.09478145968378915
9.940212937457265,9.928555703438013,-0.05978706254273496,-0.07144429656198727
9.940487899822667,9.943433282099479,-0.05951210017733344,-0.05656671790052126
9.940763560640224,9.915141724339671,-0.059236439359776405,-0.08485827566032822
9.941039916674697,9.961338938806694,-0.05896008332530313,-0.03866106119330551
9.941316964682688,9.968871771580451,-0.05868303531731244,-0.031128228419549042
9.941594701412676,9.930961137142777,-0.05840529858732411,-0.06903886285722374
9.941873123605058,9.954440409206185,-0.05812687639494122,-0.045559590793814574
9.942152227992189,9.980642091474685,-0.05784777200781141,-0.01935790852531473
9.942432011298411,9.947753823577791,-0.057567988701588996,-0.05224617642220921
9.942712470240103,9.949016493177721,-0.05728752975989604,-0.050983506822279416
9.942993601525716,9.963452695962681,-0.057006398474284375,-0.03654730403731925
9.943275401855804,9.948318212538624,-0.056724598144196385,-0.051681787461375805
9.943557867923074,9.969337472453478,-0.05644213207692664,-0.03066252754652124
9.943840996412417,9.949139038329882,-0.05615900358758317,-0.0508609616701184
9.944124784000952,9.947747704362346,-0.05587521599904813,-0.05225229563765414
9.944409227358062,9.91657055637712,-0.055590772641939325,-0.08342944362287871
9.944694323145429,9.916431754761733,-0.05530567685457061,-0.08356824523826648
9.944980068017086,9.988785464041056,-0.05501993198291321,-0.011214535958944095
9.945266458619445,9.94821940825709,-0.05473354138055595,-0.051780591742908944
9.945553491591333,9.972725104009198,-0.05444650840866641,-0.02727489599080259
9.94584116356405,9.95785013914237,-0.05415883643595091,-0.04214986085763008
9.946129471161385,9.97333153089246,-0.05387052883861563,-0.02666846910753914
9.946418410999673,9.919390050374087,-0.05358158900032635,-0.08060994962591211
9.946707979687831,9.982761521712828,-0.053292020312169064,-0.017238478287172003
9.94699817382739,9.963800807707186,-0.05300182617261034,-0.036199192292814784
9.947288990012543,9.988321831713229,-0.05271100998745694,-0.011678168286770735
9.947580424830184,9.940601729676638,-0.05241957516981645,-0.05939827032336216
9.947872474859944,9.950915852630217,-0.05212752514005661,-0.049084147369782026
9.948165136674234,9.977378169254628,-0.051834863325765784,-0.022621830745371708
9.948458406838288,9.936509591817488,-0.05154159316171211,-0.06349040818251249
9.948752281910195,9.933820530133596,-0.05124771808980382,-0.06617946986640437
9.949046758440952,9.970468279376668,-0.05095324155904823,-0.02953172062333133
9.949341832974488,9.94379749904505,-0.05065816702551185,-0.05620250095494982
9.94963750204772,9.948514305299298,-0.050362497952279296,-0.051485694700701044
9.949933762190588,9.963860287522424,-0.05006623780941293,-0.036139712477575706
9.950230609926088,9.967335080882952,-0.04976939007391226,-0.03266491911704783
9.950528041770328,9.938501746367336,-0.04947195822967268,-0.061498253632663334
9.950826054232556,9.92977895921357,-0.04917394576744519,-0.07022104078643018
9.951124643815206,9.958964916200662,-0.04887535618479474,-0.041035083799338797
9.95142380701394,9.96095630001653,-0.04857619298605989,-0.03904369998347022
9.951723540317689,9.953307824667945,-0.04827645968231102,-0.04669217533205446
9.95202384020869,9.95516872397445,-0.047976159791309744,-0.04483127602554968
9.952324703162533,9.976869520462914,-0.04767529683746699,-0.02313047953708482
9.952626125648198,9.914026129414992,-0.04737387435180229,-0.08597387058500819
9.952928104128098,9.953728317535608,-0.04707189587190178,-0.046271682464391846
9.953230635058123,9.93101132025987,-0.04676936494187691,-0.0689886797401292
9.953533714887676,9.944838199523364,-0.04646628511232308,-0.05516180047663564
9.953837340059723,9.98699102781129,-0.046162659940277434,-0.013008972188709583
9.954141507010823,9.941777034789732,-0.04585849298917774,-0.05822296521026804
9.95444621217118,10.000956212957636,-0.04555378782881994,0.000956212957635677
9.954751451964682,9.970295719008638,-0.04524854803531686,-0.029704280991362984
9.955057222808945,9.932175166546164,-0.04494277719105565,-0.06782483345383636
9.955363521115343,9.966125571704925,-0.04463647888465633,-0.03387442829507484
9.955670343289071,9.969924816943657,-0.04432965671092916,-0.03007518305634334
9.955977685729167,9.938123904510196,-0.04402231427083265,-0.061876095489804585
9.95628554482857,9.955733696702708,-0.04371445517143155,-0.04426630329729208
9.956593916974146,9.986966994478504,-0.04340608302585399,-0.013033005521495496
9.95690279854675,9.96517859668327,-0.04309720145324965,-0.034821403316729636
9.957212185921254,9.95040222425901,-0.042787814078746704,-0.049597775740990384
9.95752207546659,9.956865285860516,-0.042477924533409886,-0.043134714139484526
9.957832463545802,9.953228250292877,-0.04216753645419724,-0.046771749707122695
9.958143346516081,9.957080338162655,-0.041856653483918066,-0.04291966183734476
9.95845472072881,9.932456166417195,-0.04154527927118956,-0.06754383358280511
9.958766582529606,9.936966112072424,-0.041233417470394586,-0.06303388792757512
9.959078928258362,9.960761666469082,-0.04092107174163826,-0.039238333530918
9.959391754249294,9.91157707644686,-0.04060824575070523,-0.08842292355313984
9.959705056830984,9.93969438089501,-0.04029494316901686,-0.06030561910499095
9.960018832326412,9.92475942713708,-0.03998116767358765,-0.07524057286292035
9.960333077053017,9.994003860704645,-0.03966692294698265,-0.0059961392953553835
9.960647787322726,9.947206158635286,-0.03935221267727364,-0.052793841364714746
9.960962959442003,9.924768188111711,-0.03903704055799648,-0.07523181188828791
9.961278589711894,9.974473665433228,-0.03872141028810709,-0.025526334566772214
9.961594674428062,9.950751099738493,-0.03840532557193876,-0.04924890026150722
9.961911209880842,9.9639545199433,-0.03808879011915792,-0.03604548005670033
9.962228192355278,9.97332718348953,-0.037771807644721336,-0.026672816510468683
9.962545618131168,9.970203671924427,-0.037454381868831925,-0.02979632807557261
9.962863483483105,9.978403053168517,-0.03713651651689529,-0.021596946831482583
9.963181784680524,9.972896521511542,-0.036818215319476315,-0.027103478488458028
9.963500517987745,9.95154611996557,-0.03649948201225473,-0.04845388003442968
9.963819679664018,9.943982468697856,-0.03618032033598201,-0.05601753130214464
9.964139265963563,9.959071317042135,-0.03586073403643674,-0.04092868295786527
9.964459273135619,9.963123005282126,-0.03554072686438135,-0.03687699471787295
9.964779697424483,9.952587540697174,-0.03522030257551744,-0.04741245930282694
9.965100535069558,10.009619032620897,-0.03489946493044233,0.009619032620896889
9.965421782305397,9.978922585964751,-0.034578217694604306,-0.021077414035249396
9.965743435361741,9.974494540555174,-0.03425656463825905,-0.025505459444826184
9.966065490463576,9.977691979022456,-0.03393450953642484,-0.022308020977543294
9.966387943831162,9.973831454102289,-0.033612056168838465,-0.0261685458977121
9.96671079168009,9.974782842309045,-0.033289208319911154,-0.025217157690955345
9.967034030221317,9.962011146038753,-0.03296596977868354,-0.037988853961247404
9.967357655661218,9.986759438861998,-0.03264234433878189,-0.013240561138002219
9.967681664201628,9.988856576806183,-0.03231833579837287,-0.011143423193817312
9.96800605203988,9.968226301850654,-0.0319939479601197,-0.03177369814934492
9.968330815368864,9.974837161875312,-0.0316691846311368,-0.02516283812468855
9.968655950377054,9.960026893557991,-0.03134404962294579,-0.03997310644200817
9.96898145324857,9.993830152228982,-0.031018546751430204,-0.006169847771018089
9.969307320163209,9.957332836708513,-0.03069267983679091,-0.0426671632914862
9.969633547296498,9.955000405097117,-0.030366452703501565,-0.044999594902882536
9.969960130819738,9.969530217688181,-0.030039869180263103,-0.030469782311819495
9.97028706690004,9.95779826898149,-0.029712933099959527,-0.04220173101851091
9.970614351700387,9.971268850198678,-0.0293856482996122,-0.028731149801321375
9.970941981379665,9.945414185116386,-0.02905801862033551,-0.05458581488361423
9.971269952092708,9.969823834003334,-0.028730047907291112,-0.03017616599666605
9.971598259990357,9.985909235892512,-0.02840174000964348,-0.014090764107487682
9.971926901219486,9.964005040115316,-0.028073098780514047,-0.03599495988468397
9.972255871923064,9.959346775215476,-0.027744128076936655,-0.04065322478452339
9.972585168240188,9.97571427489755,-0.027414831759811728,-0.024285725102449217
9.97291478630614,10.002186436732803,-0.027085213693861174,0.0021864367328027143
9.973244722252417,9.994903835103251,-0.02675527774758329,-0.005096164896748096
9.973574972206793,9.983329814567217,-0.026425027793206792,-0.01667018543278334
9.973905532293355,9.990025642150426,-0.02609446770664602,-0.00997435784957441
9.974236398632545,9.974208330051676,-0.025763601367454786,-0.025791669948324738
9.974567567341218,9.988769264308191,-0.025432432658781513,-0.011230735691808734
9.974899034532678,9.993569200101652,-0.02510096546732298,-0.00643079989834771
9.97523079631672,9.985644158641723,-0.02476920368327939,-0.01435584135827721
9.975562848799692,9.946519175248076,-0.024437151200308052,-0.053480824751923714
9.975895188084522,9.955991881410132,-0.02410481191547833,-0.044008118589868334
9.976227810270775,9.976879858380565,-0.02377218972922533,-0.023120141619435094
9.976560711454695,9.966084913199435,-0.02343928854530437,-0.033915086800565535
9.976893887729254,9.948588889771028,-0.023106112270745438,-0.051411110228972705
9.977227335184192,9.986219469035408,-0.022772664815806722,-0.013780530964592575
9.97756104990607,9.964300581554488,-0.022438950093929405,-0.035699418445512325
9.97789502797831,9.98398920887608,-0.022104972021691056,-0.016010791123919323
9.97822926548124,9.962773298922384,-0.021770734518760354,-0.03722670107761624
9.97856375849215,9.948985567270158,-0.021436241507850375,-0.051014432729842116
9.978898503085327,9.996947512594312,-0.021101496914673275,-0.0030524874056869176
9.979233495332107,9.967457320188615,-0.020766504667893503,-0.03254267981138476
9.979568731300917,9.968236114231985,-0.0204312686990824,-0.03176388576801452
9.979904207057329,9.944431738729715,-0.020095792942671428,-0.055568261270284386
9.980239918664093,9.984508747699302,-0.019760081335906288,-0.015491252300698383
9.9805758621812,9.976974765521716,-0.019424137818800945,-0.023025234478284775
9.98091203366591,9.963161605232505,-0.019087966334090777,-0.0368383947674943
9.981248429172814,9.977505808324459,-0.018751570827187022,-0.02249419167554131
9.98158504475387,10.004975505927451,-0.018414955246129763,0.004975505927451107
9.981921876458458,9.971097101552855,-0.018078123541542267,-0.028902898447145307
9.982258920333416,10.01346556591234,-0.017741079666583975,0.013465565912339723
9.982596172423095,9.992051763084241,-0.017403827576904753,-0.007948236915758715
9.982933628769402,9.992249947542772,-0.017066371230597788,-0.007750052457226977
9.983271285411845,9.956465247607209,-0.016728714588153847,-0.043534752392791726
9.983609138387585,9.986489285596933,-0.016390861612414168,-0.013510714403065803
9.983947183731475,9.95324248606711,-0.016052816268524207,-0.04675751393289111
9.984285417476112,9.992150479779026,-0.01571458252388738,-0.007849520220973911
9.984623835651883,9.995467123650783,-0.015376164348117886,-0.004532876349217141
9.984962434287006,9.981382372933227,-0.015037565712994805,-0.018617627066773317
9.985301209407584,9.99183150324663,-0.014698790592414801,-0.00816849675337009
9.985640157037654,9.995898893917426,-0.014359842962346173,-0.004101106082574142
9.985979273199218,9.992846219717137,-0.014020726800781489,-0.007153780282862364
9.986318553912309,10.007897643788539,-0.01368144608769161,0.007897643788538241
9.986657995195023,9.969252114767707,-0.013342004804978361,-0.030747885232293055
9.986997593063572,9.983837424491227,-0.013002406936428054,-0.016162575508772238
9.987337343532335,9.975324704298705,-0.012662656467665016,-0.02467529570129539
9.987677242613897,9.987100896165089,-0.01232275738610417,-0.012899103834912155
9.988017286319096,9.964627361362227,-0.011982713680904967,-0.03537263863777193
9.988357470657077,9.971116033861358,-0.01164252934292385,-0.028883966138641505
9.988697791635332,10.00226236359839,-0.011302208364668123,0.002262363598389685
9.989038245259751,10.001089276238842,-0.01096175474024839,0.0010892762388418752
9.989378827534667,9.958731626774176,-0.010621172465332382,-0.041268373225824447
9.989719534462903,9.96861105402497,-0.010280465537097362,-0.03138894597502888
9.990060362045815,9.961792131256582,-0.00993963795418391,-0.03820786874341832
9.990401306283351,9.971890538043251,-0.009598693716648387,-0.028109461956748162
9.990742363174084,9.987682918558008,-0.009257636825916243,-0.01231708144199303
9.991083528715265,9.99639218842251,-0.008916471284735331,-0.003607811577489359
9.991424798902871,9.951316692940527,-0.008575201097128301,-0.0486833070594727
9.991766169731653,10.022744336225406,-0.00823383026834632,0.02274433622540581
9.99210763719518,9.995736440564144,-0.007892362804821355,-0.004263559435855363
9.99244919728588,9.999728726353382,-0.007550802714119867,-0.00027127364661749115
9.992790845995104,9.981158556789602,-0.007209154004895059,-0.018841443210397983
9.99313257931316,10.004283031186981,-0.006867420686840544,0.004283031186980531
9.993474393229357,9.982956167145442,-0.006525606770642574,-0.017043832854557364
9.993816283732066,10.024078603553848,-0.006183716267933683,0.02407860355384863
9.994158246808755,9.997809679362257,-0.005841753191244978,-0.0021903206377432275
9.99450027844604,10.004986425646116,-0.005499721553959319,0.004986425646116813
9.994842374629735,9.954870919508172,-0.00515762537026448,-0.04512908049182769
9.995184531344895,10.01676757390901,-0.004815468655105416,0.016767573909011513
9.995526744575862,9.988663010833667,-0.004473255424137851,-0.011336989166332884
9.99586901030632,10.017984413647666,-0.004130989693680444,0.017984413647664985
9.996211324519331,9.991476217515944,-0.003788675480668356,-0.008523782484056285
9.996553683197394,9.97346023129587,-0.003446316802605401,-0.026539768704128677
9.996896082322483,9.991709517503507,-0.003103917677517603,-0.008290482496493067
9.997238517876095,9.984615096129389,-0.002761482123905329,-0.015384903870611658
9.997580985839303,9.980008198471362,-0.002419014160696838,-0.01999180152863819
9.9979234821928,9.964266713038404,-0.002076517807200491,-0.03573328696159673
9.998266002916942,9.98540645485213,-0.0017339970830578461,-0.014593545147869558
9.998608543991804,9.985772899290252,-0.0013914560081967498,-0.014227100709748045
9.998951101397216,10.01482357978099,-0.0010488986027835355,0.014823579780989566
9.999293671112824,9.99895660939954,-0.0007063288871765512,-0.0010433906004599226
9.999636249118122,10.013243531111938,-0.00036375088187826684,0.013243531111937355
9.99997883139251,9.97157654354899,-2.1168607488797664e-05,-0.028423456451010486
10.000321413915342,10.012714160418694,0.0003214139153419931,0.012714160418693575
10.000663992665961,9.993638025452466,0.0006639926659609711,-0.006361974547534741
10.00100656362376,10.01590699978905,0.0010065636237595401,0.015906999789050462
10.00134912276822,10.001691799217745,0.0013491227682205632,0.0016917992177447588
10.001691666078965,10.023908100585063,0.0016916660789652817,0.023908100585063218
10.0020341895358,10.000253483760366,0.002034189535801121,0.0002534837603656876
10.002376689118767,10.033176367988407,0.0023766891187681637,0.033176367988406244
10.002719160808187,10.017139866654345,0.0027191608081870385,0.0171398666543444
10.003061600584706,10.002964745508915,0.0030616005847053855,0.0029647455089159805
10.003404004429346,10.021919899660498,0.003404004429345739,0.021919899660497903
10.003746368323553,9.99474473725016,0.003746368323551988,-0.0052552627498388725
10.004088688249237,10.023527786218192,0.004088688249237245,0.02352778621819172
10.00443096018883,10.023798919318969,0.004430960188830295,0.023798919318967982
10.004773180125323,9.984209779734497,0.004773180125323371,-0.015790220265502617
10.005115344042318,9.98527366443854,0.005115344042319028,-0.014726335561460125
10.005457447924076,9.999040203823318,0.005457447924077017,-0.0009597961766811356
10.005799487755562,9.996661370359359,0.005799487755562036,-0.003338629640640532
10.00614145952249,10.015556176744669,0.006141459522490145,0.015556176744669633
10.006483359211376,10.002128162564874,0.006483359211376579,0.0021281625648751504
10.006825182809582,10.033087142217843,0.006825182809582154,0.03308714221784209
10.007166926305361,9.984125687138011,0.007166926305361057,-0.015874312861988895
10.007508585687907,10.033319698861655,0.007508585687907236,0.033319698861655554
10.007850156947402,9.99110475082495,0.007850156947402166,-0.008895249175049703
10.008191636075061,10.033365392113236,0.008191636075061208,0.033365392113236025
10.008533019063181,10.009027206945007,0.008533019063181274,0.0090272069450066
10.008874301905188,9.995092043540879,0.008874301905187605,-0.004907956459120564
10.00921548059568,10.000029118154425,0.009215480595680512,2.9118154424589288e-05
10.009556551130483,10.027494347422374,0.009556551130483025,0.02749434742237395
10.009897509506688,9.979952627188888,0.009897509506687161,-0.020047372811111346
10.010238351722702,10.002156415138462,0.01023835172270162,0.0021564151384618983
10.010579073778299,9.991614138725794,0.010579073778298038,-0.008385861274206818
10.010919671674658,10.001550489077658,0.01091967167465865,0.0015504890776583107
10.011260141414423,10.02904338614815,0.011260141414422503,0.029043386148149483
10.011600479001734,10.010772550094403,0.011600479001733081,0.010772550094402535
10.011940680442285,10.044849172895807,0.0119406804422845,0.044849172895807934
10.01228074174337,10.00490223539779,0.012280741743368998,0.004902235397790469
10.012620658913924,9.994146047723316,0.012620658913923536,-0.005853952276683639
10.012960427964577,10.014366413932223,0.012960427964576367,0.014366413932221923
10.013300044907695,10.018189531305422,0.013300044907694479,0.018189531305423022
10.01363950575743,10.052998881125037,0.013639505757429683,0.052998881125037305
10.013978806529765,10.018573025177384,0.01397880652976611,0.01857302517738396
10.014317943242567,10.023513838893715,0.014317943242566248,0.02351383889371491
10.014656911915619,10.030587652984286,0.014656911915618399,0.03058765298428674
10.014995708570682,10.014440887682008,0.014995708570682668,0.014440887682008444
10.015334329231539,10.003786319284236,0.015334329231538374,0.003786319284235385
10.01567276992403,10.031417959935505,0.01567276992403001,0.03141795993550482
10.016011026676114,10.013227669026714,0.01601102667611448,0.013227669026713323
10.016349095517908,10.049555470601359,0.016349095517907492,0.04955547060135937
10.01668697248173,10.00588110936522,0.01668697248172984,0.0058811093652190085
10.017024653602155,10.037800153599811,0.01702465360215463,0.0378001535998113
10.017362134916054,10.017110430746296,0.017362134916053075,0.017110430746296715
10.017699412462642,10.00677462092986,0.01769941246264174,0.006774620929860135
10.018036482283529,9.990745668508708,0.018036482283528305,-0.00925433149129156
10.018373340422759,10.014780951329321,0.018373340422758747,0.014780951329321623
10.018709982926863,10.01939684280738,0.018709982926863048,0.019396842807379355
10.019046405844902,10.021496493692288,0.019046405844902203,0.02149649369228744
10.019382605228515,10.039635025744257,0.019382605228514344,0.039635025744256536
10.019718577131961,10.034707706693723,0.019718577131960815,0.034707706693722695
10.020054317612173,10.0282879048034,0.020054317612173068,0.028287904803401494
10.020389822728799,10.033553631452556,0.02038982272879828,0.03355363145255492
10.020725088544246,10.0376400200476,0.020725088544246262,0.037640020047599754
10.021060111123735,10.022261560842821,0.021060111123734987,0.0222615608428209
10.021394886535337,10.023214333379359,0.021394886535337485,0.023214333379359884
10.021729410850027,9.979014119988934,0.02172941085002725,-0.020985880011065435
10.022063680141725,10.017963366563722,0.022063680141725096,0.0179633665637215
10.022397690487345,9.993045421931749,0.02239769048734451,-0.006954578068251251
10.022731437966838,10.039694097268763,0.022731437966838297,0.03969409726876329
10.023064918663245,10.008218927733552,0.02306491866324436,0.00821892773355198
10.02339812866273,10.035528107096187,0.023398128662731374,0.03552810709618638
10.023731064054646,10.012731111880935,0.02373106405464535,0.012731111880935167
10.024063720931554,10.05077554827144,0.02406372093155483,0.050775548271439756
10.024396095389298,10.011558598751837,0.024396095389297434,0.011558598751837198
10.024728183527024,10.011613607788107,0.024728183527024994,0.011613607788106639
10.02505998144725,10.013200624325336,0.02505998144725004,0.013200624325335222
10.025391485255891,10.007886224797495,0.025391485255890817,0.007886224797495303
10.025722691062319,10.013887324099091,0.025722691062317723,0.013887324099091212
10.026053594979398,10.048894112109036,0.02605359497939822,0.048894112109035964
10.026384193123544,10.024351319275672,0.026384193123543138,0.024351319275672294
10.026714481614752,10.065978791931999,0.026714481614751918,0.0659787919319985
10.027044456576657,10.01111547845474,0.027044456576657938,0.011115478454738491
10.027374114136574,10.008208809750307,0.02737411413657459,0.008208809750307512
10.02770345042554,10.025488030147756,0.027703450425540052,0.025488030147756326
10.028032461578363,10.016783531070656,0.028032461578363383,0.01678353107065632
10.028361143733669,10.022004124788603,0.028361143733669186,0.022004124788603162
10.028689493033944,10.023214122148572,0.028689493033943633,0.02321412214857085
10.029017505625578,10.058043380871517,0.029017505625579032,0.05804338087151772
10.02934517765892,10.05509462729791,0.02934517765891976,0.05509462729791033
10.029672505288307,10.073376633296238,0.029672505288306734,0.07337663329623818
10.029999484672123,10.063088468828143,0.02999948467212317,0.06308846882814291
10.030326111972839,10.035486737139024,0.03032611197283938,0.035486737139024616
10.030652383357058,10.027443947596286,0.030652383357057607,0.027443947596285503
10.030978294995558,10.00921509114421,0.03097829499555755,0.009215091144209656
10.031303843063341,10.044056936881262,0.03130384306334067,0.04405693688126204
10.031629023739676,10.043113682347181,0.031629023739675736,0.043113682347180986
10.031953833208142,10.046865240083525,0.031953833208143,0.04686524008352412
10.032278267656679,10.053359442270382,0.032278267656679654,0.053359442270382446
10.032602323277624,10.017614726451844,0.032602323277623926,0.01761472645184503
10.03292599626776,10.041385053095754,0.03292599626776029,0.04138505309575317
10.033249282828365,10.038623019191775,0.033249282828363924,0.03862301919177413
10.033572179165246,10.038079352123251,0.03357217916524501,0.03807935212325041
10.033894681488794,10.060383376740537,0.033894681488793835,0.06038337674053812
10.034216786014024,10.050740380420743,0.03421678601402461,0.05074038042074262
10.03453848896062,10.02271804297946,0.03453848896062057,0.0227180429794585
10.034859786552978,10.018367242931726,0.03485978655297767,0.018367242931726088
10.03518067502025,10.04908653210556,0.03518067502024956,0.04908653210556022
10.03550115059639,10.06174802076842,0.03550115059639116,0.061748020768419315
10.035821209520204,10.026946689982031,0.03582120952020355,0.02694668998203185
10.036140848035377,10.048382576549123,0.036140848035377426,0.04838257654912326
10.036460062390537,10.032430835859111,0.036460062390537805,0.03243083585911147
10.036778848839289,10.056150536039715,0.03677884883928774,0.05615053603971373
10.037097203640252,10.032333685528803,0.03709720364025209,0.032333685528802336
10.037415123057121,10.045746814802385,0.037415123057121996,0.045746814802384246
10.037732603358698,10.03314823637243,0.037732603358698075,0.03314823637242977
10.038049640818935,10.012430571597605,0.03804964081893485,0.012430571597605387
10.038366231716983,10.00332141197683,0.038366231716983855,0.0033214119768295858
10.038682372337238,10.014293117019696,0.038682372337237925,0.014293117019695656
10.038998058969375,10.091825517544825,0.038998058969374166,0.09182551754482535
10.039313287908397,10.023696900479697,0.03931328790839817,0.023696900479697316
10.039628055454687,10.054194734232226,0.03962805545468682,0.054194734232226725
10.039942357914033,10.040408244709777,0.03994235791403228,0.04040824470977755
10.040256191597685,10.032288978555203,0.04025619159768511,0.032288978555201985
10.040569552822397,10.030523885239822,0.04056955282239736,0.030523885239821802
10.040882437910467,10.01607824913353,0.04088243791046629,0.01607824913352924
10.041194843189777,10.03610857416432,0.04119484318977693,0.03610857416431939
10.041506764993846,10.03824153735045,0.04150676499384583,0.03824153735044934
10.041818199661863,10.039913957593127,0.0418181996618634,0.03991395759312673
10.042129143538737,10.02835722479276,0.04212914353873756,0.028357224792759966
10.042439592975136,10.004866716659704,0.04243959297513602,0.004866716659704583
10.04274954432753,10.00786957426276,0.04274954432752966,0.007869574262759603
10.043058993958235,10.053600984345483,0.04305899395823473,0.053600984345482536
10.043367938235455,10.041150523311016,0.0433679382354561,0.04115052331101582
10.04367637353333,10.075171000130489,0.043676373533329586,0.0751710001304882
10.043984296231965,10.01648123726158,0.043984296231964315,0.016481237261579386
10.044291702717485,10.030317565457382,0.04429170271748576,0.03031756545738274
10.044598589382078,10.04681323666391,0.0445985893820775,0.046813236663909616
10.044904952624025,10.011074460801098,0.04490495262402423,0.01107446080109839
10.045210788847754,10.040142298215917,0.04521078884775335,0.04014229821591661
10.045516094463878,10.050147996564366,0.04551609446387783,0.050147996564365346
10.045820865889239,10.054120046205528,0.0458208658892377,0.05412004620552741
10.046125099546943,10.041800110141443,0.046125099546942744,0.04180011014144346
10.046428791866413,10.02502244315007,0.0464287918664138,0.02502244315007028
10.046731939283426,10.055318745899982,0.046731939283425304,0.05531874589998242
10.047034538240148,10.102439837037927,0.04703453824014678,0.10243983703792653
10.047336585185185,10.049541499146686,0.04733658518518446,0.04954149914668681
10.047638076573623,10.044683876219034,0.04763807657362343,0.04468387621903461
10.047939008867068,10.076810062383055,0.04793900886706866,0.07681006238305528
10.048239378533687,10.028402675303397,0.048239378533687156,0.02840267530339692
10.048539182048248,10.029511429105701,0.04853918204824875,0.029511429105702085
10.048838415892169,10.071644201302268,0.048838415892168134,0.0716442013022684
10.049137076553546,10.071826685818628,0.049137076553545496,0.07182668581862747
10.049435160527208,10.074739833534634,0.04943516052720834,0.07473983353463412
10.049732664314753,10.061365270817635,0.049732664314752296,0.06136527081763508
10.050029584424582,10.028738638259304,0.050029584424582066,0.02873863825930382
10.050325917371953,10.029259457653117,0.05032591737195285,0.029259457653116442
10.050621659679011,10.055114464631286,0.05062165967901064,0.055114464631286636
10.050916807874835,10.053024736819964,0.05091680787483369,0.053024736819963635
10.051211358495472,10.065533403504045,0.05121135849547264,0.06553340350404478
10.051505308083991,10.07006375027611,0.05150530808399171,0.07006375027611111
10.05179865319051,10.054676508699902,0.05179865319050876,0.05467650869990206
10.052091390372237,10.049441770307268,0.052091390372236306,0.04944177030726925
10.05238351619352,10.031182510845712,0.05238351619352136,0.031182510845711334
10.052675027225886,10.048014380240794,0.05267502722588629,0.048014380240793755
10.052965920048068,10.039657440485428,0.052965920048068785,0.03965744048542828
10.053256191246062,10.04350089674765,0.05325619124606184,0.04350089674764949
10.053545837413154,10.05036565345419,0.0535458374131543,0.05036565345418965
10.05383485514997,10.063725928018343,0.05383485514997027,0.06372592801834287
10.05412324106451,10.058912345158946,0.05412324106450962,0.05891234515894702
10.054410991772187,10.08103918785779,0.05441099177218716,0.08103918785778964
10.054698103895873,10.032595071661179,0.05469810389587298,0.03259507166117849
10.054984574065932,10.047598873276922,0.05498457406593149,0.0475988732769223
10.055270398920262,10.043463725793753,0.05527039892026159,0.04346372579375401
10.055555575104336,10.039732709381331,0.055555575104335446,0.03973270938133075
10.055840099271238,10.097430823258149,0.0558400992712385,0.09743082325814899
10.056123968081708,10.08555050194072,0.05612396808170842,0.08555050194072035
10.056407178204173,10.061787883247597,0.05640717820417415,0.06178788324759728
10.056689726314795,10.05741561340234,0.05668972631479546,0.05741561340233988
10.056971609097502,10.022471406648876,0.056971609097501444,0.02247140664887541
10.05725282324403,10.027459688040846,0.057252823244029916,0.027459688040846787
10.057533365453965,10.03257378561295,0.05753336545396577,0.03257378561295041
10.05781323243478,10.075762659363766,0.05781323243478023,0.07576265936376617
10.058092420901868,10.039472846664173,0.058092420901868905,0.039472846664172556
10.058370927578592,10.059893502712765,0.05837092757859097,0.05989350271276473
10.058648749196307,10.063295626100782,0.058648749196306985,0.0632956261007816
10.058925882494417,10.057595880920204,0.0589258824944178,0.057595880920203436
10.059202324220403,10.043181827047514,0.05920232422040257,0.04318182704751331
10.059478071129856,10.067208797643794,0.05947807112985679,0.06720879764379381
10.059753119986532,10.071180659405504,0.05975311998653076,0.0711806594055045
10.060027467562367,10.039530631756937,0.06002746756236709,0.03953063175693769
10.060301110637539,10.0537240765492,0.06030111063753912,0.05372407654919915
10.060574046000488,10.070021166388804,0.0605740460004881,0.07002116638880432
10.060846270447962,10.045556851357524,0.06084627044796157,0.04555685135752427
10.06111778078505,10.05930218015997,0.061117780785050216,0.059302180159968874
10.061388573825226,10.077140279018304,0.06138857382522603,0.07714027901830431
10.061658646390379,10.0496820248856,0.06165864639037936,0.049682024885599176
10.061927995310857,10.03517502533363,0.06192799531085609,0.03517502533362867
10.062196617425496,10.039315475362976,0.06219661742549531,0.0393154753629765
10.062464509581666,10.094546802748399,0.06246450958166581,0.09454680274839944
10.062731668635303,10.087660185551341,0.06273166863530369,0.08766018555134038
10.062998091450948,10.079280468942034,0.0629980914509487,0.07928046894203482
10.063263774901781,10.040746901518277,0.06326377490178157,0.04074690151827743
10.06352871586966,10.107968733237175,0.06352871586966015,0.10796873323717532
10.063792911245157,10.051117037032219,0.06379291124515661,0.05111703703221811
10.064056357927594,10.053951154746072,0.06405635792759329,0.053951154746072226
10.06431905282508,10.04710900789529,0.06431905282507969,0.04710900789529003
10.064580992854548,10.07127767699931,0.06458099285454842,0.07127767699931023
10.064842174941791,10.070721098471344,0.06484217494179133,0.07072109847134354
10.065102596021497,10.070793475628573,0.06510259602149586,0.07079347562857279
10.06536225303728,10.069897451920856,0.06536225303728074,0.06989745192085595
10.065621142941731,10.101530321093437,0.06562114294173214,0.10153032109343643
10.06587926269644,10.074644163424656,0.06587926269643911,0.074644163424656
10.06613660927203,10.097401038177802,0.06613660927202956,0.09740103817780135
10.066393179648205,10.078170870083738,0.06639317964820553,0.07817087008373808
10.066648970813779,10.053853271179158,0.06664897081377895,0.05385327117915769
10.066903979766707,10.063621394346534,0.06690397976670656,0.06362139434653345
10.067158203514126,10.078449340811312,0.06715820351412562,0.07844934081131258
10.06741163907239,10.081472680221577,0.06741163907238874,0.08147268022157722
10.0676642834671,10.107286444732544,0.06766428346709881,0.107286444732544
10.067916133733144,10.089099894185338,0.0679161337331443,0.08909989418533869
10.068167186914733,10.058585478789885,0.06816718691473356,0.058585478789885355
10.06841744006543,10.067540815607718,0.06841744006543002,0.06754081560771738
10.068666890248187,10.084613897065257,0.06866689024818626,0.08461389706525659
10.068915534535378,10.064446287904039,0.06891553453537899,0.06444628790403822
10.069163370008843,10.066583078298994,0.06916337000884291,0.06658307829899421
10.069410393759906,10.079440159918581,0.06941039375990546,0.07944015991858161
10.06965660288942,10.119590481769146,0.06965660288942042,0.11959048176914618
10.069901994507802,10.085699452597323,0.06990199450780246,0.08569945259732374
10.07014656573506,10.09534893791892,0.07014656573506077,0.09534893791892092
10.070390313700832,10.05466038418787,0.07039031370083271,0.05466038418786863
10.070633235544419,10.06784621763278,0.07063323554441796,0.06784621763278138
10.070875328414811,10.053715201292286,0.07087532841481153,0.0537152012922859
10.071116589470737,10.052560983954546,0.07111658947073785,0.05256098395454528
10.071357015880684,10.068630385658944,0.07135701588068342,0.06863038565894436
10.07159660482293,10.063506904200533,0.07159660482293072,0.0635069042005332
10.071835353485591,10.069518634327949,0.07183535348559075,0.06951863432794925
10.072073259066636,10.042639029218199,0.07207325906663652,0.042639029218198635
10.072310318773935,10.056083617972979,0.07231031877393543,0.056083617972978006
10.072546529825283,10.032708341064952,0.07254652982528255,0.032708341064952004
10.072781889448432,10.076833908104241,0.07278188944843302,0.07683390810424216
10.073016394881135,10.088433516298906,0.07301639488113439,0.08843351629890636
10.073250043371159,10.06398305815738,0.07325004337115952,0.06398305815738023
10.073482832176339,10.082691873023508,0.07348283217633837,0.08269187302350844
10.073714758564591,10.053645889352486,0.07371475856459063,0.053645889352486736
10.073945819813957,10.041782354146005,0.0739458198139574,0.041782354146004015
10.074176013212634,10.058658170747753,0.07417601321263348,0.058658170747753875
10.074405336058998,10.079942550580343,0.07440533605899884,0.07994255058034237
10.07463378566165,10.074255802311596,0.07463378566165069,0.07425580231159595
10.074861359339435,10.061431624873862,0.07486135933943489,0.061431624873861515
10.075088054421478,10.077507825310196,0.07508805442147722,0.07750782531019662
10.075313868247216,10.070021446053113,0.07531386824721521,0.07002144605311383
10.075538798166429,10.053880990083844,0.07553879816642882,0.05388099008384424
10.075762841539271,10.090998083289648,0.07576284153927203,0.0909980832896477
10.075985995736303,10.044055896947716,0.07598599573630338,0.0440558969477166
10.076208258138518,10.070522388829877,0.0762082581385173,0.07052238882987767
10.076429626137374,10.056330418390587,0.07642962613737432,0.05633041839058764
10.076650097134833,10.117212231731576,0.07665009713483224,0.1172122317315769
10.076869668543376,10.055492760585969,0.07686966854337607,0.05549276058596791
10.07708833778605,10.054136516707192,0.07708833778604886,0.05413651670719169
10.077306102296482,10.086546619523542,0.07730610229648176,0.08654661952354271
10.077522959518923,10.057882638590346,0.07752295951892395,0.05788263859034572
10.077738906908273,10.044994656346017,0.07773890690827305,0.044994656346017445
10.077953941930105,10.103581816691475,0.07795394193010453,0.10358181669147629
10.078168062060701,10.09421305309576,0.07816806206070194,0.09421305309576107
10.078381264787087,10.09792666393574,0.07838126478708599,0.09792666393573923
10.078593547607044,10.099077179918194,0.07859354760704458,0.09907717991819302
10.078804908029161,10.085667010215529,0.07880490802916172,0.0856670102155292
10.079015343572847,10.065998621928196,0.07901534357284712,0.0659986219281967
10.079224851768364,10.072711206436738,0.07922485176836497,0.07271120643673802
10.079433430156863,10.11389715379032,0.07943343015686324,0.11389715379032034
10.079641076290402,10.086495502457524,0.07964107629040244,0.08649550245752465
10.079847787731984,10.109145110811944,0.0798477877319841,0.10914511081194452
10.08005356205558,10.107631725898438,0.08005356205557983,0.10763172589843753
10.08025839684616,10.067152342622816,0.08025839684615929,0.067152342622815
10.08046228969972,10.087860782706748,0.08046228969971903,0.08786078270674769
10.080665238223311,10.05942601200426,0.08066523822331023,0.05942601200425832
10.080867240035067,10.07888938403748,0.08086724003506726,0.07888938403747874
10.081068292764234,10.098063394099142,0.08106829276423512,0.0980633940991433
10.081268394051198,10.113133007864008,0.0812683940511978,0.11313300786400801
10.081467541547505,10.091907977394023,0.08146754154750546,0.09190797739402326
10.081665732915903,10.051801968770768,0.08166573291590241,0.05180196877076784
10.081862965830354,10.092998395839553,0.08186296583035436,0.0929983958395529
10.082059237976075,10.087324748362162,0.08205923797607559,0.0873247483621614
10.082254547049557,10.083321423941598,0.08225454704955643,0.08332142394159796
10.08244889075859,10.09030452634253,0.08244889075858997,0.09030452634252943
10.0826422668223,10.066791705785178,0.08264226682229922,0.06679170578517783
10.082834672971163,10.117731224729903,0.08283467297116366,0.11773122472990397
10.083026106947045,10.102962030988694,0.08302610694704615,0.10296203098869328
10.08321656650322,10.079245216569783,0.0832165665032191,0.07924521656978219
10.083406049404392,10.082487846245463,0.08340604940439107,0.08248784624546424
10.083594553426733,10.114537201684811,0.08359455342673305,0.11453720168481224
10.083782076357904,10.065040722393425,0.08378207635790424,0.06504072239342495
10.083968615997078,10.087103623378841,0.08396861599707842,0.08710362337884127
10.084154170154969,10.082497738160937,0.0841541701549694,0.08249773816093758
10.084338736653857,10.132617341917056,0.08433873665385712,0.13261734191705682
10.084522313327613,10.105578773250487,0.08452231332761276,0.10557877325048666
10.084704898021725,10.081847204839471,0.08470489802172458,0.0818472048394712
10.084886488593323,10.096501897433216,0.08488648859332285,0.09650189743321584
10.085067082911205,10.082343994526562,0.08506708291120534,0.08234399452656195
10.085246678855862,10.11206475722655,0.08524667885586196,0.1120647572265497
10.0854252743195,10.074018121749328,0.08542527431949998,0.07401812174932791
10.085602867206068,10.088416732832334,0.08560286720606865,0.08841673283233417
10.085779455431284,10.068764326158837,0.08577945543128357,0.06876432615883614
10.085955036922652,10.089014752386495,0.0859550369226516,0.08901475238649455
10.086129609619494,10.083154867454496,0.08612960961949473,0.08315486745449682
10.086303171472975,10.10210416861462,0.0863031714729746,0.10210416861461988
10.086475720446117,10.072646985360864,0.08647572044611632,0.07264698536086348
10.086647254513833,10.06336267301079,0.0866472545138326,0.06336267301078922
10.086817771662947,10.078179711503525,0.08681777166294723,0.07817971150352486
10.08698726989222,10.079373626508046,0.08698726989221903,0.07937362650804572
10.087155747212366,10.085085708063628,0.087155747212365,0.08508570806362821
10.087323201646084,10.106429766605485,0.087323201646084,0.10642976660548478
10.08748963122808,10.085640357159026,0.08748963122807976,0.08564035715902636
10.087655034005083,10.090115110344831,0.08765503400508386,0.09011511034483019
10.087819408035879,10.088945920241288,0.08781940803587897,0.08894592024128847
10.087982751391321,10.11646013926987,0.08798275139132126,0.11646013926986992
10.088145062154364,10.056615210993806,0.08814506215436337,0.05661521099380544
10.088306338420077,10.064010892946017,0.08830633842007661,0.06401089294601711
10.088466578295673,10.105964680638126,0.08846657829567361,0.10596468063812507
10.08862577990053,10.069837465542443,0.08862577990053028,0.06983746554244391
10.088783941366207,10.088217155452762,0.0887839413662081,0.08821715545276168
10.088941060836476,10.128255100531675,0.0889410608364758,0.128255100531674
10.08909713646733,10.069012875781008,0.0890971364673314,0.06901287578100808
10.089252166427023,10.104970822376403,0.08925216642702374,0.10497082237640296
10.089406148896074,10.112727803181366,0.08940614889607386,0.11272780318136699
10.089559082067296,10.097740297326043,0.08955908206729662,0.09774029732604309
10.089710964145821,10.092971382745255,0.08971096414582164,0.09297138274525527
10.089861793349115,10.084909902705071,0.08986179334911458,0.08490990270507215
10.090011567906998,10.090560585476107,0.09001156790699782,0.0905605854761058
10.090160286061671,10.062958896873814,0.0901602860616716,0.06295889687381508
10.090307946067734,10.117306234121347,0.09030794606773421,0.11730623412134761
10.090454546192202,10.149409731307564,0.09045454619220283,0.1494097313075642
10.090600084714534,10.127740264460263,0.09060008471453368,0.12774026446026254
10.090744559926643,10.099582242247594,0.09074455992664228,0.09958224224759415
10.090887970132924,10.094527288478062,0.09088797013292353,0.0945272884780625
10.091030313650272,10.101900639196446,0.09103031365027144,0.10190063919644614
10.091171588808098,10.124519305790558,0.09117158880809915,0.124519305790558
10.091311793948359,10.100693116473698,0.09131179394835828,0.1006931164736978
10.091450927425559,10.110172164605675,0.0914509274255586,0.11017216460567439
10.091588987606787,10.098584438374658,0.09158898760678712,0.09858443837465848
10.091725972871728,10.09867037580521,0.09172597287172753,0.09867037580520921
10.09186188161268,10.042846515522848,0.09186188161267893,0.042846515522848544
10.091996712234575,10.128106756714278,0.0919967122345749,0.12810675671427715
10.092130463155002,10.093734047973452,0.0921304631550022,0.09373404797345178
10.09226313280422,10.076101980988486,0.09226313280421916,0.07610198098848625
10.092394719625174,10.08586289307988,0.0923947196251744,0.0858628930798809
10.092525222073524,10.138129807373607,0.09252522207352479,0.1381298073736072
10.092654638617654,10.133071177063503,0.09265463861765386,0.13307117706350272
10.092782967738689,10.080440206302663,0.09278296773868953,0.08044020630266274
10.092910207930522,10.083884771059509,0.09291020793052215,0.08388477105950821
10.093036357699821,10.10110039971599,0.09303635769982199,0.10110039971598996
10.093161415566057,10.101225150355956,0.09316141556605692,0.10122515035595674
10.09328538006151,10.118247144743377,0.09328538006150966,0.11824714474337687
10.093408249731295,10.095419795573664,0.09340824973129508,0.09541979557366422
10.093530023133377,10.080326207543775,0.09353002313337733,0.08032620754377501
10.093650698838587,10.114956136040991,0.09365069883858654,0.11495613604099097
10.093770275430636,10.097056054462861,0.09377027543063593,0.09705605446286074
10.093888751506139,10.083459265754165,0.09388875150613805,0.08345926575416539
10.094006125674621,10.088042860365553,0.09400612567462163,0.08804286036555273
10.094122396558548,10.124043223782811,0.0941223965585476,0.12404322378281049
10.094237562793326,10.062569556421959,0.09423756279332543,0.06256955642195872
10.094351623027329,10.110237248047843,0.09435162302732902,0.11023724804784304
10.094464575921913,10.106728508406432,0.09446457592191276,0.10672850840643211
10.094576420151427,10.094924029486256,0.09457642015142698,0.0949240294862567
10.094687154403234,10.091707875573237,0.09468715440323366,0.09170787557323644
10.094796777377722,10.091959547119439,0.09479677737772196,0.09195954711943947
10.094905287788324,10.112124990002695,0.09490528778832313,0.11212499000269513
10.095012684361526,10.08879301713069,0.09501268436152599,0.08879301713069097
10.09511896583689,10.074470975818308,0.0951189658368915,0.07447097581830847
10.095224130967068,10.111990579595725,0.09522413096706793,0.11199057959572466
10.095328178517805,10.083387547889892,0.0953281785178052,0.08338754788989225
10.09543110726797,10.072603082317553,0.09543110726796956,0.07260308231755246
10.095532916009558,10.110143678724572,0.09553291600955778,0.11014367872457259
10.09563360354771,10.090428081221456,0.09563360354771147,0.09042808122145612
10.09573316870073,10.098982352868392,0.09573316870073091,0.09898235286839153
10.09583161030009,10.102783441218184,0.09583161030008915,0.10278344121818483
10.095928927190446,10.112428331768895,0.09592892719044557,0.11242833176889391
10.09602511822966,10.073059010678042,0.09602511822965942,0.07305901067804255
10.096120182288804,10.07989780412324,0.0961201822888034,0.07989780412324074
10.096214118252176,10.097025180899255,0.09621411825217664,0.09702518089925506
10.096306925017318,10.084201796636155,0.09630692501731809,0.08420179663615508
10.09639860149502,10.113301851294924,0.09639860149501922,0.113301851294924
10.096489146609336,10.122253955116685,0.09648914660933698,0.12225395511668544
10.096578559297607,10.053343380162689,0.09657855929760623,0.05334338016268927
10.096666838510453,10.08361715066203,0.09666683851045242,0.08361715066203036
10.096753983211803,10.105237022179308,0.09675398321180381,0.10523702217930772
10.096839992378904,10.074453536095412,0.09683999237890359,0.07445353609541258
10.096924865002322,10.092007427563983,0.09692486500232196,0.0920074275639832
10.097008600085967,10.097074583443861,0.09700860008596791,0.09707458344386045
10.097091196647101,10.091027608878065,0.09709119664710099,0.09102760887806556
10.097172653716342,10.102127109111533,0.09717265371634275,0.10212710911153401
10.097252970337689,10.08856481403086,0.0972529703376882,0.08856481403086001
10.097332145568517,10.08131076011252,0.09733214556851695,0.08131076011252071
10.097410178479604,10.088014925584542,0.0974101784796044,0.08801492558454098
10.097487068155132,10.102457857114596,0.09748706815513246,0.10245785711459615
10.0975628136927,10.098872924143105,0.09756281369270045,0.09887292414310499
10.097637414203335,10.069161482564551,0.0976374142033357,0.06916148256455057
10.097710868811504,10.097242153924912,0.09771086881150381,0.09724215392491127
10.097783176655119,10.103779829872687,0.09778317665511913,0.1037798298726878
10.097854336885554,10.120992707810041,0.09785433688555473,0.12099270781004041
10.097924348667652,10.083312893395567,0.09792434866765248,0.08331289339556633
10.097993211179732,10.098745613947234,0.09799321117973273,0.0987456139472335
10.098060923613604,10.09154499129144,0.09806092361360406,0.09154499129144153
10.098127485174572,10.10347725899126,0.09812748517457266,0.10347725899126003
10.098192895081452,10.087880774100901,0.0981928950814518,0.08788077410090016
10.098257152566571,10.105159002999489,0.09825715256657083,0.10515900299948844
10.098320256875784,10.098583665613084,0.09832025687578433,0.09858366561308396
10.09838220726848,10.080946711182804,0.09838220726848089,0.08094671118280436
10.098443003017591,10.098132994581881,0.09844300301759178,0.09813299458188064
10.0985026434096,10.101301422348063,0.09850264340959958,0.10130142234806389
10.098561127744546,10.101985545368073,0.09856112774454642,0.10198554536807324
10.098618455336043,10.076640383571444,0.09861845533604237,0.07664038357144341
10.098674625511274,10.104047704087247,0.09867462551127329,0.10404770408724677
10.098729637611008,10.120341877636802,0.09872963761100889,0.12034187763680292
10.09878349098961,10.098521429198879,0.09878349098961038,0.09852142919887846
10.098836185015038,10.074688185722916,0.09883618501503812,0.0746881857229157
10.098887719068859,10.09292176989677,0.09888771906885892,0.09292176989677045
10.098938092546254,10.091546604051928,0.09893809254625342,0.09154660405192742
10.098987304856022,10.121313136867888,0.09898730485602315,0.12131313686788803
10.099035355420597,10.07887407427399,0.09903535542059741,0.07887407427399085
10.09908224367604,10.093656039205113,0.09908224367604013,0.09365603920511359
10.099127969072056,10.06299265439015,0.09912796907205644,0.0629926543901504
10.099172531072,10.107857466171911,0.09917253107199916,0.10785746617191144
10.099215929152875,10.085475991625096,0.09921592915287507,0.08547599162509506
10.09925816280535,10.1272980407851,0.09925816280535105,0.1272980407850991
10.09929923153376,10.08046273343885,0.09929923153376008,0.08046273343885053
10.099339134856107,10.110983301041072,0.09933913485610703,0.11098330104107271
10.099377872304075,10.071995761977282,0.09937787230407436,0.07199576197728191
10.099415443423027,10.129919554707099,0.09941544342302754,0.12991955470709834
10.09945184777202,10.126237397496865,0.09945184777202049,0.12623739749686572
10.099487084923801,10.084855505264606,0.09948708492380064,0.08485550526460695
10.099521154464814,10.10121334886861,0.09952115446481406,0.1012133488686097
10.09955405599521,10.087557230855698,0.09955405599521022,0.08755723085569828
10.099585789128847,10.108981760272101,0.09958578912884672,0.10898176027210142
10.099616353493294,10.1014778819655,0.09961635349329381,0.10147788196550041
10.09964574872984,10.105902106511563,0.09964574872983883,0.105902106511563
10.09967397449349,10.108097956957847,0.09967397449349029,0.10809795695784631
10.099701030452982,10.130574095231193,0.09970103045298201,0.130574095231193
10.099726916290777,10.142641561638172,0.09972691629077704,0.1426415616381714
10.099751631703072,10.098230138347365,0.09975163170307125,0.09823013834736437
10.099775176399797,10.095729192601201,0.09977517639979705,0.09572919260120127
10.099797550104627,10.064813232923333,0.09979755010462671,0.06481323292333298
10.099818752554976,10.067471174482142,0.09981875255497558,0.06747117448214127
10.099838783502005,10.113064279051358,0.09983878350200523,0.11306427905135796
10.099857642710626,10.098844823279311,0.0998576427106264,0.09884482327931027
10.099875329959502,10.04649390831406,0.09987532995950163,0.046493908314060875
10.099891845041048,10.112410461068006,0.09989184504104798,0.112410461068006
10.09990718776144,10.084430701207184,0.09990718776143943,0.08443070120718339
10.099921357940609,10.086713742398812,0.09992135794060913,0.08671374239881309
10.099934355412252,10.066592863788436,0.09993435541225153,0.06659286378843701
10.099946180023824,10.08244395132653,0.09994618002382433,0.08244395132652943
10.09995683163655,10.117323586870144,0.09995683163655032,0.11732358687014353
10.099966310125419,10.102025058874247,0.09996631012541889,0.10202505887424691
10.099974615379187,10.09726243545075,0.0999746153791876,0.09726243545075004
10.099981747300383,10.11374857324319,0.09998174730038349,0.11374857324319076
10.099987705805304,10.105586077303885,0.09998770580530414,0.10558607730388483
10.099992490824018,10.084714193149976,0.0999924908240187,0.08471419314997526
10.099996102300368,10.095171680943267,0.09999610230036877,0.09517168094326742
10.099998540191969,10.104727571295577,0.09999854019196895,0.10472757129557668
10.099999804470208,10.076590670342778,0.09999980447020738,0.07659067034277849
10.099999895120247,10.075123331794604,0.09999989512024614,0.07512333179460387
10.09999881214102,10.102704831218741,0.0999988121410213,0.10270483121874158
10.099996555545243,10.132929852869546,0.09999655554524305,0.13292985286954667
10.099993125359395,10.084718395481381,0.09999312535939547,0.08471839548138174
10.099988521623736,10.093483408326584,0.0999885216237363,0.09348340832658372
10.099982744392296,10.096173701350732,0.09998274439229636,0.09617370135073221
10.09997579373288,10.101818273897644,0.099975793732879,0.10181827389764354
10.099967669727059,10.076660293508318,0.09996766972705928,0.07666029350831763
10.099958372470184,10.108068925562687,0.09995837247018304,0.10806892556268764
10.099947902071365,10.089532504427128,0.09994790207136568,0.08953250442712721
10.099936258653491,10.079316513249283,0.09993625865349101,0.07931651324928378
10.09992344235321,10.088457942469581,0.09992344235320974,0.08845794246958118
10.099909453320938,10.074330051838627,0.09990945332093787,0.07433005183862698
10.099894291720855,10.125221380548453,0.09989429172085494,0.1252213805484528
10.099877957730902,10.118271738787346,0.09987795773090213,0.11827173878734547
10.09986045154278,10.111943351163676,0.09986045154278012,0.11194335116367678
10.099841773361947,10.117669322969409,0.09984177336194687,0.11766932296940916
10.099821923407616,10.088619614332343,0.0998219234076152,0.08861961433234242
10.09980090191275,10.100591300087418,0.09980090191275025,0.10059130008741693
10.099778709124067,10.110713469676865,0.09977870912406667,0.11071346967686566
10.099755345302025,10.114818963158038,0.09975534530202579,0.11481896315803776
10.099730810720832,10.102844422511618,0.09973081072083258,0.10284442251161711
10.099705105668432,10.08091183360719,0.09970510566843234,0.08091183360719045
10.099678230446507,10.095655573013554,0.09967823044650742,0.09565557301355393
10.099650185370473,10.097375933328854,0.09965018537047363,0.09737593332885343
10.099620970769477,10.123284077921792,0.09962097076947651,0.12328407792179101
10.099590586986388,10.098126588439797,0.09959058698638751,0.09812658843979652
10.0995590343778,10.108010872627455,0.09955903437780003,0.10801087262745504
10.099526313314025,10.084376786750939,0.09952631331402506,0.08437678675093903
10.099492424179086,10.09865674135553,0.099492424179087,0.0986567413555295
10.09945736737072,10.119292469010524,0.09945736737071909,0.11929246901052368
10.099421143300358,10.150468429376533,0.09942114330035867,0.15046842937653243
10.099383752393143,10.12800658710181,0.09938375239314252,0.12800658710180993
10.099345195087901,10.068648842870354,0.09934519508790172,0.06864884287035383
10.099305471837157,10.108651347918752,0.09930547183715657,0.10865134791875233
10.09926458310711,10.089836011980305,0.09926458310711123,0.08983601198030403
10.099222529377649,10.079778068704325,0.09922252937764833,0.07977806870432422
10.099179311142324,10.125830534937032,0.09917931114232324,0.12583053493703164
10.099134928908358,10.09811455182146,0.09913492890835837,0.09811455182146055
10.099089383196636,10.06681019598708,0.09908938319663713,0.06681019598707941
10.099042674541698,10.111637043144857,0.09904267454169792,0.11163704314485692
10.098994803491728,10.079545668273893,0.09899480349172773,0.07954566827389337
10.098945770608555,10.105164485139598,0.09894577060855578,0.1051644851395975
10.098895576467648,10.08299703353975,0.09889557646764696,0.08299703353974877
10.098844221658094,10.077339642647996,0.09884422165809506,0.07733964264799492
10.098791706782615,10.088834931702417,0.0987917067826157,0.08883493170241633
10.09873803245754,10.119551626387294,0.09873803245753952,0.11955162638729415
10.098683199312804,10.071474055980634,0.09868319931280477,0.07147405598063444
10.09862720799195,10.084666936571324,0.09862720799194996,0.08466693657132365
10.098570059152106,10.115981220998576,0.09857005915210627,0.11598122099857469
10.09851175346399,10.079682833039797,0.09851175346398995,0.07968283303979802
10.098452291611894,10.09499857622414,0.09845229161189434,0.09499857622414064
10.098391674293682,10.117288951677564,0.09839167429368183,0.1172889516775643
10.098329902220776,10.064374073423728,0.09832990222077576,0.06437407342372861
10.098266976118152,10.077250500666285,0.09826697611815205,0.07725050066628546
10.098202896724331,10.093008416307875,0.09820289672433062,0.09300841630787415
10.098137664791366,10.085125547751815,0.09813766479136672,0.0851255477518157
10.098071281084842,10.117823646525618,0.09807128108484227,0.11782364652561886
10.098003746383856,10.100321667110489,0.09800374638385667,0.10032166711048787
10.097935061481017,10.103802051624651,0.0979350614810178,0.10380205162465067
10.097865227182433,10.088027326138066,0.09786522718243257,0.08802732613806553
10.097794244307698,10.101651242000305,0.09779424430769762,0.10165124200030523
10.09772211368989,10.092730325982226,0.09772211368988964,0.09273032598222622
10.097648836175555,10.106199179518452,0.09764883617555553,0.10619917951845244
10.097574412624702,10.086410950401595,0.09757441262470253,0.08641095040159494
10.097498843910788,10.09137661787281,0.09749884391078817,0.09137661787280935
10.09742213092071,10.119310454123205,0.09742213092070992,0.1193104541232051
10.097344274554795,10.079022668289113,0.09734427455479477,0.0790226682891138
10.09726527572679,10.077098669865215,0.09726527572678881,0.07709866986521594
10.097185135363846,10.084325581702258,0.09718513536384638,0.08432558170225751
10.09710385440652,10.108632704768299,0.09710385440651924,0.1086327047682987
10.097021433808745,10.095768203311266,0.09702143380874542,0.09576820331126648
10.096937874537838,10.088175375586541,0.09693787453783824,0.08817537558654143
10.096853177574475,10.074880166474182,0.09685317757447481,0.07488016647418198
10.096767343912685,10.07704057248794,0.09676734391268446,0.07704057248793979
10.096680374559837,10.11628536631235,0.09668037455983723,0.116285366312351
10.096592270536632,10.114928392144009,0.096592270536632,0.11492839214400793
10.096503032877084,10.101396499458659,0.09650303287708445,0.10139649945865867
10.096412662628515,10.080762730697684,0.09641266262851492,0.08076273069768425
10.096321160851536,10.114376510208352,0.09632116085153623,0.11437651020835204
10.096228528620042,10.076276767532008,0.09622852862004115,0.07627676753200824
10.09613476702119,10.084446884427152,0.09613476702118984,0.08444688442715179
10.096039877155397,10.135234717049583,0.0960398771553969,0.13523471704958248
10.09594386013632,10.105370956770155,0.0959438601363188,0.10537095677015519
10.09584671709084,10.111476193945947,0.09584671709084061,0.11147619394594747
10.095748449159062,10.081542114945375,0.09574844915906261,0.08154211494537553
10.095649057494287,10.112570835740112,0.0956490574942873,0.1125708357401121
10.095548543263005,10.136239951817252,0.09554854326300555,0.136239951817253
10.095446907644883,10.132482964139507,0.09544690764488306,0.1324829641395069
10.095344151832746,10.109677174072585,0.09534415183274636,0.10967717407258558
10.09524027703257,10.075033116495694,0.09524027703256904,0.07503311649569412
10.095135284463458,10.10397196198514,0.09513528446345743,0.10397196198513942
10.095029175357636,10.086305899156006,0.0950291753576364,0.0863058991560063
10.094921950960435,10.11921230441453,0.09492195096043465,0.11921230441452976
10.09481361253027,10.100591648270209,0.09481361253027047,0.100591648270208
10.094704161338637,10.091488007493398,0.09470416133863677,0.09148800749339835
10.094593598670086,10.093353836696476,0.09459359867008599,0.09335383669647529
10.094481925822215,10.087160384427499,0.09448192582221539,0.08716038442749843
10.094369144105652,10.063003970552174,0.09436914410565156,0.0630039705521741
10.094255254844034,10.127598796062049,0.09425525484403517,0.12759879606204858
10.094140259374004,10.120000282280873,0.09414025937400522,0.12000028228087381
10.094024159045183,10.108995466617555,0.09402415904518366,0.10899546661755538
10.09390695522016,10.061661665081626,0.09390695522015936,0.061661665081626446
10.093788649274472,10.066243631275503,0.09378864927447222,0.06624363127550331
10.093669242596597,10.077890344080844,0.09366924259659677,0.07789034408084468
10.093548736587927,10.081622716978536,0.09354873658792624,0.08162271697853657
10.093427132662756,10.082587979506389,0.09342713266275599,0.08258797950638935
10.093304432248267,10.075805505657579,0.0933044322482666,0.075805505657579
10.093180636784508,10.100304749495743,0.09318063678450764,0.10030474949574252
10.09305574772438,10.129228000274054,0.09305574772438041,0.12922800027405487
10.09292976653362,10.086411696624168,0.0929297665336211,0.0864116966241684
10.092802694690784,10.090623504230129,0.09280269469078323,0.09062350423012877
10.092674533687221,10.069658220410263,0.09267453368722074,0.06965822041026269
10.09254528502707,10.109850018127247,0.09254528502707028,0.10985001812724683
10.092414950227234,10.116270416822776,0.09241495022723362,0.11627041682277464
10.09228353081736,10.086309011824152,0.09228353081735953,0.08630901182415208
10.092151028339826,10.08580271932419,0.0921510283398264,0.08580271932419124
10.092017444349723,10.100643976797837,0.09201744434972375,0.10064397679783754
10.091882780414833,10.095745263148949,0.09188278041483389,0.09574526314894943
10.091747038115614,10.118328381066993,0.09174703811561391,0.11832838106699241
10.091610219045176,10.090898042780742,0.0916102190451768,0.0908980427807411
10.091472324809272,10.098481848598837,0.091472324809273,0.09848184859883678
10.09133335702627,10.103597293377295,0.09133335702627114,0.10359729337729448
10.09119331732714,10.102700792020363,0.09119331732713959,0.10270079202036199
10.091052207355427,10.090008323269027,0.09105220735542693,0.09000832326902615
10.090910028767244,10.080684471235209,0.09091002876724294,0.0806844712352092
10.090766783231238,10.066773697643491,0.09076678323123871,0.06677369764349017
10.090622472428588,10.106455589866302,0.0906224724285876,0.10645558986630285
10.090477098052965,10.092336637642658,0.0904770980529653,0.09233663764265779
10.09033066181053,10.06266199013315,0.09033066181052965,0.06266199013315149
10.090183165419901,10.06755829050415,0.09018316541990111,0.06755829050415017
10.090034610612141,10.061691134862587,0.09003461061214231,0.06169113486258716
10.089884999130739,10.105163829987243,0.08988499913073784,0.10516382998724216
10.089734332731574,10.09771832753339,0.08973433273157355,0.09771832753338888
10.089582613182916,10.079484950279461,0.08958261318291627,0.07948495027946129
10.089429842265393,10.104352869912685,0.08942984226539293,0.10435286991268375
10.089276021771969,10.057406558729054,0.08927602177196968,0.05740655872905496
10.08912115350793,10.079382466529967,0.08912115350793055,0.07938246652996658
10.088965239290857,10.085020139481694,0.08896523929085681,0.0850201394816942
10.088808280950605,10.059689444268855,0.08880828095060536,0.05968944426885567
10.088650280329286,10.079132466732721,0.08865028032928696,0.07913246673272122
10.088491239281245,10.10692865136224,0.08849123928124515,0.10692865136224118
10.088331159673034,10.060477453153673,0.08833115967303419,0.060477453153672686
10.088170043383398,10.073137657553332,0.08817004338339728,0.07313765755333106
10.088007892303244,10.087359795020006,0.0880078923032441,0.08735979502000683
10.087844708335629,10.085029356161614,0.08784470833562931,0.08502935616161425
10.08768049339573,10.104556281186698,0.0876804933957298,0.10455628118669676
10.087515249410822,10.085258464606534,0.08751524941082196,0.08525846460653426
10.087348978320259,10.11010634615094,0.08734897832025973,0.11010634615094159
10.087181682075451,10.100739237071268,0.08718168207545132,0.10073923707126803
10.087013362639837,10.083272720969052,0.08701336263983654,0.08327272096905189
10.086844021988863,10.091025343455701,0.08684402198886344,0.09102534345570111
10.086673662109966,10.089853841039293,0.08667366210996566,0.08985384103929324
10.086502285002538,10.057738446517016,0.08650228500253866,0.057738446517016276
10.086329892677917,10.083388965262452,0.08632989267791653,0.08338896526245317
10.086156487159348,10.063163073735959,0.08615648715934798,0.06316307373595836
10.085982070481974,10.079298537433889,0.08598207048197316,0.07929853743388975
10.0858066446928,10.097708865398053,0.08580664469279947,0.09770886539805217
10.085630211850678,10.117091085233898,0.08563021185067726,0.117091085233898
10.085452774026276,10.082869930466504,0.08545277402627627,0.08286993046650355
10.085274333302062,10.077252033178965,0.08527433330206094,0.07725203317896479
10.085094891772266,10.088722533103022,0.08509489177226609,0.08872253310302208
10.084914451542872,10.10971632562676,0.08491445154287207,0.10971632562675951
10.084733014731581,10.068674673737167,0.0847330147315805,0.06867467373716697
10.08455058346779,10.100608102608728,0.08455058346778915,0.1006081026087271
10.084367159892567,10.077998108202884,0.08436715989256705,0.07799810820288372
10.084182746158628,10.087816726608342,0.08418274615862902,0.08781672660834118
10.08399734443031,10.097299628204587,0.08399734443031097,0.0972996282045865
10.083810956883545,10.095631685833206,0.08381095688354423,0.09563168583320603
10.08362358570583,10.07335421936775,0.08362358570582967,0.07335421936775036
10.083435233096212,10.087397659429747,0.0834352330962127,0.08739765942974752
10.083245901265258,10.061850768299283,0.08324590126525695,0.06185076829928373
10.083055592435018,10.095923876463686,0.08305559243501866,0.09592387646368669
10.08286430883902,10.095529038783079,0.08286430883902007,0.09552903878307899
10.082672052722224,10.026690780995848,0.08267205272222389,0.026690780995848484
10.082478826341006,10.100798343127176,0.08247882634100655,0.10079834312717532
10.082284631963132,10.08805012576693,0.08228463196313188,0.08805012576693066
10.082089471867723,10.054735124411312,0.0820894718677241,0.05473512441131271
10.081893348345242,10.095428971789596,0.08189334834524173,0.09542897178959668
10.08169626369745,10.03255825099316,0.08169626369745031,0.032558250993160974
10.081498220237394,10.070396237686172,0.0814982202373952,0.07039623768617152
10.081299220289376,10.09911999126883,0.0812992202893749,0.09911999126883056
10.081099266188913,10.072872223954523,0.08109926618891351,0.07287222395452328
10.080898360282733,10.052410009509844,0.08089836028273344,0.052410009509843
10.080696504928728,10.103567269582129,0.08069650492872743,0.10356726958212818
10.080493702495932,10.056573605084205,0.08049370249593159,0.056573605084206016
10.080289955364497,10.065664512471454,0.08028995536449712,0.06566451247145429
10.080085265925662,10.10066572077376,0.08008526592566259,0.10066572077376008
10.079879636581726,10.107021377387197,0.07987963658172546,0.10702137738719732
10.079673069746015,10.077060148345526,0.07967306974601451,0.0770601483455262
10.079465567842862,10.074947626420311,0.07946556784286124,0.07494762642031115
10.079257133307571,10.078208763426746,0.07925713330757106,0.07820876342674642
10.079047768586396,10.069689575558456,0.0790477685863953,0.06968957555845655
10.078837476136503,10.089740422387498,0.07883747613650222,0.08974042238749849
10.078626258425949,10.0784208960973,0.0786262584259482,0.07842089609730077
10.078414117933649,10.093704280966302,0.07841411793364853,0.0937042809663021
10.078201057149348,10.105926031454741,0.07820105714934879,0.10592603145474168
10.077987078573596,10.078671364738996,0.07798707857359535,0.0786713647389966
10.077772184717706,10.080256685516908,0.07777218471770611,0.08025668551690772
10.07755637810374,10.08282848596706,0.07755637810374069,0.08282848596705986
10.077339661264471,10.078263676811394,0.07733966126447142,0.07826367681139484
10.077122036743352,10.122660767135134,0.07712203674335333,0.12266076713513313
10.076903507094494,10.098462998179585,0.07690350709449395,0.09846299817958475
10.076684074882625,10.097049213154632,0.07668407488262396,0.09704921315463239
10.076463742683067,10.087141025585264,0.07646374268306674,0.08714102558526456
10.076242513081707,10.071943639409064,0.07624251308170828,0.07194363940906293
10.076020388674966,10.075976355358145,0.07602038867496641,0.07597635535814463
10.075797372069761,10.061247570081798,0.07579737206976103,0.06124757008179936
10.075573465883483,10.106953053775023,0.07557346588348302,0.10695305377502176
10.075348672743964,10.069124735775707,0.07534867274396377,0.06912473577570794
10.075122995289444,10.05326393449498,0.07512299528944388,0.05326393449498061
10.074896436168544,10.063825961478786,0.07489643616854291,0.06382596147878615
10.074668998040227,10.075091898724356,0.0746689980402279,0.07509189872435625
10.074440683573782,10.050089487912144,0.07444068357378185,0.050089487912143946
10.074211495448774,10.07784369195219,0.07421149544877308,0.07784369195218888
10.073981436355023,10.089038687328683,0.07398143635502329,0.08903868732868261
10.073750508992577,10.111906762377165,0.0737505089925763,0.11190676237716563
10.073518716071666,10.09313678912626,0.07351871607166581,0.09313678912626058
10.073286060312684,10.073139643973638,0.07328606031268436,0.07313964397363795
10.073052544446151,10.072369714676352,0.07305254444615088,0.07236971467635159
10.07281817121268,10.05101571922389,0.07281817121267888,0.051015719223890615
10.072582943362944,10.07728688238894,0.07258294336294388,0.07728688238894048
10.072346863657652,10.0615743863475,0.07234686365765179,0.061574386347499205
10.072109934867505,10.084039232792799,0.07210993486750612,0.08403923279279958
10.071872159773175,10.082140638079041,0.07187215977317517,0.08214063807904064
10.07163354116526,10.046160038953648,0.07163354116526008,0.04616003895364727
10.07139408184426,10.079906274672258,0.07139408184426159,0.07990627467225699
10.071153784620547,10.05208334325955,0.07115378462054743,0.05208334325954936
10.07091265231432,10.067497897216404,0.07091265231431887,0.06749789721640348
10.070670687755578,10.071047429018469,0.07067068775557829,0.07104742901846914
10.070427893784096,10.074295873747351,0.07042789378409556,0.0742958737473507
10.070184273249374,10.082547016648403,0.07018427324937486,0.08254701664840307
10.069939829010622,10.052677972249658,0.06993982901062086,0.052677972249658124
10.069694563936705,10.040069465854376,0.0696945639367058,0.040069465854376055
10.069448480906136,10.060255412111905,0.0694484809061355,0.0602554121119057
10.069201582807015,10.070622701624204,0.0692015828070152,0.07062270162420427
10.068953872537016,10.073603538683505,0.06895387253701642,0.07360353868350558
10.068705353003342,10.041665972123463,0.06870535300334239,0.041665972123463416
10.068456027122695,10.076664492929044,0.06845602712269432,0.07666449292904359
10.068205897821237,10.106501818291706,0.0682058978212365,0.10650181829170623
10.067954968034563,10.099300435554703,0.06795496803456279,0.09930043555470267
10.067703240707662,10.083227199413654,0.06770324070766186,0.08322719941365367
10.067450718794882,10.06580928761876,0.06745071879488207,0.06580928761876124
10.067197405259897,10.082436382180493,0.06719740525989777,0.08243638218049328
10.066943303075673,10.084974248300341,0.06694330307567382,0.08497424830034084
10.066688415224432,10.071205966812872,0.06668841522443111,0.07120596681287175
10.066432744697611,10.03919242650046,0.06643274469761089,0.03919242650045977
10.06617629449584,10.09423328317203,0.06617629449584059,0.09423328317203085
10.065919067628897,10.066151174556333,0.06591906762889795,0.06615117455633328
10.065661067115675,10.059830785243546,0.06566106711567607,0.05983078524354632
10.065402295984148,10.06646197315484,0.06540229598414737,0.06646197315484012
10.065142757271328,10.031654549071932,0.06514275727132893,0.031654549071932325
10.064882454023246,10.027754880546468,0.06488245402324631,0.027754880546468075
10.064621389294897,10.061785040748411,0.0646213892948976,0.061785040748410645
10.064359566150218,10.075068040218646,0.06435956615021814,0.0750680402186454
10.064096987662044,10.070615661895223,0.06409698766204423,0.07061566189522236
10.063833656912077,10.046504764118703,0.0638336569120772,0.04650476411870236
10.063569576990847,10.051643588130995,0.06356957699084677,0.051643588130994574
10.063304750997675,10.060857976388402,0.06330475099767556,0.06085797638840075
10.063039182040642,10.063415471410565,0.06303918204064218,0.06341547141056461
10.062772873236545,10.059398762385817,0.06277287323654504,0.0593987623858169
10.062505827710865,10.084712721406724,0.06250582771086519,0.08471272140672387
10.062238048597731,10.077426708410197,0.06223804859773048,0.07742670841019737
10.061969539039879,10.050473612037177,0.061969539039878396,0.05047361203717681
10.061700302188619,10.024726479658227,0.061700302188618716,0.024726479658226302
10.061430341203797,10.02287499021306,0.06143034120379736,0.022874990213059984
10.061159659253759,10.089818210829865,0.06115965925375877,0.08981821082986408
10.060888259515309,10.0540713339498,0.06088825951530899,0.05407133394979903
10.060616145173677,10.057470611133532,0.06061614517367783,0.057470611133530816
10.060343319422483,10.096442329198107,0.06034331942248233,0.09644232919810629
10.06006978546369,10.045441762162545,0.06006978546368871,0.04544176216254411
10.059795546507575,10.053817165011438,0.05979554650757505,0.053817165011438045
10.059520605772693,10.03566021415804,0.059520605772693094,0.03566021415804088
10.059244966485831,10.028428145382835,0.059244966485831274,0.02842814538283396
10.058968631881976,10.056665993224017,0.058968631881976485,0.056665993224016914
10.058691605204276,10.025955947070527,0.058691605204275604,0.025955947070526245
10.058413889704,10.053922720543188,0.05841388970399833,0.053922720543187246
10.058135488640499,10.07114007857511,0.05813548864049848,0.07114007857511014
10.057856405281177,10.060770314088971,0.05785640528117597,0.060770314088971863
10.057576642901438,10.054521941519626,0.057576642901437915,0.05452194151962557
10.057296204784661,10.050333531353287,0.057296204784661076,0.05033353135328702
10.057015094222153,10.094999735988358,0.0570150942221527,0.09499973598835797
10.056733314513112,10.070546134343545,0.05673331451311221,0.07054613434354473
10.056450868964593,10.083285462385543,0.05645086896459192,0.0832854623855433
10.056167760891459,10.055102007215764,0.056167760891459056,0.05510200721576327
10.055883993616357,10.035204174772378,0.05588399361635646,0.03520417477237844
10.055599570469663,10.052849920315575,0.05559957046966307,0.052849920315574866
10.055314494789457,10.04326858843149,0.05531449478945586,0.04326858843149001
10.05502876992147,10.075941621174541,0.05502876992146993,0.0759416211745408
10.054742399219059,10.015111645871565,0.054742399219059615,0.015111645871565688
10.05445538604316,10.066207957768059,0.054455386043158485,0.06620795776805864
10.054167733762242,10.046807543440348,0.05416773376224088,0.04680754344034811
10.053879445752282,10.037812491103317,0.05387944575228165,0.0378124911033172
10.053590525396716,10.06103195112424,0.05359052539671697,0.06103195112423987
10.053300976086405,10.090689784043333,0.05330097608640393,0.09068978404333233
10.053010801219582,10.025015387483446,0.05301080121958168,0.0250153874834464
10.05272000420183,10.07109659794766,0.052720004201831094,0.07109659794765946
10.052428588446034,10.062263787957413,0.052428588446034353,0.06226378795741276
10.052136557372336,10.032873054420165,0.05213655737233578,0.032873054420165096
10.051843914408101,10.034049785443445,0.0518439144081011,0.03404978544344558
10.051550662987877,10.071457357679343,0.051550662987877555,0.07145735767934354
10.051256806553353,10.068570467926905,0.05125680655335291,0.06857046792690469
10.050962348553316,10.0764839382859,0.050962348553316064,0.07648393828589958
10.050667292443617,10.039100452941465,0.050667292443615876,0.03910045294146583
10.050371641687121,10.028708265159661,0.05037164168712101,0.02870826515966141
10.050075399753679,10.071706959716613,0.050075399753678564,0.07170695971661353
10.049778570120074,10.037272526379311,0.04977857012007437,0.037272526379312235
10.04948115626999,10.021973627116902,0.04948115626999169,0.021973627116901855
10.04918316169397,10.051883057990342,0.04918316169396984,0.05188305799034122
10.048884589889365,10.06168141631932,0.0488845898893642,0.06168141631932108
10.048585444360304,10.077449648653754,0.048585444360304514,0.07744964865375356
10.048285728617653,10.051556507441218,0.04828572861765409,0.05155650744121739
10.047985446178968,10.044584562098892,0.04798544617896796,0.04458456209889144
10.047684600568452,10.038554198643794,0.04768460056845256,0.03855419864379448
10.047383195316923,10.019012874126206,0.04738319531692372,0.019012874126206253
10.047081233961766,10.02621361759954,0.04708123396176553,0.026213617599539045
10.046778720046888,10.035328543319965,0.04677872004688823,0.03532854331996522
10.046475657122688,10.031425290491892,0.04647565712268753,0.031425290491893146
10.046172048746003,10.060825639139562,0.046172048746002475,0.06082563913956199
10.045867898480074,10.060815117243258,0.045867898480073256,0.060815117243258984
10.0455632098945,10.08835210479473,0.045563209894500294,0.08835210479472941
10.045257986565202,10.080882528204718,0.04525798656520174,0.08088252820471778
10.044952232074372,10.06910632572376,0.04495223207437182,0.06910632572376064
10.044645950010437,10.05135048309529,0.04464595001043817,0.05135048309528951
10.04433914396802,10.04654500320812,0.04433914396802065,0.04654500320811983
10.04403181754789,10.027105918598643,0.04403181754788851,0.027105918598642424
10.043723974356919,10.005961074427194,0.04372397435691852,0.005961074427195033
10.043415618008051,10.05750121678288,0.04341561800805192,0.05750121678287994
10.043106752120252,10.033703619939018,0.043106752120253,0.03370361993901773
10.042797380318467,10.04545072414125,0.04279738031846618,0.045450724141249996
10.042487506233574,10.06501741281129,0.04248750623357294,0.0650174128112909
10.04217713350235,10.048797199866048,0.042177133502350195,0.04879719986604846
10.041866265767426,10.0370933399151,0.04186626576742696,0.037093339915099645
10.041554906677241,10.054317723445925,0.04155490667724194,0.0543177234459252
10.041243059886,10.042248530864727,0.041243059886000036,0.04224853086472679
10.040930729053631,10.055486333435546,0.04093072905363045,0.055486333435545265
10.040617917845744,10.033556014782786,0.04061791784574324,0.03355601478278521
10.040304629933585,10.01147059868662,0.04030462993358581,0.011470598686619812
10.039990868994002,10.044746242129364,0.03999086899400078,0.044746242129363636
10.039676638709382,10.043070033489212,0.039676638709382234,0.043070033489211346
10.039361942767632,10.077438966738633,0.03936194276763276,0.07743896673863307
10.03904678486212,10.044419806930756,0.039046784862119585,0.04441980693075643
10.038731168691632,10.04128392041308,0.03873116869163215,0.041283920413081154
10.038415097960337,10.015455325793289,0.038415097960338075,0.015455325793288885
10.03809857637774,10.02724667742362,0.03809857637774002,0.027246677423619577
10.037781607658632,10.058322810660078,0.037781607658631464,0.05832281066007787
10.037464195523054,10.056617578539592,0.03746419552305412,0.056617578539591734
10.037146343696254,10.03815443504371,0.03714634369625377,0.03815443504371042
10.036828055908636,10.0014596154532,0.03682805590863604,0.0014596154532009464
10.036509335895724,10.05558643832149,0.036509335895723645,0.05558643832149005
10.036190187398113,10.073043393273474,0.03619018739811184,0.0730433932734753
10.035870614161425,10.016265047492848,0.03587061416142489,0.016265047492848333
10.035550619936272,10.051504621925703,0.03555061993627141,0.051504621925703646
10.035230208478202,10.038272346432608,0.03523020847820138,0.03827234643260733
10.034909383547662,10.021547917917665,0.034909383547661384,0.021547917917665152
10.03458814890995,10.066301700158666,0.034588148909950794,0.06630170015866682
10.034266508335177,10.05252879753974,0.03426650833517696,0.05252879753974048
10.033944465598212,9.99648102180437,0.0339444655982119,-0.0035189781956308855
10.033622024478648,10.045420011080594,0.03362202447864756,0.045420011080595
10.03329918876075,9.975398397874155,0.03329918876075091,-0.02460160212584417
10.03297596223342,10.00639313616611,0.03297596223342053,0.006393136166110803
10.032652348690142,10.00900251803731,0.032652348690141546,0.00900251803731033
10.03232835192894,10.02275809615109,0.03232835192894133,0.022758096151090326
10.032003975752344,10.0139708454119,0.032003975752344344,0.013970845411898598
10.031679223967329,10.068010937862201,0.03167922396732848,0.06801093786220185
10.031354100385279,10.015042285002693,0.031354100385279714,0.01504228500269324
10.031028608821948,10.003619709284768,0.03102860882194773,0.00361970928476894
10.030702753097401,10.039071903240401,0.03070275309740042,0.039071903240401634
10.03037653703598,10.021674018655286,0.030376537035980117,0.02167401865528653
10.030049964466258,10.003479660514001,0.030049964466258162,0.003479660514001122
10.02972303922099,10.060765570545835,0.029723039220989473,0.06076557054583394
10.02939576513707,10.040811574852835,0.029395765137068604,0.040811574852835486
10.029068146055485,10.027248900470678,0.029068146055483992,0.027248900470677632
10.028740185821274,10.051551128797197,0.028740185821273263,0.05155112879719763
10.028411888283477,10.019054439040012,0.028411888283477394,0.01905443904001223
10.028083257295096,10.018038392881849,0.028083257295096573,0.018038392881848088
10.027754296713045,10.053400700234421,0.027754296713044288,0.0534007002344221
10.027425010398103,9.991843301269324,0.02742501039810242,-0.008156698730676655
10.027095402214876,10.02408535586669,0.027095402214875233,0.02408535586669065
10.026765476031745,10.05997768915458,0.026765476031745047,0.059977689154580786
10.026435235720827,10.030374736160727,0.02643523572082633,0.030374736160726494
10.02610468515792,10.014572769665266,0.02610468515791973,0.014572769665266251
10.025773828222468,10.029172288149875,0.025773828222467626,0.029172288149874194
10.025442668797508,10.027264753844705,0.025442668797507912,0.027264753844703747
10.025111210769628,10.002231553964112,0.025111210769628745,0.0022315539641128944
10.024779458028922,10.018855504010997,0.024779458028922282,0.018855504010997323
10.02444741446894,9.983550319394602,0.024447414468940023,-0.01644968060539698
10.024115083986647,10.029257579059152,0.02411508398664644,0.02925757905915238
10.023782470482374,10.043054441087651,0.023782470482373592,0.04305444108765201
10.023449577859775,10.036701621162978,0.02344957785977465,0.036701621162977996
10.023116410025779,10.034142684538674,0.023116410025779115,0.03414268453867333
10.022782970890546,9.996567386052483,0.02278297089054646,-0.0034326139475167397
10.02244926436742,10.013542609423634,0.022449264367419713,0.013542609423634434
10.022115294372881,10.026761862694798,0.022115294372880557,0.026761862694797297
10.021781064826502,10.003497402841456,0.0217810648265027,0.0034974028414555616
10.021446579650906,10.029645080008363,0.021446579650906183,0.02964508000836347
10.021111842771711,10.026815496446012,0.02111184277171069,0.026815496446011784
10.02077685811749,10.027737791561771,0.020776858117490478,0.027737791561770475
10.020441629619727,9.981866156924244,0.020441629619727605,-0.018133843075756315
10.020106161212766,10.007024551460884,0.020106161212766115,0.007024551460883932
10.019770456833765,10.016325978149236,0.019770456833765188,0.016325978149236666
10.019434520422655,10.027848998834157,0.01943452042265396,0.027848998834156917
10.019098355922084,10.023254311994956,0.01909835592208477,0.02325431199495645
10.018761967277387,10.028879140918008,0.018761967277386358,0.02887914091800835
10.018425358436518,10.022097748844015,0.018425358436518612,0.02209774884401523
10.018088533350026,9.990157630776261,0.018088533350025537,-0.009842369223739132
10.01775149597099,10.020671415129856,0.017751495970989236,0.020671415129856225
10.017414250254983,10.040076070498708,0.017414250254982815,0.04007607049870783
10.017076800160025,10.032014771663892,0.01707680016002502,0.03201477166389148
10.016739149646533,10.038368193711381,0.016739149646533058,0.038368193711381615
10.016401302677277,10.022609393680137,0.016401302677276505,0.022609393680136525
10.01606326321733,10.009054342650817,0.01606326321733006,0.009054342650817398
10.015725035234029,10.047714003021511,0.015725035234028094,0.04771400302151144
10.015386622696917,10.01596815933814,0.015386622696917521,0.01596815933813945
10.015048029577711,10.02827097659219,0.015048029577710731,0.02827097659218939
10.01470925985024,9.994293786685386,0.014709259850239999,-0.005706213314614579
10.01437031749041,10.011898196056094,0.01437031749041015,0.011898196056094344
10.014031206476153,9.999937807906576,0.014031206476152256,-6.219209342277904e-05
10.013691930787376,10.002212054705186,0.013691930787376237,0.0022120547051866883
10.013352494405925,10.024774402215247,0.013352494405925211,0.024774402215246655
10.013012901315529,10.019308280437006,0.013012901315528068,0.019308280437005644
10.012673155501753,10.0312773914895,0.01267315550175304,0.031277391489500296
10.01233326095196,10.046349362946497,0.012333260951960252,0.046349362946496164
10.011993221655256,10.043008808945238,0.011993221655255971,0.04300880894523863
10.011653041602445,9.989963424963513,0.011653041602445246,-0.010036575036488103
10.011312724785984,10.02201166547026,0.011312724785984565,0.02201166547025917
10.010972275199936,10.03048502386671,0.010972275199936037,0.030485023866710013
10.01063169683992,9.983967876300769,0.010631696839919824,-0.016032123699231484
10.010290993703068,9.996827493920522,0.010290993703067592,-0.00317250607947849
10.009950169787976,9.998453795074,0.009950169787974899,-0.0015462049260008132
10.009609229094655,9.9973846623156,0.009609229094655322,-0.0026153376844005594
10.009268175624493,10.000826182081777,0.00926817562449298,0.000826182081776948
10.008927013380195,9.995069126755784,0.00892701338019505,-0.004930873244216765
10.008585746365746,10.008894011181646,0.008585746365745843,0.008894011181645647
10.00824437858636,9.989870905239492,0.008244378586359109,-0.010129094760507202
10.007902914048431,10.013588071631162,0.007902914048431381,0.013588071631162185
10.007561356759494,10.059739480579431,0.0075613567594942505,0.059739480579431556
10.007219710728169,9.99946286612569,0.007219710728168394,-0.0005371338743107345
10.006877979964116,9.992839185368542,0.006877979964115818,-0.007160814631457268
10.006536168477993,10.059710885221884,0.006536168477993154,0.05971088522188398
10.006194280281404,10.006624969832636,0.006194280281403886,0.006624969832636558
10.005852319386852,10.008577813403043,0.00585231938685232,0.00857781340304254
10.005510289807695,9.998103611815951,0.005510289807695973,-0.0018963881840491333
10.005168195558097,10.012288439143171,0.005168195558097931,0.01228843914317139
10.004826040652981,10.022721697778092,0.004826040652980805,0.022721697778091104
10.00448382910798,10.003395040071188,0.0044838291079788975,0.0033950400711890653
10.004141564939392,9.963198327315,0.0041415649393914365,-0.036801672684999315
10.003799252164134,9.998127318332932,0.003799252164134721,-0.0018726816670678091
10.003456894799696,10.022739692071715,0.003456894799696044,0.022739692071714293
10.003114496864086,9.997783880762656,0.0031144968640858355,-0.0022161192373443793
10.00277206237579,10.012469615793123,0.0027720623757908577,0.012469615793122493
10.002429595353727,10.019253781350056,0.0024295953537263344,0.01925378135005635
10.00208709981719,9.985131020347048,0.0020870998171898464,-0.014868979652952745
10.001744579785814,10.00180901209328,0.0017445797858136312,0.0018090120932811864
10.001402039279517,10.000028967728142,0.0014020392795168716,2.8967728141530763e-05
10.00105948231846,9.99114288942326,0.0010594823184595828,-0.008857110576738974
10.000716912922995,9.994671724432614,0.0007169129229947208,-0.005328275567386865
10.000374335113621,9.977791809484389,0.0003743351136213534,-0.02220819051561044
10.000031752910937,10.013905413152441,3.175291093676325e-05,0.013905413152440559
9.999689170335591,10.022673896612936,-0.00031082966440967256,0.022673896612936013
9.999346591408235,10.041217697800416,-0.0006534085917643808,0.041217697800415856
9.999004020149483,9.996218463450145,-0.000995979850516425,-0.003781536549855086
9.998661460579855,9.973862716545952,-0.0013385394201454023,-0.026137283454048275
9.998318916719732,10.00702930002501,-0.001681083280267564,0.0070293000250103346
9.997976392589317,10.00688329327063,-0.002023607410683533,0.006883293270629949
9.997633892208574,9.999477628815558,-0.0023661077914260194,-0.0005223711844420081
9.997291419597195,10.018537603579295,-0.0027085804028059326,0.01853760357929445
9.99694897877454,9.987646311876038,-0.0030510212254602712,-0.012353688123961445
9.996606573759601,9.971708869653638,-0.003393426240398937,-0.028291130346361843
9.996264208570947,9.994801867288139,-0.0037357914290526146,-0.005198132711860684
9.99592188722668,9.991171107680836,-0.004078112773318871,-0.00882889231916422
9.99557961374439,9.963307502568718,-0.00442038625561002,-0.03669249743128155
9.9952373921411,9.994477982180324,-0.004762607858899922,-0.005522017819675581
9.994895226433227,10.0278111861125,-0.005104773566771835,0.027811186112499452
9.994553120636535,10.000556197711893,-0.0054468793634644954,0.0005561977118930745
9.99421107876608,9.986280087785236,-0.00578892123391977,-0.013719912214764223
9.99386910483617,9.985285333348738,-0.006130895163830319,-0.014714666651262004
9.993527202860314,9.95902500916925,-0.00647279713968564,-0.04097499083074966
9.99318537685118,10.005401800336832,-0.006814623148819883,0.005401800336833029
9.992843630820541,10.018901094971369,-0.007156369179458591,0.018901094971368174
9.992501968779234,9.961744312414725,-0.007498031220766488,-0.03825568758527535
9.992160394737107,9.99556391683899,-0.007839605262893491,-0.004436083161009959
9.991818912702978,9.987148151265352,-0.008181087297022481,-0.012851848734648265
9.991477526684584,9.97498793113343,-0.008522473315415996,-0.025012068866569474
9.991136240688537,9.97244750360973,-0.008863759311463975,-0.02755249639026961
9.99079505872027,9.989256620379201,-0.009204941279729715,-0.010743379620799333
9.990453984784002,9.989791098633605,-0.00954601521599742,-0.010208901366395245
9.99011302288268,9.990680213077663,-0.009886977117319718,-0.009319786922336159
9.989772177017937,10.006059339631067,-0.010227822982063586,0.006059339631067367
9.989431451190041,10.028054681972051,-0.010568548809958013,0.028054681972052138
9.98909084939786,10.00716347812663,-0.010909150602140604,0.007163478126629239
9.988750375638794,9.991011748567546,-0.011249624361205217,-0.008988251432454467
9.988410033908751,9.992313038912906,-0.01158996609124781,-0.007686961087094489
9.988069828202086,10.036692099626897,-0.011930171797914056,0.03669209962689647
9.987729762511554,9.987480553732128,-0.01227023748844586,-0.012519446267871036
9.987389840828271,9.975598068111566,-0.01261015917172893,-0.02440193188843491
9.987050067141661,9.986946955239373,-0.012949932858338559,-0.013053044760626097
9.986710445439414,9.978990171054578,-0.01328955456058697,-0.02100982894542157
9.986370979707429,10.012686014092104,-0.013629020292570652,0.01268601409210421
9.986031673929784,9.989255179237844,-0.01396832607021608,-0.010744820762156528
9.985692532088672,9.959769636460612,-0.01430746791132718,-0.04023036353938833
9.985353558164368,9.96138210609955,-0.014646441835631706,-0.038617893900448605
9.985014756135172,9.970444236357771,-0.01498524386482867,-0.029555763642228103
9.984676129977366,10.011562859995175,-0.01532387002263396,0.011562859995175569
9.984337683665172,9.979741037869363,-0.015662316334827727,-0.020258962130635792
9.983999421170699,9.98686570312189,-0.016000578829300675,-0.01313429687810997
9.983661346463899,10.004344786358836,-0.016338653536101363,0.004344786358834694
9.983323463512518,9.97187352992314,-0.01667653648748176,-0.028126470076859894
9.982985776282055,9.971064188580755,-0.01701422371794434,-0.028935811419244586
9.98264828873571,9.983794700434908,-0.01735171126428914,-0.016205299565091275
9.98231100483434,9.942616434456761,-0.017688995165659232,-0.05738356554323851
9.981973928536412,9.988130310475729,-0.018026071463587888,-0.011869689524270678
9.981637063797955,9.971297362584298,-0.018362936202044714,-0.028702637415701983
9.981300414572518,9.980363663722379,-0.018699585427482766,-0.019636336277620244
9.980963984811115,9.999157681654674,-0.019036015188883898,-0.0008423183453257453
9.980627778462194,9.998946819393275,-0.019372221537805837,-0.0010531806067248864
9.980291799471571,9.957367301247467,-0.019708200528428175,-0.04263269875253165
9.9799560517824,9.994864979460907,-0.02004394821759937,-0.005135020539094072
9.979620539335118,10.000764802766083,-0.020379460664881985,0.0007648027660829768
9.9792852660674,9.938444443549656,-0.02071473393259945,-0.06155555645034358
9.978950235914118,9.960979350172373,-0.021049764085882806,-0.03902064982762693
9.978615452807285,10.018608354254129,-0.021384547192715833,0.018608354254128594
9.978280920676019,9.990229926173594,-0.021719079323981896,-0.009770073826405108
9.97794664344649,9.993296333591598,-0.022053356553509717,-0.006703666408403005
9.97761262504188,9.942039607995484,-0.02238737495812014,-0.05796039200451617
9.977278869382328,9.976660931912853,-0.022721130617671143,-0.023339068087146253
9.976945380384896,9.981368245034139,-0.023054619615104348,-0.01863175496586116
9.976612161963509,9.971647432962005,-0.02338783803649154,-0.028352567037995123
9.976279218028921,10.006620935835453,-0.02372078197107953,0.006620935835453319
9.975946552488663,9.975745874614892,-0.024053447511336777,-0.024254125385107992
9.975614169247,9.993368878746514,-0.024385830752998883,-0.006631121253485313
9.975282072204886,9.992302953307618,-0.024717927795115113,-0.007697046692382501
9.974950265259906,9.979081288504657,-0.02504973474009313,-0.020918711495342378
9.974618752306254,9.959512602808216,-0.025381247693745453,-0.040487397191783674
9.974287537234666,9.971577362001984,-0.025712462765334784,-0.028422637998015452
9.973956623932379,9.983343126192292,-0.02604337606762039,-0.016656873807707893
9.973626016283097,9.954820134679188,-0.02637398371690268,-0.04517986532081083
9.97329571816693,9.966354964363788,-0.026704281833069277,-0.03364503563621239
9.97296573346036,9.9731763149623,-0.027034266539641125,-0.02682368503770012
9.972636066036182,9.940036045712853,-0.027363933963816894,-0.05996395428714611
9.97230671976348,10.004149465257338,-0.02769328023651918,0.004149465257338794
9.97197769850756,9.951853777339746,-0.028022301492439512,-0.04814622266025348
9.971649006129915,9.960702471841149,-0.02835099387008444,-0.03929752815885183
9.97132064648818,9.9594729740117,-0.028679353511819824,-0.04052702598830105
9.970992623436084,10.017759856651859,-0.029007376563916772,0.01775985665185874
9.970664940823404,9.99140364376746,-0.02933505917659654,-0.008596356232539216
9.970337602495924,9.9781387636046,-0.029662397504076413,-0.021861236395400562
9.970010612295386,9.979982032036993,-0.029989387704613776,-0.020017967963006384
9.969683974059448,9.947385394393864,-0.030316025940551758,-0.052614605606135886
9.969357691621635,9.98502563036937,-0.030642308378364753,-0.014974369630630622
9.969031768811298,10.009889569704622,-0.030968231188702407,0.009889569704622882
9.968706209453565,9.939067453189473,-0.031293790546435225,-0.06093254681052761
9.968381017369301,9.944255839534092,-0.03161898263069914,-0.05574416046590858
9.96805619637506,9.99510210630364,-0.03194380362494103,-0.0048978936963599805
9.967731750283038,9.966589777178893,-0.032268249716962474,-0.033410222821106644
9.967407682901035,9.959431712089055,-0.0325923170989652,-0.04056828791094522
9.967083998032404,9.961948513099255,-0.03291600196759543,-0.03805148690074571
9.96676069947601,9.970565008194821,-0.033239300523989164,-0.029434991805178626
9.966437791026184,9.990221936609624,-0.033562208973815795,-0.009778063390376526
9.966115276472676,9.980465058048372,-0.03388472352732312,-0.019534941951627187
9.965793159600617,9.993919266970007,-0.03420684039938232,-0.006080733029993152
9.965471444190468,9.96128293898428,-0.034528555809531396,-0.03871706101572107
9.96515013401798,9.965838097987215,-0.03484986598202019,-0.034161902012785905
9.964829232854145,9.983336578625655,-0.035170767145854355,-0.016663421374343894
9.96450874446516,9.941784101236594,-0.035491255534840324,-0.05821589876340616
9.964188672612371,9.97235626773635,-0.035811327387628454,-0.027643732263649374
9.963869021052242,9.948907752911056,-0.03613097894775788,-0.05109224708894434
9.9635497935363,9.97521076587191,-0.03645020646370026,-0.02478923412809007
9.963230993811095,9.89609051431782,-0.03676900618890444,-0.10390948568218028
9.962912625618161,9.995682202784213,-0.037087374381839476,-0.004317797215787268
9.96259469269396,9.98263633022245,-0.037405307306038985,-0.01736366977755028
9.962277198769854,9.959082463316337,-0.03772280123014556,-0.04091753668366341
9.961960147572047,9.939774320865322,-0.038039852427953526,-0.06022567913467845
9.961643542821546,9.959750390624425,-0.038356457178453346,-0.0402496093755753
9.961327388234125,9.98779320623464,-0.03867261176587494,-0.012206793765360671
9.961011687520267,9.960020202017786,-0.038988312479732,-0.03997979798221398
9.960696444385135,9.943809698320102,-0.03930355561486452,-0.05619030167989704
9.960381662528517,9.942068264227338,-0.03961833747148292,-0.05793173577266149
9.96006734564479,9.979790604765528,-0.03993265435521118,-0.020209395234472165
9.959753497422868,9.981181646133626,-0.04024650257713083,-0.018818353866374395
9.959440121546177,9.958373095245545,-0.04055987845382328,-0.04162690475445442
9.959127221692587,9.935030972403938,-0.04087277830741351,-0.06496902759606127
9.958814801534386,9.955123978993315,-0.04118519846561373,-0.04487602100668411
9.958502864738234,9.960440378350528,-0.041497135261765544,-0.039559621649472694
9.958191414965116,9.987799854524086,-0.04180858503488359,-0.012200145475914526
9.957880455870303,9.95099561773104,-0.04211954412969819,-0.04900438226896052
9.9575699911033,9.971956175685238,-0.04243000889669891,-0.028043824314762395
9.957260024307823,9.956816440285742,-0.0427399756921764,-0.04318355971425884
9.956950559121735,9.983108449023865,-0.04304944087826583,-0.016891550976135417
9.956641599177011,9.984773334908464,-0.04335840082298925,-0.015226665091535464
9.9563331480997,9.946644048807585,-0.04366685190029884,-0.053355951192415874
9.956025209509882,9.953190908342888,-0.04397479049011856,-0.046809091657112424
9.955717787021612,9.971687183665885,-0.04428221297838703,-0.02831281633411551
9.9554108842429,9.949514157027162,-0.04458911575710052,-0.05048584297283744
9.955104504775646,9.931628163568485,-0.04489549522435426,-0.06837183643151548
9.954798652215615,9.959527222929017,-0.04520134778438539,-0.040472777070982874
9.954493330152385,9.982781000610844,-0.045506669847614846,-0.017218999389156
9.95418854216931,9.962603025634351,-0.04581145783069011,-0.03739697436564964
9.953884291843474,9.906098500239635,-0.0461157081565263,-0.09390149976036474
9.953580582745651,9.954390288377068,-0.04641941725434881,-0.04560971162293184
9.953277418440265,9.940879099409235,-0.04672258155973491,-0.05912090059076548
9.952974802485343,9.969211960608114,-0.04702519751465616,-0.030788039391885888
9.952672738432481,9.928500516846743,-0.04732726156751929,-0.07149948315325681
9.952371229826792,9.935337937885235,-0.04762877017320831,-0.06466206211476455
9.952070280206874,9.933439330681978,-0.047929719793126574,-0.06656066931802243
9.951769893104762,9.976946353628803,-0.048230106895237435,-0.0230536463711983
9.951470072045893,9.961423981774033,-0.04852992795410624,-0.03857601822596773
9.95117082054906,9.963766211722378,-0.048829179450941465,-0.03623378827762258
9.950872142126363,9.949903037286111,-0.049127857873636605,-0.0500969627138892
9.95057404028319,9.933661094902687,-0.04942595971681046,-0.06633890509731184
9.950276518518152,9.920294004264399,-0.04972348148184887,-0.07970599573560055
9.949979580323054,9.939127069282353,-0.05002041967694554,-0.060872930717646545
9.949683229182856,10.027827663133372,-0.050316770817143565,0.027827663133372364
9.949387468575624,9.931710714464199,-0.05061253142437544,-0.06828928553580105
9.949092301972495,9.910472028234597,-0.05090769802750433,-0.08952797176540192
9.948797732837635,9.951023588041636,-0.05120226716236529,-0.04897641195836338
9.948503764628194,9.979047978647205,-0.051496235371804956,-0.020952021352794312
9.948210400794277,9.97426520394141,-0.051789599205722785,-0.02573479605858938
9.947917644778888,9.961334762636048,-0.05208235522111121,-0.038665237363952595
9.947625500017903,9.953330278416194,-0.05237449998209667,-0.04666972158380617
9.94733396994002,9.93413781555,-0.052666030059979,-0.06586218444999926
9.947043057966727,9.931174452895132,-0.05295694203327216,-0.06882554710486796
9.946752767512255,9.962212858645152,-0.05324723248774482,-0.037787141354848196
9.946463101983541,9.920890515226287,-0.053536898016459535,-0.07910948477371436
9.946174064780188,9.952194830980437,-0.053825935219813326,-0.04780516901956391
9.945885659294422,9.913804175795653,-0.05411434070557728,-0.08619582420434688
9.945597888911063,9.952938631747982,-0.05440211108893698,-0.04706136825201758
