Actual_Level,Predicted_Level,Actual_DeltaH,Predicted_DeltaH
10.0,9.996625487843003,0.0,-0.0033745121569963587
10.000342582406287,9.949446622321204,0.00034258240628585497,-0.050553377678796134
10.000685160791921,10.019684842531078,0.000685160791920121,0.019684842531078207
10.001027731136299,9.956887337577484,0.0010277311362983969,-0.0431126624225159
10.00137028941891,9.960708067066665,0.0013702894189106557,-0.03929193293333397
10.001712831619388,10.021592284475553,0.0017128316193884313,0.021592284475552448
10.002055353717552,9.99833849279022,0.002055353717552003,-0.0016615072097809023
10.002397851693457,10.008286268802674,0.0023978516934575755,0.008286268802673698
10.002740321527444,9.9872706598222,0.0027403215274444614,-0.012729340177801344
10.003082759200183,10.037571327151056,0.003082759200182254,0.037571327151057154
10.003425160692718,9.999082185202328,0.003425160692718001,-0.0009178147976730937
10.003767521986523,10.001296801461976,0.0037675219865233745,0.0012968014619763216
10.004109839063542,9.990694160692884,0.004109839063541827,-0.0093058393071151
10.004452107906236,10.006311005485914,0.004452107906235755,0.0063110054859135
10.004794324497635,9.99621545496257,0.004794324497633649,-0.0037845450374298668
10.005136484821378,10.014582722088598,0.005136484821377232,0.014582722088597724
10.005478584861768,10.014639125173522,0.005478584861768609,0.014639125173522574
10.005820620603817,9.994764251609714,0.00582062060381738,-0.005235748390285179
10.006162588033288,9.99077804259599,0.006162588033287777,-0.009221957404009884
10.006504483136746,9.978611037446969,0.006504483136745765,-0.02138896255303156
10.006846301901605,10.030196371887664,0.006846301901606152,0.03019637188766313
10.00718804031618,9.969858828225625,0.007188040316179677,-0.030141171774374715
10.00752969436972,9.995855419657012,0.007529694369720096,-0.004144580342988267
10.007871260052472,10.00020093064532,0.00787126005247125,0.0002009306453196521
10.008212733355714,9.95566481231149,0.008212733355714126,-0.044335187688510524
10.008554110271813,9.993623347835939,0.00855411027181391,-0.006376652164060121
10.008895386794267,9.965357908375536,0.008895386794267011,-0.03464209162446416
10.009236558917747,9.993244139394285,0.009236558917748093,-0.006755860605714035
10.009577622638156,9.996905682962957,0.009577622638157077,-0.003094317037043305
10.009918573952666,10.031946567775387,0.00991857395266613,0.031946567775387
10.010259408859767,9.995170081464664,0.010259408859766657,-0.004829918535335915
10.010600123359316,9.997437956565014,0.01060012335931625,-0.0025620434349862935
10.010940713452586,10.044984664035361,0.010940713452585647,0.04498466403536067
10.011281175142306,9.979720639566905,0.011281175142305647,-0.020279360433095545
10.011621504432714,10.048573059541141,0.011621504432714043,0.04857305954114192
10.011961697329603,10.000911402254797,0.011961697329602498,0.0009114022547975689
10.012301749840363,10.006698923421789,0.012301749840363434,0.006698923421788841
10.012641657974036,9.984835803494805,0.012641657974036888,-0.015164196505194
10.012981417741358,10.01225970027036,0.012981417741357349,0.012259700270359091
10.0133210251548,10.041223097908388,0.013321025154800584,0.04122309790838788
10.01366047622863,9.992008073702234,0.01366047622863042,-0.007991926297766372
10.013999766978946,9.991832006996882,0.013999766978945546,-0.008167993003117886
10.014338893423727,10.02216317736734,0.014338893423726249,0.0221631773673387
10.014677851582881,10.006377432729801,0.014677851582881164,0.006377432729801383
10.015016637478293,10.016258448924095,0.01501663747829396,0.016258448924094258
10.01535524713387,10.021057415777001,0.015355247133870068,0.021057415777000946
10.015693676575584,9.986682565951774,0.015693676575583307,-0.013317434048226315
10.016031921831523,10.033359398290587,0.01603192183152255,0.03335939829058797
10.01636997893194,10.013368457431373,0.016369978931938325,0.013368457431372851
10.01670784390929,10.029639348306851,0.016707843909289418,0.029639348306851204
10.017045512798289,10.012926045731463,0.017045512798289416,0.012926045731463059
10.017382981635953,9.976241834665483,0.01738298163595327,-0.02375816533451607
10.017720246461645,10.035045436493334,0.017720246461643795,0.03504543649333463
10.018057303317118,10.005701489044638,0.018057303317118148,0.005701489044638724
10.018394148246575,10.017431146219108,0.018394148246574288,0.017431146219107747
10.018730777296698,9.989221969650325,0.01873077729669741,-0.010778030349674877
10.019067186516706,10.025969352164843,0.019067186516706316,0.025969352164843112
10.0194033719584,10.041003196901087,0.019403371958399827,0.04100319690108724
10.019739329676202,10.045188490405328,0.019739329676203073,0.04518849040532755
10.020075055727213,10.001312411563811,0.020075055727213836,0.0013124115638106504
10.020410546171249,10.034998083941606,0.02041054617124879,0.03499808394160611
10.020745797070889,9.993858589185633,0.020745797070889794,-0.00614141081436682
10.02108080449153,10.029640034577856,0.021080804491530047,0.02964003457785614
10.021415564501421,10.031455618880928,0.021415564501420306,0.03145561888092771
10.021750073171715,9.99629704626845,0.02175007317171501,-0.0037029537315491565
10.022084326576518,9.996424614923132,0.02208432657651839,-0.0035753850768671484
10.02241832079293,10.049478696589102,0.022418320792930574,0.04947869658910088
10.022752051901094,10.024032627920764,0.022752051901093577,0.024032627920765187
10.023085515984237,9.995568861759907,0.02308551598423735,-0.004431138240092825
10.023418709128725,10.002167821247625,0.023418709128725717,0.002167821247624737
10.023751627424103,10.062735656013865,0.023751627424102337,0.06273565601386477
10.024084266963136,10.023466319475759,0.02408426696313657,0.02346631947575847
10.02441662384187,10.018482418720321,0.02441662384186935,0.01848241872032183
10.024748694159658,10.025846946093479,0.024748694159659003,0.02584694609347923
10.025080474019227,10.047590659471034,0.025080474019227,0.04759065947103368
10.025411959526703,10.046656501650904,0.025411959526703755,0.046656501650904625
10.025743146791674,9.99370783126703,0.02574314679167425,-0.006292168732968277
10.026074031927223,10.014264738186803,0.026074031927223768,0.014264738186803901
10.026404611049983,10.040199402736075,0.026404611049983436,0.04019940273607524
10.026734880280175,10.052265732092557,0.02673488028017587,0.05226573209255788
10.02706483574166,9.996476922878493,0.027064835741660676,-0.0035230771215060616
10.02739447356198,9.982335943095164,0.027394473561979937,-0.017664056904837022
10.027723789872404,10.015678575127115,0.027723789872403665,0.01567857512711585
10.028052780807975,10.019320253934703,0.028052780807975228,0.019320253934703116
10.028381442507557,10.050883128071483,0.02838144250755667,0.050883128071483506
10.028709771113874,10.014847976723972,0.028709771113874072,0.014847976723972311
10.029037762773562,10.032070802715584,0.02903776277356279,0.032070802715584074
10.029365413637212,9.988077445524004,0.029365413637212668,-0.011922554475996345
10.029692719859414,9.99792171219725,0.029692719859413276,-0.00207828780274958
10.0300196775988,10.030864861155344,0.030019677598798967,0.03086486115534309
10.030346283018094,10.016741520404128,0.030346283018094018,0.016741520404128664
10.030672532284157,10.040994455348248,0.030672532284157616,0.040994455348248096
10.030998421568029,10.039148692496541,0.0309984215680289,0.03914869249654049
10.031323947044973,9.990143818225587,0.03132394704497186,-0.009856181774414087
10.03164910489452,10.051914067230143,0.03164910489452021,0.05191406723014248
10.031973891300522,10.019132362369652,0.03197389130052229,0.01913236236965242
10.032298302451185,10.038895285325626,0.03229830245118579,0.03889528532562672
10.032622334539122,10.039339608503187,0.03262233453912252,0.03933960850318708
10.032945983761394,10.045208479586355,0.0329459837613931,0.0452084795863545
10.033269246319552,9.98805116323947,0.03326924631955153,-0.011948836760529345
10.03359211841969,10.067438449500308,0.03359211841968988,0.06743844950030888
10.033914596272483,10.050187072910306,0.03391459627248271,0.05018707291030728
10.034236676093231,10.020188011947557,0.034236676093231604,0.02018801194755679
10.03455835410191,10.01473194364897,0.034558354101909564,0.014731943648970753
10.034879626523205,10.059797490182353,0.034879626523205386,0.05979749018235263
10.035200489586568,10.010100512340216,0.035200489586567976,0.010100512340216902
10.03552093952625,10.035280417343143,0.03552093952625057,0.03528041734314387
10.035840972581354,10.00220679644168,0.035840972581354956,0.002206796441680571
10.036160584995876,10.040719951617874,0.0361605849958756,0.040719951617873645
10.036479773018744,10.019585243288883,0.03647977301874376,0.01958524328888426
10.036798532903871,10.042337089591571,0.03679853290387144,0.042337089591571245
10.037116860910196,10.023105392286045,0.03711686091019544,0.02310539228604476
10.03743475330172,10.076396415978067,0.037434753301721205,0.07639641597806651
10.037752206347566,10.04564214270857,0.03775220634756668,0.04564214270857003
10.038069216322006,9.999649054258525,0.03806921632200612,-0.00035094574147625374
10.038385779504514,10.067658182073597,0.038385779504513794,0.0676581820735967
10.038701892179807,10.020760623969961,0.038701892179807657,0.020760623969961953
10.039017550637894,10.069657965707318,0.039017550637892945,0.06965796570731825
10.039332751174106,10.05535209652574,0.03933275117410576,0.055352096525738866
10.039647490089157,10.01387984017858,0.03964749008915646,0.013879840178580672
10.039961763689174,10.037217267501104,0.03996176368917318,0.03721726750110337
10.040275568285745,10.041857084598314,0.040275568285745106,0.04185708459831483
10.040588900195965,10.018829554007418,0.04058890019596581,0.018829554007417596
10.040901755742476,10.037198702807268,0.04090175574247643,0.03719870280726778
10.04121413125351,10.089507239537408,0.04121413125350888,0.089507239537408
10.041526023062929,10.076850717510814,0.0415260230629289,0.07685071751081332
10.041837427510279,10.095750648508055,0.04183742751027911,0.09575064850805462
10.042148340940821,10.071631810300106,0.04214834094082195,0.0716318103001055
10.042458759705582,10.051984864052148,0.04245875970558258,0.05198486405214847
10.042768680161391,10.030574502861757,0.04276868016139172,0.030574502861756593
10.043078098670929,10.075990527437524,0.043078098670928405,0.075990527437523
10.043387011602762,10.051395951586843,0.04338701160276265,0.05139595158684304
10.043695415331397,10.031962830270345,0.04369541533139806,0.03196283027034547
10.044003306237315,10.053149025268146,0.04400330623731446,0.05314902526814592
10.04431068070701,10.062750338497288,0.044310680707010275,0.0627503384972889
10.044617535133044,10.072426191082059,0.044617535133045,0.0724261910820583
10.04492386591408,10.023098931874955,0.044923865914081505,0.0230989318749556
10.045229669454928,10.08781087543145,0.045229669454928345,0.08781087543144944
10.045534942166581,10.048830248874168,0.04553494216658191,0.04883024887416891
10.045839680466269,10.0367583333405,0.04583968046626856,0.036758333340500694
10.046143880777487,10.045553932076128,0.04614388077748668,0.04555393207612871
10.046447539530048,10.02768827997347,0.046447539530048654,0.027688279973469856
10.046750653160123,10.025354839042969,0.04675065316012276,0.02535483904296876
10.047053218110275,10.082655963477329,0.04705321811027502,0.08265596347732874
10.047355230829512,10.003679968889514,0.04735523082951089,0.00367996888951478
10.047656687773317,10.106911089618404,0.04765668777331701,0.10691108961840276
10.047957585403703,10.059927522899331,0.04795758540370276,0.05992752289933085
10.048257920189242,10.09195245103002,0.0482579201892418,0.09195245103001981
10.048557688605113,10.043031509547168,0.04855768860511349,0.043031509547168736
10.048856887133145,10.05793944686317,0.04885688713314429,0.05793944686317039
10.04915551226185,10.04533332452633,0.049155512261849034,0.04533332452633116
10.049453560486473,10.05921784245403,0.049453560486472155,0.0592178424540309
10.049751028309029,10.093603056517104,0.0497510283090288,0.09360305651710321
10.050047912238346,10.048201158723979,0.050047912238345885,0.048201158723978114
10.050344208790102,10.083821974106298,0.050344208790103095,0.08382197410629853
10.050639914486874,10.059523897998897,0.050639914486873716,0.05952389799889781
10.050935025858166,10.048540761878334,0.05093502585816556,0.04854076187833379
10.051229539440461,10.039794456615551,0.05122953944046155,0.039794456615551935
10.05152345177726,10.042477943672171,0.051523451777260476,0.0424779436721716
10.051816759419118,10.060830348058936,0.051816759419117536,0.06083034805893557
10.052109458923685,10.060307902583352,0.05210945892368479,0.0603079025833514
10.052401546855751,10.051959745505455,0.052401546855751616,0.05195974550545394
10.052693019787284,10.079270712382101,0.05269301978728496,0.07927071238210079
10.05298387429747,10.082642366518478,0.05298387429746959,0.08264236651847753
10.053274106972749,10.04900870673403,0.05327410697274833,0.049008706734029274
10.053563714406861,10.048547075521235,0.053563714406861966,0.04854707552123427
10.05385269320089,10.037952458479152,0.05385269320088934,0.03795245847915208
10.054141039963287,10.061469764028038,0.05414103996328721,0.06146976402803783
10.05442875130993,10.064525765858734,0.054428751309930024,0.06452576585873478
10.05471582386415,10.053802065942865,0.05471582386414972,0.05380206594286503
10.055002254256776,10.056265037185398,0.05500225425677522,0.0562650371853971
10.055288039126172,10.034655870947073,0.05528803912617211,0.03465587094707412
10.055573175118282,10.050039595571924,0.055573175118282005,0.050039595571924014
10.055857658886662,10.056638367120344,0.05585765888666196,0.05663836712034468
10.056141487092523,10.063940373681014,0.05614148709252373,0.063940373681013
10.056424656404772,10.06908972847526,0.0564246564047729,0.06908972847526074
10.056707163500048,10.038475230542614,0.0567071635000481,0.03847523054261394
10.05698900506276,10.064857771450905,0.05698900506275992,0.06485777145090468
10.05727017778513,10.060494696513455,0.05727017778512981,0.060494696513454446
10.057550678367228,10.067031312073636,0.05755067836722896,0.06703131207363683
10.057830503517017,10.072374841151111,0.05783050351701701,0.07237484115111124
10.058109649950381,10.043241058269919,0.05810964995038066,0.04324105826991824
10.058388114391173,10.064247683086494,0.05838811439117228,0.06424768308649369
10.058665893571249,10.055786315812005,0.05866589357124823,0.055786315812005785
10.058942984230507,10.085179755161118,0.05894298423050736,0.08517975516111831
10.059219383116929,10.043906562467948,0.0592193831169292,0.043906562467947344
10.059495086986612,10.060626571595936,0.05949508698661215,0.060626571595936395
10.059770092603811,10.086537500587367,0.05977009260381149,0.08653750058736666
10.060044396740977,10.05879210332036,0.060044396740977446,0.05879210332036041
10.060317996178792,10.066888371885172,0.06031799617879302,0.0668883718851727
10.060590887706212,10.088521922982077,0.060590887706211786,0.08852192298207581
10.060863068120495,10.107439361542195,0.06086306812049555,0.10743936154219488
10.061134534227252,10.100072632699803,0.06113453422725196,0.10007263269980257
10.061405282840472,10.052070789396005,0.061405282840472024,0.05207078939600462
10.061675310782567,10.05607795272296,0.06167531078256744,0.05607795272296022
10.061944614884409,10.063985900485674,0.061944614884407945,0.06398590048567337
10.062213191985359,10.059645577851002,0.062213191985358476,0.059645577851002066
10.062481038933317,10.057246531663209,0.062481038933316274,0.05724653166320896
10.062748152584748,10.063603035528022,0.06274815258474788,0.06360303552802113
10.063014529804725,10.082490707770372,0.06301452980472602,0.08249070777037283
10.063280167466967,10.037619749729112,0.0632801674669664,0.03761974972911146
10.063545062453864,10.089326864638576,0.06354506245386445,0.08932686463857631
10.063809211656531,10.05114590452626,0.06380921165653178,0.051145904526260166
10.064072611974833,10.072288170632401,0.06407261197483283,0.07228817063240116
10.06433526031742,10.071199757745735,0.06433526031742112,0.07119975774573457
10.064597153601776,10.06937188545886,0.06459715360177562,0.0693718854588609
10.064858288754237,10.066363542999719,0.06485828875423688,0.06636354299971818
10.065118662710043,10.021745801306716,0.06511866271004312,0.021745801306716335
10.065378272413366,10.036826911513135,0.06537827241336619,0.036826911513135094
10.065637114817347,10.054175175587636,0.06563711481734745,0.05417517558763671
10.065895186884134,10.059919303170627,0.06589518688413351,0.05991930317062788
10.066152485584912,10.0729295661476,0.0661524855849119,0.07292956614760096
10.066409007899946,10.027902574968708,0.0664090078999466,0.027902574968708703
10.066664750818614,10.08095429832686,0.06666475081861349,0.08095429832686042
10.066919711339436,10.05435897956218,0.06691971133943572,0.05435897956217948
10.067173886470119,10.057272713613832,0.06717388647011883,0.057272713613831655
10.067427273227587,10.077105477751024,0.067427273227586,0.0771054777510238
10.067679868638013,10.066616614472014,0.06767986863801298,0.06661661447201511
10.067931669736863,10.054940866618633,0.06793166973686297,0.05494086661863379
10.068182673568922,10.034476537670157,0.06818267356892155,0.03447653767015735
10.06843287718833,10.02587077135401,0.06843287718833115,0.025870771354008837
10.068682277658626,10.070959286779418,0.0686822776586258,0.0709592867794185
10.068930872052766,10.09019768190818,0.06893087205276556,0.09019768190818025
10.06917865745317,10.072017680761501,0.0691786574531708,0.07201768076150192
10.069425630951756,10.105271483796601,0.06942563095175645,0.10527148379660195
10.069671789649966,10.05200958300898,0.0696717896499663,0.052009583008978975
10.069917130658807,10.053793914483034,0.06991713065880674,0.05379391448303372
10.07016165109888,10.075169835323676,0.07016165109888091,0.07516983532367592
10.070405348100422,10.077158975905853,0.07040534810042236,0.0771589759058529
10.07064821880333,10.065755045454924,0.07064821880332872,0.06575504545492429
10.070890260357196,10.067681720925737,0.07089026035719542,0.06768172092573695
10.07113146992135,10.075715343312838,0.07113146992134893,0.07571534331283776
10.07137184466488,10.072301892445543,0.07137184466488027,0.07230189244554198
10.071611381766678,10.068679446125026,0.07161138176667815,0.06867944612502541
10.071850078415462,10.080149004888094,0.0718500784154621,0.08014900488809416
10.072087931809815,10.097442685418557,0.07208793180981543,0.09744268541855589
10.072324939158218,10.06520419771593,0.07232493915821822,0.06520419771593028
10.07256109767908,10.065670637512838,0.07256109767907991,0.06567063751283739
10.072796404600773,10.072262351171753,0.07279640460077212,0.0722623511717539
10.073030857161662,10.081123062155692,0.07303085716166102,0.08112306215569129
10.07326445261014,10.072479273193487,0.0732644526101399,0.07247927319348646
10.073497188204662,10.069009574649659,0.07349718820466133,0.06900957464965796
10.07372906121377,10.056480625375091,0.0737290612137694,0.056480625375090625
10.073960068916131,10.048073635707235,0.07396006891613177,0.04807363570723456
10.074190208600571,10.072705632647068,0.0741902086005716,0.0727056326470675
10.0744194775661,10.104910108100084,0.07441947756609935,0.10491010810008414
10.074647873121945,10.074372563264747,0.07464787312194456,0.07437256326474631
10.074875392587588,10.037648081067028,0.07487539258758732,0.037648081067026794
10.07510203329279,10.065915917313774,0.0751020332927898,0.06591591731377332
10.075327792577628,10.060157987624905,0.07532779257762759,0.06015798762490504
10.07555266779252,10.077420452047784,0.07555266779252084,0.07742045204778382
10.075776656298265,10.087823948481153,0.07577665629826551,0.08782394848115424
10.075999755466064,10.033453628168175,0.07599975546606415,0.033453628168175
10.076221962677558,10.04940642775679,0.07622196267755689,0.04940642775678937
10.076443275324852,10.097063689800933,0.07644327532485216,0.09706368980093227
10.076663690810557,10.05611665676733,0.07666369081055724,0.056116656767330325
10.076883206547809,10.067223170605075,0.07688320654780875,0.06722317060507456
10.077101819960303,10.096475039450356,0.07710181996030309,0.09647503945035604
10.077319528482327,10.073887830005452,0.07731952848232657,0.07388783000545204
10.077536329558786,10.107133320976137,0.07753632955878559,0.10713332097613708
10.077752220645237,10.075788013780365,0.07775222064523657,0.07578801378036397
10.077967199207915,10.058825255403585,0.07796719920791595,0.05882525540358533
10.07818126272377,10.041284120255309,0.07818126272376973,0.04128412025530978
10.078394408680483,10.06280256063391,0.0783944086804832,0.06280256063391011
10.078606634576511,10.089875709809474,0.0786066345765104,0.08987570980947433
10.078817937921103,10.084764840400863,0.07881793792110356,0.08476484040086359
10.079028316234343,10.064755892220026,0.07902831623434213,0.06475589222002548
10.079237767047163,10.051282891044268,0.0792377670471621,0.05128289104426797
10.079446287901385,10.078372375999248,0.07944628790138483,0.07837237599924779
10.079653876349745,10.084917083006118,0.07965387634974604,0.084917083006118
10.079860529955925,10.086201411297152,0.07986052995592435,0.08620141129715192
10.080066246294571,10.080973513574977,0.08006624629457006,0.08097351357497626
10.080271022951333,10.046309810733067,0.08027102295133345,0.046309810733067565
10.080474857522892,10.101404255372643,0.08047485752289325,0.101404255372642
10.080677747616985,10.051054250848743,0.08067774761698476,0.051054250848742724
10.080879690852427,10.054145150757023,0.08087969085242798,0.054145150757022455
10.081080684859156,10.103220676687112,0.0810806848591555,0.10322067668711206
10.08128072727824,10.07124868607475,0.08128072727824039,0.07124868607474909
10.081479815761924,10.082581809749906,0.08147981576192379,0.08258180974990487
10.081677947973642,10.096062203279965,0.08167794797364254,0.09606220327996441
10.081875121588057,10.08017029385205,0.08187512158805663,0.08017029385204948
10.082071334291076,10.081206731079684,0.08207133429107635,0.08120673107968303
10.082266583779889,10.081282672858803,0.0822665837798896,0.08128267285880295
10.08246086776299,10.11264198839115,0.08246086776298883,0.11264198839115053
10.082654183960198,10.097534917953793,0.08265418396019797,0.09753491795379216
10.0828465301027,10.084388193142917,0.0828465301026992,0.08438819314291701
10.083037903933059,10.076896994692339,0.0830379039330595,0.07689699469233888
10.083228303205257,10.121018307174314,0.08322830320525727,0.12101830717431442
10.083417725684708,10.080419093407718,0.08341772568470858,0.08041909340771723
10.083606169148293,10.09923182638797,0.08360616914829344,0.09923182638796928
10.083793631384381,10.111677342402533,0.08379363138438191,0.11167734240253326
10.08398011019286,10.094114719415806,0.08398011019286002,0.09411471941580697
10.084165603385156,10.079301526132763,0.0841656033851556,0.0793015261327626
10.084350108784264,10.076980010732715,0.08435010878426397,0.0769800107327144
10.084533624224774,10.083886051351898,0.08453362422477351,0.08388605135189794
10.084716147552891,10.100224970017937,0.08471614755289107,0.10022497001793661
10.084897676626467,10.126426477560136,0.08489767662646719,0.12642647756013514
10.085078209315022,10.102814632744272,0.08507820931502132,0.10281463274427191
10.085257743499767,10.101411140934973,0.08525774349976675,0.10141114093497192
10.085436277073635,10.089210889015556,0.08543627707363555,0.089210889015556
10.085613807941304,10.077189155263834,0.08561380794130327,0.07718915526383462
10.085790334019213,10.104741138920664,0.0857903340192135,0.10474113892066395
10.085965853235603,10.068398527726078,0.08596585323560235,0.06839852772607787
10.086140363530523,10.0898833705471,0.08614036353052279,0.08988337054709869
10.086313862855869,10.091966017020432,0.08631386285586877,0.09196601702043203
10.086486349175399,10.080237884125758,0.0864863491753993,0.08023788412575751
10.086657820464762,10.068466314009514,0.08665782046476234,0.06846631400951507
10.086828274711518,10.105928711948454,0.08682827471151855,0.10592871194845449
10.086997709915165,10.088122400502062,0.08699770991516492,0.08812240050206219
10.087166124087158,10.088887217627276,0.0871661240871582,0.08888721762727524
10.087333515250938,10.065629763778423,0.08733351525093833,0.06562976377842276
10.087499881441952,10.095843223379658,0.08749988144195159,0.09584322337965873
10.087665220707674,10.063831332082602,0.08766522070767357,0.06383133208260171
10.087829531107632,10.06183867122424,0.08782953110763231,0.061838671224241165
10.08799281071343,10.092065993253364,0.08799281071343078,0.09206599325336386
10.08815505760877,10.078992807524687,0.08815505760876974,0.07899280752468664
10.08831626988947,10.064603232615497,0.08831626988947021,0.06460323261549748
10.088476445663495,10.104133957186765,0.08847644566349565,0.10413395718676374
10.088635583050975,10.089795391301799,0.08863558305097434,0.08979539130179905
10.08879368018422,10.092695388107567,0.08879368018422137,0.09269538810756661
10.08895073520776,10.100508523102807,0.08895073520776059,0.10050852310280708
10.089106746278347,10.071317154603687,0.08910674627834633,0.07131715460368616
10.089261711564985,10.06117315015882,0.08926171156498512,0.061173150158820806
10.089415629248958,10.089565237228596,0.08941562924895707,0.08956523722859538
10.089568497523837,10.042220056899149,0.08956849752383733,0.04222005689914951
10.089720314595517,10.075004077998155,0.08972031459551717,0.07500407799815575
10.089871078682226,10.063359475076336,0.08987107868222519,0.06335947507633612
10.090020788014549,10.086386808737128,0.09002078801454806,0.0863868087371282
10.090169440835451,10.103692499219935,0.09016944083545142,0.1036924992199344
10.0903170354003,10.12226175140304,0.09031703540030042,0.1222617514030385
10.09046356997688,10.133546329741723,0.09046356997688025,0.13354632974172298
10.090609042845417,10.097059393436792,0.09060904284541643,0.09705939343679205
10.090753452298594,10.078613514637993,0.09075345229859501,0.0786135146379929
10.090896796641582,10.098708992709648,0.09089679664158262,0.09870899270964838
10.091039074192047,10.07326761671361,0.09103907419204632,0.0732676167136095
10.091180283280174,10.068093439511719,0.09118028328017341,0.06809343951171803
10.09132042224869,10.059474572296573,0.09132042224869097,0.05947457229657173
10.091459489452886,10.037713836855762,0.0914594894528853,0.03771383685576225
10.091597483260621,10.084106004605957,0.09159748326062134,0.08410600460595641
10.091734402052362,10.084159250798692,0.09173440205236164,0.0841592507986914
10.091870244221186,10.099498507103231,0.0918702442211855,0.09949850710323042
10.092005008172809,10.094211527555933,0.09200500817280784,0.09421152755593229
10.092138692325598,10.124357411315389,0.09213869232559779,0.124357411315389
10.092271295110598,10.091789011689318,0.09227129511059741,0.09178901168931743
10.09240281497154,10.097917253537803,0.09240281497153995,0.09791725353780323
10.092533250364868,10.070609646003486,0.0925332503648682,0.07060964600348699
10.092662599759752,10.119502460936463,0.09266259975975265,0.11950246093646368
10.09279086163811,10.076403301631702,0.09279086163810932,0.07640330163170123
10.092918034494618,10.112667768756255,0.0929180344946177,0.11266776875625573
10.093044116836738,10.07227115959433,0.0930441168367384,0.07227115959433
10.09316910718473,10.07922216753314,0.09316910718473055,0.07922216753314051
10.09329300407167,10.077934161497389,0.09329300407166935,0.07793416149738815
10.093415806043463,10.112446199606207,0.09341580604346314,0.11244619960620778
10.093537511658871,10.129937923417694,0.09353751165887053,0.12993792341769436
10.093658119489517,10.103126805585365,0.09365811948951731,0.10312680558536466
10.093777628119913,10.088706006280713,0.0937776281199132,0.08870600628071212
10.093896036147468,10.057907179015874,0.09389603614746847,0.057907179015873576
10.09401334218251,10.051258429523324,0.0940133421825104,0.051258429523324656
10.0941295448483,10.090655691662732,0.09412954484829957,0.09065569166273246
10.094244642781046,10.085160063459462,0.0942446427810461,0.08516006345946238
10.094358634629925,10.07339533972075,0.09435863462992551,0.07339533972074992
10.094471519057095,10.107707286757604,0.09447151905709475,0.10770728675760333
10.094583294737708,10.06804305797893,0.0945832947377077,0.06804305797892973
10.094693960359931,10.07156049378866,0.09469396035993094,0.07156049378865911
10.094803514624958,10.106768878576986,0.09480351462495895,0.10676887857698646
10.09491195624703,10.11480003928926,0.09491195624702947,0.11480003928925975
10.09501928395344,10.128519362381011,0.09501928395343856,0.1285193623810107
10.095125496484556,10.039408397859345,0.09512549648455554,0.03940839785934588
10.095230592593838,10.11003888977979,0.09523059259383773,0.11003888977979068
10.095334571047845,10.122231331054358,0.09533457104784517,0.12223133105435785
10.095437430626255,10.084970023600208,0.09543743062625501,0.08497002360020757
10.095539170121876,10.095315093662517,0.09553917012187585,0.09531509366251664
10.095639788340662,10.06802649642462,0.09563978834066196,0.06802649642462051
10.095739284101727,10.116906753596165,0.09573928410172725,0.11690675359616545
10.095837656237359,10.07932798179405,0.09583765623735911,0.07932798179404948
10.095934903593033,10.073394158358017,0.09593490359303218,0.07339415835801608
10.096031025027422,10.148593291728455,0.0960310250274218,0.14859329172845526
10.096126019412418,10.114899663070783,0.09612601941241755,0.11489966307078388
10.096219885633136,10.105092605536294,0.09621988563313633,0.10509260553629399
10.096312622587936,10.104797358393514,0.09631262258793556,0.10479735839351412
10.096404229188426,10.118199786504155,0.09640422918842606,0.11819978650415466
10.096494704359484,10.07036424909042,0.09649470435948483,0.07036424909042074
10.096584047039268,10.091628958900769,0.09658404703926768,0.09162895890076886
10.096672256179222,10.084010870910275,0.09667225617922165,0.08401087091027416
10.096759330744097,10.101038264628627,0.0967593307440974,0.10103826462862749
10.096845269711961,10.077425123772073,0.09684526971196128,0.07742512377207342
10.096930072074207,10.081628084691447,0.09693007207420734,0.08162808469144753
10.097013736835569,10.110673414991403,0.09701373683556921,0.11067341499140386
10.097096263014132,10.081442850936915,0.09709626301413174,0.08144285093691393
10.097177649641342,10.113221906820968,0.09717764964134253,0.11322190682096746
10.097257895762024,10.078572816240275,0.09725789576202332,0.07857281624027396
10.097337000434381,10.112675204172344,0.09733700043438112,0.11267520417234396
10.097414962730019,10.074579305214847,0.09741496273001941,0.07457930521484785
10.097491781733948,10.08472316826349,0.09749178173394892,0.08472316826349127
10.0975674565446,10.076633550758167,0.09756745654459836,0.07663355075816772
10.097641986273825,10.061769908777672,0.09764198627382512,0.061769908777672036
10.097715370046926,10.102871319935259,0.09771537004692554,0.10287131993525835
10.097787607002646,10.082516660924147,0.09778760700264527,0.08251666092414695
10.097858696293189,10.082576356922106,0.09785869629318941,0.08257635692210614
10.097928637084232,10.089458514098517,0.09792863708423233,0.08945851409851718
10.097997428554928,10.06443338923206,0.0979974285549276,0.06443338923205992
10.098065069897917,10.108326296236253,0.09806506989791755,0.1083262962362527
10.098131560319343,10.101124391365628,0.09813156031934273,0.10112439136562819
10.098196899038852,10.051567106125598,0.09819689903885127,0.051567106125597686
10.098261085289607,10.078677938840864,0.09826108528960807,0.07867793884086412
10.098324118318304,10.076109830509536,0.09832411831830368,0.07610983050953568
10.098385997385163,10.111795877379867,0.09838599738516328,0.11179587737986663
10.098446721763954,10.087940873610465,0.09844672176395526,0.08794087361046471
10.098506290742,10.113619691670072,0.09850629074199979,0.11361969167007174
10.098564703620177,10.099931281312093,0.09856470362017719,0.0999312813120929
10.098621959712936,10.113166156440547,0.0986219597129361,0.11316615644054764
10.098678058348302,10.082967459749595,0.09867805834830157,0.0829674597495944
10.098732998867883,10.111892537308574,0.09873299886788288,0.11189253730857368
10.098786780626881,10.109348033443924,0.09878678062688134,0.10934803344392312
10.098839402994098,10.09154931158351,0.09883940299409788,0.09154931158350917
10.09889086535194,10.10664818979291,0.09889086535194029,0.10664818979291028
10.09894116709643,10.101220315590785,0.09894116709643067,0.10122031559078555
10.098990307637212,10.067769416604017,0.0989903076372124,0.06776941660401764
10.099038286397557,10.138243790014497,0.09903828639755712,0.13824379001449702
10.09908510281437,10.115409051269223,0.09908510281437144,0.11540905126922345
10.099130756338203,10.137196097227154,0.09913075633820366,0.1371960972271546
10.09917524643325,10.092135904776582,0.09917524643325007,0.09213590477658182
10.099218572577362,10.069488044346604,0.09921857257736136,0.06948804434660426
10.09926073426205,10.055271433877818,0.09926073426204868,0.05527143387781799
10.09930173099249,10.108502729708508,0.09930173099248966,0.10850272970850813
10.099341562287535,10.110101622525445,0.09934156228753416,0.11010162252544499
10.09938022767971,10.108874336653034,0.09938022767970994,0.10887433665303417
10.099417726715227,10.124029637854832,0.09941772671522818,0.12402963785483218
10.099454058953988,10.095625373576087,0.09945405895398877,0.09562537357608805
10.099489223969586,10.113916261298684,0.09948922396958547,0.11391626129868455
10.099523221349312,10.121820788011496,0.09952322134931094,0.12182078801149522
10.099556050694162,10.109536609345794,0.09955605069416154,0.10953660934579307
10.099587711618842,10.115031971062695,0.09958771161884211,0.11503197106269497
10.09961820375177,10.077077075038762,0.09961820375177034,0.07707707503876166
10.099647526735081,10.063361259615624,0.09964752673508129,0.06336125961562454
10.099675680224632,10.081126558245604,0.09967568022463147,0.08112655824560355
10.099702663890003,10.098623393259231,0.09970266389000294,0.09862339325923135
10.099728477414507,10.147505503856427,0.09972847741450719,0.14750550385642802
10.099753120495189,10.113189058718486,0.09975312049518881,0.11318905871848553
10.09977659284283,10.04769444014827,0.0997765928428291,0.047694440148268916
10.09979889418195,10.12265313104403,0.09979889418194943,0.12265313104403104
10.099820024250814,10.080677526972453,0.09982002425081446,0.08067752697245231
10.099839982801436,10.07639719013255,0.0998399828014353,0.07639719013254985
10.099858769599573,10.104323641298572,0.09985876959957228,0.1043236412985717
10.099876384424737,10.09810489581056,0.09987638442473783,0.09810489581056
10.0998928270702,10.080641759341821,0.09989282707019896,0.08064175934182086
10.09990809734298,10.093537656455569,0.0999080973429798,0.09353765645556822
10.099922195063863,10.09783392447263,0.09992219506386377,0.09783392447262941
10.099935120067396,10.129442457753754,0.09993512006739569,0.12944245775375463
10.099946872201883,10.095541959805477,0.09994687220188381,0.09554195980547722
10.099957451329402,10.083646219571698,0.09995745132940148,0.08364621957169838
10.09996685732579,10.099152025422518,0.09996685732578883,0.09915202542251773
10.099975090080655,10.074118252335081,0.09997509008065424,0.07411825233508194
10.099982149497375,10.082195546284087,0.09998214949737555,0.08219554628408743
10.099988035493102,10.106360891983199,0.09998803549310133,0.1063608919831994
10.099992747998751,10.10441789241787,0.09999274799875171,0.10441789241786846
10.09999628695902,10.0904637980427,0.09999628695901931,0.09046379804270027
10.09999865233237,10.072539542916704,0.09999865233236982,0.07253954291670364
10.099999844091043,10.100276131713121,0.09999984409104246,0.10027613171312212
10.09999986222105,10.078780411572351,0.09999986222105041,0.07878041157235219
10.09999870672218,10.093490834247323,0.09999870672218089,0.09349083424732205
10.099996377607996,10.110859359144618,0.09999637760799518,0.11085935914461816
10.099992874905828,10.067339418626993,0.09999287490582849,0.0673394186269923
10.09998819865679,10.158912477312418,0.0999881986567896,0.15891247731241726
10.099982348915761,10.072953078866457,0.09998234891576036,0.0729530788664567
10.099975325751394,10.115215166340127,0.09997532575139516,0.11521516634012591
10.09996712924612,10.096656060688355,0.09996712924611996,0.09665606068835494
10.099957759496132,10.1333351430416,0.09995775949613148,0.13333514304160035
10.099947216611396,10.0850559808262,0.09994721661139594,0.08505598082619865
10.099935500715647,10.073031922027493,0.09993550071564786,0.07303192202749287
10.099922611946388,10.119855734381376,0.09992261194638856,0.11985573438137644
10.099908550454884,10.096409632825246,0.09990855045488456,0.09640963282524559
10.099893316406165,10.108453470795574,0.09989331640616583,0.10845347079557477
10.099876909979024,10.093386912582417,0.0998769099790238,0.09338691258241819
10.099859331366009,10.032562810016298,0.09985933136600932,0.03256281001629849
10.09984058077343,10.073909968523331,0.09984058077343033,0.0739099685233317
10.099820658421349,10.110113775812488,0.0998206584213495,0.11011377581248752
10.09979956454358,10.072167380319065,0.09979956454358163,0.07216738031906463
10.099777299387691,10.13011890608396,0.09977729938769093,0.13011890608395882
10.099753863214987,10.088201059156901,0.09975386321498804,0.08820105915690213
10.099729256300527,10.094980148209597,0.09972925630052702,0.09498014820959712
10.099703478933103,10.030567274812364,0.09970347893310214,0.030567274812363834
10.099676531415245,10.066062876839327,0.09967653141524443,0.06606287683932649
10.099648414063218,10.112484337275141,0.09964841406321819,0.11248433727514193
10.099619127207017,10.090514190269033,0.09961912720701722,0.09051419026903272
10.09958867119036,10.10185485937829,0.09958867119036102,0.10185485937829103
10.099557046370691,10.11176063924039,0.09955704637069067,0.11176063924039067
10.099524253119165,10.107837252456527,0.09952425311916469,0.10783725245652764
10.099490291820654,10.087382250455372,0.0994902918206547,0.08738225045537154
10.09945516287374,10.105648537376869,0.09945516287374086,0.10564853737686901
10.099418866690707,10.087321431138827,0.09941886669070718,0.08732143113882784
10.099381403697537,10.08866000726165,0.09938140369753674,0.08866000726165063
10.099342774333907,10.086506523373075,0.09934277433390667,0.08650652337307453
10.099302979053183,10.093122689799676,0.09930297905318294,0.09312268979967554
10.099262018322415,10.099295770529706,0.0992620183224151,0.09929577052970498
10.099219892622331,10.0526264465122,0.0992198926223308,0.05262644651219948
10.09917660244733,10.080540593794748,0.09917660244733008,0.08054059379474791
10.099132148305479,10.13042414575493,0.09913214830547964,0.1304241457549289
10.099086530718507,10.08044416721466,0.09908653071850684,0.08044416721466048
10.099039750221793,10.101041800781246,0.09903975022179362,0.10104180078124553
10.09899180736437,10.101583148886428,0.09899180736437012,0.10158314888642775
10.098942702708909,10.119455420726915,0.09894270270890833,0.11945542072691506
10.098892436831715,10.102389200494482,0.0988924368317155,0.1023892004944821
10.098841010322728,10.10184261942345,0.09884101032272727,0.10184261942345045
10.098788423785502,10.126218446138106,0.09878842378550082,0.1262184461381064
10.098734677837207,10.087648338130435,0.09873467783720781,0.08764833813043547
10.098679773108627,10.060566496828981,0.09867977310862708,0.0605664968289812
10.098623710244137,10.126952534317189,0.09862371024413723,0.12695253431718811
10.098566489901708,10.085523406617536,0.09856648990170917,0.08552340661753685
10.098508112752898,10.063168694939327,0.09850811275289828,0.06316869493932672
10.098448579482836,10.102427500665954,0.09844857948283658,0.1024275006659539
10.098387890790224,10.135500135500992,0.09838789079022468,0.13550013550099152
10.098326047387324,10.123866976955457,0.09832604738732359,0.12386697695545704
10.098263049999947,10.10717686765097,0.09826304999994633,0.10717686765097127
10.09819889936745,10.09669383927969,0.09819889936744944,0.0966938392796899
10.098133596242725,10.095499239818492,0.09813359624272434,0.09549923981849158
10.098067141392189,10.079880746934192,0.0980671413921884,0.07988074693419134
10.097999535595775,10.097367671511858,0.09799953559577601,0.09736767151185864
10.09793077964693,10.127465518687266,0.09793077964692941,0.12746551868726644
10.09786087435259,10.084647137310764,0.09786087435258937,0.08464713731076469
10.097789820533185,10.128894451562337,0.09778982053318579,0.12889445156233634
10.097717619022628,10.08940855134719,0.09771761902262789,0.08940855134719113
10.097644270668294,10.11049762169197,0.09764427066829467,0.11049762169196925
10.097569776331024,10.079487361374616,0.09756977633102476,0.07948736137461594
10.097494136885107,10.107346479449754,0.09749413688510644,0.10734647944975455
10.097417353218267,10.088822714430197,0.09741735321826729,0.08882271443019778
10.097339426231663,10.097826696770444,0.09733942623166386,0.09782669677044424
10.097260356839872,10.110461240206545,0.097260356839871,0.11046124020654517
10.09718014597087,10.055080230821945,0.09718014597087123,0.055080230821945755
10.097098794566044,10.124926860197919,0.09709879456604376,0.1249268601979185
10.097016303580153,10.087358029610794,0.09701630358015347,0.08735802961079306
10.096932673981339,10.129307485418494,0.09693267398133976,0.12930748541849393
10.096847906751105,10.086416528425143,0.09684790675110505,0.08641652842514366
10.096762002884303,10.121793800356118,0.09676200288430346,0.12179380035611687
10.096674963389129,10.084953852316763,0.09667496338912894,0.08495385231676425
10.096586789287104,10.083974911992474,0.09658678928710356,0.08397491199247357
10.096497481613065,10.10477035463045,0.09649748161306544,0.1047703546304494
10.096407041415157,10.12305191505431,0.09640704141515671,0.12305191505431036
10.096315469754812,10.114321510755772,0.09631546975481109,0.1143215107557726
10.096222767706742,10.116544944767297,0.09622276770674153,0.11654494476729627
10.096128936358928,10.07558394246465,0.09612893635892751,0.07558394246465004
10.096033976812603,10.112219059692704,0.09603397681260237,0.1122190596927033
10.09593789018224,10.074047464589757,0.09593789018224029,0.07404746458975796
10.095840677595543,10.083013882209363,0.09584067759554325,0.08301388220936225
10.095742340193429,10.119018466278531,0.09574234019342782,0.11901846627853116
10.095642879130011,10.08964074487467,0.09564287913001175,0.08964074487466923
10.095542295572601,10.061811289163002,0.09554229557260041,0.06181128916300195
10.095440590701672,10.088848361879428,0.0954405907016731,0.08884836187942889
10.09533776571087,10.094167045377958,0.0953377657108692,0.09416704537795714
10.095233821806975,10.099230268596537,0.09523382180697415,0.09923026859653669
10.095128760209905,10.099046363092445,0.0951287602099053,0.0990463630924444
10.095022582152698,10.101843868081838,0.0950225821526976,0.10184386808183814
10.09491528888149,10.10120099899153,0.0949152888814891,0.1012009989915304
10.094806881655506,10.04708018155906,0.09480688165550638,0.04708018155906085
10.09469736174705,10.127797289462755,0.09469736174704965,0.127797289462756
10.094586730441478,10.08805153169736,0.094586730441478,0.0880515316973603
10.094474989037193,10.107323998351205,0.09447498903719415,0.10732399835120462
10.094362138845629,10.088399227434007,0.09436213884562929,0.08839922743400651
10.094248181191228,10.076649592627072,0.09424818119122769,0.07664959262707256
10.094133117411431,10.070942944643786,0.09413311741143111,0.0709429446437856
10.094016948856662,10.098913974519256,0.0940169488566632,0.09891397451925515
10.093899676890313,10.11044488046668,0.09389967689031352,0.1104448804666806
10.093781302888722,10.081411381921116,0.09378130288872162,0.08141138192111613
10.09366182824116,10.106503723458445,0.09366182824116091,0.10650372345844433
10.093541254349823,10.068190373593286,0.09354125434982224,0.06819037359328527
10.093419582629798,10.084196260772048,0.09341958262979762,0.08419626077204762
10.093296814509063,10.115486465899963,0.09329681450906342,0.1154864658999625
10.093172951428464,10.068138233803854,0.09317295142846377,0.0681382338038534
10.093047994841694,10.079818192847654,0.09304799484169353,0.07981819284765355
10.09292194621528,10.092729303429032,0.09292194621528133,0.09272930342903093
10.092794807028572,10.10021653848205,0.09279480702857225,0.10021653848205003
10.092666578773711,10.08027515046164,0.0926665787737106,0.08027515046163981
10.092537262955622,10.091679961796524,0.09253726295562226,0.09167996179652503
10.092406861091996,10.12159822021186,0.09240686109199711,0.12159822021185919
10.092275374713271,10.11498647069363,0.09227537471327119,0.11498647069363001
10.09214280536261,10.1196503253881,0.09214280536260873,0.11965032538809978
10.092009154595884,10.077988256612223,0.09200915459588405,0.07798825661222324
10.091874423981663,10.101193694515146,0.09187442398166332,0.1011936945151461
10.091738615101185,10.106570767850746,0.09173861510118611,0.10657076785074614
10.091601729548346,10.080454140211312,0.09160172954834685,0.08045414021131318
10.091463768929676,10.127062260864967,0.09146376892967613,0.12706226086496689
10.091324734864322,10.088743484967505,0.09132473486432185,0.08874348496750538
10.09118462898403,10.096800236002291,0.09118462898403018,0.09680023600229098
10.091043452933127,10.08811493288127,0.09104345293312648,0.0881149328812699
10.090901208368496,10.107730679590313,0.09090120836849591,0.10773067959031343
10.090757896959564,10.079445205518775,0.09075789695956407,0.0794452055187756
10.090613520388278,10.113132191231609,0.09061352038827739,0.11313219123160792
10.090468080349083,10.077903539690903,0.09046808034908327,0.07790353969090244
10.09032157854891,10.103546702392523,0.09032157854891042,0.10354670239252205
10.090174016707149,10.097806638541597,0.09017401670714859,0.09780663854159684
10.090025396555628,10.097886285127744,0.09002539655562859,0.09788628512774473
10.089875719838602,10.06388902171461,0.08987571983860183,0.0638890217146096
10.08972498831272,10.114225644574057,0.08972498831271991,0.11422564457405669
10.089573203747014,10.12371859296621,0.08957320374701397,0.12371859296620966
10.089420367922873,10.071688363234149,0.08942036792287397,0.07168836323414797
10.089266482634027,10.121522774798137,0.08926648263402776,0.12152277479813822
10.08911154968652,10.070998938082724,0.08911154968651996,0.07099893808272384
10.08895557089869,10.079652267433243,0.08895557089869098,0.07965226743324288
10.088798548101156,10.097929194681376,0.08879854810115535,0.09792919468137529
10.08864048313678,10.108995873977127,0.08864048313678057,0.10899587397712743
10.088481377860665,10.083025500056909,0.0884813778606652,0.08302550005690948
10.088321234140118,10.073269206367392,0.08832123414011733,0.07326920636739195
10.088160053854633,10.085611620972351,0.08816005385463249,0.08561162097235046
10.087997838895872,10.09017009579086,0.08799783889587166,0.09017009579086065
10.087834591167638,10.076587413470548,0.08783459116763905,0.0765874134705485
10.08767031258586,10.091821874508527,0.08767031258585979,0.09182187450852662
10.087505005078558,10.068249212935465,0.08750500507855741,0.0682492129354647
10.087338670585831,10.054633786921512,0.08733867058583122,0.0546337869215121
10.087171311059834,10.05968222228115,0.08717131105983358,0.05968222228114968
10.087002928464747,10.061035652938141,0.08700292846474689,0.06103565293814195
10.086833524776761,10.070698958170778,0.08683352477676061,0.07069895817077762
10.086663101984048,10.086575047193879,0.08666310198404814,0.08657504719387826
10.086491662086743,10.091451128750371,0.0864916620867433,0.0914511287503719
10.086319207096917,10.095223765706459,0.08631920709691702,0.0952237657064581
10.086145739038553,10.101178060857698,0.08614573903855366,0.10117806085769912
10.085971259947527,10.078010398421936,0.08597125994752725,0.07801039842193547
10.085795771871577,10.096447388881673,0.08579577187157758,0.09644738888167234
10.085619276870286,10.082604386776575,0.08561927687028625,0.08260438677657464
10.085441777015053,10.09293365171955,0.08544177701505244,0.09293365171955015
10.085263274389069,10.096719498231424,0.08526327438906851,0.09671949823142406
10.085083771087296,10.100236440285196,0.08508377108729577,0.10023644028519565
10.08490326921644,10.06556200973982,0.08490326921643969,0.06556200973981888
10.084721770894925,10.095220584427693,0.08472177089492526,0.09522058442769366
10.084539278252873,10.075650721463068,0.08453927825287215,0.07565072146306837
10.084355793432069,10.078990663630941,0.08435579343206963,0.0789906636309415
10.084171318585952,10.055247647524515,0.08417131858595153,0.05524764752451565
10.08398585587957,10.087941022403891,0.08398585587957089,0.08794102240389105
10.083799407489575,10.080243590812309,0.0837994074895746,0.08024359081230924
10.083611975604178,10.084819727180207,0.08361197560417781,0.08481972718020676
10.083423562423139,10.068909227027712,0.08342356242313831,0.06890922702771142
10.08323417015773,10.089282347388172,0.08323417015773059,0.08928234738817316
10.08304380103072,10.09476321498093,0.08304380103072007,0.09476321498092967
10.082852457276337,10.13123678800771,0.08285245727633687,0.13123678800771005
10.08266014114025,10.04409351044867,0.08266014114024965,0.04409351044867085
10.08246685487954,10.094136564422497,0.08246685487953921,0.0941365644224962
10.082272600762671,10.082039989174158,0.08227260076267208,0.08203998917415689
10.082077381069475,10.084552668626435,0.08207738106947378,0.0845526686264345
10.081881198091102,10.091144309149717,0.08188119809110217,0.09114430914971751
10.08168405413002,10.071845187427545,0.08168405413002051,0.07184518742754507
10.081485951499971,10.101288954768092,0.08148595149997048,0.10128895476809155
10.081286892525945,10.070229266050092,0.0812868925259449,0.07022926605009239
10.081086879544161,10.076644856615406,0.0810868795441606,0.07664485661540543
10.080885914902032,10.068179291462705,0.08088591490203095,0.06817929146270454
10.080684000958138,10.086118905204064,0.08068400095813826,0.08611890520406451
10.080481140082206,10.080218675001433,0.08048114008220615,0.08021867500143276
10.080277334655072,10.081308847550904,0.08027733465507172,0.0813088475509043
10.080072587068658,10.064025807575032,0.08007258706865764,0.06402580757503165
10.079866899725944,10.100310032877838,0.07986689972594398,0.10031003287783698
10.07966027504094,10.108290571282467,0.07966027504094014,0.10829057128246644
10.079452715438656,10.054832181494596,0.07945271543865642,0.054832181494596344
10.079244223355076,10.054272741527214,0.07924422335507564,0.054272741527214015
10.079034801237125,10.073602490088009,0.07903480123712442,0.07360249008800834
10.078824451542644,10.063653735196036,0.07882445154264463,0.06365373519603573
10.078613176740365,10.121741162851544,0.07861317674036443,0.12174116285154378
10.078400979309869,10.099464202601904,0.0784009793098693,0.0994642026019049
10.078187861741574,10.071797458145383,0.07818786174157302,0.07179745814538221
10.077973826536688,10.091799042967459,0.07797382653668837,0.0917990429674595
10.077758876207199,10.084306382309501,0.07775887620719774,0.08430638230950063
10.077543013275823,10.083096159921727,0.07754301327582379,0.08309615992172678
10.077326240276,10.068176165368918,0.07732624027599969,0.0681761653689187
10.077108559751839,10.074815369165984,0.07710855975183949,0.07481536916598465
10.076889974258108,10.107166506439645,0.07688997425810816,0.10716650643964576
10.076670486360191,10.046238004627906,0.07667048636019172,0.046238004627905775
10.076450098634067,10.07285523890681,0.0764500986340671,0.07285523890680914
10.076228813666273,10.028751750015061,0.07622881366627184,0.02875175001506148
10.076006634053874,10.118440221384468,0.07600663405387381,0.1184402213844675
10.07578356240444,10.072368117368582,0.07578356240444067,0.07236811736858227
10.075559601336009,10.069210344611843,0.07555960133600936,0.06921034461184225
10.075334753477055,10.045264678293682,0.07533475347705526,0.045264678293682
10.075109021466462,10.037731136174935,0.07510902146646142,0.037731136174936036
10.074882407953487,10.12048795518796,0.07488240795348751,0.12048795518796018
10.074654915597739,10.093189381481453,0.07465491559773889,0.09318938148145396
10.074426547069136,10.053782828803904,0.07442654706913515,0.053782828803903074
10.074197305047878,10.080164382062383,0.07419730504787903,0.08016438206238355
10.073967192224424,10.054747316627676,0.07396719222442476,0.054747316627675915
10.073736211299448,10.08557819102623,0.07373621129944663,0.08557819102622864
10.073504364983807,10.073518671763592,0.07350436498380723,0.07351867176359235
10.073271655998525,10.100980844420544,0.07327165599852557,0.10098084442054472
10.073038087074746,10.069926549886441,0.07303808707474532,0.06992654988644169
10.072803660953703,10.123986804594065,0.07280366095370255,0.12398680459406512
10.072568380386693,10.102847923551424,0.07256838038669375,0.10284792355142414
10.072332248135043,10.045652886191323,0.0723322481350434,0.04565288619132281
10.072095266970072,10.083125658076746,0.07209526697007154,0.08312565807674607
10.071857439673062,10.112029634070593,0.07185743967306145,0.11202963407059305
10.071618769035227,10.07800456249963,0.07161876903522679,0.07800456249963157
10.071379257857679,10.038167924417245,0.07137925785767897,0.03816792441724384
10.071138908951394,10.071920329355804,0.07113890895139417,0.07192032935580323
10.070897725137181,10.089525134765916,0.0708977251371805,0.08952513476591517
10.070655709245644,10.07998898239406,0.07065570924564471,0.0799889823940597
10.07041286411716,10.06389811722413,0.07041286411715912,0.06389811722413125
10.070169192601828,10.07397169517823,0.0701691926018282,0.0739716951782294
10.069924697559456,10.072689176524328,0.06992469755945517,0.07268917652432809
10.069679381859508,10.082686671208675,0.06967938185950845,0.0826866712086749
10.069433248381088,10.053550489429044,0.06943324838108782,0.05355048942904357
10.069186300012891,10.067661705710309,0.06918630001289086,0.0676617057103099
10.068938539653178,10.05174316177005,0.06893853965317896,0.0517431617700507
10.068689970209743,10.09281148162674,0.06868997020974323,0.0928114816267391
10.06844059459987,10.071889413245758,0.06844059459987045,0.07188941324575789
10.068190415750308,10.103822878003175,0.06819041575030886,0.10382287800317518
10.067939436597234,10.01769432198169,0.0679394365972337,0.01769432198168947
10.067687660086213,10.108968662297464,0.06768766008621284,0.10896866229746469
10.067435089172172,10.06765669228308,0.06743508917217221,0.06765669228308012
10.067181726819362,10.074127714348803,0.06718172681936108,0.07412771434880366
10.066927576001317,10.075930459367127,0.06692757600131731,0.07593045936712793
10.066672639700831,10.041543057807788,0.06667263970083231,0.04154305780778854
10.066416920909916,10.0587555141599,0.06641692090991633,0.05875551415990081
10.066160422629762,10.059507303213094,0.06616042262976303,0.05950730321309439
10.065903147870715,10.045352623146677,0.06590314787071448,0.045352623146676305
10.065645099652226,10.044139413196346,0.06564509965222567,0.04413941319634601
10.06538628100283,10.077494594251098,0.06538628100282923,0.07749459425109816
10.0651266949601,10.082642131820796,0.06512669496009972,0.08264213182079512
10.064866344570618,10.101321833142737,0.0648663445706181,0.10132183314273738
10.064605232889935,10.050094803048026,0.06460523288993596,0.05009480304802605
10.06434336298254,10.034251802722265,0.0643433629825396,0.034251802722265384
10.064080737921815,10.052679996540105,0.06408073792181407,0.052679996540104454
10.063817360790008,10.096616631443137,0.0638173607900072,0.0966166314431362
10.063553234678194,10.054105253353224,0.06355323467819332,0.05410525335322489
10.063288362686237,10.026418875427202,0.06328836268623703,0.026418875427201727
10.063022747922757,10.038649196652003,0.06302274792275679,0.03864919665200259
10.062756393505088,10.047528737212328,0.06275639350508846,0.04752873721232881
10.062489302559248,10.065053250235055,0.062489302559248706,0.06505325023505532
10.062221478219898,10.03547653703232,0.062221478219898346,0.03547653703232032
10.061952923630306,10.039339874065524,0.06195292363030546,0.03933987406552411
10.06168364194231,10.053032292235093,0.061683641942308624,0.05303229223509252
10.06141363631628,10.019573114738707,0.06141363631627988,0.01957311473870655
10.061142909921088,10.082196171968969,0.06114290992108752,0.08219617196896822
10.06087146593406,10.078060894144231,0.060871465934059114,0.07806089414423209
10.060599307540944,10.105607796807096,0.06059930754094406,0.10560779680709564
10.060326437935876,10.06025056736023,0.060326437935876255,0.06025056736023011
10.060052860321337,10.051828538578958,0.0600528603213366,0.05182853857895867
10.059778577908116,10.066125606957534,0.059778577908115395,0.0661256069575349
10.059503593915275,10.07351719354864,0.05950359391527469,0.07351719354863946
10.05922791157011,10.071712925034479,0.059227911570110495,0.07171292503447825
10.058951534108115,10.057989286998641,0.05895153410811485,0.05798928699864039
10.058674464772938,10.06893169630707,0.05867446477293799,0.06893169630706943
10.05839670681635,10.077102127454438,0.058396706816350036,0.07710212745443873
10.058118263498203,10.088440839966179,0.05811826349820309,0.08844083996617827
10.057839138086393,10.04557987925213,0.0578391380863929,0.04557987925213039
10.05755933385682,10.045679042151232,0.057559333856820355,0.04567904215123082
10.057278854093353,10.063472752473809,0.05727885409335324,0.063472752473808
10.056997702087788,10.077255481280574,0.05699770208778761,0.07725548128057314
10.056715881139809,10.047308759677405,0.056715881139809105,0.04730875967740379
10.056433394556954,10.030373002983428,0.056433394556954335,0.03037300298342735
10.056150245654573,10.073735597262571,0.05615024565457197,0.07373559726257103
10.055866437755784,10.065433084760253,0.055866437755783864,0.06543308476025317
10.055581974191446,10.08298182931448,0.055581974191446115,0.08298182931448
10.05529685830011,10.06102695677763,0.055296858300109775,0.06102695677763037
10.055011093427982,10.049607635977365,0.05501109342798194,0.04960763597736531
10.054724682928887,10.039953321988685,0.054724682928886284,0.039953321988684426
10.054437630164223,10.07076685675227,0.05443763016422376,0.07076685675226915
10.054149938502933,10.057947163170175,0.05414993850293315,0.057947163170174384
10.053861611321452,10.044354669036144,0.053861611321451536,0.044354669036143185
10.053572652003675,10.057532076147792,0.053572652003674615,0.057532076147792564
10.053283063940917,10.055580781995255,0.05328306394091708,0.05558078199525559
10.052992850531872,10.039459117662261,0.05299285053187273,0.0394591176622609
10.052702015182575,10.015818717979784,0.05270201518257468,0.015818717979782806
10.052410561306354,10.064480501464551,0.05241056130635521,0.0644805014645508
10.052118492323807,10.011118949715101,0.052118492323805915,0.011118949715100794
10.051825811662738,10.055406137648822,0.051825811662737434,0.05540613764882096
10.051532522758139,10.077148874444397,0.05153252275813926,0.07714887444439712
10.05123862905214,10.07139232865752,0.05123862905213942,0.07139232865752057
10.050944133993964,10.057219477613954,0.05094413399396407,0.05721947761395378
10.050649041039897,10.034435695157441,0.050649041039897015,0.03443569515744043
10.05035335365324,10.015446913642233,0.050353353653239154,0.015446913642232142
10.050057075304268,10.040226681240473,0.05005707530426782,0.04022668124047249
10.049760209470197,10.041110586317606,0.04976020947019606,0.04111058631760503
10.049462759635132,10.027852715286107,0.04946275963513188,0.027852715286106146
10.049164729290037,10.040233389167996,0.049164729290037165,0.04023338916799692
10.048866121932686,10.076263422427067,0.048866121932686975,0.07626342242706671
10.048566941067628,10.026372890523266,0.04856694106762831,0.026372890523266457
10.04826719020614,10.057527428403196,0.04826719020613903,0.057527428403196426
10.047966872866187,10.052823489077973,0.047966872866186665,0.052823489077972616
10.047665992572387,10.038425186205894,0.04766599257238708,0.038425186205893684
10.047364552855964,10.057032926373363,0.04736455285596317,0.057032926373362935
10.047062557254703,10.0586179276757,0.047062557254703374,0.05861792767569999
10.046760009312921,10.044690791347778,0.04676000931292014,0.044690791347777065
10.046456912581409,10.045347651805328,0.04645691258140843,0.04534765180532806
10.046153270617404,10.067054874954694,0.046153270617403826,0.06705487495469471
10.045849086984541,10.05684953530918,0.04584908698454105,0.056849535309179175
10.045544365252812,10.034373153929188,0.04554436525281198,0.03437315392918762
10.045239108998524,10.046531360533777,0.04523910899852379,0.04653136053377642
10.044933321804256,10.067125989954988,0.04493332180425695,0.06712598995498727
10.044627007258823,10.028137799200012,0.04462700725882324,0.02813779920001258
10.044320168957224,10.05649088901083,0.04432016895722355,0.05649088901082898
10.044012810500606,10.056515240531352,0.04401281050060577,0.05651524053135246
10.043704935496223,10.065342189025294,0.04370493549622248,0.06534218902529383
10.04339654755739,10.05460539237261,0.043396547557388615,0.05460539237260968
10.04308765030344,10.03723430500555,0.04308765030343909,0.03723430500554993
10.042778247359687,10.041866642751257,0.04277824735968622,0.041866642751256664
10.042468342357378,10.020292081348549,0.042468342357377314,0.020292081348547902
10.042157938933652,10.06702506013791,0.04215793893365201,0.06702506013791051
10.041847040731499,10.033427760830769,0.04184704073149953,0.03342776083076923
10.041535651399716,10.058561807360807,0.04153565139971598,0.0585618073608062
10.041223774592861,10.02502657478181,0.04122377459286153,0.02502657478181048
10.040911413971218,10.036017018236556,0.04091141397121747,0.036017018236557286
10.040598573200743,10.029928551037907,0.04059857320074332,0.029928551037906648
10.040285255953034,10.029617246328936,0.040285255953033755,0.029617246328935625
10.039971465905275,10.040636653906239,0.03997146590527555,0.04063665390623896
10.039657206740204,10.057823653043748,0.039657206740204426,0.05782365304374877
10.039342482146061,10.055062359585126,0.039342482146061696,0.055062359585125356
10.03902729581655,10.075927132570362,0.039027295816551205,0.0759271325703616
10.038711651450797,10.033975052512847,0.038711651450795845,0.033975052512847936
10.038395552753293,10.075893357536453,0.038395552753294135,0.07589335753645207
10.038079003433877,10.030976409884435,0.03807900343387679,0.030976409884434192
10.037762007207663,10.034515577975311,0.037762007207663144,0.034515577975311774
10.037444567795017,10.075793978518925,0.03744456779501758,0.07579397851892507
10.037126688921505,10.017968586010511,0.03712668892150584,0.017968586010510473
10.036808374317852,10.019279482034525,0.036808374317851326,0.01927948203452478
10.036489627719892,10.06110979486116,0.03648962771989134,0.061109794861159625
10.036170452868532,10.027959253546015,0.036170452868533064,0.027959253546015413
10.035850853509709,10.036416935600833,0.03585085350970992,0.03641693560083394
10.035530833394338,10.008645914663033,0.03553083339433746,0.008645914663032678
10.03521039627827,10.029376812906017,0.03521039627826934,0.02937681290601747
10.034889545922253,10.052515494155166,0.03488954592225327,0.05251549415516682
10.034568286091886,10.051666290332571,0.03456828609188686,0.05166629033257148
10.034246620557573,10.020434974039011,0.03424662055757346,0.020434974039010748
10.033924553094478,10.017030640847768,0.03392455309447786,0.017030640847768543
10.033602087482482,10.053253866242207,0.03360208748248203,0.05325386624220638
10.03327922750614,9.977713432496675,0.03327922750614072,-0.022286567503326186
10.032955976954637,10.035707246716385,0.03295597695463711,0.035707246716385366
10.032632339621738,10.038646047773819,0.032632339621738164,0.03864604777381849
10.03230831930575,10.033103760120115,0.03230831930575035,0.03310376012011512
10.031983919809475,10.049050247333291,0.0319839198094749,0.04905024733329087
10.031659144940162,10.021256665332855,0.031659144940163246,0.021256665332855557
10.031333998509472,10.049572102401577,0.03133399850947227,0.04957210240157689
10.03100848433342,10.038489343349701,0.031008484333419656,0.03848934334970025
10.03068260623234,10.023646715361524,0.030682606232339024,0.02364671536152384
10.030356368030835,9.992578960163968,0.030356368030835135,-0.007421039836031942
10.03002977355774,10.037680364320181,0.030029773557739028,0.03768036432018041
10.029702826646064,10.045472680923725,0.02970282664606306,0.04547268092372382
10.029375531132956,10.071076936713148,0.02937553113295581,0.07107693671314842
10.029047890859657,10.022087201537515,0.029047890859657262,0.022087201537514214
10.028719909671453,10.021017814959382,0.028719909671453582,0.021017814959381736
10.028391591417632,10.027927381515934,0.028391591417632006,0.027927381515932968
10.028062939951436,10.03990290994464,0.028062939951435686,0.03990290994464009
10.027733959130018,10.073395469417196,0.027733959130018443,0.07339546941719696
10.027404652814399,10.017217564545275,0.02740465281439952,0.017217564545275163
10.027075024869418,9.99705816384051,0.027075024869418263,-0.0029418361594893833
10.026745079163689,10.009957502261221,0.026745079163688748,0.00995750226122177
10.026414819569554,10.016138443319843,0.026414819569554396,0.016138443319842256
10.026084249963043,10.060839123192734,0.026084249963042552,0.06083912319273437
10.025753374223818,10.016139064117661,0.025753374223818837,0.016139064117661743
10.025422196235143,10.028839193506006,0.025422196235141872,0.02883919350600514
10.025090719883817,10.031841405635815,0.025090719883817527,0.0318414056358144
10.024758949060153,10.032849770462484,0.024758949060153336,0.03284977046248423
10.024426887657913,10.040448388855866,0.02442688765791286,0.040448388855866164
10.02409453957427,10.025587708664764,0.02409453957426998,0.025587708664764158
10.023761908709764,10.001883297990808,0.02376190870976315,0.0018832979908084899
10.02342899896825,10.02550170453254,0.023428998968249626,0.025501704532539856
10.023095814256859,10.019713390762737,0.02309581425685966,0.019713390762736295
10.02276235848595,10.041218418358476,0.02276235848595067,0.0412184183584763
10.022428635569062,10.038157032324971,0.02242863556906118,0.03815703232497154
10.022094649422865,9.99821308325977,0.022094649422865154,-0.001786916740229249
10.021760403967125,10.028221924878833,0.02176040396712585,0.028221924878833224
10.02142590312465,10.06893361219847,0.021425903124649866,0.0689336121984698
10.021091150821242,10.02571324459447,0.02109115082124109,0.02571324459447074
10.020756150985655,10.047523478630666,0.02075615098565464,0.04752347863066553
10.020420907549552,10.002561726014353,0.020420907549550737,0.0025617260143527103
10.020085424447448,10.044507786185028,0.020085424447448583,0.04450778618502716
10.01974970561668,10.020558135183238,0.019749705616680165,0.02055813518323785
10.019413754997345,10.020632090970894,0.01941375499734406,0.02063209097089419
10.01907757653226,10.029492922627071,0.019077576532259225,0.02949292262707044
10.018741174166918,10.04184055741507,0.018741174166918555,0.04184055741506989
10.018404551849443,10.025304264877963,0.018404551849442834,0.02530426487796397
10.018067713530534,10.014816018716466,0.018067713530534237,0.014816018716466053
10.01773066316343,10.020309481055277,0.01773066316342999,0.020309481055276336
10.017393404703856,9.98219820625252,0.017393404703855978,-0.017801793747480487
10.01705594210998,10.015387110903598,0.017055942109980335,0.015387110903597212
10.016718279342367,10.000874190345325,0.016718279342366967,0.00087419034532445
10.016380420363928,10.034548525168764,0.016380420363929084,0.03454852516876395
10.016042369139882,10.011995673570205,0.016042369139882683,0.01199567357020487
10.0157041296377,9.979878011951103,0.01570412963770006,-0.020121988048897404
10.015365705827064,10.010720539699177,0.015365705827063076,0.01072053969917705
10.015027101679816,10.026692498141385,0.01502710167981681,0.02669249814138468
10.014688321169922,10.00393046630356,0.014688321169922792,0.0039304663035606355
10.014349368273413,10.035087190854837,0.014349368273412395,0.03508719085483644
10.01401024696834,10.029737476175292,0.014010246968340176,0.029737476175292498
10.013670961234737,10.033666202879283,0.013670961234737183,0.03366620287928248
10.013331515054563,10.006515513243386,0.013331515054564251,0.006515513243386508
10.012991912411666,9.980017093846971,0.012991912411665259,-0.019982906153028217
10.01265215729172,10.006076737920207,0.012652157291720388,0.006076737920207679
10.012312253682198,10.02160419495247,0.01231225368219933,0.021604194952470478
10.011972205572315,9.986845323562386,0.011972205572314544,-0.013154676437614287
10.011632016952975,9.995654521558164,0.011632016952974255,-0.0043454784418365585
10.011291691816735,10.009862516691951,0.011291691816735882,0.009862516691951817
10.010951234157758,10.01940472008704,0.010951234157759003,0.01940472008704021
10.010610647971758,10.06048085141072,0.010610647971758527,0.06048085141071924
10.010269937255957,10.007887284600544,0.01026993725595779,0.007887284600544716
10.009929106009041,9.994415350860102,0.009929106009041655,-0.005584649139898144
10.009588158231109,10.032078151820485,0.009588158231109565,0.03207815182048449
10.009247097923629,9.985430762174454,0.009247097923628617,-0.014569237825544933
10.008905929089387,10.026020776137997,0.00890592908938658,0.02602077613799663
10.008564655732444,10.005035727207163,0.008564655732444934,0.005035727207162926
10.008223281858092,10.033531227836908,0.008223281858091909,0.033531227836908234
10.007881811472796,10.025868433095786,0.007881811472795305,0.025868433095786764
10.007540248584156,10.017498142341905,0.007540248584155739,0.017498142341905956
10.00719859720086,10.024845762824725,0.007198597200859427,0.024845762824725455
10.006856861332631,10.009234700665349,0.006856861332631192,0.009234700665349132
10.006515044990188,9.970348663837667,0.006515044990187394,-0.029651336162333126
10.00617315218519,9.986769408441123,0.006173152185188859,-0.013230591558875918
10.005831186930195,9.957656947329324,0.0058311869301938095,-0.042343052670675535
10.00548915323861,9.955230305250948,0.005489153238610755,-0.04476969474905136
10.00514705512465,10.033685037879202,0.005147055124651404,0.03368503787920297
10.004804896603284,10.01990574676363,0.004804896603283586,0.019905746763630543
10.004462681690184,10.003686766470784,0.004462681690183959,0.003686766470784371
10.004120414401692,9.976890342743754,0.004120414401691144,-0.023109657256246044
10.003778098754758,9.998332573077903,0.0037780987547584113,-0.0016674269220969579
10.003435738766907,9.98521741756198,0.0034357387669065815,-0.014782582438020306
10.003093338456177,10.036626481286449,0.0030933384561768716,0.036626481286448784
10.002750901841084,9.985514330053523,0.002750901841083743,-0.01448566994647696
10.002408432940568,10.001768642025658,0.002408432940567734,0.0017686420256574093
10.002065935773949,9.991316469890267,0.002065935773948295,-0.00868353010973397
10.001723414360876,10.013535674171594,0.001723414360876616,0.013535674171593726
10.001380872721288,9.998592661851633,0.001380872721288452,-0.001407338148366673
10.001038314875357,10.045403722413432,0.0010383148753569848,0.04540372241343169
10.000695744843446,10.019835362905681,0.0006957448434454676,0.019835362905681934
10.000353166646061,10.034135480262021,0.0003531666460603038,0.03413548026202184
10.000010584303803,9.975249258813305,1.058430380368548e-05,-0.02475074118669543
9.999668001837327,9.9750150321912,-0.00033199816267354994,-0.02498496780879978
9.999325423267281,10.004130153384565,-0.0006745767327191071,0.00413015338456593
9.998982852614274,9.996101442949854,-0.0010171473857264204,-0.0038985570501453033
9.998640293898818,10.032617964279952,-0.001359706101181841,0.03261796427995137
9.998297751141289,10.023955000173029,-0.0017022488587118225,0.023955000173028086
9.99795522836187,9.999898052891334,-0.002044771638130106,-0.00010194710866678436
9.997612729580515,9.973820232985785,-0.002387270419484858,-0.02617976701421519
9.997270258816894,9.973908287558423,-0.0027297411831060246,-0.0260917124415762
9.996927820090347,10.004520194245615,-0.0030721799096522463,0.004520194245614994
9.996585417419842,9.944028477738232,-0.003414582580158202,-0.055971522261768394
9.996243054823918,9.997656446375007,-0.003756945176081739,-0.002343553624992648
9.99590073632065,10.010505309068227,-0.004099263679351027,0.010505309068226587
9.995558465927589,10.025296711670027,-0.0044415340724117255,0.02529671167002768
9.995216247661725,9.98826231226439,-0.004783752338274126,-0.01173768773561026
9.99487408553944,10.004951183719484,-0.005125914460560305,0.004951183719483713
9.994531983576449,9.99952083588415,-0.005468016423551253,-0.0004791641158496335
9.994189945787767,10.00818501020763,-0.00581005421223401,0.00818501020763008
9.99384797618765,10.016114452440267,-0.006152023812348743,0.016114452440265978
9.993506078789563,9.99601488091332,-0.0064939212104360294,-0.003985119086679929
9.993164257606116,10.015283664614161,-0.006835742393883702,0.015283664614161023
9.992822516649026,10.013350023051888,-0.007177483350974116,0.013350023051889204
9.992480859929069,9.993743374504628,-0.007519140070931187,-0.006256625495371919
9.992139291456033,9.994349828006982,-0.00786070854396746,-0.005650171993017891
9.99179781523867,10.013872576481248,-0.00820218476133118,0.01387257648124766
9.991456435284647,9.987219890873737,-0.008543564715353327,-0.012780109126263813
9.991115155600506,10.00008929264737,-0.008884844399494659,8.929264736981697e-05
9.990773980191607,9.99108741827148,-0.009226019808392728,-0.008912581728519267
9.990432913062092,9.9852314607742,-0.009567086937908857,-0.014768539225799862
9.990091958214824,9.981888693790925,-0.009908041785175292,-0.018111306209075133
9.989751119651357,9.985915163882364,-0.010248880348641928,-0.01408483611763665
9.989410401371877,9.986649923282862,-0.01058959862812345,-0.013350076717138455
9.989069807375154,9.985825132609634,-0.010930192624846229,-0.01417486739036583
9.988729341658505,9.990859255456993,-0.011270658341495255,-0.009140744543006696
9.98838900821774,10.002260413871713,-0.011610991782261056,0.0022604138717138202
9.988048811047113,9.97132164764101,-0.01195118895288659,-0.028678352358989304
9.987708754139286,10.00383629707963,-0.012291245860714117,0.0038362970796291737
9.987368841485267,10.009845841455366,-0.012631158514732073,0.009845841455366152
9.987029077074379,9.999950069150804,-0.01297092292562189,-4.993084919589254e-05
9.986689464894194,9.991256176316027,-0.013310535105804792,-0.008743823683973377
9.986350008930511,9.968845729993921,-0.013649991069488757,-0.03115427000607958
9.986010713167286,9.986631029507961,-0.013989286832715034,-0.013368970492039401
9.985671581586596,10.00260650249142,-0.014328418413405083,0.0026065024914185657
9.985332618168593,9.971145995335432,-0.014667381831407256,-0.028854004664568427
9.984993826891456,9.980447930094657,-0.015006173108543512,-0.019552069905343722
9.984655211731344,9.982605342302506,-0.01534478826865611,-0.01739465769749409
9.984316776662345,10.013847800771345,-0.015683223337654272,0.0138478007713451
9.98397852565644,9.985204354529698,-0.016021474343560823,-0.014795645470301773
9.983640462683441,9.997311038415738,-0.016359537316558814,-0.0026889615842617277
9.983302591710961,9.974246043741958,-0.016697408289038058,-0.025753956258041735
9.982964916704358,9.978025126436902,-0.017035083295641875,-0.0219748735630969
9.982627441626686,9.983942985393188,-0.017372558373313373,-0.01605701460681217
9.982290170438658,9.9564974595027,-0.01770982956134213,-0.04350254049730124
9.981953107098589,9.97635706143526,-0.018046892901410632,-0.02364293856474008
9.98161625556236,9.979814427371986,-0.018383744437640733,-0.02018557262801379
9.98127961978336,9.948910721524328,-0.01872038021664009,-0.0510892784756717
9.980943203712451,9.98910970847946,-0.01905679628754854,-0.010890291520541396
9.980607011297916,9.977160379295164,-0.019392988702084488,-0.02283962070483617
9.98027104648541,10.00366972131799,-0.01972895351459123,0.0036697213179906867
9.979935313217917,9.986385769304139,-0.020064686782083285,-0.01361423069586051
9.979599815435707,10.009218771439532,-0.0204001845642926,0.009218771439531502
9.979264557076284,9.988009714812767,-0.02073544292371498,-0.01199028518723367
9.978929542074344,9.979267676866764,-0.02107045792565604,-0.02073232313323557
9.978594774361722,9.962360048780056,-0.021405225638277556,-0.037639951219944054
9.978260257867356,9.99453407369783,-0.021739742132643566,-0.005465926302169844
9.977925996517234,9.964949241353068,-0.022074003482766485,-0.03505075864693202
9.977591994234347,9.950048942373439,-0.022408005765653174,-0.04995105762656224
9.977258254938649,9.985075348176615,-0.022741745061350994,-0.014924651823385975
9.976924782547005,9.967677916441056,-0.023075217452993794,-0.03232208355894298
9.976591580973151,9.966488223481974,-0.0234084190268479,-0.03351177651802552
9.976258654127642,9.945988763628518,-0.023741345872358023,-0.05401123637148164
9.975926005917806,10.014990125035741,-0.024073994082193146,0.014990125035740345
9.975593640247707,9.9867335661526,-0.024406359752292522,-0.013266433847401034
9.975261561018089,10.007601819786123,-0.024738438981911255,0.007601819786122628
9.974929772126334,9.979304597622772,-0.02507022787366623,-0.02069540237722771
9.974598277466418,9.972523590050299,-0.025401722533581847,-0.027476409949700794
9.974267080928865,9.968608137761352,-0.02573291907113568,-0.03139186223864722
9.973936186400696,9.979424261194463,-0.026063813599304177,-0.020575738805537605
9.973605597765392,10.016338608702341,-0.026394402234608247,0.01633860870234162
9.973275318902841,9.979588834538129,-0.02672468109715885,-0.020411165461871786
9.972945353689298,9.97905204808365,-0.02705464631070254,-0.02094795191635022
9.972615705997333,9.983208144730366,-0.027384294002666915,-0.016791855269633997
9.972286379695793,10.01637052928088,-0.027713620304206217,0.01637052928088109
9.971957378649753,9.976056042191484,-0.028042621350246502,-0.02394395780851653
9.97162870672047,9.971064645703315,-0.028371293279531164,-0.028935354296685787
9.971300367765334,9.978620235912336,-0.02869963223466622,-0.021379764087663237
9.970972365637834,9.943974811937718,-0.02902763436216556,-0.05602518806228143
9.970644704187503,9.97004910310425,-0.029355295812496202,-0.02995089689574967
9.970317387259877,9.969805321784559,-0.02968261274012344,-0.03019467821544012
9.969990418696444,9.952652272098723,-0.030009581303555993,-0.047347727901277115
9.969663802334608,9.976823242333742,-0.03033619766539111,-0.023176757666258693
9.96933754200764,9.944332384483772,-0.03066245799235955,-0.055667615516228536
9.969011641544629,9.964167294745021,-0.030988358455370596,-0.03583270525497901
9.968686104770443,9.981838846155751,-0.031313895229557104,-0.018161153844247758
9.96836093550568,9.948280014088358,-0.03163906449432019,-0.05171998591164159
9.968036137566626,9.985443268317956,-0.0319638624333742,-0.014556731682044001
9.967711714765208,9.953358281886244,-0.032288285234791485,-0.0466417181137557
9.967387670908954,9.977758861985514,-0.032612329091047096,-0.022241138014485528
9.967064009800936,9.977293293077645,-0.032935990199063535,-0.022706706922354183
9.966740735239744,9.96507189560196,-0.033259264760255335,-0.034928104398039
9.966417851019425,9.961439347164198,-0.03358214898057366,-0.03856065283580236
9.96609536092945,9.967478456724098,-0.03390463907055086,-0.03252154327590211
9.965773268754655,9.994110384174157,-0.03422673124534483,-0.005889615825843329
9.965451578275216,9.961308152775095,-0.03454842172478368,-0.03869184722490532
9.96513029326659,9.966749578024253,-0.034869706733409805,-0.03325042197574664
9.964809417499476,9.960440221657144,-0.03519058250052437,-0.039559778342854915
9.96448895473977,9.937194146610679,-0.03551104526023152,-0.06280585338932154
9.964168908748517,9.975596073629367,-0.03583109125148259,-0.024403926370633072
9.96384928328188,9.9805903033265,-0.03615071671812022,-0.019409696673501037
9.963530082091077,9.96572545366846,-0.03646991790892247,-0.03427454633154006
9.963211308922354,9.946290041045133,-0.03678869107764683,-0.05370995895486773
9.962892967516925,9.919531288429907,-0.037107032483074176,-0.08046871157009261
9.962575061610947,9.987453459376678,-0.0374249383890527,-0.012546540623321854
9.962257594935458,9.981765508502379,-0.03774240506454171,-0.018234491497621137
9.961940571216344,9.93818427816899,-0.03805942878365557,-0.061815721831009425
9.961623994174293,9.95894601217036,-0.038376005825707195,-0.04105398782963936
9.961307867524749,9.923282980356765,-0.038692132475251884,-0.07671701964323542
9.96099219497787,9.96495154876973,-0.03900780502213088,-0.03504845123026984
9.960676980238485,9.994437354291138,-0.0393230197615149,-0.005562645708861669
9.960362227006053,9.974765922026622,-0.03963777299394765,-0.025234077973377657
9.960047938974611,9.94400295993936,-0.0399520610253892,-0.055997040060641184
9.95973411983274,9.948663431207335,-0.04026588016725939,-0.05133656879266632
9.959420773263519,9.966253702576603,-0.04057922673648106,-0.03374629742339749
9.959107902944476,9.959340840634592,-0.04089209705552328,-0.04065915936540779
9.958795512547555,9.929913230267108,-0.04120448745244466,-0.07008676973289164
9.958483605739064,9.951597667327968,-0.04151639426093621,-0.04840233267203193
9.958172186179635,9.942074606359704,-0.04182781382036449,-0.057925393640296086
9.957861257524186,9.947780519183853,-0.0421387424758146,-0.052219480816146795
9.957550823421867,9.964659271928713,-0.042449176578133026,-0.035340728071287394
9.95724088751603,9.949255189838661,-0.04275911248397047,-0.050744810161339235
9.956931453444176,9.955894142391788,-0.04306854655582463,-0.044105857608212375
9.956622524837917,9.967763650035016,-0.043377475162082874,-0.03223634996498388
9.956314105322935,9.941929375561118,-0.043685894677064886,-0.058070624438882223
9.956006198518935,9.935049787424303,-0.04399380148106517,-0.06495021257569628
9.955698808039605,9.96477760819591,-0.04430119196039555,-0.03522239180408994
9.955391937492573,9.955996479751194,-0.04460806250742771,-0.04400352024880645
9.955085590479365,9.976085099073114,-0.04491440952063527,-0.023914900926886834
9.954779770595364,9.951466820794208,-0.045220229404636283,-0.04853317920579236
9.954474481429765,9.92614379493156,-0.04552551857023532,-0.07385620506844011
9.954169726565535,9.982009969651994,-0.045830273434465656,-0.01799003034800644
9.95386550957937,9.920051019184472,-0.046134490420631245,-0.07994898081552834
9.95356183404165,9.886615828514863,-0.04643816595834879,-0.11338417148513774
9.953258703516411,9.965248825180115,-0.04674129648358956,-0.034751174819885
9.952956121561279,9.935893690694016,-0.047043878438721286,-0.06410630930598385
9.95265409172745,9.959074468417139,-0.04734590827254982,-0.0409255315828613
9.952352617559638,9.960323769369083,-0.04764738244036102,-0.03967623063091774
9.952051702596037,9.973425190486678,-0.04794829740396207,-0.026574809513322653
9.951751350368276,9.958204247209189,-0.048248649631723206,-0.04179575279081156
9.951451564401381,9.976217049263052,-0.04854843559861908,-0.02378295073694807
9.95115234821373,9.927825067629664,-0.04884765178627018,-0.0721749323703354
9.950853705317016,9.925088900385427,-0.049146294682984065,-0.07491109961457232
9.950555639216203,9.945653942976165,-0.049444360783796645,-0.054346057023835874
9.950258153409488,9.964110811914853,-0.04974184659051326,-0.03588918808514617
9.94996125138825,9.980856917615927,-0.05003874861174978,-0.019143082384073307
9.949664936637026,9.969214268849939,-0.05033506336297351,-0.030785731150061408
9.949369212633457,9.949084950736339,-0.05063078736654417,-0.05091504926366092
9.949074082848245,9.944426987306379,-0.050925917151754735,-0.0555730126936218
9.948779550745128,9.93647353571399,-0.05122044925487201,-0.0635264642860101
9.948485619780822,9.941169576099435,-0.051514380219177404,-0.0588304239005641
9.948192293404993,9.937402361748036,-0.05180770659500751,-0.0625976382519634
9.947899575060205,9.983264886271645,-0.05210042493979451,-0.016735113728355955
9.947607468181893,9.926442210182643,-0.05239253181810667,-0.07355778981735739
9.947315976198311,9.91923613750274,-0.05268402380168859,-0.08076386249725996
9.947025102530498,9.937197112869287,-0.05297489746950143,-0.06280288713071255
9.946734850592238,9.948407935246339,-0.05326514940776316,-0.051592064753661744
9.946445223790011,9.96127505744686,-0.05355477620998849,-0.03872494255313896
9.946156225522971,9.917577539693854,-0.05384377447702894,-0.08242246030614585
9.945867859182886,9.939306164852777,-0.054132140817112775,-0.060693835147222944
9.945580128154115,9.915460232826426,-0.054419871845884676,-0.08453976717357373
9.945293035813554,9.906965859365798,-0.05470696418644552,-0.09303414063420239
9.945006585530608,9.933464178432414,-0.05499341446939206,-0.06653582156758596
9.944720780667144,9.96972076736665,-0.055279219332856434,-0.030279232633348342
9.944435624577455,9.961831471882372,-0.0555643754225456,-0.038168528117627616
9.94415112060822,9.918571177754048,-0.05584887939178074,-0.08142882224595287
9.943867272098464,9.947181999027404,-0.056132727901536505,-0.05281800097259688
9.94358408237952,9.948883719670564,-0.05641591762048023,-0.05111628032943696
9.943301554774989,9.947091188357982,-0.056698445225010975,-0.05290881164201845
9.943019692600702,9.925770337088249,-0.056980307399298706,-0.07422966291175086
9.942738499164678,9.98161382091356,-0.05726150083532294,-0.018386179086440205
9.942457977767088,9.930223867905278,-0.05754202223291177,-0.06977613209472215
9.942178131700219,9.970343972693806,-0.05782186829978053,-0.029656027306194686
9.941898964248429,9.93759471002118,-0.05810103575157044,-0.0624052899788191
9.941620478688113,9.93136738759301,-0.058379521311887166,-0.06863261240699021
9.941342678287661,9.943373746510336,-0.05865732171233923,-0.056626253489664845
9.941065566307424,9.92853546767216,-0.05893443369257643,-0.07146453232783859
9.940789145999672,9.937601848562533,-0.059210854000328064,-0.06239815143746678
9.940513420608559,9.953085487222545,-0.0594865793914411,-0.04691451277745497
9.940238393370082,9.933331889510919,-0.05976160662991823,-0.06666811048908043
9.939964067512044,9.94511972556856,-0.060035932487956,-0.05488027443144004
9.939690446254017,9.932589029412833,-0.06030955374598244,-0.06741097058716693
9.939417532807305,9.908749058695859,-0.06058246719269503,-0.09125094130414149
9.939145330374902,9.945682018847082,-0.06085466962509833,-0.05431798115291889
9.938873842151459,9.946538521797422,-0.061126157848541585,-0.05346147820257892
9.938603071323243,9.937701888454166,-0.061396928676756224,-0.062298111545834034
9.938333021068107,9.92660308312909,-0.06166697893189324,-0.07339691687091103
9.93806369455544,9.96507377745397,-0.06193630544456048,-0.03492622254602944
9.93779509494614,9.916954797416043,-0.062204905053859866,-0.08304520258395698
9.937527225392575,9.938752266882538,-0.06247277460742443,-0.06124773311746092
9.937260089038544,9.906891847302878,-0.06273991096145548,-0.09310815269712125
9.936993689019241,9.89615414482452,-0.06300631098075929,-0.10384585517547998
9.936728028461216,9.907862551215953,-0.06327197153878397,-0.09213744878404714
9.936463110482343,9.912157381986859,-0.06353688951765621,-0.08784261801314124
9.936198938191783,9.941088806876452,-0.0638010618082178,-0.05891119312354727
9.935935514689938,9.925882385341593,-0.06406448531006223,-0.07411761465840669
9.93567284306843,9.935328016602643,-0.06432715693157091,-0.06467198339735733
9.93541092641005,9.921565432559454,-0.06458907358994961,-0.07843456744054536
9.935149767788735,9.930490692911306,-0.06485023221126456,-0.06950930708869474
9.934889370269522,9.9363684169485,-0.06511062973047853,-0.06363158305149934
9.934629736908514,9.90163184576256,-0.06537026309148677,-0.09836815423743914
9.934370870752847,9.912161789010153,-0.0656291292471531,-0.08783821098984793
9.934112774840655,9.925114039833373,-0.06588722515934531,-0.07488596016662735
9.933855452201028,9.952510548392073,-0.0661445477989711,-0.047489451607926655
9.933598905853987,9.927296514377375,-0.06640109414601346,-0.07270348562262609
9.933343138810434,9.909919526239557,-0.06665686118956625,-0.09008047376044283
9.93308815407213,9.946138189277526,-0.06691184592786945,-0.053861810722473355
9.932833954631656,9.979683180879126,-0.0671660453683444,-0.020316819120872853
9.93258054347237,9.920314620640442,-0.067419456527629,-0.07968537935955829
9.932327923568387,9.896958530372771,-0.06767207643161255,-0.10304146962722804
9.93207609788453,9.964190050750899,-0.06792390211547082,-0.035809949249101226
9.931825069376298,9.919921707120277,-0.06817493062370086,-0.08007829287972223
9.931574840989844,9.902249622824801,-0.06842515901015549,-0.09775037717519941
9.931325415661922,9.92873434462045,-0.06867458433807809,-0.07126565537955017
9.931076796319863,9.947411607473441,-0.06892320368013692,-0.0525883925265582
9.93082898588154,9.936571289400357,-0.06917101411845959,-0.06342871059964349
9.930581987255334,9.920897958098164,-0.06941801274466723,-0.07910204190183583
9.93033580334009,9.909732353866024,-0.06966419665990861,-0.09026764613397481
9.930090437025106,9.8993899843052,-0.06990956297489426,-0.10061001569479994
9.92984589119007,9.93495412629873,-0.07015410880993027,-0.06504587370126881
9.929602168705047,9.956300990543248,-0.07039783129495217,-0.04369900945675141
9.92935927243044,9.902483888334851,-0.07064072756955848,-0.09751611166514913
9.929117205216956,9.943790821182771,-0.07088279478304454,-0.05620917881722898
9.928875969905564,9.91441496072748,-0.07112403009443569,-0.08558503927252023
9.92863556932748,9.91183091776788,-0.07136443067252074,-0.08816908223212021
9.928396006304116,9.950773759870923,-0.0716039936958852,-0.04922624012907631
9.928157283647055,9.968355088178361,-0.07184271635294437,-0.03164491182163843
9.927919404158024,9.907157897378386,-0.07208059584197636,-0.0928421026216131
9.927682370628846,9.943187605890431,-0.07231762937115493,-0.05681239410956817
9.927446185841418,9.950293711351685,-0.07255381415858234,-0.04970628864831503
9.927210852567677,9.930453945425768,-0.07278914743232183,-0.06954605457423174
9.92697637356957,9.915274705454468,-0.07302362643043037,-0.08472529454553124
9.92674275159901,9.917177822200113,-0.07325724840099096,-0.08282217779988627
9.926509989397855,9.934751167161624,-0.07349001060214491,-0.06524883283837582
9.926278089697876,9.912717620988005,-0.07372191030212402,-0.0872823790119951
9.926047055220717,9.906318642016416,-0.0739529447792827,-0.0936813579835846
9.92581688867787,9.92472013615392,-0.07418311132212989,-0.07527986384607833
9.92558759277064,9.918623300161267,-0.07441240722936085,-0.08137669983873254
9.925359170190111,9.924132189795362,-0.07464082980988887,-0.07586781020463822
9.925131623617123,9.893363715812916,-0.07486837638287691,-0.10663628418708365
9.924904955722232,9.893740075086901,-0.07509504427776899,-0.10625992491309783
9.924679169165678,9.94824199256109,-0.07532083083432158,-0.051758007438908654
9.924454266597365,9.90387511820261,-0.07554573340263476,-0.09612488179739118
9.924230250656816,9.924429626739869,-0.0757697493431835,-0.0755703732601313
9.924007123973151,9.928460466391284,-0.07599287602684832,-0.0715395336087163
9.923784889165054,9.905517455024235,-0.07621511083494648,-0.09448254497576525
9.923563548840738,9.953484180620743,-0.07643645115926243,-0.04651581937925768
9.92334310559792,9.936660490412942,-0.07665689440207867,-0.06333950958705836
9.923123562023793,9.900496419479172,-0.07687643797620612,-0.09950358052082733
9.922904920694986,9.925888111477335,-0.07709507930501436,-0.07411188852266551
9.922687184177537,9.917183807306913,-0.07731281582246219,-0.08281619269308742
9.922470355026872,9.920316317318619,-0.07752964497312732,-0.07968368268138058
9.922254435787764,9.874213177082352,-0.07774556421223683,-0.1257868229176482
9.922039428994303,9.922656168227247,-0.07796057100569659,-0.07734383177275259
9.921825337169878,9.920966767257699,-0.0781746628301214,-0.07903323274230101
9.921612162827136,9.960554679122435,-0.07838783717286421,-0.03944532087756425
9.921399908467954,9.92893502273667,-0.07860009153204606,-0.0710649772633288
9.921188576583415,9.879030968053565,-0.07881142341658492,-0.12096903194643563
9.920978169653775,9.906614234570116,-0.07902183034622544,-0.09338576542988515
9.920768690148432,9.906610657754394,-0.07923130985156776,-0.09338934224560635
9.920560140525904,9.944190594200046,-0.07943985947409643,-0.05580940579995352
9.92035252323379,9.932967133615065,-0.07964747676620959,-0.0670328663849341
9.920145840708752,9.920609023749416,-0.07985415929124727,-0.07939097625058451
9.919940095376479,9.912312516844741,-0.08005990462352044,-0.087687483155258
9.91973528965166,9.926135466406409,-0.08026471034833906,-0.07386453359359176
9.91953142593796,9.907542092386695,-0.08046857406204076,-0.09245790761330522
9.91932850662798,9.927270945321347,-0.08067149337201873,-0.07272905467865366
9.919126534103249,9.930756407879063,-0.0808734658967502,-0.06924359212093695
9.918925510734176,9.915170247342742,-0.08107448926582389,-0.0848297526572577
9.918725438880031,9.928423894647496,-0.0812745611199683,-0.07157610535250361
9.91852632088892,9.927564713492318,-0.08147367911107921,-0.07243528650768147
9.918328159097753,9.912768631702402,-0.08167184090224704,-0.08723136829759694
9.918130955832215,9.972577533150826,-0.08186904416778468,-0.027422466849173176
9.917934713406746,9.894994087419132,-0.08206528659325435,-0.10500591258086805
9.917739434124504,9.932578751845323,-0.08226056587549524,-0.06742124815467646
9.91754512027735,9.913786845257572,-0.08245487972265003,-0.08621315474242798
9.917351774145807,9.947413805204507,-0.08264822585419225,-0.052586194795492924
9.917159397999047,9.917929774743229,-0.08284060200095265,-0.08207022525677113
9.916967994094854,9.88961308183057,-0.0830320059051462,-0.11038691816943091
9.916777564679602,9.923883013577958,-0.08322243532039819,-0.07611698642204084
9.91658811198823,9.921284867781587,-0.08341188801177103,-0.0787151322184132
9.91639963824421,9.94206796914262,-0.08360036175579018,-0.05793203085737979
9.91621214565953,9.93592151854259,-0.0837878543404702,-0.06407848145740981
9.916025636434659,9.902603102739036,-0.08397436356534108,-0.0973968972609646
9.915840112758527,9.94433231119028,-0.08415988724147354,-0.05566768880972087
9.915655576808495,9.916732345330693,-0.08434442319150524,-0.08326765466930623
9.915472030750333,9.936117612614328,-0.08452796924966594,-0.06388238738567104
9.915289476738197,9.886038000511238,-0.08471052326180319,-0.11396199948876086
9.915107916914593,9.919524018071098,-0.08489208308540735,-0.08047598192890239
9.914927353410363,9.893151890413794,-0.08507264658963708,-0.10684810958620689
9.914747788344656,9.90537246892538,-0.08525221165534391,-0.09462753107461919
9.914569223824902,9.918708077659078,-0.08543077617509752,-0.08129192234092172
9.91439166194679,9.892792026908037,-0.08560833805321032,-0.10720797309196262
9.914215104794238,9.935464135132062,-0.08578489520576185,-0.06453586486793876
9.914039554439377,9.927241434609815,-0.08596044556062363,-0.07275856539018487
9.913865012942518,9.893563111040525,-0.08613498705748307,-0.10643688895947619
9.913691482352132,9.881434973857665,-0.08630851764786801,-0.11856502614233529
9.91351896470483,9.927061903517291,-0.08648103529517047,-0.07293809648270876
9.91334746202533,9.88672470146668,-0.08665253797467079,-0.1132752985333205
9.913176976326438,9.912945582668183,-0.08682302367356115,-0.08705441733181721
9.91300750960903,9.919165659164197,-0.08699249039096944,-0.0808343408358033
9.912839063862018,9.88113664807596,-0.08716093613798265,-0.11886335192403949
9.91267164106233,9.913139825953069,-0.08732835893766999,-0.0868601740469313
9.912505243174893,9.923167921322973,-0.08749475682510656,-0.07683207867702634
9.912339872152604,9.926317311338979,-0.08766012784739591,-0.0736826886610217
9.912175529936306,9.87044026545919,-0.08782447006369337,-0.12955973454081027
9.912012218454771,9.912457180114044,-0.08798778154522852,-0.08754281988595557
9.911849939624672,9.914501021471123,-0.08815006037532806,-0.0854989785288766
9.911688695350563,9.902473233434327,-0.08831130464943808,-0.09752676656567348
9.911528487524853,9.929013557168643,-0.0884715124751467,-0.07098644283135683
9.911369318027795,9.901513133248857,-0.08863068197220594,-0.09848686675114245
9.911211188727446,9.918888843756687,-0.08878881127255407,-0.08111115624331369
9.911054101479662,9.880192478822504,-0.08894589852033746,-0.11980752117749617
9.910898058128067,9.873403354143852,-0.0891019418719322,-0.12659664585614777
9.910743060504034,9.889188204427821,-0.08925693949596597,-0.11081179557217871
9.910589110426661,9.905445538785624,-0.08941088957333933,-0.0945544612143757
9.910436209702752,9.92246528033839,-0.08956379029724731,-0.0775347196616107
9.9102843601268,9.919338517941048,-0.0897156398732003,-0.08066148205895235
9.910133563480954,9.909596189041132,-0.08986643651904545,-0.09040381095886849
9.909983821535013,9.937231816740711,-0.09001617846498727,-0.06276818325928808
9.909835136046391,9.902973023337042,-0.09016486395360868,-0.09702697666295887
9.909687508760108,9.946649147842505,-0.09031249123989138,-0.053350852157495174
9.909540941408764,9.909657773645675,-0.09045905859123657,-0.09034222635432498
9.909395435712515,9.902759998797098,-0.09060456428748515,-0.09724000120290191
9.909250993379063,9.908052549461846,-0.0907490066209378,-0.09194745053815363
9.909107616103624,9.939098729908814,-0.09089238389637534,-0.06090127009118608
9.908965305568922,9.902420462850323,-0.09103469443107827,-0.09757953714967678
9.908824063445152,9.926912242988369,-0.09117593655484685,-0.07308775701163173
9.90868389138998,9.89957588141241,-0.09131610861002032,-0.10042411858759051
9.908544791048504,9.930856404582585,-0.09145520895149682,-0.06914359541741547
9.908406764053248,9.91511962105562,-0.09159323594675223,-0.08488037894437953
9.908269812024141,9.89343514016799,-0.09173018797585972,-0.10656485983201018
9.908133936568492,9.88497540999166,-0.09186606343150844,-0.11502459000834164
9.907999139280978,9.911747741234594,-0.09200086071902264,-0.08825225876540657
9.907865421743619,9.862307499470672,-0.09213457825638027,-0.1376925005293284
9.907732785525768,9.882585797601829,-0.09226721447423149,-0.11741420239817123
9.907601232184083,9.895724225749454,-0.09239876781591727,-0.10427577425054538
9.907470763262513,9.91101833014973,-0.09252923673748739,-0.08898166985026935
9.907341380292282,9.850511791328321,-0.09265861970771888,-0.1494882086716783
9.907213084791866,9.91813008852482,-0.09278691520813366,-0.08186991147518043
9.907085878266983,9.927196067577334,-0.09291412173301672,-0.07280393242266599
9.906959762210567,9.91107437999567,-0.09304023778943339,-0.08892562000432999
9.906834738102752,9.898482314230694,-0.09316526189724722,-0.10151768576930624
9.906710807410862,9.900507846057508,-0.0932891925891372,-0.099492153942492
9.906587971589385,9.926559546936087,-0.09341202841061484,-0.07344045306391275
9.906466232079959,9.877842242077769,-0.09353376792004159,-0.12215775792223088
9.906345590311355,9.887948566971724,-0.09365440968864533,-0.11205143302827589
9.906226047699462,9.89336914377712,-0.09377395230053759,-0.1066308562228806
9.90610760564727,9.917737178699479,-0.09389239435272971,-0.08226282130052155
9.905990265544851,9.88358923192205,-0.09400973445514973,-0.11641076807795012
9.905874028769341,9.904338562595251,-0.09412597123065838,-0.09566143740474871
9.905758896684935,9.909837749131839,-0.09424110331506547,-0.09016225086816165
9.905644870642854,9.918236409328227,-0.09435512935714568,-0.08176359067177393
9.905531951981345,9.889310795324977,-0.09446804801865463,-0.11068920467502316
9.905420142025655,9.895834837204704,-0.09457985797434454,-0.10416516279529629
9.90530944208802,9.923021388924248,-0.09469055791197956,-0.07697861107575288
9.905199853467648,9.923172703071353,-0.09480014653235158,-0.07682729692864727
9.905091377450704,9.950660907436037,-0.09490862254929504,-0.04933909256396294
9.904984015310298,9.934852716028942,-0.09501598468970238,-0.06514728397105733
9.904877768306461,9.916772263564118,-0.09512223169353874,-0.0832277364358824
9.904772637686143,9.914686905715627,-0.09522736231385694,-0.08531309428437317
9.904668624683188,9.885569305160669,-0.0953313753168119,-0.11443069483933219
9.904565730518325,9.89331468122731,-0.09543426948167537,-0.1066853187726908
9.90446395639915,9.946460377518427,-0.09553604360084997,-0.053539622481572194
9.904363303520116,9.926827213167268,-0.09563669647988364,-0.073172786832731
9.904263773062516,9.9187984540862,-0.09573622693748353,-0.08120154591379938
9.904165366194471,9.917431078423629,-0.0958346338055298,-0.08256892157637019
9.90406808407091,9.89842913047121,-0.09593191592908945,-0.10157086952878941
9.90397192783357,9.909718134134232,-0.09602807216642979,-0.09028186586576745
9.903876898610967,9.89729752329644,-0.09612310138903196,-0.10270247670355903
9.903782997518396,9.939386469614494,-0.09621700248160393,-0.06061353038550652
9.903690225657906,9.890822445874385,-0.09630977434209394,-0.10917755412561614
9.903598584118297,9.924715870625073,-0.09640141588170306,-0.07528412937492741
9.903508073975102,9.911455971914815,-0.09649192602489831,-0.08854402808518513
9.903418696290576,9.907589686718643,-0.09658130370942498,-0.09241031328135674
9.90333045211368,9.913290247322056,-0.09666954788631936,-0.08670975267794367
9.90324334248008,9.874912495309152,-0.09675665751992087,-0.12508750469084742
9.903157368412115,9.90329899499403,-0.09684263158788425,-0.09670100500597029
9.903072530918807,9.907904589381372,-0.0969274690811917,-0.09209541061862683
9.902988830995836,9.91210170732777,-0.09701116900416444,-0.08789829267222964
9.902906269625525,9.862247079309839,-0.09709373037447472,-0.13775292069016182
9.902824847776843,9.89552389693265,-0.09717515222315705,-0.10447610306734983
9.90274456640538,9.897980538326413,-0.09725543359461986,-0.1020194616735871
9.902665426453343,9.869392460245727,-0.09733457354665642,-0.1306075397542728
9.902587428849543,9.913000108738345,-0.09741257115045619,-0.0869998912616551
9.902510574509385,9.901503980653656,-0.09748942549061546,-0.09849601934634403
9.902434864334852,9.921004702741707,-0.09756513566514825,-0.07899529725829417
9.902360299214504,9.886284569433382,-0.09763970078549693,-0.11371543056661851
9.902286880023457,9.887773405804474,-0.09771311997654243,-0.11222659419552598
9.902214607623385,9.89834629253042,-0.0977853923766148,-0.10165370746958124
9.902143482862497,9.915382339966127,-0.09785651713750305,-0.08461766003387182
9.902073506575535,9.911253959860545,-0.09792649342446537,-0.08874604013945424
9.902004679583762,9.889526382159397,-0.09799532041623865,-0.11047361784060232
9.901937002694952,9.907293451632011,-0.09806299730504836,-0.09270654836798978
9.901870476703381,9.901508198822503,-0.0981295232966179,-0.09849180117749606
9.901805102389822,9.908159331887862,-0.09819489761017791,-0.09184066811213823
9.901740880521524,9.89356843882192,-0.09825911947847556,-0.10643156117808034
9.901677811852217,9.918703397751884,-0.09832218814778339,-0.08129660224811587
9.901615897122092,9.855725938322498,-0.09838410287790827,-0.14427406167750223
9.9015551370578,9.902464730290482,-0.09844486294220005,-0.09753526970951801
9.90149553237244,9.884367337493758,-0.09850446762756009,-0.11563266250624092
9.90143708376555,9.897301545067489,-0.0985629162344496,-0.1026984549325112
9.901379791923102,9.879352112220117,-0.09862020807689795,-0.12064788777988392
9.901323657517489,9.885840192035051,-0.09867634248251056,-0.11415980796494839
9.901268681207522,9.921823074786982,-0.09873131879247697,-0.07817692521301768
9.90121486363842,9.88952998085546,-0.0987851363615784,-0.11047001914454012
9.901162205441805,9.914719268228897,-0.09883779455819547,-0.08528073177110346
9.901110707235684,9.85749100780394,-0.09888929276431556,-0.1425089921960595
9.90106036962446,9.893052406489275,-0.09893963037553995,-0.1069475935107247
9.901011193198908,9.90408101820763,-0.09898880680109114,-0.09591898179237014
9.90096317853618,9.89987388280522,-0.09903682146381958,-0.1001261171947797
9.90091632619979,9.893112859536036,-0.09908367380021055,-0.1068871404639641
9.90087063673961,9.918229378025574,-0.09912936326039073,-0.08177062197442583
9.900826110691865,9.891191833129337,-0.0991738893081347,-0.10880816687066222
9.900782748579129,9.895320481038546,-0.09921725142087118,-0.10467951896145364
9.90074055091031,9.860735542376789,-0.0992594490896892,-0.13926445762321138
9.900699518180655,9.888378515377976,-0.09930048181934403,-0.11162148462202394
9.900659650871736,9.89408783053765,-0.09934034912826306,-0.10591216946234956
9.900620949451449,9.854320550216196,-0.09937905054855141,-0.14567944978380362
9.900583414374003,9.909798360021643,-0.09941658562599737,-0.09020163997835753
9.900547046079922,9.901243378466594,-0.09945295392007786,-0.09875662153340675
9.900511844996036,9.877529605894518,-0.09948815500396346,-0.12247039410548154
9.900477811535476,9.889158259057664,-0.09952218846452354,-0.11084174094233516
9.90044494609767,9.893532709701478,-0.099555053902331,-0.10646729029852225
9.900413249068333,9.90382633675077,-0.09958675093166708,-0.09617366324923048
9.900382720819474,9.886631551648266,-0.09961727918052575,-0.1133684483517343
9.900353361709382,9.9125655818737,-0.09964663829061819,-0.08743441812630066
9.900325172082622,9.889106432364091,-0.0996748279173769,-0.11089356763590885
9.90029815227004,9.893439738192761,-0.09970184772995985,-0.10656026180723974
9.900272302588746,9.94058388526774,-0.09972769741125428,-0.059416114732260064
9.90024762334212,9.897630193203428,-0.09975237665788043,-0.10236980679657176
9.900224114819805,9.899408114647896,-0.09977588518019516,-0.10059188535210341
9.900201777297704,9.929822877731025,-0.09979822270229527,-0.07017712226897455
9.90018061103798,9.887963388140202,-0.09981938896202079,-0.11203661185979813
9.900160616289043,9.901355475989927,-0.09983938371095802,-0.09864452401007344
9.900141793285558,9.906142032424928,-0.09985820671444254,-0.09385796757507162
9.900124142248439,9.899812484793138,-0.09987585775156178,-0.10018751520686141
9.900107663384842,9.865790888749785,-0.09989233661515784,-0.13420911125021415
9.90009235688817,9.90722355736068,-0.09990764311182973,-0.09277644263931993
9.900078222938065,9.914682299915066,-0.09992177706193572,-0.08531770008493306
9.900065261700405,9.880631897417494,-0.09993473829959548,-0.1193681025825051
9.900053473327308,9.879499533091277,-0.099946526672692,-0.1205004669087225
9.900042857957127,9.9103572735953,-0.09995714204287326,-0.08964272640469928
9.900033415714447,9.911763968801605,-0.09996658428555412,-0.0882360311983953
9.900025146710082,9.900581613369296,-0.0999748532899175,-0.09941838663070367
9.900018051041084,9.883095617913808,-0.09998194895891584,-0.1169043820861925
9.900012128790728,9.930105045697633,-0.09998787120927223,-0.06989495430236609
9.90000738002852,9.905787639695,-0.0999926199714813,-0.09421236030500144
9.90000380481019,9.899650673727985,-0.09999619518981018,-0.10034932627201475
9.9000014031777,9.910027736026509,-0.09999859682229895,-0.08997226397349073
9.900000175159239,9.941338122150425,-0.09999982484076136,-0.05866187784957531
9.900000120769215,9.888928461919303,-0.09999987923078503,-0.1110715380806965
9.900001240008269,9.89977361908099,-0.09999875999173158,-0.10022638091901012
9.900003532863263,9.909111136139076,-0.09999646713673677,-0.09088886386092368
9.90000699930729,9.890159801238118,-0.09999300069271022,-0.10984019876188189
9.900011639299665,9.930696532563495,-0.09998836070033518,-0.06930346743650485
9.900017452785931,9.917071155322747,-0.09998254721406803,-0.08292884467725276
9.900024439697862,9.887923555046964,-0.09997556030213761,-0.11207644495303687
9.900032599953455,9.915689690403076,-0.09996740004654446,-0.08431030959692444
9.90004193345694,9.856228525626914,-0.0999580665430598,-0.14377147437308632
9.900052440098776,9.906945265979141,-0.0999475599012245,-0.0930547340208586
9.900064119755653,9.900159367974076,-0.09993588024434771,-0.09984063202592286
9.900076972290494,9.892777313572385,-0.09992302770950544,-0.10722268642761548
9.90009099755246,9.89644666199019,-0.09990900244753893,-0.10355333800981005
9.900106195376948,9.903843442171098,-0.09989380462305299,-0.0961565578289019
9.900122565585587,9.900474064902264,-0.09987743441441388,-0.09952593509773536
9.900140107986253,9.885544660657928,-0.09985989201374736,-0.11445533934207282
9.900158822373063,9.881078711726715,-0.09984117762693641,-0.11892128827328384
9.900178708526381,9.877979673533492,-0.09982129147361878,-0.1220203264665078
9.900199766212815,9.876310141782001,-0.09980023378718442,-0.12368985821799779
9.900221995185227,9.902423488326097,-0.09977800481477277,-0.09757651167390267
9.900245395182731,9.902325286037488,-0.0997546048172698,-0.0976747139625119
9.900269965930695,9.889488616110832,-0.09973003406930506,-0.11051138388916759
9.900295707140751,9.896505870443983,-0.09970429285924831,-0.10349412955601676
9.900322618510794,9.872187657145945,-0.09967738148920625,-0.12781234285405488
9.900350699724981,9.91129996764161,-0.09964930027501895,-0.08870003235839118
9.900379950453743,9.916214027567637,-0.09962004954625606,-0.08378597243236272
9.900410370353788,9.901797360466158,-0.09958962964621307,-0.09820263953384074
9.900441959068093,9.906619306300337,-0.0995580409319072,-0.09338069369966348
9.900474716225927,9.910846768247373,-0.09952528377407324,-0.08915323175262822
9.90050864144284,9.927636295561735,-0.0994913585571592,-0.07236370443826488
9.900543734320678,9.861144948950038,-0.09945626567932175,-0.13885505104996204
9.900579994447579,9.883704244572625,-0.09942000555242159,-0.1162957554273751
9.900617421397982,9.883295478039656,-0.09938257860201866,-0.11670452196034448
9.900656014732633,9.913300962027623,-0.09934398526736704,-0.08669903797237655
9.90069577399859,9.899680948686795,-0.09930422600140991,-0.1003190513132045
9.900736698729226,9.888338807049104,-0.09926330127077408,-0.11166119295089677
9.900778788444235,9.908088885716056,-0.09922121155576472,-0.09191111428394459
9.90082204264964,9.93231411496087,-0.09917795735035953,-0.06768588503913094
9.900866460837797,9.89355187950304,-0.09913353916220308,-0.10644812049696079
9.900912042487398,9.921734508641562,-0.09908795751260074,-0.07826549135843879
9.900958787063487,9.885961847490899,-0.09904121293651268,-0.11403815250910111
9.901006694017452,9.9184190099858,-0.09899330598254748,-0.0815809900141987
9.901055762787044,9.846328808028332,-0.09894423721295577,-0.15367119197166818
9.901105992796376,9.902244706285304,-0.0988940072036236,-0.0977552937146962
9.901157383455935,9.902804238853806,-0.09884261654406565,-0.09719576114619358
9.901209934162582,9.899590407868702,-0.0987900658374184,-0.10040959213129709
9.901263644299567,9.883171937667905,-0.09873635570043296,-0.11682806233209486
9.901318513236532,9.907636422526629,-0.09868148676346787,-0.0923635774733713
9.901374540329519,9.875743311408447,-0.0986254596704817,-0.12425668859155345
9.901431724920975,9.916210219070303,-0.09856827507902553,-0.08378978092969702
9.901490066339765,9.922469026378572,-0.09850993366023514,-0.0775309736214285
9.901549563901177,9.853111381860467,-0.0984504360988232,-0.14688861813953347
9.90161021690693,9.94531907947873,-0.09838978309307127,-0.05468092052126876
9.901672024645178,9.92389834036465,-0.09832797535482146,-0.07610165963534982
9.901734986390531,9.889352601107984,-0.09826501360946832,-0.1106473988920172
9.90179910140405,9.914792285593848,-0.09820089859595,-0.08520771440615335
9.90186436893326,9.912588015356224,-0.09813563106673995,-0.08741198464377586
9.901930788212162,9.898017200880332,-0.0980692117878377,-0.10198279911966827
9.90199835846124,9.887498562706902,-0.09800164153876023,-0.11250143729309858
9.902067078887468,9.867870211622314,-0.09793292111253254,-0.13212978837768616
9.902136948684321,9.92530322305812,-0.09786305131567856,-0.07469677694187872
9.902207967031789,9.946038875275484,-0.09779203296821148,-0.05396112472451539
9.902280133096376,9.919610211916186,-0.09771986690362432,-0.08038978808381435
9.90235344603112,9.908403452496398,-0.09764655396888,-0.09159654750360309
9.902427904975598,9.90185545886414,-0.09757209502440148,-0.09814454113585862
9.902503509055938,9.927711932064215,-0.09749649094406165,-0.07228806793578593
9.902580257384827,9.865300615774688,-0.09741974261517304,-0.13469938422531252
9.902658149061523,9.908615954211687,-0.09734185093847747,-0.091384045788313
9.902737183171865,9.887005171800512,-0.09726281682813535,-0.11299482819948824
9.902817358788285,9.890347810603942,-0.09718264121171516,-0.10965218939605835
9.902898674969817,9.882223862115385,-0.09710132503018236,-0.11777613788461516
9.902981130762111,9.89685211560222,-0.09701886923788845,-0.10314788439777961
9.90306472519744,9.940551986989831,-0.09693527480255977,-0.05944801301016854
9.903149457294713,9.902400392475434,-0.09685054270528608,-0.09759960752456721
9.903235326059491,9.872708319702515,-0.09676467394050914,-0.12729168029748492
9.90332233048399,9.941632790689896,-0.09667766951601091,-0.05836720931010404
9.903410469547097,9.873818930209616,-0.0965895304529019,-0.12618106979038474
9.903499742214391,9.906824114052217,-0.096500257785609,-0.09317588594778248
9.903590147438136,9.92469771560444,-0.09640985256186349,-0.07530228439556103
9.903681684157311,9.939371632366626,-0.0963183158426886,-0.060628367633374335
9.903774351297614,9.95536861900594,-0.09622564870238723,-0.04463138099405939
9.90386814777147,9.914424853005409,-0.09613185222852917,-0.08557514699459162
9.903963072478062,9.8883113021255,-0.09603692752193842,-0.11168869787450117
9.90405912430332,9.866040310066948,-0.09594087569668032,-0.1339596899330513
9.90415630211995,9.901723323917269,-0.09584369788004835,-0.09827667608273098
9.904254604787448,9.931440252036111,-0.09574539521255103,-0.06855974796388847
9.904354031152101,9.915168936471845,-0.0956459688478984,-0.08483106352815488
9.90445458004701,9.876097750597468,-0.09554541995298865,-0.12390224940253089
9.904556250292107,9.946281754622628,-0.09544374970789424,-0.05371824537737096
9.904659040694153,9.918447545121818,-0.09534095930584818,-0.0815524548781823
9.90476295004677,9.943545630513695,-0.09523704995322996,-0.056454369486305805
9.904867977130449,9.902567318071984,-0.09513202286955146,-0.0974326819280155
9.904974120712557,9.9097300480839,-0.09502587928744254,-0.09026995191610035
9.905081379547363,9.88841930836162,-0.0949186204526366,-0.11158069163838115
9.905189752376044,9.861933842920878,-0.09481024762395612,-0.1380661570791213
9.905299237926702,9.891840596613402,-0.09470076207329761,-0.10815940338659753
9.905409834914384,9.901451798418892,-0.09459016508561692,-0.09854820158110883
9.905521542041086,9.920408026440517,-0.09447845795891396,-0.07959197355948279
9.905634357995782,9.931572808853334,-0.09436564200421772,-0.06842719114666598
9.905748281454429,9.861266931848846,-0.09425171854557057,-0.1387330681511545
9.905863311079987,9.899872888541301,-0.094136688920013,-0.10012711145869922
9.905979445522432,9.882434383499707,-0.09402055447756774,-0.11756561650029324
9.906096683418776,9.944165251596397,-0.09390331658122408,-0.05583474840360285
9.906215023393079,9.893860344355552,-0.0937849766069217,-0.10613965564444863
9.906334464056465,9.924344883123263,-0.09366553594353456,-0.07565511687673716
9.906455004007146,9.88777304363613,-0.09354499599285482,-0.11222695636386978
9.906576641830425,9.940797793374482,-0.09342335816957598,-0.05920220662551759
9.906699376098723,9.860700723713222,-0.09330062390127675,-0.13929927628677735
9.906823205371596,9.912246256118275,-0.09317679462840381,-0.08775374388172534
9.906948128195745,9.919141237533086,-0.09305187180425536,-0.08085876246691323
9.907074143105037,9.918713483969976,-0.09292585689496369,-0.0812865160300253
9.907201248620522,9.90879182480768,-0.09279875137947828,-0.09120817519231862
9.907329443250452,9.875837391114597,-0.09267055674954815,-0.12416260888540226
9.907458725490295,9.905820573457637,-0.09254127450970462,-0.09417942654236308
9.907589093822757,9.913997471909443,-0.09241090617724346,-0.08600252809055631
9.907720546717792,9.914038127792873,-0.09227945328220712,-0.0859618722071264
9.907853082632633,9.921465235524343,-0.09214691736736697,-0.0785347644756579
9.907986700011795,9.883188505428716,-0.09201329998820482,-0.11681149457128384
9.908121397287104,9.921053122276694,-0.09187860271289505,-0.07894687772330534
9.908257172877715,9.893595674022812,-0.09174282712228593,-0.10640432597718696
9.90839402519012,9.901324191620832,-0.0916059748098812,-0.09867580837916727
9.908531952618178,9.918722169681354,-0.09146804738182131,-0.08127783031864573
9.908670953543135,9.911589846142666,-0.09132904645686468,-0.08841015385733426
9.908811026333632,9.925016038018327,-0.09118897366636845,-0.07498396198167215
9.90895216934573,9.905835019621513,-0.0910478306542697,-0.09416498037848736
9.909094380922934,9.915307724184112,-0.09090561907706585,-0.08469227581588858
9.909237659396204,9.908793443537897,-0.09076234060379523,-0.09120655646210245
9.909382003083982,9.902640939202053,-0.09061799691601785,-0.0973590607979477
9.909527410292204,9.936491370356073,-0.0904725897077951,-0.06350862964392674
9.90967387931433,9.895500472486653,-0.09032612068567045,-0.1044995275133471
9.909821408431352,9.937512902644457,-0.09017859156864888,-0.06248709735554331
9.909969995911823,9.926457417121606,-0.09003000408817723,-0.07354258287839477
9.910119640011876,9.906004535859553,-0.08988035998812335,-0.09399546414044643
9.910270338975243,9.904185467883558,-0.08972966102475616,-0.0958145321164425
9.910422091033276,9.932691373954722,-0.08957790896672456,-0.06730862604527905
9.910574894404963,9.92305296330719,-0.08942510559503697,-0.07694703669280926
9.91072874729696,9.90894449727659,-0.08927125270304043,-0.09105550272341083
9.910883647903601,9.906603152649055,-0.08911635209639931,-0.09339684735094482
9.911039594406926,9.921114063222205,-0.08896040559307446,-0.0788859367777938
9.911196584976699,9.922733463130285,-0.08880341502330151,-0.07726653686971467
9.91135461777043,9.871810468023606,-0.08864538222956973,-0.12818953197639496
9.9115136909334,9.891005026807957,-0.08848630906660011,-0.10899497319204374
9.911673802598676,9.895356506292389,-0.08832619740132389,-0.10464349370761165
9.91183495088714,9.921856046472739,-0.0881650491128603,-0.07814395352726157
9.911997133907505,9.926698643411859,-0.08800286609249489,-0.07330135658814149
9.912160349756343,9.889577038053147,-0.08783965024365697,-0.11042296194685255
9.912324596518102,9.919485911105783,-0.08767540348189752,-0.08051408889421698
9.912489872265134,9.909982251174451,-0.08751012773486669,-0.09001774882554793
9.912656175057709,9.933611613642407,-0.08734382494229094,-0.06638838635759374
9.912823502944049,9.929877976253493,-0.08717649705595067,-0.07012202374650683
9.912991853960342,9.915048214462594,-0.08700814603965687,-0.08495178553740536
9.913161226130772,9.913006151440642,-0.08683877386922852,-0.08699384855935835
9.91333161746753,9.913565040501263,-0.08666838253246895,-0.08643495949873616
9.913503025970858,9.872725686354794,-0.08649697402914293,-0.1272743136452058
9.913675449629046,9.92439736682991,-0.08632455037095288,-0.07560263317009133
9.913848886418485,9.911798947404955,-0.08615111358151546,-0.08820105259504486
9.914023334303662,9.931140809473451,-0.08597666569633772,-0.06885919052654892
9.914198791237206,9.952980491074406,-0.08580120876279318,-0.047019508925593756
9.914375255159902,9.92244577679687,-0.08562474484009802,-0.07755422320312938
9.914552724000714,9.912555963790648,-0.08544727599928653,-0.08744403620935186
9.914731195676813,9.937036379756451,-0.08526880432318724,-0.06296362024354941
9.914910668093603,9.910559531569499,-0.0850893319063981,-0.08944046843050095
9.915091139144737,9.918928987958996,-0.0849088608552622,-0.08107101204100423
9.915272606712158,9.947033632256087,-0.08472739328784272,-0.052966367743913244
9.915455068666102,9.898679192377239,-0.08454493133389848,-0.10132080762276036
9.915638522865141,9.902658638699295,-0.08436147713485852,-0.09734136130070503
9.915822967156203,9.927126050922567,-0.08417703284379735,-0.07287394907743287
9.91600839937459,9.90177425221848,-0.08399160062540936,-0.0982257477815196
9.916194817344017,9.931139843129165,-0.08380518265598358,-0.06886015687083459
9.916382218876622,9.921668701837545,-0.08361778112337825,-0.07833129816245435
9.916570601773005,9.924269412905721,-0.08342939822699479,-0.07573058709427989
9.916759963822248,9.903151788354418,-0.0832400361777524,-0.0968482116455832
9.916950302801938,9.893637741934347,-0.08304969719806177,-0.10636225806565329
9.917141616478201,9.929860178245209,-0.0828583835217993,-0.07013982175479223
9.91733390260572,9.92994153983822,-0.08266609739428052,-0.0700584601617799
9.917527158927767,9.916768817855761,-0.08247284107223417,-0.08323118214423919
9.917721383176225,9.888165168053122,-0.08227861682377532,-0.1118348319468782
9.91791657307162,9.946360797092542,-0.08208342692837894,-0.05363920290745817
9.918112726323146,9.914067848349317,-0.08188727367685326,-0.08593215165068228
9.918309840628687,9.908426591441799,-0.08169015937131256,-0.09157340855820006
9.91850791367485,9.941458455097361,-0.08149208632515052,-0.0585415449026378
9.918706943136987,9.855721741147915,-0.08129305686301273,-0.14427825885208373
9.918906926679231,9.936978732975795,-0.08109307332076975,-0.06302126702420528
9.91910786195451,9.910438574061898,-0.0808921380454893,-0.0895614259381016
9.919309746604592,9.951061275947106,-0.08069025339540915,-0.04893872405289465
9.919512578260091,9.895685827375521,-0.08048742173990904,-0.10431417262447827
9.919716354540517,9.902419398516312,-0.0802836454594832,-0.0975806014836888
9.919921073054288,9.911026403070993,-0.08007892694571217,-0.08897359692900732
9.920126731398765,9.946193846894406,-0.0798732686012348,-0.05380615310559353
9.92033332716028,9.932885844843966,-0.07966667283972023,-0.06711415515603372
9.92054085791416,9.876623430385107,-0.07945914208583921,-0.12337656961489338
9.920749321224765,9.913192498045131,-0.07925067877523606,-0.08680750195486836
9.9209587146455,9.917824806926781,-0.07904128535449968,-0.08217519307321985
9.921169035718865,9.906635734446198,-0.07883096428113519,-0.09336426555380276
9.921380281976464,9.914199044299531,-0.07861971802353473,-0.08580095570046857
9.921592450939052,9.911145423436798,-0.07840754906094895,-0.08885457656320284
9.921805540116543,9.930675900796738,-0.07819445988345734,-0.06932409920326184
9.92201954700806,9.929415802528297,-0.07798045299193959,-0.07058419747170261
9.922234469101955,9.929732497361233,-0.07776553089804579,-0.07026750263876783
9.922450303875832,9.931084054054484,-0.07754969612416712,-0.0689159459455167
9.922667048796594,9.897876382124881,-0.0773329512034064,-0.10212361787511873
9.922884701320452,9.95248191542112,-0.07711529867954803,-0.04751808457887989
9.923103258892972,9.93376578425025,-0.07689674110702849,-0.06623421574975014
9.923322718949095,9.92109347185823,-0.07667728105090599,-0.07890652814176972
9.92354307891317,9.919914396127423,-0.07645692108683078,-0.08008560387257697
9.923764336198985,9.907545761755461,-0.07623566380101451,-0.09245423824453969
9.923986488209799,9.922083003104799,-0.07601351179020024,-0.0779169968952011
9.924209532338368,9.914546919886307,-0.07579046766163162,-0.08545308011369256
9.924433465966978,9.909376798616918,-0.07556653403302266,-0.09062320138308197
9.924658286467473,9.970048543935416,-0.07534171353252667,-0.02995145606458386
9.924883991201295,9.939415841688877,-0.07511600879870553,-0.06058415831112248
9.9251105775195,9.930928702900523,-0.07488942248049894,-0.06907129709947696
9.925338042762807,9.92702278499021,-0.07466195723719292,-0.0729772150097899
9.92556638426161,9.904812986866517,-0.07443361573838905,-0.09518701313348206
9.925795599336027,9.933830294828864,-0.07420440066397266,-0.06616970517113598
9.926025685295919,9.937274148960718,-0.07397431470408188,-0.0627258510392825
9.926256639440924,9.922251079492666,-0.07374336055907559,-0.07774892050733374
9.926488459060497,9.912470674081113,-0.07351154093950217,-0.08752932591888599
9.926721141433934,9.944356873000038,-0.07327885856606728,-0.05564312699996217
9.926954683830397,9.935857099955639,-0.07304531616960229,-0.06414290004436057
9.927189083508969,9.914190349823208,-0.07281091649103193,-0.08580965017679208
9.927424337718659,9.919265718729939,-0.07257566228134227,-0.08073428127006106
9.927660443698452,9.940521255784336,-0.07233955630154855,-0.059478744215663765
9.927897398677338,9.964523545222233,-0.07210260132266244,-0.03547645477776684
9.92813519987434,9.913627523735771,-0.07186480012565996,-0.08637247626422898
9.928373844498552,9.903627002680885,-0.07162615550144834,-0.09637299731911554
9.928613329749167,9.912347377768386,-0.07138667025083377,-0.08765262223161402
9.928853652815512,9.922910601730777,-0.07114634718448809,-0.07708939826922305
9.929094810877084,9.920195915377287,-0.0709051891229162,-0.07980408462271409
9.929336801103577,9.947288787929494,-0.07066319889642257,-0.05271121207050525
9.929579620654922,9.950591372145988,-0.07042037934507828,-0.049408627854012344
9.929823266681312,9.977032803077645,-0.0701767333186877,-0.022967196922354632
9.930067736323245,9.958638701645718,-0.0699322636767548,-0.04136129835428251
9.93031302671155,9.913082093623181,-0.06968697328844999,-0.08691790637681826
9.930559134967424,9.941946973766616,-0.06944086503257589,-0.058053026233383674
9.930806058202466,9.907411517605258,-0.0691939417975342,-0.09258848239474252
9.931053793518709,9.9189147788825,-0.06894620648129118,-0.0810852211174985
9.931302338008656,9.9054921090328,-0.06869766199134418,-0.09450789096720007
9.931551688755313,9.89360495607694,-0.06844831124468696,-0.10639504392305968
9.931801842832224,9.911098902167693,-0.0681981571677761,-0.08890109783230761
9.932052797303504,9.89294371437346,-0.06794720269649601,-0.10705628562653852
9.932304549223876,9.932616863449242,-0.06769545077612488,-0.06738313655075819
9.9325570956387,9.936232337823254,-0.06744290436130011,-0.06376766217674662
9.932810433584017,9.946566992563442,-0.06718956641598334,-0.05343300743655758
9.933064560086574,9.962790832351736,-0.06693543991342606,-0.037209167648263534
9.933319472163866,9.953097578503007,-0.06668052783613426,-0.04690242149699232
9.933575166824166,9.906582394690725,-0.06642483317583396,-0.09341760530927437
9.933831641066565,9.924883039252576,-0.06616835893343553,-0.07511696074742359
9.934088891881,9.93559494058452,-0.06591110811899903,-0.06440505941547867
9.934346916248302,9.915988686451056,-0.06565308375169832,-0.08401131354894376
9.934605711140215,9.910786194525462,-0.0653942888597862,-0.08921380547453776
9.934865273519442,9.92995522920831,-0.06513472648055836,-0.07004477079168855
9.935125600339681,9.938080217831768,-0.06487439966031798,-0.06191978216823168
9.935386688545659,9.954112401709088,-0.06461331145434013,-0.045887598290912865
9.935648535073165,9.904838381358696,-0.06435146492683551,-0.09516161864130411
9.935911136849086,9.950293536074422,-0.0640888631509149,-0.04970646392557783
9.936174490791448,9.932187724467271,-0.06382550920855272,-0.06781227553272916
9.936438593809449,9.940719766027481,-0.06356140619055127,-0.059280233972518914
9.936703442803497,9.939621794636489,-0.063296557196504,-0.06037820536351048
9.93696903466524,9.91018164397156,-0.06303096533475955,-0.08981835602844007
9.937235366277616,9.958782295266152,-0.0627646337223849,-0.041217704733848295
9.93750243451487,9.933183289010843,-0.062497565485129206,-0.06681671098915681
9.937770236242613,9.935375626627533,-0.06222976375738666,-0.06462437337246744
9.93803876831784,9.939074686673944,-0.061961231682159945,-0.06092531332605664
9.938308027588976,9.944668327799866,-0.061691972411023525,-0.055331672200135164
9.938578010895913,9.942420072535468,-0.061421989104086167,-0.05757992746453274
9.938848715070046,9.94215842013127,-0.06115128492995442,-0.057841579868729946
9.939120136934305,9.91919518737994,-0.0608798630656949,-0.08080481262006019
9.939392273303202,9.95548852847644,-0.06060772669679751,-0.04451147152356017
9.939665120982863,9.950088774862325,-0.06033487901713752,-0.049911225137675944
9.939938676771062,9.952342457167777,-0.060061323228938646,-0.04765754283222297
9.940212937457265,9.93927032899202,-0.05978706254273496,-0.06072967100797992
9.940487899822667,9.935257003554014,-0.05951210017733344,-0.06474299644598645
9.940763560640224,9.953582207322698,-0.059236439359776405,-0.04641779267730119
9.941039916674697,9.93453795655523,-0.05896008332530313,-0.06546204344477057
9.941316964682688,9.962115534433908,-0.05868303531731244,-0.03788446556609166
9.941594701412676,9.909141170081222,-0.05840529858732411,-0.09085882991877858
9.941873123605058,9.939579025340526,-0.05812687639494122,-0.06042097465947361
9.942152227992189,9.946232768878176,-0.05784777200781141,-0.05376723112182498
9.942432011298411,9.972193298556727,-0.057567988701588996,-0.027806701443273223
9.942712470240103,9.958641788656438,-0.05728752975989604,-0.041358211343562365
9.942993601525716,9.954468583660352,-0.057006398474284375,-0.045531416339647426
9.943275401855804,9.929758764538043,-0.056724598144196385,-0.07024123546195699
9.943557867923074,9.956432863792294,-0.05644213207692664,-0.04356713620770604
9.943840996412417,9.976588703969162,-0.05615900358758317,-0.023411296030839183
9.944124784000952,9.93364337567218,-0.05587521599904813,-0.06635662432782026
9.944409227358062,9.95223177808107,-0.055590772641939325,-0.04776822191893132
9.944694323145429,9.927905124513176,-0.05530567685457061,-0.07209487548682339
9.944980068017086,9.956749118896543,-0.05501993198291321,-0.04325088110345796
9.945266458619445,9.940680312924949,-0.05473354138055595,-0.059319687075051176
9.945553491591333,9.939532397937372,-0.05444650840866641,-0.06046760206262783
9.94584116356405,9.917954561237309,-0.05415883643595091,-0.08204543876269099
9.946129471161385,9.96793909946381,-0.05387052883861563,-0.0320609005361884
9.946418410999673,9.945049667725746,-0.05358158900032635,-0.05495033227425386
9.946707979687831,9.95699446119242,-0.053292020312169064,-0.04300553880758132
9.94699817382739,9.919698487082133,-0.05300182617261034,-0.08030151291786666
9.947288990012543,9.948269596265726,-0.05271100998745694,-0.051730403734273
9.947580424830184,9.949425686520756,-0.05241957516981645,-0.050574313479243016
9.947872474859944,9.953854574078113,-0.05212752514005661,-0.04614542592188634
9.948165136674234,9.985644190697533,-0.051834863325765784,-0.014355809302467014
9.948458406838288,9.937508652027745,-0.05154159316171211,-0.06249134797225472
9.948752281910195,9.93921052908468,-0.05124771808980382,-0.06078947091532114
9.949046758440952,9.89850141506264,-0.05095324155904823,-0.10149858493736051
9.949341832974488,9.955933686185634,-0.05065816702551185,-0.04406631381436505
9.94963750204772,9.936429785003298,-0.050362497952279296,-0.06357021499670125
9.949933762190588,9.965901597980727,-0.05006623780941293,-0.034098402019273916
9.950230609926088,9.932546301333698,-0.04976939007391226,-0.06745369866630188
9.950528041770328,9.97338644037092,-0.04947195822967268,-0.026613559629079405
9.950826054232556,9.952330902132548,-0.04917394576744519,-0.04766909786745273
9.951124643815206,9.928943187248064,-0.04887535618479474,-0.07105681275193501
9.95142380701394,9.961076387917464,-0.04857619298605989,-0.03892361208253626
9.951723540317689,9.960766668288711,-0.04827645968231102,-0.0392333317112881
9.95202384020869,9.925064094499625,-0.047976159791309744,-0.07493590550037568
9.952324703162533,9.985253686436948,-0.04767529683746699,-0.014746313563052012
9.952626125648198,9.981581972861154,-0.04737387435180229,-0.018418027138845952
9.952928104128098,9.955337356999369,-0.04707189587190178,-0.04466264300063161
9.953230635058123,9.941436360265046,-0.04676936494187691,-0.05856363973495343
9.953533714887676,9.967190104699776,-0.04646628511232308,-0.03280989530022395
9.953837340059723,9.953357933150176,-0.046162659940277434,-0.04664206684982447
9.954141507010823,9.944327233451725,-0.04585849298917774,-0.05567276654827565
9.95444621217118,9.953707031304706,-0.04555378782881994,-0.04629296869529433
9.954751451964682,9.934377138565239,-0.04524854803531686,-0.06562286143476204
9.955057222808945,9.957180434452004,-0.04494277719105565,-0.04281956554799609
9.955363521115343,9.936120607222755,-0.04463647888465633,-0.06387939277724616
9.955670343289071,9.979065804362854,-0.04432965671092916,-0.02093419563714544
9.955977685729167,9.977287647296535,-0.04402231427083265,-0.02271235270346509
9.95628554482857,9.952416580675871,-0.04371445517143155,-0.04758341932412812
9.956593916974146,9.960847363536692,-0.04340608302585399,-0.03915263646330799
9.95690279854675,9.922724815684832,-0.04309720145324965,-0.07727518431516811
9.957212185921254,9.985644880412892,-0.042787814078746704,-0.014355119587108903
9.95752207546659,9.97915907583038,-0.042477924533409886,-0.020840924169620825
9.957832463545802,9.955577737992012,-0.04216753645419724,-0.04442226200798817
9.958143346516081,9.948535769985272,-0.041856653483918066,-0.05146423001472869
9.95845472072881,9.9683871286452,-0.04154527927118956,-0.031612871354800745
9.958766582529606,9.970872559920396,-0.041233417470394586,-0.029127440079604452
9.959078928258362,9.946693630421024,-0.04092107174163826,-0.05330636957897596
9.959391754249294,9.969666003657835,-0.04060824575070523,-0.030333996342165312
9.959705056830984,9.992152040611126,-0.04029494316901686,-0.00784795938887424
9.960018832326412,9.965297148162358,-0.03998116767358765,-0.03470285183764112
9.960333077053017,9.964716906439152,-0.03966692294698265,-0.03528309356084703
9.960647787322726,9.961232568236117,-0.03935221267727364,-0.03876743176388335
9.960962959442003,9.98392621275607,-0.03903704055799648,-0.016073787243929733
9.961278589711894,9.95796656939156,-0.03872141028810709,-0.04203343060844043
9.961594674428062,9.957147703510502,-0.03840532557193876,-0.04285229648949717
9.961911209880842,9.95017550723622,-0.03808879011915792,-0.04982449276377952
9.962228192355278,9.95595426801758,-0.037771807644721336,-0.04404573198242043
9.962545618131168,9.956280558802339,-0.037454381868831925,-0.043719441197661676
9.962863483483105,9.936287880165276,-0.03713651651689529,-0.06371211983472438
9.963181784680524,9.97329196301118,-0.036818215319476315,-0.026708036988820513
9.963500517987745,9.932124617949777,-0.03649948201225473,-0.06787538205022252
9.963819679664018,9.941369401660047,-0.03618032033598201,-0.05863059833995279
9.964139265963563,9.988571766029303,-0.03586073403643674,-0.011428233970697834
9.964459273135619,9.98072298669865,-0.03554072686438135,-0.019277013301349954
9.964779697424483,9.963709764934952,-0.03522030257551744,-0.036290235065047444
9.965100535069558,9.944430611149055,-0.03489946493044233,-0.05556938885094461
9.965421782305397,9.962266360331578,-0.034578217694604306,-0.037733639668422136
9.965743435361741,9.96974808693485,-0.03425656463825905,-0.03025191306515092
9.966065490463576,10.003665348762903,-0.03393450953642484,0.0036653487629027745
9.966387943831162,9.968031160973545,-0.033612056168838465,-0.03196883902645397
9.96671079168009,9.951910085403483,-0.033289208319911154,-0.048089914596516334
9.967034030221317,9.978518901269052,-0.03296596977868354,-0.02148109873094755
9.967357655661218,9.97486342949236,-0.03264234433878189,-0.025136570507639264
9.967681664201628,9.965047280468104,-0.03231833579837287,-0.03495271953189674
9.96800605203988,9.980010437160031,-0.0319939479601197,-0.01998956283996963
9.968330815368864,9.946602487920408,-0.0316691846311368,-0.05339751207959145
9.968655950377054,9.972772380716012,-0.03134404962294579,-0.02722761928398667
9.96898145324857,9.972031603670127,-0.031018546751430204,-0.02796839632987278
9.969307320163209,9.950398222778745,-0.03069267983679091,-0.04960177722125528
9.969633547296498,10.000705594605652,-0.030366452703501565,0.0007055946056522648
9.969960130819738,9.972498794519003,-0.030039869180263103,-0.02750120548099654
9.97028706690004,9.971023732887081,-0.029712933099959527,-0.028976267112918928
9.970614351700387,9.964830080827076,-0.0293856482996122,-0.035169919172924204
9.970941981379665,9.95152802095503,-0.02905801862033551,-0.04847197904497119
9.971269952092708,9.94892203547315,-0.028730047907291112,-0.05107796452685112
9.971598259990357,10.011028302224528,-0.02840174000964348,0.011028302224528021
9.971926901219486,9.992185863614385,-0.028073098780514047,-0.007814136385616333
9.972255871923064,9.94936567461392,-0.027744128076936655,-0.05063432538607982
9.972585168240188,9.988858249157463,-0.027414831759811728,-0.011141750842536501
9.97291478630614,9.954614295249572,-0.027085213693861174,-0.045385704750428434
9.973244722252417,9.984796463001375,-0.02675527774758329,-0.015203536998624062
9.973574972206793,9.954229954057007,-0.026425027793206792,-0.04577004594299203
9.973905532293355,9.939851867777431,-0.02609446770664602,-0.06014813222256844
9.974236398632545,9.97870833060542,-0.025763601367454786,-0.02129166939458126
9.974567567341218,9.95253774145194,-0.025432432658781513,-0.04746225854805976
9.974899034532678,9.965088925228125,-0.02510096546732298,-0.0349110747718756
9.97523079631672,9.976461206949075,-0.02476920368327939,-0.023538793050924572
9.975562848799692,9.980204254426429,-0.024437151200308052,-0.019795745573571943
9.975895188084522,10.003911545652219,-0.02410481191547833,0.003911545652219649
9.976227810270775,9.967612895163056,-0.02377218972922533,-0.03238710483694428
9.976560711454695,9.977182717738723,-0.02343928854530437,-0.022817282261276793
9.976893887729254,9.994656552850412,-0.023106112270745438,-0.005343447149588263
9.977227335184192,10.00359273499638,-0.022772664815806722,0.003592734996379448
9.97756104990607,9.999743668645081,-0.022438950093929405,-0.0002563313549188047
9.97789502797831,10.011964950428302,-0.022104972021691056,0.011964950428302892
9.97822926548124,10.020268273174052,-0.021770734518760354,0.020268273174052505
9.97856375849215,10.025060816554904,-0.021436241507850375,0.025060816554903546
9.978898503085327,9.976811692179727,-0.021101496914673275,-0.023188307820272633
9.979233495332107,9.985908232909395,-0.020766504667893503,-0.014091767090605466
9.979568731300917,9.962545065376961,-0.0204312686990824,-0.037454934623038505
9.979904207057329,10.006768792380473,-0.020095792942671428,0.0067687923804733985
9.980239918664093,9.971317535818432,-0.019760081335906288,-0.02868246418156855
9.9805758621812,9.9484833454954,-0.019424137818800945,-0.05151665450459936
9.98091203366591,9.97949973240849,-0.019087966334090777,-0.020500267591509597
9.981248429172814,9.968599668126943,-0.018751570827187022,-0.03140033187305709
9.98158504475387,9.993439901712463,-0.018414955246129763,-0.006560098287535905
9.981921876458458,9.987217481928235,-0.018078123541542267,-0.012782518071763786
9.982258920333416,10.004507454215512,-0.017741079666583975,0.004507454215511953
9.982596172423095,9.996396988993787,-0.017403827576904753,-0.0036030110062121694
9.982933628769402,9.991334577690836,-0.017066371230597788,-0.008665422309163883
9.983271285411845,9.996774916162805,-0.016728714588153847,-0.003225083837194975
9.983609138387585,9.979760126555757,-0.016390861612414168,-0.020239873444244112
9.983947183731475,9.994588138321472,-0.016052816268524207,-0.00541186167852774
9.984285417476112,10.024066713314452,-0.01571458252388738,0.02406671331445164
9.984623835651883,10.012446488912978,-0.015376164348117886,0.01244648891297763
9.984962434287006,9.98120519600161,-0.015037565712994805,-0.018794803998389065
9.985301209407584,9.9617909565157,-0.014698790592414801,-0.038209043484300785
9.985640157037654,10.005253497647802,-0.014359842962346173,0.005253497647801687
9.985979273199218,9.968315701099309,-0.014020726800781489,-0.031684298900690806
9.986318553912309,10.006713878117372,-0.01368144608769161,0.006713878117372028
9.986657995195023,9.980517425115698,-0.013342004804978361,-0.019482574884301548
9.986997593063572,9.982672898938564,-0.013002406936428054,-0.017327101061436215
9.987337343532335,9.97046843337312,-0.012662656467665016,-0.029531566626878357
9.987677242613897,9.992939113826102,-0.01232275738610417,-0.007060886173897836
9.988017286319096,9.998513693427931,-0.011982713680904967,-0.0014863065720681946
9.988357470657077,9.986927860627844,-0.01164252934292385,-0.013072139372156328
9.988697791635332,9.973179913755322,-0.011302208364668123,-0.026820086244677403
9.989038245259751,9.99567360081609,-0.01096175474024839,-0.004326399183910377
9.989378827534667,9.97454449813319,-0.010621172465332382,-0.02545550186681069
9.989719534462903,10.023012669399451,-0.010280465537097362,0.02301266939945111
9.990060362045815,10.026083635202951,-0.00993963795418391,0.02608363520295189
9.990401306283351,9.995740600922332,-0.009598693716648387,-0.0042593990776675665
9.990742363174084,9.97670749766413,-0.009257636825916243,-0.023292502335871105
9.991083528715265,10.007915186436158,-0.008916471284735331,0.00791518643615793
9.991424798902871,9.955615075708822,-0.008575201097128301,-0.04438492429117859
9.991766169731653,9.959295421619222,-0.00823383026834632,-0.04070457838077736
9.99210763719518,10.034530546706,-0.007892362804821355,0.03453054670599952
9.99244919728588,9.995133564939856,-0.007550802714119867,-0.004866435060143311
9.992790845995104,10.020745682464048,-0.007209154004895059,0.020745682464047056
9.99313257931316,10.006694577079147,-0.006867420686840544,0.006694577079146769
9.993474393229357,9.96933087862269,-0.006525606770642574,-0.030669121377310316
9.993816283732066,9.98933915950441,-0.006183716267933683,-0.010660840495588728
9.994158246808755,10.035117299398332,-0.005841753191244978,0.03511729939833184
9.99450027844604,9.98855847332002,-0.005499721553959319,-0.011441526679979601
9.994842374629735,10.015001055663111,-0.00515762537026448,0.015001055663111114
9.995184531344895,9.982022976791933,-0.004815468655105416,-0.01797702320806735
9.995526744575862,10.011725509656781,-0.004473255424137851,0.011725509656780798
9.99586901030632,10.00243668074543,-0.004130989693680444,0.002436680745428953
9.996211324519331,10.009956067989817,-0.003788675480668356,0.009956067989817552
9.996553683197394,9.999032634913673,-0.003446316802605401,-0.0009673650863272565
9.996896082322483,9.961619053065464,-0.003103917677517603,-0.0383809469345358
9.997238517876095,9.995680408978476,-0.002761482123905329,-0.004319591021523924
9.997580985839303,9.975110639116613,-0.002419014160696838,-0.02488936088338743
9.9979234821928,9.998501971578728,-0.002076517807200491,-0.0014980284212722048
9.998266002916942,9.985284415294112,-0.0017339970830578461,-0.014715584705887807
9.998608543991804,9.996804900026705,-0.0013914560081967498,-0.003195099973295473
9.998951101397216,10.003355652800378,-0.0010488986027835355,0.0033556528003781463
9.999293671112824,9.9810682706907,-0.0007063288871765512,-0.018931729309299327
9.999636249118122,9.99494789239944,-0.00036375088187826684,-0.005052107600560969
9.99997883139251,9.990910721792384,-2.1168607488797664e-05,-0.009089278207616847
10.000321413915342,9.988664617077006,0.0003214139153419931,-0.011335382922993737
10.000663992665961,10.03087938722432,0.0006639926659609711,0.030879387224320723
10.00100656362376,9.983837292187046,0.0010065636237595401,-0.016162707812954164
10.00134912276822,10.015641010623304,0.0013491227682205632,0.015641010623304093
10.001691666078965,10.009535176332973,0.0016916660789652817,0.00953517633297355
10.0020341895358,9.973448234100792,0.002034189535801121,-0.026551765899208542
10.002376689118767,10.014573967541065,0.0023766891187681637,0.01457396754106534
10.002719160808187,9.987201666690504,0.0027191608081870385,-0.012798333309495884
10.003061600584706,10.004000095201109,0.0030616005847053855,0.004000095201109441
10.003404004429346,10.010148800223321,0.003404004429345739,0.010148800223320788
10.003746368323553,10.02875838804561,0.003746368323551988,0.028758388045609845
10.004088688249237,10.00644183326883,0.004088688249237245,0.006441833268830622
10.00443096018883,10.012042436126457,0.004430960188830295,0.012042436126456973
10.004773180125323,10.01184705642035,0.004773180125323371,0.011847056420350815
10.005115344042318,9.977510635172685,0.005115344042319028,-0.02248936482731588
10.005457447924076,10.016094094270565,0.005457447924077017,0.016094094270565892
10.005799487755562,10.004252308448914,0.005799487755562036,0.004252308448913116
10.00614145952249,10.000932495388515,0.006141459522490145,0.0009324953885146642
10.006483359211376,9.9971851681562,0.006483359211376579,-0.0028148318437996468
10.006825182809582,10.017998127953488,0.006825182809582154,0.017998127953488374
10.007166926305361,10.017348015493296,0.007166926305361057,0.017348015493295774
10.007508585687907,10.02661898355874,0.007508585687907236,0.02661898355873959
10.007850156947402,9.979447784219063,0.007850156947402166,-0.02055221578093583
10.008191636075061,10.025134487885605,0.008191636075061208,0.025134487885604552
10.008533019063181,10.019157464398603,0.008533019063181274,0.019157464398603767
10.008874301905188,10.028507698096163,0.008874301905187605,0.02850769809616375
10.00921548059568,9.979969945480962,0.009215480595680512,-0.020030054519037555
10.009556551130483,10.017578305746856,0.009556551130483025,0.017578305746856333
10.009897509506688,10.054479803168277,0.009897509506687161,0.05447980316827819
10.010238351722702,10.039164756872317,0.01023835172270162,0.03916475687231699
10.010579073778299,10.041298373229635,0.010579073778298038,0.04129837322963542
10.010919671674658,10.048592333093433,0.01091967167465865,0.04859233309343222
10.011260141414423,9.999675085236237,0.011260141414422503,-0.0003249147637632045
10.011600479001734,10.006122488663573,0.011600479001733081,0.006122488663572961
10.011940680442285,10.004130938921547,0.0119406804422845,0.004130938921547554
10.01228074174337,10.01143504450531,0.012280741743368998,0.011435044505310797
10.012620658913924,10.009166054949791,0.012620658913923536,0.009166054949790918
10.012960427964577,10.011333185324451,0.012960427964576367,0.011333185324450622
10.013300044907695,10.02237063032923,0.013300044907694479,0.022370630329229774
10.01363950575743,10.008499037641236,0.013639505757429683,0.008499037641236044
10.013978806529765,10.01747789566896,0.01397880652976611,0.017477895668961522
10.014317943242567,9.975239787295132,0.014317943242566248,-0.024760212704868143
10.014656911915619,10.00702786058851,0.014656911915618399,0.007027860588510346
10.014995708570682,10.029060658528707,0.014995708570682668,0.029060658528707276
10.015334329231539,10.034917068402054,0.015334329231538374,0.03491706840205307
10.01567276992403,10.00194532010654,0.01567276992403001,0.0019453201065400584
10.016011026676114,10.044283012676857,0.01601102667611448,0.044283012676856276
10.016349095517908,9.986361471340187,0.016349095517907492,-0.013638528659813527
10.01668697248173,10.01571415963519,0.01668697248172984,0.015714159635189313
10.017024653602155,10.011272721620033,0.01702465360215463,0.011272721620032535
10.017362134916054,9.992356302524133,0.017362134916053075,-0.007643697475867815
10.017699412462642,10.0076370555624,0.01769941246264174,0.007637055562400056
10.018036482283529,9.998517916485998,0.018036482283528305,-0.001482083514002249
10.018373340422759,10.037847346236823,0.018373340422758747,0.03784734623682311
10.018709982926863,10.01928697060514,0.018709982926863048,0.01928697060514105
10.019046405844902,10.044456936042348,0.019046405844902203,0.044456936042348585
10.019382605228515,10.00903216874085,0.019382605228514344,0.009032168740850648
10.019718577131961,10.001566247634262,0.019718577131960815,0.0015662476342618165
10.020054317612173,10.068319765293978,0.020054317612173068,0.06831976529397886
10.020389822728799,10.00924586549208,0.02038982272879828,0.009245865492079522
10.020725088544246,10.00649795665969,0.020725088544246262,0.006497956659689556
10.021060111123735,10.029774868643415,0.021060111123734987,0.029774868643414033
10.021394886535337,10.018523492370639,0.021394886535337485,0.01852349237063825
10.021729410850027,10.003776855968628,0.02172941085002725,0.0037768559686272643
10.022063680141725,9.988514811026654,0.022063680141725096,-0.01148518897334631
10.022397690487345,10.057498709751396,0.02239769048734451,0.05749870975139628
10.022731437966838,10.034016921484687,0.022731437966838297,0.03401692148468679
10.023064918663245,10.03919828306982,0.02306491866324436,0.03919828306982031
10.02339812866273,10.011304577557263,0.023398128662731374,0.011304577557263131
10.023731064054646,10.042930066931024,0.02373106405464535,0.04293006693102418
10.024063720931554,10.005468967318908,0.02406372093155483,0.0054689673189089565
10.024396095389298,10.022015665606324,0.024396095389297434,0.0220156656063238
10.024728183527024,10.039582072731394,0.024728183527024994,0.03958207273139314
10.02505998144725,9.961281313692899,0.02505998144725004,-0.03871868630710169
10.025391485255891,10.013464468743315,0.025391485255890817,0.013464468743315286
10.025722691062319,10.0502466742364,0.025722691062317723,0.050246674236399086
10.026053594979398,10.019540084504525,0.02605359497939822,0.019540084504525566
10.026384193123544,10.041966197349636,0.026384193123543138,0.04196619734963497
10.026714481614752,10.063625532027475,0.026714481614751918,0.06362553202747387
10.027044456576657,10.005450700660715,0.027044456576657938,0.005450700660714916
10.027374114136574,10.045432147143245,0.02737411413657459,0.04543214714324544
10.02770345042554,10.000917191929549,0.027703450425540052,0.0009171919295493901
10.028032461578363,10.0344950626006,0.028032461578363383,0.034495062600599924
10.028361143733669,10.014914732417878,0.028361143733669186,0.014914732417877797
10.028689493033944,10.023705693151555,0.028689493033943633,0.0237056931515551
10.029017505625578,10.059258099714366,0.029017505625579032,0.059258099714367005
10.02934517765892,10.023148337665988,0.02934517765891976,0.023148337665988693
10.029672505288307,10.06729387611333,0.029672505288306734,0.06729387611333076
10.029999484672123,10.00903292637526,0.02999948467212317,0.009032926375260673
10.030326111972839,10.033172592355976,0.03032611197283938,0.0331725923559766
10.030652383357058,10.006562405303017,0.030652383357057607,0.006562405303015953
10.030978294995558,10.016221303696499,0.03097829499555755,0.016221303696499025
10.031303843063341,10.022246018704216,0.03130384306334067,0.022246018704216032
10.031629023739676,10.060615553411415,0.031629023739675736,0.06061555341141475
10.031953833208142,10.039623622972105,0.031953833208143,0.03962362297210546
10.032278267656679,9.994253193987328,0.032278267656679654,-0.00574680601267169
10.032602323277624,10.038488402707653,0.032602323277623926,0.038488402707653364
10.03292599626776,9.992974376809066,0.03292599626776029,-0.007025623190933236
10.033249282828365,10.047522543276665,0.033249282828363924,0.047522543276665115
10.033572179165246,10.026525672372465,0.03357217916524501,0.02652567237246551
10.033894681488794,10.041730125433133,0.033894681488793835,0.04173012543313395
10.034216786014024,10.054234074876447,0.03421678601402461,0.05423407487644665
10.03453848896062,9.979970483158747,0.03453848896062057,-0.02002951684125362
10.034859786552978,10.037999218067887,0.03485978655297767,0.0379992180678863
10.03518067502025,10.071292353608884,0.03518067502024956,0.07129235360888377
10.03550115059639,10.042867689834102,0.03550115059639116,0.04286768983410194
10.035821209520204,10.046536260902087,0.03582120952020355,0.04653626090208634
10.036140848035377,10.039909530254667,0.036140848035377426,0.039909530254666564
10.036460062390537,10.036871064967139,0.036460062390537805,0.03687106496713814
10.036778848839289,10.01910767776565,0.03677884883928774,0.019107677765649766
10.037097203640252,10.017214029747512,0.03709720364025209,0.017214029747511628
10.037415123057121,10.047948472582306,0.037415123057121996,0.0479484725823064
10.037732603358698,10.03905389156518,0.037732603358698075,0.039053891565180715
10.038049640818935,10.056528260593813,0.03804964081893485,0.05652826059381383
10.038366231716983,10.007700843222063,0.038366231716983855,0.0077008432220618366
10.038682372337238,10.060755899856979,0.038682372337237925,0.060755899856979254
10.038998058969375,10.044306641136176,0.038998058969374166,0.044306641136175
10.039313287908397,10.036427476689859,0.03931328790839817,0.036427476689858906
10.039628055454687,10.016387709022759,0.03962805545468682,0.016387709022758403
10.039942357914033,10.018922154456057,0.03994235791403228,0.018922154456056883
10.040256191597685,10.06324624217142,0.04025619159768511,0.06324624217141958
10.040569552822397,10.022988539424627,0.04056955282239736,0.02298853942462667
10.040882437910467,10.049281426936076,0.04088243791046629,0.04928142693607574
10.041194843189777,10.048979203571827,0.04119484318977693,0.04897920357182667
10.041506764993846,10.04330081113061,0.04150676499384583,0.04330081113061096
10.041818199661863,10.048625450325396,0.0418181996618634,0.04862545032539593
10.042129143538737,10.040127121013974,0.04212914353873756,0.040127121013973616
10.042439592975136,10.03519711936402,0.04243959297513602,0.03519711936401947
10.04274954432753,10.03494395459475,0.04274954432752966,0.0349439545947505
10.043058993958235,10.039123239505585,0.04305899395823473,0.03912323950558505
10.043367938235455,10.048843363660554,0.0433679382354561,0.04884336366055419
10.04367637353333,10.01595413925277,0.043676373533329586,0.01595413925276953
10.043984296231965,10.050444163256214,0.043984296231964315,0.05044416325621525
10.044291702717485,10.048756153857385,0.04429170271748576,0.04875615385738505
10.044598589382078,10.076519493717774,0.0445985893820775,0.07651949371777353
10.044904952624025,10.030069942790897,0.04490495262402423,0.030069942790897065
10.045210788847754,10.110917627471283,0.04521078884775335,0.11091762747128264
10.045516094463878,10.058829100895794,0.04551609446387783,0.05882910089579419
10.045820865889239,10.044393500946612,0.0458208658892377,0.044393500946611576
10.046125099546943,10.035105340164357,0.046125099546942744,0.03510534016435682
10.046428791866413,10.025222972783066,0.0464287918664138,0.025222972783065074
10.046731939283426,10.021116900173041,0.046731939283425304,0.021116900173041395
10.047034538240148,10.039860772561262,0.04703453824014678,0.03986077256126188
10.047336585185185,10.036233755444588,0.04733658518518446,0.03623375544458878
10.047638076573623,10.041491929489181,0.04763807657362343,0.0414919294891822
10.047939008867068,10.056664937231984,0.04793900886706866,0.0566649372319834
10.048239378533687,10.07733808593674,0.048239378533687156,0.07733808593673995
10.048539182048248,10.05343274125441,0.04853918204824875,0.053432741254410096
10.048838415892169,10.050942871181697,0.048838415892168134,0.05094287118169593
10.049137076553546,10.071761195201525,0.049137076553545496,0.07176119520152459
10.049435160527208,10.028130407663085,0.04943516052720834,0.02813040766308501
10.049732664314753,10.038524312201334,0.049732664314752296,0.03852431220133358
10.050029584424582,10.019479240091536,0.050029584424582066,0.01947924009153644
10.050325917371953,10.078026846361276,0.05032591737195285,0.07802684636127637
10.050621659679011,10.04147723978583,0.05062165967901064,0.04147723978583147
10.050916807874835,10.032474935474257,0.05091680787483369,0.032474935474257546
10.051211358495472,10.08758818455188,0.05121135849547264,0.0875881845518804
10.051505308083991,10.06235915467532,0.05150530808399171,0.062359154675320896
10.05179865319051,10.02369590251597,0.05179865319050876,0.02369590251596926
10.052091390372237,10.049047341946117,0.052091390372236306,0.04904734194611786
10.05238351619352,10.055455875486725,0.05238351619352136,0.055455875486724975
10.052675027225886,10.016654841086005,0.05267502722588629,0.016654841086004457
10.052965920048068,10.08170981670406,0.052965920048068785,0.08170981670406034
10.053256191246062,10.06316657106304,0.05325619124606184,0.06316657106303895
10.053545837413154,10.05485266990807,0.0535458374131543,0.05485266990807081
10.05383485514997,10.059891707564736,0.05383485514997027,0.05989170756473685
10.05412324106451,10.053757055098416,0.05412324106450962,0.0537570550984164
10.054410991772187,10.055510333055288,0.05441099177218716,0.05551033305528783
10.054698103895873,10.056913165256924,0.05469810389587298,0.05691316525692377
10.054984574065932,10.05327321141751,0.05498457406593149,0.05327321141751085
10.055270398920262,10.077840688159299,0.05527039892026159,0.07784068815929929
10.055555575104336,10.06176356281296,0.055555575104335446,0.06176356281296017
10.055840099271238,10.060239421414899,0.0558400992712385,0.060239421414899255
10.056123968081708,10.057724216507607,0.05612396808170842,0.05772421650760697
10.056407178204173,10.087961957716656,0.05640717820417415,0.08796195771665676
10.056689726314795,10.074989042194225,0.05668972631479546,0.07498904219422492
10.056971609097502,10.040560562983579,0.056971609097501444,0.04056056298357877
10.05725282324403,10.040433721153253,0.057252823244029916,0.040433721153252465
10.057533365453965,10.057826263323081,0.05753336545396577,0.05782626332308193
10.05781323243478,10.041548916998597,0.05781323243478023,0.041548916998597196
10.058092420901868,10.068473164082736,0.058092420901868905,0.06847316408273665
10.058370927578592,10.072081130263452,0.05837092757859097,0.07208113026345153
10.058648749196307,10.038505130609193,0.058648749196306985,0.038505130609193694
10.058925882494417,10.09017100680732,0.0589258824944178,0.09017100680732111
10.059202324220403,10.066325277958713,0.05920232422040257,0.06632527795871287
10.059478071129856,10.086629370983019,0.05947807112985679,0.08662937098301814
10.059753119986532,10.028805969839476,0.05975311998653076,0.028805969839476107
10.060027467562367,10.039539917865014,0.06002746756236709,0.03953991786501465
10.060301110637539,10.085498405943461,0.06030111063753912,0.08549840594346164
10.060574046000488,10.05284283525138,0.0605740460004881,0.0528428352513795
10.060846270447962,10.044631423817243,0.06084627044796157,0.04463142381724374
10.06111778078505,10.054465425522142,0.061117780785050216,0.05446542552214248
10.061388573825226,10.056720760703431,0.06138857382522603,0.05672076070343181
10.061658646390379,10.055205798818667,0.06165864639037936,0.05520579881866744
10.061927995310857,10.07741602043348,0.06192799531085609,0.0774160204334797
10.062196617425496,10.055558391358186,0.06219661742549531,0.05555839135818709
10.062464509581666,10.04834262904592,0.06246450958166581,0.048342629045918434
10.062731668635303,10.044357132396653,0.06273166863530369,0.04435713239665325
10.062998091450948,10.070914888743024,0.0629980914509487,0.07091488874302342
10.063263774901781,10.08928269424935,0.06326377490178157,0.08928269424935086
10.06352871586966,10.083895253766553,0.06352871586966015,0.08389525376655199
10.063792911245157,10.030639208364846,0.06379291124515661,0.03063920836484639
10.064056357927594,10.041564430603197,0.06405635792759329,0.041564430603196034
10.06431905282508,10.086295872279125,0.06431905282507969,0.0862958722791256
10.064580992854548,10.077117829785623,0.06458099285454842,0.07711782978562197
10.064842174941791,10.050452200543143,0.06484217494179133,0.05045220054314316
10.065102596021497,10.057169706813658,0.06510259602149586,0.057169706813657524
10.06536225303728,10.034957282258098,0.06536225303728074,0.03495728225809852
10.065621142941731,10.064315709575324,0.06562114294173214,0.06431570957532312
10.06587926269644,10.082565256148087,0.06587926269643911,0.08256525614808607
10.06613660927203,10.058654178866439,0.06613660927202956,0.058654178866438006
10.066393179648205,10.05611393609222,0.06639317964820553,0.05611393609222033
10.066648970813779,10.032907272156956,0.06664897081377895,0.03290727215695604
10.066903979766707,10.059574120349478,0.06690397976670656,0.05957412034947758
10.067158203514126,10.039785453160857,0.06715820351412562,0.03978545316085655
10.06741163907239,10.078426342990634,0.06741163907238874,0.0784263429906338
10.0676642834671,10.05205770089436,0.06766428346709881,0.05205770089436082
10.067916133733144,10.025179506428247,0.0679161337331443,0.02517950642824729
10.068167186914733,10.103489153482084,0.06816718691473356,0.10348915348208415
10.06841744006543,10.06097385751503,0.06841744006543002,0.06097385751503042
10.068666890248187,10.0399206046183,0.06866689024818626,0.03992060461830062
10.068915534535378,10.035033513892364,0.06891553453537899,0.035033513892362915
10.069163370008843,10.088283976020472,0.06916337000884291,0.0882839760204726
10.069410393759906,10.058594291281597,0.06941039375990546,0.058594291281597446
10.06965660288942,10.054021551917147,0.06965660288942042,0.054021551917147394
10.069901994507802,10.051506713223166,0.06990199450780246,0.05150671322316623
10.07014656573506,10.065619210006657,0.07014656573506077,0.06561921000665695
10.070390313700832,10.057041520518434,0.07039031370083271,0.05704152051843327
10.070633235544419,10.060801386323233,0.07063323554441796,0.06080138632323212
10.070875328414811,10.055391615557777,0.07087532841481153,0.05539161555777668
10.071116589470737,10.081795924266869,0.07111658947073785,0.08179592426686849
10.071357015880684,10.063861364390892,0.07135701588068342,0.06386136439089239
10.07159660482293,10.045614148066074,0.07159660482293072,0.045614148066072946
10.071835353485591,10.066116753909142,0.07183535348559075,0.06611675390914179
10.072073259066636,10.093732883943126,0.07207325906663652,0.09373288394312593
10.072310318773935,10.08791232268626,0.07231031877393543,0.08791232268625951
10.072546529825283,10.028195653029753,0.07254652982528255,0.028195653029752556
10.072781889448432,10.04763747120657,0.07278188944843302,0.047637471206569734
10.073016394881135,10.08884812417653,0.07301639488113439,0.08884812417653136
10.073250043371159,10.098987818213468,0.07325004337115952,0.09898781821346705
10.073482832176339,10.072813480742397,0.07348283217633837,0.07281348074239738
10.073714758564591,10.072531794072894,0.07371475856459063,0.07253179407289397
10.073945819813957,10.099233291714958,0.0739458198139574,0.09923329171495837
10.074176013212634,10.016415604804727,0.07417601321263348,0.016415604804727063
10.074405336058998,10.093180897711518,0.07440533605899884,0.09318089771151815
10.07463378566165,10.07678222917805,0.07463378566165069,0.07678222917804974
10.074861359339435,10.040793642243798,0.07486135933943489,0.04079364224379762
10.075088054421478,10.07163787484124,0.07508805442147722,0.07163787484123989
10.075313868247216,10.08032977927143,0.07531386824721521,0.0803297792714309
10.075538798166429,10.051494946329314,0.07553879816642882,0.05149494632931381
10.075762841539271,10.050712628073722,0.07576284153927203,0.050712628073721844
10.075985995736303,10.070733930494926,0.07598599573630338,0.07073393049492575
10.076208258138518,10.0442552495282,0.0762082581385173,0.04425524952820115
10.076429626137374,10.105232388614782,0.07642962613737432,0.1052323886147827
10.076650097134833,10.064215842011246,0.07665009713483224,0.06421584201124592
10.076869668543376,10.088963491647611,0.07686966854337607,0.08896349164761172
10.07708833778605,10.081563260747037,0.07708833778604886,0.0815632607470374
10.077306102296482,10.052892820156142,0.07730610229648176,0.052892820156141884
10.077522959518923,10.091977735093216,0.07752295951892395,0.0919777350932166
10.077738906908273,10.043953619395145,0.07773890690827305,0.043953619395144895
10.077953941930105,10.07367989003373,0.07795394193010453,0.07367989003373046
10.078168062060701,10.11168995763744,0.07816806206070194,0.1116899576374395
10.078381264787087,10.109823186393283,0.07838126478708599,0.10982318639328402
10.078593547607044,10.065157543397454,0.07859354760704458,0.06515754339745364
10.078804908029161,10.089172974904365,0.07880490802916172,0.08917297490436527
10.079015343572847,10.065317185843396,0.07901534357284712,0.06531718584339632
10.079224851768364,10.07934049802909,0.07922485176836497,0.07934049802908964
10.079433430156863,10.057115658476334,0.07943343015686324,0.057115658476334985
10.079641076290402,10.10512217922174,0.07964107629040244,0.10512217922173901
10.079847787731984,10.051570188379753,0.0798477877319841,0.05157018837975172
10.08005356205558,10.065280842182462,0.08005356205557983,0.06528084218246247
10.08025839684616,10.116334069981342,0.08025839684615929,0.1163340699813421
10.08046228969972,10.088937998786157,0.08046228969971903,0.0889379987861582
10.080665238223311,10.08618395653615,0.08066523822331023,0.08618395653615002
10.080867240035067,10.05389628395506,0.08086724003506726,0.053896283955060985
10.081068292764234,10.064663927146455,0.08106829276423512,0.0646639271464545
10.081268394051198,10.079141224017414,0.0812683940511978,0.07914122401741447
10.081467541547505,10.07799609057416,0.08146754154750546,0.0779960905741609
10.081665732915903,10.074402519998424,0.08166573291590241,0.07440251999842434
10.081862965830354,10.068502459446943,0.08186296583035436,0.0685024594469436
10.082059237976075,10.070809957021618,0.08205923797607559,0.07080995702161762
10.082254547049557,10.076772048222985,0.08225454704955643,0.07677204822298461
10.08244889075859,10.086868536310957,0.08244889075858997,0.08686853631095813
10.0826422668223,10.111269794057213,0.08264226682229922,0.11126979405721256
10.082834672971163,10.084612089115462,0.08283467297116366,0.08461208911546117
10.083026106947045,10.067606663236923,0.08302610694704615,0.06760666323692238
10.08321656650322,10.08787871319163,0.0832165665032191,0.08787871319162965
10.083406049404392,10.050095337841654,0.08340604940439107,0.05009533784165454
10.083594553426733,10.091415433843,0.08359455342673305,0.09141543384300081
10.083782076357904,10.062975180602988,0.08378207635790424,0.06297518060298882
10.083968615997078,10.062909078963495,0.08396861599707842,0.06290907896349479
10.084154170154969,10.066328807338511,0.0841541701549694,0.06632880733851082
10.084338736653857,10.0638450286556,0.08433873665385712,0.06384502865559956
10.084522313327613,10.06273974827207,0.08452231332761276,0.06273974827207
10.084704898021725,10.043191866393673,0.08470489802172458,0.04319186639367425
10.084886488593323,10.067912254663156,0.08488648859332285,0.06791225466315695
10.085067082911205,10.09735249795007,0.08506708291120534,0.09735249795006884
10.085246678855862,10.065216584681155,0.08524667885586196,0.06521658468115427
10.0854252743195,10.069134387972719,0.08542527431949998,0.06913438797271931
10.085602867206068,10.090210896821276,0.08560286720606865,0.09021089682127628
10.085779455431284,10.043137391851428,0.08577945543128357,0.04313739185142819
10.085955036922652,10.085882471221886,0.0859550369226516,0.08588247122188673
10.086129609619494,10.073159565106241,0.08612960961949473,0.0731595651062421
10.086303171472975,10.117340968045681,0.0863031714729746,0.11734096804568103
10.086475720446117,10.100158472211591,0.08647572044611632,0.10015847221159185
10.086647254513833,10.075322365848807,0.0866472545138326,0.07532236584880769
10.086817771662947,10.081556860411645,0.08681777166294723,0.0815568604116451
10.08698726989222,10.089887656737087,0.08698726989221903,0.08988765673708683
10.087155747212366,10.09379179449043,0.087155747212365,0.0937917944904303
10.087323201646084,10.097444428039386,0.087323201646084,0.09744442803938563
10.08748963122808,10.090571162804665,0.08748963122807976,0.09057116280466439
10.087655034005083,10.105188441442372,0.08765503400508386,0.10518844144237326
10.087819408035879,10.091710749657235,0.08781940803587897,0.09171074965723462
10.087982751391321,10.113198419159753,0.08798275139132126,0.11319841915975287
10.088145062154364,10.095797785880666,0.08814506215436337,0.09579778588066595
10.088306338420077,10.088907270941789,0.08830633842007661,0.08890727094178821
10.088466578295673,10.12253334657708,0.08846657829567361,0.12253334657708106
10.08862577990053,10.077828869435324,0.08862577990053028,0.07782886943532413
10.088783941366207,10.108574325910974,0.0887839413662081,0.108574325910974
10.088941060836476,10.123337199550189,0.0889410608364758,0.12333719955018876
10.08909713646733,10.070030950178053,0.0890971364673314,0.07003095017805282
10.089252166427023,10.10136911929137,0.08925216642702374,0.10136911929136903
10.089406148896074,10.098662097550873,0.08940614889607386,0.09866209755087257
10.089559082067296,10.104651982127296,0.08955908206729662,0.10465198212729478
10.089710964145821,10.036258844002969,0.08971096414582164,0.036258844002969706
10.089861793349115,10.094177881846006,0.08986179334911458,0.09417788184600594
10.090011567906998,10.087225863799775,0.09001156790699782,0.0872258637997741
10.090160286061671,10.06901375975524,0.0901602860616716,0.06901375975523986
10.090307946067734,10.07544283747104,0.09030794606773421,0.07544283747104125
10.090454546192202,10.119567867499207,0.09045454619220283,0.11956786749920678
10.090600084714534,10.086948488517205,0.09060008471453368,0.08694848851720444
10.090744559926643,10.100366286010816,0.09074455992664228,0.10036628601081643
10.090887970132924,10.093837497760832,0.09088797013292353,0.09383749776083154
10.091030313650272,10.111930594424878,0.09103031365027144,0.11193059442487913
10.091171588808098,10.127933622008644,0.09117158880809915,0.1279336220086435
10.091311793948359,10.070680363752881,0.09131179394835828,0.07068036375288068
10.091450927425559,10.078219718353255,0.0914509274255586,0.078219718353255
10.091588987606787,10.074360012035438,0.09158898760678712,0.07436001203543754
10.091725972871728,10.083956886476964,0.09172597287172753,0.08395688647696331
10.09186188161268,10.11026733890443,0.09186188161267893,0.11026733890443087
10.091996712234575,10.101817819553691,0.0919967122345749,0.10181781955369155
10.092130463155002,10.080116787350429,0.0921304631550022,0.08011678735042825
10.09226313280422,10.058593798084988,0.09226313280421916,0.058593798084988845
10.092394719625174,10.109766658451234,0.0923947196251744,0.10976665845123318
10.092525222073524,10.102421640421214,0.09252522207352479,0.1024216404212139
10.092654638617654,10.096702117872523,0.09265463861765386,0.09670211787252356
10.092782967738689,10.096784580763465,0.09278296773868953,0.09678458076346501
10.092910207930522,10.093669145793223,0.09291020793052215,0.09366914579322232
10.093036357699821,10.079179549887307,0.09303635769982199,0.07917954988730666
10.093161415566057,10.06743192207483,0.09316141556605692,0.06743192207482979
10.09328538006151,10.108329088159298,0.09328538006150966,0.10832908815929775
10.093408249731295,10.091966040391187,0.09340824973129508,0.09196604039118696
10.093530023133377,10.05015132679235,0.09353002313337733,0.0501513267923493
10.093650698838587,10.068854960593088,0.09365069883858654,0.06885496059308759
10.093770275430636,10.108356371789915,0.09377027543063593,0.10835637178991456
10.093888751506139,10.095907277658727,0.09388875150613805,0.09590727765872703
10.094006125674621,10.08364381071958,0.09400612567462163,0.08364381071958003
10.094122396558548,10.08597955689096,0.0941223965585476,0.08597955689096079
10.094237562793326,10.071833074182866,0.09423756279332543,0.071833074182866
10.094351623027329,10.08141251092693,0.09435162302732902,0.08141251092692947
10.094464575921913,10.101149438567152,0.09446457592191276,0.1011494385671524
10.094576420151427,10.067146268854499,0.09457642015142698,0.06714626885449873
10.094687154403234,10.07399722974264,0.09468715440323366,0.07399722974263924
10.094796777377722,10.13341589343175,0.09479677737772196,0.13341589343174873
10.094905287788324,10.066783675320577,0.09490528778832313,0.0667836753205769
10.095012684361526,10.078537612566338,0.09501268436152599,0.07853761256633725
10.09511896583689,10.115970168086843,0.0951189658368915,0.11597016808684378
10.095224130967068,10.132232676237665,0.09522413096706793,0.13223267623766582
10.095328178517805,10.118586479376297,0.0953281785178052,0.11858647937629671
10.09543110726797,10.125291748928388,0.09543110726796956,0.12529174892838926
10.095532916009558,10.098001340012928,0.09553291600955778,0.09800134001292814
10.09563360354771,10.107996875145075,0.09563360354771147,0.10799687514507496
10.09573316870073,10.106088493480417,0.09573316870073091,0.10608849348041771
10.09583161030009,10.100594574070328,0.09583161030008915,0.10059457407032789
10.095928927190446,10.086224895513798,0.09592892719044557,0.0862248955137977
10.09602511822966,10.086105490010052,0.09602511822965942,0.08610549001005269
10.096120182288804,10.119803622028021,0.0961201822888034,0.11980362202802103
10.096214118252176,10.06412988064976,0.09621411825217664,0.06412988064976015
10.096306925017318,10.059476588167849,0.09630692501731809,0.05947658816784848
10.09639860149502,10.087878471129743,0.09639860149501922,0.0878784711297438
10.096489146609336,10.077514264370745,0.09648914660933698,0.07751426437074482
10.096578559297607,10.090728459522962,0.09657855929760623,0.09072845952296256
10.096666838510453,10.067805954372448,0.09666683851045242,0.06780595437244707
10.096753983211803,10.08788613953056,0.09675398321180381,0.08788613953056115
10.096839992378904,10.125151847439339,0.09683999237890359,0.12515184743933955
10.096924865002322,10.087854611343984,0.09692486500232196,0.08785461134398355
10.097008600085967,10.069439352859387,0.09700860008596791,0.06943935285938763
10.097091196647101,10.08022906032556,0.09709119664710099,0.08022906032556026
10.097172653716342,10.12923342344942,0.09717265371634275,0.1292334234494212
10.097252970337689,10.090157948050903,0.0972529703376882,0.09015794805090302
10.097332145568517,10.110024253212936,0.09733214556851695,0.11002425321293643
10.097410178479604,10.110898535195469,0.0974101784796044,0.11089853519546916
10.097487068155132,10.09752321109854,0.09748706815513246,0.0975232110985407
10.0975628136927,10.109019426845332,0.09756281369270045,0.10901942684533299
10.097637414203335,10.101119847045062,0.0976374142033357,0.101119847045063
10.097710868811504,10.078004847293453,0.09771086881150381,0.07800484729345256
10.097783176655119,10.143460558810853,0.09778317665511913,0.14346055881085334
10.097854336885554,10.116241621377394,0.09785433688555473,0.1162416213773938
10.097924348667652,10.08788883275663,0.09792434866765248,0.08788883275662943
10.097993211179732,10.1202142278605,0.09799321117973273,0.12021422786049918
10.098060923613604,10.149769561240392,0.09806092361360406,0.1497695612403917
10.098127485174572,10.092816742553358,0.09812748517457266,0.09281674255335756
10.098192895081452,10.098537174349618,0.0981928950814518,0.09853717434961717
10.098257152566571,10.095877152064348,0.09825715256657083,0.09587715206434863
10.098320256875784,10.096684944258172,0.09832025687578433,0.0966849442581721
10.09838220726848,10.087040270205328,0.09838220726848089,0.08704027020532863
10.098443003017591,10.073024134857626,0.09844300301759178,0.0730241348576257
10.0985026434096,10.108230235269183,0.09850264340959958,0.10823023526918252
10.098561127744546,10.12686441388003,0.09856112774454642,0.12686441388002961
10.098618455336043,10.06713355377897,0.09861845533604237,0.0671335537789687
10.098674625511274,10.096434011004204,0.09867462551127329,0.09643401100420496
10.098729637611008,10.103324135028629,0.09872963761100889,0.10332413502862889
10.09878349098961,10.072639099590157,0.09878349098961038,0.07263909959015692
10.098836185015038,10.132386982237128,0.09883618501503812,0.13238698223712758
10.098887719068859,10.092923039367232,0.09888771906885892,0.0929230393672325
10.098938092546254,10.088856425753791,0.09893809254625342,0.0888564257537917
10.098987304856022,10.09866626868333,0.09898730485602315,0.09866626868332865
10.099035355420597,10.0855240074648,0.09903535542059741,0.08552400746480054
10.09908224367604,10.096489271481836,0.09908224367604013,0.09648927148183635
10.099127969072056,10.101154467972425,0.09912796907205644,0.10115446797242453
10.099172531072,10.083142085473364,0.09917253107199916,0.08314208547336424
10.099215929152875,10.083132741407372,0.09921592915287507,0.08313274140737122
10.09925816280535,10.09859390763205,0.09925816280535105,0.09859390763205064
10.09929923153376,10.117952303679319,0.09929923153376008,0.11795230367931811
10.099339134856107,10.121660643092193,0.09933913485610703,0.12166064309219392
10.099377872304075,10.111079186206014,0.09937787230407436,0.11107918620601503
10.099415443423027,10.104537631933669,0.09941544342302754,0.1045376319336689
10.09945184777202,10.08334056301747,0.09945184777202049,0.08334056301747046
10.099487084923801,10.118815036701609,0.09948708492380064,0.11881503670160892
10.099521154464814,10.123686441120023,0.09952115446481406,0.12368644112002322
10.09955405599521,10.068114720130367,0.09955405599521022,0.0681147201303667
10.099585789128847,10.082844843403928,0.09958578912884672,0.08284484340392725
10.099616353493294,10.108607263829926,0.09961635349329381,0.10860726382992607
10.09964574872984,10.061755474205821,0.09964574872983883,0.0617554742058209
10.09967397449349,10.118477822992755,0.09967397449349029,0.11847782299275433
10.099701030452982,10.11597362570244,0.09970103045298201,0.1159736257024402
10.099726916290777,10.122906230855058,0.09972691629077704,0.12290623085505792
10.099751631703072,10.145027881847547,0.09975163170307125,0.1450278818475462
10.099775176399797,10.11421206908421,0.09977517639979705,0.11421206908421133
10.099797550104627,10.084492573808397,0.09979755010462671,0.08449257380839661
10.099818752554976,10.113367402313616,0.09981875255497558,0.1133674023136152
10.099838783502005,10.112365086705358,0.09983878350200523,0.11236508670535729
10.099857642710626,10.08819480856201,0.0998576427106264,0.08819480856200942
10.099875329959502,10.089585732907576,0.09987532995950163,0.08958573290757625
10.099891845041048,10.102630783125846,0.09989184504104798,0.10263078312584566
10.09990718776144,10.087799227394433,0.09990718776143943,0.08779922739443344
10.099921357940609,10.121642454283785,0.09992135794060913,0.12164245428378552
10.099934355412252,10.105558500037867,0.09993435541225153,0.1055585000378675
10.099946180023824,10.100202286870964,0.09994618002382433,0.10020228687096411
10.09995683163655,10.106864938218044,0.09995683163655032,0.10686493821804345
10.099966310125419,10.070617197578407,0.09996631012541889,0.07061719757840701
10.099974615379187,10.12129391109031,0.0999746153791876,0.12129391109030979
10.099981747300383,10.10111397804499,0.09998174730038349,0.1011139780449913
10.099987705805304,10.142335919087559,0.09998770580530414,0.14233591908755905
10.099992490824018,10.091723407448486,0.0999924908240187,0.09172340744848584
10.099996102300368,10.099785167886782,0.09999610230036877,0.09978516788678167
10.099998540191969,10.104326641413698,0.09999854019196895,0.10432664141369771
10.099999804470208,10.107829512661626,0.09999980447020738,0.10782951266162608
10.099999895120247,10.06232022246502,0.09999989512024614,0.062320222465019795
10.09999881214102,10.11964688042006,0.0999988121410213,0.1196468804200592
10.099996555545243,10.081436139597619,0.09999655554524305,0.08143613959761813
10.099993125359395,10.071459292829115,0.09999312535939547,0.07145929282911453
10.099988521623736,10.12141642999336,0.0999885216237363,0.12141642999335989
10.099982744392296,10.070807023701741,0.09998274439229636,0.07080702370174086
10.09997579373288,10.091175681400813,0.099975793732879,0.09117568140081345
10.099967669727059,10.07193474091409,0.09996766972705928,0.07193474091408923
10.099958372470184,10.078435632008263,0.09995837247018304,0.07843563200826337
10.099947902071365,10.118537478555032,0.09994790207136568,0.11853747855503256
10.099936258653491,10.114403590297476,0.09993625865349101,0.11440359029747582
10.09992344235321,10.060242618297428,0.09992344235320974,0.0602426182974278
10.099909453320938,10.098554602335874,0.09990945332093787,0.09855460233587353
10.099894291720855,10.080968691247048,0.09989429172085494,0.0809686912470474
10.099877957730902,10.112073477534295,0.09987795773090213,0.11207347753429574
10.09986045154278,10.075699685528763,0.09986045154278012,0.07569968552876273
10.099841773361947,10.114131946156176,0.09984177336194687,0.1141319461561757
10.099821923407616,10.119765356027576,0.0998219234076152,0.11976535602757635
10.09980090191275,10.10948611270157,0.09980090191275025,0.10948611270156894
10.099778709124067,10.065510337820719,0.09977870912406667,0.06551033782071924
10.099755345302025,10.090412411747053,0.09975534530202579,0.09041241174705367
10.099730810720832,10.104041768466258,0.09973081072083258,0.10404176846625895
10.099705105668432,10.139867585334633,0.09970510566843234,0.13986758533463223
10.099678230446507,10.113859759430524,0.09967823044650742,0.1138597594305236
10.099650185370473,10.078707449192335,0.09965018537047363,0.07870744919233506
10.099620970769477,10.099737907626508,0.09962097076947651,0.09973790762650778
10.099590586986388,10.102666355054454,0.09959058698638751,0.10266635505445498
10.0995590343778,10.076426339051746,0.09955903437780003,0.0764263390517463
10.099526313314025,10.120844381091947,0.09952631331402506,0.12084438109194659
10.099492424179086,10.087632565387922,0.099492424179087,0.08763256538792219
10.09945736737072,10.094373293177016,0.09945736737071909,0.09437329317701583
10.099421143300358,10.108594587769204,0.09942114330035867,0.1085945877692037
10.099383752393143,10.087262468835682,0.09938375239314252,0.08726246883568227
10.099345195087901,10.084868898733157,0.09934519508790172,0.08486889873315714
10.099305471837157,10.146637958488228,0.09930547183715657,0.14663795848822708
10.09926458310711,10.095233050728039,0.09926458310711123,0.09523305072803856
10.099222529377649,10.126412721969235,0.09922252937764833,0.12641272196923511
10.099179311142324,10.1285190553056,0.09917931114232324,0.1285190553056008
10.099134928908358,10.11765786355269,0.09913492890835837,0.11765786355269015
10.099089383196636,10.12461111365468,0.09908938319663713,0.12461111365468097
10.099042674541698,10.152146720682868,0.09904267454169792,0.15214672068286816
10.098994803491728,10.093446357886592,0.09899480349172773,0.093446357886592
10.098945770608555,10.06871744624876,0.09894577060855578,0.06871744624876054
10.098895576467648,10.141614498169016,0.09889557646764696,0.14161449816901533
10.098844221658094,10.093156398292061,0.09884422165809506,0.09315639829206142
10.098791706782615,10.05623465505338,0.0987917067826157,0.0562346550533803
10.09873803245754,10.120810928866547,0.09873803245753952,0.12081092886654735
10.098683199312804,10.133058575536026,0.09868319931280477,0.13305857553602599
10.09862720799195,10.095757581314682,0.09862720799194996,0.0957575813146829
10.098570059152106,10.068747675117462,0.09857005915210627,0.06874767511746246
10.09851175346399,10.091143693178022,0.09851175346398995,0.09114369317802214
10.098452291611894,10.109665709969576,0.09845229161189434,0.10966570996957564
10.098391674293682,10.070840652435127,0.09839167429368183,0.0708406524351261
10.098329902220776,10.135930879646468,0.09832990222077576,0.135930879646468
10.098266976118152,10.076968449371252,0.09826697611815205,0.07696844937125152
10.098202896724331,10.135676905171897,0.09820289672433062,0.1356769051718964
10.098137664791366,10.10358933749306,0.09813766479136672,0.10358933749305979
10.098071281084842,10.0761273781013,0.09807128108484227,0.07612737810129917
10.098003746383856,10.109348265250699,0.09800374638385667,0.10934826525069866
10.097935061481017,10.086917598911686,0.0979350614810178,0.0869175989116862
10.097865227182433,10.106270708167749,0.09786522718243257,0.10627070816774899
10.097794244307698,10.053160934318468,0.09779424430769762,0.05316093431846875
10.09772211368989,10.06328346660993,0.09772211368988964,0.06328346660992919
10.097648836175555,10.10016852589243,0.09764883617555553,0.10016852589242933
10.097574412624702,10.131948059239548,0.09757441262470253,0.13194805923954744
10.097498843910788,10.075644197960083,0.09749884391078817,0.07564419796008273
10.09742213092071,10.104865457623365,0.09742213092070992,0.1048654576233653
10.097344274554795,10.079446384031558,0.09734427455479477,0.07944638403155782
10.09726527572679,10.095446483546842,0.09726527572678881,0.09544648354684188
10.097185135363846,10.07406575418794,0.09718513536384638,0.0740657541879402
10.09710385440652,10.05643524648792,0.09710385440651924,0.05643524648792024
10.097021433808745,10.102716749772167,0.09702143380874542,0.10271674977216674
10.096937874537838,10.074528352923348,0.09693787453783824,0.07452835292334757
10.096853177574475,10.060945586428423,0.09685317757447481,0.060945586428423154
10.096767343912685,10.101515520238053,0.09676734391268446,0.10151552023805217
10.096680374559837,10.079319144344776,0.09668037455983723,0.0793191443447761
10.096592270536632,10.12695894052102,0.096592270536632,0.12695894052102025
10.096503032877084,10.08251024861028,0.09650303287708445,0.08251024861027914
10.096412662628515,10.094295991295681,0.09641266262851492,0.09429599129568146
10.096321160851536,10.103531400747677,0.09632116085153623,0.10353140074767685
10.096228528620042,10.104532310791935,0.09622852862004115,0.10453231079193592
10.09613476702119,10.081063211737243,0.09613476702118984,0.08106321173724253
10.096039877155397,10.09206149611928,0.0960398771553969,0.09206149611928077
10.09594386013632,10.08686609029428,0.0959438601363188,0.08686609029427889
10.09584671709084,10.114850125005653,0.09584671709084061,0.11485012500565286
10.095748449159062,10.119237609149337,0.09574844915906261,0.11923760914933802
10.095649057494287,10.100604210380453,0.0956490574942873,0.10060421038045368
10.095548543263005,10.067737221406075,0.09554854326300555,0.06773722140607448
10.095446907644883,10.100347055839753,0.09544690764488306,0.10034705583975413
10.095344151832746,10.087358803215853,0.09534415183274636,0.08735880321585306
10.09524027703257,10.062214535385761,0.09524027703256904,0.062214535385761986
10.095135284463458,10.077378229541283,0.09513528446345743,0.07737822954128348
10.095029175357636,10.070026480830645,0.0950291753576364,0.07002648083064439
10.094921950960435,10.120726551183255,0.09492195096043465,0.12072655118325522
10.09481361253027,10.075252769076158,0.09481361253027047,0.07525276907615859
10.094704161338637,10.093764498639235,0.09470416133863677,0.09376449863923585
10.094593598670086,10.057491140949844,0.09459359867008599,0.05749114094984393
10.094481925822215,10.136615252095517,0.09448192582221539,0.13661525209551723
10.094369144105652,10.124468904796052,0.09436914410565156,0.12446890479605119
10.094255254844034,10.09488515475998,0.09425525484403517,0.09488515475998004
10.094140259374004,10.109366152273044,0.09414025937400522,0.10936615227304368
10.094024159045183,10.101236784732349,0.09402415904518366,0.1012367847323484
10.09390695522016,10.122633775904845,0.09390695522015936,0.12263377590484394
10.093788649274472,10.121849365071283,0.09378864927447222,0.12184936507128247
10.093669242596597,10.100867639592435,0.09366924259659677,0.10086763959243482
10.093548736587927,10.088216178122234,0.09354873658792624,0.08821617812223465
10.093427132662756,10.116048472469004,0.09342713266275599,0.11604847246900327
10.093304432248267,10.135766610325947,0.0933044322482666,0.13576661032594584
10.093180636784508,10.093357696339057,0.09318063678450764,0.09335769633905741
10.09305574772438,10.11310027554722,0.09305574772438041,0.1131002755472197
10.09292976653362,10.075154764385791,0.0929297665336211,0.07515476438579215
10.092802694690784,10.096532316669776,0.09280269469078323,0.09653231666977638
10.092674533687221,10.125647412168089,0.09267453368722074,0.12564741216808936
10.09254528502707,10.081926121140638,0.09254528502707028,0.0819261211406378
10.092414950227234,10.063377056438906,0.09241495022723362,0.06337705643890562
10.09228353081736,10.068460910120175,0.09228353081735953,0.06846091012017508
10.092151028339826,10.105809652976152,0.0921510283398264,0.10580965297615136
10.092017444349723,10.060091243028992,0.09201744434972375,0.06009124302899313
10.091882780414833,10.107947372110829,0.09188278041483389,0.10794737211082812
10.091747038115614,10.072995259069756,0.09174703811561391,0.07299525906975607
10.091610219045176,10.108770575743453,0.0916102190451768,0.10877057574345303
10.091472324809272,10.097243138792502,0.091472324809273,0.09724313879250172
10.09133335702627,10.07105450416967,0.09133335702627114,0.07105450416966903
10.09119331732714,10.084723219206694,0.09119331732713959,0.08472321920669364
10.091052207355427,10.078428743429576,0.09105220735542693,0.07842874342957573
10.090910028767244,10.112274819934827,0.09091002876724294,0.11227481993482769
10.090766783231238,10.103455735779168,0.09076678323123871,0.10345573577916749
10.090622472428588,10.090193702250277,0.0906224724285876,0.09019370225027688
10.090477098052965,10.085930709152997,0.0904770980529653,0.08593070915299618
10.09033066181053,10.08284523212776,0.09033066181052965,0.08284523212776015
10.090183165419901,10.081001924030351,0.09018316541990111,0.08100192403035196
10.090034610612141,10.102652965510421,0.09003461061214231,0.10265296551042037
10.089884999130739,10.10627237626952,0.08988499913073784,0.10627237626951866
10.089734332731574,10.090298424170717,0.08973433273157355,0.09029842417071661
10.089582613182916,10.10595419183846,0.08958261318291627,0.105954191838461
10.089429842265393,10.09039224193989,0.08942984226539293,0.09039224193989005
10.089276021771969,10.088989754762785,0.08927602177196968,0.08898975476278459
10.08912115350793,10.04352625430672,0.08912115350793055,0.043526254306719796
10.088965239290857,10.056307755085975,0.08896523929085681,0.05630775508597514
10.088808280950605,10.085112318054955,0.08880828095060536,0.0851123180549559
10.088650280329286,10.096811728258594,0.08865028032928696,0.09681172825859329
10.088491239281245,10.0821323825392,0.08849123928124515,0.08213238253919909
10.088331159673034,10.079200589606515,0.08833115967303419,0.07920058960651434
10.088170043383398,10.094571982257055,0.08817004338339728,0.09457198225705397
10.088007892303244,10.07979905753504,0.0880078923032441,0.07979905753503919
10.087844708335629,10.12214164604825,0.08784470833562931,0.12214164604825001
10.08768049339573,10.063211466457691,0.0876804933957298,0.06321146645769025
10.087515249410822,10.115580799674435,0.08751524941082196,0.11558079967443526
10.087348978320259,10.11751540615173,0.08734897832025973,0.11751540615172942
10.087181682075451,10.09812887068017,0.08718168207545132,0.09812887068017109
10.087013362639837,10.05267472179439,0.08701336263983654,0.05267472179438947
10.086844021988863,10.1194799159966,0.08684402198886344,0.11947991599659957
10.086673662109966,10.070342333139632,0.08667366210996566,0.07034233313963104
10.086502285002538,10.095968316855942,0.08650228500253866,0.09596831685594212
10.086329892677917,10.075251198523118,0.08632989267791653,0.07525119852311704
10.086156487159348,10.129085483205646,0.08615648715934798,0.12908548320564625
10.085982070481974,10.069989129691905,0.08598207048197316,0.0699891296919046
10.0858066446928,10.077890224737214,0.08580664469279947,0.07789022473721349
10.085630211850678,10.089832764339501,0.08563021185067726,0.08983276433950142
10.085452774026276,10.066206069832278,0.08545277402627627,0.06620606983227717
10.085274333302062,10.076534776194503,0.08527433330206094,0.07653477619450313
10.085094891772266,10.073390765375612,0.08509489177226609,0.07339076537561137
10.084914451542872,10.084805224700384,0.08491445154287207,0.08480522470038436
10.084733014731581,10.148799350108531,0.0847330147315805,0.1487993501085318
10.08455058346779,10.10495643277218,0.08455058346778915,0.10495643277217959
10.084367159892567,10.107944491849087,0.08436715989256705,0.10794449184908694
10.084182746158628,10.061984927961078,0.08418274615862902,0.061984927961077296
10.08399734443031,10.112562379247652,0.08399734443031097,0.11256237924765249
10.083810956883545,10.066788808959016,0.08381095688354423,0.0667888089590162
10.08362358570583,10.0876234479486,0.08362358570582967,0.08762344794859933
10.083435233096212,10.08722865724188,0.0834352330962127,0.08722865724188028
10.083245901265258,10.072243091670401,0.08324590126525695,0.07224309167040138
10.083055592435018,10.111669074829654,0.08305559243501866,0.11166907482965362
10.08286430883902,10.098969341394822,0.08286430883902007,0.09896934139482287
10.082672052722224,10.078919158368755,0.08267205272222389,0.07891915836875471
10.082478826341006,10.074893925611754,0.08247882634100655,0.07489392561175355
10.082284631963132,10.102207981517203,0.08228463196313188,0.10220798151720306
10.082089471867723,10.053048737034247,0.0820894718677241,0.053048737034247215
10.081893348345242,10.09249096269045,0.08189334834524173,0.09249096269045053
10.08169626369745,10.070591909490922,0.08169626369745031,0.07059190949092242
10.081498220237394,10.043496460173234,0.0814982202373952,0.04349646017323361
10.081299220289376,10.102079765405476,0.0812992202893749,0.10207976540547627
10.081099266188913,10.087976943441646,0.08109926618891351,0.08797694344164517
10.080898360282733,10.04661957048263,0.08089836028273344,0.0466195704826302
10.080696504928728,10.081775035886313,0.08069650492872743,0.08177503588631384
10.080493702495932,10.09439344928983,0.08049370249593159,0.09439344928983058
10.080289955364497,10.081121739376593,0.08028995536449712,0.08112173937659245
10.080085265925662,10.081228328166366,0.08008526592566259,0.08122832816636673
10.079879636581726,10.065082603243305,0.07987963658172546,0.0650826032433037
10.079673069746015,10.069977563476186,0.07967306974601451,0.0699775634761859
10.079465567842862,10.100200866520462,0.07946556784286124,0.10020086652046152
10.079257133307571,10.068375053669202,0.07925713330757106,0.06837505366920216
10.079047768586396,10.05165755939221,0.0790477685863953,0.05165755939220948
10.078837476136503,10.078240632375165,0.07883747613650222,0.07824063237516402
10.078626258425949,10.079183488380618,0.0786262584259482,0.07918348838061791
10.078414117933649,10.083216954822495,0.07841411793364853,0.08321695482249526
10.078201057149348,10.087147866348433,0.07820105714934879,0.08714786634843358
10.077987078573596,10.054968407775233,0.07798707857359535,0.054968407775232056
10.077772184717706,10.070187158952393,0.07777218471770611,0.07018715895239318
10.07755637810374,10.046371325156551,0.07755637810374069,0.04637132515655161
10.077339661264471,10.083958823455292,0.07733966126447142,0.0839588234552919
10.077122036743352,10.093728419495836,0.07712203674335333,0.09372841949583677
10.076903507094494,10.062658575675108,0.07690350709449395,0.06265857567510787
10.076684074882625,10.061348966143909,0.07668407488262396,0.06134896614390911
10.076463742683067,10.088970327719178,0.07646374268306674,0.08897032771917827
10.076242513081707,10.099473039274804,0.07624251308170828,0.09947303927480382
10.076020388674966,10.111556963794191,0.07602038867496641,0.111556963794191
10.075797372069761,10.082476767525185,0.07579737206976103,0.08247676752518397
10.075573465883483,10.068177244854619,0.07557346588348302,0.06817724485461896
10.075348672743964,10.109420551110237,0.07534867274396377,0.1094205511102373
10.075122995289444,10.11349671616943,0.07512299528944388,0.11349671616943001
10.074896436168544,10.057058996532561,0.07489643616854291,0.05705899653256074
10.074668998040227,10.057737839282678,0.0746689980402279,0.05773783928267816
10.074440683573782,10.078397377962045,0.07444068357378185,0.07839737796204461
10.074211495448774,10.069142691659865,0.07421149544877308,0.06914269165986438
10.073981436355023,10.09884005409835,0.07398143635502329,0.09884005409835014
10.073750508992577,10.097200802969827,0.0737505089925763,0.0972008029698269
10.073518716071666,10.08702875839872,0.07351871607166581,0.08702875839872079
10.073286060312684,10.092122661482735,0.07328606031268436,0.0921226614827345
10.073052544446151,10.08122275705301,0.07305254444615088,0.08122275705301048
10.07281817121268,10.082448340350169,0.07281817121267888,0.0824483403501681
10.072582943362944,10.07645024155273,0.07258294336294388,0.0764502415527293
10.072346863657652,10.074570812058042,0.07234686365765179,0.07457081205804138
10.072109934867505,10.052735311379735,0.07210993486750612,0.05273531137973525
10.071872159773175,10.087141104029188,0.07187215977317517,0.08714110402918746
10.07163354116526,10.099654220554958,0.07163354116526008,0.09965422055495919
10.07139408184426,10.081163698504994,0.07139408184426159,0.08116369850499412
10.071153784620547,10.055293016850701,0.07115378462054743,0.055293016850701364
10.07091265231432,10.04526799617926,0.07091265231431887,0.045267996179259945
10.070670687755578,10.060388684714978,0.07067068775557829,0.060388684714977395
10.070427893784096,10.066574239690194,0.07042789378409556,0.0665742396901938
10.070184273249374,10.07623658362502,0.07018427324937486,0.07623658362502042
10.069939829010622,10.052017284221218,0.06993982901062086,0.05201728422121769
10.069694563936705,10.085777502630155,0.0696945639367058,0.08577750263015514
10.069448480906136,10.080776910737669,0.0694484809061355,0.08077691073766857
10.069201582807015,10.05632700566922,0.0692015828070152,0.05632700566921862
10.068953872537016,10.05893982096453,0.06895387253701642,0.058939820964530695
10.068705353003342,10.023717588324159,0.06870535300334239,0.023717588324157865
10.068456027122695,10.04659048470718,0.06845602712269432,0.046590484707180094
10.068205897821237,10.031969398691553,0.0682058978212365,0.031969398691553366
10.067954968034563,10.027023744256528,0.06795496803456279,0.027023744256527538
10.067703240707662,10.106381419914621,0.06770324070766186,0.10638141991462062
10.067450718794882,10.066141108914389,0.06745071879488207,0.06614110891438874
10.067197405259897,10.02528492619095,0.06719740525989777,0.025284926190950317
10.066943303075673,10.093666958797673,0.06694330307567382,0.09366695879767258
10.066688415224432,10.08922890614881,0.06668841522443111,0.0892289061488097
10.066432744697611,10.052543493252145,0.06643274469761089,0.05254349325214561
10.06617629449584,10.08458940041343,0.06617629449584059,0.08458940041343033
10.065919067628897,10.081357951681278,0.06591906762889795,0.08135795168127777
10.065661067115675,10.011419060792008,0.06566106711567607,0.011419060792008592
10.065402295984148,10.079715264502141,0.06540229598414737,0.079715264502142
10.065142757271328,10.078402153141283,0.06514275727132893,0.07840215314128288
10.064882454023246,10.05595750541022,0.06488245402324631,0.055957505410220404
10.064621389294897,10.061660126178785,0.0646213892948976,0.06166012617878469
10.064359566150218,10.0603419547487,0.06435956615021814,0.06034195474870108
10.064096987662044,10.064920042752012,0.06409698766204423,0.06492004275201282
10.063833656912077,10.08976191891615,0.0638336569120772,0.0897619189161489
10.063569576990847,10.027386372703695,0.06356957699084677,0.02738637270369499
10.063304750997675,10.062308329548046,0.06330475099767556,0.06230832954804626
10.063039182040642,10.07871434765216,0.06303918204064218,0.0787143476521597
10.062772873236545,10.047602649624881,0.06277287323654504,0.04760264962488146
10.062505827710865,10.034669730075905,0.06250582771086519,0.03466973007590553
10.062238048597731,10.067286024579932,0.06223804859773048,0.06728602457993146
10.061969539039879,10.050567760038843,0.061969539039878396,0.05056776003884387
10.061700302188619,10.050275259148277,0.061700302188618716,0.050275259148276845
10.061430341203797,10.080762871077333,0.06143034120379736,0.08076287107733313
10.061159659253759,10.038658804324678,0.06115965925375877,0.03865880432467761
10.060888259515309,10.02363792122249,0.06088825951530899,0.023637921222489318
10.060616145173677,10.032574574108397,0.06061614517367783,0.03257457410839611
10.060343319422483,10.075368317612185,0.06034331942248233,0.07536831761218436
10.06006978546369,10.026839511585422,0.06006978546368871,0.026839511585422277
10.059795546507575,10.06903498415449,0.05979554650757505,0.06903498415448886
10.059520605772693,10.06604226102923,0.059520605772693094,0.06604226102922997
10.059244966485831,10.117083014986196,0.059244966485831274,0.11708301498619575
10.058968631881976,10.09204602680588,0.058968631881976485,0.0920460268058802
10.058691605204276,10.054290864928644,0.058691605204275604,0.054290864928644995
10.058413889704,10.061521333163231,0.05841388970399833,0.06152133316323042
10.058135488640499,10.09052292382103,0.05813548864049848,0.09052292382103033
10.057856405281177,10.066031580865712,0.05785640528117597,0.06603158086571258
10.057576642901438,10.056735391951877,0.057576642901437915,0.05673539195187717
10.057296204784661,10.070517153831563,0.057296204784661076,0.07051715383156328
10.057015094222153,10.037088117763078,0.0570150942221527,0.03708811776307866
10.056733314513112,10.043313850957622,0.05673331451311221,0.043313850957621934
10.056450868964593,10.096805649619293,0.05645086896459192,0.09680564961929283
10.056167760891459,10.037437314832257,0.056167760891459056,0.03743731483225697
10.055883993616357,10.053755020084717,0.05588399361635646,0.05375502008471755
10.055599570469663,10.097061049013567,0.05559957046966307,0.09706104901356602
10.055314494789457,10.033239015276319,0.05531449478945586,0.03323901527631949
10.05502876992147,10.061424839515627,0.05502876992146993,0.06142483951562689
10.054742399219059,10.050773408213509,0.054742399219059615,0.050773408213509376
10.05445538604316,10.063957054680941,0.054455386043158485,0.06395705468094068
10.054167733762242,10.038038040219847,0.05416773376224088,0.038038040219847385
10.053879445752282,10.064531615584775,0.05387944575228165,0.06453161558477473
10.053590525396716,10.0438217915066,0.05359052539671697,0.043821791506599754
10.053300976086405,10.05881851668267,0.05330097608640393,0.05881851668267133
10.053010801219582,10.054838150547713,0.05301080121958168,0.05483815054771224
10.05272000420183,10.05472949193492,0.052720004201831094,0.05472949193491869
10.052428588446034,10.064973435324353,0.052428588446034353,0.06497343532435289
10.052136557372336,10.07164449156226,0.05213655737233578,0.07164449156226035
10.051843914408101,10.086673954512694,0.0518439144081011,0.08667395451269488
10.051550662987877,10.066549196669646,0.051550662987877555,0.06654919666964604
10.051256806553353,10.057833951724996,0.05125680655335291,0.057833951724996266
10.050962348553316,10.055646917574268,0.050962348553316064,0.055646917574267624
10.050667292443617,10.07005701539729,0.050667292443615876,0.07005701539729005
10.050371641687121,10.051315485464876,0.05037164168712101,0.05131548546487653
10.050075399753679,10.037039365541963,0.050075399753678564,0.03703936554196237
10.049778570120074,10.044669319565434,0.04977857012007437,0.044669319565434434
10.04948115626999,10.036120266871126,0.04948115626999169,0.03612026687112676
10.04918316169397,10.03466959880179,0.04918316169396984,0.03466959880179002
10.048884589889365,10.049272916686185,0.0488845898893642,0.04927291668618557
10.048585444360304,10.079226033018458,0.048585444360304514,0.07922603301845751
10.048285728617653,10.059946037882494,0.04828572861765409,0.05994603788249415
10.047985446178968,10.04016092336844,0.04798544617896796,0.04016092336843975
10.047684600568452,10.04994665681251,0.04768460056845256,0.049946656812510495
10.047383195316923,10.056905157471213,0.04738319531692372,0.05690515747121369
10.047081233961766,10.063252941248436,0.04708123396176553,0.06325294124843589
10.046778720046888,10.054690604780575,0.04677872004688823,0.05469060478057415
10.046475657122688,10.053579460679158,0.04647565712268753,0.05357946067915885
10.046172048746003,10.057792149290284,0.046172048746002475,0.057792149290283715
10.045867898480074,10.048491440649618,0.045867898480073256,0.0484914406496185
10.0455632098945,10.051705642947054,0.045563209894500294,0.051705642947053855
10.045257986565202,10.072663150269399,0.04525798656520174,0.07266315026939932
10.044952232074372,10.058372656541703,0.04495223207437182,0.05837265654170313
10.044645950010437,10.064414286266043,0.04464595001043817,0.06441428626604334
10.04433914396802,10.042959937990606,0.04433914396802065,0.04295993799060669
10.04403181754789,10.032120310443903,0.04403181754788851,0.03212031044390211
10.043723974356919,10.037041086596554,0.04372397435691852,0.03704108659655424
10.043415618008051,10.063344048476157,0.04341561800805192,0.06334404847615727
10.043106752120252,10.052620127285426,0.043106752120253,0.052620127285424985
10.042797380318467,10.078550917511292,0.04279738031846618,0.07855091751129142
10.042487506233574,10.039822357001668,0.04248750623357294,0.03982235700166797
10.04217713350235,10.019830836728906,0.042177133502350195,0.019830836728905944
10.041866265767426,10.007653603327174,0.04186626576742696,0.00765360332717379
10.041554906677241,10.029310586115646,0.04155490667724194,0.029310586115646152
10.041243059886,10.01783792202594,0.041243059886000036,0.017837922025940086
10.040930729053631,10.071127531294927,0.04093072905363045,0.07112753129492774
10.040617917845744,10.040876770330804,0.04061791784574324,0.04087677033080461
10.040304629933585,10.015950960677273,0.04030462993358581,0.015950960677273654
10.039990868994002,10.04207899797501,0.03999086899400078,0.042078997975009025
10.039676638709382,10.013157980352805,0.039676638709382234,0.013157980352804792
10.039361942767632,10.03153919873331,0.03936194276763276,0.031539198733309654
10.03904678486212,10.026832525487276,0.039046784862119585,0.02683252548727491
10.038731168691632,10.05483371551936,0.03873116869163215,0.05483371551935913
10.038415097960337,10.05452362984835,0.038415097960338075,0.05452362984834838
10.03809857637774,10.031368478666428,0.03809857637774002,0.03136847866642821
10.037781607658632,10.053721944055356,0.037781607658631464,0.053721944055355395
10.037464195523054,10.057116589453596,0.03746419552305412,0.057116589453595656
10.037146343696254,10.039167882433125,0.03714634369625377,0.03916788243312415
10.036828055908636,10.011403775660616,0.03682805590863604,0.011403775660616317
10.036509335895724,10.016720855814611,0.036509335895723645,0.01672085581461141
10.036190187398113,10.035898314338613,0.03619018739811184,0.03589831433861399
10.035870614161425,9.986832257351208,0.03587061416142489,-0.013167742648792044
10.035550619936272,10.006834940843488,0.03555061993627141,0.006834940843487378
10.035230208478202,10.008192190604596,0.03523020847820138,0.008192190604596222
10.034909383547662,10.036901235507568,0.034909383547661384,0.0369012355075681
10.03458814890995,10.042277367328255,0.034588148909950794,0.0422773673282555
10.034266508335177,10.052023185190677,0.03426650833517696,0.05202318519067729
10.033944465598212,10.05136085483692,0.0339444655982119,0.05136085483692014
10.033622024478648,10.04773820551705,0.03362202447864756,0.0477382055170497
10.03329918876075,10.050680048153913,0.03329918876075091,0.05068004815391291
10.03297596223342,10.047250370251726,0.03297596223342053,0.04725037025172679
10.032652348690142,10.074804334992313,0.032652348690141546,0.0748043349923139
10.03232835192894,9.993611345696106,0.03232835192894133,-0.006388654303894209
10.032003975752344,9.984149936712342,0.032003975752344344,-0.015850063287658096
10.031679223967329,10.023574750525711,0.03167922396732848,0.023574750525710356
10.031354100385279,10.024065862354242,0.031354100385279714,0.024065862354241203
10.031028608821948,10.032738208476689,0.03102860882194773,0.03273820847668865
10.030702753097401,10.049933336863516,0.03070275309740042,0.049933336863516045
10.03037653703598,10.02100446078194,0.030376537035980117,0.021004460781940418
10.030049964466258,10.041611687548164,0.030049964466258162,0.04161168754816463
10.02972303922099,10.014147882766542,0.029723039220989473,0.014147882766542616
10.02939576513707,10.000618048688196,0.029395765137068604,0.0006180486881951497
10.029068146055485,10.062207247036747,0.029068146055483992,0.06220724703674688
10.028740185821274,10.01288982913783,0.028740185821273263,0.012889829137830083
10.028411888283477,10.047564677493433,0.028411888283477394,0.047564677493433676
10.028083257295096,10.045619444707118,0.028083257295096573,0.045619444707116916
10.027754296713045,10.039555217963365,0.027754296713044288,0.039555217963364336
10.027425010398103,10.037261444746632,0.02742501039810242,0.037261444746630755
10.027095402214876,10.03811936486867,0.027095402214875233,0.03811936486867077
10.026765476031745,10.027304678671163,0.026765476031745047,0.027304678671163447
10.026435235720827,10.01393215921459,0.02643523572082633,0.013932159214590624
10.02610468515792,10.06416988279633,0.02610468515791973,0.06416988279632999
10.025773828222468,10.024760717245547,0.025773828222467626,0.024760717245547903
10.025442668797508,10.019782447611998,0.025442668797507912,0.01978244761199865
10.025111210769628,10.013681435746145,0.025111210769628745,0.01368143574614473
10.024779458028922,10.008533365217378,0.024779458028922282,0.008533365217377971
10.02444741446894,10.053753198219399,0.024447414468940023,0.05375319821939822
10.024115083986647,10.016945722157061,0.02411508398664644,0.016945722157060566
10.023782470482374,10.011072701310942,0.023782470482373592,0.011072701310941645
10.023449577859775,9.971287799331963,0.02344957785977465,-0.028712200668036873
10.023116410025779,10.005000747365617,0.023116410025779115,0.005000747365616624
10.022782970890546,10.025203347488166,0.02278297089054646,0.025203347488164954
10.02244926436742,10.04590744373964,0.022449264367419713,0.045907443739639925
10.022115294372881,10.026496349975885,0.022115294372880557,0.026496349975883744
10.021781064826502,10.018834499360375,0.0217810648265027,0.018834499360375786
10.021446579650906,10.035158263255806,0.021446579650906183,0.03515826325580604
10.021111842771711,9.981505538850616,0.02111184277171069,-0.018494461149384234
10.02077685811749,10.03614429675248,0.020776858117490478,0.03614429675248128
10.020441629619727,9.99747443281251,0.020441629619727605,-0.002525567187490859
10.020106161212766,9.976426528768231,0.020106161212766115,-0.02357347123176981
10.019770456833765,9.98698673592123,0.019770456833765188,-0.013013264078770514
10.019434520422655,10.004840904081457,0.01943452042265396,0.004840904081455728
10.019098355922084,10.020270418435379,0.01909835592208477,0.020270418435378607
10.018761967277387,10.010665881301932,0.018761967277386358,0.010665881301933054
10.018425358436518,9.986113937029694,0.018425358436518612,-0.013886062970306094
10.018088533350026,10.011954267436861,0.018088533350025537,0.011954267436861477
10.01775149597099,10.031775301594028,0.017751495970989236,0.031775301594027444
10.017414250254983,10.030638098586932,0.017414250254982815,0.030638098586931978
10.017076800160025,10.01913283736232,0.01707680016002502,0.019132837362321273
10.016739149646533,9.9985999161572,0.016739149646533058,-0.0014000838427997292
10.016401302677277,10.009747928444972,0.016401302677276505,0.00974792844497126
10.01606326321733,10.015886168211619,0.01606326321733006,0.015886168211619686
10.015725035234029,10.034246059589305,0.015725035234028094,0.03424605958930624
10.015386622696917,10.003045686549962,0.015386622696917521,0.00304568654996242
10.015048029577711,10.040279636285955,0.015048029577710731,0.04027963628595575
10.01470925985024,10.008032864170335,0.014709259850239999,0.008032864170334702
10.01437031749041,10.018670551210004,0.01437031749041015,0.018670551210003855
10.014031206476153,10.008434749996306,0.014031206476152256,0.008434749996306602
10.013691930787376,10.025901769735647,0.013691930787376237,0.025901769735647017
10.013352494405925,10.006784253994983,0.013352494405925211,0.006784253994982652
10.013012901315529,9.989966074448715,0.013012901315528068,-0.010033925551285251
10.012673155501753,10.033293325455404,0.01267315550175304,0.033293325455403214
10.01233326095196,9.976844570089995,0.012333260951960252,-0.02315542991000586
10.011993221655256,9.980116995259618,0.011993221655255971,-0.019883004740382793
10.011653041602445,10.011336861797759,0.011653041602445246,0.011336861797759229
10.011312724785984,10.020027975393573,0.011312724785984565,0.02002797539357206
10.010972275199936,9.995613188294852,0.010972275199936037,-0.004386811705147596
10.01063169683992,10.028032093468,0.010631696839919824,0.028032093467998724
10.010290993703068,10.056971335940538,0.010290993703067592,0.05697133594053906
10.009950169787976,10.02421871471671,0.009950169787974899,0.02421871471671025
10.009609229094655,10.002111633585704,0.009609229094655322,0.002111633585703483
10.009268175624493,10.000942681617174,0.00926817562449298,0.0009426816171737556
10.008927013380195,10.016112682674173,0.00892701338019505,0.01611268267417298
10.008585746365746,9.994754413811378,0.008585746365745843,-0.0052455861886207215
10.00824437858636,9.985579226776387,0.008244378586359109,-0.014420773223612382
10.007902914048431,10.004324103466077,0.007902914048431381,0.004324103466076505
10.007561356759494,10.034922321071669,0.0075613567594942505,0.034922321071668885
10.007219710728169,10.005799834777358,0.007219710728168394,0.0057998347773578485
10.006877979964116,10.003045119592437,0.006877979964115818,0.0030451195924380806
10.006536168477993,10.005110012444057,0.006536168477993154,0.005110012444057021
10.006194280281404,10.018510538605964,0.006194280281403886,0.018510538605964532
10.005852319386852,10.000768056595142,0.00585231938685232,0.0007680565951411538
10.005510289807695,10.015629032944735,0.005510289807695973,0.015629032944735586
10.005168195558097,9.989130341546861,0.005168195558097931,-0.010869658453139227
10.004826040652981,10.02681582429221,0.004826040652980805,0.02681582429220995
10.00448382910798,10.026616255298759,0.0044838291079788975,0.026616255298759273
10.004141564939392,9.967097449463857,0.0041415649393914365,-0.032902550536142036
10.003799252164134,10.003703707676747,0.003799252164134721,0.0037037076767471103
10.003456894799696,10.02028154784519,0.003456894799696044,0.02028154784518953
10.003114496864086,10.000377258411458,0.0031144968640858355,0.0003772584114573544
10.00277206237579,9.952203723327791,0.0027720623757908577,-0.04779627667220816
10.002429595353727,9.986838803344217,0.0024295953537263344,-0.013161196655784038
10.00208709981719,9.96327422298192,0.0020870998171898464,-0.03672577701808002
10.001744579785814,10.019817851939685,0.0017445797858136312,0.019817851939684016
10.001402039279517,10.01145627045706,0.0014020392795168716,0.011456270457060677
10.00105948231846,9.976067560864003,0.0010594823184595828,-0.023932439135996825
10.000716912922995,9.990489115863038,0.0007169129229947208,-0.009510884136961816
10.000374335113621,10.019123629621932,0.0003743351136213534,0.019123629621931496
10.000031752910937,10.014564656667336,3.175291093676325e-05,0.014564656667336135
9.999689170335591,10.009003464376319,-0.00031082966440967256,0.009003464376318666
9.999346591408235,9.98535079423066,-0.0006534085917643808,-0.01464920576933958
9.999004020149483,9.984190232044957,-0.000995979850516425,-0.01580976795504319
9.998661460579855,9.985494495097662,-0.0013385394201454023,-0.014505504902338217
9.998318916719732,9.987030491535291,-0.001681083280267564,-0.012969508464708072
9.997976392589317,9.984473958690408,-0.002023607410683533,-0.015526041309591815
9.997633892208574,9.966798600174986,-0.0023661077914260194,-0.0332013998250148
9.997291419597195,10.014918673038558,-0.0027085804028059326,0.014918673038557102
9.99694897877454,9.99355322188024,-0.0030510212254602712,-0.006446778119759612
9.996606573759601,10.009633193481616,-0.003393426240398937,0.009633193481615997
9.996264208570947,10.005300438601521,-0.0037357914290526146,0.005300438601521126
9.99592188722668,9.999735050506548,-0.004078112773318871,-0.0002649494934528216
9.99557961374439,9.979011025703526,-0.00442038625561002,-0.020988974296473856
9.9952373921411,10.03000797044901,-0.004762607858899922,0.030007970449009578
9.994895226433227,9.992570208162412,-0.005104773566771835,-0.007429791837587189
9.994553120636535,9.96148174993298,-0.0054468793634644954,-0.038518250067018506
9.99421107876608,9.93834651110148,-0.00578892123391977,-0.06165348889851884
9.99386910483617,9.994626001302123,-0.006130895163830319,-0.005373998697877152
9.993527202860314,9.964887544934296,-0.00647279713968564,-0.03511245506570493
9.99318537685118,10.005543212923422,-0.006814623148819883,0.005543212923423162
9.992843630820541,10.003079532541689,-0.007156369179458591,0.003079532541687883
9.992501968779234,9.96136220935994,-0.007498031220766488,-0.038637790640059747
9.992160394737107,9.99688395594916,-0.007839605262893491,-0.0031160440508399756
9.991818912702978,9.972516083510014,-0.008181087297022481,-0.027483916489986215
9.991477526684584,9.952860535524978,-0.008522473315415996,-0.04713946447502201
9.991136240688537,9.972027008594903,-0.008863759311463975,-0.02797299140509601
9.99079505872027,9.982770525543327,-0.009204941279729715,-0.017229474456673173
9.990453984784002,10.019165913558874,-0.00954601521599742,0.019165913558873253
9.99011302288268,9.989841346036817,-0.009886977117319718,-0.010158653963182914
9.989772177017937,9.985090691201883,-0.010227822982063586,-0.014909308798117261
9.989431451190041,9.95648665093857,-0.010568548809958013,-0.04351334906142924
9.98909084939786,9.968172829785253,-0.010909150602140604,-0.03182717021474789
9.988750375638794,9.977628555282264,-0.011249624361205217,-0.02237144471773695
9.988410033908751,9.977046102778274,-0.01158996609124781,-0.02295389722172508
9.988069828202086,10.005768311216771,-0.011930171797914056,0.005768311216770542
9.987729762511554,9.9930179447356,-0.01227023748844586,-0.00698205526439943
9.987389840828271,9.985554670585861,-0.01261015917172893,-0.014445329414139403
9.987050067141661,9.992568202019362,-0.012949932858338559,-0.007431797980638108
9.986710445439414,9.997117352661467,-0.01328955456058697,-0.002882647338532199
9.986370979707429,9.946576803699422,-0.013629020292570652,-0.05342319630057841
9.986031673929784,9.995485949172602,-0.01396832607021608,-0.00451405082739805
9.985692532088672,9.971825734063978,-0.01430746791132718,-0.02817426593602171
9.985353558164368,9.960917813566523,-0.014646441835631706,-0.03908218643347779
9.985014756135172,9.988291454583521,-0.01498524386482867,-0.011708545416479164
9.984676129977366,9.997478832563951,-0.01532387002263396,-0.0025211674360495553
9.984337683665172,9.992002020343078,-0.015662316334827727,-0.007997979656922557
9.983999421170699,9.984597289125373,-0.016000578829300675,-0.015402710874626323
9.983661346463899,10.043225288550254,-0.016338653536101363,0.043225288550253885
9.983323463512518,9.988746350969532,-0.01667653648748176,-0.011253649030467567
9.982985776282055,9.99845930994042,-0.01701422371794434,-0.0015406900595801836
9.98264828873571,9.96019767303847,-0.01735171126428914,-0.03980232696152887
9.98231100483434,10.007383340070014,-0.017688995165659232,0.007383340070014285
9.981973928536412,9.990070164177428,-0.018026071463587888,-0.009929835822571665
9.981637063797955,10.014570640494457,-0.018362936202044714,0.01457064049445701
9.981300414572518,10.03726757984811,-0.018699585427482766,0.03726757984811124
9.980963984811115,9.9390312266034,-0.019036015188883898,-0.06096877339659948
9.980627778462194,9.945107191674047,-0.019372221537805837,-0.05489280832595209
9.980291799471571,9.964591761684682,-0.019708200528428175,-0.03540823831531801
9.9799560517824,9.938280584397516,-0.02004394821759937,-0.061719415602484284
9.979620539335118,9.997463930177757,-0.020379460664881985,-0.0025360698222427966
9.9792852660674,9.974670447181403,-0.02071473393259945,-0.025329552818597723
9.978950235914118,10.016836698625857,-0.021049764085882806,0.016836698625856808
9.978615452807285,10.002870710572743,-0.021384547192715833,0.00287071057274315
9.978280920676019,9.956922850299907,-0.021719079323981896,-0.0430771497000924
9.97794664344649,9.980979143468796,-0.022053356553509717,-0.019020856531204142
9.97761262504188,10.017233671498534,-0.02238737495812014,0.01723367149853433
9.977278869382328,9.977925440141645,-0.022721130617671143,-0.022074559858354607
9.976945380384896,9.972226758007062,-0.023054619615104348,-0.027773241992936997
9.976612161963509,9.991354299115075,-0.02338783803649154,-0.008645700884924204
9.976279218028921,9.987269218798394,-0.02372078197107953,-0.012730781201605436
9.975946552488663,9.981834935064741,-0.024053447511336777,-0.01816506493525924
9.975614169247,9.963787043496724,-0.024385830752998883,-0.03621295650327522
9.975282072204886,9.960547493513905,-0.024717927795115113,-0.03945250648609523
9.974950265259906,9.977641651130856,-0.02504973474009313,-0.022358348869144284
9.974618752306254,9.977358707744713,-0.025381247693745453,-0.022641292255287555
9.974287537234666,9.945170268262203,-0.025712462765334784,-0.054829731737797344
9.973956623932379,9.956506135648295,-0.02604337606762039,-0.04349386435170439
9.973626016283097,9.9746871221957,-0.02637398371690268,-0.025312877804300346
9.97329571816693,9.964589156222264,-0.026704281833069277,-0.035410843777736706
9.97296573346036,10.01128023126228,-0.027034266539641125,0.011280231262280171
9.972636066036182,9.982730233827919,-0.027363933963816894,-0.017269766172080984
9.97230671976348,9.966820470539831,-0.02769328023651918,-0.03317952946016839
9.97197769850756,9.981207398883184,-0.028022301492439512,-0.018792601116816774
9.971649006129915,9.977170286256868,-0.02835099387008444,-0.022829713743131738
9.97132064648818,9.970151655304493,-0.028679353511819824,-0.02984834469550711
9.970992623436084,9.94806609202088,-0.029007376563916772,-0.051933907979120175
9.970664940823404,9.951533739464681,-0.02933505917659654,-0.04846626053531976
9.970337602495924,9.955999197423154,-0.029662397504076413,-0.04400080257684626
9.970010612295386,9.989833184227042,-0.029989387704613776,-0.010166815772957746
9.969683974059448,9.964173241749815,-0.030316025940551758,-0.03582675825018444
9.969357691621635,9.98943753755534,-0.030642308378364753,-0.01056246244466074
9.969031768811298,9.97385834768999,-0.030968231188702407,-0.026141652310009
9.968706209453565,9.965552669990116,-0.031293790546435225,-0.03444733000988426
9.968381017369301,9.949672043203885,-0.03161898263069914,-0.050327956796114987
9.96805619637506,9.916974301342021,-0.03194380362494103,-0.08302569865797887
9.967731750283038,9.969689610181636,-0.032268249716962474,-0.030310389818364532
9.967407682901035,9.969942271562635,-0.0325923170989652,-0.030057728437364945
9.967083998032404,9.94256652800283,-0.03291600196759543,-0.05743347199717035
9.96676069947601,9.948753895327748,-0.033239300523989164,-0.05124610467225266
9.966437791026184,9.974078988028793,-0.033562208973815795,-0.02592101197120712
9.966115276472676,9.968719611361017,-0.03388472352732312,-0.03128038863898246
9.965793159600617,9.95399457781475,-0.03420684039938232,-0.04600542218524867
9.965471444190468,9.96003498268025,-0.034528555809531396,-0.03996501731975047
9.96515013401798,9.995513765509523,-0.03484986598202019,-0.004486234490477362
9.964829232854145,9.968325514974564,-0.035170767145854355,-0.03167448502543615
9.96450874446516,9.944850009089425,-0.035491255534840324,-0.05514999091057432
9.964188672612371,10.000721951776951,-0.035811327387628454,0.0007219517769509465
9.963869021052242,9.958310813557002,-0.03613097894775788,-0.0416891864429982
9.9635497935363,9.952574079371274,-0.03645020646370026,-0.047425920628725735
9.963230993811095,9.957311317440103,-0.03676900618890444,-0.04268868255989713
9.962912625618161,9.93870938984334,-0.037087374381839476,-0.06129061015666148
9.96259469269396,9.95662312007857,-0.037405307306038985,-0.04337687992142971
9.962277198769854,9.95871498780759,-0.03772280123014556,-0.04128501219241132
9.961960147572047,9.944313447922905,-0.038039852427953526,-0.055686552077094206
9.961643542821546,9.980449756614401,-0.038356457178453346,-0.019550243385597833
9.961327388234125,9.948746400046982,-0.03867261176587494,-0.051253599953018716
9.961011687520267,9.985907187748964,-0.038988312479732,-0.014092812251035581
9.960696444385135,9.97900072958019,-0.03930355561486452,-0.02099927041981064
9.960381662528517,9.995980072337312,-0.03961833747148292,-0.004019927662688112
9.96006734564479,9.953229428360208,-0.03993265435521118,-0.04677057163979243
9.959753497422868,9.958649673893614,-0.04024650257713083,-0.0413503261063865
9.959440121546177,9.939143736850424,-0.04055987845382328,-0.06085626314957543
9.959127221692587,9.960738755324858,-0.04087277830741351,-0.039261244675142165
9.958814801534386,9.961628554478654,-0.04118519846561373,-0.03837144552134559
9.958502864738234,9.965972123232985,-0.041497135261765544,-0.034027876767014006
9.958191414965116,9.963791385225312,-0.04180858503488359,-0.03620861477468805
9.957880455870303,9.932710039407342,-0.04211954412969819,-0.06728996059265907
9.9575699911033,9.937634872661366,-0.04243000889669891,-0.06236512733863368
9.957260024307823,9.91897125268835,-0.0427399756921764,-0.08102874731165127
9.956950559121735,9.967707521235083,-0.04304944087826583,-0.032292478764918024
9.956641599177011,9.96200158128693,-0.04335840082298925,-0.03799841871306951
9.9563331480997,9.967266677398584,-0.04366685190029884,-0.03273332260141665
9.956025209509882,9.981017903026405,-0.04397479049011856,-0.01898209697359445
9.955717787021612,9.962185645805729,-0.04428221297838703,-0.03781435419427051
9.9554108842429,9.967941605277451,-0.04458911575710052,-0.0320583947225493
9.955104504775646,9.98301723882567,-0.04489549522435426,-0.016982761174329754
9.954798652215615,9.98204021887888,-0.04520134778438539,-0.0179597811211186
9.954493330152385,9.920772781884127,-0.045506669847614846,-0.0792272181158739
9.95418854216931,9.946881649765146,-0.04581145783069011,-0.053118350234854346
9.953884291843474,9.937495574352448,-0.0461157081565263,-0.06250442564755085
9.953580582745651,9.95952793946309,-0.04641941725434881,-0.04047206053691023
9.953277418440265,9.929159975706735,-0.04672258155973491,-0.07084002429326444
9.952974802485343,9.904431653460035,-0.04702519751465616,-0.0955683465399642
9.952672738432481,9.962675642753748,-0.04732726156751929,-0.03732435724625157
9.952371229826792,9.94984787159759,-0.04762877017320831,-0.050152128402408465
9.952070280206874,9.94538917208431,-0.047929719793126574,-0.05461082791568994
9.951769893104762,9.97374907255846,-0.048230106895237435,-0.026250927441539822
9.951470072045893,9.965161371298734,-0.04852992795410624,-0.03483862870126536
9.95117082054906,9.906368900420304,-0.048829179450941465,-0.09363109957969643
9.950872142126363,9.949124799179852,-0.049127857873636605,-0.05087520082014685
9.95057404028319,9.955918050543957,-0.04942595971681046,-0.044081949456043386
9.950276518518152,9.935427003218242,-0.04972348148184887,-0.06457299678175783
9.949979580323054,9.942033337108178,-0.05002041967694554,-0.05796666289182243
9.949683229182856,9.953015963852959,-0.050316770817143565,-0.046984036147041705
9.949387468575624,9.934121828975194,-0.05061253142437544,-0.06587817102480661
9.949092301972495,9.927573296194971,-0.05090769802750433,-0.07242670380502787
9.948797732837635,9.947913762383099,-0.05120226716236529,-0.05208623761690059
9.948503764628194,9.961460735785675,-0.051496235371804956,-0.03853926421432438
9.948210400794277,9.956380681554668,-0.051789599205722785,-0.043619318445332345
9.947917644778888,9.967934308847791,-0.05208235522111121,-0.03206569115220785
9.947625500017903,9.962431303122994,-0.05237449998209667,-0.037568696877005654
9.94733396994002,9.947388283569106,-0.052666030059979,-0.052611716430893254
9.947043057966727,9.968748499409504,-0.05295694203327216,-0.03125150059049554
9.946752767512255,9.944250015056625,-0.05324723248774482,-0.05574998494337523
9.946463101983541,9.944158620046663,-0.053536898016459535,-0.055841379953337156
9.946174064780188,9.910257090512147,-0.053825935219813326,-0.08974290948785255
9.945885659294422,9.938963616654785,-0.05411434070557728,-0.06103638334521453
9.945597888911063,9.942634719955375,-0.05440211108893698,-0.05736528004462422
