Actual_Level,Predicted_Level,Actual_DeltaH,Predicted_DeltaH
0.6040054291381349,0.6072759973875663,0.0,-8.459012569491697e-05
0.44721629363242826,0.46228088215344554,-0.15678913550570667,-0.1447168648014682
0.4488726239764056,0.45151742138187506,0.0016563303439773303,0.0014394548700804191
0.5234452880484803,0.541659589074857,0.07457266407207475,0.07850205404119347
0.4166594046205758,0.43384447972200907,-0.10678588342790452,-0.10489356908350135
0.5439050144204495,0.5625429141233361,0.12724560979987365,0.12870063841154136
0.43887533799124107,0.4174688889916894,-0.10502967642920841,-0.10951997647346719
0.5871715042948048,0.6074966595770714,0.14829616630356374,0.15286792772907648
0.5004362873195002,0.5053924563707233,-0.08673521697530462,-0.09923678239863698
0.5714873291968081,0.5691663722521233,0.07105104187730793,0.05275437834738239
0.5301889336990013,0.5123792814807685,-0.041298395497806784,-0.042536972558720326
0.4206131582972554,0.41959543452093995,-0.10957577540174596,-0.10897901207551085
0.5668875407068079,0.575294919068117,0.14627438240955254,0.15623570528632055
0.46380998761598136,0.48581283560881994,-0.10307755309082656,-0.10281357574800302
0.42626482670117993,0.43733440051630823,-0.03754516091480142,-0.04510434833537461
0.469463249018444,0.4598590345311172,0.04319842231726406,0.050592439625898
0.5500599555845165,0.5907313604363417,0.08059670656607248,0.10692450612496014
0.48401614708042806,0.49678366544605246,-0.06604380850408842,-0.07875412749269814
0.5207922178624196,0.5052267764443823,0.03677607078199152,0.023397974593030803
0.5453798675815805,0.5705280865581064,0.024587649719160942,0.013100357984628226
0.5613246442501597,0.602631032521367,0.015944776668579186,0.015680771332527346
0.48074694971103477,0.43864247805297846,-0.08057769453912494,-0.06501670155871611
0.5135001836258722,0.5308216606891338,0.032753233914837476,0.0395763762938674
0.457139435378116,0.44437552738045866,-0.05636074824775622,-0.049976274678614055
0.438382789322569,0.4902016207371077,-0.018756646055547,-0.026468273723917458
0.3950715734536714,0.4015350315209354,-0.043311215868897635,-0.05004458261817782
0.5289094749047712,0.5171317928254909,0.13383790145109986,0.13259796141909588
0.4211471561907074,0.4174372588925612,-0.10776231871406383,-0.11149472413660114
0.4821134025392078,0.46620535565644877,0.0609662463485004,0.052177932392032805
0.42350646428164873,0.44600896198966095,-0.05860693825755908,-0.05836189346785799
0.492375402312014,0.500436465920524,0.06886893803036526,0.05506549486601568
0.587193898094842,0.5684199008479306,0.09481849578282803,0.10531800367347685
0.46769725253831007,0.43326909942619424,-0.11949664555653194,-0.0962115746720057
0.5153847063619598,0.5038166521061634,0.047687453823649695,0.05166502040872057
0.5989118957926829,0.5755648368347889,0.08352718943072313,0.08988885437209757
0.4802476002210739,0.47785473722229355,-0.11866429557160901,-0.11573782591408993
0.533140889998011,0.5212737031445047,0.052893289776937136,0.05056082456634097
0.5382920461624383,0.538060118901899,0.005151156164427295,0.006226289657213009
0.4536226266407678,0.4495671969578077,-0.08466941952167051,-0.09673084810078843
0.5363947729384182,0.5494938730583759,0.0827721462976504,0.08367551546921963
0.5324520377408011,0.49395887551960926,-0.00394273519761712,0.012253013462801339
0.5236366087365764,0.5073905305571657,-0.008815429004224717,-0.005789997540171437
0.5785011532771918,0.5564160988235597,0.0548645445406154,0.06213544451494676
0.5510440276483938,0.5479944545488784,-0.027457125628797985,-0.029492967834913824
0.42829456283997647,0.4349303828856636,-0.12274946480841731,-0.12368043793740893
0.42703404672241924,0.4179554827640485,-0.001260516117557231,0.016626693211924306
0.5427907384435714,0.5557359657957649,0.11575669172115216,0.11678640673954992
0.5008086162044424,0.48021889112126837,-0.041982122239129005,-0.06242860518387619
0.5029003787080926,0.4703277130101956,0.002091762503650174,0.0103796411738748
0.49808545711421615,0.49181570897261145,-0.00481492159387642,-0.004658391079911861
0.4593518094145076,0.46489511680757184,-0.03873364769970855,-0.031401898828380015
0.5717226414273568,0.5857394118873013,0.11237083201284925,0.1245218784663325
0.6027704674932673,0.5644085522389157,0.0310478260659105,0.031398153612626066
0.5608291380820453,0.5643049847104697,-0.041941329411222084,-0.017411628690117125
0.4947447036101148,0.5350800127020611,-0.06608443447193046,-0.06843622696881177
0.4125077602845244,0.38254775151897286,-0.0822369433255904,-0.0713910666761153
0.522345896995203,0.5242002616035584,0.10983813671067855,0.09208756026001715
0.5452244406495009,0.5423524626371345,0.022878543654297978,0.022068390570082207
0.5265897104763331,0.5045638048207268,-0.018634730173167857,-0.020565528222481262
0.6001878834023794,0.58941348621921,0.07359817292604631,0.06382913091011658
0.5356646890098105,0.5196804963296399,-0.06452319439256893,-0.05710174810749799
0.5882803273577902,0.5805874725113013,0.052615638347979776,0.043372366969598966
0.5271716674315898,0.554338131787173,-0.061108659926200404,-0.05256918854096093
0.5337545705064511,0.5002482257004878,0.006582903074861313,0.002728822126320296
0.5184457754271832,0.5034708496300231,-0.015308795079267967,-0.027977939274805214
0.5311795602361482,0.5581051615330043,0.012733784808965032,0.007733741877320459
0.5562106671430669,0.5883981560664093,0.025031106906918676,0.026820936327427776
0.4733928566959442,0.4778176247755476,-0.08281781044712266,-0.07471681042301086
0.473600246547804,0.47469120755333566,0.00020738985185980718,-0.003988582231197398
0.4055745991018904,0.37741819575756114,-0.0680256474459136,-0.05996645115001026
0.5366703277611502,0.5347627511152961,0.13109572865925978,0.1277886394628311
0.5251001851363554,0.5789100112700011,-0.011570142624794832,-0.022327480094715683
0.4835884271810624,0.4927115363439009,-0.041511757955292994,-0.02902902219906989
0.5143215032441534,0.4882952923903985,0.030733076063091003,0.02683345667723526
0.457439014255094,0.4551363246444606,-0.0568824889890594,-0.044650822382750116
0.4289706743600027,0.4243669642016858,-0.028468339895091288,-0.020758299698251194
0.5460519068791385,0.5778376731156654,0.11708123251913582,0.13200496349401591
0.5539172925880497,0.5578856690838484,0.007865385708911155,0.004160924351783521
0.5670124904789643,0.5808471154064001,0.013095197890914623,0.012046117113272204
0.5539041467300969,0.556929921298915,-0.01310834374886738,0.001208666707772102
0.44355557383008004,0.42315617406281475,-0.11034857290001687,-0.12036123956811812
0.4939206103834215,0.500819985913184,0.05036503655334146,0.05454982214413656
0.5087311087286697,0.4898237526004329,0.014810498345248169,-0.010721187042183437
0.5407458743520717,0.5445814508571359,0.032014765623402,0.026208838012248582
0.5152618060869865,0.5426517207143456,-0.025484068265085202,-0.034518897998786296
0.5992639748996555,0.589743562233216,0.08400216881266909,0.09373629377482934
0.45495494542020454,0.4519399107214336,-0.144309029479451,-0.1302228277217293
0.5174212351559059,0.5005806243382293,0.06246628973570134,0.05814961394102716
0.6057306947271476,0.6058540192689569,0.0883094595712417,0.09978214421925855
0.5343230869349075,0.5405501755026614,-0.07140760779224009,-0.06590724069013834
0.5903688939146766,0.5939552325962135,0.05604580697976913,0.07412074056062007
0.5530382176390168,0.5554991819536315,-0.03733067627565978,-0.030076551229872572
0.42904731191559303,0.4243163996455652,-0.1239909057234238,-0.1067290916350525
0.49641355286478195,0.4823639264072928,0.06736624094918892,0.05189777094018558
0.5355656779459919,0.5128610234405294,0.03915212508120991,0.042240238478989174
0.5681698509457472,0.5507709351294224,0.032604172999755376,0.02704166448563137
0.5686655010025358,0.5593375395946568,0.0004956500567885325,-0.004822715439208062
0.5354488580870068,0.5170028073227042,-0.03321664291552895,-0.011064628719653885
0.5332163761775389,0.5386372796150987,-0.0022324819094678983,0.0037728419643148145
0.47043267473040934,0.5099597867683229,-0.06278370144712958,-0.07276132731868172
0.4801076401583355,0.4995321773021005,0.009674965427926174,0.010522176241164529
0.5522398350327014,0.5660732199583526,0.07213219487436584,0.06941498729631146
0.5751420105661198,0.5823756367669034,0.022902175533418445,0.03821702545134788
0.49323066260973736,0.4767999467245645,-0.08191134795638244,-0.08788649581131688
0.525620045190182,0.5224809298489294,0.03238938258044466,0.03453814005033602
0.6054090800801435,0.5973985740757264,0.07978903488996147,0.09017415289839373
0.6041906467982382,0.5828942083462983,-0.0012184332819052957,-0.006876970767072058
0.46100675888206133,0.48808184706726593,-0.14318388791617687,-0.14438523448021237
0.47632096131219936,0.4671429136910713,0.015314202430138035,-0.001370410030233138
0.6015466818264863,0.5921510069657048,0.12522572051428693,0.11881139067804168
0.471071390511406,0.4507891860453084,-0.1304752913150803,-0.11114885205815199
0.6546530876533719,0.6910942216929123,0.18358169714196593,0.17408256145539547
0.4389319854788078,0.4287972247375933,-0.21572110217456414,-0.21256703261145388
0.5008337271513041,0.5081358736917383,0.061901741672496347,0.054452878301891695
0.5269151514034349,0.5368312142184346,0.02608142425213078,0.02374462016371244
0.5351041182819565,0.5292383564720782,0.008188966878521553,-0.001113857887260752
0.5638876910082498,0.5736962233429204,0.028783572726293283,0.021650788626573846
0.4628877662918206,0.4684996754156945,-0.10099992471642916,-0.11107783773846586
0.4674436131554168,0.4765266704031193,0.004555846863596225,-0.00766890569934095
0.4777930597004694,0.47487598290793187,0.010349446545052599,0.014197354147893157
0.4798021090446397,0.44895300482129236,0.0020090493441702884,-0.0005741420632837456
0.5132722113259934,0.5089434948333763,0.03347010228135372,0.0372370403344358
0.4329186451182615,0.4409236893625305,-0.08035356620773193,-0.09065066547982407
0.5838566456628412,0.5879234565303215,0.15093800054457973,0.14390828061146485
0.5333782428546693,0.540844420683795,-0.05047840280817195,-0.055438692774048975
0.5598778298792161,0.5543103480185906,0.0264995870245468,0.030366094911141086
0.5135053782902395,0.5089496435965088,-0.046372451588976626,-0.03982076714325497
0.5222005890379663,0.5154434044002904,0.008695210747726834,0.006495169772244878
0.45141005821081953,0.4318370605732567,-0.07079053082714676,-0.06410668817813232
0.5487982644782998,0.5341817641734851,0.09738820626748029,0.11616756966138128
0.5772525462423911,0.5791378492464092,0.02845428176409126,0.028757665896477397
0.5649869961818846,0.574754209150995,-0.012265550060506447,-0.01777107812253561
0.5609478145740429,0.5311664650866494,-0.00403918160784178,-0.005779341498026071
0.6591512477700129,0.6714228041379574,0.09820343319597002,0.08626757453425211
0.5152613633223811,0.5122743554411944,-0.14388988444763173,-0.14750857050112554
0.46208240456534333,0.42720782257079437,-0.05317895875703782,-0.061520794983120006
0.5850653744269301,0.6070211152963798,0.12298296986158674,0.1347046251478154
0.5575272565573118,0.5472565363386054,-0.02753811786961824,-0.030964500461999774
0.4690260505245754,0.4882460520191816,-0.08850120603273642,-0.07416409029232957
0.5348528859630366,0.5817843901659455,0.06582683543846118,0.060696106092151605
0.5906745633319345,0.5973319273384269,0.05582167736889787,0.048312953664556874
0.5764849579299848,0.580029348965639,-0.01418960540194969,-0.01805913435674069
0.49953323040827635,0.4974021553943527,-0.07695172752170842,-0.08120082208211138
0.6486273449610443,0.6403685045218576,0.149094114552768,0.14664265537378082
0.5870916374479311,0.605356683402297,-0.061535707513113214,-0.05708689962095111
0.5151729626841695,0.535088628314428,-0.07191867476376168,-0.06530382767109778
0.5926112761412013,0.6063606040060064,0.0774383134570319,0.07229203913710323
0.5860098536128374,0.6036789768398627,-0.006601422528363932,-0.003272459802772014
0.594374334468766,0.5986680654561596,0.008364480855928558,0.025984200266294562
0.502071602626531,0.5441211039187939,-0.09230273184223492,-0.09935348264591155
0.49488275987582836,0.4676268369242542,-0.007188842750702695,-0.0013219773662534514
0.6147987945865988,0.6058796393692985,0.11991603471077045,0.11451326930861307
0.506349065523648,0.5025768841015861,-0.1084497290629508,-0.10171684497729049
0.6056952145553739,0.5866559317089904,0.0993461490317259,0.10217747527358477
0.6011494481989131,0.5931094462391568,-0.0045457663564607564,-0.0017934441455384558
0.6158379565676343,0.6293874065336773,0.014688508368721154,0.010768253255878232
0.6421426980698973,0.6441903416298483,0.02630474150226303,0.04142729558571298
0.6135426045933772,0.6176152763518866,-0.02860009347652015,-0.02181361882931794
0.5751014836989797,0.5428439080756716,-0.03844112089439744,-0.04137538357950909
0.5508398994397444,0.5179770273948593,-0.024261584259235303,-0.0018823783057836906
0.5432571855594314,0.5644369494872274,-0.007582713880313063,-0.00186683229006705
0.5657801066705939,0.5381563873604832,0.022522921111162497,0.010064096203561482
0.4025827433417152,0.39477883734133135,-0.1631973633288787,-0.162320972576051
0.7042437540295636,0.7349738522262487,0.30166101068784845,0.30929423710180765
0.5711169544126791,0.5361051620464136,-0.13312679961688456,-0.15590041374025895
0.5493243363214043,0.5260222134795451,-0.02179261809127475,-0.04055122169926721
0.538060333955023,0.5351016594061292,-0.011264002366381365,-0.020330930305675243
0.5661191570849945,0.5808354087168661,0.028058823129971544,0.022888581429684387
0.49293508055019425,0.5319742615707108,-0.07318407653480025,-0.0780811249829992
0.5323227445468035,0.554385750819315,0.03938766399660926,0.04053630609973298
0.6069183667856102,0.5984830614667005,0.07459562223880667,0.06816715872688557
0.5607953913336952,0.5876040746851063,-0.046122975451915016,-0.05105051442397592
0.43463137079397496,0.42095946098161124,-0.1261640205397202,-0.1326947223844296
0.4766138982593257,0.49349257668474233,0.04198252746535075,0.03378710047271239
0.5789485501178926,0.5906361156011486,0.10233465185856688,0.1185782088412072
0.5217952357982563,0.5323729869377469,-0.05715331431963633,-0.0859746431138722
0.6543261591630516,0.6439158070182084,0.13253092336479533,0.1314079580420493
0.4717243779734122,0.44319531275753676,-0.18260178118963938,-0.16727085034587896
0.551037883130348,0.5506227063304237,0.07931350515693575,0.07124179371509257
0.5861876156898351,0.5736241298768545,0.03514973255948717,0.0461452971849831
0.5519743000518218,0.5469978764260096,-0.03421331563801333,-0.033043065639263035
0.6032730132660318,0.5840079592844453,0.05129871321420998,0.064420407529571
0.5809948086783033,0.5872855169846273,-0.022278204587728445,-0.005986397687094941
0.5301901528897511,0.5376388385212215,-0.0508046557885522,-0.05021974417670354
0.6293236145739651,0.6369570484925546,0.099133461684214,0.09978801976092698
0.506244351289436,0.48749631695376133,-0.12307926328452912,-0.10959602632836521
0.6058100360161432,0.5963590120598451,0.09956568472670724,0.10338115594289714
0.5362414504486044,0.5682943526946748,-0.06956858556753887,-0.059383916305390944
0.4648256249913481,0.48218602189180776,-0.07141582545725628,-0.07684449449362252
0.4477924531881037,0.45785680783831084,-0.01703317180324443,-0.023276555214870084
0.486040589975097,0.4900229707817341,0.03824813678699335,0.03883985336580969
0.6172061035896517,0.6072809450258763,0.13116551361455464,0.13382012237119068
0.5607283611754786,0.5613842723136493,-0.05647774241417303,-0.04063688587161552
0.4921264932205467,0.4998650636098876,-0.06860186795493195,-0.04380079140587935
0.47845865108407987,0.4687932433067601,-0.013667842136466823,-0.015517286082633969
0.5567482598759682,0.5891219293070051,0.07828960879188834,0.06681515437242257
0.5313810420385122,0.54444109660974,-0.02536721783745599,-0.026058648503110363
0.5063584605242614,0.50208345439855,-0.025022581514250852,-0.005348499610932728
0.49422046639790485,0.4769593824176296,-0.012137994126356522,-0.025634320012238712
0.5897762341108801,0.5846712028837314,0.09555576771297525,0.10516393023590619
0.6260596993465886,0.5937506731422638,0.03628346523570847,0.040972647166819934
0.607642356105309,0.6231407926974006,-0.018417343241279527,-0.009949375573361102
0.5736457793385951,0.5792072351395768,-0.03399657676671397,-0.02706742030697387
0.5490903677541897,0.5604608801115766,-0.02455541158440533,-0.043137137010482246
0.6289254001547322,0.6216416942283298,0.07983503240054246,0.08106546008384843
0.5940449208980811,0.6014249053737216,-0.034880479256651054,-0.017226740884073215
0.5194644838790935,0.5085576898217088,-0.07458043701898764,-0.08460125215637292
0.5993156329196766,0.5817491740952331,0.0798511490405831,0.08846883997270366
0.5147061891657194,0.4950311652718518,-0.08460944375395718,-0.09167293154307582
0.5526514452802908,0.5606212879501825,0.037945256114571335,0.0343711027485991
0.553663891638076,0.5839217909157942,0.0010124463577851905,0.0062181900342188155
0.510542034747292,0.4890064889055736,-0.04312185689078396,-0.03654610247877303
0.6619508574498391,0.666736884687963,0.15140882270254707,0.15749345975913215
0.5333172871919052,0.545813379952064,-0.12863357025793387,-0.12368092112307018
0.532232995513303,0.5171410812931048,-0.001084291678602134,-0.00594485685252262
0.5756831050790123,0.570979265484748,0.04345010956570927,0.044510438297380835
0.5200698281265485,0.5414224108857758,-0.055613276952463875,-0.05966101141441895
0.5102873312699135,0.4938815100266659,-0.009782496856634904,-0.003474941488069829
0.6399006518065153,0.6335681989627036,0.1296133205366018,0.11312583304352619
0.5702256891860668,0.538478956749471,-0.06967496262044859,-0.07414149342468128
0.5619444576336563,0.5662643974119977,-0.00828123155241045,-0.01210917011950625
0.5162213526147531,0.5551604810534052,-0.0457231050189032,-0.037155533327232565
0.6948500562832824,0.7111695297217292,0.17862870366852934,0.16037430802849204
0.5181979690260107,0.5048674256322159,-0.17665208725727177,-0.16249899046226604
0.5357864034989634,0.558763461849477,0.017588434472952774,0.011671187103999198
0.6398645442716138,0.6386946562283408,0.10407814077265032,0.10246154478637876
0.5027184465422727,0.5151925270037904,-0.13714609772934105,-0.15170262136716134
0.5608409514931938,0.5718136831757511,0.05812250495092108,0.06873046787621002
0.6498249162022407,0.6265624017413954,0.0889839647090469,0.10334046959152939
0.6054775186651802,0.6044335006077542,-0.04434739753706052,-0.04112859104067699
0.6637288785334836,0.6782761412990964,0.05825135986830343,0.05938005053610385
0.6684693073905361,0.6528704448927166,0.004740428857052503,0.02325526331628464
0.5841750347520025,0.5546850237460815,-0.08429427263853362,-0.09392424146091949
0.5478346513535127,0.584901376316109,-0.03634038339848977,-0.03156371734009984
0.47117722173843535,0.47110339533313905,-0.07665742961507738,-0.06010468592078033
0.5676199900814618,0.6347564672389548,0.09644276834302645,0.08377239655555899
0.5751016129928102,0.5692802771104581,0.007481622911348351,-0.019493696290750137
0.5321250117120809,0.5665223469992119,-0.04297660128072922,-0.05054222931977795
0.6310894859529808,0.6530276088750301,0.09896447424089982,0.09643877810082133
0.7033966593832559,0.7249640040331783,0.07230717343027515,0.05490560043263473
0.7047094066937646,0.7232077210548732,0.0013127473105086773,-0.004519536746352413
0.5251210493360188,0.5105857846127865,-0.1795883573577458,-0.1768225569691295
0.49833839767708293,0.5115194111417929,-0.02678265165893584,-0.020491488554248594
0.6680801841133448,0.6839032211753547,0.16974178643626187,0.17878014254142713
0.5360544963510401,0.5523827341437231,-0.13202568776230472,-0.13408468038928908
0.705707072499856,0.687812594949905,0.1696525761488159,0.171811456351591
0.5729944162182316,0.6012113879485463,-0.13271265628162443,-0.1251712661272166
0.6284679333157813,0.6325829403179752,0.055473517097549774,0.05842236904794752
0.5056036775677206,0.4969510178230118,-0.1228642557480607,-0.12224533257775838
0.623436218393582,0.6011641916156041,0.11783254082586136,0.11160521816105307
0.6393211049672247,0.661572964450292,0.01588488657364273,-0.010443392708606197
0.612930569833133,0.628025140393795,-0.02639053513409173,-0.009591554166151768
0.5940439440001933,0.6120641028373203,-0.018886625832939652,-0.0016030363529354053
0.6408314540193688,0.6292336436226729,0.04678751001917547,0.051514942760977164
0.5700029688330438,0.5454214420865782,-0.07082848518632501,-0.0702000242897911
0.6201537766584612,0.6088315973580688,0.050150807825417365,0.04511684885889687
0.6436593062906003,0.6304849032715014,0.023505529632139144,0.03843276795949101
0.5560431711359941,0.520718133252753,-0.0876161351546062,-0.11122349963631811
0.5636014051753674,0.5518999264675364,0.007558234039373279,0.005443693994931574
0.6235150703073064,0.6151351973260605,0.059913665131938965,0.05959447372625983
0.6296265762736728,0.5913610694290165,0.006111505966366448,0.008935896956355742
0.6594624699642392,0.6627073783961783,0.029835893690566384,0.017336678967216638
0.6211737365097065,0.5997255680245291,-0.03828873345453265,-0.05062303036947069
0.49516563579869843,0.4776027181871814,-0.1260081007110081,-0.1354100323179529
0.49282538695468797,0.48235020657408106,-0.002340248844010462,0.002331510342301061
0.5742512607299464,0.5738829012928806,0.0814258737752584,0.10200251436565203
0.6983621337534054,0.692538424699,0.12411087302345902,0.12800744969158037
0.5684070813314981,0.5699842909772631,-0.1299550524219073,-0.13191579391055772
0.5930463651236776,0.5927454063152535,0.0246392837921795,0.015436114803237725
0.5312822424306348,0.5347524453821926,-0.06176412269304277,-0.0674595895222732
0.6543036154019841,0.6444629885815458,0.1230213729713493,0.11970865303685817
0.691578620155036,0.6800678741491053,0.0372750047530519,0.038390847847221486
0.5277960827805213,0.5477219611949948,-0.16378253737451476,-0.16794484960258993
0.5433130301412118,0.5390025187639514,0.015516947360690536,0.028802024802487176
0.6235595766711193,0.6106939502277432,0.08024654652990748,0.0790407544750272
0.5917414620473449,0.6041540834408445,-0.031818114623774374,-0.047138299140266314
0.5524397358900729,0.5331754897473725,-0.03930172615727201,-0.026067637507730987
0.673693326213212,0.6619184684455579,0.1212535903231391,0.11889586912159558
0.5722840478818277,0.5543605398226893,-0.10140927833138424,-0.10725701341520195
0.5806509508132387,0.5862544237324518,0.008366902931410958,0.007645544897401212
0.6316427782808998,0.5940535600444601,0.050991827467661066,0.04703404933328609
0.6520402611301934,0.6415543073604744,0.020397482849293658,0.024055283958576566
0.49004715814302235,0.515210758321701,-0.16199310298717107,-0.15891987030113439
0.5753832169299928,0.5726061281715743,0.08533605878697048,0.07348190302494151
0.5622788574023749,0.5507597892755425,-0.013104359527617904,0.004091729525606824
0.6572901005902951,0.6819426949997092,0.0950112431879202,0.10680187404562468
0.5631113806594491,0.5635342350136473,-0.09417871993084603,-0.12341220336925343
0.6258403381562689,0.6211882897784131,0.06272895749681984,0.08116038853922014
0.5533346845153837,0.5643514960685938,-0.07250565364088524,-0.07045734681304934
0.6448409416787505,0.653922264488894,0.0915062571633668,0.08419529049345967
0.5121141663679494,0.4779904372058873,-0.13272677531080113,-0.1403506320662553
0.5908111842412485,0.6049647118934319,0.07869701787329908,0.09200375327059275
0.5570903630134243,0.5381000657971202,-0.03372082122782416,-0.043742605341817856
0.49649971584476377,0.48827399438974023,-0.06059064716866053,-0.061900054340000024
0.5572757845026763,0.5600122075119124,0.060776068657912574,0.06892530899666623
0.6519686772902817,0.6238541270109086,0.0946928927876054,0.09693066553351516
0.6539242522717252,0.6393988141377422,0.0019555749814434975,0.002624029336969785
0.6236232547583596,0.6591572741152663,-0.03030099751336568,-0.03580714113843683
0.5726163294260802,0.589647246188141,-0.05100692533227935,-0.0509764011377893
0.6464237264503047,0.6151609022282766,0.07380739702422445,0.08434145150689112
0.6591357957442773,0.6587421887270343,0.012712069293972617,0.008352231134912477
0.5583687686059121,0.5099149126258697,-0.10076702713836516,-0.09368209078892865
0.623133694203819,0.6103551577552638,0.06476492559790692,0.06285626773493998
0.6745757080743467,0.6538721214745473,0.051442013870527714,0.06615888372887521
0.6814829254058651,0.6899770298198665,0.006907217331518334,0.0019735895338937074
0.6307387654764656,0.6487175270591968,-0.05074415992939951,-0.049128277812774325
0.6154208722493398,0.5940469843509352,-0.015317893227125734,0.01146262161598683
0.6731136196960338,0.6756634821507809,0.05769274744669395,0.04585343187401021
0.6384174868810979,0.6197054244066251,-0.03469613281493589,-0.04251212359040721
0.47820067019522866,0.47486973505882696,-0.16021681668586923,-0.15025607804132848
0.6108557462930155,0.5874213247649718,0.13265507609778687,0.14753246831560035
0.6011236597622297,0.5919633915332371,-0.009732086530785833,-0.008100670337844985
0.6571747949051067,0.6510883620461623,0.05605113514287696,0.06720906932262402
0.612865620840725,0.6310952842073501,-0.04430917406438162,-0.0386741357531194
0.6066987900805085,0.6056322837726026,-0.006166830760216513,-0.006862057755557658
0.5570011220642608,0.5319785364127881,-0.049697668016247754,-0.05975885344416041
0.5885304054251989,0.579903848544583,0.031529283360938076,0.03970618619254525
0.5196523863184592,0.5485207269884111,-0.06887801910673963,-0.057117301628256456
0.6421803606248728,0.6215123669084618,0.1225279743064136,0.12706977597196303
0.6149286594921566,0.5999806447138742,-0.027251701132716244,-0.02190513694686768
0.5745502766700472,0.566016835891544,-0.04037838282210937,-0.054550044023710054
0.6034101468665692,0.5836517486440155,0.02885987019652203,0.022249593922198017
0.6826201745065801,0.6701813263640933,0.07921002764001084,0.0827722330870541
0.6107921952298637,0.6329614412051027,-0.07182797927671636,-0.0522600346824018
0.6838001270222394,0.6668817955903041,0.07300793179237564,0.08059378168965704
0.5222809232904004,0.5177724049609813,-0.16151920373183892,-0.17143098904670645
0.6313050283618018,0.6069268943823886,0.10902410507140137,0.10702533483645811
0.5695912188170711,0.5596626541616027,-0.06171380954473071,-0.059188168579865634
0.6571823297954025,0.6544145983013471,0.08759111097833139,0.10582190683661286
0.5344926555248379,0.5308848557709487,-0.12268967427056454,-0.11669130166676159
0.5339946550916362,0.5624398666694392,-0.0004980004332016952,0.00454568594128922
0.6879070349469332,0.6994227439906308,0.15391237985529693,0.14263965370168502
0.5992451972259394,0.5949466200979252,-0.08866183772099379,-0.0955325657387669
0.7585960760059697,0.7333447915090264,0.1593508787800303,0.16255471748846048
0.549347286040722,0.5512020207267132,-0.20924878996524765,-0.1839298443972466
0.5830299973283206,0.5896578907061095,0.03368271128759859,0.027505331585912018
0.5661976127290678,0.5733789067591363,-0.016832384599252848,-0.0034516464396425854
0.6841172685890086,0.6856896645551745,0.1179196558599408,0.13562150482102409
0.5793228634132342,0.566432570176025,-0.10479440517577432,-0.0994478320929276
0.5786762185889625,0.5856759297417354,-0.0006466448242717915,0.011768724873046664
0.6317749061383474,0.6217152454149254,0.05309868754938496,0.04788940479892321
0.6245676372353606,0.6236237987873605,-0.007207268902986841,0.006944778628846489
0.6507645306662271,0.659703459638377,0.026196893430866508,0.008227790662413473
0.6406707007224519,0.6101173065251543,-0.010093829943775168,-0.010777944656435362
0.6150771297215901,0.639429075044063,-0.025593571000861792,-0.015309041607462031
0.6092314137829055,0.6175168178435414,-0.005845715938684659,-0.009372796932013188
0.6731365641859651,0.6832000696883453,0.06390515040305966,0.06027837387423053
0.6129258529762883,0.6218026573479802,-0.060210711209676804,-0.05504036032801535
0.6017426482793045,0.5842674740525134,-0.011183204696983862,-0.015704631845294616
0.6223140535173651,0.637350439764829,0.02057140523806067,0.020419269805557968
0.6208125878266672,0.6123960800544783,-0.0015014656906979784,0.0018679341367670121
0.7431924120394333,0.721851449214833,0.12237982421276616,0.127898906669358
0.5915990975126927,0.567237789439756,-0.15159331452674063,-0.16322212175345058
0.6027812522194052,0.5958678559321182,0.011182154706712466,0.013945717631808779
0.594213230659033,0.6186176161774678,-0.008568021560372174,-0.002105141732666703
0.674123347764514,0.6668901685797963,0.07991011710548102,0.07810399860259694
0.5598575828427835,0.5796295800408361,-0.11426576492173046,-0.09644285408493485
0.6046865761455978,0.5924788900657764,0.04482899330281431,0.04024547155573741
0.5371726351033596,0.5202469962499351,-0.06751394104223829,-0.06101816572176973
0.6391367388736184,0.635909270529916,0.10196410377025888,0.10547458773267608
0.5882121222546763,0.5650800737022261,-0.0509246166189421,-0.05809533436747797
0.602003649196045,0.6112654129938727,0.013791526941368648,0.0076864430029795925
0.5790516132939096,0.5420813148086636,-0.022952035902135348,-0.012460531700595698
0.7034414272154591,0.6957935232881396,0.12438981392154946,0.11287088973924081
0.6054599907722196,0.6262800403152333,-0.09798143644323953,-0.1054659575257406
0.5810685905794931,0.5629351035696736,-0.024391400192726453,-0.01306542748560307
0.6207173773492789,0.6354572086477609,0.03964878676978578,0.02978443341730557
0.5760342420257101,0.5525361364777264,-0.04468313532356882,-0.039580569305943517
0.6033756485148702,0.5763301263264619,0.02734140648916017,0.03338202668162969
0.6430322318833028,0.676820651871799,0.039656583368432585,0.030565545099730074
0.6202476471508006,0.5870711831691534,-0.022784584732502222,-0.018792965334906223
0.5600457452204627,0.5815628600726641,-0.06020190193033792,-0.07185884990661953
0.5219360341071553,0.5259385752592821,-0.03810971111330741,-0.035851957331298936
0.5628964742103122,0.5670533104418652,0.040960440103156914,0.035662166541546025
0.6250644139160878,0.6206309431508862,0.06216793970577561,0.0670612805097993
0.6040430725858403,0.6052837781801109,-0.021021341330247467,-0.02549172464530673
0.541624240087113,0.5231715212267262,-0.06241883249872737,-0.06745280244246067
0.6040554276570782,0.5815772218633003,0.06243118756996524,0.07379373255360347
0.5860803486967755,0.609155292405026,-0.017975078960302704,0.0020048592255918346
0.6181418289280649,0.6197789591364633,0.03206148023128941,0.03180337640908171
0.6105899691768489,0.6279327554307941,-0.007551859751215972,-0.014707965205582083
0.5788194117396209,0.5925675224341228,-0.03177055743722801,-0.03971660114923762
0.7162962201937054,0.7058030182122895,0.1374768084540845,0.13536179015227537
0.7107944102464991,0.7488304712791677,-0.005501809947206282,-0.0004854196750330199
0.575413276795189,0.5670376964560015,-0.1353811334513101,-0.14108114768428925
0.6656563731982768,0.6612508842519662,0.0902430964030877,0.0849092483823811
0.6566504740187447,0.6754985441203103,-0.009005899179532095,-0.011303931730292519
0.6298129603452292,0.5965233077745626,-0.0268375136735155,-0.03386548172631258
0.6330298531433104,0.6187693541308792,0.003216892798081239,0.00218112498771
0.6032674228278664,0.584032131088757,-0.02976243031544401,-0.0458034040380514
0.6448010368003503,0.6618921758979435,0.041533613972483896,0.05484759049734855
0.5818836692384046,0.5795126132694404,-0.06291736756194566,-0.05833234158003628
0.6006183847253186,0.6184659149465991,0.018734715486913966,0.03666563664875484
0.6266718330325844,0.6122423595352827,0.02605344830726586,0.041253424463024664
0.6264555719404377,0.641007876293872,-0.00021626109214678557,-0.0025237954008469586
0.6213845185376367,0.6326791321683508,-0.005071053402801007,0.019521047834051952
0.6119113505418942,0.6239297785388216,-0.009473167995742493,-0.0027671510509576303
0.565843705453542,0.5357530851917531,-0.04606764508835215,-0.04976778412324778
0.6547217365548637,0.6406109368120735,0.08887803110132164,0.09458629179778451
0.7208379983254325,0.6952143839762135,0.06611626177056884,0.06431015322399672
0.7140309894937753,0.7042215209017783,-0.006807008831657191,-0.018790019062866176
0.633592515101721,0.6473281874371696,-0.08043847439205432,-0.08146680776979912
0.6489434417912228,0.6236830951648284,0.015350926689501776,0.020303147037215218
0.6907554881768138,0.6797914486938027,0.041812046385590995,0.046835278455114024
0.6155445055787919,0.6244339015276257,-0.07521098259802184,-0.06882009964962862
0.6401444221534567,0.6140542371368687,0.02459991657466476,0.03466447024274294
0.6868758950794995,0.7277077750213411,0.04673147292604285,0.06225311018120852
0.5733588089210567,0.5700565504748989,-0.1135170861584428,-0.11777162554488607
0.6092774932881944,0.5711807326526945,0.03591868436713763,0.036102522574818635
0.6261534804868849,0.6725149879319956,0.016875987198690545,0.023099216846072346
0.6739992418377154,0.6912527029917748,0.04784576135083052,0.042423493105547515
0.7686729975976563,0.7924513681339443,0.09467375575994086,0.0873063567817579
0.5853882065033815,0.6022937265887337,-0.18328479109427476,-0.1950100281531521
0.635246505919151,0.6547436675876224,0.04985829941576947,0.055526460703402225
0.6268053026157911,0.6278942699088037,-0.008441203303359845,-0.007278719003252976
0.6788190395635466,0.6740541405856919,0.05201373694775546,0.048023600934114716
0.645300998889527,0.6758682903601761,-0.033518040674019645,-0.046993523308596186
0.6093404281802779,0.5910372318266266,-0.03596057070924907,-0.035994933284802244
0.6074126882281885,0.6393931247458718,-0.0019277399520893912,-0.006122475179252926
0.5658535799737695,0.5601908204950149,-0.041559108254419,-0.024764333212394192
0.6948892011662424,0.7375714486893521,0.12903562119247292,0.12753740838049976
0.7540297552394346,0.7720742052365672,0.059140554073192186,0.0419454170746735
0.6489435079346872,0.6600204269314043,-0.10508624730474736,-0.10568489910245714
0.6415774278866657,0.6636533942086046,-0.007366080048021528,-0.008548533964811218
0.7186799083043036,0.6892514671691817,0.0771024804176379,0.057578310753280765
0.6628683003420514,0.7019962418468795,-0.05581160796225226,-0.07014295005873053
0.6601815397230736,0.6756884092395653,-0.002686760618977768,-0.018859809334119487
0.6664515296261294,0.68514432933224,0.006269989903055828,0.01938820581318084
0.6341028192060483,0.6441025720474347,-0.03234871042008114,-0.04547613921087685
0.5395768353515612,0.535072928916741,-0.09452598385448707,-0.0871298818050868
0.5387247058923572,0.5569824728094235,-0.0008521294592039874,0.010952711623796739
0.6028727960190184,0.6017447659873619,0.06414809012666123,0.05916326416631826
0.6082181445679182,0.6026271509077863,0.0053453485488997865,-0.012259739747598825
0.6338152069273378,0.639793918687697,0.02559706235941961,0.03202672070418762
0.6962774402606429,0.6754932614914944,0.06246223333330503,0.04071008054791988
0.6692892193233031,0.6398400515437266,-0.02698822093733977,-0.019842986657441906
0.6032974178187074,0.6467443154910704,-0.06599180150459572,-0.0660690775024244
0.7117691402143488,0.6921512740536019,0.1084717223956414,0.11336155002816746
0.6575463356432453,0.6825469321336909,-0.05422280457110351,-0.04904058361062339
0.7180725112467726,0.7146756348651985,0.060526175603527355,0.05360100281168078
0.635101906701902,0.6235190900307712,-0.0829706045448706,-0.075902788865273
0.6402511132592426,0.636271803421408,0.005149206557340524,0.0074769385791358615
0.5775422589100514,0.5440642742732111,-0.06270885434919116,-0.07997406918518905
0.5395176141886008,0.5283456919085777,-0.03802464472145062,-0.04180767544175864
0.7550919907237861,0.7607714647532406,0.2155743765351853,0.20030514702816152
0.697770321320195,0.6928583360888783,-0.05732166940359107,-0.0661758436770796
0.6448658316444845,0.6535751183400772,-0.05290448967571049,-0.0658681918869049
0.635447013285735,0.6238247299712335,-0.00941881835874947,-0.014010075060273195
0.6637734139941696,0.6387784356442328,0.028326400708434507,0.03255105425476923
0.6775083727492609,0.6695780664521866,0.013734958755091342,0.004103734224670157
0.6750681451075164,0.6415646745872394,-0.0024402276417444524,0.01130281752652613
0.6604574382532793,0.6475265249172802,-0.014610706854237154,-0.02810412175583611
0.5799475736972775,0.5499730221786234,-0.08050986455600184,-0.07805982389724554
0.7422220365923404,0.7324686969756673,0.16227446289506298,0.1479698871052565
0.6117323141669573,0.5972476791786365,-0.13048972242538315,-0.12790292584646468
0.6461136063500753,0.6303767012070798,0.03438129218311803,0.0322289155301416
0.6283471490085012,0.6182892170109252,-0.017766457341574116,-0.015097266027871405
0.6594083816235123,0.6868890719511502,0.031061232615011147,0.031901670174354343
0.7140668013256938,0.7048380593057552,0.05465841970218144,0.057256785388862946
0.6641521968723235,0.697725518775333,-0.04991460445337026,-0.03649952606631053
0.6970746807118626,0.7008086679527838,0.03292248383953911,0.027351751836597604
0.6691991006043022,0.6894597423065391,-0.027875580107560416,-0.03444501824636205
0.6248273654596739,0.627364070128937,-0.04437173514462833,-0.038112647621097916
0.5625092830226763,0.5623188309923252,-0.062318082436997546,-0.06921961882963108
0.6507394621895238,0.6515535421444901,0.0882301791668475,0.07719782997922707
0.5857313297827237,0.5547330697236253,-0.06500813240680015,-0.056555257233541927
0.6812345068371467,0.6843984052924562,0.09550317705442302,0.10156585861741824
0.701828296148403,0.7358825086494607,0.020593789311256328,0.024823623654070714
0.6375836559470942,0.629719982802539,-0.06424464020130882,-0.06398477020480303
0.7645954429955415,0.7790819783622464,0.1270117870484473,0.125488485514107
0.6018165009959792,0.5953298580686749,-0.16277894199956233,-0.1632420114191204
0.6794661962416486,0.6730085388279496,0.07764969524566945,0.0632453235694719
0.6424491358771254,0.6196619129202185,-0.037017060364523235,-0.02389014687920609
0.6293119405890873,0.660639408293123,-0.013137195288038028,0.011836664946683704
0.6507810770997708,0.6485034951520502,0.021469136510683495,0.03644362886910257
0.6568218454804914,0.6698877992492589,0.00604076838072054,-0.0025773150700746737
0.687071247927374,0.7062263370220481,0.030249402446882567,0.0254845754114179
0.6897408780612813,0.6769935840458174,0.002669630133907308,-0.006967974347614279
0.7936980731909803,0.8015684072830841,0.10395719512969903,0.10178620934297998
0.6817110220220112,0.6707391360634014,-0.11198705116896912,-0.10854866307514692
0.6325363216561388,0.6125088836001873,-0.04917470036587235,-0.04607576638231181
0.6852563159290443,0.6920858093036079,0.052719994272905524,0.03058627604319204
0.7191489432949497,0.7225491789588646,0.03389262736590537,0.041269473787577324
0.6396107362672175,0.6306289691297224,-0.07953820702773218,-0.07399703436126855
0.7079024124929636,0.7112027468076385,0.06829167622574606,0.06646862084630227
0.7021183263841843,0.7094475800494388,-0.0057840861087793405,0.015082030168951311
0.668386464343497,0.6615855025098766,-0.03373186204068723,-0.03122214981178062
0.6516515183369403,0.6465880092122873,-0.016734946006556672,-0.011143889289516321
0.7082467473405608,0.7316814503550432,0.05659522900362046,0.04318830984353872
0.6352887831171875,0.6221391991009483,-0.0729579642233733,-0.07273461332321689
0.6009884633480677,0.5782953314776046,-0.03430031976911985,-0.03242585055682829
0.6676889227623022,0.6826127012529678,0.06670045941423453,0.06779425180722262
0.6744306808191725,0.6787403520498613,0.006741758056870273,0.008614529564895597
0.7511056892720056,0.7673335645748358,0.07667500845283315,0.06595244713665668
0.6017280410439814,0.6094687445228337,-0.14937764822802424,-0.14155285584248167
0.6970821555541882,0.6875083244905494,0.09535411451020681,0.07981459266805625
0.6246555650419383,0.6126641159011459,-0.07242659051224987,-0.057719741049957085
0.5978554969729719,0.5902082924072205,-0.0268000680689664,-0.04030752265469586
0.6165982476764643,0.5984233927558836,0.018742750703492406,0.01394075600584402
0.700460300902673,0.6892427483009994,0.08386205322620865,0.08165115693215418
0.6837472033142407,0.713462863053853,-0.016713097588432313,-0.01811820531970615
0.7424821121869255,0.7664790979643664,0.05873490887268484,0.05866238689660505
0.6576686598828637,0.6708937555996636,-0.08481345230406179,-0.07973560626851627
0.6576296967057106,0.6622140380062865,-3.896317715312847e-05,0.005190628158474578
0.7163703330819733,0.6685417409096639,0.0587406363762627,0.07526254965449065
0.6598830851348674,0.6642984405259601,-0.05648724794710591,-0.05674294291967542
0.7234244961711843,0.7262700366721284,0.06354141103631694,0.06467227069516787
0.7474720598867053,0.7433760414771563,0.02404756371552097,0.041979998510895525
0.7051785227569826,0.7587586198401418,-0.042293537129722725,-0.06506450163701137
0.621021087449792,0.5921167443408357,-0.08415743530719055,-0.07345186921528334
0.740179021793965,0.740769431863166,0.11915793434417299,0.09701596620969138
0.5784113643060137,0.5780805644219794,-0.1617676574879513,-0.14740418383747445
0.6588002470713794,0.6274213515295652,0.08038888276536571,0.08065371781032092
0.6927201107138311,0.7073658981414818,0.0339198636424517,0.03629053949245995
0.7049082505667129,0.7248205856462542,0.012188139852881807,0.006732843143292834
0.6176706653750242,0.5818189408407461,-0.08723758519168867,-0.08900945617557555
0.6372731054655556,0.6335369992726089,0.01960244009053136,0.007223703923149485
0.696163053483406,0.6750330143093689,0.05888994801785041,0.05847145512482086
0.7064355500687176,0.6704468570101226,0.010272496585311597,0.013371797549330865
0.701825155753613,0.715857400573394,-0.004610394315104571,-0.007591529630168601
0.6950263618942808,0.6861213330089484,-0.006798793859332242,0.0018446724332498374
0.6432596637406779,0.6354889797141061,-0.05176669815360291,-0.023393085861028274
0.6895263343336162,0.6727518654283907,0.04626667059293832,0.05391088116688207
0.6961733428888772,0.7064078446120238,0.006647008555261014,0.0034193682102113725
0.7773216264187596,0.7675993831837806,0.08114828352988235,0.0938524477888022
0.602370555008548,0.5764073511129285,-0.1749510714102116,-0.1683848813524708
0.616150560768174,0.585969255999018,0.013780005759626013,0.006280234243231368
0.6223680059335402,0.6230441325775034,0.006217445165366264,-0.0038839959941865225
0.6483668059460558,0.6727609545464167,0.025998800012515533,0.02327453559478467
0.6205131666370871,0.5893648360544298,-0.02785363930896867,-0.033238333229731895
0.61146611600068,0.6034147774332591,-0.009047050636407095,0.0042225465079688395
0.6099885415152584,0.6137162200789631,-0.0014775744854216288,0.0219009387704569
0.6956737323822495,0.7063144326432391,0.08568519086699111,0.0888089986208845
0.8190549839761944,0.82028144764544,0.12338125159394486,0.11399238624851422
0.6421854294538822,0.6390423211362064,-0.17686955452231212,-0.15500362431722942
0.6600666087543567,0.6482187051966704,0.017881179300474503,0.02669167206749809
0.6720487472452067,0.6449049988955489,0.011982138490849947,0.018105428840532577
0.6071487512443748,0.614569664365835,-0.06489999600083185,-0.05744884091236444
0.6946101625894155,0.7054321279996814,0.08746141134504071,0.10447880902474711
0.6732212449494366,0.6615392190797742,-0.021388917639978966,-0.03422713867589404
0.6365350609066929,0.678237003497442,-0.03668618404274371,-0.055777391996743086
0.7239736906691543,0.7608251174853486,0.08743862976246142,0.09026378513699393
0.670364766213142,0.6716589492192783,-0.053608924456012286,-0.0773604890619325
0.7367348869209098,0.7175612792116819,0.06637012070776782,0.07041302683235912
0.7373245022174731,0.7287300820773849,0.0005896152965633172,-0.0059297173591555405
0.7268729625150565,0.6987671994944208,-0.010451539702416635,-0.0031931615181436867
0.6617094081089631,0.6384245297783654,-0.06516355440609345,-0.056962283882778825
0.6744086275187452,0.6551753481402655,0.012699219409782136,0.01992166653549895
0.6862465114857784,0.7166966865355326,0.011837883967033225,0.022858943338061852
0.71993457627943,0.7522875805707909,0.033688064793651606,0.02970133286151127
0.5605682698075872,0.5585630112783279,-0.1593663064718428,-0.16295496393527303
0.6789038235752161,0.7138603898234352,0.11833555376762883,0.1295173489126031
0.7455622827470718,0.7029960141215355,0.06665845917185576,0.07937814617795833
0.75395642180733,0.7433444560106354,0.00839413906025821,0.009316550984091114
0.6636362021228369,0.6707595905285707,-0.09032021968449311,-0.08465157415277583
0.6644136296700701,0.6572809352330956,0.0007774275472332004,0.009053975104893636
0.7920931930488109,0.7851981007711468,0.12767956337874076,0.11316632533368269
0.6344811877559211,0.6053371198623654,-0.15761200529288977,-0.14891510658192222
0.7391571130004317,0.7542671589904676,0.10467592524451064,0.11767695012407509
0.6718589980869425,0.672732841127819,-0.06729811491348925,-0.06453463508938796
0.6389051152779923,0.6141216101379261,-0.032953882808950175,-0.026335031716149836
0.6605637278611501,0.6497004947049331,0.02165861258315782,0.023317820590017236
0.7163179289890157,0.7184874027014126,0.055754201127865555,0.07392929166352896
0.7013272550611611,0.7449151451996021,-0.01499067392785458,-0.020563889674524518
0.6369289188252985,0.6453113376620844,-0.06439833623586266,-0.058109130574713105
0.6081677777771173,0.6182124795107588,-0.02876114104818117,-0.023040143528435968
0.6869012934823409,0.6937377758693684,0.07873351570522358,0.07419084039060278
0.6539515361772638,0.6477262914871854,-0.0329497573050771,-0.02895806739876418
0.6966590074623471,0.6910307961117915,0.04270747128508334,0.022527797743706394
0.6407957893303121,0.6349179363493557,-0.055863218132034986,-0.05534196466824808
0.779470631729688,0.7570170615786828,0.13867484239937589,0.14271059026274943
0.7331264795421885,0.7717993739507105,-0.04634415218749954,-0.04272339163724478
0.7298243399324864,0.7676750961448378,-0.0033021396097020483,-0.0023883359321501462
0.8150401456183595,0.7895445800638494,0.08521580568587306,0.09205635704867973
0.7131191896199037,0.6993603975005529,-0.10192095599845574,-0.09725041979787907
0.755294362860814,0.7817001360628372,0.042175173240910246,0.05864742444814676
0.74485208967528,0.7684829510986526,-0.010442273185533923,-0.0016779586454632057
0.7472575528089509,0.7916672938010781,0.0024054631336708487,-0.0009345724174972588
0.6619032009332181,0.6509132363355585,-0.08535435187573281,-0.08376665722342796
0.6579598837508509,0.6921230930371794,-0.003943317182367179,0.010251782862478553
0.7814681372166876,0.7838392511395889,0.12350825346583671,0.12103021063967506
0.7326378913569511,0.7438446404456063,-0.0488302458597365,-0.04253540922112023
0.7315215598718497,0.749230929266677,-0.001116331485101374,-0.00619719056693409
0.7282697453838386,0.7338033713196065,-0.003251814488011151,-0.00015438496469681205
0.7092164366973257,0.7178943435383675,-0.019053308686512893,-0.014780232530647999
0.6876664728870776,0.693317449664635,-0.021549963810248096,-0.03382139951462255
0.7403339691257507,0.7596688674646154,0.05266749623867306,0.04535694785569467
0.6779519241501097,0.6708798531449942,-0.06238204497564093,-0.06458170477474143
0.6604380024206034,0.6901964547839711,-0.017513921729506388,-0.02468600405887664
0.7280496881645401,0.7535601408680951,0.06761168574393672,0.0655587548929256
0.6710880670438014,0.6668214426640298,-0.05696162112073866,-0.05221440654027912
0.7315793952835281,0.7005322070040004,0.060491328239726694,0.06325508495950936
0.6932926063502752,0.6711426614469859,-0.03828678893325288,-0.052956565327030254
0.7058175751472253,0.7040422350204896,0.012524968796950087,0.007878157454616026
0.6965174012239453,0.6340969021895253,-0.009300173923279975,-0.011307637475715372
0.6637078527641471,0.7050099782310777,-0.03280954845979822,-0.028492568587683734
0.7111388177858674,0.6979315374444693,0.047430965021720284,0.06290822896261054
0.7129198832500488,0.708528393876799,0.0017810654641814416,-0.0005868966303695846
0.7664844291208819,0.7518668004796552,0.053564545870833036,0.05350225067021948
0.7719369826998864,0.77637593027436,0.005452553579004538,0.007400357886780654
0.6813811356010093,0.6754672795784384,-0.0905558470988771,-0.09255010689712431
0.7353576923681188,0.7334509115748312,0.05397655676710944,0.06981169272452259
0.7175690856657587,0.7217227994507801,-0.017788606702360044,-0.01860963203610404
0.7798489937340478,0.7793447203060906,0.06227990806828909,0.05685436081524804
0.6039757263815906,0.6081172612217854,-0.17587326735245723,-0.1639168761741579
0.7392454727913562,0.7647122942429088,0.13526974640976563,0.1399346366301867
0.6129998454476625,0.6214804989223988,-0.1262456273436937,-0.13927408922571344
0.6928028118034442,0.6775031146128564,0.07980296635578166,0.07188951636858726
0.7569193812985787,0.7796743662753134,0.06411656949513456,0.0650688548997253
0.6954294425046015,0.6935172761039918,-0.06148993879397724,-0.07773891560595839
0.762551688020486,0.7570273553485475,0.06712224551588453,0.06068459200159263
0.659833049436186,0.6585712964358951,-0.10271863858429997,-0.09994176908597485
0.7414217095333225,0.7158709987221392,0.0815886600971365,0.07481278469950318
0.7781403685739664,0.7757096577406672,0.036718659040643864,0.032941184433920336
0.7181849292068042,0.7109536974826071,-0.05995543936716219,-0.07002834628468987
0.7181202574279161,0.6860929351366527,-6.46717788881368e-05,-0.0010372253298206462
0.7185125268144225,0.7154750183527706,0.0003922693865063831,0.00864218810669806
0.6961249461391021,0.6952912808674534,-0.022387580675320318,-0.023445441123871133
0.739043837610228,0.7637497694460418,0.04291889147112582,0.04900090233298363
0.6716286215896614,0.6841030958389124,-0.06741521602056655,-0.07290757115592372
0.7207140050516857,0.7208375592748252,0.04908538346202429,0.03606405647183508
0.7773968644910935,0.7636593745639271,0.05668285943940776,0.06292578235462883
0.707715633141228,0.7115233376929002,-0.06968123134986548,-0.07347283124344735
0.7790916169429765,0.8105738939799201,0.07137598380174848,0.06880625601641271
0.7655456442623882,0.7494633674459278,-0.013545972680588214,-0.025330543082434535
0.7501323098738366,0.7571243172677994,-0.015413334388551636,-0.007029335862748169
0.7197082113094971,0.7167354377465923,-0.030424098564339475,-0.028263847236507607
0.7660075429620419,0.7640907378828784,0.04629933165254474,0.04704155464361079
0.7764915374098773,0.7676899458293849,0.010483994447835432,0.021045881450927253
0.6601311217363051,0.6625498894363249,-0.11636041567357225,-0.11099351945587181
0.6335506206545566,0.6052871040887942,-0.026580501081748475,-0.03101141271061938
0.6619509193921695,0.714430767005751,0.02840029873761296,0.017727344906476004
0.6840883744722205,0.7008081519463197,0.02213745508005094,0.006738748318747054
0.6869594004608327,0.6904937944067042,0.002871025988612219,0.020861663853645594
0.7664340872951116,0.8017420537941833,0.07947468683427894,0.07173491128445277
0.7487833016333107,0.7659366055220069,-0.017650785661800894,-0.022110493587100977
0.6470839592669967,0.6564309920115539,-0.10169934236631406,-0.1041120812601086
0.8106826546446473,0.8238528426314689,0.1635986953776506,0.15485821723550583
0.7422166552224264,0.7500489552786453,-0.06846599942222087,-0.06467582446086641
0.8193270956283688,0.8063826832097098,0.0771104404059424,0.09666229200660956
0.6968080769716153,0.6983916591751066,-0.12251901865675352,-0.11365795965650942
0.7348344339619896,0.7427578920087815,0.038026356990374266,0.03176577109961844
0.7377004667558199,0.7642076247891916,0.002866032793830353,0.012769601568364142
0.7272622142045737,0.7162755355445249,-0.010438252551246197,-0.016481165882086857
0.7297570619912634,0.721906270964067,0.0024948477866897356,0.016225360082935812
0.7749983812582114,0.7890459035064572,0.045241319266947966,0.03541599571901265
0.6795504735758927,0.653999925089628,-0.0954479076823187,-0.08971774713518596
0.6725560592773928,0.6781974560198929,-0.006994414298499896,-0.009176980162041864
0.7647050142046087,0.7724854439643447,0.09214895492721586,0.07988722616678515
0.7008304282160215,0.6811072776072564,-0.0638745859885872,-0.06303309385439772
0.7390007429962029,0.7431206394533499,0.0381703147801814,0.027099719088209566
0.748558527682551,0.7807797925871476,0.009557784686348159,0.012115732813261417
0.7714223955845909,0.7715642890697549,0.02286386790203987,0.0098890481469193
0.6884534059014307,0.6780986850316606,-0.08296898968316024,-0.09807496587499488
0.6710245725970305,0.6823046772536664,-0.01742883330440015,-0.01643876865339597
0.7563368726373186,0.7344370796396943,0.08531230004028811,0.07621727544878683
0.8092853091419472,0.8089458920177259,0.05294843650462855,0.05778674155636537
0.7369387380040571,0.7803356825485646,-0.07234657113789011,-0.06616771698240659
0.6926894266118226,0.7078601624362064,-0.044249311392234425,-0.053402445284164296
0.7228757488447494,0.6988371094351418,0.03018632223292672,0.04634671093844654
0.7699887615471198,0.7514036567903313,0.04711301270237045,0.04693530129093543
0.8056194215202,0.8244090259352788,0.035630659973080236,0.0347364102563796
0.8152660788725993,0.8163409400392828,0.009646657352399224,0.012387418665282923
0.750055594530175,0.7234083810176167,-0.06521048434242427,-0.04915651366667505
0.7672176649437356,0.7446210861342322,0.01716207041356055,0.01663855855192404
0.8418095462155222,0.8271762949996229,0.07459188127178662,0.0661176325136949
0.8207330102653732,0.843634900031937,-0.021076535950149022,-0.022376322753107022
0.7602984452940673,0.7647652346573044,-0.06043456497130584,-0.06802418733364993
0.7289782214779718,0.712771711261741,-0.03132022381609556,-0.03549436634924027
0.7573616062043839,0.7328909259551001,0.02838338472641211,0.04043507563879259
0.7034102646664709,0.7164743512016066,-0.05395134153791292,-0.06052274564688528
0.680952839775121,0.7204413989982851,-0.022457424891349942,-0.029214637197987378
0.7309756137955141,0.71405026950218,0.050022774020393124,0.04209896695650431
0.7227528342913399,0.7050537177140547,-0.008222779504174271,0.00424951306771495
0.6759399424452969,0.6886043083152745,-0.04681289184604298,-0.04554895409356194
0.7657626047145653,0.7741909860302464,0.08982266226926838,0.07788013700433635
0.6984125709797271,0.7298697208631065,-0.06735003373483817,-0.07001048187408752
0.7311671981746094,0.7379896109277198,0.03275462719488231,0.019666886710544205
0.759952538591892,0.7556363302297416,0.028785340417282645,0.0391887304378761
0.7092267415167484,0.7107497274720621,-0.050725797075143686,-0.05766230762924295
0.7600163653216053,0.7312998347439128,0.050789623804856965,0.03823527371463068
0.7019522845991572,0.7220668065543812,-0.058064080722448175,-0.052662783191029766
0.7428067051281376,0.748406027413381,0.04085442052898047,0.02892189726682709
0.7820157101563341,0.7996107851821113,0.039209005028196464,0.05504471792124507
0.68434402839565,0.6945287386485625,-0.09767168176068408,-0.10804894113567029
0.677899523632411,0.6856565732936133,-0.00644450476323899,-0.01739492087261863
0.8338389508657091,0.8151945577885114,0.15593942723329812,0.1585577420558319
0.717125938693498,0.7404450522969084,-0.11671301217221108,-0.09656385209025053
0.8826274601926275,0.8484110757108987,0.16550152149912944,0.15657413761452715
0.7790027543780532,0.7766252197742848,-0.10362470581457428,-0.10459429421065221
0.7474342041341006,0.7965564113521086,-0.031568550243952664,-0.018105220578196857
0.7675353229047334,0.7834911060228892,0.02010111877063281,0.010340182227556711
0.8287573638361141,0.8275958518006614,0.06122204093138073,0.03707374805250495
0.7279072051674116,0.7179569887424943,-0.1008501586687025,-0.09637569184872703
0.7787189310375041,0.8047765280880956,0.05081172587009253,0.0467436623369621
0.7940857955076884,0.8043199961490994,0.015366864470184316,0.016056835228115098
0.7914816449361936,0.7982423373937805,-0.0026041505714948787,-0.01489150507938117
0.7193936773747593,0.7073233304226743,-0.07208796756143421,-0.07856964416315355
0.7975315376869819,0.8234150398682972,0.07813786031222258,0.07077501061211214
0.7824163062917215,0.7729194334357217,-0.015115231395260387,-0.005014632428574585
0.6775084019488683,0.6633739765154621,-0.10490790434285324,-0.11074802465462509
0.7327592679612326,0.7214303162463683,0.055250866012364286,0.07030959767921507
0.7831681541006039,0.7373111806103121,0.050408886139371334,0.0523634262211206
0.6962076881134392,0.7333315461433465,-0.08696046598716467,-0.08903819496853312
0.6652111552436264,0.6759838341372159,-0.030996532869812854,-0.028034379021231026
0.8060310106449454,0.8080106399389109,0.14081985540131903,0.159078127337755
0.7443874871084827,0.7435620946273671,-0.06164352353646274,-0.06051754570913783
0.7434993258872651,0.7312760378242454,-0.0008881612212175982,-0.004760349166864306
0.7143911375219827,0.6828716567114161,-0.029108188365282395,-0.047245534791111723
0.7898849611980716,0.7745063044916486,0.07549382367608892,0.09568353881973005
0.7478872286800557,0.730458206583399,-0.04199773251801586,-0.047672316787825054
0.7202148321605438,0.7072428901301288,-0.02767239651951192,-0.04003354864726597
0.6601517201008612,0.6450846861863758,-0.06006311205968262,-0.058384200409010066
0.8070047176322328,0.8160817718109108,0.1468529975313716,0.13983050309732098
0.7237861053650507,0.7439535846077783,-0.08321861226718208,-0.0693517761401319
0.734370217439798,0.7547074657748953,0.010584112074747298,0.007532351981736289
0.7688512620972835,0.7870587656796766,0.03448104465748547,0.024214766172183967
0.7010491560901733,0.6877173018111365,-0.06780210600711023,-0.055965891844032056
0.7707184139716543,0.7943594178202262,0.06966925788148104,0.08879034691470054
0.7595150146670098,0.7613461650383444,-0.011203399304644535,-0.005196101554306714
0.7184598876164788,0.7086971628658018,-0.04105512705053094,-0.045358341445252665
0.6350583546085987,0.6568204957592398,-0.08340153300788011,-0.08887762006410839
0.7365005845783803,0.7448702639619708,0.10144222996978158,0.11341430632984972
0.7754149994640062,0.7751426251338638,0.03891441488562586,0.04843816524736197
0.7265954989067175,0.7319176603595242,-0.048819500557288675,-0.047875554979413475
0.7895827766704049,0.813671077478224,0.0629872777636874,0.0581332656647446
0.7122958752277047,0.7349074883676907,-0.07728690144270023,-0.09853620650006972
0.7758578475654775,0.7557322993512995,0.06356197233777283,0.0548791307961406
0.7942169447789249,0.8082545532034932,0.018359097213447417,0.016760474812410584
0.7838993052048311,0.8063021552242652,-0.010317639574093818,-0.005830600631773437
0.7647444897560763,0.788467663248069,-0.019154815448754747,-0.027105132638273976
0.7880220391847704,0.7706897282187456,0.02327754942869409,0.005432453671899155
0.75362560116682,0.747320318083642,-0.03439643801795045,-0.04474127567283077
0.7726361142415655,0.7665957550730332,0.01901051307474555,0.016609137849145496
0.8249153855680151,0.8220069077167143,0.052279271326449606,0.0549678929914669
0.7865713048026497,0.7734722123837726,-0.03834408076536544,-0.04812925792145581
0.7907880254109029,0.8199164844077451,0.004216720608253177,0.0063678819250504535
0.7639275627700731,0.8234021178794431,-0.026860462640829752,-0.037070289512810224
0.7427685009003855,0.7733501342447948,-0.021159061869687634,-0.02969198091589557
0.7914870847186372,0.7959691254802636,0.04871858381825167,0.052859324452867354
0.7812368563557787,0.7846471710290854,-0.010250228362858493,-0.022756580333037336
0.8472748389379856,0.8385421553743896,0.06603798258220694,0.06793907975108937
0.8313348249752688,0.8196093391907847,-0.015940013962716826,-0.017037618496162567
0.748361112882413,0.7454006072842365,-0.08297371209285576,-0.07039970891607977
0.84515222002851,0.8473583534693963,0.09679110714609696,0.1156767341827023
0.7459262348371175,0.765488206909082,-0.09922598519139247,-0.10251009185399185
0.7675750955949799,0.7888860518262548,0.02164886075786243,0.023244010075160533
0.8076130681571703,0.8028726358150543,0.04003797256219033,0.040646763067917764
0.708718621213979,0.6964494560909097,-0.09889444694319127,-0.10009143502741097
0.7526297656500504,0.7772323984322079,0.04391114443607136,0.04500260127548723
0.6756406830268447,0.6833044654726579,-0.0769890826232057,-0.06591552174964002
0.805009693646512,0.8109934310952832,0.12936901061966732,0.12505061412852592
0.835704644423755,0.7842048270404325,0.030694950777243046,0.014921240197152078
0.7195498101070839,0.6909080476171913,-0.11615483431667117,-0.13682967789971323
0.7738438074985077,0.7955973557243394,0.05429399739142382,0.051929726406632105
0.7596897680379857,0.7520101750883982,-0.014154039460521961,-0.007565629833220175
0.7499469842897534,0.7390933615032466,-0.009742783748232342,-0.016127352199176083
0.8294455778193359,0.82774266465751,0.07949859352958255,0.07918251156815749
0.7776915541294067,0.7511329747049471,-0.05175402368992921,-0.04175833322935792
0.7560491775822713,0.7478098590193071,-0.02164237654713541,-0.03430885970927805
0.7876817132538104,0.8049557193641875,0.03163253567153912,0.02243536714995237
0.7581678736435692,0.7706870245800569,-0.029513839610241233,-0.018978943927114893
0.7468344665100439,0.733341755494268,-0.011333407133525264,-0.014444451542213143
0.7979974451678293,0.7920986470605212,0.05116297865778541,0.04290654525326235
0.7854532209313441,0.7951612800008611,-0.012544224236485269,-0.012339987600075712
0.888264898970587,0.8821710688170622,0.10281167803924296,0.11752759826912777
0.7920369172443187,0.8015508178390945,-0.09622798172626834,-0.0962612571120987
0.7690043533194326,0.7801408490181068,-0.023032563924886063,-0.005422919227961738
0.7941968832051968,0.8005281639165129,0.025192529885764148,0.019961944852363085
0.7186081481709689,0.7146326522508747,-0.07558873503422792,-0.05958804413740222
0.7161339679958261,0.7166137062038461,-0.0024741801751427817,0.006431817091236643
0.7684032460349994,0.7712357754477168,0.05226927803917336,0.04890134414179758
0.744885556712787,0.7645492759813347,-0.02351768932221243,-0.03879303626771844
0.7032186974703437,0.7104316265905438,-0.04166685924244329,-0.056733541785358166
0.6842803978050012,0.6774380694817849,-0.01893829966534255,-0.012825767290891096
0.8313020053309013,0.8751603203413928,0.1470216075259001,0.12925778434190602
0.8411257720323871,0.8544182997057428,0.009823766701485881,0.0027088042253152877
0.786374498050217,0.7546509255031641,-0.05475127398217017,-0.04352122443063776
0.756146677322706,0.7531321949088158,-0.030227820727510957,-0.026431650714235363
0.795382117642731,0.8021190750767236,0.03923544032002502,0.053096863817496016
0.7235792577892011,0.7044321267659904,-0.07180285985352997,-0.08688167987054266
0.8618924574837589,0.8764370509078505,0.1383131996945578,0.1282807396993447
0.6795660017247674,0.7050292112657399,-0.18232645575899142,-0.16917789380019727
0.7837242292948132,0.7601562727825597,0.10415822757004578,0.0998995974743454
0.7049223513342374,0.6825896565444248,-0.0788018779605758,-0.0738707163672039
0.6892813785993672,0.6832628225904054,-0.015640972734870195,-0.015975801512350937
0.7947270143443635,0.7988201094139995,0.10544563574499632,0.11364111639857394
0.7611452023053769,0.7781023899935052,-0.03358181203898669,-0.026717229241836154
0.7368206546259342,0.7526457861099897,-0.0243245476794427,-0.027198052103207058
0.7752811092471851,0.7360568622440993,0.03846045462125092,0.05116374264200225
0.7905275271370514,0.7952311379792173,0.01524641788986636,0.017373197601998333
0.7632319044910437,0.7259255209988135,-0.02729562264600771,-0.0221382084217481
0.8611685928818527,0.8591491266183772,0.09793668839080893,0.10259257858320495
0.7103937040443371,0.6959294433204304,-0.15077488883751555,-0.17417678068890766
0.7408522120679466,0.7329898872940864,0.0304585080236095,0.012681877302384289
0.7473103190397684,0.7582208055611943,0.006458106971821809,0.01293309358573072
0.7762689146386449,0.7280548219186839,0.02895859559887648,0.04320463182087134
0.7252066475086055,0.7282577251046435,-0.05106226713003936,-0.04673827392452905
0.8633374334944227,0.8724338793184022,0.13813078598581718,0.1272789633842962
0.8056728581896266,0.8094841155110322,-0.05766457530479607,-0.07395656319218241
0.7146693018049114,0.7193830324343131,-0.09100355638471525,-0.09252518169386749
0.874666964043418,0.8468991203892251,0.15999766223850664,0.1676346281571095
0.7072280331925331,0.7163058955218361,-0.1674389308508849,-0.1687814524114352
0.8092298550371716,0.8039352192471677,0.10200182184463846,0.08774105066455512
0.6873882541697133,0.6811249712896218,-0.12184160086745832,-0.12669996255491703
0.8040301121704755,0.8400836474465074,0.11664185800076221,0.11976383917125409
0.6746331131222356,0.6981524050022347,-0.12939699904823987,-0.12718666440673404
0.7920260073254778,0.8092405562445413,0.11739289420324217,0.10823027158713501
0.9423893466937228,0.9221182564003448,0.15036333936824497,0.12651253246642122
0.7876207957285317,0.8118828662991094,-0.15476855096519104,-0.15919145186102543
0.8001044828153662,0.8416962225610207,0.01248368708683445,0.008299395950622717
0.7010882109723289,0.7236781103771355,-0.0990162718430373,-0.11116770582539381
0.8077061658226287,0.7889569503914324,0.10661795485029979,0.12133621671466475
0.8159948221106291,0.7762312972988763,0.008288656288000462,0.017264421167998638
0.7913074372947396,0.8118928035656071,-0.0246873848158895,-0.04163399933912797
0.9387512191757099,0.9576359474159238,0.1474437818809703,0.146621716826748
0.7151439160998965,0.6969759387611302,-0.22360730307581345,-0.22851894651581314
0.8290564430243826,0.8323211076018714,0.11391252692448617,0.1268598820225772
0.777661481755107,0.7889881568647682,-0.051394961269275674,-0.050713411746609344
0.7537890556217084,0.7511369829065226,-0.023872426133398572,-0.021310878621583363
0.756012006959412,0.7441439861740321,0.0022229513377035603,-0.0019624996348587345
0.8278059812855018,0.8170482355597256,0.0717939743260898,0.06763939806994539
0.793484392661168,0.8023974992587793,-0.034321588624333765,-0.03128819691023038
0.7013127139462693,0.693002614303771,-0.09217167871489873,-0.08182740022011845
0.7373696065689526,0.7379743218243803,0.0360568926226833,0.033068563221096
0.819188876515615,0.8222768187520834,0.08181926994666244,0.08931311335118766
0.7921173121217605,0.7842815684051216,-0.027071564393854497,-0.03050497451213473
0.8222779972595277,0.8455413727955496,0.03016068513776715,0.03222452005363571
0.7466775010910256,0.7377783241065794,-0.07560049616850206,-0.08872976657875477
0.8391289453187272,0.8375099496509041,0.09245144422770157,0.0880084185865281
0.7675289334235076,0.7900174948998061,-0.07160001189521958,-0.06508591244340285
0.8456379756022101,0.8368746595213871,0.07810904217870251,0.07130725252593677
0.7819235796970113,0.7992534847985006,-0.06371439590519878,-0.06851303471386876
0.840177344139397,0.8407578915412287,0.058253764442385725,0.06161078163362152
0.7717881573429426,0.7618130102826118,-0.06838918679645445,-0.05471162342410335
0.7290075064419055,0.7294977453461069,-0.04278065090103711,-0.04327048467679609
0.8196008840178716,0.8208592679340146,0.09059337757596608,0.08310416796061913
0.7971718503505791,0.7938379237667705,-0.02242903366729243,-0.029460941462805427
0.7861147122795854,0.7838423595557321,-0.011057138070993733,-0.011105122192128421
0.7656050148143722,0.7433289157601435,-0.02050969746521325,-0.019266886983220464
0.743505049780093,0.7470471751080585,-0.022099965034279134,-0.018015967938976835
0.8107311089320968,0.7943112497385273,0.06722605915200375,0.052496048873646166
0.78471101696868,0.7496296216961998,-0.026020091963416814,-0.029648784853846484
0.8460281426862014,0.8236481471710712,0.06131712571752146,0.05734578477140046
0.8946063583676461,0.9008523778022802,0.048578215681444714,0.06299457624233264
0.7597446510009223,0.7281959901879113,-0.13486170736672387,-0.1369989532545457
0.71036988734309,0.7023470400295244,-0.04937476365783222,-0.052280881952504236
0.7725359171537979,0.7904753897084876,0.062166029810707846,0.058829453597869404
0.8475519652210093,0.8480272887445427,0.0750160480672114,0.07454548371148763
0.7588236678998576,0.7752623351538379,-0.08872829732115173,-0.088682845015788
0.8401847763989768,0.8645944668022889,0.08136110849911926,0.07971785675195257
0.8107669786672932,0.834693639343235,-0.029417797731683626,-0.022874527950583794
0.790256591113869,0.8087044269069235,-0.02051038755342416,-0.010607442550879061
0.8115960460010121,0.7986924350361484,0.02133945488714306,0.009916017827954877
0.7689474387899231,0.7325823914153302,-0.042648607211088985,-0.028781383218138643
0.8151551132330606,0.8472772199596903,0.04620767444313745,0.034680956832841274
0.841323557227111,0.8514410673160246,0.026168443994050494,0.057547552724645436
0.855051985571893,0.8639660861108303,0.01372842834478194,0.014226263822771553
0.8268858858034484,0.8200107372798211,-0.02816609976844464,-0.031052193490814693
0.7448453690284634,0.7588083373471122,-0.08204051677498492,-0.08901242641565615
0.7743754957059068,0.79458027260098,0.02953012667744337,0.037601243849864685
0.7731952887165376,0.7495819471956017,-0.0011802069893691591,-0.014214643045674574
0.749396572079149,0.7287440935417471,-0.02379871663738864,-0.027105153446184447
0.796890182223389,0.8084939879367131,0.04749361014424003,0.04818217375503347
0.8425571957486834,0.8500718707636454,0.04566701352529434,0.04794758870563842
0.796935944794431,0.8426528287994649,-0.0456212509542524,-0.03982496272996781
0.8645270028513055,0.8493844220944685,0.06759105805687449,0.06387213752334552
0.90623429969561,0.9058620847807327,0.04170729684430452,0.03224644489274715
0.8483673741624507,0.8457263174167452,-0.05786692553315931,-0.05071805042585674
0.7708128621085846,0.753169309228329,-0.0775545120538661,-0.07375707831325334
0.7235690414543625,0.7000748053689395,-0.04724382065422206,-0.05218131183382021
0.7710780046481807,0.7803026000723031,0.04750896319381814,0.04052404293188455
0.820374417246926,0.8473028695138343,0.04929641259874529,0.05334982009864758
0.7281109253443915,0.733267587959773,-0.09226349190253447,-0.09463393065356118
0.7345344564668591,0.7315811423797818,0.0064235311224676295,0.008853213376229224
0.895715695466504,0.900065910766171,0.16118123899964487,0.15950057624455188
0.8487647074985298,0.869968586793722,-0.046950987967974145,-0.04320681228603155
0.817294556094848,0.8121852718103983,-0.03147015140368181,-0.026900980387401584
0.7954277803420963,0.783537996763167,-0.021866775752751755,-0.02414219446990544
0.8072396537178694,0.8209915336836714,0.011811873375773163,0.024711089045212794
0.8690815070404317,0.8834809290879837,0.06184185332256231,0.06827484036352807
0.8549539913282851,0.8446099112875056,-0.014127515712146654,-0.011610043857714246
0.8186604350948945,0.8403301250481529,-0.03629355623339059,-0.040449570576007995
0.850790939069086,0.8497433451261649,0.03213050397419148,0.04408129480501906
0.7336934692008344,0.7304679930500217,-0.11709746986825154,-0.1295546662521726
0.7467550793089776,0.7260655700957208,0.013061610108143107,0.02462185027303338
0.8640233450439938,0.8868568100658001,0.11726826573501625,0.11683027101144519
0.8003793988823075,0.7767777965195748,-0.06364394616168634,-0.06984395619104042
0.8221051771180523,0.8021129178488609,0.02172577823574484,0.021645522974105835
0.7444161722238641,0.7435274048495718,-0.07768900489418817,-0.06531191162826361
0.7211291399820997,0.7121791748776537,-0.023287032241764427,-0.01595129493524552
0.8079868122535474,0.8098102611733569,0.0868576722714477,0.10013149870374478
0.7701166969452043,0.7707443850918804,-0.037870115308343055,-0.0471688700553496
0.8798794505092985,0.8819153697760558,0.10976275356409415,0.11455279647271185
0.8483080176288061,0.8342040667698917,-0.031571432880492356,-0.02705509759161104
0.8582882937923185,0.8891278893364707,0.00998027616351238,0.0008391101083487264
0.826538545631292,0.795242264830395,-0.03174974816102649,-0.035111817812774
0.8437933933442294,0.8485460256691242,0.017254847712937393,0.01889091424408622
0.7561507128549461,0.7094657969850413,-0.08764268048928336,-0.08783410962775676
0.7564002461195486,0.7258174164520351,0.00024953326460253056,0.013499271934262196
0.7565365305946129,0.7804731562077893,0.00013628447506430774,0.004266045531355301
0.7842217677781841,0.7870546313064151,0.027685237183571187,0.0169095358613314
0.8877603217057535,0.8836150772554682,0.10353855392756939,0.09910155496464694
0.8420539246026936,0.8438491087407669,-0.045706397103059904,-0.03523057087924708
0.8535119244576852,0.8411386287027451,0.01145799985499163,0.00666224400116338
0.7619790375011769,0.7475358395163243,-0.0915328869565083,-0.10111094866625378
0.813301081545957,0.8051580387401105,0.051322044044780135,0.05127233296977976
0.8646877541187206,0.8868870859244649,0.051386672572763525,0.06313397412138826
0.7753699095807423,0.7895316119392447,-0.08931784453797831,-0.08634110828161161
0.8570226545720666,0.8375673754368304,0.08165274499132436,0.0889820742537778
0.827329528478477,0.7893484803383267,-0.02969312609358965,-0.024393351289092924
0.7814265456673085,0.7641016604023244,-0.04590298281116845,-0.025161407157880754
0.8169925148240502,0.8135309438250858,0.035565969156741706,0.030104776103041606
0.7958877303774308,0.765134621163247,-0.02110478444661945,-0.006482993204005196
0.7051025665197452,0.7184497207721869,-0.09078516385768554,-0.1081806618832056
0.7637483314669052,0.7356433189073379,0.058645764947160006,0.03998568632862422
0.7824602963755017,0.8108328858800152,0.0187119649085965,0.04121157902140543
0.8508073361518148,0.8699929560164341,0.06834703977631307,0.08032928529778023
0.8773018502729693,0.8636766930607603,0.026494514121154444,0.04453289295031599
0.8497825939582087,0.8094841638217558,-0.0275192563147606,-0.027001708718127574
0.7492427153683076,0.7271298879632476,-0.1005398785899011,-0.09141950257511533
0.8167872322985754,0.8072852753398798,0.06754451693026786,0.06762748512184363
0.7916580095331358,0.7826582823542134,-0.025129222765439607,-0.01497374094697304
0.8341916955921876,0.8050361288379552,0.042533686059051834,0.03688629872753707
0.8222800704318717,0.7832283483005938,-0.011911625160315964,-0.005123313505311322
0.8975656991426088,0.9292004209861522,0.07528562871073707,0.06804480279859564
0.7333992743260586,0.7273544770723588,-0.1641664248165502,-0.15058178372917005
0.7293406824974048,0.7703387095421167,-0.004058591828653757,-0.00024114619936466087
0.8450281304100962,0.8422712705776589,0.11568744791269137,0.11239431711207427
0.8161815748230598,0.7902697986866516,-0.028846555587036415,-0.017051998359841204
0.875562180248332,0.9164764845994035,0.05938060542527224,0.04944186531749112
0.8424695397588224,0.8186260395926863,-0.03309264048950955,-0.039280923560720604
0.8340106415107312,0.8591668405877474,-0.008458898248091207,-0.020637927672855685
0.8629421717562308,0.8829985550061094,0.028931530245499548,0.02987375481422563
0.8448282475019145,0.8158792308662326,-0.018113924254316238,-0.008033666568446526
0.8977787813973483,0.9046973907498445,0.052950533895433805,0.049718803159297074
0.8375732175246721,0.8429260893622115,-0.06020556387267628,-0.058882666558598
0.8450081287564877,0.8328522919525406,0.007434911231815611,0.007574023810379425
0.765260063796032,0.7416892536003625,-0.07974806496045572,-0.06536193031547216
0.8664538384278545,0.9001261457362074,0.10119377463182255,0.0957928299203317
0.8649267341800594,0.8806940637125646,-0.001527104247795119,-0.01048688447378683
0.8124235178721914,0.7708878905910493,-0.05250321630786803,-0.04379235622851366
0.8281044611112375,0.842527033332737,0.01568094323904612,0.0039322713354594495
0.819541653274407,0.8163779954937871,-0.0085628078368305,-0.015313388137195884
0.8824546627622928,0.8912580381472941,0.06291300948788581,0.05836549730550362
0.729645599607602,0.7370193914025767,-0.15280906315469078,-0.14889309147911312
0.7792136256763325,0.8069096365303605,0.04956802606873045,0.06709909955433496
0.8677125710165838,0.8361838086595915,0.08849894534025138,0.09005459620679576
0.7972781008321328,0.8146238139287212,-0.07043447018445104,-0.07219449765104037
0.7902071207742069,0.7523806642785662,-0.007070980057925946,0.004063797046524431
0.8518346297016522,0.8845137672200685,0.061627508927445396,0.08043385085078715
0.8505912943155017,0.8562622744904039,-0.0012433353861505125,0.00737880681134725
0.841315530362771,0.8395397695001147,-0.009275763952730776,-0.009433038438686942
0.8251905307801932,0.8215762561371286,-0.016124999582577737,-0.007139982102060632
0.7729303562049287,0.7543394053028969,-0.05226017457526455,-0.052680487392680476
0.7367488395219319,0.758527094125535,-0.03618151668299674,-0.05216509666870993
0.7964131228327793,0.7905175333561539,0.05966428331084739,0.05744726843442248
0.8486400312551706,0.8598054640268128,0.052226908422391305,0.041795470589182364
0.786849930785138,0.7807545548540005,-0.06179010047003264,-0.06198509201805083
0.7909529257235975,0.7585184378715647,0.004102994938459559,0.010247726221223896
0.9005426417573663,0.9004113238165674,0.10958971603376877,0.09936939449570277
0.8437903358358264,0.8683461646707359,-0.0567523059215399,-0.07619676905388592
0.8970898888697133,0.9243812742728912,0.05329955303388689,0.058202135726269325
0.8270138174880581,0.8141737770990213,-0.07007607138165517,-0.07284862633048751
0.8265242828446047,0.8633975458162501,-0.0004895346434534709,-0.004606217929385279
0.8321493116201015,0.8349667765767415,0.005625028775496865,0.0004925305254520991
0.8479019197660691,0.8414172252104031,0.015752608145967573,0.03265360694206343
0.893471639855646,0.9301267804289709,0.04556972008957694,0.043011684940889354
0.8284095110810729,0.8195197931220765,-0.06506212877457318,-0.06003756182352956
0.8615873767386507,0.8786151666920051,0.033177865657577854,0.04692358364615803
0.8613468221010332,0.8718597730593731,-0.00024055463761751827,-0.010364899340335994
0.8932982769880673,0.9087158739641717,0.0319514548870341,0.039914990262699984
0.7853279466529358,0.7985829746585996,-0.10797033033513148,-0.09798045027862808
0.8475044608364962,0.8355740733204713,0.062176514183560405,0.060990010338629046
0.844525054839598,0.8385490310055437,-0.0029794059968981657,-0.013682076143624142
0.8818146600499402,0.8958652860664496,0.03728960521034219,0.05120137060134862
0.743251696619252,0.7206131190242325,-0.1385629634306883,-0.14276033914724556
0.8164142250283714,0.8365069503423537,0.07316252840911941,0.07049959870292197
0.806762532598525,0.7957964073587509,-0.009651692429846315,0.008640727626597934
0.7590297266677213,0.7600168132979295,-0.04773280593080376,-0.04657390258183457
0.7766382560911858,0.7849659724934743,0.01760852942346447,0.01831773737523482
0.9140182178430295,0.9190824781607393,0.13737996175184375,0.13501467890547378
0.8179047233796494,0.8227138655107689,-0.09611349446338013,-0.08139189471718487
0.8633302263133633,0.8342817326662842,0.045425502933713946,0.053127157894761225
0.8689970764122391,0.8641744261167488,0.0056668500988757975,0.0016917276366567825
0.8303547830326471,0.8524704723785296,-0.03864229337959202,-0.045993993756926844
0.803602739334072,0.8313754755803018,-0.02675204369857509,-0.03023457745327943
0.825103188982463,0.8375059367398531,0.02150044964839104,0.011875432109007818
0.8450733813522845,0.8398149545492402,0.01997019236982145,0.03047877257284117
0.8709429134103444,0.898252637895192,0.025869532058059863,0.03862541509389478
0.9230777123464367,0.9069335223403017,0.0521347989360923,0.0406298680020475
0.8582279777843694,0.8375725159834159,-0.06484973456206722,-0.06535921612305796
0.844252680930658,0.8371870297461639,-0.01397529685371146,-0.00998062218372133
0.8127298383016794,0.8173201409507461,-0.03152284262897853,-0.020262718752500228
0.8567650608856927,0.823853219314373,0.04403522258401327,0.02662187136272812
0.8338010650524516,0.8033561486145524,-0.022963995833241158,-0.014502549518779268
0.8599405472474809,0.8314165418178668,0.026139482195029373,0.02392846522185715
0.9074707918126195,0.9137286006288609,0.047530244565138546,0.05107953367143798
0.8081232407659947,0.810287018905413,-0.09934755104662474,-0.10142847502624226
0.7967894618354271,0.833791879462469,-0.01133377893056764,-0.02630359223565435
0.9505227412947455,0.9337129688136451,0.15373327945931836,0.16200918221132493
0.7942511808121788,0.771144671298629,-0.15627156048256663,-0.1554838523147126
0.8200586149135695,0.7853491832794566,0.025807434101390636,0.03503463662716853
0.7987147573742608,0.8104947779906725,-0.021343857539308675,-0.029076889205720956
0.7619854221447727,0.8049413390321118,-0.03672933522948807,-0.028690797524259397
0.7814607106995035,0.7610689721648297,0.019475288554730796,0.020693239266721453
0.8459396982342721,0.854383372045464,0.06447898753476855,0.0860387817866517
0.7820005394004005,0.8338312410738636,-0.06393915883387158,-0.06182812066743879
0.8157582224696988,0.8004082645816237,0.03375768306929827,0.02373379325998541
0.8469854446978328,0.8551618475256441,0.03122722222813401,0.02738613406167969
0.7744519579122353,0.7530355990384824,-0.07253348678559746,-0.0749681216173514
0.8209519748039796,0.8456220744213812,0.04650001689174432,0.03556408276195372
0.903855094733299,0.894830406986128,0.08290311992931931,0.08378238653588947
0.8979825200232078,0.901812438137545,-0.005872574710091172,0.0031842560225580595
0.9117349081990236,0.902149812549057,0.01375238817581581,0.022317808207632635
0.913370348832028,0.8947245212812502,0.0016354406330043592,-0.00770435824377535
0.8852682132805105,0.8865232020922179,-0.028102135551517415,-0.013975630465581387
0.766425258180985,0.740349272639555,-0.11884295509952558,-0.11556823240212169
0.7769006964144058,0.8083433553374443,0.010475438233420897,-0.0055301703580905755
0.8388809094883942,0.8353985825978212,0.06198021307398838,0.07008858216314479
0.8847187198253382,0.8744904259333315,0.04583781033694401,0.038611888879201035
0.8793184748053336,0.8862569151274597,-0.005400245020004579,-0.014623292080498528
0.8773568250969449,0.8819382994325081,-0.0019616497083887463,0.002577087032252981
0.7772259832271867,0.7816907432463055,-0.10013084186975818,-0.09662566957560166
0.8183792172978975,0.8050186643912629,0.04115323407071081,0.043603183975002145
0.8341254144181326,0.82451503226704,0.01574619712023506,0.009579397978634038
0.8685414151328745,0.8697624907645695,0.034416000714741934,0.03884352064998859
0.9126539168500386,0.9280096748830636,0.04411250171716408,0.03466949881198381
0.8534334785787038,0.82641172855433,-0.05922043827133483,-0.06408737673202958
0.8910153565610064,0.9008505996307248,0.037581877982302614,0.036148066652269384
0.9115738457839533,0.9063722074219981,0.020558489222946896,0.010175641245089108
0.9039940734253934,0.8986947801168017,-0.007579772358559889,-0.01729293524370959
0.9225761664413096,0.9427570962667137,0.01858209301591618,0.0351958531713993
0.880206387790792,0.9010930073915838,-0.04236977865051761,-0.03804003254939118
0.8621346034372321,0.8613936394705377,-0.018071784353559828,-0.005652197077878767
0.9553295827073964,0.9367206251052597,0.09319497927016429,0.09625871669936151
0.8432587127658128,0.8371556718609148,-0.11207086994158366,-0.1142426546091642
0.8188253397261688,0.8147938627760507,-0.02443337303964399,-0.036693433555875406
0.8818280556257784,0.8760370405774482,0.0630027158996096,0.0695956614267913
0.8471867174608961,0.8155551589459386,-0.03464133816488224,-0.020004647676785156
0.8086568141880424,0.7887151391169845,-0.03852990327285377,-0.024553362594592093
0.8252485037034559,0.8037230229551424,0.016591689515413566,0.01477686071454988
0.9565067485813215,0.9549014289965488,0.13125824487786553,0.11537550400375249
0.8003666268103777,0.7822571987644099,-0.15614012177094372,-0.14788862574766026
0.8551659532581366,0.8452894815044462,0.05479932644775887,0.057920261975823305
0.8882766234075202,0.8745462474895088,0.033110670149383625,0.034798097075366116
0.8543902152347782,0.8632568020503855,-0.03388640817274202,-0.03617284228193733
0.9514254125696919,0.9174736055289985,0.09703519733491373,0.09375893023374246
0.7805783216600044,0.7575658680259073,-0.17084709090968753,-0.15287630958376996
0.9729438924703097,0.9860506365295914,0.19236557081030525,0.19333239845741043
0.9210187299920528,0.9100699966652933,-0.05192516247825685,-0.04884962718342064
0.9457185468277053,0.909366648637471,0.024699816835652477,0.026051779562960082
0.8538469518944157,0.8691905426033949,-0.09187159493328956,-0.099931382134642
0.848131460186934,0.8579859807299893,-0.005715491707481757,-0.00891604067391622
0.82435993419627,0.8249391228010188,-0.02377152599066401,-0.008340820405807636
0.8635183792897944,0.8923938929333455,0.0391584450935244,0.033240471398919294
0.8472529490677436,0.8312532715790452,-0.016265430222050736,-0.006187319575268611
0.8270035972033738,0.8671627325656188,-0.020249351864369824,-0.03538029950906585
0.7659055575250903,0.7494256703178325,-0.06109803967828353,-0.06338779263820898
0.9191607383726649,0.9357932448835646,0.1532551808475746,0.1423169824544606
0.9441384501767685,0.9162834805761504,0.024977711804103575,0.029093605079021173
0.9884199589644016,0.9803641774124372,0.04428150878763315,0.03224210331856236
0.8481545166220709,0.833738136103843,-0.14026544234233074,-0.1568937834442946
0.8185561463095665,0.792411411127059,-0.02959837031250434,-0.01822180739878597
0.9701690681779664,1.0143188766254538,0.15161292186839992,0.1480892785996241
0.7583645141570581,0.7362503421812749,-0.21180455402090836,-0.22288286151297973
0.8666201365650678,0.8898738402128237,0.10825562240800968,0.11795879881223315
0.8537452603463695,0.8692712897220176,-0.012874876218698206,-0.038321891259416055
0.8111271807139048,0.8230792707165199,-0.04261807963246478,-0.05589493235955671
0.8748346097038414,0.9057011483247506,0.06370742898993664,0.06361453355448675
0.8730992222059429,0.8736904372708109,-0.0017353874978984773,0.02081137725950069
0.8661025293920944,0.8415703243858703,-0.006996692813848515,-0.017073081254845468
0.8979436136651722,0.9131970195506555,0.03184108427307775,0.02943214677092976
0.9526740122670314,0.9810754890261092,0.05473039860185924,0.06383896609625495
0.9015716317458442,0.909190335051324,-0.05110238052118721,-0.06318068240609875
0.7800016285784426,0.7596801213488714,-0.12157000316740163,-0.12306496971411353
0.8322141403398899,0.837643807400155,0.05221251176144737,0.036177942690259646
0.9034827135396579,0.8980847929960396,0.07126857319976798,0.08912751634575486
0.8160579219057842,0.8235457670032749,-0.08742479163387373,-0.09461545434538082
0.9219099543614471,0.9205809010038286,0.10585203245566288,0.10367530124996964
0.8952328584751555,0.9055087564111833,-0.026677095886291524,-0.021881680652078905
0.8016469971996445,0.7704867648095696,-0.09358586127551105,-0.0984205702239915
0.8796778556687598,0.8861179548423229,0.07803085846911528,0.08730166616341357
0.8375618017700042,0.8066266237034385,-0.04211605389875561,-0.03969610941875282
0.8964208617414333,0.9022452085812315,0.05885905997142915,0.05426233107075494
0.8997826300079358,0.8851826748991812,0.003361768266502474,0.015449027129041604
0.9449724969612734,0.9329931999217025,0.0451898669533376,0.04851798992455027
0.9704611752288083,0.9767713663550347,0.02548867826753487,0.018669069851570515
0.8701542139229534,0.8616230381051816,-0.10030696130585481,-0.10052146125958794
0.9114389437074506,0.908025037018124,0.041284729784497154,0.025601898980383262
0.913131037043643,0.9217137061466566,0.0016920933361923574,0.006282557065664015
0.9492962109567284,0.9490276357805134,0.03616517391308549,0.05918486023412059
0.8345594978148021,0.8448917959494597,-0.11473671314192635,-0.111337032213427
0.838242258168635,0.8224727837968705,0.003682760353832859,0.008040903543068217
0.8503647469224669,0.8579124943637166,0.012122488753831928,0.004752367401732043
0.9772253712444497,0.9811790639285847,0.12686062432198286,0.1139124017394742
0.7996489047897373,0.8215943084476994,-0.17757646645471248,-0.19529375753503575
0.9620172852936907,0.9575592186206785,0.1623683805039534,0.15657612793328538
0.8718512440410127,0.893981217406016,-0.09016604125267802,-0.1035368812941122
0.8741057055243402,0.8864583994468004,0.00225446148332753,-0.024417793083155153
0.9417709292390175,0.9527504489145225,0.06766522371467731,0.07891758365127868
0.941524010768017,0.9264994955226417,-0.00024691847100055675,0.003255920499981998
0.9088018140876513,0.9221423544345956,-0.03272219668036569,-0.04068329333672427
0.9820687214863975,0.971981508259328,0.0732669073987462,0.08518713717408317
0.855682641306673,0.8668941635501225,-0.1263860801797244,-0.1279862417427835
0.8798399496020483,0.9099150669686372,0.024157308295375213,0.025075469950705923
0.9221793919570997,0.914610574217451,0.04233944235505149,0.03884349018002609
0.7755831237891571,0.7356265888343371,-0.1465962681679427,-0.15737642343629848
0.889103933031127,0.9297394091638839,0.11352080924196994,0.11125532959712045
0.8926060304356304,0.9351183202943746,0.003502097404503357,-0.00877884861282922
0.918069016460631,0.9208372133639893,0.025462986025000633,0.030197369105072792
0.8521093832709189,0.8369422654947618,-0.0659596331897121,-0.05998042847622823
0.891726778754356,0.8888146845071948,0.03961739548343712,0.022999117843308322
0.886841137430949,0.842072463190903,-0.004885641323407075,-0.02048998419979417
0.8797672672536285,0.9022588187730834,-0.007073870177320418,-0.017271887212587725
0.7482276673180793,0.7257795198232495,-0.1315395999355492,-0.13841879654793166
0.8412173968042453,0.8375867469095458,0.09298972948616602,0.09140091396644011
0.877025588037111,0.9143451757130475,0.035808191232865605,0.04429073527436032
0.8793059962408857,0.858264813154479,0.002280408203774731,0.016142417680556916
0.8635323823081118,0.887086374070339,-0.015773613932773878,-0.008645860018216675
0.9041009348911132,0.9108161018140712,0.040568552583001405,0.02765180478430719
0.879701637273434,0.8879955570139592,-0.024399297617679228,-0.038789975611473876
0.797681499271393,0.8189810517785396,-0.082020138002041,-0.07767832476963471
0.9398085319683259,0.939072183056595,0.14212703269693294,0.1570080705573081
0.8672090946565739,0.8764428460264124,-0.072599437311752,-0.06862818406902185
0.895989482264745,0.9001157594368394,0.028780387608171032,0.024504083474238665
0.9219450792598127,0.9349104445262749,0.025955596995067776,0.023341640345938046
0.822320773714559,0.8155185970056736,-0.0996243055452537,-0.08843496218450418
0.8928552921021949,0.911171153880727,0.07053451838763591,0.061484134580380496
0.814909697761262,0.7954101598153538,-0.07794559434093296,-0.07621911183763003
0.7671229174535631,0.794529781324511,-0.047786780307698895,-0.05707284757482779
0.8812635503910431,0.8904159757031184,0.11414063293748,0.1192290291495511
0.8601925135218608,0.8918678727094624,-0.021071036869182325,0.0032623814758255126
0.8746840968135363,0.9230775555905751,0.014491583291675547,0.02093862963203209
0.9088513884851119,0.9172336739931677,0.03416729167157562,0.0427265475867203
0.8842175932244146,0.8962254383521042,-0.02463379526069731,-0.040961363998616634
1.0057798736719976,0.9824559959219117,0.121562280447583,0.12473384175978623
0.8499734202499194,0.856526474054551,-0.15580645342207822,-0.15713266791815983
0.9327639650761954,0.9514827504212792,0.08279054482627601,0.0782619691479004
1.0108688571641395,1.0458569310851793,0.07810489208794413,0.07043592342396875
0.9942723391046943,0.98716664203711,-0.016596518059445287,-0.006455610362549069
0.9429076449136741,0.9575662025255334,-0.05136469419102019,-0.04921816695276292
0.780974025061009,0.7947411185110645,-0.16193361985266508,-0.17567640712459517
0.9299734118469026,0.9439218917618508,0.14899938678589364,0.1439384980667669
0.8709217553110539,0.869718573759247,-0.05905165653584876,-0.06956457015308934
0.8909371776406049,0.8806788144798101,0.020015422329551003,0.02455608294035117
0.8732798069119846,0.8706810125645777,-0.01765737072862028,-0.006403469678199323
0.9126241254110341,0.8956480893676493,0.03934431849904951,0.03837005474226843
0.8725208712979721,0.8878814851107023,-0.04010325411306204,-0.04885252620015608
0.8907763692141889,0.8634174863933045,0.018255497916216834,0.006033062048310797
0.824566970311846,0.8307385657427742,-0.0662093989023429,-0.06307014313467052
0.8909123941707406,0.8950405285440967,0.06634542385889464,0.06450582663930932
0.8244440764351022,0.830276609276304,-0.06646831773563844,-0.06879815453504178
0.9182643747603572,0.8935005951592244,0.09382029832525496,0.08615571534041977
0.7968910135777703,0.7676990277039576,-0.1213733611825869,-0.12503667083877149
0.878496083267458,0.862481407716338,0.08160506968968773,0.08317112216098141
0.8478907903504217,0.8614576240926103,-0.030605292917036286,-0.038002606769027794
0.8485183635706798,0.8504641443935924,0.0006275732202580819,-0.010042699745116465
0.8401524959616617,0.8555335266997531,-0.00836586760901803,-0.01772344860057263
0.929625558135731,0.9280494065955394,0.08947306217406925,0.08491305110010544
0.9667446040253357,0.9806718637437777,0.037119045889604685,0.04216163348207749
0.8941510272498026,0.9211807845467307,-0.07259357677553313,-0.0766288555670013
0.797343628893547,0.8180435181888306,-0.09680739835625551,-0.08373164310313887
0.9329215647572989,0.9030214676348048,0.13557793586375189,0.1274359427839702
0.8382196240539983,0.8282175012092747,-0.09470194070330062,-0.0919520352349616
0.8920826360730351,0.8851710389235313,0.05386301201903676,0.04229565013124441
0.9314036374234039,0.9133716505619032,0.03932100135036887,0.03563534032462451
0.8873121446235062,0.8989867156458499,-0.04409149279989777,-0.02168009276860569
0.9413478027588652,0.9448755751899909,0.054035658135359044,0.049750119816073426
0.8121884798840767,0.8366710352609196,-0.12915932287478848,-0.11687165892165834
0.9332815034109888,0.9405007903332205,0.12109302352691209,0.12941469391970695
0.9035668550492837,0.9228604764216698,-0.02971464836170512,-0.029381435485101522
0.9490658677197509,0.9226312688893792,0.04549901267046719,0.051280799157815235
1.0284188556966292,1.0299032225422828,0.07935298797687829,0.08594192679357786
0.9329053742107285,0.9334848188550702,-0.09551348148590066,-0.09094497434018206
0.9113091690224713,0.8920041728882513,-0.021596205188257223,-0.013741439272600959
0.9918472497928063,0.9606283758734679,0.08053808077033497,0.07490937121701338
1.0529332349132225,1.0360126362551554,0.0610859851204163,0.050214679894051574
0.9750428481807258,0.9721150504148852,-0.07789038673249671,-0.08826234077995795
0.8055677272942985,0.7974548681594873,-0.16947512088642736,-0.1555765103822406
0.8901271773265913,0.9003307835862597,0.08455945003229282,0.07973200098434463
0.8800176507487243,0.8655073261551792,-0.010109526577867012,-0.012455103067491797
0.9687372965787687,0.9573700064893264,0.08871964583004444,0.09053754661236335
0.923962824741033,0.9103873438802841,-0.04477447183773575,-0.0435969476993946
0.9787932342761103,0.9653476535524389,0.05483040953507734,0.051852738055272726
0.8802874577016597,0.873047460554521,-0.09850577657445059,-0.09281997010459866
0.9345063946654796,0.9484964059484261,0.05421893696381985,0.049524448674570266
0.9860384459624967,1.0072861517277838,0.0515320512970171,0.05045623411460443
0.912493727731659,0.9125663769010772,-0.07354471823083764,-0.07060861162563867
0.9503431604051134,0.9611338109884278,0.03784943267345431,0.04201545307700151
0.9247821396070816,0.9401045852483229,-0.025561020798031797,-0.021846322666726755
0.8690477025586931,0.8536512017883476,-0.05573443704838843,-0.06083738385695937
0.7774693047279141,0.8014762027888628,-0.09157839783077903,-0.09168595370766064
0.986044323959334,0.987526718500144,0.20857501923141986,0.20441932784734992
0.9602939727336274,0.9667024581107149,-0.02575035122570657,-0.028924720661897416
0.957240594557684,0.9870782191794155,-0.003053378175943422,0.0022485200532982386
0.9226853657418133,0.9075836244283361,-0.0345552288158707,-0.04774168664123593
0.8626087362929178,0.8277409729234302,-0.06007662944889547,-0.08699212993213605
0.9412676555560121,0.9189495620346168,0.07865891926309432,0.0786120067826469
0.9891312466200287,0.9392902726115477,0.04786359106401661,0.03201377388437571
0.8975501325373042,0.9033203541562852,-0.09158111408272451,-0.06986960086371749
0.8108785560013992,0.7969173950167406,-0.08667157653590496,-0.08270611356924057
0.9027981526760374,0.9024658901428372,0.09191959667463812,0.09091026386378698
0.8496565645695886,0.864672932183998,-0.053141588106448756,-0.04360666396498972
0.9351789756742923,0.9568608763372413,0.08552241110470371,0.08799678032832496
0.936522327390066,0.9483110251938656,0.0013433517157737107,0.009014438949868264
0.8385424815902256,0.8179376992748387,-0.09797984579984043,-0.08084332288221745
0.9386782765488493,0.9123502585547224,0.10013579495862368,0.07628023888085161
0.955186815437005,0.9488862498697287,0.016508538888155733,0.0059327405668479286
0.8890924659082667,0.8812597627709632,-0.06609434952873827,-0.07137185599730433
0.8752552952146746,0.9277374551190197,-0.013837170693592138,-0.01750283632813953
0.9329214236067497,0.9293054592014943,0.05766612839207508,0.055340557994589146
0.9016208009323622,0.9067869874128532,-0.03130062267438749,-0.030335657967921197
0.9524903367967579,0.9805090329485365,0.05086953586439569,0.062130312134984086
0.9363387844804882,0.9201972404942182,-0.016151552316269635,-0.00723309256578099
0.8353018282529046,0.8279250447073662,-0.10103695622758369,-0.09034463082754574
0.8622025819780448,0.8493524166889425,0.026900753725140225,0.01563078057111183
0.9199114661252634,0.928259645644446,0.05770888414721864,0.06857946363114457
0.9443129694810445,0.9165519744912644,0.024401503355781062,0.004946569546624261
0.923586121122009,0.9379586418351364,-0.020726848359035488,-0.022191301271747396
1.0159266879609812,1.0050953839423915,0.09234056683897218,0.09912933447940923
1.027181398009239,0.9947574590181448,0.011254710048257843,0.028755233622063583
0.9345625949760201,0.9434161954651024,-0.0926188030332189,-0.09261382260954967
0.9416928737891561,0.9170407604940822,0.007130278813135993,-0.004926595351665324
0.9297619231820711,0.9502856967059811,-0.011930950607085045,-0.018370924681572913
0.9191844043678706,0.9212906177121701,-0.010577518814200437,-0.009259300574941096
1.0977130478815917,1.1155766158785105,0.1785286435137211,0.18818122016208205
0.9531047064172659,0.9410001994483976,-0.14460834146432588,-0.1711770556627255
0.9186802390453778,0.9357332433253313,-0.03442446737188809,-0.04141662681922136
0.8546355976018788,0.8354117407654812,-0.06404464144349897,-0.07229809848251506
0.9412264287023194,0.9545964259870354,0.08659083110044064,0.09124637024374337
0.9228059313177871,0.9583667053097771,-0.01842049738453233,0.006194564800202779
0.9554475478851988,0.9340999990923862,0.03264161656741171,0.031975788863699346
0.9802867641745473,0.9731487649498859,0.024839216289348487,0.013760968951536875
0.8676461546819216,0.9044488848661503,-0.11264060949262567,-0.10720517207155314
0.9755235113745586,0.9905165812361219,0.10787735669263698,0.11004260389313957
0.8452926817462558,0.8586065022279306,-0.1302308296283028,-0.13069722833765957
0.8944228435698836,0.9235515503496637,0.04913016182362773,0.03565973153845024
0.8687452484033882,0.8620224802742251,-0.02567759516649537,-0.02867866362354396
0.9064096962130633,0.8938006782600041,0.03766444780967515,0.0561137605704528
0.9432361832906694,0.9405304205302084,0.03682648707760605,0.04475342401958297
0.8923554208601349,0.8643775114788933,-0.05088076243053452,-0.025662258082610388
0.8905478274453004,0.893503500759368,-0.0018075934148344963,0.012196137159772576
0.9484257449464527,0.9137630961124836,0.05787791750115234,0.058701442436123366
0.9158202297021181,0.912364184785166,-0.03260551524433464,-0.040265215134025784
0.9289168816366875,0.9461298581911395,0.013096651934569437,-0.0025122545793560946
0.9523516768565421,0.9570694498237441,0.023434795219854587,0.03283544589658659
0.9676848563672034,0.9548908904574215,0.015333179510661266,0.02401571016285277
0.8881508029957182,0.922067140206391,-0.07953405337148511,-0.09874910101712059
0.9328430665574609,0.9295029262885919,0.04469226356174261,0.034564947316654035
0.8380124286685046,0.83690223997069,-0.09483063788895629,-0.10664777220895476
0.8669951640673145,0.8900924127185572,0.02898273539880991,0.03918423561649428
0.9359872919120598,0.9491719550067806,0.06899212784474529,0.0739819041828835
0.8509312312986175,0.8621297728880776,-0.08505606061344229,-0.08597053630756817
0.9127933460361063,0.8859435704464222,0.061862114737488816,0.06851643948101765
0.8683835300885439,0.8720408094432706,-0.04440981594756244,-0.05615043502277912
0.9363088604310909,0.9622469454909003,0.067925330342547,0.05701413725259789
0.9455276263108897,0.927308895931484,0.009218765879798863,0.00331716838098886
1.1038447164547316,1.07643717356049,0.15831709014384188,0.14808108363466183
0.9200609081554333,0.8999727869441807,-0.1837838082992983,-0.19196412921732722
0.9048601041587107,0.8986976181949781,-0.015200803996722634,-0.005596421606160773
0.9532009471702948,0.9597314461556896,0.048340843011584145,0.05863867696473863
1.0235163422254203,0.999040228448734,0.07031539505512552,0.074239027999481
0.996907888663171,0.9879615165345815,-0.02660845356224928,-0.016874135896469383
0.8194783312013855,0.7970814803918087,-0.17742955746178557,-0.19563865951197257
1.0165927118450726,1.0354461524837268,0.19711438064368714,0.18854879415051717
1.0541886925575963,1.0795876360298544,0.03759598071252368,0.03155994529863921
0.9642277563442959,0.9669302594241976,-0.08996093621330037,-0.09523871377575074
0.96641147284943,0.9598676408798403,0.002183716505134048,0.015453810181114289
0.9644329483306511,0.9728546185291128,-0.0019785245187788902,-0.004415340412893061
1.0019660713034397,1.046465683904239,0.03753312297278866,0.038273642630051605
0.9344461371336275,0.9410364374215717,-0.06751993416981228,-0.08363198983371134
0.932799646996456,0.9524385875020651,-0.0016464901371714413,-0.004813220212889001
0.9918287424676616,0.9951840329494621,0.059029095471205606,0.05909089597957364
0.9776233262234463,0.9820038302711379,-0.014205416244215341,-0.012141319959880357
0.8367147099354322,0.8090743554683196,-0.1409086162880141,-0.13012885343285452
0.9639776341369612,0.937210752366271,0.12726292420152907,0.14137330516926386
0.9483627934155675,0.9875988964082189,-0.015614840721393741,-0.017036021373869493
0.8742340349046498,0.8791844324870259,-0.07412875851091771,-0.06977166281334687
0.945614844781179,0.9403595382707902,0.07138080987652917,0.07164260382612912
0.9398746948849044,0.9597768637535874,-0.005740149896274582,-0.008993497018984914
0.9544525367411586,0.9737344521617409,0.014577841856254214,0.017796713995902894
0.9060426151966442,0.9078144344378836,-0.0484099215445144,-0.03939802248796409
0.9262961871752642,0.9255988234088879,0.02025357197861999,0.009997267347833782
0.9865209361525453,0.9951896109761013,0.06022474897728114,0.06374535022229963
0.880406867076748,0.908037708111081,-0.10611406907579735,-0.08352891468661508
0.9385807013841552,0.8979038915235796,0.05817383430740719,0.05350627474811462
1.0109114518960314,1.0003474495287412,0.07233075051187621,0.0756535269132298
0.8999603249372106,0.9045389048466069,-0.11095112695882081,-0.09997404408109642
0.9934738369281382,0.9990406278000796,0.09351351199092761,0.09882908467286701
0.9815981760192994,0.9999427886814267,-0.011875660908838737,-0.009005094386158485
0.8877180134617897,0.8763483696391279,-0.09388016255750975,-0.10263497335641503
0.9695907825154474,0.9926236428790136,0.0818727690536577,0.10050397106856626
0.8648656961070038,0.8521887302826867,-0.10472508640844358,-0.10235771721434192
0.9864252566172058,0.9904661650179383,0.121559560510202,0.11808152329387138
0.9786851030618579,1.0069516499031868,-0.007740153555347962,-0.005879550292739343
0.9810280069475439,0.9611363755220449,0.002342903885686032,-0.0011818786630070966
0.8535360495970354,0.8783123659036078,-0.12749195735050844,-0.13593891549143158
0.985165311877405,1.0025710641025274,0.13162926228036953,0.14711071803635312
0.9195681871900782,0.886629596742844,-0.06559712468732681,-0.04506096392761217
0.9103011131364454,0.9179149030437588,-0.009267074053632807,0.004791747037423653
1.0015585274185193,0.9656407933520906,0.0912574142820739,0.08663139784042781
0.9724006206952995,0.999352347239358,-0.029157906723219718,-0.034377872858582376
1.0294956235348227,1.0130039262471224,0.05709500283952318,0.0601744011944896
0.9440582017016653,0.9663986017195527,-0.08543742183315739,-0.08456612121724505
0.9815094314959336,0.9576365586179127,0.03745122979426829,0.018587760574809577
0.9589457175299035,0.9432069644645624,-0.022563713966030075,-0.02409324666410469
1.0070837653481906,1.01147292352706,0.04813804781828701,0.04630833327217701
1.0174717899275085,1.0300059589605324,0.010388024579317978,0.022318485652625487
0.9097983179234992,0.8897297349159653,-0.10767347200400934,-0.10480617355363796
0.9236713512669562,0.9173909957712457,0.01387303334345702,0.03146438799557502
0.984870300264218,0.9848109584277975,0.06119894899726175,0.05631928658916214
0.8624644953138906,0.8995906090591267,-0.12240580495032738,-0.11388062747475469
0.8615765890233595,0.8634401591284355,-0.0008879062905310375,-0.0029327545789734856
0.9018278464017351,0.9030032222814269,0.04025125737837554,0.03606704917910378
0.9201767576145432,0.9199536312600696,0.018348911212808128,0.02891927018044542
0.9777093984096998,0.9535211987028182,0.05753264079515663,0.06348471877703452
0.8973060039324907,0.9188939630895842,-0.08040339447720912,-0.09455756015055194
0.9615215324565524,0.9907317645698249,0.06421552852406165,0.061257097860403724
0.9556063430749775,0.9824874180295851,-0.00591518938157487,-0.0016348764000078007
0.9615390041427258,0.9293936509637055,0.005932661067748257,0.013499239807949617
0.8766283681992364,0.8919574907958638,-0.08491063594348935,-0.05864707653998772
0.9721837958735188,0.9688390624748763,0.09555542767428238,0.10668044558179787
0.9867509891801717,0.9653036406880857,0.014567193306652904,0.0038810682444784875
1.0556184032399842,1.05449816384977,0.06886741405981256,0.060694302325969535
1.0908792418305768,1.1048325153728398,0.03526083859059259,0.017383163280019927
0.977026119739018,1.0030354436946562,-0.11385312209155884,-0.10500254041846561
0.9302497317110926,0.9787992474566231,-0.046776388027925386,-0.0449909536769759
0.970349531068846,0.9896495192115712,0.04009979935775343,0.0494774015591781
0.9576862219491268,0.949955509868252,-0.012663309119719246,-0.022004936953924203
0.9545758124106588,0.9653895459056364,-0.003110409538467973,0.004745910135345477
0.9242874408341437,0.9116531218013633,-0.030288371576515094,-0.00192108219751113
0.9266314744376205,0.9357650306448791,0.0023440336034767917,-0.0007448640888185112
0.9997784748046081,1.0300074648503106,0.07314700036698762,0.08238232036779088
0.9900256406378408,0.9433903162160577,-0.00975283416676731,-0.007492537903423052
0.9110793381110405,0.9581136404541265,-0.07894630252680035,-0.07393730135852226
0.9606664907055877,0.9671751860265342,0.04958715259454727,0.04655207091140789
1.0076220741144333,1.025986699542054,0.046955583408845536,0.06151332309024404
1.007152244912805,1.0197246270198004,-0.00046982920162830233,-0.008305742942423889
1.0007018385585598,0.9960622757986006,-0.006450406354245208,-0.010139884241155677
0.9549452638259766,0.9730650908672281,-0.04575657473258321,-0.05791179581007568
1.0532742605112473,1.0528224275831073,0.09832899668527073,0.09925351051187604
0.9019465232563868,0.8635821023356363,-0.15132773725486048,-0.15243178643948374
0.8555335144771954,0.8879914159902925,-0.04641300877919141,-0.0419092767596046
0.9485004797765868,0.9343600898953665,0.09296696529939141,0.07886146322777357
0.8779043101649773,0.897255926991783,-0.07059616961160953,-0.07219797897702517
0.8962062516471554,0.898870530571089,0.01830194148217812,0.020219992573356216
0.9399121350622236,0.9401082356807872,0.0437058834150682,0.04259400460108985
0.9904842993155089,0.9969013938780327,0.05057216425328526,0.0520805544709263
0.8931617249929569,0.8898897845993974,-0.09732257432255198,-0.09894132831180512
1.0218899222616922,1.0235915749987232,0.1287281972687353,0.14664455920751643
0.9160256259546978,0.9043858322277014,-0.10586429630699434,-0.10125938928867968
0.9895957890234224,1.0162926133665477,0.07357016306872455,0.08024042675038391
0.9757857257761346,1.0230802247655395,-0.01381006324728773,-0.012946199463780306
1.0076955238428769,0.9833570304091026,0.03190979806674221,0.017264801419766447
0.9408668470117412,0.9365112680634002,-0.06682867683113569,-0.07058911818594411
0.9441176122416423,0.9420934940555741,0.003250765229901087,0.005898916619145184
0.9700324405406134,0.95659147386313,0.025914828298971182,0.03274113857143444
0.9788042017320083,1.0143336871662905,0.008771761191394889,0.013150531043275907
0.9870784053032009,1.0099872310395364,0.008274203571192573,0.01681427192033315
1.031194602106895,1.0490385200724353,0.04411619680369405,0.042779134630578364
0.9396847116320366,0.9096310000498764,-0.09150989047485836,-0.0667618636648334
0.9469223701006894,0.9334356304743453,0.007237658468652763,-0.0034168336384370907
1.0178200338054313,1.046873642357727,0.07089766370474193,0.07594553708273966
1.0101967067568858,0.9746114027368575,-0.007623327048545514,-0.005693838666715086
0.9430213481989339,0.9154084008877654,-0.06717535855795187,-0.06203171714749071
0.9605822710825935,0.9608727116877848,0.017560922883659624,0.005026025533656591
1.0175221819618958,1.02677102207785,0.05693991087930228,0.04838520058314135
0.9911566194836479,0.9869099519839301,-0.02636556247824795,-0.018787922635481485
1.1104966792478712,1.1317346805171329,0.11934005976422335,0.13160971034891644
0.9494876768709445,0.9377897754051167,-0.16100900237692672,-0.14660442716079622
0.9839439342705367,1.0000338505780555,0.03445625739959224,0.03264865202317866
1.013854079644405,0.9927847020033287,0.02991014537386838,0.02301988408160057
0.9668927573277082,0.9739982661293067,-0.04696132231669692,-0.038745048789797856
1.0387297411214829,1.0659471774648408,0.07183698379377468,0.06431840436994181
0.9720990597672831,0.980082856572429,-0.0666306813541998,-0.0674981839082105
0.9104073208518239,0.8949566483364163,-0.061691738915459204,-0.0656928429601526
1.0336575599641074,1.0343813730262976,0.1232502391122835,0.13336790546524296
0.9491087561129774,0.9341862303118009,-0.08454880385112995,-0.09247303509275517
1.0533331363343736,1.0499236970288017,0.10422438022139624,0.11408279737798738
1.0619915704431402,1.0622399475707223,0.008658434108766544,0.01884128825316433
1.0481545817884683,1.0256199286408025,-0.013836988654671867,-0.00597001811137997
1.018945391805535,0.9972386420273507,-0.029209189982933426,-0.007147780231688047
1.0207689426039126,1.0234594585664765,0.0018235507983777044,-0.007783837689332501
1.020194653996573,1.0365654711840862,-0.0005742886073396569,0.007583757761175328
0.974710104717386,0.9934035579680534,-0.04548454927918699,-0.03878105293627918
0.9815238625942089,0.9880349878054385,0.0068137578768229234,0.008928283793541335
0.9642808076702624,0.9443239727007279,-0.01724305492394651,-0.009591219185502643
1.044115098724158,1.0116690523776855,0.07983429105389572,0.08918560944655476
0.9417912145490597,0.9302784511435966,-0.10232388417509841,-0.0989361199081066
0.9425305152317335,0.9405955949096385,0.0007393006826738047,-0.010852114622780651
0.9328909387653288,0.972514096945798,-0.009639576466404676,-0.001305624080157072
0.9949607542237342,0.9956674209919915,0.0620698154584054,0.060313646449951776
0.9091721699283956,0.9013176160464751,-0.08578858429533864,-0.09395641331123764
1.066183542721705,1.0652048288067084,0.15701137279330946,0.16338296599354815
1.0457964563188973,1.0506706900233074,-0.02038708640280773,-0.007289321946865192
0.9751789122975573,0.972939745386798,-0.07061754402134002,-0.06547476544316813
0.9690087248050565,0.9932644680788653,-0.006170187492500756,-0.010038111312501305
0.9569313597171623,0.9623779914096267,-0.012077365087894254,-0.016587275648245258
1.1187939521487817,1.1564596181064724,0.1618625924316195,0.1611770392350429
0.9674241210216562,0.9859280147062454,-0.15136983112712554,-0.1466979578572868
1.033102917885111,1.0747163004466036,0.06567879686345479,0.0626920932663627
1.0134772364248734,0.9626923607850273,-0.019625681460237576,-0.03054286655519143
0.9752495739895588,0.9504152622935098,-0.03822766243531461,-0.05475745867222383
1.0605831462120756,1.0594749728187862,0.08533357222251681,0.10749339313493661
0.9716802738417574,0.9274225302742258,-0.08890287237031824,-0.093547395489466
1.1637702956960958,1.1850794784612764,0.19209002185433843,0.1837035210570482
1.0832593862095716,1.1106424179562389,-0.08051090948652417,-0.06733788829846077
0.9565962411083376,0.9361632935184467,-0.126663145101234,-0.1335796724542238
1.070357724844879,1.0201202967372618,0.11376148373654138,0.11080292419958762
0.9601134336441427,0.968581419281121,-0.11024429120073631,-0.09065595641122406
0.9864201584105702,0.9687289108509546,0.02630672476642748,0.020011530545767247
0.9726042974099693,0.9373530025157202,-0.013815861000600838,-0.008367538503936298
0.9118657957213403,0.9000824399044214,-0.06073850168862904,-0.05933008891468938
1.037872038592888,1.0632271115545575,0.1260062428715476,0.1298556861520635
0.9544464394437545,0.9442956776127697,-0.08342559914913339,-0.0684734075024419
0.9865536583659795,0.9850390523921916,0.03210721892222501,0.03207909415298779
1.0133988108376197,0.9895252043220186,0.02684515247164021,0.016969007126849706
0.9872650397547009,0.9888100099704434,-0.02613377108291881,-0.0038077352091167964
0.9966658525161831,0.9902901438909949,0.009400812761482191,0.011327713126143538
1.0823243892772347,1.1077813590050938,0.08565853676105162,0.09716541964770305
1.031398275787469,1.0235249144347827,-0.050926113489765834,-0.045085834012101
1.1121713584705766,1.1201184501207864,0.08077308268310768,0.07640963550820146
1.002556119879775,0.9884582807356225,-0.10961523859080158,-0.10716726384115022
1.0091036457737554,0.997143307133965,0.006547525893980444,0.009780481730115755
0.996171984672097,1.0142358063759502,-0.012931661101658443,-0.014946756330418629
0.9402989348012655,0.9219322188193907,-0.055873049870831526,-0.035503392309615196
1.0057998848272311,0.9971060896904655,0.06550095002596568,0.06943428530374313
0.9813862455568315,0.9462326209783067,-0.024413639270399634,-0.025379763621871144
1.075667561409317,1.0639208726434437,0.09428131585248545,0.0984565082164764
1.0819684591911325,1.099327767396179,0.006300897781815529,-0.005569969527650827
0.9254114191653935,0.9354994624007557,-0.156557040025739,-0.1576341839376616
1.0858988809578733,1.0577696798373757,0.16048746179247986,0.1654984031538294
0.9351871438865491,0.944655755680587,-0.15071173707132424,-0.1408916943980741
0.9697131201253619,0.9493246583369155,0.03452597623881282,0.024703661590728936
1.014706429636472,1.015082180299957,0.044993309511110136,0.032256369175003644
1.0720905839981563,1.0700286315226177,0.0573841543616842,0.05575279475694556
1.0498665510946739,1.0314319244602692,-0.022224032903482405,-0.030293711534720734
0.9519608026630275,0.9712302989142897,-0.09790574843164634,-0.09745908511350311
0.9846534919831552,0.9379399310582195,0.0326926893201277,0.03964301106804579
0.9516374515916071,0.9698157696625295,-0.03301604039154815,-0.024981923754005028
1.0707282410423393,1.0718967868127487,0.11909078945073226,0.12988023646326988
1.0572611333819135,1.0573972696398877,-0.013467107660425803,-0.003660499447580144
0.9970234562049267,1.0091503778934319,-0.060237677176986804,-0.039737840822483814
0.9576882403671805,0.9853792479805411,-0.03933521583774624,-0.036522593429749624
0.9887762986870922,0.9927575300852013,0.031088058319911682,0.047884372634768704
1.0216711870696569,1.0248855526146212,0.03289488838256471,0.02224327603895724
1.0212455274039451,1.0178030249718755,-0.00042565966571173064,-0.0043875950384986186
0.9103908835992052,0.9020255375310678,-0.11085464380473997,-0.1214649007538097
1.0408231005856017,1.0507655635011635,0.1304322169863965,0.12232465154322661
1.077599793175391,1.0968887949045478,0.03677669258978922,0.025211870147991693
1.1317922502671593,1.1481845186364252,0.05419245709176845,0.04919767645526918
1.0107382771687405,1.0482646275608045,-0.12105397309841881,-0.11001319254415969
0.9795661780257359,0.9804754581117536,-0.031172099143004672,-0.03212278832168913
1.048815139035855,1.0422397127497847,0.06924896101011924,0.08707769890934298
0.9570428458723501,0.9679654809622537,-0.09177229316350499,-0.07881953888876578
1.0115954423867979,1.0114711491125767,0.05455259651444777,0.06415250051671602
0.9854560430375522,0.989096374491437,-0.026139399349245696,-0.022278046790923524
0.9711492805478908,0.9637319113674703,-0.01430676248966134,-0.02048372532372142
0.9949140948493427,1.0019020792224274,0.02376481430145183,0.04492643437224985
1.0024209191208975,0.977493343461368,0.007506824271554802,0.007738452068055528
0.9750272173168014,0.9910596841452661,-0.02739370180409606,-0.030543212418385774
1.116240716789336,1.1543281730001564,0.1412134994725346,0.1419964562049692
1.0265686839868562,1.0385290309735604,-0.08967203280247982,-0.12013058271679085
1.0843420554232885,1.0838610943314326,0.05777337143643235,0.06631735503709116
0.9822993186811245,0.9858828796969376,-0.10204273674216402,-0.1038855886924528
0.9425801269526468,0.9475441195707717,-0.03971919172847771,-0.05571203828824457
0.9661942086740053,0.9912093550590628,0.023614081721358482,0.020345663638787627
1.0364816071435359,1.0279231635950294,0.07028739846953058,0.07508530373989457
1.0042169930576665,0.9966833291887859,-0.032264614085869336,-0.03697435325836008
1.0289805542348671,1.0700798956079802,0.024763561177200577,0.029815350700394108
1.0163559334036556,1.0272063675119547,-0.01262462083121152,-0.004074215608018045
0.8917784800904606,0.898570503431933,-0.12457745331319503,-0.13018811758934581
1.0569411438634313,1.0360184651387834,0.16516266377297073,0.17847077665874453
1.0380208454790272,1.023267433709535,-0.01892029838440412,-0.02391054641495775
1.0260124399554973,1.0695315176668412,-0.012008405523529886,-0.035697794691103166
0.9746066107500104,0.9768874011360393,-0.051405829205486864,-0.03621384298984136
0.958815214249397,0.9861019768422695,-0.015791396500613453,-0.02313583930954281
1.0241216799206625,0.9989019712848589,0.06530646567126552,0.05626150789469543
1.028276729052814,1.0277823519489029,0.004155049132151589,0.011990638206025476
1.0293782096235191,1.0513315476421,0.0011014805707050268,-0.0036403673973851615
1.0088732426408173,1.0113680609867823,-0.020504966982701767,-0.01480494128431927
1.0235918254987937,1.0328745221058726,0.014718582857976337,0.00672299076362398
1.046524226476176,1.0353485955186452,0.02293240097738236,0.02505810241673722
1.0629655564828049,1.0833822074614654,0.01644133000662884,0.014469702097520628
0.9983737635215916,1.0199052634207884,-0.06459179296121331,-0.07203348746579542
1.0139980023275446,1.0129885722197292,0.015624238805952984,0.026746571303071724
0.9949341818634715,1.0162016042058022,-0.019063820464073067,-0.009029200474570754
1.050543272587081,1.0496929258889964,0.05560909072360942,0.04669320015221488
1.0274668398798779,1.003713054821999,-0.023076432707203054,-0.0035446146020651145
0.9648185913929015,0.9551609572408942,-0.06264824848697637,-0.06234974119998581
1.0376398573045402,1.0069495656778102,0.07282126591163873,0.06288239000380683
0.9570715355633342,0.9349930109070159,-0.08056832174120598,-0.0831112732473508
1.067283179034223,1.0898911499175226,0.11021164347088874,0.10742306044109692
0.9696972582082533,0.9373672014912353,-0.09758592082596973,-0.09447746098591422
1.1450192629553069,1.1413337353584994,0.17532200474705362,0.17823052250860427
1.0203200523177398,1.0112479039873412,-0.12469921063756706,-0.13569131726872138
1.008023691639121,1.0326993215758316,-0.012296360678618834,-0.002605009296143313
0.9610909771995826,0.9355422898920155,-0.04693271443953839,-0.04636596050949461
1.0196515428497779,1.0302802954939492,0.058560565650195295,0.05095396318329261
1.0276163645115688,1.0101382053711188,0.00796482166179091,0.001749101065165867
0.9794008457187768,0.9859944326631254,-0.048215518792791956,-0.04138284969235495
1.0438211232392482,1.0184155578839755,0.06442027752047141,0.06060917241908557
1.0130976853832296,0.9945428142777353,-0.03072343785601861,-0.03851321604582388
1.003739249597802,0.9911215012784297,-0.009358435785427721,-0.019128603817874047
1.0748949544580864,1.0786476921901853,0.07115570486028444,0.07308122569261159
1.044192152580158,1.0720829495856432,-0.030702801877928287,-0.028014836022406488
1.0531246017885851,1.067666366822345,0.008932449208427062,0.004478614512110772
1.0488960612702602,1.034357609739279,-0.004228540518324886,0.002393691758032706
1.0778411288258198,1.084053284688662,0.02894506755555959,0.03854820340628844
1.0707259049015097,1.1059961856276348,-0.007115223924310188,-0.010309997034863823
1.0297973128835773,0.9996078524512985,-0.04092859201793231,-0.02590734369755123
1.0308391123130811,1.0326709877113625,0.0010417994295037758,-0.006169703438250327
0.9850773685717457,0.9854051944192054,-0.04576174374133546,-0.04283620333877021
1.0485046596365406,1.0515004528487832,0.06342729106479494,0.0759830461271537
0.9991441259399804,0.9965058259024786,-0.04936053369656024,-0.044880196086604374
0.990887224622634,1.014488834757698,-0.008256901317346355,0.022493689155747187
1.110677433229039,1.1037601889606308,0.11979020860640499,0.09953552490558343
0.9878571114822956,0.9991025539568152,-0.1228203217467434,-0.12163683984650811
1.0210324057710376,1.0380717391305263,0.033175294288742,0.04691757566694253
0.9706648525365665,0.9551764048519513,-0.05036755323447106,-0.05134880151531459
0.9616349716803082,0.9699976663665378,-0.009029880856258332,-0.01139386103205671
1.076103233775717,1.0827709761933535,0.11446826209540883,0.12134787322533469
0.9804901539884276,0.9735811287222009,-0.09561307978728939,-0.08206257719414695
0.9809877331508096,0.96920063079782,0.0004975791623819115,-0.008069853312299318
0.925432367527737,0.9402427742667337,-0.055555365623072506,-0.05417422582115846
1.0646497147934724,1.0217255013535105,0.13921734726573531,0.13602414420319092
0.9286562214951289,0.8943509198761767,-0.13599349329834343,-0.1398878823120214
1.0416337167262946,1.0395128408497702,0.11297749523116563,0.12052727817550124
1.0617258777367404,1.091867094956717,0.020092161010445864,0.014327420668120396
1.012764876822043,1.0066403939105881,-0.04896100091469746,-0.06162735766067584
0.995724533196882,0.9995841515870816,-0.017040343625160936,-0.023339790766382918
1.0799609477806729,1.1130623315900698,0.08423641458379083,0.08189921718877273
0.9791472306775884,0.976342819732226,-0.10081371710308451,-0.10166319582614278
1.0303634654361995,1.035564650604834,0.051216234758611145,0.030742507014908587
1.0802011381913033,1.0832479500183543,0.04983767275510376,0.05397295651512184
1.0603780713548796,1.0303102142966138,-0.019823066836423653,-0.032053140760760254
1.1038828858634868,1.117692180628321,0.043504814508607215,0.04254297931771533
1.0129533264955826,0.9955930571496073,-0.09092955936790426,-0.08601171086707969
0.978055583708011,0.991700895797518,-0.03489774278757152,-0.04880549729348323
1.0555837622935635,1.078243259278723,0.0775281785855525,0.09760541963187494
0.9528766091326112,0.9712411338311593,-0.10270715316095236,-0.09960860709646696
0.9939404312816054,1.007423269991761,0.04106382214899418,0.02317357791952974
1.105972211429413,1.1206154175657166,0.11203178014780768,0.12549786644452612
1.0503077735158852,1.0583029531507286,-0.05566443791352782,-0.05085765099959804
0.9723741939606272,0.9876966239461192,-0.07793357955525804,-0.08235332447729812
1.0036849409313835,1.0220226308142846,0.03131074697075631,0.023464903299734975
0.9976958412086007,1.0071080894540838,-0.005989099722782831,-0.00043021403028909236
1.0140577829242592,1.0220030325553284,0.016361941715658523,0.03966269921350675
1.0387107882035318,1.039725877577647,0.02465300527927261,0.019441131222921043
0.9286458448281796,0.9365968348062732,-0.11006494337535222,-0.12907126943796848
1.124139849689153,1.0941998486873235,0.19549400486097346,0.19825107354586594
1.0321206871916149,1.040612463402663,-0.09201916249753817,-0.09148697261851231
1.1373632076996438,1.1134681048874304,0.10524252050802896,0.10366568934682624
1.0096591025759905,1.0146332923934565,-0.12770410512365338,-0.13041239821190684
0.907518742552145,0.9408636446004617,-0.10214036002384541,-0.09419511620403485
1.0164789711869604,1.023515126910188,0.10896022863481536,0.11426193706186495
1.0624057519673085,1.0423748390630683,0.045926780780348064,0.050473475003009895
1.0443102127595971,1.03079248739337,-0.018095539207711342,-0.009368338843054162
1.031047663896371,1.0259799803774716,-0.013262548863226087,-0.021926120939449872
1.0708422019520236,1.0647228292969475,0.039794538055652584,0.039162870266829505
1.0888037489094793,1.1183860681574624,0.017961546957455665,0.02804526349648053
1.128483205807665,1.1304089352592273,0.03967945689818575,0.04659097027592553
1.0223744783693094,1.0475394259247357,-0.10610872743835564,-0.12244014852820789
1.0983474319694144,1.125761800527948,0.07597295360010503,0.0752925769412627
1.1057580178469884,1.1026801528132517,0.0074105858775739275,-0.0028825759790194055
1.1186167937674651,1.1250165276400326,0.012858775920476795,-0.0012984696125917534
1.0676572321649178,1.0594309118264758,-0.05095956160254733,-0.06307941701847779
1.1303810417304418,1.1059180237814799,0.06272380956552404,0.04392476269595533
1.072235077996822,1.088223495462991,-0.05814596373361991,-0.054417023141024895
1.1312572636980822,1.1230293700031486,0.05902218570126028,0.06603003146395181
1.026053287211409,1.0252475167642168,-0.10520397648667323,-0.10327564433426709
1.0937630548454085,1.055236246009944,0.0677097676339995,0.08834258990512081
1.0453990043434787,1.0242610011144475,-0.04836405050192982,-0.038959469561818866
1.0051847075419929,0.9770560372517695,-0.040214296801485805,-0.03282277475441184
0.9796651342420976,0.990135158335944,-0.025519573299895293,-0.015275060951432204
1.045848042980833,1.0565447441678637,0.06618290873873545,0.0829538027283962
1.0099410932395352,0.9821282888315594,-0.03590694974129782,-0.03651384128639599
1.0572009237726039,1.0581726159495524,0.0472598305330687,0.057956916173966595
1.013838507883053,1.0366430868820578,-0.04336241588955092,-0.03878085941462068
1.1078087301359019,1.1167112458228885,0.0939702222528489,0.07083249343289458
1.090000873618641,1.1000784967573898,-0.0178078565172608,-0.019599167167619537
1.0624605166720316,1.0780509817558472,-0.0275403569466095,-0.022332722535709903
0.9973080027708773,0.9705165195568508,-0.06515251390115429,-0.0670098356080935
1.0429866911568355,1.0280332400591206,0.04567868838595823,0.048244975824617634
1.0242514140301857,1.0085471774142176,-0.018735277126649796,-0.01693891190155413
1.078745035232328,1.074607428367763,0.054493621202142295,0.03442235934034242
1.0806259444138784,1.0349105716691882,0.001880909181550372,0.016845109379981925
1.046086442042071,1.0550666495954604,-0.03453950237180736,-0.04556926505454268
1.0953935537749755,1.0859452339635045,0.049307111732904474,0.04757182143473865
1.0724713475251748,1.0689559160634687,-0.02292220624980068,-0.025183508436684342
0.9660328770301774,0.9602684361746929,-0.10643847049499744,-0.10663373614818618
1.0325080654511931,1.0316622643265996,0.06647518842101574,0.044476969307824576
1.0626924833253761,1.0530128641451193,0.030184417874183023,0.014380065637245455
1.0323690724750108,1.0431668234955165,-0.030323410850365384,-0.028429454024607902
1.0564620015266457,1.0464860403205793,0.02409292905163496,0.034648937494309535
1.0014920732398669,0.9974132199923602,-0.054969928286778824,-0.08735534096477121
1.049873220151342,1.0521045600769456,0.048381146911475215,0.07750967847784554
1.0963640028591215,1.0915156279685359,0.0464907827077794,0.04225786048096838
1.058733529712996,1.0351209427195442,-0.03763047314612544,-0.03299562739701009
1.091293467430221,1.1375160324728222,0.032559937717224985,0.02740867614283908
1.1128333409153448,1.1389728659274165,0.02153987348512376,0.03649536811193154
1.0720799342828322,1.0829737989742634,-0.04075340663251259,-0.049451465201756195
1.027127334439505,1.0355374547485805,-0.04495259984332711,-0.04213587469135379
1.039783636475231,1.033783019009237,0.012656302035725986,0.008810512120237705
0.9904507362534196,0.9881896585702405,-0.04933290022181147,-0.04760301454235176
1.0626101431902972,1.063441797361112,0.07215940693687761,0.07412090087071224
1.0269520202326003,0.9947884492775217,-0.03565812295769688,-0.055064508584309974
1.09493431723079,1.060784112551581,0.06798229699818958,0.06696255976667974
1.1204850847808578,1.0778413492743428,0.02555076755006791,0.01673054426333107
1.068803990561148,1.0818036225660153,-0.0516810942197099,-0.05853465962177143
1.0765211113924422,1.0701121292403375,0.007717120831294277,0.018866623007264573
1.0902173085634015,1.077290262483313,0.013696197170959268,0.01667105449150342
1.1082469549375131,1.1170908200998513,0.01802964637411164,0.03240974869616163
1.0959936173573235,1.0885875944796828,-0.01225333758018965,-0.010099930831956327
1.0989521924457821,1.0815046820889442,0.002958575088458648,0.012049798278929135
1.0926157344457403,1.1616413691064638,-0.006336458000041789,-0.0053615161199317245
1.0935971521598484,1.089753995262566,0.0009814177141080904,0.004414838421554385
1.0471982110226268,1.0100886260974136,-0.04639894113722165,-0.03317421567310106
1.050063258225865,1.0472153333126322,0.0028650472032383245,0.006870056551340724
1.0169721228926913,1.0063504298602644,-0.03309113533317376,-0.045392744540838484
1.0456458033002787,1.046740736076146,0.028673680407587332,0.02406408958740948
1.0863237461535586,1.0912093558120188,0.04067794285327997,0.05212454965630679
1.075217981160508,1.0488497992736125,-0.011105764993050604,-0.018237586246765913
1.070265055573114,1.0759508955075894,-0.00495292558739413,-0.012709374415486453
1.0926159980415757,1.1224963428036043,0.02235094246846181,0.0035781948715571076
1.099410779162946,1.0912165674079466,0.006794781121370219,0.007786896377677669
1.007638015647056,0.9942126679767692,-0.09177276351589003,-0.06474247105867362
1.0293298309387116,1.020035531616068,0.021691815291655647,0.032879890005339016
1.007038142976031,1.0005748432705588,-0.022291687962680662,-0.022922138113694247
1.0891424148601068,1.109415056764824,0.08210427188407587,0.0696096776316396
0.9927792715521495,1.010939136745728,-0.09636314330795726,-0.08276580244944994
1.0645759989718835,1.0576725264321645,0.07179672741973397,0.04860569975080142
1.0416826584915302,1.033867546804428,-0.022893340480353297,-0.018623005553699355
1.0887085574265303,1.0427343659967319,0.04702589893500009,0.05477448640178999
1.1112262393326633,1.0985877224922922,0.022517681906133014,0.025463204815531236
1.1091037049856611,1.0971866408148503,-0.0021225343470021585,-0.00030763201036966103
1.0954979833633978,1.0834063726817822,-0.013605721622263367,-0.016469458766058
1.0797968450933382,1.1102107121081402,-0.01570113827005959,-0.0005282451128565905
0.9718810431248093,0.9767068748699541,-0.1079158019685289,-0.10726582328750099
1.0805123797714762,1.0769662164238472,0.10863133664666691,0.10790335045913392
1.1233452156949177,1.1118166232969635,0.04283283592344156,0.03974154860636564
1.094056108068743,1.0933088742531536,-0.02928910762617476,-0.048646343212211965
1.0969712386473462,1.139703473400384,0.0029151305786032644,0.005724878279154728
1.124810855106458,1.1297144656843527,0.027839616459111705,0.02574899890184869
0.9973760009207183,0.9911517795729049,-0.12743485418573963,-0.12300088875740883
1.0247889579889677,1.0071953173092125,0.02741295706824942,0.05331108476363554
1.0855711477964078,1.0961300448602707,0.0607821898074401,0.08930967003725551
1.0073708069396263,1.0047514725555597,-0.07820034085678151,-0.09393331028606114
0.9846086083506187,0.9675374864656096,-0.02276219858900763,-0.030236511767110067
1.0938395558192382,1.0852455169029487,0.1092309474686195,0.10060820730424155
1.041461582260627,0.9794830132497883,-0.05237797355861118,-0.05324856105919418
1.0056825209601943,0.9915793860854579,-0.035779061300432735,-0.03334231079965791
0.9761842469888795,0.984693305085981,-0.02949827397131477,-0.031268151268437225
1.0568241696106162,1.0590940303295473,0.08063992262173669,0.08968219495688079
1.0796746399600703,1.0842769896230724,0.02285047034945409,0.02364960315134996
1.130655208190321,1.137953095772369,0.050980568230250656,0.05222593179893856
1.0644398344850163,1.0265927074238255,-0.06621537370530461,-0.05614603435844936
1.0724668217026503,1.0914479226518377,0.008026987217633952,-0.0003650098945387724
1.0973083183654537,1.0528352417340412,0.02484149666280344,0.03442275234223173
1.0650629953332558,1.1056575952470071,-0.03224532303219796,-0.034897501450739506
1.0291857231331503,1.0072217435787856,-0.0358772722001055,-0.007776147203545053
1.121050081053895,1.1255325226082304,0.09186435792074477,0.095954688825877
1.109415300319562,1.0639290432067257,-0.011634780734333106,-0.01236551598142169
1.0678262499407771,1.092767459910467,-0.0415890503787848,-0.04481091197835133
1.0665279816081334,1.0494322703231105,-0.0012982683326436817,0.008012722744103225
1.08296841196279,1.0582868571257704,0.016440430354656588,0.02746079030404089
1.0512631635029497,1.0280494945237126,-0.03170524845984035,-0.012140097098020691
1.022625512573467,1.0438114104367073,-0.028637650929482783,-0.030357419409529858
1.1367226827881338,1.1254612079422897,0.11409717021466692,0.11875557576477598
1.0730850435198165,1.0602895282000144,-0.06363763926831734,-0.058200348154483085
1.0787944568140555,1.097224867145613,0.0057094132942390186,0.0006299270650791874
1.056562329635607,1.0487435643400098,-0.02223212717844847,-0.019181400945505467
1.026009726608371,1.0588136687940286,-0.030552603027236058,-0.02481258259890676
1.0054236845988114,0.9940535087330123,-0.020586042009559602,-0.013785612656684425
1.0620780760127997,1.083679530312528,0.056654391413988314,0.05637865394161293
1.0566437388507186,1.077593354007806,-0.005434337162081082,-0.007483060327116506
1.0225289551434995,1.038957338754636,-0.0341147837072191,-0.03104624063539393
1.0822904559472042,1.0556291601186836,0.05976150080370468,0.053332599530546115
1.0243316600685926,1.0323665510458404,-0.057958795878611635,-0.06357396307795429
1.079102135853737,1.1067666153032356,0.05477047578514438,0.05334661041143158
1.1252598500626139,1.0682540770347106,0.04615771420887693,0.0497576206182975
1.137456052319523,1.155090056022688,0.012196202256909094,0.016583685597552453
1.1134713124708002,1.111187761629257,-0.023984739848722736,-0.017803566302933317
1.017931774082349,0.9848061816207467,-0.0955395383884512,-0.09129023963989422
1.1385961664413198,1.1293030230326833,0.12066439235897075,0.11723922164547504
1.0766117469114327,1.1073463520908864,-0.06198441952988709,-0.0584231746438302
1.0689351219301553,1.0672292198462823,-0.0076766249812774134,-0.008094481764122842
1.059051723939269,1.0627253026410537,-0.009883397990886333,-0.007937002878478289
1.0991063045514438,1.1309782962391761,0.04005458061217482,0.03809310556958683
1.0641159610058646,1.0978674835974958,-0.03499034354557917,-0.036999510634682806
1.0167792039511823,1.0251581251663169,-0.04733675705468232,-0.050179937402042095
1.1538156633476802,1.1280098015366127,0.1370364593964979,0.13916389197844137
1.0959206905501633,1.0796320392463485,-0.057894972797516875,-0.05931660572971446
1.1650301705969233,1.1965711094145282,0.06910948004675999,0.07134765751384084
1.1198227794368356,1.1163295838455474,-0.04520739116008765,-0.029510049793639165
1.0853954343361403,1.0845846371374812,-0.03442734510069534,-0.03915615588601434
1.0861124325487255,1.0651243314922494,0.0007169982125851959,-0.0003613362176700648
1.1241833214768757,1.1380073716220762,0.03807088892815025,0.052679220672412055
1.1101126769531506,1.0960485003995504,-0.014070644523725084,-0.03295682573390987
1.160881601052323,1.1627956473904584,0.05076892409917244,0.03302556507935571
1.0462537887544454,1.08300621230731,-0.11462781229787766,-0.10095422562531371
1.1770142105830237,1.1644368096746884,0.13076042182857828,0.1333162154053314
1.090499210591174,1.0434284847114854,-0.08651499999184975,-0.07717238218546682
1.0425478673269866,1.0273488351462716,-0.047951343264187374,-0.055817080159342954
1.1145915521935579,1.0983923956190713,0.07204368486657131,0.08796111726942965
1.1852743236436778,1.183511323314272,0.07068277145011992,0.07635888777534454
1.1588313621279644,1.1525758811464424,-0.026442961515713348,-0.028122498939923753
1.1005020691607106,1.1030872620214476,-0.058329292967253865,-0.05483140847023507
1.1234187740361763,1.1162077314163914,0.02291670487546571,0.03064484058578039
1.1656999542288897,1.1667717273050853,0.04228118019271343,0.03190790546591717
1.1889992742404691,1.1795088024778617,0.023299320011579416,0.021468814075950984
1.1139787250053552,1.1341226979766958,-0.07502054923511392,-0.06577901916559484
1.194797689217515,1.1733170140329445,0.08081896421215973,0.08655496761751341
1.0817341069105102,1.1339918571718797,-0.11306358230700475,-0.10586949851072264
1.0258801051568534,1.0085022680104228,-0.055854001753656846,-0.06542922342086226
1.1216830287838317,1.1082979704228697,0.0958029236269784,0.09064840259513528
1.1588477267134825,1.1720620027444872,0.037164697929650714,0.03866359952013808
1.159246371144972,1.1675711381586529,0.00039864443148962536,0.01079674523820069
1.1030154368922345,1.0733006356592094,-0.05623093425273762,-0.050847009252203576
1.1260336205108639,1.0957758221668503,0.023018183618629395,0.01733175142073151
1.1256634963761794,1.1994155270911189,-0.000370124134684513,-0.008593765049455472
1.1849225863782407,1.2025919534534897,0.05925909000206131,0.06256530772431099
1.1145758998771773,1.110572880827106,-0.07034668650106335,-0.0726709552133544
1.1378793453099876,1.1361705713373549,0.023303445432810266,0.007844717089125606
1.058631138910359,1.0985810814325037,-0.07924820639962848,-0.07258979780819867
1.1394220902856416,1.1530933148735008,0.08079095137528247,0.06943694137917933
1.1096661211822583,1.105766377829766,-0.029755969103383295,-0.04079100510817545
1.2015651148618005,1.2167253794938853,0.09189899367954224,0.1042056996875575
1.2019386125892844,1.219852951764236,0.00037349772748385135,0.006959464356629727
1.0156955515659116,1.0122295085577127,-0.18624306102337274,-0.2005753061929443
1.0910620572921137,1.101428007425233,0.07536650572620207,0.06485914907610585
1.2239094347244648,1.1939477822805948,0.1328473774323511,0.13181703624611335
1.0806980701296516,1.0714564961914816,-0.1432113645948132,-0.12901453834498477
1.1513939392636399,1.1481788780289608,0.07069586913398829,0.05484111605667797
1.1628806671898946,1.168852736166715,0.011486727926254714,0.018006006884957692
1.1103521196107158,1.1148639588882252,-0.0525285475791788,-0.046232451755435985
1.1729232563336967,1.1970727800267964,0.06257113672298087,0.07178583495877645
1.057742328482297,1.038880322403387,-0.11518092785139955,-0.11119834068145976
1.1515883030678644,1.1746700768272218,0.09384597458556732,0.08163915644701779
1.1034388087714344,1.1143217615680914,-0.04814949429643001,-0.08330271567974659
1.0810662430377487,1.1142259899298133,-0.022372565733685734,-0.02548063580224408
1.1374520280943006,1.1425671684315517,0.056385785056551896,0.02886974966918995
1.1038398735172779,1.1381596405366325,-0.03361215457702271,-0.0441692614124951
1.0289806890012558,1.0341724286523515,-0.07485918451602203,-0.0772489929158143
1.0324471598054903,1.0229699707667423,0.003466470804234456,-0.005430823175303119
1.047230231785166,1.0403768771123445,0.014783071979675766,0.017250008386924042
1.1745931948700439,1.1843645809950916,0.12736296308487782,0.14021467817436448
1.2058257228626537,1.1905847855196936,0.031232527992609782,0.04757047580975834
1.1462787950632007,1.1385594316212613,-0.05954692779945292,-0.05725779531467803
1.0858221104597263,1.0833427105280977,-0.06045668460347442,-0.058433965988140095
1.0941834263012638,1.0745840059203753,0.008361315841537431,0.016840672515530758
1.1201077814231992,1.1295110924903595,0.025924355121935472,0.03221380354918592
1.1393822478064002,1.1745472532746524,0.01927446638320096,0.012858733142252499
1.096607656909429,1.0974316246922138,-0.04277459089697122,-0.027780847269426055
1.1030721486034196,1.1198815581890487,0.006464491693990659,0.010131943109686539
1.1965021092384494,1.1929863578578495,0.09342996063502973,0.08575237994440733
1.1908768675775998,1.207493856178472,-0.005625241660849545,-0.02284151503047481
1.1643240183515657,1.1474684911714086,-0.02655284922603407,-0.036502611131792984
1.1354469454879716,1.1416984417703193,-0.02887707286359409,-0.035444918357496115
1.1319670694695019,1.1572559938465055,-0.003479876018469774,-0.013731001563384202
1.178650620307689,1.1702202572095843,0.04668355083818709,0.052131545731032576
1.0987430331954187,1.0736887632190115,-0.0799075871122703,-0.06299340619717099
1.210056923129504,1.2338663661553875,0.11131388993408531,0.1091178532817764
1.2100967061650536,1.189559896491418,3.978303554963425e-05,0.008989545980167652
1.1837873066002333,1.1926424177659234,-0.026309399564820257,-0.042287830314681196
1.1054429442239884,1.114356236156135,-0.07834436237624498,-0.07606370331839826
1.0732670355291074,1.0602461677247395,-0.03217590869488096,-0.02707511063767193
1.1312986371470373,1.1382571792846248,0.05803160161792986,0.05345776869163863
1.1625901386752442,1.155806568395676,0.03129150152820692,0.03457372688644066
1.0976576970893976,1.1180539637441842,-0.06493244158584655,-0.06227664734344669
1.1063775038237922,1.11754964770878,0.008719806734394542,0.022922807956586563
1.1240969068031952,1.1219082761047718,0.017719402979403,0.032539421947334723
1.1283880188384283,1.1302986039347627,0.0042911120352331356,0.01576032151777685
1.1445277274234784,1.160859329539125,0.016139708585050094,0.015513455472775429
1.0876423092960978,1.0676029505085207,-0.05688541812738057,-0.039015832072207865
1.09006686679152,1.0978417198019095,0.0024245574954222526,0.0020149348674006794
1.1250645846765193,1.1277750212445685,0.03499771788499917,0.030208100436050534
1.105237026424586,1.1597415770965038,-0.019827558251933164,-0.015390614878955537
1.1973304917019596,1.178359616502777,0.0920934652773735,0.08414939816680361
1.0196693933513643,1.0105308022183168,-0.1776610983505953,-0.17965124763285384
1.1210686581936782,1.1037036315307052,0.10139926484231387,0.10823649899377426
1.077412051267745,1.0572577291463554,-0.043656606925933206,-0.033078739668840056
1.0833320521817345,1.1021398081757128,0.005920000913989476,0.005476932302414295
1.1787095888242407,1.1681666456977577,0.09537753664250626,0.10881976863402824
1.1343581579173088,1.1219795630168243,-0.04435143090693194,-0.04275071573033831
1.1106641739460295,1.1113234149292206,-0.02369398397127931,-0.04103524413185297
1.1244717311690344,1.1480505357657727,0.013807557223004974,0.01243114103593081
1.1716708752907745,1.1763984552754079,0.04719914412174009,0.04788287971906581
1.0972396813238445,1.068617717581385,-0.07443119396692999,-0.06172305696871932
1.1052638634150074,1.122252626192377,0.008024182091162846,-0.018099355364066035
1.1508294990046835,1.1453553702382957,0.04556563558967608,0.05323752949162234
1.1304271327262956,1.1116777772321969,-0.020402366278387873,-0.023624591752635288
1.1559945701787395,1.1634245098508422,0.025567437452443942,0.02881979017428286
1.1141201242882615,1.1608927540165768,-0.04187444589047806,-0.048094583260680876
1.1312627557153752,1.1127423509526102,0.017142631427113697,0.01425775097481804
1.1525397612141046,1.1232418888297822,0.021277005498729462,0.01774629936304938
1.1833894537521485,1.197133869124949,0.030849692538043927,0.02716301217102312
1.1450079151112535,1.149191776675995,-0.038381538640895,-0.0421913619416175
1.129962760432334,1.1197104315265907,-0.015045154678919648,-0.020956594665776828
1.1273788390345902,1.115398691683128,-0.0025839213977436604,-0.009927244644831162
1.0740529842917486,1.075361328231131,-0.05332585474284168,-0.053737582292739595
1.1452268870636948,1.1466539108900486,0.07117390277194624,0.06527128544652754
1.153616514807997,1.1695925213302671,0.008389627744302297,0.01107851963190954
1.1258557071723008,1.148919592135297,-0.027760807635696327,-0.017189599062202854
1.147204887646817,1.125210439217545,0.021349180474516283,0.012807613803247629
1.1667415802829553,1.1781825468386928,0.01953669263613822,0.02927556353202821
1.07967190912342,1.0939489339555712,-0.08706967115953534,-0.09517853945273795
1.0892099617170905,1.0979456991095127,0.009538052593670576,0.0006706029713101237
1.1196284129844722,1.0783911771308923,0.03041845126738174,0.04009684585142135
1.0759654023987668,1.0731358063131713,-0.04366301058570543,-0.054925284606041444
1.1188520679100282,1.109772083351469,0.04288666551126141,0.05561564959918178
1.1200893804189431,1.1192074085973287,0.0012373125089149006,0.0005617487205407589
1.0948256022666503,1.1071133679735463,-0.02526377815229286,-0.013569340868855976
1.1173817773152617,1.104367961089894,0.022556175048611404,0.023108603315298015
1.213612963408927,1.206329134438175,0.09623118609366532,0.11551484487730816
1.1251550562455925,1.1101583898457512,-0.08845790716333446,-0.09584838350394734
1.1262710482315,1.1404840188329928,0.0011159919859073941,0.0049470264367412215
1.1546530275441451,1.1630873088465818,0.02838197931264519,0.020824974847050294
1.1886103306936973,1.190365849251123,0.03395730314955214,0.04034519611221938
1.1654046994022493,1.1645313608641106,-0.023205631291447926,-0.03439190197220462
1.1478100242486045,1.1285017768813255,-0.01759467515364488,-0.012500396132482518
1.1648053281492128,1.171801653572029,0.016995303900608327,0.029156236802253013
1.18562978183819,1.1847593348223193,0.02082445368897723,0.016482837198060558
1.0510672347350938,1.0447995102730923,-0.13456254710309623,-0.1388912414231452
1.1139262392407174,1.1351877368572383,0.06285900450562365,0.059700684240478856
1.0920497603165962,1.1119405296644702,-0.021876478924121256,-0.018091618456725855
1.148128364974888,1.1814087074565558,0.05607860465829173,0.04875360850366068
1.1211668490989042,1.1159756775475371,-0.02696151587598372,-0.026242773023047703
1.1097203762206773,1.0957129428114605,-0.011446472878226865,-0.02183452778522857
1.1701676488378632,1.2021206053253812,0.060447272617185854,0.05351189513063363
1.1536333790882083,1.1803866236995995,-0.016534269749654884,-0.020523478378733792
1.1887506176966671,1.1962503996284675,0.035117238608458834,0.052785893513428786
1.1552319319587143,1.1746472285962655,-0.0335186857379528,-0.027051467888244304
1.0916602475350365,1.1071285181300978,-0.06357168442367778,-0.06350808622685271
1.2231869344249806,1.2292835027062807,0.13152668688994407,0.12639314561478776
1.0523161115904915,1.082129538630419,-0.17087082283448907,-0.196343220941757
1.1052564728589394,1.1277203291041669,0.05294036126844781,0.04832416874710678
1.200877167993318,1.2232049136835463,0.09562069513437854,0.09795544148032827
1.131477387008511,1.165258502814605,-0.06939978098480681,-0.08489082674828288
1.176430019727081,1.1864831597506735,0.04495263271856986,0.03134869341134949
1.0525146183584324,1.0494701084788196,-0.12391540136864854,-0.13103493336190983
1.1446295626949354,1.1298821780826496,0.09211494433650302,0.10688979129092314
1.1286592245469682,1.101519240391694,-0.015970338147967222,-0.026852770167395616
1.077105374873264,1.0592788613292312,-0.051553849673704244,-0.04999996504012303
1.2258004143667829,1.2375561933140842,0.14869503949351892,0.1394161222931949
1.1264462076278468,1.155650100100779,-0.09935420673893613,-0.10048210121964585
1.1607089439235392,1.1523088983036558,0.03426273629569243,0.013192990571137268
1.0831201720669315,1.1030853085189647,-0.07758877185660773,-0.08333663902315001
1.1725234162991491,1.1751028659320557,0.08940324423221768,0.10016468603612728
1.1353078526272034,1.1222696545746182,-0.037215563671945784,-0.04382476964348489
1.1458197680741338,1.1250505966562911,0.01051191544693042,0.01748663126721795
1.112391464270404,1.1165132804960578,-0.03342830380372974,-0.03382236723709899
1.171154930891357,1.190343680292339,0.05876346662095289,0.04048374274191356
1.1204643665113392,1.102235579443601,-0.05069056438001773,-0.05822631902616774
1.1541789267137592,1.1495075958744894,0.03371456020242003,0.025410460243485186
1.1525361729370374,1.152513944241887,-0.0016427537767218503,0.007947612838708483
1.1594145787743626,1.15157375407823,0.006878405837325241,0.0031147760737210216
1.1774182928632928,1.1753947051811722,0.0180037140889302,0.01992621677365908
1.139428298705354,1.1382571321107415,-0.03798999415793891,-0.05816203184653484
1.08412234417617,1.0915424538855796,-0.055305954529183854,-0.057833217246814325
1.1636768743705894,1.1608688607444049,0.07955453019441938,0.06942960166598425
1.1021004156459795,1.0918413868197427,-0.06157645872460993,-0.05167349881113877
1.1669264414792457,1.1605200364997161,0.06482602583326624,0.08075595885779355
1.1858773551770065,1.191632889529581,0.018950913697760807,0.013574969693398027
1.07996264975503,1.0755782550478699,-0.10591470542197645,-0.11554593073639972
1.1258538243085587,1.1151401078384082,0.045891174553528646,0.039141821353330296
1.0763132052544826,1.0712379981702551,-0.04954061905407614,-0.0474846829684699
1.1548186968265859,1.1435106846644527,0.07850549157210329,0.08126788720081463
1.1270642909648676,1.1339356095116726,-0.02775440586171829,-0.02067468157247848
1.2432480499564065,1.2202335338013943,0.11618375899153888,0.11340747599779949
1.050074876254246,1.0235955485407895,-0.19317317370216047,-0.18330665692526518
1.1672274825634983,1.1738444762708466,0.11715260630925228,0.10959285278767032
1.0908191045375306,1.070601945884518,-0.07640837802596767,-0.06691893147884091
1.1391373250379062,1.135045378909704,0.0483182205003756,0.03224506467001119
1.1658297542956955,1.1715029517593403,0.026692429257789252,0.013025537779137758
1.110630405827335,1.1143787793678364,-0.05519934846836039,-0.05946628032345044
1.227785900288981,1.2599943497061565,0.11715549446164597,0.11417636249658811
1.2678040887072493,1.264041061668093,0.04001818841826821,0.03293676535712375
1.1708871808491055,1.1266814873035036,-0.09691690785814377,-0.10077172941742081
1.1340818522021114,1.131034640842792,-0.03680532864699404,-0.04603328066331963
1.1392566378187006,1.1420390824198592,0.005174785616589128,-0.007439285130242295
1.2283601689342039,1.2340242965166275,0.08910353111550329,0.09807817798926657
1.1522173911775184,1.1819862473151406,-0.07614277775668543,-0.06570733149750588
1.1646377893657651,1.2016996324790539,0.012420398188246695,-0.008983125363050137
1.2417642085065532,1.1981958977607985,0.0771264191407881,0.05833351552079073
1.0677003371014493,1.0649532977089042,-0.17406387140510393,-0.18709472852652997
1.1040257606086143,1.1095094165892612,0.036325423507165056,0.03319498666693919
1.1755348860527097,1.181908861477008,0.07150912544409538,0.08610498763385334
1.1508207800645789,1.186879949690908,-0.02471410598813084,-0.02270162532329427
1.2039135144678783,1.2142447061751622,0.053092734403299424,0.05877015467335842
1.2648387878680545,1.2589296372344225,0.06092527340017617,0.06351972421535725
1.1817275919201888,1.1903083131503773,-0.08311119594786565,-0.08124958220898792
1.1363372241711727,1.1362371056873353,-0.04539036774901617,-0.050607112448405246
1.160489358085435,1.1708569736679568,0.024152133914262297,0.03153279953116734
1.1892538318349637,1.1565277430133254,0.02876447374952873,0.027248089342483784
1.0954926391765938,1.0954880180392659,-0.09376119265836991,-0.08684136916439818
1.1505692733703174,1.1263841115210336,0.05507663419372366,0.05498756465825721
1.1566979527233303,1.1573607586146737,0.006128679353012867,0.010566734851758639
1.107157080735348,1.1100414957065843,-0.049540871987982404,-0.04248181719761143
1.1017852260261025,1.13236699840498,-0.005371854709245394,0.00725401407335206
1.1163261724209865,1.1275750668454274,0.014540946394884013,0.015975698289283895
1.1893531841769547,1.1971196487050462,0.07302701175596815,0.07531519115379501
1.1934019277880459,1.1999349443777931,0.004048743611091199,0.011105924518220553
1.1310294478085807,1.1374219679649797,-0.062372479979465156,-0.07610458597893331
1.0951083072074392,1.0882269913359826,-0.03592114060114149,-0.023369541504630838
1.16510558671489,1.1691661759292233,0.06999727950745083,0.07353086994830059
1.0796682296845208,1.0705361214094198,-0.08543735703036925,-0.09212161760898106
1.1960271974590793,1.1937855455248918,0.11635896777455845,0.09473880186622373
1.201837190908345,1.1872405516033193,0.0058099934492656935,0.015549074800838919
1.1228225185305607,1.1403884791967809,-0.07901467237778426,-0.09555482570838231
1.1327852526932505,1.1670166095782408,0.00996273416268978,0.013481455581460914
1.124026411181346,1.1372473440100432,-0.008758841511904425,-0.0010287350950738058
1.2252221403165562,1.249109712669329,0.10119572913521013,0.10867726632859093
1.1589407977460242,1.1850770944093876,-0.06628134257053198,-0.04512146734627156
1.1635449333368144,1.1548916249001453,0.004604135590790204,0.006502124280094414
1.179409633953206,1.1620728794205766,0.01586470061639167,0.024450445985421593
1.2682258121691659,1.2646629348823506,0.08881617821595977,0.09654765001869968
1.2090642045323785,1.2095153578273379,-0.05916160763678735,-0.058919190701799115
1.1756435943970365,1.150737407393749,-0.03342061013534203,-0.05748569487597935
1.1251254858943416,1.1089615887394666,-0.05051810850269489,-0.061732724638375924
1.1954919461159412,1.1805760163244887,0.07036646022159965,0.07656815735585877
1.158384960457065,1.1655977236758115,-0.03710698565887616,-0.04756310675229976
1.1375532157620662,1.131080780239375,-0.02083174469499882,-0.03687780525589972
1.2777601292168774,1.2584458179517242,0.14020691345481118,0.13235004800855693
1.114029055011571,1.0978215207668522,-0.16373107420530641,-0.15708433259970822
1.0823220331223808,1.1457516201436664,-0.03170702188919017,-0.027770323409758584
1.1364405727342637,1.1459951960449277,0.05411853961188284,0.03666930298508427
1.217339813570887,1.2083532712295488,0.08089924083662337,0.07978178174752959
1.2269886215677626,1.2284497150619953,0.009648807996875508,0.008050982183201251
1.1947804979535435,1.1717452099734162,-0.0322081236142191,-0.038672456999513424
1.1506478509932054,1.1305731062192586,-0.04413264696033803,-0.05348025898727506
1.2630437269319914,1.222791749842608,0.11239587593878597,0.1294670458454232
1.255177038321417,1.2490860649784126,-0.00786668861057449,0.012901956654781159
1.1062676381088048,1.0887516403026916,-0.14890940021261212,-0.15858459549631757
1.170097509421087,1.1322424728671847,0.06382987131228224,0.07450562635802843
1.230364120499293,1.2652669118492004,0.06026661107820597,0.0821127502610504
1.1136751230664275,1.1246850048983326,-0.11668899743286554,-0.1144424941212132
1.1289934700976147,1.1243171210788367,0.015318347031187285,0.004227537787423383
1.2026594067924665,1.2052649826835071,0.07366593669485177,0.07275999590600889
1.1712473804285461,1.180846218556405,-0.031412026363920376,-0.024918631467094922
1.2291541378015745,1.253521039249232,0.057906757373028306,0.057579143583759575
1.0848021966918282,1.114624066901856,-0.14435194110974625,-0.15031863034547185
1.1157116061378716,1.1082089547638923,0.030909409446043368,0.03206157897356662
1.1707970624340016,1.1698905449603991,0.05508545629613004,0.06224270156237179
1.1030602228756832,1.076405414188871,-0.06773683955831844,-0.06410757788139046
1.1905686959053479,1.2068518113810227,0.08750847302966469,0.104009681009088
1.1683737121066546,1.1608708336501596,-0.022194983798693224,-0.015843889168294538
1.1347749822515105,1.1393690258092357,-0.033598729855144116,-0.03715027009790967
1.201970429822222,1.2406701569714964,0.0671954475707115,0.054765375735838125
1.1929000154328628,1.180450990786413,-0.009070414389359183,-0.01965714300167363
1.2405158079880512,1.2408430967970152,0.04761579255518833,0.058088081046739855
1.2271420924175236,1.1981626298376777,-0.013373715570527578,-0.012975357863488692
1.2416212520844037,1.2427194870788036,0.01447915966688007,0.00924059437633995
1.1425727923185818,1.1472093065349744,-0.09904845976582188,-0.08984899360503797
1.141192711674691,1.1532856991191367,-0.0013800806438908353,-0.00480544350213732
1.1331714744382761,1.148051501351763,-0.008021237236414791,0.018039309358545565
1.232895260305219,1.2513124194586602,0.09972378586694286,0.0967073088178564
1.0566501261960728,1.0547722808497026,-0.17624513410914622,-0.1686157555581209
1.139636784967411,1.1548200777063664,0.08298665877133815,0.07634522013269514
1.1788974226687383,1.2004291669889382,0.03926063770132737,0.04079630976935772
1.2621389260325546,1.2866605213129318,0.0832415033638163,0.08918065944071513
1.117218509145443,1.1587722725984795,-0.14492041688711166,-0.1531426866695827
1.1070854095214937,1.1480474443023727,-0.01013309962394926,-0.02208813025253703
1.1410584715990062,1.1411004415350823,0.033973062077512495,0.031253685552779575
1.1559123278024965,1.1818589451791424,0.014853856203490334,0.0013119571842726847
1.1388957060997442,1.131101974599434,-0.01701662170275231,-0.020986134268924914
1.2407241761309196,1.2170046883325245,0.10182847003117534,0.10373269358482552
1.252022621271976,1.277691127512907,0.01129844514105649,0.034074343258613596
1.0984569331580467,1.08687737986232,-0.15356568811392934,-0.16965897497656707
1.090768175422021,1.1153648488719539,-0.00768875773602562,-0.03006166389372705
1.1493450116667334,1.1453155249113347,0.05857683624471233,0.06440491227415636
1.1697908762999463,1.1959804541092998,0.02044586463321285,0.01019002218759687
1.1378207893688463,1.1078878036046143,-0.03197008693109993,-0.039054560480853234
1.2137166232338554,1.2234038948240604,0.07589583386500909,0.07498227305473547
1.1418128789377113,1.122883298913088,-0.0719037442961441,-0.0690108433692096
1.1934911488293463,1.2162468142334415,0.05167826989163493,0.05503029849320369
1.2152118022859202,1.2142307552368132,0.021720653456573924,0.039429405620462335
1.2937260207143764,1.2730673105777122,0.07851421842845618,0.0809518560045113
1.1811477492781621,1.197643450459961,-0.11257827143621424,-0.10721724283987413
1.2387786428564442,1.2540711609025863,0.057630893578282105,0.064060150503238
1.1962201049268664,1.197389785004515,-0.042558537929577867,-0.0671858551556694
1.2499365397000788,1.2477428500410497,0.05371643477321242,0.06376420965175145
1.21138288024888,1.2163398763328592,-0.03855365945119882,-0.04476831765119333
1.183202123258182,1.1742888557290667,-0.028180756990697997,-0.03782997172677544
1.1665169213262998,1.1761565968292185,-0.016685201931882165,-0.010451641882394119
1.1366810801596179,1.1236774855458969,-0.02983584116668192,-0.03195968009000497
1.1790824351870797,1.1981382099296007,0.042401355027461785,0.03616724832069939
1.1315249817723894,1.1519596486578259,-0.04755745341469031,-0.03741198323532387
1.2413131900983605,1.2325460847706429,0.10978820832597114,0.12415682713658861
1.1725177450288615,1.2261667725809557,-0.06879544506949897,-0.06640347650928674
1.1943908191857622,1.1794519106834995,0.02187307415690065,0.018197483247523155
1.1460286644674957,1.1803491516450788,-0.04836215471826644,-0.053843109091474835
1.1544579759974403,1.1453091117049632,0.008429311529944528,-0.004013726312215917
1.2339959994733651,1.2698120084723181,0.07953802347592487,0.08487882915044459
1.1362397652218321,1.1444984863531387,-0.09775623425153301,-0.0752180651327966
1.2148223022008375,1.2336582670193086,0.07858253697900541,0.08685779948775475
1.2563430869080374,1.2425253142816912,0.04152078470719989,0.034570911393575196
1.1929371389349783,1.2248848935728223,-0.0634059479730591,-0.07336077945874421
1.1337097922906723,1.1084018846907935,-0.05922734664430607,-0.07138745820927193
1.2001009140711931,1.232304861526867,0.06639112178052087,0.06492209763746545
1.0964798050468985,1.1041277510936662,-0.10362110902429467,-0.10177324669366886
1.22937039072671,1.215488900151019,0.1328905856798115,0.12720458945334046
1.154830937116543,1.200431473663917,-0.0745394536101669,-0.08038496948800451
1.2989147731492416,1.3201450389932827,0.1440838360326986,0.14959352561955022
1.2490400838026663,1.2402446432313627,-0.04987468934657535,-0.034425014347357466
1.1735226099875997,1.1842838660256991,-0.07551747381506657,-0.07150631758786764
1.1396477374919975,1.1383393478803447,-0.03387487249560217,-0.025972294893165153
1.204345840872918,1.1795576887444912,0.06469810338092041,0.057364266032865756
1.2649276504844333,1.264536014252378,0.06058180961151538,0.059331959891510605
1.1537395920643825,1.1454403541813953,-0.11118805842005086,-0.1004757790182917
1.1400413914615748,1.181327277706271,-0.013698200602807686,-0.009151786552267456
1.1794026537568523,1.1647951757132615,0.03936126229527748,0.043014446387426804
1.2317267023290688,1.258249397453048,0.05232404857221651,0.04953515147635742
1.2172230017878582,1.2132213786605535,-0.014503700541210529,-0.03828497232919005
1.2309733826106322,1.1930618198711525,0.013750380822773911,0.008265861999833873
1.2255708207953013,1.2142841363123371,-0.005402561815330831,-0.01347855101342951
1.1957748145032916,1.1924084874880554,-0.029796006292009736,-0.04471395408173691
1.2455423932766414,1.2064431894267538,0.04976757877334981,0.03841649786110257
1.2127660232964388,1.1922323069239948,-0.03277636998020261,-0.03157642200784098
1.233358414070028,1.2173920971332493,0.02059239077358921,0.008583787288354138
1.1915899622275494,1.207962535446576,-0.04176845184247857,-0.042368011552755394
1.3194211120068153,1.352392827312583,0.1278311497792659,0.1254751220320562
1.176680952166496,1.1830300415121782,-0.1427401598403193,-0.16497793488977866
1.1797465544364385,1.1544894998233013,0.003065602269942458,0.005921161163819565
1.1431324167361194,1.134646545654663,-0.03661413770031907,-0.037953720300619186
1.1737232925569143,1.1783979506147984,0.030590875820794894,0.026411473464127515
1.2249384056306944,1.1951859197837231,0.05121511307378013,0.04864402919065141
1.230394223091726,1.233975960526362,0.00545581746103152,0.0032071820848953757
1.2109672775453324,1.17284618377524,-0.01942694554639357,-0.004579951647729119
1.1386323680350012,1.1433498647923102,-0.07233490951033117,-0.07714788423181651
1.1711146535126469,1.1941242600532984,0.032482285477645645,0.018340834647555468
1.1650827427832602,1.2025521083529445,-0.006031910729386691,-0.013475647440877385
1.2760952081819998,1.2989766893911385,0.11101246539873966,0.13705945368042222
1.254672254589105,1.2658906063502877,-0.021422953592894922,-0.018771470545781755
1.1574954859973647,1.169604363756793,-0.09717676859174018,-0.1085820661521733
1.2740130226715456,1.2609726913550827,0.11651753667418085,0.11015712952671447
1.156951508956425,1.1162983921022596,-0.11706151371512052,-0.10647484687707436
1.1923091100238945,1.195811700976428,0.035357601067469435,0.02966862054498128
1.1558282703366012,1.164087967377889,-0.03648083968729332,-0.044381615815783204
1.1988528325624046,1.2105965964257892,0.04302456222580342,0.034301473442645516
1.223601288432864,1.2177905935460542,0.024748455870459374,0.020735497212729326
1.073489761735791,1.107523507057606,-0.15011152669707295,-0.1530460765545327
1.1896030940700575,1.203625889625263,0.11611333233426646,0.11701204321153495
1.132225052433932,1.1187753186826683,-0.05737804163612559,-0.05474707048616353
1.2210351150274843,1.2676823715391596,0.0888100625935524,0.08858833378873678
1.2140006092222968,1.2317897182329902,-0.0070345058051874965,0.0037953827689635733
1.2118753361865013,1.219601615693453,-0.002125273035795461,0.022131822049910533
1.2331838027962325,1.2427437000677481,0.02130846660973118,0.03046883355551016
1.1624711542659258,1.1780535726649761,-0.07071264853030668,-0.08596630814146716
1.1750803805017487,1.1660346018930448,0.012609226235822835,0.010188408875692122
1.1556924795327275,1.1347224228517594,-0.01938790096902121,-0.007643312447684635
1.1839627105319364,1.152522024949747,0.02827023099920889,0.0389796426700606
1.2947889241369923,1.3006316461929135,0.11082621360505596,0.10212567170434991
1.3055530191280522,1.313802475916048,0.010764094991059903,0.015427332550117266
1.2708823518802397,1.2874053966126868,-0.03467066724781254,-0.044660645451354425
1.1713243169282366,1.174396858467477,-0.0995580349520031,-0.09966406977922027
1.17285181264582,1.1721131360355026,0.0015274957175834825,-0.01039333342837075
1.185660905988008,1.1691677322665692,0.01280909334218805,-0.0036885775704015335
1.2906206205437556,1.2715592615008406,0.10495971455574749,0.11027570854192839
1.1463163080574295,1.1387609019478888,-0.14430431248632614,-0.11851877538146105
1.150587458002247,1.1340853554832087,0.004271149944817587,-0.006729078462170433
1.2275374939827912,1.2035926331931528,0.07695003598054417,0.06765100145023523
1.2461063480322374,1.2475272571369374,0.018568854049446193,0.026692525182397238
1.2505908514136963,1.266663695069629,0.004484503381458893,-0.000616280310854438
1.1869179257945566,1.1918519711092073,-0.06367292561913973,-0.06246624932415262
1.2274098645991727,1.2183990248253804,0.0404919388046161,0.03154093225382123
1.2547641013661925,1.260451478115499,0.02735423676701987,0.0011223176673590407
1.2605916676727116,1.2753600383421906,0.005827566306519039,0.014618163098746396
1.1959130325658902,1.239255619385409,-0.06467863510682137,-0.0694312101129685
1.2471333902657415,1.2262334639414352,0.05122035769985134,0.05097334034777655
1.1596291439217223,1.1435568300238774,-0.08750424634401921,-0.10035887830573055
1.219976284506941,1.2425896232097966,0.06034714058521873,0.03831309433738703
1.1358886220394275,1.1393233651569625,-0.08408766246751354,-0.088741680120156
1.2324467892709319,1.2368890834736517,0.09655816723150434,0.09946636975019403
1.2061159581853196,1.2190936995482209,-0.026330831085612294,-0.03464099868431853
1.1966660719344104,1.190791255834703,-0.009449886250909145,-0.02025533477045073
1.1942806446227012,1.1789987855253778,-0.0023854273117092095,0.016578095845015843
1.2042136448751737,1.2120571172370502,0.009933000252472457,0.02208194011161891
1.2312904747979958,1.2438601524129786,0.02707682992282212,0.019363576766000333
1.2684722595600184,1.2670882581890266,0.03718178476202261,0.03300668506167284
1.2098583852693248,1.2162542356477293,-0.058613874290693646,-0.03241280477109308
1.1779088393754298,1.1842264419378863,-0.03194954589389498,-0.029485893963578147
1.1746488403997077,1.1934644143610027,-0.003259998975722045,0.015763542332461675
1.2449684838260096,1.2298900182976016,0.07031964342630181,0.07850073606600737
1.2210054309317633,1.2380513106637505,-0.023963052894246273,-0.034823654440032686
1.1580316554518821,1.1346288355172873,-0.06297377547988114,-0.06812766567345115
1.300311338107734,1.3138371944315232,0.1422796826558519,0.14773506692515226
1.252481043056501,1.2497339365539826,-0.04783029505123304,-0.038175272113234474
1.2457034707835701,1.2560598519450297,-0.006777572272930854,-0.015188730514502688
1.2344613260694117,1.2229075025264853,-0.011242144714158409,-0.014399772925574008
1.2517030100643451,1.239877680734206,0.01724168399493342,0.016467338047947144
1.2533153265747425,1.2411684831382086,0.0016123165103973935,0.010249584724267166
1.258617930863077,1.2401718768964798,0.0053026042883344005,0.00983059007199271
1.1526983176929422,1.148651386791536,-0.10591961317013476,-0.08769841540006214
1.192475531891787,1.1886834392848165,0.039777214198844835,0.03633725881733218
1.2571570460934653,1.2967678434977405,0.06468151420167834,0.06112618222287524
1.204091405793762,1.2086061542769377,-0.0530656402997034,-0.07293058882527584
1.2518783839628211,1.2661248994719692,0.04778697816905919,0.06034264659781576
1.1861668657636049,1.168915536286032,-0.06571151819921628,-0.06584342574084875
1.272039492638927,1.2831104366594488,0.08587262687532204,0.06794635571375658
1.2812414591571974,1.3256322486392975,0.009201966518270543,0.01787926844962645
1.2355046341905493,1.2631389319115998,-0.045736824966648104,-0.0645203447391613
1.143982970118003,1.1522344106448723,-0.09152166407254625,-0.09374401097724583
1.2141947701919165,1.1897315869199259,0.07021180007391337,0.07202343444150626
1.1807546370157913,1.1858238452091823,-0.03344013317612515,-0.02757928386638938
1.1331547683777576,1.1568465438560342,-0.04759986863803367,-0.04552440597914644
1.2591119099367496,1.2613763594785328,0.12595714155899196,0.11858098636029553
1.2005578552613632,1.2010135562923232,-0.058554054675386435,-0.0645298266014529
1.1924940578770633,1.1775614652685704,-0.008063797384299853,-0.007908498126569472
1.250476691524983,1.287782846181217,0.05798263364791967,0.04553385509946609
1.27257843790043,1.2868476763483307,0.02210174637544693,0.014038950532486346
1.2743945916949107,1.2727908591167463,0.001816153794480746,0.005703509935441825
1.247908232431934,1.220954263697895,-0.02648635926297671,-0.025898602445721987
1.2811634251457862,1.2762785872174092,0.033255192713852244,0.028319966285561556
1.2935052842431325,1.30929614629848,0.012341859097346308,0.029105775928307553
1.1985277768777642,1.1802288573265292,-0.09497750736536825,-0.08987139062830592
1.2228824735554316,1.1849106985920197,0.02435469667766732,0.010788141853485842
1.294767350343712,1.2989064717243326,0.07188487678828048,0.07488295088168942
1.2410563969860988,1.2307028647189355,-0.05371095335761322,-0.05138244325882581
1.181411582846482,1.17541893570232,-0.059644814139616864,-0.049715386428466964
1.2022887305213708,1.2113869084841593,0.020877147674888796,0.03518341504186813
1.2121946103313104,1.2308572100747512,0.009905879809939622,0.009011366020069963
1.2083066719520588,1.2276592721539836,-0.00388793837925161,-0.011614354270643305
1.167455466832226,1.1708285984914366,-0.04085120511983287,-0.03290238762992632
1.1891264523864993,1.1738149917489564,0.02167098555427338,0.0366608917356471
1.1890813372267834,1.2008526423057493,-4.511515971583613e-05,-0.0013294000944049256
1.2606678717965365,1.2270991029070735,0.07158653456975306,0.06271942671229522
1.2207780683344578,1.2139453204702266,-0.03988980346207871,-0.044095941588587456
1.2812399325853518,1.2842751150887932,0.06046186425089406,0.04796172602853059
1.210590741102471,1.21865815038665,-0.07064919148288085,-0.07825056141673467
1.282392868274958,1.3115939753736523,0.07180212717248691,0.07209060873739218
1.177111560125015,1.1726281838247214,-0.10528130814994285,-0.1210127645248325
1.2271513440214086,1.2206798581268168,0.05003978389639352,0.052845106586948576
1.3108846480910001,1.3204340705155657,0.08373330406959156,0.09721055985895995
1.2964614522208913,1.2923656837282789,-0.014423195870108874,-0.012291417787869022
1.308155652780064,1.3177657844872157,0.011694200559172696,0.015568805330614293
1.2164128809576478,1.2323268570905146,-0.09174277182241619,-0.08329479243502916
1.210936771852815,1.2271318069914194,-0.00547610910483276,-0.003222449092319559
1.256524495389152,1.240421916844893,0.04558772353633689,0.0452208036462073
1.1996536343492148,1.206938165372862,-0.056870861039937104,-0.07226660661857837
1.2626267028009928,1.2792898513120141,0.06297306845177797,0.05836797809256293
1.2556201691495463,1.2279025720933667,-0.007006533651446434,0.0042811448669
1.183485625999094,1.2016066958991731,-0.07213454315045231,-0.08417888924719953
1.2456481996894797,1.20966771303771,0.06216257369038569,0.06139458008279653
1.214290332683303,1.2141762603699093,-0.03135786700617671,-0.023945400158648444
1.2958823488896878,1.2676446049082593,0.08159201620638479,0.08708590145454281
1.2854926936992104,1.287638851685068,-0.01038965519047741,-0.00561300130793198
1.1916801695739208,1.1900681513568003,-0.09381252412528962,-0.10774959508542044
1.3069216053935524,1.2982417739976782,0.11524143581963164,0.11581557462608254
1.2085890563034245,1.1926770202322545,-0.0983325490901279,-0.09395036586125695
1.2090386440621081,1.2183303759831692,0.000449587758683645,0.007303828905789005
1.2003299352456371,1.1878771112356727,-0.008708708816471011,-0.016287782557871923
1.26181916539679,1.2728379908503493,0.06148923015115293,0.06484904393261202
1.2701241063941253,1.2822841255648196,0.008304940997335253,0.014310032782191628
1.2497754542910724,1.2696136292499804,-0.020348652103052922,-0.013391282774332068
1.2055641773398647,1.1967830641644857,-0.044211276951207745,-0.05457861717508799
1.2666687802630585,1.2786864774331181,0.06110460292319386,0.07122396770447872
1.1691928811557122,1.1692572280128584,-0.09747589910734633,-0.10254826932158445
1.2643205106660789,1.212874624397244,0.09512762951036668,0.07771862752592557
1.2593579890159665,1.2939105260569836,-0.00496252165011235,0.004328473680326362
1.2545855620131234,1.2493333299870977,-0.004772427002843083,-0.0014265199735326493
1.336496791259015,1.3149175516872245,0.08191122924589167,0.07715935515894518
1.2224129839246418,1.2161699154956145,-0.11408380733437329,-0.07892058084339595
1.2883059035748938,1.2784687533469061,0.06589291965025201,0.06266610505211159
1.2523714687705276,1.2540232945042182,-0.0359344348043662,-0.04395991314529166
1.2504358920857581,1.2430584188832003,-0.0019355766847695133,-0.02060364024713125
1.256484840005085,1.238747989201582,0.006048947919326864,0.022282608732167856
1.30947105593875,1.2682720164352055,0.052986215933664926,0.06885751984697205
1.241926689700434,1.2517332815126907,-0.06754436623831594,-0.05600890896230049
1.24187982926916,1.215723349986777,-4.6860431273998415e-05,0.004040067759690371
1.1418511586928972,1.1427898914425278,-0.10002867057626275,-0.10195888907429333
1.2327028735086618,1.2403578918080262,0.0908517148157646,0.09980883186344774
1.3447694147342113,1.3685253211446702,0.11206654122554949,0.12105704021696304
1.27078436527648,1.260578465943007,-0.07398504945773121,-0.06543115245480605
1.2486061795707843,1.2581967953745823,-0.02217818570569574,-0.029153186908242062
1.2334508008535474,1.2484116592226806,-0.015155378717236934,-0.013687217292350808
1.2464407815306715,1.2201750113295313,0.012989980677124091,0.030083006052541526
1.2674745087161332,1.269110033717349,0.021033727185461704,0.020605097466489558
1.2036872459456476,1.2303701786359493,-0.06378726277048563,-0.05254864359898913
1.2990547447555691,1.2929431105464442,0.09536749880992157,0.0946118731734225
1.1801646457073058,1.170656131023541,-0.11889009904826331,-0.11425697639783428
1.2453685943252868,1.2438700349466827,0.06520394861798096,0.06265323520461426
1.2461631533695878,1.2242320232780277,0.0007945590443010353,0.002816227230214307
1.2599822889755725,1.2815215621554257,0.01381913560598469,-0.0059707315151962675
1.1931939048601916,1.2210290983694172,-0.0667883841153809,-0.07500764410640101
1.2720611893366756,1.2693955150524339,0.07886728447648395,0.07759388224737801
1.2324844883765544,1.2237825973692495,-0.039576700960121114,-0.04115289913775382
1.2906374416633568,1.2863025961108128,0.05815295328680237,0.05181024063465865
1.259573408494755,1.2486553765557502,-0.031064033168601846,-0.0489449983429763
1.2383240420110648,1.1954522033296773,-0.021249366483690135,-0.018065484859004
1.216954181408669,1.2161280461233808,-0.021369860602395763,-0.02260492230342156
1.267089497516823,1.2553670686373348,0.050135316108153916,0.05511914790079361
1.239684258327703,1.2107988343145166,-0.027405239189119968,-0.03301706830000296
1.2322243946101388,1.2337723363812834,-0.007459863717564241,-0.006530263784109228
1.2661765549598876,1.2551168972758928,0.033952160349748794,0.023591681453094634
1.2747113879427645,1.2556615335895975,0.008534832982876939,0.004523966328438803
1.2177099255710329,1.2230138367341505,-0.05700146237173165,-0.057704088065290426
1.292240412346318,1.2811161787195082,0.07453048677528518,0.06564291704901637
1.2925041962527533,1.3105278021691924,0.0002637839064352221,0.007933466676533496
1.269873531002186,1.2726965016130807,-0.022630665250567228,-0.0440172987129271
1.35039032861013,1.3371219541347976,0.08051679760794395,0.08165190728139342
1.249704139057972,1.260523171346832,-0.10068618955215802,-0.102453853163525
1.3050658360698597,1.311327979283279,0.055361697011887756,0.05082468831915826
1.293939248866732,1.2746917650630658,-0.011126587203127647,-0.010722880638573684
1.32589356842049,1.3275275765799364,0.03195431955375794,0.025311255156517658
1.2525585103801198,1.2468975211305635,-0.07333505804037022,-0.08092148788576053
1.279416083995082,1.274124742229226,0.026857573614962327,0.014257580509683274
1.1791337092703262,1.1558217836356888,-0.10028237472475587,-0.09177108372893275
1.2385433260060896,1.2445527361490263,0.05940961673576339,0.04760435576209773
1.2489435390034445,1.262896625120526,0.01040021299735483,0.006275412117788524
1.2909701616282345,1.25646016890716,0.042026622624790066,0.058571212464466366
1.1822004653020368,1.199859254823325,-0.1087696963261977,-0.11284912163085177
1.2823712454070568,1.281830385610578,0.10017078010502001,0.10317427287585815
1.320062105962197,1.2955357736692985,0.03769086055514026,0.03555277302447583
1.2798594059322428,1.2898250266157496,-0.0402027000299543,-0.05113422702804593
1.3129977326947893,1.3162851498839319,0.033138326762546466,0.042012439570453634
1.108801179987877,1.1162917037267266,-0.20419655270691228,-0.21004549578971002
1.3257595047308868,1.314283761819451,0.2169583247430098,0.21041610059282365
1.372668916768044,1.364947855069126,0.04690941203715715,0.04641301348728122
1.2107992082455528,1.258003365540326,-0.16186970852249116,-0.18033510449098583
1.3251912910070662,1.3165947582823665,0.11439208276151347,0.09591937117357179
1.3106728067050937,1.3056225713233776,-0.014518484301972556,-0.01602531306924592
1.2933344019793171,1.3169062034311878,-0.017338404725776524,-0.006461423553682949
1.2677999419191552,1.287466291629939,-0.025534460060161912,-0.025433632512412364
1.2516211441650067,1.2592675661447992,-0.016178797754148544,-0.016521549409822964
1.295964735900611,1.3123375414096181,0.044343591735604315,0.032446645037601925
1.2083594734226917,1.208499150979122,-0.08760526247791933,-0.1018999338958847
1.3313903915084027,1.3871698037772888,0.12303091808571098,0.12907221874612423
1.2876281427735494,1.301442276911268,-0.04376224873485324,-0.04854561068469254
1.2393154093882028,1.2586409783557628,-0.048312733385346585,-0.05349058991168933
1.2671220054750358,1.254411424548581,0.027806596086833002,0.0002161402647783868
1.1935293999206782,1.198276451986049,-0.07359260555435765,-0.0850981887961401
1.2977420559870907,1.316165815215612,0.1042126560664125,0.10235351859343123
1.2248913105924601,1.257762282979106,-0.07285074539463054,-0.06472243242229234
1.2623205661975543,1.2739438649933457,0.037429255605094136,0.03389148560751049
1.2917200428312279,1.2822425392910908,0.029399476633673594,0.039601445561502614
1.2807647152523909,1.300228840106004,-0.010955327578836993,0.0025405735623117154
1.2935207005036355,1.288556920469492,0.012755985251244661,0.02944044714112899
1.2760820886431457,1.2696970699193921,-0.017438611860489894,-0.021367964727489013
1.2621712160794696,1.2261639064416845,-0.013910872563676069,-0.03162156392196555
1.3555656175502033,1.3495650193189785,0.09339440147073375,0.09868670651112788
1.264552460163516,1.2476085321225103,-0.09101315738668725,-0.0856003717314554
1.304629755332295,1.314934533715597,0.04007729516877889,0.04799155566426026
1.2724603823136664,1.2360843439001974,-0.032169373018628544,-0.0357121313115011
1.2735439958317256,1.2582476528697821,0.00108361351805919,-0.011934003934838384
1.2213354209078435,1.2235690654197076,-0.05220857492388209,-0.04389697906113592
1.3575547339741287,1.3597063559855813,0.1362193130662852,0.11698247692389713
1.2869330264786711,1.2997634886264287,-0.0706217074954576,-0.08126629983918067
1.386832528513137,1.3839231124195808,0.09989950203446596,0.10243176561732807
1.2931801374146608,1.3098316305606814,-0.09365239109847634,-0.1103421371123004
1.2390271438724778,1.2216859075294768,-0.05415299354218295,-0.05155262542716484
1.2612702379992176,1.2713895261908912,0.02224309412673975,0.018428104361528412
1.338240940617156,1.3330102958418613,0.07697070261793848,0.06618830678251031
1.2085092270094664,1.2309310057276952,-0.12973171360768965,-0.10806320717380241
1.330774249074755,1.3635316029670288,0.12226502206528855,0.11814753676041591
1.2719657845510937,1.2516294637622902,-0.058808464523661286,-0.07039438013779624
1.2387856770266945,1.2340000527431085,-0.03318010752439915,-0.024306834941691353
1.35813536215712,1.40373106626111,0.11934968513042543,0.10026095966646016
1.3589860633267163,1.3546720486776105,0.0008507011695964017,-0.0037037542232934385
1.3132674443326224,1.278293912051592,-0.04571861899409391,-0.030349027818512647
1.3146490398934234,1.302687558544743,0.0013815955608009745,-0.008862182703791946
1.270298312538691,1.2958523599518064,-0.04435072735473233,-0.042778459430490655
1.2544303444821305,1.253454270021283,-0.015867968056560544,0.00107952797519607
1.262662796460939,1.280283866161936,0.008232451978808397,0.025321796819278423
1.2387117950262285,1.2291634263747233,-0.023951001434710406,-0.02560690164830427
1.3287378191061958,1.3589962977076122,0.09002602407996729,0.08845244789908917
1.3006864425543863,1.325895948941231,-0.02805137655180956,-0.03434196294373502
1.37233298234515,1.3762251538938248,0.07164653979076374,0.07180098997863237
1.3262553220967659,1.3032215614252851,-0.04607766024838411,-0.03226280120620997
1.3325336759481552,1.3317095250957902,0.006278353851389307,0.008503226795600305
1.257320202445439,1.2578283149595288,-0.07521347350271612,-0.06949512364564006
1.2661287109001957,1.2567297130779254,0.00880850845475667,0.016810901957352617
1.2487685753989413,1.2224031852905666,-0.01736013550125448,-0.012418339675469977
1.2625543274226847,1.2699584783073223,0.013785752023743436,0.018455194137722043
1.2909739290745557,1.3185956139305326,0.028419601651870963,0.02108724768072964
1.248096372770195,1.2671484380551108,-0.04287755630436063,-0.04764503162729875
1.31170372557619,1.2822699435753817,0.06360735280599505,0.07395413370033833
1.3418514863148037,1.3249695637942358,0.030147760738613583,0.03180832476799144
1.3094601624477618,1.2912326176297635,-0.03239132386704191,-0.022888017322211053
1.347838532658695,1.3429906168096137,0.038378370210933266,0.04967180351440663
1.3352236963436224,1.328711194808305,-0.012614836315072653,0.008467217758861972
1.3180790786468188,1.3474939216922432,-0.017144617696803532,-0.016827368563477125
1.3332103193978324,1.3169393391926214,0.015131240751013575,0.002022322324486089
1.2087395307103954,1.2005468649628772,-0.124470788687437,-0.12823390296546866
1.2625052900176883,1.2840147381062388,0.05376575930729288,0.04329161589298098
1.323833245428866,1.324745875569493,0.06132795541117764,0.07446694091154075
1.272865941677984,1.2628622664779408,-0.05096730375088199,-0.05417538975030135
1.3426550899131526,1.3253954840743003,0.06978914823516869,0.07679975366648967
1.2781051325681607,1.2756741027400325,-0.06454995734499192,-0.03539464595045469
1.2468591139454825,1.2567839455281757,-0.031246018622678173,-0.0503326992694593
1.2998803832444024,1.3076060608840425,0.053021269298919815,0.04486330531276092
1.1822950986193135,1.1745800473651662,-0.11758528462508888,-0.13171682533160117
1.3609933335324886,1.3793108900834798,0.17869823491317516,0.1817207538426378
1.3345599670313997,1.3500574359675501,-0.026433366501088962,-0.027994892816612195
1.224257036042261,1.2272374489580955,-0.11030293098913857,-0.10600293025738816
1.3872575091203658,1.3799179269277664,0.16300047307810472,0.16408595634091452
1.3370594035940124,1.3149302349632466,-0.0501981055263534,-0.05125983532529707
1.2241585974389277,1.207955548691181,-0.11290080615508469,-0.11095738825012019
1.2905777158898568,1.2974866479786915,0.06641911845092907,0.07569034423145282
1.221825894201509,1.2529147317300837,-0.06875182168834781,-0.06755060510116487
1.2893499328543758,1.2983927948104574,0.06752403865286682,0.05885371428048116
1.2418195502841292,1.2505097150036346,-0.047530382570246665,-0.04517170848807595
1.361844631437053,1.368034772360745,0.12002508115292376,0.13952779782420263
1.3156380727397,1.3095359556715758,-0.04620655869735302,-0.04587240630102118
1.3656793806859477,1.3290449663557389,0.05004130794624784,0.05283214389738633
1.3159842812620228,1.3214734386733433,-0.049695099423924916,-0.03962264815755198
1.2846838648367256,1.2750326044429456,-0.03130041642529724,-0.044161450333966325
1.4438457430262537,1.4458561263840457,0.1591618781895281,0.14100647039786646
1.259801623122003,1.2534776453213112,-0.18404411990425062,-0.17200626091983076
1.3341583771324423,1.3250814235968502,0.07435675401043929,0.05927852302505963
1.2990145449702086,1.2667003018202272,-0.03514383216223371,-0.02834745153147947
1.3123088254719009,1.3146956591714207,0.013294280501692235,0.013302774981262975
1.3155095387736213,1.337390640483394,0.003200713301720448,0.00047814608531225036
1.274423573389572,1.2515801820014893,-0.041085965384049405,-0.06346006777561236
1.3175698873641288,1.3604804705929845,0.04314631397455693,0.0511683628175361
1.2590856090907645,1.284845026282173,-0.05848427827336433,-0.06211134670681333
1.2595022648040026,1.2349976129007083,0.0004166557132381232,-0.00860482654713789
1.3714344543812655,1.3877163353266824,0.11193218957726292,0.1182826923251911
1.3201944011293052,1.3384005852225236,-0.05124005325196035,-0.05744073312397647
1.2841019979714172,1.3009022913846946,-0.036092403157887976,-0.04494946044891887
1.2876588425657038,1.2807200069406348,0.0035568445942866234,0.009859761488355313
1.2900276921421838,1.2870006940205294,0.002368849576479981,0.005373770475733564
1.2730747690153643,1.2796088301449169,-0.016952923126819508,9.113392815962226e-05
1.3546118010431067,1.3509531885120076,0.08153703202774243,0.09611852531900214
1.317257576534067,1.3111126534600575,-0.03735422450903969,-0.04643793437014429
1.2836916001796852,1.265006190667685,-0.033565976354381855,-0.010078628461475184
1.3461356476766306,1.3425693887986958,0.06244404749694543,0.0763958374410604
1.427223934363164,1.4665085892623737,0.08108828668653345,0.08035954763249784
1.3934024599512362,1.427625164437601,-0.03382147441192784,-0.038663925365723044
1.3338992897553796,1.3486911820900482,-0.0595031701958566,-0.0579068001435301
1.2995011700429488,1.263018865129408,-0.034398119712430786,-0.044435078677902536
1.2501727594847944,1.2441743616865648,-0.0493284105581544,-0.05534783200402512
1.3414803060527556,1.3448406732974816,0.09130754656796114,0.08721248340094816
1.4073447344168166,1.3849780959330213,0.06586442836406103,0.06470757880001461
1.3186229977585677,1.3021573223870502,-0.0887217366582489,-0.09272316807728612
1.2481301132387954,1.2662540635352648,-0.07049288451977231,-0.07985563293574058
1.310629549423733,1.3436129107481118,0.062499436184937585,0.0530724331547133
1.2692740523474666,1.2636030965257212,-0.0413554970762664,-0.03146318758619698
1.252172087166278,1.2733656665449744,-0.01710196518118856,-0.018014930640930408
1.3131555777730288,1.330053597974255,0.06098349060675079,0.08289910261759909
1.3135359650216596,1.3238098624266348,0.0003803872486307647,0.009103677781252166
1.178819993387562,1.1839034543659226,-0.13471597163409754,-0.14159545361300252
1.3697987139389762,1.3553254540977424,0.19097872055141418,0.18673998777079168
1.2749870078102687,1.2634311815915051,-0.09481170612870748,-0.10339788724129599
1.319692724289857,1.3566429867965841,0.04470571647958832,0.04484182867890906
1.2761222001214116,1.2396410847283355,-0.043570524168445424,-0.06009006553553521
1.3271366821069663,1.3251759308266027,0.051014481985554694,0.042606790197329415
1.2828728163507899,1.284443160507658,-0.04426386575617647,-0.02698371308572187
1.3404732051279,1.3392621682432537,0.057600388777110156,0.05458329940557185
1.3718518014985852,1.3994771861005497,0.031378596370685186,0.026736081305926925
1.3806283515222117,1.419137966294529,0.00877655002362654,0.005494917356667571
1.2886274306975427,1.2652065330795603,-0.09200092082466904,-0.09289196822389569
1.3575296166724817,1.3400153995689148,0.06890218597493902,0.08968200306805894
1.3127924985166382,1.2957397906095107,-0.04473711815584358,-0.03957243088201381
1.268217666572381,1.2974491236483936,-0.044574831944257154,-0.031390015768887856
1.2220469360289237,1.2250515318997932,-0.04617073054345733,-0.033969534267461125
1.3179123115966211,1.3177468866317668,0.09586537556769748,0.09694736637627031
1.3425270751835745,1.3266994223437238,0.02461476358695336,0.0174421775159216
1.3424605337132234,1.3660962613018206,-6.654147035112246e-05,0.010030819920333016
1.2441756951245493,1.2652663306270382,-0.0982848385886741,-0.1149689045796071
1.322082085959988,1.3165872692675893,0.07790639083543871,0.06911050560802343
1.3407775019552226,1.3357185370063853,0.01869541599523461,0.024676237009179494
1.3217487338415579,1.3180027189763037,-0.019028768113664718,-0.027260296017086114
1.315235887796328,1.2958320058417179,-0.0065128460452299475,-0.026355247278160663
1.297502411341182,1.3034457823368466,-0.017733476455146002,-0.016465713224941204
1.3433258355122681,1.3280428669847446,0.0458234241710862,0.04425473765558714
1.3324686156692163,1.3192103331512288,-0.01085721984305188,-0.00723058572038199
1.3068542820554878,1.323673604173346,-0.025614333613728446,-0.025331727716396912
1.309580641915268,1.3073514528382528,0.002726359859780203,0.023435345095942434
1.36385077135358,1.3338071280876753,0.05427012943831189,0.06340427542489434
1.3263443167334097,1.3356946718027076,-0.037506454620170215,-0.049196706470056854
1.4227874806448269,1.390672796278083,0.09644316391141716,0.10279205738737865
1.3706793846713963,1.371028735830137,-0.05210809597343058,-0.05573433925299205
1.34678809671291,1.381964590078918,-0.023891287958486274,-0.025476098407696223
1.3377342510038346,1.343137467258984,-0.009053845709075414,-0.017783422085451465
1.375494211381732,1.384584045126554,0.037759960377897306,0.029895823777880658
1.3519881394673618,1.3627273534398954,-0.02350607191437004,-0.0007032875700189074
1.336273455339112,1.3754931140837616,-0.015714684128249834,-0.02010140709417233
1.2932860947478122,1.3195581320994219,-0.04298736059129982,-0.05738940690337734
1.3160750161070194,1.3362508457454627,0.02278892135920718,0.028860806887770856
1.3767435634783118,1.3859761807963937,0.06066854737129246,0.04616782264069341
1.2676955856782266,1.2933912327554402,-0.10904797780008524,-0.10350834045601742
1.2764049834646816,1.2634081990684725,0.008709397786454964,0.019310591772120828
1.3528903442680797,1.3536050932219548,0.07648536080339818,0.07273887754481466
1.3751634579279495,1.387038089882027,0.022273113659869725,0.02893421535758953
1.3880675615756382,1.3802463645648262,0.01290410364768868,0.018854429997048745
1.3513324124470547,1.3278430699585582,-0.036735149128583444,-0.023330043586237907
1.3310058614843818,1.351431705736478,-0.020326550962672885,-0.011912334066965133
1.335894117623537,1.3303790086631198,0.004888256139155223,0.0058102520061222565
1.3122598887508683,1.3211944692346296,-0.02363422887266875,-0.009591535499299515
1.3439500426756585,1.3242242200889502,0.03169015392479024,0.016615405526343267
1.34238793853794,1.3506161731638968,-0.0015621041377185119,0.004689108096822639
1.3439989319904393,1.3832438425363458,0.0016109934524992653,-0.009539750697139127
1.4052039173228992,1.4221645381879136,0.06120498533245988,0.06946710091732533
1.359514702171407,1.3606311221317733,-0.04568921515149227,-0.02969424872705013
1.2862775715827977,1.2900752417392094,-0.07323713058860926,-0.08657768868955035
1.362617689235007,1.3364498427815947,0.07634011765220938,0.08143354546703471
1.3589756582947354,1.3990517051047526,-0.003642030940271601,-0.0057215151448760495
1.2459558766991272,1.2568626044013267,-0.11301978159560822,-0.10351105049299814
1.3559419191975124,1.3646502659632378,0.10998604249838517,0.10987862043015444
1.3248520437128475,1.306687711424723,-0.03108987548466491,-0.020923361594928504
1.3714271344686615,1.3808531387103893,0.04657509075581401,0.05688131448080603
1.3848114158340379,1.3981336248849296,0.013384281365376394,0.026745799358453875
1.3777278840812088,1.4000570613384435,-0.007083531752829053,0.002432930849558144
1.380173941546477,1.3674746797219353,0.00244605746526827,0.0003676543251301765
1.2835688096235163,1.2931549532250133,-0.09660513192296083,-0.09926039867297216
1.3406034523705874,1.3249567735792678,0.05703464274707115,0.057325875906626196
1.3489305194516188,1.3122275605219413,0.00832706708103137,0.009676226019836818
1.3091023987657542,1.267519139108287,-0.03982812068586461,-0.030225114304491985
1.319446196589671,1.2859001628464213,0.010343797823916923,0.017389319858957662
1.3367741052740414,1.3586117987856714,0.017327908684370286,0.023831092880112276
1.3915062162332679,1.3926141986993443,0.054732110959226477,0.06109562467406448
1.3152811933612785,1.3052766083775236,-0.0762250228719894,-0.07265869871708337
1.43119541810552,1.4093938873218494,0.11591422474424151,0.13049363353251656
1.3638638770517821,1.354803142821324,-0.06733154105373784,-0.05335307659165763
1.337169028949463,1.333302053635845,-0.026694848102319035,-0.021567074429689595
1.3800520507694838,1.382875998275938,0.042883021820020684,0.03885234236943109
1.3433328984303663,1.3252644548754255,-0.03671915233911749,-0.04903925182694683
1.355260248927063,1.4023010922387205,0.011927350496696798,-0.008101810719196245
1.3345533064713757,1.3636434082180575,-0.020706942455687383,-0.022114989307268205
1.2875657796738849,1.32183063480957,-0.04698752679749085,-0.04585275422936737
1.3673672820481433,1.3678830025182593,0.07980150237425843,0.05747490507247713
1.297752743621121,1.274344395851723,-0.06961453842702237,-0.06712305988106515
1.228080143752264,1.2122968266906156,-0.06967259986885699,-0.07466975091482013
1.2354600520211447,1.2556572836422766,0.007379908268880797,-0.0016221950588249726
1.2801798935277893,1.2841392885939324,0.04471984150664454,0.027524193470782988
1.3388524958046124,1.3415727458753346,0.05867260227682314,0.0623644139224701
1.3198162969098053,1.2703439424039196,-0.01903619889480712,0.0033686961377437756
1.3546473971916624,1.2944919632803749,0.0348311002818571,0.029067540181623663
1.365439886631466,1.3569064491329637,0.01079248943980371,0.0021475911251029774
1.3315640907151052,1.3480623009522614,-0.03387579591636092,-0.023588809211853665
1.3975775838595608,1.3993886767173112,0.06601349314445559,0.05697919729231491
1.3537002380259902,1.3796514301003897,-0.04387734583357061,-0.041403402775562294
1.3729807870655093,1.3772215637548895,0.019280549039519146,0.0241302512140218
1.3904984042476176,1.393803646482473,0.017517617182108314,0.021744276767796146
1.362811930583453,1.3490163514236715,-0.027686473664164657,-0.035803517144902666
1.3252063023700633,1.2923906331470671,-0.03760562821338964,-0.040280689230483245
1.3215197703022625,1.3305677627056334,-0.003686532067800785,-0.008356876509170389
1.296251324594618,1.2862038680021544,-0.025268445707644638,-0.037498244955130024
1.3231156045671477,1.3265796673001928,0.026864279972529825,0.032742963328698034
1.4025021805687898,1.4049962343818245,0.07938657600164212,0.07902231277305276
1.3336843582211546,1.3588662748759657,-0.06881782234763523,-0.06231542120081837
1.3589630561651513,1.356212717397909,0.02527869794399673,0.0159648810700711
1.3112313010457575,1.2992902351162863,-0.04773175511939387,-0.03816151587774516
1.2942793633965823,1.273591408565526,-0.01695193764917513,-0.006056690949320799
1.272648445316302,1.2591792363305836,-0.02163091808028028,-0.04450907745441193
1.3865110861597039,1.3638796152816313,0.11386264084340181,0.1269116182478053
1.3685780876613713,1.3780757657197749,-0.01793299849833252,-0.023077786248341142
1.341384800937866,1.3124590355382693,-0.027193286723505405,-0.030488918281769556
1.2927790541164852,1.2957892392353438,-0.048605746821380746,-0.04889438226554746
1.4090211618926192,1.4136497023240022,0.11624210777613397,0.11394531590760545
1.378088754490395,1.3784484777319694,-0.030932407402224138,-0.024398232175645178
1.3388714328353848,1.31750052242066,-0.03921732165501024,-0.04122613893528506
1.3538167322919772,1.3736963489173506,0.014945299456592398,0.01636540573654178
1.3974301536506282,1.4133611242926232,0.04361342135865098,0.04054318304211267
1.3334630645173717,1.3273370393507962,-0.06396708913325644,-0.05718318611610012
1.3480707331392545,1.3518518679103675,0.014607668621882786,0.025207664616960543
1.4276902763201138,1.3924148210147436,0.07961954318085929,0.06332378962429187
1.256510343174164,1.259074341558795,-0.17117993314594981,-0.15935884290679014
1.3677210018737929,1.3680380506778744,0.11121065869962887,0.12012429789822095
1.422863207217081,1.4304809129965865,0.055142205343288175,0.06251867077308362
1.4325770799874051,1.4474503975962119,0.009713872770324095,0.03082825843513212
1.3830963076906382,1.3738471673740893,-0.04948077229676695,-0.037560132941881125
1.4140523981410058,1.4517408064527637,0.030956090450367624,0.03867087675017453
1.421854060054851,1.4237121773928951,0.007801661913845237,0.013048275376742437
1.3565124849127541,1.360579414018391,-0.06534157514209693,-0.06584314677312421
1.370600163781701,1.36496727210598,0.014087678868946796,0.013774089928562458
1.32180111218343,1.3257645622032406,-0.048799051598270804,-0.05683080639760463
1.401713558715659,1.3706374392306477,0.07991244653222895,0.09779959733516866
1.3839920308127376,1.4109389042695204,-0.017721527902921475,-0.03079353644662691
1.3394892054426464,1.3287555038007455,-0.044502825370091204,-0.04824647752590625
1.35947627432885,1.3782970928351748,0.019987068886203607,0.017617352643451836
1.4169517637449902,1.4258631759576037,0.057475489416140224,0.048409378121249416
1.3075972896617212,1.2803703046064452,-0.10935447408326904,-0.11700285219880664
1.310673748247822,1.3029355372478557,0.0030764585861007276,-0.0042625587222468045
1.384574018633041,1.3675470674345995,0.07390027038521918,0.06882381007453502
1.4245679409707575,1.4350289513986145,0.03999392233771637,0.0463599504773228
1.4335224812323866,1.4342729738883495,0.008954540261629118,-0.0018313069347823535
1.414955575300363,1.424221429964204,-0.01856690593202348,-0.022055972823317515
1.347682530580268,1.3551576204405873,-0.0672730447200951,-0.07175126425976486
1.4985616745574633,1.518487785202175,0.15087914397719526,0.14845450975965155
1.403590741464447,1.4156119928973079,-0.09497093309301619,-0.08564415082475851
1.3802377540820203,1.3620632755719004,-0.02335298738242675,-0.007540446609724159
1.3408065103691582,1.3681743184623416,-0.03943124371286211,-0.016288366687755386
1.3907119066214806,1.4041689923427534,0.049905396252322376,0.04664980049658622
1.4259084693954955,1.41061384116848,0.03519656277401495,0.04948315715415614
1.3995408715634978,1.3519464286231953,-0.026367597831997713,-0.03256510849986941
1.3438246076128297,1.2954982474858818,-0.05571626395066809,-0.061979611486515956
1.311470354211325,1.2744830199748756,-0.03235425340150466,-0.036098084223309346
1.3802971764495586,1.393554568009661,0.06882682223823355,0.06653229458490112
1.3846711261708402,1.4203768653537185,0.004373949721281578,-0.012255594649561549
1.3689619468803067,1.336352433116004,-0.015709179290533504,-0.027995044885499993
1.450447139705465,1.4648401305831662,0.08148519282515831,0.0702529071940443
1.335627946220593,1.3523404977193008,-0.1148191934848719,-0.10947015256393898
1.409062766135999,1.4146753832080508,0.07343481991540579,0.07304930111572659
1.425167758277214,1.4661878652826386,0.01610499214121508,0.024177677442816625
1.415859688528132,1.4438533499140294,-0.009308069749081938,-0.016393161275038676
1.4397664140532558,1.4312791176321118,0.02390672552512374,0.026543747720464764
1.3318714329092871,1.337483769877823,-0.10789498114396867,-0.10367524597168623
1.311712577056492,1.3038307623722576,-0.0201588558527952,-0.032254312775881686
1.4079318900387943,1.3994101033746251,0.09621931298230235,0.10730904631906828
1.3927519278218505,1.40737915879077,-0.015179962216943732,-0.0030238006016964757
1.4069774599966214,1.4323329414329116,0.01422553217477085,0.003159165526995184
1.2340094572243305,1.2193665324652403,-0.17296800277229085,-0.1924454510595332
1.4472183367524154,1.4419229741367852,0.21320887952808487,0.21977007122610132
1.4410397650366098,1.4447306696571225,-0.006178571715805603,-0.004926057529031011
1.3766284751954407,1.36402294725708,-0.06441128984116906,-0.07203671436654946
1.3600669967200827,1.3767808254637122,-0.01656147847535805,-0.02826984826512391
1.3040850918867102,1.2760195540602992,-0.05598190483337251,-0.03794239707106074
1.3374576812458558,1.3269526836657557,0.033372589359145666,0.0335341831708333
1.3975251227856593,1.3579895350429043,0.06006744153980348,0.04318506893941521
1.3681763527513178,1.353523091769923,-0.029348770034341554,-0.011036070431283712
1.3381618103127884,1.3505984024220317,-0.030014542438529412,-0.03658841722133259
1.4204926347007412,1.3977277771570857,0.0823308243879528,0.08076002375263146
1.376829333178644,1.3616466609404472,-0.043663301522097075,-0.05402410135050892
1.3459677072142957,1.3622788798267895,-0.030861625964348383,-0.028813986881865747
1.355854457824389,1.3298044122681774,0.009886750610093253,0.005191561316067978
1.449641541467785,1.4642689124987396,0.09378708364339605,0.09352375777166261
1.3521001184227657,1.3519193364032485,-0.09754142304501934,-0.0884997567400106
1.304033902501699,1.2984953973296238,-0.048066215921066746,-0.06509936485036763
1.3290423812416348,1.3170529549272025,0.025008478739935835,0.021296880668297415
1.3963874307287705,1.3893776375442093,0.06734504948713571,0.0650882105522069
1.3849376769827848,1.3897510411351643,-0.011449753745985669,-0.013534949613235443
1.397168207093518,1.3826619181593545,0.012230530110733273,0.020312727644040754
1.3999848948479092,1.4131418053508318,0.002816687754391145,-0.0010870211150078453
1.4303247708489528,1.4529456251520871,0.030339876001043597,0.033179309147939706
1.4521216835162578,1.447226200132159,0.02179691266730499,0.04049822931046884
1.332286784670906,1.2801698025258323,-0.1198348988453517,-0.12369947365345718
1.4673752745502853,1.4620429560657462,0.13508848987937916,0.11978383423124817
1.3241316103035323,1.297468446201283,-0.14324366424675294,-0.16048372868601274
1.4899867995370843,1.501623690354509,0.16585518923355203,0.15420271225220175
1.4603051187205622,1.4577600131357167,-0.029681680816522116,-0.040956823666825626
1.3543468621423576,1.361384583566976,-0.10595825657820468,-0.11721068258355094
1.3544208842737768,1.3637981505652086,7.402213141927128e-05,0.00410709632253802
1.3054356717759312,1.3194529441718332,-0.0489852124978456,-0.059719786719875066
1.5119038150583135,1.5109718547917022,0.20646814328238228,0.2198964572722729
1.4824394353969774,1.4728890089742506,-0.029464379661336082,-0.017669293568107567
1.393649219034111,1.4070393883038401,-0.08879021636286644,-0.09047468729089286
1.3476792215704476,1.3744900869009402,-0.04596999746366337,-0.04764443447759456
1.316674188833946,1.2790330987198526,-0.03100503273650168,-0.03548778571254287
1.4123155952219775,1.4362563786072582,0.09564140638803154,0.08252346278831339
1.4438365250593779,1.4182471948917934,0.0315209298374004,0.04666573999494081
1.444655591542672,1.4634332184263503,0.0008190664832941064,-0.011845651830159239
1.3815886157015356,1.3784963327702813,-0.06306697584113641,-0.0607137726491326
1.429281934646168,1.4392255117885864,0.04769331894463247,0.03808832051330107
1.4141851844660944,1.3900403775412031,-0.015096750180073615,-0.011329794239593936
1.3090322469254376,1.3186069994938932,-0.1051529375406568,-0.10602320780433534
1.4596993509578131,1.4813211231883714,0.1506671040323755,0.1532784846529183
1.3937276934934861,1.4129029727291442,-0.06597165746432698,-0.06808026010284528
1.479243457186907,1.467909909758567,0.08551576369342095,0.07806617193886214
1.33740990506962,1.3327446680198611,-0.1418335521172871,-0.13424388357704692
1.352957984319637,1.3457964926417738,0.01554807925001711,0.030668907011865525
1.3380136925201125,1.337592409847591,-0.014944291799524612,-0.014973122602648683
1.3678681487582576,1.3660087225730095,0.02985445623814509,0.045518831236193866
1.4131239040257426,1.4065104785313298,0.04525575526748504,0.04327568136896845
1.3098518352308464,1.3165671043358262,-0.10327206879489625,-0.11947175537113267
1.3531559858984896,1.334674067830889,0.04330415066764326,0.026525158969850623
1.3473699782497073,1.36673878702639,-0.005786007648782343,-0.008947110872025554
1.3263986983268143,1.316088573810683,-0.020971279922892938,-0.02417316453699659
1.3413554466337338,1.3274296136851746,0.01495674830691951,0.012439889867360906
1.4209694581743022,1.4357478603727296,0.07961401154056835,0.06671284817651783
1.3468170110992086,1.3515070768811215,-0.07415244707509361,-0.06614493177593869
1.424941860382459,1.4479552496312253,0.07812484928325047,0.08096058188240715
1.4028178147235417,1.4003780348909787,-0.022124045658917346,-0.04131361575293311
1.477967421218625,1.4844604118754066,0.07514960649508318,0.0711491054796777
1.3698112619335787,1.3645201867357502,-0.10815615928504618,-0.10556722304500614
1.4271717204110033,1.4148042011103459,0.05736045847742455,0.05179765012785769
1.4166741701456163,1.453356908481013,-0.010497550265387012,-0.015041140378032955
1.3662631167204489,1.371234742210716,-0.050411053425167385,-0.032219204721164435
1.3033616885011132,1.2820276101729955,-0.06290142821933564,-0.0635100760333874
1.3384732372854788,1.3371593727382198,0.03511154878436562,0.04021022245465353
1.3507745712410304,1.3548347907663951,0.012301333955551552,0.0006216519133797442
1.4665012555363752,1.4472434433458807,0.11572668429534483,0.12478920278538108
1.4800704227848795,1.4842983667922554,0.013569167248504321,0.02190067333517547
1.3020220520830936,1.284696341421466,-0.17804837070178592,-0.17123028555817515
1.3941433691464753,1.3701641293486577,0.09212131706338167,0.08260148618192065
1.3569656053778916,1.333840340815683,-0.03717776376858373,-0.0342351489425426
1.3375820147073503,1.3199769594777122,-0.019383590670541295,-0.017349116885112304
1.463126494082124,1.475505465915648,0.12554447937477375,0.1232490853688682
1.464069822349523,1.4480103878568398,0.0009433282673989574,0.0027218972274058607
1.329943841633198,1.3040325250465206,-0.1341259807163251,-0.14078417090445572
1.3986437328554426,1.3837745875392449,0.06869989122224474,0.08397810668765551
1.424702093700223,1.4361878275078632,0.026058360844780415,0.00787823182003915
1.4024383414140347,1.374728971727393,-0.022263752286188376,-0.017518123060785363
1.3927066365411984,1.4003026046648956,-0.009731704872836255,0.012927435025534485
1.3436675099631636,1.3493287614298979,-0.049039126578034775,-0.04967721256079403
1.4320445061911375,1.44441762021617,0.0883769962279739,0.07987081130599266
1.444677352768594,1.4741245215840046,0.012632846577456558,0.0019067267322024576
1.3685674942612085,1.4039833705429396,-0.07610985850738561,-0.06500606560776535
1.2411933633270347,1.2292024707233982,-0.12737413093417382,-0.11815374579959304
1.3994169399437058,1.355459557285219,0.15822357661667108,0.14687307588580023
1.353741936760523,1.3342462654581426,-0.04567500318318274,-0.03288305373553695
1.3934060466364249,1.428548614436846,0.039664109875901854,0.03697929219332159
1.4437876090209096,1.453365697461085,0.05038156238448477,0.042221485948962426
1.3658534178911175,1.3672340656555961,-0.07793419112979216,-0.07310752275083296
1.415294366087547,1.409152835663586,0.049440948196429524,0.06160554276486594
1.3459479040583364,1.3571870911719546,-0.06934646202921058,-0.06928892030124513
1.5153960745694424,1.5163025047795322,0.16944817051110594,0.1675512137056331
1.304034676062316,1.3450740187209704,-0.21136139850712632,-0.21164406245092507
1.4160480017904522,1.4073836694842246,0.11201332572813616,0.1200604893400151
1.4403821730542006,1.4575386470779135,0.024334171263748372,0.024757294973289302
1.5302397479807253,1.5231027217369588,0.08985757492652469,0.08653331932023905
1.402162005976811,1.3885537070998466,-0.1280777420039143,-0.13377369185348115
1.3208626097288612,1.3364973905911042,-0.0812993962479498,-0.07977861647104269
1.425369300287787,1.403028702505375,0.10450669055892581,0.10466972097767487
1.4689683185351874,1.4880312935759008,0.04359901824740042,0.07010887499272704
1.4328262474174858,1.4279075456983732,-0.036142071117701624,-0.03486874442081026
1.4408946121182655,1.4582628015192591,0.008068364700779762,0.01637964743564326
1.3076594017427488,1.3540460441092166,-0.13323521037551678,-0.1359803648352331
1.3842560176038945,1.3964407670515029,0.07659661586114574,0.075879878479985
1.3591984827882615,1.3774353914792146,-0.025057534815632998,-0.03316353112385196
1.3803201125155573,1.3716367532230673,0.02112162972729581,0.027215582413494387
1.4227344073641446,1.4495877720600325,0.042414294848587275,0.04699980000447918
1.3931441871872245,1.4289667967360002,-0.029590220176920035,-0.0264783072085236
1.4257562065030842,1.4131357015786212,0.032612019315859664,0.03623283953855653
1.4343684518114925,1.4458810162109288,0.008612245308408317,0.025322179913674053
1.3994332019308309,1.4132365076313766,-0.034935249880661656,-0.026416732053507926
1.3644673403256526,1.3793526508517155,-0.03496586160517823,-0.02849032290774367
1.4036041518093911,1.4140127717015216,0.03913681148373849,0.03481225908922858
1.4102056464730894,1.3710679930129783,0.006601494663698304,0.009464045321464004
1.4729121038092894,1.489425336931388,0.06270645733619995,0.07264810042192717
1.4750155640012486,1.4642697889678042,0.0021034601919591722,-0.009233519231597544
1.413963946751496,1.3956581801524053,-0.06105161724975261,-0.05067112024364407
1.460899073975366,1.4727183845719156,0.046935127223870055,0.05074087301549689
1.3606734085854482,1.3421318321238371,-0.10022566538991784,-0.08892328410656634
1.365808931179633,1.3805366359300721,0.005135522594184927,0.0087749124065018
1.464860985863099,1.471403421336183,0.0990520546834659,0.10173852724018832
1.419737207485008,1.4205209170431499,-0.045123778378090895,-0.04406067264573425
1.3453639098484302,1.3600065033636541,-0.07437329763657785,-0.0721213267216393
1.3845989216914436,1.383955704783617,0.03923501184301337,0.04526653061272663
1.4347810786322501,1.428908914871272,0.05018215694080652,0.06090346536706938
1.4596229394996485,1.4734491380555694,0.02484186086739837,0.033916548874969296
1.396627392415091,1.4442683185389735,-0.06299554708455757,-0.06117891894271075
1.4125799552993172,1.4183958752386432,0.015952562884226307,-0.0001781553915567967
1.4048695876697874,1.4092649126854042,-0.007710367629529813,-0.0008078920298574153
1.4661320362439594,1.4572647770756206,0.06126244857417196,0.05179658452602855
1.3882969746142189,1.3743650402682175,-0.07783506162974052,-0.08186459881307595
1.455690882394557,1.4504933927012518,0.06739390778033805,0.058798554597238116
1.407188340687288,1.3735458195381665,-0.048502541707268865,-0.03957615057027897
1.3444683336722685,1.3703602872389014,-0.06272000701501956,-0.05779411157777039
1.5109416009336978,1.4869388875643874,0.1664732672614293,0.16505656291396742
1.5441306096614602,1.571218537473473,0.033189008727762426,0.04804751708582114
1.4630059956626171,1.4725374952425367,-0.08112461399884308,-0.09357359355983405
1.4083768337731268,1.3949633226240752,-0.054629161889490296,-0.057076591705233964
1.4759785333579551,1.5064366077197953,0.06760169958482831,0.0727200239406315
1.357606869770002,1.3812987851902532,-0.11837166358795326,-0.12807856481203994
1.5184113255031149,1.52478836197382,0.16080445573311297,0.16345512117102612
1.395301577742722,1.3978163776358652,-0.12310974776039285,-0.13452858399312342
1.457381740210617,1.4522340219103,0.06208016246789505,0.05449602152521892
1.3873119903306783,1.386458232991144,-0.07006974987993875,-0.08120438345523948
1.4107852509037342,1.432911070358635,0.023473260573055876,0.021683863987660177
1.424360721855513,1.4257178865180726,0.0135754709517788,0.0041726454189216985
1.3601614799814896,1.3239447893006864,-0.06419924187402337,-0.06693629003695431
1.4026542619525553,1.3957315912177568,0.04249278197106565,0.04314334749548998
1.4207289379981647,1.4030228329027803,0.018074676045609417,0.011813736908525982
1.348401072496326,1.3214475119353966,-0.07232786550183867,-0.06400092198876732
1.4521732920142059,1.4685184302979832,0.10377221951787985,0.08464616704813618
1.446473144977956,1.4377745776180129,-0.005700147036249881,-0.006158385944571086
1.4068422549322694,1.421572294946209,-0.03963089004568654,-0.038857504257772034
1.47947418195284,1.4659299865946087,0.07263192702057064,0.055653557297384054
1.3542170479337587,1.375716200369255,-0.12525713401908134,-0.1258372095621674
1.440904334231322,1.4578656783239308,0.08668728629756317,0.07816159664824969
1.3594062104521225,1.358205647930509,-0.0814981237791994,-0.08609071469105206
1.371900959819512,1.3864199267304054,0.01249474936738948,-0.018019151876842485
1.3819631134790085,1.365632976567068,0.010062153659496476,-0.004516994591727493
1.5039341871736316,1.5160423368583575,0.12197107369462312,0.10463575561129798
1.4885511941488974,1.4764204666343155,-0.015382993024734226,-0.02428094503243851
1.4356997151715816,1.3977464304444742,-0.05285147897731579,-0.055301040084425816
1.473790477854405,1.5033693754116288,0.03809076268282352,0.03235368485593793
1.3789169336437634,1.3795202114521619,-0.09487354421064165,-0.07330583472281407
1.45692941025724,1.472201411374425,0.07801247661347666,0.07539067196795074
1.3912923330783526,1.4382301344891555,-0.06563707717888745,-0.06398721376181146
1.4277409344649548,1.4424485858849463,0.03644860138660211,0.03180891373598427
1.4196251864937421,1.4031673109996514,-0.008115747971212617,-0.007755813653922539
1.4145014689452977,1.412249649760281,-0.005123717548444429,-0.022391185296064393
1.5365975544141877,1.5566292849301047,0.12209608546888995,0.12148658043764872
1.4148341891065623,1.3851138143311335,-0.12176336530762533,-0.11123838671942544
1.5231129391005798,1.5273326535666112,0.10827874999401743,0.11719817291149044
1.5202841435464993,1.5118124508514117,-0.0028287955540804433,0.015682467537916727
1.3613185093275812,1.348820991212302,-0.15896563421891807,-0.16487143828840078
1.390584005383107,1.3756460051805932,0.02926549605552564,0.04067344926942084
1.4554694032745084,1.447712305575808,0.06488539789140146,0.07371351818330042
1.4186677755835502,1.4061671925171135,-0.03680162769095818,-0.03382866694078138
1.4746957684248223,1.4688262187299181,0.056027992841272134,0.05058800734519822
1.4856780190612393,1.5018087001763358,0.010982250636417001,0.017926933049233238
1.4122943515553292,1.3930125704334486,-0.07338366750591008,-0.07812886980829777
1.4068751225009537,1.401827929516224,-0.0054192290543755295,-0.013990402566765748
1.4625232722077492,1.4157497266416832,0.05564814970679555,0.060161584425356816
1.4061211125747806,1.423813487864991,-0.056402159632968685,-0.0580258725998552
1.3407471132952915,1.3683090745483721,-0.06537399927948906,-0.05060235745461423
1.5003710926662606,1.5164891701638894,0.15962397937096906,0.16158969066261758
1.5175614703712317,1.4991591223963285,0.017190377704971116,0.0050094827152858245
1.3658590499354286,1.3839349819185136,-0.15170242043580306,-0.1482957816306399
1.461769521558749,1.4377841121846444,0.09591047162332034,0.09250458972474591
1.4376160889082565,1.458831193223896,-0.024153432650492412,-0.02072158943663836
1.4674255261179032,1.4607123258297539,0.029809437209646683,0.019355983624140198
1.465632438896504,1.5030114556321044,-0.0017930872213991478,-0.00864302847647814
1.3958826563695725,1.3984622152213162,-0.06974978252693154,-0.07961689880409718
1.381712321150786,1.3556247252369031,-0.014170335218786523,0.004645456877575057
1.4208362835290118,1.4236893265475679,0.039123962378225796,0.04680077834516344
1.4487769009996712,1.4530594970089041,0.027940617470659346,0.029884187689725856
1.3763604166314922,1.3710164771407056,-0.07241648436817893,-0.058962973931534914
1.4089209920943067,1.4327507414193796,0.032560575462814434,0.030775899723842714
1.452727020129033,1.466911841052,0.04380602803472633,0.02919912676973387
1.3719511188765445,1.383614032750089,-0.08077590125248846,-0.09299824896185496
1.4867353045962268,1.5393661019963065,0.1147841857196823,0.11112619043819813
1.4544638270444574,1.4327135937188438,-0.0322714775517694,-0.02641656445565807
1.4453279766332956,1.4046523138206906,-0.009135850411161828,-0.0029958227937475776
1.3849990695770322,1.3752234821413427,-0.06032890705626337,-0.06154560373281614
1.4672335575403492,1.5017359997871642,0.082234487963317,0.06770464710721232
1.551310094792186,1.5444055921471278,0.08407653725183684,0.07114195640376016
1.4274053699088254,1.4341532921823557,-0.12390472488336068,-0.11819825044845106
1.461563287943443,1.4932309746190164,0.03415791803461765,0.041343972731352346
1.3916903732294106,1.3636244029091251,-0.06987291471403245,-0.07284827842689223
1.426590656719771,1.4444516648512673,0.03490028349036045,0.03353305756683584
1.4403399871344975,1.4491557507327268,0.01374933041472648,-0.004074721936577735
1.3212607411564972,1.341117919323011,-0.11907924597800035,-0.13391192943888316
1.459048339586178,1.4353261873975305,0.1377875984296808,0.11896445613379238
1.3844876689397827,1.3637618203694573,-0.07456067064639527,-0.0796860533538457
1.3670862762051537,1.365767899141196,-0.01740139273462904,-0.0016922253022475485
1.3188533328460286,1.3165361212215214,-0.04823294335912509,-0.05816140370126213
1.4240630048079013,1.3999347230497279,0.1052096719618727,0.10589036536957813
1.4937539840826295,1.4746619199548832,0.06969097927472823,0.08631438125494739
1.5465404068232056,1.554763581962861,0.0527864227405761,0.061670348185850245
1.4405391922549928,1.4255160989538884,-0.10600121456821276,-0.10168596257071709
1.4997360557284682,1.5061585061282416,0.059196863473475414,0.029665351416461774
1.3981779415037041,1.411940463803605,-0.10155811422476413,-0.1010116990343733
1.4737478337591732,1.4763337508886434,0.07556989225546906,0.06606590180977322
1.4522207775729559,1.4803807793905264,-0.021527056186217308,-0.012688299450879719
1.5468314536443133,1.5469471429363397,0.09461067607135742,0.08029435287014033
1.4531161277601463,1.4553869064599276,-0.09371532588416698,-0.08310611134441731
1.5347834128820197,1.5607999855117607,0.08166728512187338,0.08175884589343738
1.395582894065821,1.395994098679757,-0.13920051881619866,-0.13069443048452198
1.4357494121238847,1.4518790906947912,0.040166518058063705,0.02539768314555152
1.361146500381319,1.3515802631751894,-0.07460291174256573,-0.06870919825285986
1.507316650757407,1.4823617949157382,0.14617015037608794,0.16001969256393087
1.4439449098415507,1.4686330858582772,-0.06337174091585629,-0.06701104478028941
1.4221477128229851,1.421682965804217,-0.02179719701856553,-0.028529505041621137
1.5249625155504247,1.5277069857238683,0.10281480272743959,0.08452565798157397
1.4983532019553145,1.4860957569989626,-0.026609313595110207,-0.03279186261657989
1.495762325557413,1.5012484069450605,-0.0025908763979014537,0.01324643874065256
1.4681216420509715,1.4928344428429579,-0.027640683506441555,-0.027680985488926946
1.4516565920080837,1.436571773237494,-0.016465050042887786,-0.020755835545647503
1.51219994384844,1.52874781190444,0.0605433518403562,0.04292433225553646
1.5052541352930175,1.518559731884959,-0.0069458085554223725,0.00961129531029939
1.4418243877257577,1.467432799377742,-0.06342974756725983,-0.04803311292960343
1.4787078920542078,1.4466562759695911,0.03688350432845011,0.021490232080020995
1.3785865547456664,1.418692637524693,-0.10012133730854145,-0.0983296608218238
1.4668764337957094,1.4825163589325663,0.08828987905004304,0.08665462894601687
1.421316214879553,1.4335218104986889,-0.04556021891615636,-0.035802541928478024
1.4718195867274162,1.5148728979975365,0.05050337184786313,0.05485575193633154
1.4121038026035813,1.415362541659551,-0.059715784123834936,-0.03940493322804577
1.4323013796780333,1.4510626104163493,0.020197577074452022,0.016625437553863382
1.4350998093598737,1.4191543052727587,0.0027984296818404086,-0.00045110496567943217
1.3997365456818323,1.3865403300876071,-0.035363263678041434,-0.039863777121606325
1.5450394151046833,1.5283932134641307,0.1453028694228511,0.14020191643536098
1.4536233187301644,1.4659116163096837,-0.09141609637451897,-0.08270965277105091
1.4632723918792339,1.480048953030678,0.009649073149069487,0.03413870848069646
1.4342905091025215,1.4443239772813228,-0.02898188277671232,-0.03423130168118889
1.4826844354263746,1.485900875818841,0.04839392632385309,0.04059221503867828
1.4122773310595422,1.4245239580656706,-0.0704071043668324,-0.06005012134355758
1.5202639692589506,1.5084924404644648,0.10798663819940835,0.10951272974267123
1.4449297312807319,1.4797793352886208,-0.0753342379782187,-0.06417356645043623
1.5475158056237202,1.5466975857605711,0.10258607434298828,0.11121707421858062
1.4291059650860245,1.4317406285461474,-0.11840984053769565,-0.13212276657117172
1.555696071478113,1.54549270872007,0.12659010639208845,0.14291149892937166
1.4446805369500404,1.4439250751585075,-0.11101553452807256,-0.1096093639182799
1.5093848738817346,1.5101063345864274,0.0647043369316942,0.06777821249850909
1.4507768831902756,1.4435830234072304,-0.058607990691458944,-0.05361097903547827
1.4703492959296178,1.484737611184213,0.019572412739342182,0.011738032932067785
1.3661313505049557,1.3614815384647356,-0.10421794542466212,-0.0981051328536554
1.468190802876081,1.4531389138156163,0.10205945237112535,0.09782144580207008
1.492112799130524,1.4847935787345963,0.023921996254443023,0.015837309591959677
1.3896288350525903,1.397098447919633,-0.10248396407793381,-0.11670233019647672
1.572552653931012,1.5792870784577349,0.18292381887842168,0.189484639704527
1.4819814313741533,1.4633484996347397,-0.09057122255685868,-0.10592339562752755
1.4939434791727595,1.507111072139841,0.011962047798606212,-0.009977834408767369
1.5012408514773006,1.5082794045341217,0.007297372304541083,-0.007145036696978449
1.5010590231618657,1.5142490627219514,-0.00018182831543489542,0.009721373916058736
1.4172596362913004,1.4394989760452894,-0.08379938687056532,-0.08846566778200124
1.4995423216719497,1.5292363242127198,0.08228268538064931,0.09027988136115142
1.4273312848906188,1.424670684773589,-0.0722110367813309,-0.0626862992212983
1.3609197385678464,1.3741445706143964,-0.06641154632277235,-0.06842782112738724
1.498564984922432,1.5298218203817877,0.13764524635458564,0.12127308571852218
1.4923964691605762,1.49583871619761,-0.006168515761855842,0.015560476050290123
1.5317299501133548,1.5342541283982611,0.039333480952778554,0.023886679070466897
1.4150696590276055,1.415890558924685,-0.11666029108574927,-0.11180916576245305
1.4651635354147565,1.4908977010827034,0.050093876387151015,0.05085612130588829
1.3999835292613785,1.4176048097327016,-0.06518000615337805,-0.08150923591649384
1.410167651375599,1.3869299002830877,0.010184122114220484,0.02671432918951131
1.504566871378863,1.489744413416277,0.09439922000326395,0.11249783684056894
1.5798164215371238,1.5972959026038194,0.07524955015826085,0.061872623712747925
1.476062125238831,1.4709753805448347,-0.10375429629829269,-0.09804109044553591
1.4690001401030115,1.4509338636521893,-0.007061985135819571,-0.000618634902813252
1.3687910827246095,1.3743095796025377,-0.10020905737840202,-0.09385528426175627
1.5042011657648526,1.5270856684135297,0.13541008304024316,0.1319317145973391
1.4322010332148292,1.4512427724741288,-0.07200013255002347,-0.05562751482349017
1.4636900206150492,1.4514561958023677,0.03148898740021999,0.016976413789140485
1.4990899750693265,1.50151860443778,0.03539995445427735,0.03281354571649211
1.4485774595222698,1.4908093169939987,-0.05051251554705671,-0.04900324189241635
1.4820199418179727,1.4736612150274235,0.0334424822957029,0.031069688817710113
1.4089119302014435,1.384852902163576,-0.07310801161652924,-0.0639415186525766
1.5068305009776424,1.5101268167402415,0.09791857077619892,0.1012168884506563
1.4493663987969778,1.4557738311896051,-0.057464102180664556,-0.03886796612722995
1.4059460280720306,1.407633937482947,-0.0434203707249472,-0.04763306127587415
1.549737802898748,1.5354736908253264,0.14379177482671746,0.15333959343583523
1.4545093412342716,1.4699182414119845,-0.09522846166447652,-0.09257220548664924
1.4478761654054035,1.4275072533214728,-0.006633175828868021,0.004073846053179293
1.4098259247778115,1.3874311969023052,-0.03805024062759199,-0.03419806177317988
1.4999081567836814,1.481955098371812,0.09008223200586984,0.09890208094213528
1.5247159378487742,1.5223783766459875,0.02480778106509285,0.029933578276932795
1.3877984725047767,1.3754145580822843,-0.1369174653439975,-0.139844034806363
1.4399145588552773,1.426695602592416,0.05211608635050058,0.041735969339905456
1.4910460659808698,1.4558994380829946,0.051131507125592446,0.051721770235522886
1.5499887126001843,1.5649486101877645,0.05894264661931459,0.06766174936475461
1.4481434726213098,1.4549033583539452,-0.10184523997887451,-0.1050945125824658
1.4935935492043957,1.48344574369461,0.04545007658308586,0.05135091712939312
1.5397895656793792,1.5478522178832665,0.0461960164749835,0.050550858252660036
1.464629095072701,1.474886204038933,-0.07516047060667819,-0.09332021862728089
1.4910059335547643,1.494925882654235,0.026376838482063292,0.022723506079134825
1.4831463506561853,1.4781413771347833,-0.00785958289857902,0.008589730897935285
1.4903612984001087,1.4952641640314897,0.0072149477439233944,-0.008970727121614442
1.383022441357545,1.3623234576489573,-0.10733885704256374,-0.10405265150397797
1.5032691026382246,1.496362717054759,0.12024666128067962,0.12394753035623725
1.5393266969169446,1.5455379277171752,0.03605759427872002,0.028971218674042773
1.4940090787430964,1.4987876540780316,-0.04531761817384816,-0.037438402668610725
1.4750929895968417,1.4538490553544607,-0.018916089146254755,-0.0189973849248528
1.4798244597982457,1.4479490493984897,0.0047314702014040755,0.016740834365773605
1.5035996251524617,1.5165155115257487,0.023775165354215977,0.02777545071198425
1.4621050130208733,1.4542675902439484,-0.04149461213158845,-0.04107654672032022
1.4875522336252673,1.4921781229238213,0.025447220604394083,0.02752614244286517
1.54516351317902,1.566082560889442,0.05761127955375267,0.05310613340245266
1.5775179806186075,1.5780582403746755,0.032354467439587475,0.03942660893107927
1.5436484030286415,1.5305830814578119,-0.033869577589966005,-0.0383267213041132
1.507668385297908,1.498860462448861,-0.03598001773073345,-0.046801742869721094
1.5102835573221565,1.5199695934307842,0.0026151720242484355,0.008027801305239736
1.446892897203171,1.4410351442465748,-0.06339066011898553,-0.06073963564719736
1.506527912519883,1.5286953989890322,0.059635015316712,0.06853769564216734
1.3980956315617104,1.3754345665952077,-0.10843228095817259,-0.09737836460818822
1.484275029675929,1.5093490236237632,0.08617939811421871,0.08919483608629444
1.5164744303752709,1.5458884254839564,0.032199400699341796,0.035071235993241724
1.543623144688838,1.547538404110131,0.027148714313567135,0.022063568090123175
1.4855099404373873,1.5250724337435917,-0.05811320425145072,-0.06717392334542492
1.493368720585705,1.458929753920878,0.007858780148317646,0.026155413243567963
1.4937408339536726,1.5307459679684128,0.0003721133679677191,-0.0016127727306302813
1.4989283308221415,1.4719659559272016,0.005187496868468866,1.8823844177015027e-05
1.4629092638277041,1.4371035393633376,-0.036019066994437354,-0.04803404198012261
1.5058169674056474,1.5014025641487605,0.04290770357794327,0.024617383211466115
1.5577176508452397,1.570337467052275,0.05190068343959231,0.04431112988553778
1.4657196777635186,1.4644372852867102,-0.09199797308172109,-0.07941724525182572
1.424967077748712,1.4358733720228716,-0.04075260001480663,-0.032623369224412065
1.5531059390066164,1.5321453332638986,0.1281388612579044,0.13521160282472672
1.5512125862655772,1.5223051288750897,-0.0018933527410391893,-0.01405550859097603
1.546341768702205,1.5304103152712176,-0.004870817563372265,-0.008734592752484446
1.4842349980531275,1.499524582959492,-0.062106770649077436,-0.052432760124594635
1.3902660910265814,1.3849308212286255,-0.09396890702654614,-0.09167413189590796
1.4510257251206793,1.4441825329532243,0.0607596340940979,0.0663939141523656
1.5417156008114494,1.528466623023547,0.09068987569077014,0.07556929907056663
1.5391722355590656,1.5407722120901273,-0.0025433652523838557,-0.016864957414288624
1.3917583559151552,1.4119370528552044,-0.1474138796439104,-0.15159795509819463
1.49049424998864,1.4924031579988777,0.09873589407348482,0.09925868506670357
1.4092512147937462,1.4246348550609809,-0.08124303519489384,-0.07702226709784024
1.536822424559767,1.5530124660695444,0.12757120976602088,0.11494562725066991
1.402616966167238,1.3927622967679412,-0.13420545839252895,-0.13936088860259183
1.4872811513507025,1.4880709766653333,0.08466418518346441,0.07418153957887631
1.4179257999704529,1.3904399456537457,-0.06935535138024962,-0.06385465987828039
1.4587400946029736,1.4586765526608838,0.04081429463252073,0.029466623299049224
1.4847658120857095,1.5167698218400998,0.026025717482735855,0.0290190832621101
1.4888447700525498,1.471298645883091,0.004078957966840324,-0.0019938109965860398
1.5083347358080232,1.5372090940457397,0.01948996575547346,0.0262490112172942
1.5451321851154036,1.574187894487797,0.03679744930738038,0.04204498037702351
1.493532340667319,1.4746594819037446,-0.05159984444808452,-0.06369588811493049
1.4825162332065518,1.4419865894823305,-0.01101610746076731,-0.023171892472161087
1.4460553919766097,1.425866225475544,-0.03646084122994209,-0.03391637604297623
1.536376238019038,1.511780622007007,0.0903208460424283,0.08947459629667633
1.411542029617896,1.4171904119841066,-0.12483420840114201,-0.1169930296366729
1.5103930536713859,1.5475443983178678,0.09885102405348989,0.0758958016127309
1.4675820336556324,1.4410426589224175,-0.04281102001575343,-0.029523023464964496
1.5346448622103717,1.5552545858820181,0.06706282855473922,0.08129568912082123
