Actual_Level,Predicted_Level,Actual_DeltaH,Predicted_DeltaH
10.0,9.997318421884874,0.0,-0.0026815781151268278
10.000342582406287,9.997489133826523,0.00034258240628585497,-0.0025108661734776776
10.000685160791921,9.99951540076784,0.000685160791920121,-0.0004845992321595295
10.001027731136299,9.96925354606479,0.0010277311362983969,-0.03074645393520987
10.00137028941891,9.992236823749826,0.0013702894189106557,-0.007763176250174335
10.001712831619388,10.031951649747462,0.0017128316193884313,0.03195164974746161
10.002055353717552,9.997793529709087,0.002055353717552003,-0.0022064702909123956
10.002397851693457,10.03410738956447,0.0023978516934575755,0.03410738956446927
10.002740321527444,9.94695031118748,0.0027403215274444614,-0.05304968881251992
10.003082759200183,10.057891896160891,0.003082759200182254,0.05789189616089068
10.003425160692718,10.022643957874935,0.003425160692718001,0.022643957874935748
10.003767521986523,9.99659772399112,0.0037675219865233745,-0.003402276008879518
10.004109839063542,10.01879532283407,0.004109839063541827,0.018795322834069983
10.004452107906236,10.016707827732462,0.004452107906235755,0.016707827732462176
10.004794324497635,10.005540731070406,0.004794324497633649,0.005540731070405257
10.005136484821378,10.008130977955947,0.005136484821377232,0.008130977955946488
10.005478584861768,9.989795753255423,0.005478584861768609,-0.010204246744576748
10.005820620603817,10.027083668254042,0.00582062060381738,0.027083668254040825
10.006162588033288,9.990630508824456,0.006162588033287777,-0.009369491175544385
10.006504483136746,10.003043087558739,0.006504483136745765,0.003043087558738635
10.006846301901605,10.036573128742369,0.006846301901606152,0.036573128742367705
10.00718804031618,10.008026177906535,0.007188040316179677,0.008026177906535733
10.00752969436972,9.998746719516149,0.007529694369720096,-0.00125328048385166
10.007871260052472,10.045425766393235,0.00787126005247125,0.04542576639323457
10.008212733355714,9.985765494691918,0.008212733355714126,-0.014234505308082264
10.008554110271813,10.01858255281054,0.00855411027181391,0.018582552810540047
10.008895386794267,9.996790525619582,0.008895386794267011,-0.003209474380417323
10.009236558917747,10.002452266445244,0.009236558917748093,0.002452266445244807
10.009577622638156,10.013995414198778,0.009577622638157077,0.013995414198777305
10.009918573952666,9.989671896103765,0.00991857395266613,-0.010328103896235452
10.010259408859767,10.018790926539465,0.010259408859766657,0.018790926539465593
10.010600123359316,10.005700567895598,0.01060012335931625,0.005700567895598816
10.010940713452586,9.99195333862742,0.010940713452585647,-0.008046661372580036
10.011281175142306,10.002112046288692,0.011281175142305647,0.0021120462886917556
10.011621504432714,10.028282852392836,0.011621504432714043,0.028282852392835435
10.011961697329603,9.98690355887101,0.011961697329602498,-0.013096441128991096
10.012301749840363,9.993410374850962,0.012301749840363434,-0.006589625149039003
10.012641657974036,9.973586771666461,0.012641657974036888,-0.026413228333538062
10.012981417741358,10.055816146610999,0.012981417741357349,0.05581614661099983
10.0133210251548,10.019729817709518,0.013321025154800584,0.019729817709518163
10.01366047622863,10.014726834276438,0.01366047622863042,0.014726834276437301
10.013999766978946,10.005309304325722,0.013999766978945546,0.005309304325722344
10.014338893423727,9.982621258932495,0.014338893423726249,-0.017378741067505407
10.014677851582881,10.042557305754615,0.014677851582881164,0.04255730575461532
10.015016637478293,10.012596334053244,0.01501663747829396,0.01259633405324465
10.01535524713387,10.02156878044066,0.015355247133870068,0.02156878044066035
10.015693676575584,10.035764501381317,0.015693676575583307,0.03576450138131773
10.016031921831523,10.02105304944073,0.01603192183152255,0.021053049440730727
10.01636997893194,10.046316605665226,0.016369978931938325,0.04631660566522529
10.01670784390929,10.054744084788952,0.016707843909289418,0.05474408478895221
10.017045512798289,10.043481619857957,0.017045512798289416,0.04348161985795773
10.017382981635953,10.03756127381772,0.01738298163595327,0.03756127381772083
10.017720246461645,9.998339627702814,0.017720246461643795,-0.00166037229718579
10.018057303317118,10.011029929578758,0.018057303317118148,0.011029929578757793
10.018394148246575,10.038549146944362,0.018394148246574288,0.038549146944362234
10.018730777296698,10.025194013825326,0.01873077729669741,0.02519401382532503
10.019067186516706,10.00374694447815,0.019067186516706316,0.003746944478150145
10.0194033719584,10.02514723348137,0.019403371958399827,0.025147233481369102
10.019739329676202,10.046444092980305,0.019739329676203073,0.046444092980304746
10.020075055727213,10.010104500634975,0.020075055727213836,0.010104500634975708
10.020410546171249,9.989775136775078,0.02041054617124879,-0.01022486322492162
10.020745797070889,10.016452876768982,0.020745797070889794,0.01645287676898123
10.02108080449153,10.020170097706025,0.021080804491530047,0.020170097706025084
10.021415564501421,10.046513910167382,0.021415564501420306,0.04651391016738177
10.021750073171715,10.017915029058624,0.02175007317171501,0.017915029058624635
10.022084326576518,10.016666469905369,0.02208432657651839,0.016666469905369317
10.02241832079293,10.017109290956583,0.022418320792930574,0.017109290956582236
10.022752051901094,10.006352157251083,0.022752051901093577,0.006352157251083398
10.023085515984237,10.022795595463865,0.02308551598423735,0.02279559546386597
10.023418709128725,10.045566809271342,0.023418709128725717,0.04556680927134246
10.023751627424103,10.041293076343612,0.023751627424102337,0.041293076343612685
10.024084266963136,10.03065783212149,0.02408426696313657,0.030657832121489766
10.02441662384187,10.03790010054983,0.02441662384186935,0.03790010054983003
10.024748694159658,10.025675485700235,0.024748694159659003,0.025675485700235305
10.025080474019227,10.014595838675328,0.025080474019227,0.014595838675328777
10.025411959526703,10.02240444044256,0.025411959526703755,0.022404440442559907
10.025743146791674,10.015294562514848,0.02574314679167425,0.01529456251484849
10.026074031927223,10.014839589430878,0.026074031927223768,0.0148395894308773
10.026404611049983,10.046360418339942,0.026404611049983436,0.04636041833994172
10.026734880280175,10.018000174260477,0.02673488028017587,0.01800017426047673
10.02706483574166,10.014483576695824,0.027064835741660676,0.014483576695824039
10.02739447356198,10.051139229651328,0.027394473561979937,0.05113922965132872
10.027723789872404,10.027755095666965,0.027723789872403665,0.027755095666964307
10.028052780807975,10.043500574710714,0.028052780807975228,0.04350057471071518
10.028381442507557,10.023864622743801,0.02838144250755667,0.023864622743800686
10.028709771113874,9.992942615988436,0.028709771113874072,-0.0070573840115643535
10.029037762773562,10.043021009886377,0.02903776277356279,0.043021009886378136
10.029365413637212,10.041486615577714,0.029365413637212668,0.04148661557771395
10.029692719859414,10.034921889386867,0.029692719859413276,0.03492188938686633
10.0300196775988,10.030103518602001,0.030019677598798967,0.030103518602000775
10.030346283018094,10.027244901387109,0.030346283018094018,0.027244901387108302
10.030672532284157,10.011727833613875,0.030672532284157616,0.011727833613875239
10.030998421568029,10.038290890164573,0.0309984215680289,0.03829089016457274
10.031323947044973,10.05668043581207,0.03132394704497186,0.05668043581206912
10.03164910489452,10.048714192420663,0.03164910489452021,0.04871419242066241
10.031973891300522,10.037356795823966,0.03197389130052229,0.037356795823965144
10.032298302451185,10.068427251843124,0.03229830245118579,0.06842725184312404
10.032622334539122,10.085714811372405,0.03262233453912252,0.08571481137240444
10.032945983761394,10.016453950751435,0.0329459837613931,0.0164539507514357
10.033269246319552,10.02469665115333,0.03326924631955153,0.024696651153330543
10.03359211841969,10.030036414916179,0.03359211841968988,0.030036414916178467
10.033914596272483,10.017594416819426,0.03391459627248271,0.017594416819425515
10.034236676093231,10.01541787222809,0.034236676093231604,0.015417872228090539
10.03455835410191,10.013060825099895,0.034558354101909564,0.013060825099896107
10.034879626523205,10.043273559715415,0.034879626523205386,0.04327355971541409
10.035200489586568,10.033377834244583,0.035200489586567976,0.033377834244582884
10.03552093952625,10.045807820552918,0.03552093952625057,0.045807820552917454
10.035840972581354,10.014232980517248,0.035840972581354956,0.014232980517247463
10.036160584995876,10.053839288562378,0.0361605849958756,0.053839288562376984
10.036479773018744,10.019327108211371,0.03647977301874376,0.019327108211371635
10.036798532903871,10.021311000095595,0.03679853290387144,0.021311000095596215
10.037116860910196,10.049312748216561,0.03711686091019544,0.04931274821656107
10.03743475330172,10.008067665891984,0.037434753301721205,0.008067665891983072
10.037752206347566,10.018241674807943,0.03775220634756668,0.018241674807942563
10.038069216322006,10.069038660039553,0.03806921632200612,0.0690386600395522
10.038385779504514,10.039694315972632,0.038385779504513794,0.03969431597263184
10.038701892179807,10.030074504427061,0.038701892179807657,0.030074504427060143
10.039017550637894,10.05589622343217,0.039017550637892945,0.05589622343216944
10.039332751174106,10.028025465049636,0.03933275117410576,0.02802546504963495
10.039647490089157,10.063652151963712,0.03964749008915646,0.0636521519637119
10.039961763689174,10.029425060043469,0.03996176368917318,0.029425060043468267
10.040275568285745,10.026512688713083,0.040275568285745106,0.02651268871308389
10.040588900195965,10.021169403881702,0.04058890019596581,0.021169403881701434
10.040901755742476,10.056237282402508,0.04090175574247643,0.05623728240250806
10.04121413125351,10.056476118022086,0.04121413125350888,0.05647611802208576
10.041526023062929,10.078456037300306,0.0415260230629289,0.07845603730030612
10.041837427510279,10.057736651895231,0.04183742751027911,0.05773665189523212
10.042148340940821,10.034238963617987,0.04214834094082195,0.03423896361798679
10.042458759705582,10.05639307234973,0.04245875970558258,0.056393072349729415
10.042768680161391,10.0385863623841,0.04276868016139172,0.038586362384100334
10.043078098670929,10.051245216149622,0.043078098670928405,0.051245216149621804
10.043387011602762,10.04919458737303,0.04338701160276265,0.04919458737303
10.043695415331397,10.004764634646381,0.04369541533139806,0.004764634646381709
10.044003306237315,10.016201201235337,0.04400330623731446,0.01620120123533599
10.04431068070701,10.026457187705072,0.044310680707010275,0.026457187705071373
10.044617535133044,10.026865004956377,0.044617535133045,0.02686500495637817
10.04492386591408,10.015095809155067,0.044923865914081505,0.015095809155067481
10.045229669454928,10.053682646110685,0.045229669454928345,0.05368264611068536
10.045534942166581,10.047530196580663,0.04553494216658191,0.047530196580662896
10.045839680466269,10.027475591040595,0.04583968046626856,0.027475591040594403
10.046143880777487,10.036840434519027,0.04614388077748668,0.0368404345190259
10.046447539530048,10.037911401955082,0.046447539530048654,0.03791140195508115
10.046750653160123,10.062283132625593,0.04675065316012276,0.06228313262559326
10.047053218110275,10.10161504043047,0.04705321811027502,0.1016150404304712
10.047355230829512,10.080809630058576,0.04735523082951089,0.08080963005857547
10.047656687773317,10.07981534663724,0.04765668777331701,0.07981534663723917
10.047957585403703,10.022175443730807,0.04795758540370276,0.02217544373080735
10.048257920189242,10.066645077712119,0.0482579201892418,0.066645077712119
10.048557688605113,10.069125542582233,0.04855768860511349,0.06912554258223302
10.048856887133145,10.04859628460059,0.04885688713314429,0.04859628460058938
10.04915551226185,10.048216489408537,0.049155512261849034,0.04821648940853731
10.049453560486473,10.054132311077854,0.049453560486472155,0.05413231107785381
10.049751028309029,10.063350136592943,0.0497510283090288,0.06335013659294288
10.050047912238346,10.054273649640676,0.050047912238345885,0.054273649640675936
10.050344208790102,10.065351322301234,0.050344208790103095,0.06535132230123473
10.050639914486874,10.039882557257174,0.050639914486873716,0.0398825572571746
10.050935025858166,10.031548079604661,0.05093502585816556,0.03154807960466072
10.051229539440461,10.06689521521058,0.05122953944046155,0.0668952152105805
10.05152345177726,10.049187619548324,0.051523451777260476,0.04918761954832319
10.051816759419118,10.04927902251335,0.051816759419117536,0.04927902251335013
10.052109458923685,10.067887967160063,0.05210945892368479,0.06788796716006323
10.052401546855751,10.082569151616724,0.052401546855751616,0.08256915161672461
10.052693019787284,10.038700076995548,0.05269301978728496,0.03870007699554835
10.05298387429747,10.056047423325152,0.05298387429746959,0.056047423325152994
10.053274106972749,10.046397338973925,0.05327410697274833,0.04639733897392512
10.053563714406861,10.031478499333463,0.053563714406861966,0.03147849933346318
10.05385269320089,10.103086434485402,0.05385269320088934,0.10308643448540081
10.054141039963287,10.025118433961342,0.05414103996328721,0.02511843396134285
10.05442875130993,10.06048250942603,0.054428751309930024,0.06048250942603029
10.05471582386415,10.080573337017896,0.05471582386414972,0.0805733370178953
10.055002254256776,10.0126889721192,0.05500225425677522,0.012688972119199782
10.055288039126172,10.050736934572225,0.05528803912617211,0.050736934572224675
10.055573175118282,10.020922668754737,0.055573175118282005,0.020922668754737035
10.055857658886662,10.08273627449828,0.05585765888666196,0.08273627449828108
10.056141487092523,10.054656679137187,0.05614148709252373,0.054656679137186276
10.056424656404772,10.057155079724641,0.0564246564047729,0.057155079724640706
10.056707163500048,10.0676059413549,0.0567071635000481,0.06760594135489967
10.05698900506276,10.04214693472262,0.05698900506275992,0.04214693472261971
10.05727017778513,10.04979077438748,0.05727017778512981,0.049790774387479274
10.057550678367228,10.064346563037544,0.05755067836722896,0.06434656303754477
10.057830503517017,10.07451495340775,0.05783050351701701,0.0745149534077498
10.058109649950381,10.054620936020017,0.05810964995038066,0.05462093602001695
10.058388114391173,10.042323840195623,0.05838811439117228,0.04232384019562212
10.058665893571249,10.103730208910536,0.05866589357124823,0.10373020891053594
10.058942984230507,10.049040283673605,0.05894298423050736,0.04904028367360488
10.059219383116929,10.118463714072796,0.0592193831169292,0.11846371407279618
10.059495086986612,10.069046594969734,0.05949508698661215,0.06904659496973453
10.059770092603811,10.040940850904958,0.05977009260381149,0.04094085090495754
10.060044396740977,10.056060368831595,0.060044396740977446,0.056060368831594404
10.060317996178792,10.086702876283194,0.06031799617879302,0.08670287628319459
10.060590887706212,10.054237509276847,0.060590887706211786,0.05423750927684615
10.060863068120495,10.040799345728267,0.06086306812049555,0.04079934572826681
10.061134534227252,10.089767594424645,0.06113453422725196,0.08976759442464549
10.061405282840472,10.046270976199828,0.061405282840472024,0.04627097619982815
10.061675310782567,10.04637545911899,0.06167531078256744,0.04637545911898983
10.061944614884409,10.102964673087964,0.061944614884407945,0.10296467308796473
10.062213191985359,10.068290206372742,0.062213191985358476,0.06829020637274276
10.062481038933317,10.0987140352638,0.062481038933316274,0.09871403526380049
10.062748152584748,10.050913710776443,0.06274815258474788,0.05091371077644343
10.063014529804725,10.078228628363275,0.06301452980472602,0.07822862836327596
10.063280167466967,10.0227817222493,0.0632801674669664,0.022781722249300196
10.063545062453864,10.034628595752402,0.06354506245386445,0.034628595752401126
10.063809211656531,10.046700166983925,0.06380921165653178,0.04670016698392548
10.064072611974833,10.064573405259761,0.06407261197483283,0.06457340525976185
10.06433526031742,10.077411297863167,0.06433526031742112,0.07741129786316711
10.064597153601776,10.06047773470694,0.06459715360177562,0.06047773470694026
10.064858288754237,10.024719046386348,0.06485828875423688,0.024719046386347553
10.065118662710043,10.020500789225093,0.06511866271004312,0.02050078922509322
10.065378272413366,10.060799704237898,0.06537827241336619,0.06079970423789709
10.065637114817347,10.084241226562032,0.06563711481734745,0.08424122656203098
10.065895186884134,10.075046775245994,0.06589518688413351,0.07504677524599317
10.066152485584912,10.071949455756034,0.0661524855849119,0.0719494557560336
10.066409007899946,10.067738290910304,0.0664090078999466,0.06773829091030471
10.066664750818614,10.065402031090253,0.06666475081861349,0.06540203109025312
10.066919711339436,10.062141267365467,0.06691971133943572,0.06214126736546658
10.067173886470119,10.086471609587054,0.06717388647011883,0.08647160958705499
10.067427273227587,10.035939665873371,0.067427273227586,0.0359396658733721
10.067679868638013,10.053022473164399,0.06767986863801298,0.05302247316439814
10.067931669736863,10.048489013062229,0.06793166973686297,0.048489013062227845
10.068182673568922,10.098524635091374,0.06818267356892155,0.09852463509137455
10.06843287718833,10.057860247414578,0.06843287718833115,0.05786024741457732
10.068682277658626,10.073319751682694,0.0686822776586258,0.07331975168269375
10.068930872052766,10.038753709044322,0.06893087205276556,0.03875370904432113
10.06917865745317,10.06991549131874,0.0691786574531708,0.06991549131874009
10.069425630951756,10.053195639711312,0.06942563095175645,0.05319563971131279
10.069671789649966,10.05948539546849,0.0696717896499663,0.0594853954684907
10.069917130658807,10.068641769993386,0.06991713065880674,0.06864176999338639
10.07016165109888,10.08271874087123,0.07016165109888091,0.08271874087123046
10.070405348100422,10.05096830649647,0.07040534810042236,0.05096830649646938
10.07064821880333,10.055666569165686,0.07064821880332872,0.05566656916568545
10.070890260357196,10.096984407273773,0.07089026035719542,0.09698440727377367
10.07113146992135,10.05466715829022,0.07113146992134893,0.05466715829022117
10.07137184466488,10.050797815387433,0.07137184466488027,0.0507978153874325
10.071611381766678,10.06517065737913,0.07161138176667815,0.0651706573791313
10.071850078415462,10.061974176163334,0.0718500784154621,0.06197417616333412
10.072087931809815,10.072429632099729,0.07208793180981543,0.07242963209972904
10.072324939158218,10.063665072280198,0.07232493915821822,0.06366507228019734
10.07256109767908,10.041093574020001,0.07256109767907991,0.04109357402000095
10.072796404600773,10.072765287034674,0.07279640460077212,0.07276528703467362
10.073030857161662,10.055443218071597,0.07303085716166102,0.05544321807159651
10.07326445261014,10.100313967994689,0.0732644526101399,0.10031396799468958
10.073497188204662,10.06457256010878,0.07349718820466133,0.0645725601087813
10.07372906121377,10.067446310332269,0.0737290612137694,0.0674463103322687
10.073960068916131,10.039896035667164,0.07396006891613177,0.03989603566716459
10.074190208600571,10.065331689451641,0.0741902086005716,0.06533168945164182
10.0744194775661,10.07664788228417,0.07441947756609935,0.0766478822841702
10.074647873121945,10.100921570885298,0.07464787312194456,0.10092157088529771
10.074875392587588,10.072842085653006,0.07487539258758732,0.07284208565300627
10.07510203329279,10.07496413682971,0.0751020332927898,0.07496413682970977
10.075327792577628,10.056785388270098,0.07532779257762759,0.056785388270097784
10.07555266779252,10.09329045946264,0.07555266779252084,0.09329045946264024
10.075776656298265,10.070957098827005,0.07577665629826551,0.07095709882700446
10.075999755466064,10.087755375530945,0.07599975546606415,0.08775537553094379
10.076221962677558,10.048999592059582,0.07622196267755689,0.048999592059582056
10.076443275324852,10.07494456760314,0.07644327532485216,0.07494456760314018
10.076663690810557,10.071002233718367,0.07666369081055724,0.07100223371836781
10.076883206547809,10.085812718312937,0.07688320654780875,0.08581271831293776
10.077101819960303,10.089767384727196,0.07710181996030309,0.08976738472719559
10.077319528482327,10.089058406891949,0.07731952848232657,0.08905840689194969
10.077536329558786,10.10575886168126,0.07753632955878559,0.10575886168125992
10.077752220645237,10.093393570601403,0.07775222064523657,0.09339357060140266
10.077967199207915,10.092995404192944,0.07796719920791595,0.09299540419294397
10.07818126272377,10.080615222290668,0.07818126272376973,0.0806152222906676
10.078394408680483,10.07739898845563,0.0783944086804832,0.0773989884556309
10.078606634576511,10.104097644272318,0.0786066345765104,0.1040976442723176
10.078817937921103,10.110328236076327,0.07881793792110356,0.11032823607632736
10.079028316234343,10.101967118730832,0.07902831623434213,0.10196711873083168
10.079237767047163,10.104435866442754,0.0792377670471621,0.10443586644275417
10.079446287901385,10.093429930689895,0.07944628790138483,0.09342993068989483
10.079653876349745,10.103049919004858,0.07965387634974604,0.1030499190048587
10.079860529955925,10.106268519793375,0.07986052995592435,0.10626851979337468
10.080066246294571,10.107142321221712,0.08006624629457006,0.10714232122171286
10.080271022951333,10.09239840152563,0.08027102295133345,0.09239840152563027
10.080474857522892,10.075587849906036,0.08047485752289325,0.07558784990603533
10.080677747616985,10.090058698499046,0.08067774761698476,0.0900586984990456
10.080879690852427,10.10799880527019,0.08087969085242798,0.10799880527019058
10.081080684859156,10.089658482612156,0.0810806848591555,0.08965848261215634
10.08128072727824,10.093718922322093,0.08128072727824039,0.09371892232209364
10.081479815761924,10.066707175397472,0.08147981576192379,0.06670717539747244
10.081677947973642,10.066010734482603,0.08167794797364254,0.0660107344826028
10.081875121588057,10.086109609841818,0.08187512158805663,0.08610960984181763
10.082071334291076,10.07050006054058,0.08207133429107635,0.07050006054058018
10.082266583779889,10.068291982354177,0.0822665837798896,0.06829198235417626
10.08246086776299,10.064704002067808,0.08246086776298883,0.06470400206780719
10.082654183960198,10.093824488938239,0.08265418396019797,0.09382448893823922
10.0828465301027,10.072456674397825,0.0828465301026992,0.07245667439782615
10.083037903933059,10.098182425926938,0.0830379039330595,0.09818242592693788
10.083228303205257,10.057115518205322,0.08322830320525727,0.05711551820532098
10.083417725684708,10.067367723782969,0.08341772568470858,0.06736772378296838
10.083606169148293,10.1069553343516,0.08360616914829344,0.10695533435159937
10.083793631384381,10.107972361876298,0.08379363138438191,0.10797236187629716
10.08398011019286,10.087217307678024,0.08398011019286002,0.08721730767802509
10.084165603385156,10.077147041125368,0.0841656033851556,0.07714704112536877
10.084350108784264,10.097743968409578,0.08435010878426397,0.09774396840957841
10.084533624224774,10.084977352066408,0.08453362422477351,0.08497735206640813
10.084716147552891,10.11058971790629,0.08471614755289107,0.11058971790629027
10.084897676626467,10.102748253118436,0.08489767662646719,0.10274825311843562
10.085078209315022,10.09497525312265,0.08507820931502132,0.09497525312264889
10.085257743499767,10.099402324050455,0.08525774349976675,0.0994023240504557
10.085436277073635,10.114479584301383,0.08543627707363555,0.11447958430138395
10.085613807941304,10.098144789490213,0.08561380794130327,0.0981447894902137
10.085790334019213,10.077321659205596,0.0857903340192135,0.07732165920559712
10.085965853235603,10.060650133986947,0.08596585323560235,0.060650133986947505
10.086140363530523,10.100964250577936,0.08614036353052279,0.1009642505779364
10.086313862855869,10.094270740478425,0.08631386285586877,0.09427074047842544
10.086486349175399,10.116605997232652,0.0864863491753993,0.11660599723265264
10.086657820464762,10.080889362202548,0.08665782046476234,0.08088936220254787
10.086828274711518,10.102548628160621,0.08682827471151855,0.10254862816062041
10.086997709915165,10.060033587669695,0.08699770991516492,0.0600335876696956
10.087166124087158,10.127865346112602,0.0871661240871582,0.12786534611260128
10.087333515250938,10.077139570826182,0.08733351525093833,0.07713957082618254
10.087499881441952,10.09500635489633,0.08749988144195159,0.09500635489633051
10.087665220707674,10.06927755161965,0.08766522070767357,0.06927755161965088
10.087829531107632,10.097317638642357,0.08782953110763231,0.09731763864235703
10.08799281071343,10.072611712133181,0.08799281071343078,0.07261171213318193
10.08815505760877,10.103898430542996,0.08815505760876974,0.10389843054299616
10.08831626988947,10.067823583571068,0.08831626988947021,0.06782358357106837
10.088476445663495,10.085365958483292,0.08847644566349565,0.08536595848329238
10.088635583050975,10.078414032938577,0.08863558305097434,0.07841403293857654
10.08879368018422,10.088488689510543,0.08879368018422137,0.08848868951054337
10.08895073520776,10.111848684416156,0.08895073520776059,0.11184868441615582
10.089106746278347,10.082135929830828,0.08910674627834633,0.08213592983082836
10.089261711564985,10.110976836829659,0.08926171156498512,0.1109768368296592
10.089415629248958,10.0905186478981,0.08941562924895707,0.09051864789810159
10.089568497523837,10.093011720394342,0.08956849752383733,0.09301172039434197
10.089720314595517,10.109591227237297,0.08972031459551717,0.10959122723729682
10.089871078682226,10.089226853510429,0.08987107868222519,0.08922685351042793
10.090020788014549,10.112570234798456,0.09002078801454806,0.11257023479845561
10.090169440835451,10.128015087200668,0.09016944083545142,0.12801508720066815
10.0903170354003,10.120004453710614,0.09031703540030042,0.12000445371061445
10.09046356997688,10.062375742057903,0.09046356997688025,0.06237574205790336
10.090609042845417,10.094944950977748,0.09060904284541643,0.0949449509777487
10.090753452298594,10.097825328813764,0.09075345229859501,0.0978253288137636
10.090896796641582,10.116281976482595,0.09089679664158262,0.11628197648259478
10.091039074192047,10.082501629782168,0.09103907419204632,0.08250162978216768
10.091180283280174,10.086717081555378,0.09118028328017341,0.08671708155537829
10.09132042224869,10.104855488808989,0.09132042224869097,0.10485548880898837
10.091459489452886,10.098997045576269,0.0914594894528853,0.09899704557626941
10.091597483260621,10.069498952839357,0.09159748326062134,0.06949895283935646
10.091734402052362,10.077897114533615,0.09173440205236164,0.07789711453361498
10.091870244221186,10.088523675545797,0.0918702442211855,0.08852367554579657
10.092005008172809,10.089124199928152,0.09200500817280784,0.08912419992815213
10.092138692325598,10.116370753894834,0.09213869232559779,0.11637075389483521
10.092271295110598,10.099063016139066,0.09227129511059741,0.09906301613906589
10.09240281497154,10.0924610042523,0.09240281497153995,0.09246100425230085
10.092533250364868,10.097139042713538,0.0925332503648682,0.09713904271353802
10.092662599759752,10.112368952684934,0.09266259975975265,0.11236895268493413
10.09279086163811,10.082744146107471,0.09279086163810932,0.08274414610747097
10.092918034494618,10.071626662016238,0.0929180344946177,0.07162666201623838
10.093044116836738,10.092170767153325,0.0930441168367384,0.09217076715332509
10.09316910718473,10.105906099637128,0.09316910718473055,0.10590609963712729
10.09329300407167,10.070376721202868,0.09329300407166935,0.07037672120286845
10.093415806043463,10.152500752731404,0.09341580604346314,0.15250075273140457
10.093537511658871,10.091928868992708,0.09353751165887053,0.09192886899270902
10.093658119489517,10.058463826561365,0.09365811948951731,0.05846382656136434
10.093777628119913,10.069206545924997,0.0937776281199132,0.06920654592499659
10.093896036147468,10.11631040833887,0.09389603614746847,0.1163104083388708
10.09401334218251,10.08806064175156,0.0940133421825104,0.08806064175156167
10.0941295448483,10.082649373946074,0.09412954484829957,0.08264937394607366
10.094244642781046,10.090515531627021,0.0942446427810461,0.09051553162702186
10.094358634629925,10.115549205423802,0.09435863462992551,0.11554920542380277
10.094471519057095,10.091434101037985,0.09447151905709475,0.09143410103798438
10.094583294737708,10.110135679217485,0.0945832947377077,0.1101356792174846
10.094693960359931,10.053451324005916,0.09469396035993094,0.05345132400591693
10.094803514624958,10.07347890129778,0.09480351462495895,0.07347890129777851
10.09491195624703,10.072008757601841,0.09491195624702947,0.07200875760184067
10.09501928395344,10.067692273299373,0.09501928395343856,0.06769227329937345
10.095125496484556,10.105785853563798,0.09512549648455554,0.10578585356379869
10.095230592593838,10.098440287252672,0.09523059259383773,0.09844028725267237
10.095334571047845,10.086510259952387,0.09533457104784517,0.08651025995238815
10.095437430626255,10.075570016102906,0.09543743062625501,0.0755700161029056
10.095539170121876,10.075693764520098,0.09553917012187585,0.07569376452009895
10.095639788340662,10.101237620249716,0.09563978834066196,0.10123762024971594
10.095739284101727,10.07969667477717,0.09573928410172725,0.07969667477716941
10.095837656237359,10.075937134660682,0.09583765623735911,0.0759371346606823
10.095934903593033,10.124107132701303,0.09593490359303218,0.12410713270130329
10.096031025027422,10.105546279689168,0.0960310250274218,0.10554627968916759
10.096126019412418,10.06704429907381,0.09612601941241755,0.0670442990738098
10.096219885633136,10.106423201791408,0.09621988563313633,0.10642320179140875
10.096312622587936,10.13097917433371,0.09631262258793556,0.1309791743337095
10.096404229188426,10.106545968156656,0.09640422918842606,0.1065459681566563
10.096494704359484,10.117911137733678,0.09649470435948483,0.11791113773367821
10.096584047039268,10.130958302121876,0.09658404703926768,0.13095830212187604
10.096672256179222,10.08211309649496,0.09667225617922165,0.08211309649495933
10.096759330744097,10.113909427536038,0.0967593307440974,0.11390942753603887
10.096845269711961,10.073036474365937,0.09684526971196128,0.07303647436593685
10.096930072074207,10.10383178390615,0.09693007207420734,0.10383178390615017
10.097013736835569,10.064905262060371,0.09701373683556921,0.06490526206037109
10.097096263014132,10.100597194753167,0.09709626301413174,0.10059719475316672
10.097177649641342,10.119442541773632,0.09717764964134253,0.11944254177363085
10.097257895762024,10.112390444135732,0.09725789576202332,0.11239044413573226
10.097337000434381,10.108177725854828,0.09733700043438112,0.10817772585482827
10.097414962730019,10.124821520912242,0.09741496273001941,0.12482152091224193
10.097491781733948,10.089570399835115,0.09749178173394892,0.08957039983511529
10.0975674565446,10.086421356263363,0.09756745654459836,0.08642135626336406
10.097641986273825,10.09406271832158,0.09764198627382512,0.09406271832157848
10.097715370046926,10.102843448805336,0.09771537004692554,0.1028434488053368
10.097787607002646,10.14578669509504,0.09778760700264527,0.1457866950950411
10.097858696293189,10.081508811129721,0.09785869629318941,0.08150881112972085
10.097928637084232,10.071793797598197,0.09792863708423233,0.0717937975981969
10.097997428554928,10.105068988162456,0.0979974285549276,0.10506898816245615
10.098065069897917,10.113684933195719,0.09806506989791755,0.11368493319571889
10.098131560319343,10.067778351404316,0.09813156031934273,0.06777835140431626
10.098196899038852,10.08827326472955,0.09819689903885127,0.08827326472954876
10.098261085289607,10.120887053380002,0.09826108528960807,0.12088705338000286
10.098324118318304,10.126644183930498,0.09832411831830368,0.12664418393049837
10.098385997385163,10.066670251551521,0.09838599738516328,0.0666702515515217
10.098446721763954,10.089162105139232,0.09844672176395526,0.08916210513923255
10.098506290742,10.089489043558,0.09850629074199979,0.08948904355800105
10.098564703620177,10.094698452303318,0.09856470362017719,0.09469845230331726
10.098621959712936,10.090398830114578,0.0986219597129361,0.09039883011457761
10.098678058348302,10.126989905543317,0.09867805834830157,0.1269899055433173
10.098732998867883,10.109656504313707,0.09873299886788288,0.1096565043137072
10.098786780626881,10.09064265824322,0.09878678062688134,0.09064265824322151
10.098839402994098,10.11596685315806,0.09883940299409788,0.11596685315805971
10.09889086535194,10.085745921746454,0.09889086535194029,0.08574592174645457
10.09894116709643,10.082136351837145,0.09894116709643067,0.08213635183714457
10.098990307637212,10.099767522232769,0.0989903076372124,0.09976752223276969
10.099038286397557,10.094640132942795,0.09903828639755712,0.094640132942794
10.09908510281437,10.095888335932337,0.09908510281437144,0.09588833593233634
10.099130756338203,10.089362704503124,0.09913075633820366,0.08936270450312311
10.09917524643325,10.054902378646572,0.09917524643325007,0.05490237864657273
10.099218572577362,10.102172585278211,0.09921857257736136,0.10217258527821065
10.09926073426205,10.097819545688633,0.09926073426204868,0.09781954568863244
10.09930173099249,10.111928356791296,0.09930173099248966,0.11192835679129669
10.099341562287535,10.141165514465442,0.09934156228753416,0.141165514465441
10.09938022767971,10.113860428671119,0.09938022767970994,0.11386042867111934
10.099417726715227,10.10392776743511,0.09941772671522818,0.10392776743510894
10.099454058953988,10.105201068746805,0.09945405895398877,0.10520106874680461
10.099489223969586,10.129196683690395,0.09948922396958547,0.12919668369039455
10.099523221349312,10.088904934897867,0.09952322134931094,0.08890493489786773
10.099556050694162,10.111834787092791,0.09955605069416154,0.11183478709279088
10.099587711618842,10.108314225108549,0.09958771161884211,0.10831422510854931
10.09961820375177,10.088567726903106,0.09961820375177034,0.08856772690310542
10.099647526735081,10.129413463086287,0.09964752673508129,0.12941346308628648
10.099675680224632,10.115114704079973,0.09967568022463147,0.11511470407997278
10.099702663890003,10.12463283335261,0.09970266389000294,0.12463283335260927
10.099728477414507,10.119458007955322,0.09972847741450719,0.11945800795532226
10.099753120495189,10.108738626170897,0.09975312049518881,0.10873862617089763
10.09977659284283,10.079545385804888,0.0997765928428291,0.07954538580488842
10.09979889418195,10.148252753059465,0.09979889418194943,0.14825275305946514
10.099820024250814,10.09159327200329,0.09982002425081446,0.09159327200328973
10.099839982801436,10.07478602256067,0.0998399828014353,0.0747860225606694
10.099858769599573,10.112960394147203,0.09985876959957228,0.11296039414720319
10.099876384424737,10.107769642954086,0.09987638442473783,0.10776964295408553
10.0998928270702,10.110920474003278,0.09989282707019896,0.11092047400327831
10.09990809734298,10.066311542527062,0.0999080973429798,0.06631154252706165
10.099922195063863,10.113360213231912,0.09992219506386377,0.11336021323191203
10.099935120067396,10.108227178280412,0.09993512006739569,0.10822717828041224
10.099946872201883,10.133357223326998,0.09994687220188381,0.1333572233269977
10.099957451329402,10.096117086605666,0.09995745132940148,0.09611708660566669
10.09996685732579,10.10113901613895,0.09996685732578883,0.10113901613894889
10.099975090080655,10.080790006885861,0.09997509008065424,0.0807900068858615
10.099982149497375,10.079964141543487,0.09998214949737555,0.07996414154348576
10.099988035493102,10.086632816956403,0.09998803549310133,0.08663281695640362
10.099992747998751,10.116162712285101,0.09999274799875171,0.11616271228510208
10.09999628695902,10.106095647231466,0.09999628695901931,0.10609564723146585
10.09999865233237,10.056480981834126,0.09999865233236982,0.05648098183412603
10.099999844091043,10.082385033948379,0.09999984409104246,0.0823850339483782
10.09999986222105,10.068559225570102,0.09999986222105041,0.06855922557010141
10.09999870672218,10.11879003047176,0.09999870672218089,0.11879003047176075
10.099996377607996,10.123310649898139,0.09999637760799518,0.12331064989813853
10.099992874905828,10.101172440697106,0.09999287490582849,0.10117244069710517
10.09998819865679,10.112085601661857,0.0999881986567896,0.11208560166185655
10.099982348915761,10.132989328444568,0.09998234891576036,0.13298932844456718
10.099975325751394,10.100671115244497,0.09997532575139516,0.10067111524449666
10.09996712924612,10.088381285440303,0.09996712924611996,0.08838128544030271
10.099957759496132,10.084308719325339,0.09995775949613148,0.08430871932533818
10.099947216611396,10.092607371130565,0.09994721661139594,0.09260737113056555
10.099935500715647,10.100487119810216,0.09993550071564786,0.100487119810216
10.099922611946388,10.090956775809238,0.09992261194638856,0.09095677580923764
10.099908550454884,10.08888567273107,0.09990855045488456,0.08888567273107056
10.099893316406165,10.060330311592182,0.09989331640616583,0.06033031159218156
10.099876909979024,10.100897852954493,0.0998769099790238,0.10089785295449274
10.099859331366009,10.089709013549937,0.09985933136600932,0.0897090135499376
10.09984058077343,10.09691518570044,0.09984058077343033,0.09691518570044085
10.099820658421349,10.115565690889124,0.0998206584213495,0.11556569088912355
10.09979956454358,10.124178762402185,0.09979956454358163,0.12417876240218548
10.099777299387691,10.071160784118602,0.09977729938769093,0.07116078411860141
10.099753863214987,10.1212097283902,0.09975386321498804,0.12120972839020003
10.099729256300527,10.108054667929602,0.09972925630052702,0.10805466792960196
10.099703478933103,10.124728209881132,0.09970347893310214,0.1247282098811323
10.099676531415245,10.131594804753325,0.09967653141524443,0.13159480475332494
10.099648414063218,10.120987597893393,0.09964841406321819,0.12098759789339214
10.099619127207017,10.073888911015874,0.09961912720701722,0.07388891101587396
10.09958867119036,10.124152375721227,0.09958867119036102,0.12415237572122748
10.099557046370691,10.140529712441328,0.09955704637069067,0.14052971244132892
10.099524253119165,10.102805482487678,0.09952425311916469,0.10280548248767876
10.099490291820654,10.085582622086898,0.0994902918206547,0.08558262208689815
10.09945516287374,10.120563778873494,0.09945516287374086,0.12056377887349409
10.099418866690707,10.100018278298382,0.09941886669070718,0.10001827829838292
10.099381403697537,10.096300044003744,0.09938140369753674,0.0963000440037441
10.099342774333907,10.10081094521217,0.09934277433390667,0.100810945212171
10.099302979053183,10.1110421624341,0.09930297905318294,0.11104216243409937
10.099262018322415,10.075351937741193,0.0992620183224151,0.0753519377411931
10.099219892622331,10.094454061651637,0.0992198926223308,0.09445406165163685
10.09917660244733,10.101381449647178,0.09917660244733008,0.10138144964717866
10.099132148305479,10.069213410880778,0.09913214830547964,0.0692134108807784
10.099086530718507,10.10953363848769,0.09908653071850684,0.1095336384876894
10.099039750221793,10.132593373026422,0.09903975022179362,0.13259337302642174
10.09899180736437,10.081284846428865,0.09899180736437012,0.08128484642886447
10.098942702708909,10.097354187044866,0.09894270270890833,0.0973541870448651
10.098892436831715,10.109742152828908,0.0988924368317155,0.10974215282890695
10.098841010322728,10.078380002030146,0.09884101032272727,0.07838000203014509
10.098788423785502,10.103785710044203,0.09878842378550082,0.10378571004420321
10.098734677837207,10.112827046486736,0.09873467783720781,0.11282704648673499
10.098679773108627,10.097184099595669,0.09867977310862708,0.09718409959566815
10.098623710244137,10.161254279802137,0.09862371024413723,0.1612542798021369
10.098566489901708,10.117736390953263,0.09856648990170917,0.11773639095326384
10.098508112752898,10.102077648365567,0.09850811275289828,0.10207764836556743
10.098448579482836,10.100885109150191,0.09844857948283658,0.10088510915019172
10.098387890790224,10.081409490719114,0.09838789079022468,0.08140949071911431
10.098326047387324,10.121730561399652,0.09832604738732359,0.12173056139965159
10.098263049999947,10.122475048791278,0.09826304999994633,0.12247504879127821
10.09819889936745,10.065880933829266,0.09819889936744944,0.06588093382926571
10.098133596242725,10.130241640638454,0.09813359624272434,0.13024164063845373
10.098067141392189,10.098912260839723,0.0980671413921884,0.09891226083972375
10.097999535595775,10.09794107136271,0.09799953559577601,0.09794107136270941
10.09793077964693,10.097268409655848,0.09793077964692941,0.09726840965584846
10.09786087435259,10.090064380114118,0.09786087435258937,0.0900643801141183
10.097789820533185,10.067109795254517,0.09778982053318579,0.06710979525451603
10.097717619022628,10.108701940069244,0.09771761902262789,0.10870194006924419
10.097644270668294,10.121519931534387,0.09764427066829467,0.12151993153438628
10.097569776331024,10.104349402220368,0.09756977633102476,0.10434940222036783
10.097494136885107,10.10889785484945,0.09749413688510644,0.10889785484945122
10.097417353218267,10.086436050908505,0.09741735321826729,0.08643605090850529
10.097339426231663,10.101930748363419,0.09733942623166386,0.10193074836341948
10.097260356839872,10.117829040315188,0.097260356839871,0.11782904031518768
10.09718014597087,10.112277881127905,0.09718014597087123,0.11227788112790586
10.097098794566044,10.075037700007428,0.09709879456604376,0.07503770000742774
10.097016303580153,10.112699527670197,0.09701630358015347,0.1126995276701972
10.096932673981339,10.074939479764193,0.09693267398133976,0.07493947976419255
10.096847906751105,10.069941928532707,0.09684790675110505,0.06994192853270725
10.096762002884303,10.094208811199643,0.09676200288430346,0.09420881119964206
10.096674963389129,10.093826859849433,0.09667496338912894,0.093826859849433
10.096586789287104,10.131849390822289,0.09658678928710356,0.1318493908222886
10.096497481613065,10.134559336093158,0.09649748161306544,0.13455933609315876
10.096407041415157,10.114324273497477,0.09640704141515671,0.11432427349747656
10.096315469754812,10.098393431168926,0.09631546975481109,0.09839343116892549
10.096222767706742,10.109895495609017,0.09622276770674153,0.10989549560901726
10.096128936358928,10.088615586556736,0.09612893635892751,0.08861558655673597
10.096033976812603,10.100964307650676,0.09603397681260237,0.10096430765067582
10.09593789018224,10.129664511637145,0.09593789018224029,0.12966451163714596
10.095840677595543,10.094396481915652,0.09584067759554325,0.09439648191565235
10.095742340193429,10.0995263011476,0.09574234019342782,0.09952630114759947
10.095642879130011,10.094866688687778,0.09564287913001175,0.0948666886877784
10.095542295572601,10.081126750804353,0.09554229557260041,0.08112675080435273
10.095440590701672,10.059910985342212,0.0954405907016731,0.059910985342212536
10.09533776571087,10.077433628450226,0.0953377657108692,0.07743362845022657
10.095233821806975,10.078806717434908,0.09523382180697415,0.07880671743490802
10.095128760209905,10.085427134497879,0.0951287602099053,0.08542713449787884
10.095022582152698,10.097993711279429,0.0950225821526976,0.09799371127942855
10.09491528888149,10.101923035844882,0.0949152888814891,0.10192303584488221
10.094806881655506,10.095209863150748,0.09480688165550638,0.09520986315074854
10.09469736174705,10.099839170320795,0.09469736174704965,0.09983917032079524
10.094586730441478,10.13879599518945,0.094586730441478,0.13879599518945
10.094474989037193,10.126062908338326,0.09447498903719415,0.12606290833832684
10.094362138845629,10.085933682208196,0.09436213884562929,0.08593368220819614
10.094248181191228,10.126932128499496,0.09424818119122769,0.1269321284994955
10.094133117411431,10.086789359400917,0.09413311741143111,0.08678935940091666
10.094016948856662,10.086211745366178,0.0940169488566632,0.08621174536617858
10.093899676890313,10.103211384824297,0.09389967689031352,0.10321138482429648
10.093781302888722,10.084230770090937,0.09378130288872162,0.08423077009093578
10.09366182824116,10.052584603178357,0.09366182824116091,0.052584603178356164
10.093541254349823,10.114735071541183,0.09354125434982224,0.11473507154118362
10.093419582629798,10.120897585627958,0.09341958262979762,0.12089758562795855
10.093296814509063,10.08853677097112,0.09329681450906342,0.08853677097111877
10.093172951428464,10.094978496931512,0.09317295142846377,0.094978496931512
10.093047994841694,10.089258596111694,0.09304799484169353,0.08925859611169516
10.09292194621528,10.079187586307627,0.09292194621528133,0.07918758630762761
10.092794807028572,10.098617755913136,0.09279480702857225,0.09861775591313553
10.092666578773711,10.08947251324392,0.0926665787737106,0.08947251324391976
10.092537262955622,10.076769874973813,0.09253726295562226,0.07676987497381235
10.092406861091996,10.088927972472069,0.09240686109199711,0.08892797247206846
10.092275374713271,10.105454011002948,0.09227537471327119,0.10545401100294764
10.09214280536261,10.077362886266322,0.09214280536260873,0.07736288626632223
10.092009154595884,10.096978371282496,0.09200915459588405,0.09697837128249677
10.091874423981663,10.086100243685143,0.09187442398166332,0.08610024368514337
10.091738615101185,10.117427201437051,0.09173861510118611,0.11742720143705038
10.091601729548346,10.11102530611364,0.09160172954834685,0.11102530611364037
10.091463768929676,10.073111056189827,0.09146376892967613,0.0731110561898277
10.091324734864322,10.071825792382587,0.09132473486432185,0.07182579238258706
10.09118462898403,10.11065181506556,0.09118462898403018,0.1106518150655599
10.091043452933127,10.106696497231598,0.09104345293312648,0.10669649723159724
10.090901208368496,10.081490574857153,0.09090120836849591,0.08149057485715323
10.090757896959564,10.060480894338193,0.09075789695956407,0.060480894338193286
10.090613520388278,10.04597503882279,0.09061352038827739,0.04597503882279013
10.090468080349083,10.110535682219611,0.09046808034908327,0.11053568221961119
10.09032157854891,10.081879599054496,0.09032157854891042,0.08187959905449645
10.090174016707149,10.094993868488407,0.09017401670714859,0.09499386848840773
10.090025396555628,10.098835634012262,0.09002539655562859,0.09883563401226161
10.089875719838602,10.120658349761776,0.08987571983860183,0.12065834976177509
10.08972498831272,10.086213418068454,0.08972498831271991,0.08621341806845284
10.089573203747014,10.084839776822964,0.08957320374701397,0.08483977682296304
10.089420367922873,10.099841859209256,0.08942036792287397,0.0998418592092555
10.089266482634027,10.089347194209152,0.08926648263402776,0.08934719420915119
10.08911154968652,10.096496530414058,0.08911154968651996,0.09649653041405787
10.08895557089869,10.08388081443423,0.08895557089869098,0.08388081443422836
10.088798548101156,10.080616345719964,0.08879854810115535,0.0806163457199631
10.08864048313678,10.081257567040064,0.08864048313678057,0.08125756704006386
10.088481377860665,10.065062222106961,0.0884813778606652,0.06506222210696219
10.088321234140118,10.093956338857506,0.08832123414011733,0.09395633885750686
10.088160053854633,10.069410878784248,0.08816005385463249,0.06941087878424898
10.087997838895872,10.076095956667718,0.08799783889587166,0.07609595666771765
10.087834591167638,10.069397961744318,0.08783459116763905,0.06939796174431875
10.08767031258586,10.054108293626232,0.08767031258585979,0.05410829362623156
10.087505005078558,10.089212703050032,0.08750500507855741,0.0892127030500315
10.087338670585831,10.081912189657254,0.08733867058583122,0.08191218965725519
10.087171311059834,10.108804518093892,0.08717131105983358,0.10880451809389247
10.087002928464747,10.091433623160503,0.08700292846474689,0.09143362316050348
10.086833524776761,10.079586056404805,0.08683352477676061,0.0795860564048058
10.086663101984048,10.086818392573916,0.08666310198404814,0.0868183925739165
10.086491662086743,10.088221817054968,0.0864916620867433,0.0882218170549691
10.086319207096917,10.075848747419846,0.08631920709691702,0.07584874741984543
10.086145739038553,10.084782591833786,0.08614573903855366,0.0847825918337862
10.085971259947527,10.086876192931033,0.08597125994752725,0.08687619293103356
10.085795771871577,10.093291004745492,0.08579577187157758,0.09329100474549246
10.085619276870286,10.052355633205403,0.08561927687028625,0.05235563320540265
10.085441777015053,10.080355957386324,0.08544177701505244,0.08035595738632431
10.085263274389069,10.063843013537587,0.08526327438906851,0.06384301353758697
10.085083771087296,10.114405780663047,0.08508377108729577,0.11440578066304713
10.08490326921644,10.081392221066544,0.08490326921643969,0.08139222106654377
10.084721770894925,10.0513403967326,0.08472177089492526,0.05134039673260004
10.084539278252873,10.076813622143314,0.08453927825287215,0.0768136221433142
10.084355793432069,10.101212866635143,0.08435579343206963,0.1012128666351421
10.084171318585952,10.085055916250257,0.08417131858595153,0.08505591625025641
10.08398585587957,10.086370605825714,0.08398585587957089,0.08637060582571338
10.083799407489575,10.063053518395629,0.0837994074895746,0.06305351839562781
10.083611975604178,10.053155642844706,0.08361197560417781,0.05315564284470542
10.083423562423139,10.103211558213596,0.08342356242313831,0.10321155821359634
10.08323417015773,10.057148004881675,0.08323417015773059,0.05714800488167546
10.08304380103072,10.06716782637929,0.08304380103072007,0.06716782637928925
10.082852457276337,10.066108623935344,0.08285245727633687,0.06610862393534372
10.08266014114025,10.055790416675912,0.08266014114024965,0.05579041667591225
10.08246685487954,10.110017567155547,0.08246685487953921,0.11001756715554688
10.082272600762671,10.020980331779864,0.08227260076267208,0.020980331779864303
10.082077381069475,10.08156250761287,0.08207738106947378,0.08156250761287001
10.081881198091102,10.072239100000086,0.08188119809110217,0.07223910000008664
10.08168405413002,10.085187237336699,0.08168405413002051,0.08518723733669954
10.081485951499971,10.096357230779386,0.08148595149997048,0.09635723077938631
10.081286892525945,10.065980548031886,0.0812868925259449,0.06598054803188691
10.081086879544161,10.10470277428539,0.0810868795441606,0.10470277428538949
10.080885914902032,10.096573013546285,0.08088591490203095,0.09657301354628584
10.080684000958138,10.08006379147486,0.08068400095813826,0.08006379147485994
10.080481140082206,10.068874444711302,0.08048114008220615,0.06887444471130154
10.080277334655072,10.06328812655606,0.08027733465507172,0.06328812655605916
10.080072587068658,10.071780333788007,0.08007258706865764,0.07178033378800708
10.079866899725944,10.071485418574278,0.07986689972594398,0.07148541857427819
10.07966027504094,10.089021172963735,0.07966027504094014,0.08902117296373455
10.079452715438656,10.066804800435815,0.07945271543865642,0.06680480043581427
10.079244223355076,10.068517530270725,0.07924422335507564,0.06851753027072502
10.079034801237125,10.100229766719197,0.07903480123712442,0.10022976671919727
10.078824451542644,10.061911406080783,0.07882445154264463,0.061911406080784284
10.078613176740365,10.102779274760223,0.07861317674036443,0.10277927476022256
10.078400979309869,10.101725943535897,0.0784009793098693,0.10172594353589726
10.078187861741574,10.074155530903157,0.07818786174157302,0.07415553090315777
10.077973826536688,10.091240855024065,0.07797382653668837,0.09124085502406415
10.077758876207199,10.08670457853629,0.07775887620719774,0.08670457853629063
10.077543013275823,10.096457868062302,0.07754301327582379,0.09645786806230215
10.077326240276,10.037954205271543,0.07732624027599969,0.03795420527154208
10.077108559751839,10.111478224792748,0.07710855975183949,0.11147822479274727
10.076889974258108,10.081622871973632,0.07688997425810816,0.08162287197363143
10.076670486360191,10.067227577197599,0.07667048636019172,0.06722757719759939
10.076450098634067,10.075350488822222,0.0764500986340671,0.07535048882222235
10.076228813666273,10.083836155411232,0.07622881366627184,0.0838361554112328
10.076006634053874,10.05653301693219,0.07600663405387381,0.0565330169321908
10.07578356240444,10.080268682715726,0.07578356240444067,0.08026868271572524
10.075559601336009,10.080150974510495,0.07555960133600936,0.0801509745104956
10.075334753477055,10.058657116321518,0.07533475347705526,0.05865711632151731
10.075109021466462,10.062494947195132,0.07510902146646142,0.06249494719513281
10.074882407953487,10.061062971909323,0.07488240795348751,0.061062971909322666
10.074654915597739,10.077464309434419,0.07465491559773889,0.0774643094344181
10.074426547069136,10.099953571982907,0.07442654706913515,0.09995357198290596
10.074197305047878,10.042582033891268,0.07419730504787903,0.04258203389126848
10.073967192224424,10.076054831496693,0.07396719222442476,0.07605483149669316
10.073736211299448,10.087310319142404,0.07373621129944663,0.08731031914240414
10.073504364983807,10.05073037122272,0.07350436498380723,0.05073037122271948
10.073271655998525,10.046588633923042,0.07327165599852557,0.04658863392304117
10.073038087074746,10.075387436200511,0.07303808707474532,0.07538743620051112
10.072803660953703,10.055810215244318,0.07280366095370255,0.05581021524431831
10.072568380386693,10.116059892700303,0.07256838038669375,0.11605989270030263
10.072332248135043,10.07643725256302,0.0723322481350434,0.07643725256301967
10.072095266970072,10.081444405269632,0.07209526697007154,0.08144440526963258
10.071857439673062,10.054274361496814,0.07185743967306145,0.05427436149681479
10.071618769035227,10.08744250659143,0.07161876903522679,0.08744250659142869
10.071379257857679,10.07473078565502,0.07137925785767897,0.07473078565502045
10.071138908951394,10.069493746940653,0.07113890895139417,0.06949374694065283
10.070897725137181,10.089353233827394,0.0708977251371805,0.08935323382739425
10.070655709245644,10.08400738212648,0.07065570924564471,0.08400738212647865
10.07041286411716,10.089129735198384,0.07041286411715912,0.08912973519838312
10.070169192601828,10.093030458332674,0.0701691926018282,0.09303045833267407
10.069924697559456,10.047669865489073,0.06992469755945517,0.047669865489073746
10.069679381859508,10.076643875197677,0.06967938185950845,0.07664387519767596
10.069433248381088,10.088103018835737,0.06943324838108782,0.08810301883573762
10.069186300012891,10.061029441581013,0.06918630001289086,0.0610294415810134
10.068938539653178,10.06398494475475,0.06893853965317896,0.06398494475475125
10.068689970209743,10.084749582167978,0.06868997020974323,0.08474958216797843
10.06844059459987,10.063381108264533,0.06844059459987045,0.06338110826453283
10.068190415750308,10.075039388598054,0.06819041575030886,0.0750393885980529
10.067939436597234,10.045860189616945,0.0679394365972337,0.04586018961694608
10.067687660086213,10.06832783853094,0.06768766008621284,0.0683278385309402
10.067435089172172,10.075030796912596,0.06743508917217221,0.07503079691259595
10.067181726819362,10.091210651944658,0.06718172681936108,0.09121065194465876
10.066927576001317,10.10040269713159,0.06692757600131731,0.10040269713159122
10.066672639700831,10.047043656559728,0.06667263970083231,0.04704365655972704
10.066416920909916,10.084492717363535,0.06641692090991633,0.08449271736353502
10.066160422629762,10.072166800547866,0.06616042262976303,0.07216680054786612
10.065903147870715,10.054687697103258,0.06590314787071448,0.054687697103257625
10.065645099652226,10.064825221284899,0.06564509965222567,0.0648252212848993
10.06538628100283,10.048403673938221,0.06538628100282923,0.048403673938220634
10.0651266949601,10.04941997385974,0.06512669496009972,0.049419973859738994
10.064866344570618,10.095354184388556,0.0648663445706181,0.09535418438855693
10.064605232889935,10.090387164337235,0.06460523288993596,0.09038716433723443
10.06434336298254,10.065488401813752,0.0643433629825396,0.06548840181375186
10.064080737921815,10.024051598562957,0.06408073792181407,0.024051598562956827
10.063817360790008,10.042609855119702,0.0638173607900072,0.04260985511970182
10.063553234678194,10.039560400689185,0.06355323467819332,0.03956040068918523
10.063288362686237,10.060052075992756,0.06328836268623703,0.06005207599275616
10.063022747922757,10.069298914660191,0.06302274792275679,0.06929891466019027
10.062756393505088,10.047711213113574,0.06275639350508846,0.04771121311357511
10.062489302559248,10.072427347921451,0.062489302559248706,0.07242734792145115
10.062221478219898,10.02267192835671,0.062221478219898346,0.02267192835670971
10.061952923630306,10.040103980427451,0.06195292363030546,0.04010398042745164
10.06168364194231,10.06559689699548,0.061683641942308624,0.06559689699548066
10.06141363631628,10.067913969725467,0.06141363631627988,0.06791396972546694
10.061142909921088,10.03552379675506,0.06114290992108752,0.03552379675505963
10.06087146593406,10.038811495756981,0.060871465934059114,0.03881149575698055
10.060599307540944,10.069325725013831,0.06059930754094406,0.0693257250138316
10.060326437935876,10.063456797846513,0.060326437935876255,0.06345679784651323
10.060052860321337,10.062016936180633,0.0600528603213366,0.06201693618063267
10.059778577908116,10.077374589050642,0.059778577908115395,0.07737458905064205
10.059503593915275,10.029800533212684,0.05950359391527469,0.029800533212684277
10.05922791157011,10.059380218551187,0.059227911570110495,0.059380218551187185
10.058951534108115,10.03195187739129,0.05895153410811485,0.03195187739129054
10.058674464772938,10.10104801337385,0.05867446477293799,0.1010480133738494
10.05839670681635,10.067490856541934,0.058396706816350036,0.06749085654193356
10.058118263498203,10.051710653519175,0.05811826349820309,0.051710653519175295
10.057839138086393,10.06335562013776,0.0578391380863929,0.06335562013775953
10.05755933385682,10.046707403586726,0.057559333856820355,0.04670740358672592
10.057278854093353,10.067308223139847,0.05727885409335324,0.06730822313984708
10.056997702087788,10.059166186531296,0.05699770208778761,0.059166186531296835
10.056715881139809,10.092184135772284,0.056715881139809105,0.09218413577228446
10.056433394556954,10.058901696537616,0.056433394556954335,0.05890169653761595
10.056150245654573,10.07843784310111,0.05615024565457197,0.07843784310110913
10.055866437755784,10.067975300086474,0.055866437755783864,0.06797530008647289
10.055581974191446,10.063261568035403,0.055581974191446115,0.06326156803540237
10.05529685830011,10.074754436800522,0.055296858300109775,0.07475443680052193
10.055011093427982,10.040079563112206,0.05501109342798194,0.04007956311220572
10.054724682928887,10.070718051584345,0.054724682928886284,0.07071805158434552
10.054437630164223,10.082301190731037,0.05443763016422376,0.08230119073103775
10.054149938502933,10.05878516735965,0.05414993850293315,0.058785167359649663
10.053861611321452,10.047385506653432,0.053861611321451536,0.04738550665343275
10.053572652003675,10.034648590837918,0.053572652003674615,0.034648590837917964
10.053283063940917,10.064548997270556,0.05328306394091708,0.0645489972705554
10.052992850531872,10.048657453803253,0.05299285053187273,0.04865745380325369
10.052702015182575,10.053996735298036,0.05270201518257468,0.05399673529803634
10.052410561306354,10.008637487047306,0.05241056130635521,0.008637487047305714
10.052118492323807,10.070233146882769,0.052118492323805915,0.07023314688276956
10.051825811662738,10.023317905331186,0.051825811662737434,0.023317905331186214
10.051532522758139,10.049298310533544,0.05153252275813926,0.04929831053354494
10.05123862905214,10.03584960881439,0.05123862905213942,0.03584960881438909
10.050944133993964,10.070087972158195,0.05094413399396407,0.07008797215819419
10.050649041039897,10.021347232243176,0.050649041039897015,0.02134723224317711
10.05035335365324,10.0428320651669,0.050353353653239154,0.042832065166900864
10.050057075304268,10.05519113652317,0.05005707530426782,0.05519113652317045
10.049760209470197,10.033198420341954,0.04976020947019606,0.03319842034195371
10.049462759635132,10.071630046511311,0.04946275963513188,0.0716300465113116
10.049164729290037,10.079828372324496,0.049164729290037165,0.079828372324495
10.048866121932686,10.026349986062593,0.048866121932686975,0.026349986062592284
10.048566941067628,10.07163924890291,0.04856694106762831,0.07163924890291055
10.04826719020614,10.053815390313611,0.04826719020613903,0.05381539031361025
10.047966872866187,10.029685837172824,0.047966872866186665,0.029685837172823613
10.047665992572387,10.086440828385394,0.04766599257238708,0.08644082838539302
10.047364552855964,10.048008625614571,0.04736455285596317,0.04800862561457073
10.047062557254703,9.998973192212784,0.047062557254703374,-0.001026807787216956
10.046760009312921,10.016538926502129,0.04676000931292014,0.016538926502128733
10.046456912581409,10.038109312837475,0.04645691258140843,0.03810931283747625
10.046153270617404,10.053057808384192,0.046153270617403826,0.05305780838419298
10.045849086984541,10.038136365849068,0.04584908698454105,0.03813636584906853
10.045544365252812,10.040233192539237,0.04554436525281198,0.04023319253923664
10.045239108998524,10.004925187827284,0.04523910899852379,0.004925187827283788
10.044933321804256,10.069284154181071,0.04493332180425695,0.06928415418107202
10.044627007258823,10.034537064254387,0.04462700725882324,0.03453706425438767
10.044320168957224,10.053431661139324,0.04432016895722355,0.05343166113932466
10.044012810500606,10.026884255803102,0.04401281050060577,0.026884255803102133
10.043704935496223,10.044184764044799,0.04370493549622248,0.04418476404479858
10.04339654755739,10.013769996713068,0.043396547557388615,0.013769996713068337
10.04308765030344,10.076413268512072,0.04308765030343909,0.07641326851207139
10.042778247359687,10.04732761154236,0.04277824735968622,0.04732761154236159
10.042468342357378,10.058135820424676,0.042468342357377314,0.058135820424676604
10.042157938933652,10.038623608655868,0.04215793893365201,0.03862360865586769
10.041847040731499,10.046391767308911,0.04184704073149953,0.04639176730891218
10.041535651399716,10.019264122427181,0.04153565139971598,0.01926412242718136
10.041223774592861,10.030971311865645,0.04122377459286153,0.030971311865645258
10.040911413971218,10.036530588648622,0.04091141397121747,0.03653058864862217
10.040598573200743,10.061634516712164,0.04059857320074332,0.061634516712164265
10.040285255953034,10.033420760578977,0.040285255953033755,0.03342076057897754
10.039971465905275,10.037083570150442,0.03997146590527555,0.03708357015044159
10.039657206740204,10.021884691544361,0.039657206740204426,0.021884691544361113
10.039342482146061,10.004120986232067,0.039342482146061696,0.004120986232067005
10.03902729581655,10.06180456498473,0.039027295816551205,0.06180456498472921
10.038711651450797,10.063603321226992,0.038711651450795845,0.06360332122699262
10.038395552753293,9.995601960441185,0.038395552753294135,-0.004398039558815646
10.038079003433877,10.021649842949726,0.03807900343387679,0.021649842949726505
10.037762007207663,9.998460252688377,0.037762007207663144,-0.0015397473116241026
10.037444567795017,10.01056113724875,0.03744456779501758,0.010561137248749297
10.037126688921505,10.019177892540945,0.03712668892150584,0.019177892540944992
10.036808374317852,10.019722777806521,0.036808374317851326,0.019722777806521135
10.036489627719892,10.008485208021858,0.03648962771989134,0.008485208021857909
10.036170452868532,10.072814931565532,0.036170452868533064,0.07281493156553107
10.035850853509709,10.053713584255963,0.03585085350970992,0.05371358425596236
10.035530833394338,10.045903982117688,0.03553083339433746,0.045903982117686815
10.03521039627827,10.01976049066828,0.03521039627826934,0.01976049066827977
10.034889545922253,10.076679122070507,0.03488954592225327,0.0766791220705071
10.034568286091886,10.038183837398627,0.03456828609188686,0.03818383739862679
10.034246620557573,10.05424249060028,0.03424662055757346,0.054242490600280496
10.033924553094478,10.055097719825794,0.03392455309447786,0.05509771982579312
10.033602087482482,10.033840168229231,0.03360208748248203,0.03384016822923157
10.03327922750614,10.02075075998594,0.03327922750614072,0.02075075998594108
10.032955976954637,9.999863722108094,0.03295597695463711,-0.00013627789190660822
10.032632339621738,10.05370992978846,0.032632339621738164,0.0537099297884586
10.03230831930575,10.052761010601323,0.03230831930575035,0.05276101060132315
10.031983919809475,10.049144635531007,0.0319839198094749,0.04914463553100818
10.031659144940162,10.041904666424168,0.031659144940163246,0.04190466642416777
10.031333998509472,10.038929251690424,0.03133399850947227,0.03892925169042449
10.03100848433342,10.060610997557507,0.031008484333419656,0.06061099755750772
10.03068260623234,10.03442946000827,0.030682606232339024,0.03442946000826997
10.030356368030835,10.04641979273617,0.030356368030835135,0.04641979273616958
10.03002977355774,10.010233155100147,0.030029773557739028,0.010233155100146971
10.029702826646064,10.054572738713428,0.02970282664606306,0.054572738713428055
10.029375531132956,10.032484958961787,0.02937553113295581,0.03248495896178722
10.029047890859657,10.009367971412924,0.029047890859657262,0.009367971412923858
10.028719909671453,10.006171908723134,0.028719909671453582,0.006171908723134292
10.028391591417632,10.018821904818518,0.028391591417632006,0.01882190481851754
10.028062939951436,10.039791370164476,0.028062939951435686,0.03979137016447669
10.027733959130018,10.045182270568544,0.027733959130018443,0.04518227056854395
10.027404652814399,10.025624168740046,0.02740465281439952,0.025624168740046426
10.027075024869418,9.992106993042652,0.027075024869418263,-0.007893006957347862
10.026745079163689,10.039081613458896,0.026745079163688748,0.039081613458895346
10.026414819569554,10.01976834927886,0.026414819569554396,0.019768349278858406
10.026084249963043,10.01837294738511,0.026084249963042552,0.018372947385110888
10.025753374223818,10.022086672498288,0.025753374223818837,0.022086672498288815
10.025422196235143,9.984859723183577,0.025422196235141872,-0.015140276816422514
10.025090719883817,10.019219545891099,0.025090719883817527,0.019219545891099626
10.024758949060153,9.996928182214067,0.024758949060153336,-0.003071817785932865
10.024426887657913,10.022007594383192,0.02442688765791286,0.022007594383191866
10.02409453957427,10.03072317378038,0.02409453957426998,0.030723173780381145
10.023761908709764,10.001352479436084,0.02376190870976315,0.0013524794360852861
10.02342899896825,10.04387713631347,0.023428998968249626,0.04387713631346899
10.023095814256859,10.06208361795432,0.02309581425685966,0.062083617954319326
10.02276235848595,10.043975717576224,0.02276235848595067,0.04397571757622418
10.022428635569062,10.005662009238282,0.02242863556906118,0.005662009238281467
10.022094649422865,10.026700539319133,0.022094649422865154,0.02670053931913296
10.021760403967125,10.012181034874722,0.02176040396712585,0.012181034874722413
10.02142590312465,10.019754881714142,0.021425903124649866,0.01975488171414212
10.021091150821242,10.08154964317919,0.02109115082124109,0.08154964317919063
10.020756150985655,9.991761288776795,0.02075615098565464,-0.00823871122320496
10.020420907549552,10.032898737346803,0.020420907549550737,0.032898737346803285
10.020085424447448,10.007104080606792,0.020085424447448583,0.007104080606791893
10.01974970561668,10.005117329849037,0.019749705616680165,0.005117329849037755
10.019413754997345,10.031596401318552,0.01941375499734406,0.03159640131855134
10.01907757653226,10.029549346088954,0.019077576532259225,0.029549346088954917
10.018741174166918,9.99475531727027,0.018741174166918555,-0.005244682729729451
10.018404551849443,10.010770967029286,0.018404551849442834,0.010770967029285771
10.018067713530534,9.991872242380934,0.018067713530534237,-0.008127757619065902
10.01773066316343,10.004750608931445,0.01773066316342999,0.004750608931445886
10.017393404703856,9.9722318493553,0.017393404703855978,-0.027768150644700843
10.01705594210998,10.00797502539757,0.017055942109980335,0.007975025397569604
10.016718279342367,10.0076396934748,0.016718279342366967,0.007639693474800464
10.016380420363928,10.010617593466462,0.016380420363929084,0.0106175934664617
10.016042369139882,10.027911500810236,0.016042369139882683,0.027911500810234656
10.0157041296377,10.053645166725461,0.01570412963770006,0.05364516672546196
10.015365705827064,10.05145599350181,0.015365705827063076,0.051455993501809114
10.015027101679816,10.003335080118342,0.01502710167981681,0.0033350801183421857
10.014688321169922,9.998228634928251,0.014688321169922792,-0.0017713650717482848
10.014349368273413,10.022304616193967,0.014349368273412395,0.022304616193967286
10.01401024696834,10.00732728489313,0.014010246968340176,0.0073272848931292415
10.013670961234737,10.029382978613137,0.013670961234737183,0.029382978613136528
10.013331515054563,10.008453693445476,0.013331515054564251,0.008453693445476291
10.012991912411666,10.014976343198802,0.012991912411665259,0.014976343198801183
10.01265215729172,9.978572236035763,0.012652157291720388,-0.02142776396423727
10.012312253682198,10.00700169187929,0.01231225368219933,0.0070016918792906516
10.011972205572315,10.020233702378349,0.011972205572314544,0.020233702378349407
10.011632016952975,10.028438380619312,0.011632016952974255,0.028438380619310893
10.011291691816735,10.029197125909599,0.011291691816735882,0.02919712590959888
10.010951234157758,9.991461068724055,0.010951234157759003,-0.008538931275944723
10.010610647971758,10.01262120987242,0.010610647971758527,0.012621209872419699
10.010269937255957,10.029203769524917,0.01026993725595779,0.02920376952491696
10.009929106009041,10.02013200352875,0.009929106009041655,0.02013200352875017
10.009588158231109,9.978369089541314,0.009588158231109565,-0.021630910458685572
10.009247097923629,10.04572461046789,0.009247097923628617,0.04572461046788866
10.008905929089387,10.006207576432063,0.00890592908938658,0.00620757643206271
10.008564655732444,10.002866077218561,0.008564655732444934,0.002866077218561535
10.008223281858092,9.976493377484108,0.008223281858091909,-0.023506622515892105
10.007881811472796,10.003439881333257,0.007881811472795305,0.003439881333256797
10.007540248584156,10.014191991675704,0.007540248584155739,0.014191991675704079
10.00719859720086,10.037859780689601,0.007198597200859427,0.037859780689601594
10.006856861332631,10.015722104816346,0.006856861332631192,0.015722104816345207
10.006515044990188,10.01719169209336,0.006515044990187394,0.017191692093360363
10.00617315218519,10.042735406594334,0.006173152185188859,0.0427354065943342
10.005831186930195,10.010616246359362,0.0058311869301938095,0.010616246359362702
10.00548915323861,9.984962059086492,0.005489153238610755,-0.015037940913508574
10.00514705512465,9.9865279376882,0.005147055124651404,-0.013472062311800977
10.004804896603284,10.000159921894713,0.004804896603283586,0.0001599218947130436
10.004462681690184,9.996649761687236,0.004462681690183959,-0.003350238312765247
10.004120414401692,9.999593450201814,0.004120414401691144,-0.0004065497981846772
10.003778098754758,9.98758697552646,0.0037780987547584113,-0.012413024473540072
10.003435738766907,9.998144192618962,0.0034357387669065815,-0.0018558073810376339
10.003093338456177,10.004872519828497,0.0030933384561768716,0.004872519828497748
10.002750901841084,10.001262417164318,0.002750901841083743,0.0012624171643173985
10.002408432940568,10.006693144956763,0.002408432940567734,0.006693144956764112
10.002065935773949,9.985479155309626,0.002065935773948295,-0.014520844690374162
10.001723414360876,9.994764991055971,0.001723414360876616,-0.005235008944028881
10.001380872721288,9.956790682756852,0.001380872721288452,-0.043209317243148804
10.001038314875357,10.000847196356412,0.0010383148753569848,0.0008471963564127517
10.000695744843446,10.012257451523327,0.0006957448434454676,0.012257451523327106
10.000353166646061,10.017031995135405,0.0003531666460603038,0.017031995135405216
10.000010584303803,9.988741994075887,1.058430380368548e-05,-0.011258005924113182
9.999668001837327,9.995769534952817,-0.00033199816267354994,-0.00423046504718346
9.999325423267281,10.004949911451291,-0.0006745767327191071,0.004949911451291183
9.998982852614274,9.988134490290722,-0.0010171473857264204,-0.011865509709277694
9.998640293898818,9.986298460876599,-0.001359706101181841,-0.013701539123401711
9.998297751141289,9.983667108182912,-0.0017022488587118225,-0.016332891817088153
9.99795522836187,9.997316609053348,-0.002044771638130106,-0.002683390946652579
9.997612729580515,10.004102244662937,-0.002387270419484858,0.004102244662935936
9.997270258816894,9.997292783173913,-0.0027297411831060246,-0.0027072168260869472
9.996927820090347,9.974122211529167,-0.0030721799096522463,-0.025877788470832684
9.996585417419842,10.023098131795335,-0.003414582580158202,0.023098131795334834
9.996243054823918,10.02610894232202,-0.003756945176081739,0.026108942322020108
9.99590073632065,9.994030685082496,-0.004099263679351027,-0.005969314917503584
9.995558465927589,10.002316614904915,-0.0044415340724117255,0.0023166149049144106
9.995216247661725,9.978551799197357,-0.004783752338274126,-0.021448200802643532
9.99487408553944,10.00980682218116,-0.005125914460560305,0.009806822181159872
9.994531983576449,9.99228090073949,-0.005468016423551253,-0.00771909926051037
9.994189945787767,9.981352273157853,-0.00581005421223401,-0.01864772684214732
9.99384797618765,9.964152748412188,-0.006152023812348743,-0.03584725158781268
9.993506078789563,9.955235004767948,-0.0064939212104360294,-0.04476499523205158
9.993164257606116,9.989745985007715,-0.006835742393883702,-0.010254014992284722
9.992822516649026,10.00022119452401,-0.007177483350974116,0.00022119452400855277
9.992480859929069,10.010864574971263,-0.007519140070931187,0.010864574971263816
9.992139291456033,9.97592321559715,-0.00786070854396746,-0.024076784402848807
9.99179781523867,9.98356742197002,-0.00820218476133118,-0.01643257802997869
9.991456435284647,9.997212391474667,-0.008543564715353327,-0.002787608525333448
9.991115155600506,9.991135183899704,-0.008884844399494659,-0.008864816100295325
9.990773980191607,10.004651588185094,-0.009226019808392728,0.004651588185094599
9.990432913062092,10.005321303235254,-0.009567086937908857,0.005321303235254414
9.990091958214824,9.953478014751477,-0.009908041785175292,-0.04652198524852256
9.989751119651357,10.031634700900437,-0.010248880348641928,0.03163470090043661
9.989410401371877,9.983374857210356,-0.01058959862812345,-0.016625142789644647
9.989069807375154,9.98182241956676,-0.010930192624846229,-0.0181775804332413
9.988729341658505,9.958198062687204,-0.011270658341495255,-0.04180193731279493
9.98838900821774,10.003769847112249,-0.011610991782261056,0.0037698471122491473
9.988048811047113,10.013978300097005,-0.01195118895288659,0.013978300097005052
9.987708754139286,10.009330658673496,-0.012291245860714117,0.00933065867349724
9.987368841485267,9.983450048996492,-0.012631158514732073,-0.01654995100350764
9.987029077074379,9.969565631971495,-0.01297092292562189,-0.030434368028504764
9.986689464894194,9.998592694530052,-0.013310535105804792,-0.0014073054699478855
9.986350008930511,9.977815197310013,-0.013649991069488757,-0.022184802689986412
9.986010713167286,9.958646679128233,-0.013989286832715034,-0.0413533208717666
9.985671581586596,9.959691727139317,-0.014328418413405083,-0.04030827286068213
9.985332618168593,9.978571723446862,-0.014667381831407256,-0.021428276553137143
9.984993826891456,9.97614938398204,-0.015006173108543512,-0.02385061601795891
9.984655211731344,9.978655270632634,-0.01534478826865611,-0.021344729367365596
9.984316776662345,9.9548831773238,-0.015683223337654272,-0.045116822676198445
9.98397852565644,9.985877793427825,-0.016021474343560823,-0.01412220657217498
9.983640462683441,9.97908727691835,-0.016359537316558814,-0.02091272308165061
9.983302591710961,10.000544800479862,-0.016697408289038058,0.0005448004798622452
9.982964916704358,9.99105116665925,-0.017035083295641875,-0.008948833340749005
9.982627441626686,9.968307709305408,-0.017372558373313373,-0.03169229069459178
9.982290170438658,9.969860122190708,-0.01770982956134213,-0.030139877809291976
9.981953107098589,9.949794567131544,-0.018046892901410632,-0.05020543286845544
9.98161625556236,9.961062362433378,-0.018383744437640733,-0.03893763756662286
9.98127961978336,9.976222302886757,-0.01872038021664009,-0.023777697113242742
9.980943203712451,9.949178026315057,-0.01905679628754854,-0.050821973684942935
9.980607011297916,9.978381592632504,-0.019392988702084488,-0.021618407367496238
9.98027104648541,9.958490887538588,-0.01972895351459123,-0.04150911246141264
9.979935313217917,9.971035371425254,-0.020064686782083285,-0.028964628574745487
9.979599815435707,9.997994613120131,-0.0204001845642926,-0.0020053868798688354
9.979264557076284,9.970898903336025,-0.02073544292371498,-0.02910109666397546
9.978929542074344,10.004292037287614,-0.02107045792565604,0.0042920372876144725
9.978594774361722,9.975783550380363,-0.021405225638277556,-0.024216449619635864
9.978260257867356,9.973108967879547,-0.021739742132643566,-0.026891032120452518
9.977925996517234,9.947084579954304,-0.022074003482766485,-0.052915420045696576
9.977591994234347,9.989785286517362,-0.022408005765653174,-0.010214713482637854
9.977258254938649,10.002778615216402,-0.022741745061350994,0.0027786152164021583
9.976924782547005,9.951038671908629,-0.023075217452993794,-0.0489613280913706
9.976591580973151,9.959361165894062,-0.0234084190268479,-0.040638834105937466
9.976258654127642,9.976183125832046,-0.023741345872358023,-0.023816874167954093
9.975926005917806,9.950593538434694,-0.024073994082193146,-0.04940646156530587
9.975593640247707,9.937144714473915,-0.024406359752292522,-0.06285528552608598
9.975261561018089,9.984043523227003,-0.024738438981911255,-0.015956476772996712
9.974929772126334,9.98036068908162,-0.02507022787366623,-0.019639310918381194
9.974598277466418,9.9717589916485,-0.025401722533581847,-0.028241008351499713
9.974267080928865,9.937879107061494,-0.02573291907113568,-0.06212089293850614
9.973936186400696,9.998815710640638,-0.026063813599304177,-0.001184289359361712
9.973605597765392,9.989395624921992,-0.026394402234608247,-0.010604375078007884
9.973275318902841,9.96307736059947,-0.02672468109715885,-0.03692263940052913
9.972945353689298,9.979527423786715,-0.02705464631070254,-0.020472576213284736
9.972615705997333,9.950008179337106,-0.027384294002666915,-0.049991820662895245
9.972286379695793,10.003176742150393,-0.027713620304206217,0.0031767421503923754
9.971957378649753,9.979280047285648,-0.028042621350246502,-0.020719952714350943
9.97162870672047,9.987244957851368,-0.028371293279531164,-0.012755042148631315
9.971300367765334,9.986311053419453,-0.02869963223466622,-0.013688946580547381
9.970972365637834,9.965188531284962,-0.02902763436216556,-0.034811468715037874
9.970644704187503,9.960657267120768,-0.029355295812496202,-0.039342732879231526
9.970317387259877,9.99293038143845,-0.02968261274012344,-0.007069618561550181
9.969990418696444,9.953509520492792,-0.030009581303555993,-0.04649047950720843
9.969663802334608,9.970328438693146,-0.03033619766539111,-0.02967156130685305
9.96933754200764,9.983027148600195,-0.03066245799235955,-0.01697285139980513
9.969011641544629,9.9743772805878,-0.030988358455370596,-0.02562271941219902
9.968686104770443,9.985970696378978,-0.031313895229557104,-0.014029303621022612
9.96836093550568,9.970096904809528,-0.03163906449432019,-0.029903095190470953
9.968036137566626,9.988890247709405,-0.0319638624333742,-0.011109752290594854
9.967711714765208,9.950284611150805,-0.032288285234791485,-0.049715388849196254
9.967387670908954,9.984406238568338,-0.032612329091047096,-0.015593761431660899
9.967064009800936,9.979944872867145,-0.032935990199063535,-0.020055127132854664
9.966740735239744,9.94752119150478,-0.033259264760255335,-0.0524788084952192
9.966417851019425,9.948223347229527,-0.03358214898057366,-0.051776652770472206
9.96609536092945,9.947876640672858,-0.03390463907055086,-0.05212335932714299
9.965773268754655,9.973297490927367,-0.03422673124534483,-0.026702509072632805
9.965451578275216,9.98166886072843,-0.03454842172478368,-0.01833113927156959
9.96513029326659,9.954320249468893,-0.034869706733409805,-0.045679750531106414
9.964809417499476,9.961660487885045,-0.03519058250052437,-0.038339512114954864
9.96448895473977,9.941024690621518,-0.03551104526023152,-0.058975309378482055
9.964168908748517,9.945873036109434,-0.03583109125148259,-0.054126963890566135
9.96384928328188,9.952747774629373,-0.03615071671812022,-0.04725222537062675
9.963530082091077,9.95995662267586,-0.03646991790892247,-0.040043377324141316
9.963211308922354,9.942786874006158,-0.03678869107764683,-0.05721312599384237
9.962892967516925,9.963907014275657,-0.037107032483074176,-0.03609298572434348
9.962575061610947,9.948971887694185,-0.0374249383890527,-0.051028112305815686
9.962257594935458,9.992407999867671,-0.03774240506454171,-0.007592000132328271
9.961940571216344,9.987864686354055,-0.03805942878365557,-0.012135313645944942
9.961623994174293,9.926546162915193,-0.038376005825707195,-0.07345383708480747
9.961307867524749,9.982979258211966,-0.038692132475251884,-0.017020741788033984
9.96099219497787,9.932928760261717,-0.03900780502213088,-0.0670712397382835
9.960676980238485,9.979594447552383,-0.0393230197615149,-0.02040555244761595
9.960362227006053,9.976994516639982,-0.03963777299394765,-0.02300548336001736
9.960047938974611,9.964811691725401,-0.0399520610253892,-0.035188308274598824
9.95973411983274,9.976720821827056,-0.04026588016725939,-0.023279178172943234
9.959420773263519,9.951827888891286,-0.04057922673648106,-0.04817211110871489
9.959107902944476,9.984587970730527,-0.04089209705552328,-0.015412029269472816
9.958795512547555,9.963027661558398,-0.04120448745244466,-0.03697233844160147
9.958483605739064,9.991130586793583,-0.04151639426093621,-0.008869413206416578
9.958172186179635,9.99429033763654,-0.04182781382036449,-0.005709662363460349
9.957861257524186,9.936333659472952,-0.0421387424758146,-0.06366634052704834
9.957550823421867,9.929506329399398,-0.042449176578133026,-0.07049367060060109
9.95724088751603,9.960967974790751,-0.04275911248397047,-0.03903202520924853
9.956931453444176,9.955026891225753,-0.04306854655582463,-0.044973108774247324
9.956622524837917,9.965478827986226,-0.043377475162082874,-0.03452117201377376
9.956314105322935,9.957603673465064,-0.043685894677064886,-0.04239632653493563
9.956006198518935,9.94011180877378,-0.04399380148106517,-0.05988819122622026
9.955698808039605,9.943077542929796,-0.04430119196039555,-0.05692245707020368
9.955391937492573,9.965667832161829,-0.04460806250742771,-0.034332167838170405
9.955085590479365,9.969261521708765,-0.04491440952063527,-0.0307384782912348
9.954779770595364,9.93833191074972,-0.045220229404636283,-0.061668089250278904
9.954474481429765,9.97636912974337,-0.04552551857023532,-0.023630870256630264
9.954169726565535,9.966475551713895,-0.045830273434465656,-0.033524448286104985
9.95386550957937,9.967071555665198,-0.046134490420631245,-0.03292844433480145
9.95356183404165,9.932489093506364,-0.04643816595834879,-0.0675109064936369
9.953258703516411,9.950506419632639,-0.04674129648358956,-0.04949358036736105
9.952956121561279,9.953752416903418,-0.047043878438721286,-0.04624758309658102
9.95265409172745,9.964202739285723,-0.04734590827254982,-0.03579726071427797
9.952352617559638,9.970794039970821,-0.04764738244036102,-0.02920596002917869
9.952051702596037,9.969237746309595,-0.04794829740396207,-0.030762253690405156
9.951751350368276,9.981277361664796,-0.048248649631723206,-0.018722638335203344
9.951451564401381,9.970250735067015,-0.04854843559861908,-0.029749264932984923
9.95115234821373,9.938691285203292,-0.04884765178627018,-0.06130871479670722
9.950853705317016,9.977263274705233,-0.049146294682984065,-0.02273672529476652
9.950555639216203,9.978041697616979,-0.049444360783796645,-0.021958302383021377
9.950258153409488,9.96153591460782,-0.04974184659051326,-0.0384640853921803
9.94996125138825,9.94447647889184,-0.05003874861174978,-0.05552352110816067
9.949664936637026,9.97121578454606,-0.05033506336297351,-0.028784215453941643
9.949369212633457,9.982026973276446,-0.05063078736654417,-0.017973026723553644
9.949074082848245,9.922763902649132,-0.050925917151754735,-0.0772360973508687
9.948779550745128,9.951687666671544,-0.05122044925487201,-0.0483123333284555
9.948485619780822,9.923281901041918,-0.051514380219177404,-0.07671809895808226
9.948192293404993,9.942165982402903,-0.05180770659500751,-0.05783401759709661
9.947899575060205,9.929092837663537,-0.05210042493979451,-0.07090716233646299
9.947607468181893,9.974097559028188,-0.05239253181810667,-0.02590244097181287
9.947315976198311,9.959399464694771,-0.05268402380168859,-0.04060053530522886
9.947025102530498,9.965567922117337,-0.05297489746950143,-0.034432077882662226
9.946734850592238,9.933652937430832,-0.05326514940776316,-0.06634706256916714
9.946445223790011,9.954918417064807,-0.05355477620998849,-0.04508158293519295
9.946156225522971,9.954135617777142,-0.05384377447702894,-0.04586438222285851
9.945867859182886,9.906098527339187,-0.054132140817112775,-0.09390147266081333
9.945580128154115,9.971646699168192,-0.054419871845884676,-0.028353300831808405
9.945293035813554,9.978346617427894,-0.05470696418644552,-0.02165338257210539
9.945006585530608,9.921000608970559,-0.05499341446939206,-0.07899939102944088
9.944720780667144,9.905122254961471,-0.055279219332856434,-0.09487774503852967
9.944435624577455,9.950397879580025,-0.0555643754225456,-0.04960212041997379
9.94415112060822,9.942467177188783,-0.05584887939178074,-0.05753282281121648
9.943867272098464,9.969232465111265,-0.056132727901536505,-0.030767534888735508
9.94358408237952,9.934592048905829,-0.05641591762048023,-0.06540795109417151
9.943301554774989,9.959776557914632,-0.056698445225010975,-0.04022344208536855
9.943019692600702,9.924826199280636,-0.056980307399298706,-0.07517380071936439
9.942738499164678,9.9310213653499,-0.05726150083532294,-0.06897863465009997
9.942457977767088,9.953618228079533,-0.05754202223291177,-0.04638177192046675
9.942178131700219,9.945742533080697,-0.05782186829978053,-0.05425746691930338
9.941898964248429,9.92773581398015,-0.05810103575157044,-0.07226418601985132
9.941620478688113,9.941379934997235,-0.058379521311887166,-0.05862006500276598
9.941342678287661,9.937327093229946,-0.05865732171233923,-0.0626729067700529
9.941065566307424,9.950041571073944,-0.05893443369257643,-0.049958428926056064
9.940789145999672,9.923269075105583,-0.059210854000328064,-0.07673092489441741
9.940513420608559,9.92355685103297,-0.0594865793914411,-0.07644314896703067
9.940238393370082,9.904441266664561,-0.05976160662991823,-0.09555873333543985
9.939964067512044,9.949523887561263,-0.060035932487956,-0.05047611243873648
9.939690446254017,9.93951604583,-0.06030955374598244,-0.060483954170000104
9.939417532807305,9.935026758033574,-0.06058246719269503,-0.06497324196642647
9.939145330374902,9.911414504451713,-0.06085466962509833,-0.08858549554828643
9.938873842151459,9.926339485275482,-0.061126157848541585,-0.07366051472451701
9.938603071323243,9.958139996283265,-0.061396928676756224,-0.04186000371673507
9.938333021068107,9.926544609783534,-0.06166697893189324,-0.07345539021646669
9.93806369455544,9.917516686390428,-0.06193630544456048,-0.08248331360957167
9.93779509494614,9.954563819429534,-0.062204905053859866,-0.04543618057046515
9.937527225392575,9.927698170479484,-0.06247277460742443,-0.072301829520515
9.937260089038544,9.946599898293881,-0.06273991096145548,-0.0534001017061196
9.936993689019241,9.909463791316854,-0.06300631098075929,-0.09053620868314508
9.936728028461216,9.942547521774861,-0.06327197153878397,-0.057452478225138603
9.936463110482343,9.948499486388107,-0.06353688951765621,-0.05150051361189299
9.936198938191783,9.93529797619773,-0.0638010618082178,-0.06470202380227023
9.935935514689938,9.945332548014433,-0.06406448531006223,-0.05466745198556683
9.93567284306843,9.940023283595641,-0.06432715693157091,-0.05997671640435948
9.93541092641005,9.946973941912475,-0.06458907358994961,-0.05302605808752488
9.935149767788735,9.92098531261009,-0.06485023221126456,-0.07901468738990944
9.934889370269522,9.948610330735407,-0.06511062973047853,-0.051389669264593214
9.934629736908514,9.97084234965797,-0.06537026309148677,-0.02915765034203105
9.934370870752847,9.957841773892463,-0.0656291292471531,-0.04215822610753624
9.934112774840655,9.924785407158216,-0.06588722515934531,-0.07521459284178376
9.933855452201028,9.903888930026673,-0.0661445477989711,-0.09611106997332738
9.933598905853987,9.92898670561822,-0.06640109414601346,-0.07101329438178035
9.933343138810434,9.922080731671107,-0.06665686118956625,-0.07791926832889311
9.93308815407213,9.931411701732456,-0.06691184592786945,-0.06858829826754467
9.932833954631656,9.926642472816797,-0.0671660453683444,-0.07335752718320346
9.93258054347237,9.926040289352834,-0.067419456527629,-0.07395971064716651
9.932327923568387,9.903220348911232,-0.06767207643161255,-0.09677965108876864
9.93207609788453,9.905287947198202,-0.06792390211547082,-0.0947120528017987
9.931825069376298,9.95095378237365,-0.06817493062370086,-0.0490462176263502
9.931574840989844,9.939686064629738,-0.06842515901015549,-0.06031393537026172
9.931325415661922,9.911300297839421,-0.06867458433807809,-0.08869970216057832
9.931076796319863,9.910629885214666,-0.06892320368013692,-0.08937011478533322
9.93082898588154,9.91736003370128,-0.06917101411845959,-0.08263996629872022
9.930581987255334,9.950515003720362,-0.06941801274466723,-0.049484996279638635
9.93033580334009,9.93145748410597,-0.06966419665990861,-0.06854251589402971
9.930090437025106,9.937988517622207,-0.06990956297489426,-0.06201148237779269
9.92984589119007,9.924882230798472,-0.07015410880993027,-0.07511776920152799
9.929602168705047,9.915528052653373,-0.07039783129495217,-0.08447194734662748
9.92935927243044,9.921096110885436,-0.07064072756955848,-0.07890388911456431
9.929117205216956,9.906041339492115,-0.07088279478304454,-0.0939586605078861
9.928875969905564,9.952849882013371,-0.07112403009443569,-0.04715011798662839
9.92863556932748,9.93992394485187,-0.07136443067252074,-0.06007605514813047
9.928396006304116,9.956020191617892,-0.0716039936958852,-0.04397980838210879
9.928157283647055,9.939934927007124,-0.07184271635294437,-0.0600650729928763
9.927919404158024,9.917297598894715,-0.07208059584197636,-0.08270240110528525
9.927682370628846,9.95093147247176,-0.07231762937115493,-0.04906852752824002
9.927446185841418,9.912408067164442,-0.07255381415858234,-0.08759193283555702
9.927210852567677,9.938646966503901,-0.07278914743232183,-0.06135303349609914
9.92697637356957,9.916051851571433,-0.07302362643043037,-0.0839481484285666
9.92674275159901,9.919143358720396,-0.07325724840099096,-0.08085664127960465
9.926509989397855,9.930552589820346,-0.07349001060214491,-0.06944741017965372
9.926278089697876,9.934882208841676,-0.07372191030212402,-0.06511779115832278
9.926047055220717,9.976049122551489,-0.0739529447792827,-0.02395087744851139
9.92581688867787,9.915210888661623,-0.07418311132212989,-0.08478911133837669
9.92558759277064,9.919937869130807,-0.07441240722936085,-0.08006213086919334
9.925359170190111,9.921077300140066,-0.07464082980988887,-0.07892269985993398
9.925131623617123,9.898038619234883,-0.07486837638287691,-0.10196138076511724
9.924904955722232,9.942657337899472,-0.07509504427776899,-0.0573426621005282
9.924679169165678,9.919768564911722,-0.07532083083432158,-0.08023143508827717
9.924454266597365,9.947403989164812,-0.07554573340263476,-0.052596010835187904
9.924230250656816,9.909837377368651,-0.0757697493431835,-0.09016262263134905
9.924007123973151,9.96077648726894,-0.07599287602684832,-0.039223512731058445
9.923784889165054,9.938673143394388,-0.07621511083494648,-0.06132685660561202
9.923563548840738,9.902048536557876,-0.07643645115926243,-0.09795146344212445
9.92334310559792,9.909352815185647,-0.07665689440207867,-0.09064718481435338
9.923123562023793,9.880228556045921,-0.07687643797620612,-0.11977144395407854
9.922904920694986,9.929391180686851,-0.07709507930501436,-0.07060881931314883
9.922687184177537,9.949889921537345,-0.07731281582246219,-0.050110078462654334
9.922470355026872,9.92799982601502,-0.07752964497312732,-0.07200017398497993
9.922254435787764,9.937987187386732,-0.07774556421223683,-0.06201281261326833
9.922039428994303,9.943532469369869,-0.07796057100569659,-0.056467530630131456
9.921825337169878,9.92719658364594,-0.0781746628301214,-0.0728034163540589
9.921612162827136,9.908278367114248,-0.07838783717286421,-0.09172163288575304
9.921399908467954,9.942278969954979,-0.07860009153204606,-0.05772103004502119
9.921188576583415,9.925943446043938,-0.07881142341658492,-0.07405655395606131
9.920978169653775,9.935743350263367,-0.07902183034622544,-0.06425664973663285
9.920768690148432,9.912117060511667,-0.07923130985156776,-0.0878829394883325
9.920560140525904,9.921500510648691,-0.07943985947409643,-0.07849948935130795
9.92035252323379,9.939002297998744,-0.07964747676620959,-0.060997702001256385
9.920145840708752,9.9257868187968,-0.07985415929124727,-0.07421318120320028
9.919940095376479,9.901884688301015,-0.08005990462352044,-0.09811531169898521
9.91973528965166,9.907410293520423,-0.08026471034833906,-0.09258970647957668
9.91953142593796,9.907947228352569,-0.08046857406204076,-0.09205277164743078
9.91932850662798,9.902904218512424,-0.08067149337201873,-0.09709578148757637
9.919126534103249,9.93119809986232,-0.0808734658967502,-0.06880190013768017
9.918925510734176,9.914766206496767,-0.08107448926582389,-0.08523379350323407
9.918725438880031,9.949872409533828,-0.0812745611199683,-0.05012759046617174
9.91852632088892,9.918251265116028,-0.08147367911107921,-0.08174873488397073
9.918328159097753,9.90598195878552,-0.08167184090224704,-0.09401804121448103
9.918130955832215,9.902123608185093,-0.08186904416778468,-0.09787639181490633
9.917934713406746,9.93382605325442,-0.08206528659325435,-0.06617394674558054
9.917739434124504,9.893061648031562,-0.08226056587549524,-0.10693835196843783
9.91754512027735,9.908391935583445,-0.08245487972265003,-0.09160806441655452
9.917351774145807,9.943811112009323,-0.08264822585419225,-0.05618888799067695
9.917159397999047,9.9032625128105,-0.08284060200095265,-0.09673748718950052
9.916967994094854,9.91896629685386,-0.0830320059051462,-0.08103370314614017
9.916777564679602,9.923152658531595,-0.08322243532039819,-0.07684734146840541
9.91658811198823,9.933996657665864,-0.08341188801177103,-0.06600334233413593
9.91639963824421,9.915118432987214,-0.08360036175579018,-0.08488156701278661
9.91621214565953,9.95678890059483,-0.0837878543404702,-0.04321109940516915
9.916025636434659,9.900446786025393,-0.08397436356534108,-0.09955321397460687
9.915840112758527,9.93540652659829,-0.08415988724147354,-0.06459347340170857
9.915655576808495,9.928850050362119,-0.08434442319150524,-0.07114994963788114
9.915472030750333,9.886963268583834,-0.08452796924966594,-0.11303673141616662
9.915289476738197,9.909654519929816,-0.08471052326180319,-0.09034548007018431
9.915107916914593,9.922242711413736,-0.08489208308540735,-0.0777572885862649
9.914927353410363,9.904487043970958,-0.08507264658963708,-0.09551295602904111
9.914747788344656,9.897479279383763,-0.08525221165534391,-0.10252072061623765
9.914569223824902,9.907233605534785,-0.08543077617509752,-0.09276639446521513
9.91439166194679,9.917403634014617,-0.08560833805321032,-0.08259636598538224
9.914215104794238,9.913396530907047,-0.08578489520576185,-0.0866034690929535
9.914039554439377,9.94792662600956,-0.08596044556062363,-0.052073373990440985
9.913865012942518,9.890310863469631,-0.08613498705748307,-0.10968913653036912
9.913691482352132,9.908605571723186,-0.08630851764786801,-0.09139442827681443
9.91351896470483,9.874250457685797,-0.08648103529517047,-0.1257495423142039
9.91334746202533,9.901521180905704,-0.08665253797467079,-0.09847881909429566
9.913176976326438,9.947023415559434,-0.08682302367356115,-0.05297658444056635
9.91300750960903,9.927500754066916,-0.08699249039096944,-0.07249924593308493
9.912839063862018,9.924144442655118,-0.08716093613798265,-0.07585555734488227
9.91267164106233,9.888944431343903,-0.08732835893766999,-0.11105556865609717
9.912505243174893,9.921393204513041,-0.08749475682510656,-0.07860679548695913
9.912339872152604,9.898761383017234,-0.08766012784739591,-0.10123861698276586
9.912175529936306,9.883925306203402,-0.08782447006369337,-0.116074693796599
9.912012218454771,9.907110590459686,-0.08798778154522852,-0.09288940954031488
9.911849939624672,9.885781318594805,-0.08815006037532806,-0.11421868140519509
9.911688695350563,9.91964827754197,-0.08831130464943808,-0.08035172245802978
9.911528487524853,9.876393767530908,-0.0884715124751467,-0.12360623246909196
9.911369318027795,9.876294203038015,-0.08863068197220594,-0.12370579696198522
9.911211188727446,9.906507379320548,-0.08878881127255407,-0.09349262067945294
9.911054101479662,9.950794159384904,-0.08894589852033746,-0.04920584061509654
9.910898058128067,9.904287170892925,-0.0891019418719322,-0.09571282910707588
9.910743060504034,9.884251002970336,-0.08925693949596597,-0.11574899702966376
9.910589110426661,9.915625144121087,-0.08941088957333933,-0.08437485587891326
9.910436209702752,9.961509907334428,-0.08956379029724731,-0.03849009266557275
9.9102843601268,9.904847898465837,-0.0897156398732003,-0.09515210153416225
9.910133563480954,9.93571433095809,-0.08986643651904545,-0.0642856690419105
9.909983821535013,9.911760898699516,-0.09001617846498727,-0.08823910130048412
9.909835136046391,9.89458175052075,-0.09016486395360868,-0.10541824947925048
9.909687508760108,9.908204164779582,-0.09031249123989138,-0.09179583522041926
9.909540941408764,9.935680869471955,-0.09045905859123657,-0.06431913052804518
9.909395435712515,9.919944999407138,-0.09060456428748515,-0.08005500059286194
9.909250993379063,9.927250422843382,-0.0907490066209378,-0.07274957715661817
9.909107616103624,9.9171948309204,-0.09089238389637534,-0.08280516907959995
9.908965305568922,9.887711000569954,-0.09103469443107827,-0.11228899943004567
9.908824063445152,9.897801064686739,-0.09117593655484685,-0.10219893531326095
9.90868389138998,9.887855670506278,-0.09131610861002032,-0.11214432949372269
9.908544791048504,9.933581335466831,-0.09145520895149682,-0.06641866453316778
9.908406764053248,9.897745228153846,-0.09159323594675223,-0.10225477184615386
9.908269812024141,9.89901378263144,-0.09173018797585972,-0.10098621736855866
9.908133936568492,9.91449855343173,-0.09186606343150844,-0.08550144656827012
9.907999139280978,9.919717855096756,-0.09200086071902264,-0.08028214490324309
9.907865421743619,9.91550045528823,-0.09213457825638027,-0.08449954471177087
9.907732785525768,9.917445274081988,-0.09226721447423149,-0.08255472591801138
9.907601232184083,9.889017538567847,-0.09239876781591727,-0.11098246143215315
9.907470763262513,9.88886586415429,-0.09252923673748739,-0.11113413584570882
9.907341380292282,9.933830959125544,-0.09265861970771888,-0.06616904087445534
9.907213084791866,9.904019597160172,-0.09278691520813366,-0.09598040283982799
9.907085878266983,9.883766303583013,-0.09291412173301672,-0.11623369641698683
9.906959762210567,9.910912089482194,-0.09304023778943339,-0.08908791051780614
9.906834738102752,9.922976347963365,-0.09316526189724722,-0.0770236520366358
9.906710807410862,9.919860015059307,-0.0932891925891372,-0.08013998494069328
9.906587971589385,9.891796389160024,-0.09341202841061484,-0.10820361083997526
9.906466232079959,9.884158811812387,-0.09353376792004159,-0.11584118818761348
9.906345590311355,9.925298681622316,-0.09365440968864533,-0.07470131837768418
9.906226047699462,9.922694709527498,-0.09377395230053759,-0.07730529047250183
9.90610760564727,9.899436090448217,-0.09389239435272971,-0.10056390955178333
9.905990265544851,9.882133804530067,-0.09400973445514973,-0.11786619546993227
9.905874028769341,9.896588832608382,-0.09412597123065838,-0.10341116739161857
9.905758896684935,9.915658814341114,-0.09424110331506547,-0.08434118565888589
9.905644870642854,9.918124498076947,-0.09435512935714568,-0.08187550192305329
9.905531951981345,9.911567019142028,-0.09446804801865463,-0.08843298085797227
9.905420142025655,9.874743122234365,-0.09457985797434454,-0.12525687776563513
9.90530944208802,9.889681010919153,-0.09469055791197956,-0.11031898908084621
9.905199853467648,9.90926736776322,-0.09480014653235158,-0.09073263223677952
9.905091377450704,9.894399637770128,-0.09490862254929504,-0.10560036222987265
9.904984015310298,9.908043994276401,-0.09501598468970238,-0.09195600572359824
9.904877768306461,9.926624590422243,-0.09512223169353874,-0.07337540957775678
9.904772637686143,9.884932976811603,-0.09522736231385694,-0.11506702318839668
9.904668624683188,9.921248372470593,-0.0953313753168119,-0.07875162752940726
9.904565730518325,9.922799645486288,-0.09543426948167537,-0.07720035451371204
9.90446395639915,9.868317760189605,-0.09553604360084997,-0.13168223981039454
9.904363303520116,9.897011473801175,-0.09563669647988364,-0.10298852619882437
9.904263773062516,9.921887913482115,-0.09573622693748353,-0.07811208651788544
9.904165366194471,9.907943955996828,-0.0958346338055298,-0.09205604400317183
9.90406808407091,9.93232935281617,-0.09593191592908945,-0.06767064718382944
9.90397192783357,9.900745474560738,-0.09602807216642979,-0.09925452543926151
9.903876898610967,9.901502323051062,-0.09612310138903196,-0.09849767694893742
9.903782997518396,9.886602728061346,-0.09621700248160393,-0.11339727193865418
9.903690225657906,9.932604118748904,-0.09630977434209394,-0.06739588125109619
9.903598584118297,9.921449004959232,-0.09640141588170306,-0.07855099504076703
9.903508073975102,9.914990955373199,-0.09649192602489831,-0.08500904462680191
9.903418696290576,9.932970415530324,-0.09658130370942498,-0.06702958446967583
9.90333045211368,9.91192425452234,-0.09666954788631936,-0.08807574547765995
9.90324334248008,9.934508573530612,-0.09675665751992087,-0.06549142646938685
9.903157368412115,9.892972961458419,-0.09684263158788425,-0.1070270385415808
9.903072530918807,9.929415023063942,-0.0969274690811917,-0.07058497693605703
9.902988830995836,9.904122132438228,-0.09701116900416444,-0.09587786756177079
9.902906269625525,9.895734351815847,-0.09709373037447472,-0.1042656481841529
9.902824847776843,9.93156021376544,-0.09717515222315705,-0.06843978623455971
9.90274456640538,9.881657880924836,-0.09725543359461986,-0.11834211907516333
9.902665426453343,9.893278640372753,-0.09733457354665642,-0.1067213596272474
9.902587428849543,9.876627982768815,-0.09741257115045619,-0.12337201723118571
9.902510574509385,9.892267640190726,-0.09748942549061546,-0.10773235980927484
9.902434864334852,9.921610121566449,-0.09756513566514825,-0.07838987843355089
9.902360299214504,9.920549260691246,-0.09763970078549693,-0.0794507393087537
9.902286880023457,9.930210064640884,-0.09771311997654243,-0.06978993535911573
9.902214607623385,9.908138001667211,-0.0977853923766148,-0.09186199833278813
9.902143482862497,9.915103804546844,-0.09785651713750305,-0.08489619545315628
9.902073506575535,9.911186824445393,-0.09792649342446537,-0.08881317555460806
9.902004679583762,9.906095120689464,-0.09799532041623865,-0.0939048793105366
9.901937002694952,9.933876855570343,-0.09806299730504836,-0.06612314442965611
9.901870476703381,9.885460051139875,-0.0981295232966179,-0.11453994886012488
9.901805102389822,9.889475554022876,-0.09819489761017791,-0.11052444597712308
9.901740880521524,9.899465531915421,-0.09825911947847556,-0.10053446808457966
9.901677811852217,9.90137508346329,-0.09832218814778339,-0.09862491653671117
9.901615897122092,9.877441980990506,-0.09838410287790827,-0.1225580190094943
9.9015551370578,9.900681786007736,-0.09844486294220005,-0.09931821399226345
9.90149553237244,9.938074553936131,-0.09850446762756009,-0.061925446063868676
9.90143708376555,9.915539279730668,-0.0985629162344496,-0.08446072026933264
9.901379791923102,9.912350638036807,-0.09862020807689795,-0.08764936196319198
9.901323657517489,9.96307606188766,-0.09867634248251056,-0.03692393811233877
9.901268681207522,9.89020047380638,-0.09873131879247697,-0.10979952619362024
9.90121486363842,9.8925787446791,-0.0987851363615784,-0.107421255320901
9.901162205441805,9.896910036261453,-0.09883779455819547,-0.10308996373854704
9.901110707235684,9.885245301846755,-0.09888929276431556,-0.11475469815324524
9.90106036962446,9.869668680223368,-0.09893963037553995,-0.13033131977663223
9.901011193198908,9.90312029912201,-0.09898880680109114,-0.09687970087798924
9.90096317853618,9.882345682959272,-0.09903682146381958,-0.1176543170407281
9.90091632619979,9.910798412852577,-0.09908367380021055,-0.08920158714742284
9.90087063673961,9.882594487081665,-0.09912936326039073,-0.11740551291833548
9.900826110691865,9.925629256744742,-0.0991738893081347,-0.07437074325525753
9.900782748579129,9.887150251972077,-0.09921725142087118,-0.1128497480279234
9.90074055091031,9.895740325030184,-0.0992594490896892,-0.10425967496981567
9.900699518180655,9.879879271987836,-0.09930048181934403,-0.12012072801216399
9.900659650871736,9.926167444106154,-0.09934034912826306,-0.07383255589384509
9.900620949451449,9.899180880244208,-0.09937905054855141,-0.10081911975579216
9.900583414374003,9.912684736461534,-0.09941658562599737,-0.08731526353846662
9.900547046079922,9.903057370821026,-0.09945295392007786,-0.09694262917897405
9.900511844996036,9.94091276528394,-0.09948815500396346,-0.059087234716060484
9.900477811535476,9.892842471814484,-0.09952218846452354,-0.10715752818551522
9.90044494609767,9.911577517457436,-0.099555053902331,-0.08842248254256341
9.900413249068333,9.90073326699482,-0.09958675093166708,-0.09926673300518024
9.900382720819474,9.906723791644819,-0.09961727918052575,-0.09327620835518124
9.900353361709382,9.877277655365411,-0.09964663829061819,-0.12272234463458903
9.900325172082622,9.885786443574352,-0.0996748279173769,-0.11421355642564862
9.90029815227004,9.914889992719338,-0.09970184772995985,-0.08511000728066226
9.900272302588746,9.933866407604445,-0.09972769741125428,-0.06613359239555562
9.90024762334212,9.928011955025003,-0.09975237665788043,-0.07198804497499683
9.900224114819805,9.886655600691011,-0.09977588518019516,-0.11334439930898929
9.900201777297704,9.888927339113861,-0.09979822270229527,-0.111072660886138
9.90018061103798,9.888669620560929,-0.09981938896202079,-0.11133037943907109
9.900160616289043,9.891364444166761,-0.09983938371095802,-0.10863555583323928
9.900141793285558,9.889279634833406,-0.09985820671444254,-0.1107203651665953
9.900124142248439,9.898341846336024,-0.09987585775156178,-0.10165815366397549
9.900107663384842,9.895479470079875,-0.09989233661515784,-0.10452052992012395
9.90009235688817,9.875859074092078,-0.09990764311182973,-0.12414092590792081
9.900078222938065,9.909159708825438,-0.09992177706193572,-0.09084029117456228
9.900065261700405,9.928467165262136,-0.09993473829959548,-0.07153283473786437
9.900053473327308,9.880228809085732,-0.099946526672692,-0.11977119091426713
9.900042857957127,9.883117748371784,-0.09995714204287326,-0.11688225162821562
9.900033415714447,9.915509086687257,-0.09996658428555412,-0.08449091331274373
9.900025146710082,9.872199353107904,-0.0999748532899175,-0.12780064689209614
9.900018051041084,9.890025802721736,-0.09998194895891584,-0.10997419727826345
9.900012128790728,9.906250489650503,-0.09998787120927223,-0.09374951034949702
9.90000738002852,9.896533209814963,-0.0999926199714813,-0.1034667901850363
9.90000380481019,9.872931021995642,-0.09999619518981018,-0.12706897800435793
9.9000014031777,9.88879696527159,-0.09999859682229895,-0.11120303472840964
9.900000175159239,9.88394088129452,-0.09999982484076136,-0.11605911870547954
9.900000120769215,9.898452019196217,-0.09999987923078503,-0.1015479808037823
9.900001240008269,9.906948368298321,-0.09999875999173158,-0.0930516317016781
9.900003532863263,9.889559985350028,-0.09999646713673677,-0.11044001464997288
9.90000699930729,9.887234600323733,-0.09999300069271022,-0.11276539967626716
9.900011639299665,9.879070520542026,-0.09998836070033518,-0.12092947945797372
9.900017452785931,9.91386663629108,-0.09998254721406803,-0.08613336370891916
9.900024439697862,9.887513415499788,-0.09997556030213761,-0.11248658450021173
9.900032599953455,9.89822171372275,-0.09996740004654446,-0.10177828627725025
9.90004193345694,9.891561967697998,-0.0999580665430598,-0.10843803230200251
9.900052440098776,9.909660956267155,-0.0999475599012245,-0.09033904373284433
9.900064119755653,9.887521161856624,-0.09993588024434771,-0.11247883814337604
9.900076972290494,9.89368314269896,-0.09992302770950544,-0.10631685730104007
9.90009099755246,9.905173870848039,-0.09990900244753893,-0.09482612915196188
9.900106195376948,9.91283345349063,-0.09989380462305299,-0.08716654650936871
9.900122565585587,9.905250549981897,-0.09987743441441388,-0.09474945001810214
9.900140107986253,9.920739831129383,-0.09985989201374736,-0.07926016887061615
9.900158822373063,9.911753337028227,-0.09984117762693641,-0.08824666297177286
9.900178708526381,9.918083572749573,-0.09982129147361878,-0.08191642725042668
9.900199766212815,9.93991435303563,-0.09980023378718442,-0.06008564696436974
9.900221995185227,9.875096685250933,-0.09977800481477277,-0.12490331474906664
9.900245395182731,9.91104165654741,-0.0997546048172698,-0.08895834345259128
9.900269965930695,9.89644567522362,-0.09973003406930506,-0.1035543247763801
9.900295707140751,9.912786878002397,-0.09970429285924831,-0.08721312199760409
9.900322618510794,9.905858689071245,-0.09967738148920625,-0.09414131092875491
9.900350699724981,9.905902125356848,-0.09964930027501895,-0.09409787464315203
9.900379950453743,9.914792501321276,-0.09962004954625606,-0.08520749867872447
9.900410370353788,9.92990127817608,-0.09958962964621307,-0.07009872182391967
9.900441959068093,9.932236108770127,-0.0995580409319072,-0.06776389122987256
9.900474716225927,9.923875297683516,-0.09952528377407324,-0.07612470231648341
9.90050864144284,9.920341488854163,-0.0994913585571592,-0.07965851114583762
9.900543734320678,9.92031498210076,-0.09945626567932175,-0.07968501789924025
9.900579994447579,9.910230274523437,-0.09942000555242159,-0.0897697254765626
9.900617421397982,9.904151929071192,-0.09938257860201866,-0.09584807092880836
9.900656014732633,9.869248733567018,-0.09934398526736704,-0.13075126643298265
9.90069577399859,9.910420743344865,-0.09930422600140991,-0.08957925665513498
9.900736698729226,9.909726435207494,-0.09926330127077408,-0.09027356479250599
9.900778788444235,9.914991776586996,-0.09922121155576472,-0.08500822341300415
9.90082204264964,9.926221296478348,-0.09917795735035953,-0.0737787035216525
9.900866460837797,9.88987287533759,-0.09913353916220308,-0.11012712466241088
9.900912042487398,9.900391411294738,-0.09908795751260074,-0.09960858870526183
9.900958787063487,9.905752027899151,-0.09904121293651268,-0.09424797210084872
9.901006694017452,9.886800319330439,-0.09899330598254748,-0.1131996806695613
9.901055762787044,9.922685801407859,-0.09894423721295577,-0.0773141985921415
9.901105992796376,9.875044075474243,-0.0988940072036236,-0.12495592452575795
9.901157383455935,9.87660165551059,-0.09884261654406565,-0.12339834448940866
9.901209934162582,9.88814325410783,-0.0987900658374184,-0.11185674589216978
9.901263644299567,9.904234691093627,-0.09873635570043296,-0.09576530890637229
9.901318513236532,9.904034461351733,-0.09868148676346787,-0.09596553864826765
9.901374540329519,9.9013643364939,-0.0986254596704817,-0.09863566350609976
9.901431724920975,9.898686598267597,-0.09856827507902553,-0.10131340173240364
9.901490066339765,9.87708624167144,-0.09850993366023514,-0.12291375832855965
9.901549563901177,9.938726953301602,-0.0984504360988232,-0.061273046698397365
9.90161021690693,9.927910046502605,-0.09838978309307127,-0.07208995349739529
9.901672024645178,9.892873424404048,-0.09832797535482146,-0.10712657559595283
9.901734986390531,9.856107638420475,-0.09826501360946832,-0.1438923615795253
9.90179910140405,9.931277445472787,-0.09820089859595,-0.06872255452721358
9.90186436893326,9.861312319650787,-0.09813563106673995,-0.13868768034921283
9.901930788212162,9.926966230098667,-0.0980692117878377,-0.07303376990133277
9.90199835846124,9.899009388768821,-0.09800164153876023,-0.10099061123117876
9.902067078887468,9.895071237016317,-0.09793292111253254,-0.10492876298368209
9.902136948684321,9.87318018555929,-0.09786305131567856,-0.12681981444071036
9.902207967031789,9.908029583288142,-0.09779203296821148,-0.09197041671185856
9.902280133096376,9.896045389691048,-0.09771986690362432,-0.10395461030895252
9.90235344603112,9.890003854170997,-0.09764655396888,-0.10999614582900209
9.902427904975598,9.899621903645922,-0.09757209502440148,-0.10037809635407767
9.902503509055938,9.89619265896825,-0.09749649094406165,-0.10380734103175
9.902580257384827,9.923337528218164,-0.09741974261517304,-0.07666247178183629
9.902658149061523,9.91802979446504,-0.09734185093847747,-0.08197020553495894
9.902737183171865,9.902068675224807,-0.09726281682813535,-0.09793132477519222
9.902817358788285,9.904606721471806,-0.09718264121171516,-0.09539327852819343
9.902898674969817,9.913491237361862,-0.09710132503018236,-0.08650876263813809
9.902981130762111,9.91441011306093,-0.09701886923788845,-0.08558988693906963
9.90306472519744,9.896652978137766,-0.09693527480255977,-0.10334702186223453
9.903149457294713,9.940686758079433,-0.09685054270528608,-0.05931324192056589
9.903235326059491,9.903765452467319,-0.09676467394050914,-0.09623454753268075
9.90332233048399,9.893794617241461,-0.09667766951601091,-0.10620538275853919
9.903410469547097,9.875097128125443,-0.0965895304529019,-0.12490287187455702
9.903499742214391,9.886849575060173,-0.096500257785609,-0.1131504249398268
9.903590147438136,9.907060005348097,-0.09640985256186349,-0.09293999465190303
9.903681684157311,9.866235569002333,-0.0963183158426886,-0.13376443099766744
9.903774351297614,9.880516771115696,-0.09622564870238723,-0.11948322888430442
9.90386814777147,9.884895059170436,-0.09613185222852917,-0.11510494082956499
9.903963072478062,9.911544183842171,-0.09603692752193842,-0.08845581615782977
9.90405912430332,9.905955841609533,-0.09594087569668032,-0.0940441583904667
9.90415630211995,9.920317026116484,-0.09584369788004835,-0.0796829738835162
9.904254604787448,9.931989107100412,-0.09574539521255103,-0.06801089289958806
9.904354031152101,9.873177529201847,-0.0956459688478984,-0.12682247079815273
9.90445458004701,9.906211339681475,-0.09554541995298865,-0.09378866031852554
9.904556250292107,9.891953804493753,-0.09544374970789424,-0.10804619550624726
9.904659040694153,9.898746331309562,-0.09534095930584818,-0.1012536686904371
9.90476295004677,9.929692895517123,-0.09523704995322996,-0.07030710448287644
9.904867977130449,9.884432750424914,-0.09513202286955146,-0.11556724957508624
9.904974120712557,9.88734366061407,-0.09502587928744254,-0.11265633938593042
9.905081379547363,9.918975764372131,-0.0949186204526366,-0.08102423562786804
9.905189752376044,9.906297051741058,-0.09481024762395612,-0.0937029482589419
9.905299237926702,9.900464796708318,-0.09470076207329761,-0.09953520329168196
9.905409834914384,9.94866430513934,-0.09459016508561692,-0.051335694860659635
9.905521542041086,9.895602757835263,-0.09447845795891396,-0.10439724216473675
9.905634357995782,9.900309991266427,-0.09436564200421772,-0.09969000873357256
9.905748281454429,9.896706958413708,-0.09425171854557057,-0.10329304158629327
9.905863311079987,9.919194011879096,-0.094136688920013,-0.08080598812090323
9.905979445522432,9.911279393953599,-0.09402055447756774,-0.08872060604640084
9.906096683418776,9.900498626330704,-0.09390331658122408,-0.09950137366929658
9.906215023393079,9.919014928555509,-0.0937849766069217,-0.08098507144449049
9.906334464056465,9.896621168919596,-0.09366553594353456,-0.10337883108040305
9.906455004007146,9.909226762004515,-0.09354499599285482,-0.09077323799548598
9.906576641830425,9.837473627823895,-0.09342335816957598,-0.1625263721761044
9.906699376098723,9.883174762211564,-0.09330062390127675,-0.11682523778843583
9.906823205371596,9.914657543389424,-0.09317679462840381,-0.08534245661057617
9.906948128195745,9.89595300722107,-0.09305187180425536,-0.10404699277892877
9.907074143105037,9.885438080115096,-0.09292585689496369,-0.1145619198849044
9.907201248620522,9.892266907896479,-0.09279875137947828,-0.10773309210352118
9.907329443250452,9.89273972787833,-0.09267055674954815,-0.10726027212166953
9.907458725490295,9.907511701717825,-0.09254127450970462,-0.09248829828217543
9.907589093822757,9.94388541701588,-0.09241090617724346,-0.05611458298412047
9.907720546717792,9.887137534239667,-0.09227945328220712,-0.11286246576033276
9.907853082632633,9.927186820626163,-0.09214691736736697,-0.0728131793738365
9.907986700011795,9.921799599083142,-0.09201329998820482,-0.07820040091685729
9.908121397287104,9.93500586020051,-0.09187860271289505,-0.06499413979949034
9.908257172877715,9.900940311002694,-0.09174282712228593,-0.09905968899730663
9.90839402519012,9.89385760397827,-0.0916059748098812,-0.10614239602172962
9.908531952618178,9.929188948150022,-0.09146804738182131,-0.07081105184997812
9.908670953543135,9.916471115145479,-0.09132904645686468,-0.0835288848545209
9.908811026333632,9.891593358592964,-0.09118897366636845,-0.10840664140703572
9.90895216934573,9.894611779815037,-0.0910478306542697,-0.10538822018496315
9.909094380922934,9.873978004648423,-0.09090561907706585,-0.1260219953515767
9.909237659396204,9.881880168850008,-0.09076234060379523,-0.11811983114999232
9.909382003083982,9.910253822682352,-0.09061799691601785,-0.08974617731764895
9.909527410292204,9.946495253201345,-0.0904725897077951,-0.0535047467986546
9.90967387931433,9.915243696555716,-0.09032612068567045,-0.08475630344428317
9.909821408431352,9.899720406129406,-0.09017859156864888,-0.10027959387059371
9.909969995911823,9.934345791689351,-0.09003000408817723,-0.06565420831064954
9.910119640011876,9.893353887784606,-0.08988035998812335,-0.10664611221539357
9.910270338975243,9.911257208110733,-0.08972966102475616,-0.08874279188926745
9.910422091033276,9.923618425101845,-0.08957790896672456,-0.07638157489815581
9.910574894404963,9.89169743860279,-0.08942510559503697,-0.10830256139721045
9.91072874729696,9.918795244515797,-0.08927125270304043,-0.08120475548420314
9.910883647903601,9.916151579666858,-0.08911635209639931,-0.08384842033314235
9.911039594406926,9.906550151798376,-0.08896040559307446,-0.09344984820162368
9.911196584976699,9.88355284467045,-0.08880341502330151,-0.11644715532954841
9.91135461777043,9.90609238467145,-0.08864538222956973,-0.09390761532855102
9.9115136909334,9.914004441606062,-0.08848630906660011,-0.08599555839393716
9.911673802598676,9.918854293463204,-0.08832619740132389,-0.08114570653679695
9.91183495088714,9.918411088202097,-0.0881650491128603,-0.08158891179790247
9.911997133907505,9.93655575840412,-0.08800286609249489,-0.06344424159587925
9.912160349756343,9.935970158596346,-0.08783965024365697,-0.06402984140365331
9.912324596518102,9.89175940915231,-0.08767540348189752,-0.10824059084768929
9.912489872265134,9.907055960367158,-0.08751012773486669,-0.09294403963284281
9.912656175057709,9.911523815845715,-0.08734382494229094,-0.0884761841542843
9.912823502944049,9.923874673653101,-0.08717649705595067,-0.07612532634689871
9.912991853960342,9.90918792548573,-0.08700814603965687,-0.0908120745142705
9.913161226130772,9.914060262579895,-0.08683877386922852,-0.085939737420106
9.91333161746753,9.904202491823249,-0.08666838253246895,-0.09579750817675127
9.913503025970858,9.87972409095995,-0.08649697402914293,-0.1202759090400497
9.913675449629046,9.945185196495538,-0.08632455037095288,-0.05481480350446133
9.913848886418485,9.922455820368482,-0.08615111358151546,-0.0775441796315184
9.914023334303662,9.922003937425186,-0.08597666569633772,-0.07799606257481302
9.914198791237206,9.918320817572845,-0.08580120876279318,-0.08167918242715504
9.914375255159902,9.937549305707217,-0.08562474484009802,-0.0624506942927835
9.914552724000714,9.91684704068883,-0.08544727599928653,-0.08315295931116869
9.914731195676813,9.948235475259366,-0.08526880432318724,-0.051764524740633054
9.914910668093603,9.931810107298764,-0.0850893319063981,-0.06818989270123649
9.915091139144737,9.903888310739598,-0.0849088608552622,-0.0961116892604016
9.915272606712158,9.915842053237268,-0.08472739328784272,-0.08415794676273146
9.915455068666102,9.921306909566129,-0.08454493133389848,-0.07869309043387146
9.915638522865141,9.909917146468873,-0.08436147713485852,-0.09008285353112779
9.915822967156203,9.902790061631798,-0.08417703284379735,-0.09720993836820199
9.91600839937459,9.922359377396806,-0.08399160062540936,-0.07764062260319529
9.916194817344017,9.887810767764632,-0.08380518265598358,-0.11218923223536725
9.916382218876622,9.93493093879722,-0.08361778112337825,-0.06506906120278169
9.916570601773005,9.9002062186742,-0.08342939822699479,-0.09979378132579977
9.916759963822248,9.885411215084101,-0.0832400361777524,-0.11458878491589836
9.916950302801938,9.922894311353392,-0.08304969719806177,-0.07710568864660716
9.917141616478201,9.888189594876822,-0.0828583835217993,-0.11181040512317746
9.91733390260572,9.936715094943242,-0.08266609739428052,-0.06328490505675849
9.917527158927767,9.924445235421441,-0.08247284107223417,-0.07555476457855982
9.917721383176225,9.943214786870984,-0.08227861682377532,-0.056785213129016174
9.91791657307162,9.911657646286193,-0.08208342692837894,-0.08834235371380826
9.918112726323146,9.942228328104697,-0.08188727367685326,-0.057771671895302426
9.918309840628687,9.920390575178287,-0.08169015937131256,-0.07960942482171358
9.91850791367485,9.943915387400294,-0.08149208632515052,-0.05608461259970639
9.918706943136987,9.899119249957453,-0.08129305686301273,-0.10088075004254693
9.918906926679231,9.94317727152928,-0.08109307332076975,-0.056822728470720216
9.91910786195451,9.933366228543829,-0.0808921380454893,-0.06663377145617046
9.919309746604592,9.94698308770209,-0.08069025339540915,-0.05301691229791
9.919512578260091,9.900034709282876,-0.08048742173990904,-0.09996529071712415
9.919716354540517,9.883574145583273,-0.0802836454594832,-0.11642585441672709
9.919921073054288,9.959238801829963,-0.08007892694571217,-0.04076119817003604
9.920126731398765,9.918590713472236,-0.0798732686012348,-0.08140928652776448
9.92033332716028,9.930265379781863,-0.07966667283972023,-0.06973462021813616
9.92054085791416,9.972928667399653,-0.07945914208583921,-0.02707133260034745
9.920749321224765,9.90394581027162,-0.07925067877523606,-0.0960541897283785
9.9209587146455,9.888448915035244,-0.07904128535449968,-0.11155108496475641
9.921169035718865,9.905439603060444,-0.07883096428113519,-0.09456039693955717
9.921380281976464,9.915001758456611,-0.07861971802353473,-0.0849982415433882
9.921592450939052,9.913675973037385,-0.07840754906094895,-0.08632402696261413
9.921805540116543,9.893405131369676,-0.07819445988345734,-0.10659486863032448
9.92201954700806,9.927294601639867,-0.07798045299193959,-0.07270539836013379
9.922234469101955,9.913123883123998,-0.07776553089804579,-0.08687611687600176
9.922450303875832,9.905907389390682,-0.07754969612416712,-0.09409261060931734
9.922667048796594,9.93342036188007,-0.0773329512034064,-0.06657963811992908
9.922884701320452,9.937435944196373,-0.07711529867954803,-0.06256405580362633
9.923103258892972,9.933591172056085,-0.07689674110702849,-0.06640882794391482
9.923322718949095,9.953282142221154,-0.07667728105090599,-0.046717857778846135
9.92354307891317,9.93768167865154,-0.07645692108683078,-0.062318321348460395
9.923764336198985,9.937710054518526,-0.07623566380101451,-0.06228994548147504
9.923986488209799,9.920139751982518,-0.07601351179020024,-0.07986024801748273
9.924209532338368,9.932082392396156,-0.07579046766163162,-0.06791760760384413
9.924433465966978,9.912625192907356,-0.07556653403302266,-0.08737480709264439
9.924658286467473,9.943847120057567,-0.07534171353252667,-0.05615287994243268
9.924883991201295,9.90890820651451,-0.07511600879870553,-0.09109179348548953
9.9251105775195,9.886446493223266,-0.07488942248049894,-0.11355350677673413
9.925338042762807,9.920107102434823,-0.07466195723719292,-0.07989289756517755
9.92556638426161,9.935196561507599,-0.07443361573838905,-0.06480343849240135
9.925795599336027,9.937660516345938,-0.07420440066397266,-0.06233948365406203
9.926025685295919,9.916067677582655,-0.07397431470408188,-0.08393232241734432
9.926256639440924,9.925667408377924,-0.07374336055907559,-0.07433259162207527
9.926488459060497,9.954915769750675,-0.07351154093950217,-0.04508423024932447
9.926721141433934,9.895552476673062,-0.07327885856606728,-0.104447523326938
9.926954683830397,9.962294910971352,-0.07304531616960229,-0.037705089028647734
9.927189083508969,9.912482297093801,-0.07281091649103193,-0.08751770290619898
9.927424337718659,9.941270746516203,-0.07257566228134227,-0.05872925348379669
9.927660443698452,9.920515036666997,-0.07233955630154855,-0.07948496333300353
9.927897398677338,9.928316873027311,-0.07210260132266244,-0.07168312697268839
9.92813519987434,9.887666719655657,-0.07186480012565996,-0.1123332803443426
9.928373844498552,9.971048522270923,-0.07162615550144834,-0.028951477729076934
9.928613329749167,9.882477353160489,-0.07138667025083377,-0.1175226468395115
9.928853652815512,9.908631943615303,-0.07114634718448809,-0.09136805638469696
9.929094810877084,9.919593252924482,-0.0709051891229162,-0.08040674707551736
9.929336801103577,9.919835405166731,-0.07066319889642257,-0.08016459483326951
9.929579620654922,9.917396609279887,-0.07042037934507828,-0.08260339072011333
9.929823266681312,9.923625200634202,-0.0701767333186877,-0.0763747993657978
9.930067736323245,9.933833306275277,-0.0699322636767548,-0.06616669372472299
9.93031302671155,9.932480219905514,-0.06968697328844999,-0.06751978009448542
9.930559134967424,9.949171355906389,-0.06944086503257589,-0.05082864409361182
9.930806058202466,9.955146418398781,-0.0691939417975342,-0.044853581601218384
9.931053793518709,9.926501211492784,-0.06894620648129118,-0.0734987885072165
9.931302338008656,9.933462724442125,-0.06869766199134418,-0.06653727555787595
9.931551688755313,9.90582795849352,-0.06844831124468696,-0.09417204150648006
9.931801842832224,9.936992393260148,-0.0681981571677761,-0.06300760673985187
9.932052797303504,9.857469665044883,-0.06794720269649601,-0.14253033495511655
9.932304549223876,9.91290431758329,-0.06769545077612488,-0.0870956824167095
9.9325570956387,9.934587881797837,-0.06744290436130011,-0.06541211820216263
9.932810433584017,9.92438790811912,-0.06718956641598334,-0.07561209188087989
9.933064560086574,9.926427583321557,-0.06693543991342606,-0.07357241667844369
9.933319472163866,9.920598911606492,-0.06668052783613426,-0.07940108839350843
9.933575166824166,9.948196042784412,-0.06642483317583396,-0.0518039572155878
9.933831641066565,9.89374547149416,-0.06616835893343553,-0.10625452850583919
9.934088891881,9.89661082330753,-0.06591110811899903,-0.10338917669246982
9.934346916248302,9.948957497947392,-0.06565308375169832,-0.05104250205260813
9.934605711140215,9.93908841199679,-0.0653942888597862,-0.060911588003210074
9.934865273519442,9.930180455177704,-0.06513472648055836,-0.06981954482229594
9.935125600339681,9.93434606261491,-0.06487439966031798,-0.06565393738509
9.935386688545659,9.931606100309601,-0.06461331145434013,-0.06839389969039926
9.935648535073165,9.933483571246486,-0.06435146492683551,-0.0665164287535143
9.935911136849086,9.968120761075633,-0.0640888631509149,-0.031879238924365755
9.936174490791448,9.938030047275431,-0.06382550920855272,-0.06196995272456874
9.936438593809449,9.963019641226513,-0.06356140619055127,-0.03698035877348689
9.936703442803497,9.97813803156965,-0.063296557196504,-0.02186196843035086
9.93696903466524,9.935699404076274,-0.06303096533475955,-0.064300595923725
9.937235366277616,9.923021586747712,-0.0627646337223849,-0.07697841325228857
9.93750243451487,9.930746914253099,-0.062497565485129206,-0.06925308574690175
9.937770236242613,9.936352096457181,-0.06222976375738666,-0.06364790354281796
9.93803876831784,9.931469407491594,-0.061961231682159945,-0.06853059250840575
9.938308027588976,9.906898667953161,-0.061691972411023525,-0.09310133204683865
9.938578010895913,9.916055591936804,-0.061421989104086167,-0.08394440806319575
9.938848715070046,9.944968097706942,-0.06115128492995442,-0.0550319022930572
9.939120136934305,9.972678535987095,-0.0608798630656949,-0.027321464012904854
9.939392273303202,9.955683972467595,-0.06060772669679751,-0.04431602753240513
9.939665120982863,9.957000912689935,-0.06033487901713752,-0.042999087310065465
9.939938676771062,9.93543126824925,-0.060061323228938646,-0.06456873175075001
9.940212937457265,9.964082875539372,-0.05978706254273496,-0.03591712446062718
9.940487899822667,9.933177095023618,-0.05951210017733344,-0.0668229049763825
9.940763560640224,9.926872107516955,-0.059236439359776405,-0.0731278924830459
9.941039916674697,9.914321150680205,-0.05896008332530313,-0.08567884931979428
9.941316964682688,9.952408402309402,-0.05868303531731244,-0.04759159769059741
9.941594701412676,9.946423486374277,-0.05840529858732411,-0.05357651362572294
9.941873123605058,9.97224390090154,-0.05812687639494122,-0.02775609909846005
9.942152227992189,9.939959502187818,-0.05784777200781141,-0.06004049781218118
9.942432011298411,9.966445208877403,-0.057567988701588996,-0.033554791122597544
9.942712470240103,9.946709743449416,-0.05728752975989604,-0.05329025655058478
9.942993601525716,9.938038801121234,-0.057006398474284375,-0.06196119887876529
9.943275401855804,9.90448142346757,-0.056724598144196385,-0.0955185765324289
9.943557867923074,9.952225472891925,-0.05644213207692664,-0.04777452710807527
9.943840996412417,9.943398755417892,-0.05615900358758317,-0.056601244582107475
9.944124784000952,9.920436888658632,-0.05587521599904813,-0.07956311134136879
9.944409227358062,9.932273124834087,-0.055590772641939325,-0.06772687516591266
9.944694323145429,9.971402308988077,-0.05530567685457061,-0.028597691011922496
9.944980068017086,9.992501493987863,-0.05501993198291321,-0.007498506012136523
9.945266458619445,9.953067654543943,-0.05473354138055595,-0.046932345456056616
9.945553491591333,9.964555535298246,-0.05444650840866641,-0.035444464701754344
9.94584116356405,9.939747360237096,-0.05415883643595091,-0.06025263976290445
9.946129471161385,9.945840961705574,-0.05387052883861563,-0.05415903829442548
9.946418410999673,9.941943570804199,-0.05358158900032635,-0.05805642919580103
9.946707979687831,9.933762696306552,-0.053292020312169064,-0.06623730369344905
9.94699817382739,9.977666249042631,-0.05300182617261034,-0.022333750957368233
9.947288990012543,9.9489865587682,-0.05271100998745694,-0.051013441231800516
9.947580424830184,9.971546109881809,-0.05241957516981645,-0.02845389011819118
9.947872474859944,9.989756781909529,-0.05212752514005661,-0.010243218090471101
9.948165136674234,9.955603168310759,-0.051834863325765784,-0.04439683168924105
9.948458406838288,9.937279280937224,-0.05154159316171211,-0.06272071906277635
9.948752281910195,9.976108308759862,-0.05124771808980382,-0.02389169124013726
9.949046758440952,9.933822982546696,-0.05095324155904823,-0.06617701745330344
9.949341832974488,9.943125843994443,-0.05065816702551185,-0.05687415600555695
9.94963750204772,9.947049577239408,-0.050362497952279296,-0.052950422760591205
9.949933762190588,9.945708114613051,-0.05006623780941293,-0.05429188538694821
9.950230609926088,9.96707903743104,-0.04976939007391226,-0.03292096256895994
9.950528041770328,9.966065141738753,-0.04947195822967268,-0.03393485826124755
9.950826054232556,9.955406353629341,-0.04917394576744519,-0.04459364637065872
9.951124643815206,9.977868437315434,-0.04887535618479474,-0.022131562684565256
9.95142380701394,9.942732021536672,-0.04857619298605989,-0.057267978463327054
9.951723540317689,9.943236583100761,-0.04827645968231102,-0.05676341689923823
9.95202384020869,9.942482410173186,-0.047976159791309744,-0.05751758982681395
9.952324703162533,9.925461234267852,-0.04767529683746699,-0.07453876573214843
9.952626125648198,9.94022522767006,-0.04737387435180229,-0.059774772329940135
9.952928104128098,9.938506559129797,-0.04707189587190178,-0.06149344087020249
9.953230635058123,9.926700758653514,-0.04676936494187691,-0.07329924134648669
9.953533714887676,9.943098771360985,-0.04646628511232308,-0.056901228639014576
9.953837340059723,9.954559182061077,-0.046162659940277434,-0.0454408179389228
9.954141507010823,9.94070332410562,-0.04585849298917774,-0.059296675894379716
9.95444621217118,9.922096053464562,-0.04555378782881994,-0.07790394653543789
9.954751451964682,9.970030199338753,-0.04524854803531686,-0.02996980066124757
9.955057222808945,9.93184124099314,-0.04494277719105565,-0.06815875900686022
9.955363521115343,9.950579762567582,-0.04463647888465633,-0.04942023743241907
9.955670343289071,9.943116132889214,-0.04432965671092916,-0.05688386711078594
9.955977685729167,9.969217454519587,-0.04402231427083265,-0.030782545480412808
9.95628554482857,9.9375046317748,-0.04371445517143155,-0.0624953682252003
9.956593916974146,9.942770049418165,-0.04340608302585399,-0.05722995058183486
9.95690279854675,9.996027028984887,-0.04309720145324965,-0.003972971015113735
9.957212185921254,9.954758836206018,-0.042787814078746704,-0.04524116379398124
9.95752207546659,9.982721236817637,-0.042477924533409886,-0.017278763182362204
9.957832463545802,9.967183256841285,-0.04216753645419724,-0.032816743158716064
9.958143346516081,9.95536855098464,-0.041856653483918066,-0.04463144901536003
9.95845472072881,9.977180840072158,-0.04154527927118956,-0.02281915992784136
9.958766582529606,9.971735345033565,-0.041233417470394586,-0.02826465496643432
9.959078928258362,9.969520176657142,-0.04092107174163826,-0.03047982334285812
9.959391754249294,10.001942291714254,-0.04060824575070523,0.0019422917142539325
9.959705056830984,9.97619611851434,-0.04029494316901686,-0.02380388148566084
9.960018832326412,9.930352766894755,-0.03998116767358765,-0.06964723310524447
9.960333077053017,9.9918314480093,-0.03966692294698265,-0.008168551990700441
9.960647787322726,9.969326950446854,-0.03935221267727364,-0.030673049553145544
9.960962959442003,9.952507339034893,-0.03903704055799648,-0.047492660965106015
9.961278589711894,9.929950903210031,-0.03872141028810709,-0.0700490967899686
9.961594674428062,10.015788973337589,-0.03840532557193876,0.015788973337588795
9.961911209880842,9.982523546113866,-0.03808879011915792,-0.017476453886134977
9.962228192355278,9.98422536478033,-0.037771807644721336,-0.015774635219669306
9.962545618131168,9.935033596893144,-0.037454381868831925,-0.06496640310685611
9.962863483483105,9.957902521401042,-0.03713651651689529,-0.042097478598958495
9.963181784680524,9.963863882110582,-0.036818215319476315,-0.0361361178894184
9.963500517987745,9.945937180821817,-0.03649948201225473,-0.05406281917818286
9.963819679664018,9.931527248176456,-0.03618032033598201,-0.06847275182354387
9.964139265963563,9.979591351454255,-0.03586073403643674,-0.020408648545745027
9.964459273135619,9.967810641553736,-0.03554072686438135,-0.03218935844626321
9.964779697424483,9.957736746026475,-0.03522030257551744,-0.042263253973525074
9.965100535069558,9.945286432961334,-0.03489946493044233,-0.05471356703866542
9.965421782305397,9.969756646604583,-0.034578217694604306,-0.03024335339541623
9.965743435361741,10.001358692030745,-0.03425656463825905,0.001358692030745387
9.966065490463576,9.991804224009705,-0.03393450953642484,-0.008195775990294325
9.966387943831162,9.972726650897553,-0.033612056168838465,-0.027273349102447216
9.96671079168009,9.99121187276521,-0.033289208319911154,-0.008788127234790877
9.967034030221317,9.993893149309766,-0.03296596977868354,-0.0061068506902336485
9.967357655661218,9.956796403575805,-0.03264234433878189,-0.043203596424195675
9.967681664201628,9.960655460972122,-0.03231833579837287,-0.03934453902787775
9.96800605203988,9.957782380973809,-0.0319939479601197,-0.04221761902619191
9.968330815368864,9.978991978854786,-0.0316691846311368,-0.0210080211452131
9.968655950377054,9.9416965755775,-0.03134404962294579,-0.05830342442249979
9.96898145324857,9.942538730894281,-0.031018546751430204,-0.05746126910571921
9.969307320163209,9.936575697096268,-0.03069267983679091,-0.06342430290373255
9.969633547296498,9.927911074649943,-0.030366452703501565,-0.07208892535005644
9.969960130819738,9.960625754769417,-0.030039869180263103,-0.03937424523058344
9.97028706690004,9.956909548617205,-0.029712933099959527,-0.043090451382794985
9.970614351700387,9.989462554484321,-0.0293856482996122,-0.010537445515679585
9.970941981379665,9.978507030165767,-0.02905801862033551,-0.021492969834232337
9.971269952092708,9.943133587137323,-0.028730047907291112,-0.056866412862677664
9.971598259990357,9.967578732095687,-0.02840174000964348,-0.032421267904313135
9.971926901219486,10.003201235622285,-0.028073098780514047,0.00320123562228479
9.972255871923064,9.968130195982004,-0.027744128076936655,-0.03186980401799615
9.972585168240188,9.980510384457556,-0.027414831759811728,-0.01948961554244318
9.97291478630614,9.936259132530644,-0.027085213693861174,-0.06374086746935587
9.973244722252417,9.995875927537783,-0.02675527774758329,-0.00412407246221691
9.973574972206793,9.942518447834594,-0.026425027793206792,-0.05748155216540539
9.973905532293355,9.972616030614532,-0.02609446770664602,-0.02738396938546895
9.974236398632545,9.99586227875797,-0.025763601367454786,-0.0041377212420297335
9.974567567341218,9.928401201772434,-0.025432432658781513,-0.07159879822756626
9.974899034532678,9.96742994786513,-0.02510096546732298,-0.032570052134870485
9.97523079631672,10.020744652650249,-0.02476920368327939,0.020744652650248167
9.975562848799692,9.95319849664546,-0.024437151200308052,-0.04680150335454013
9.975895188084522,9.944384075661928,-0.02410481191547833,-0.05561592433807215
9.976227810270775,10.000255361304129,-0.02377218972922533,0.0002553613041284125
9.976560711454695,9.980655385516759,-0.02343928854530437,-0.01934461448324072
9.976893887729254,9.966213813692292,-0.023106112270745438,-0.033786186307707855
9.977227335184192,9.989696739937187,-0.022772664815806722,-0.010303260062812491
9.97756104990607,10.030571617906334,-0.022438950093929405,0.030571617906333448
9.97789502797831,9.979462174567425,-0.022104972021691056,-0.020537825432575502
9.97822926548124,9.99690174303509,-0.021770734518760354,-0.0030982569649095175
9.97856375849215,9.985673634779152,-0.021436241507850375,-0.014326365220847022
9.978898503085327,9.952583587195175,-0.021101496914673275,-0.0474164128048256
9.979233495332107,9.970955743200069,-0.020766504667893503,-0.029044256799931258
9.979568731300917,9.956972549840758,-0.0204312686990824,-0.04302745015924188
9.979904207057329,9.990299309256624,-0.020095792942671428,-0.009700690743376131
9.980239918664093,9.985760552486807,-0.019760081335906288,-0.014239447513192834
9.9805758621812,9.95308521156777,-0.019424137818800945,-0.0469147884322304
9.98091203366591,9.952390425875674,-0.019087966334090777,-0.047609574124326634
9.981248429172814,9.970701247569322,-0.018751570827187022,-0.029298752430678515
9.98158504475387,9.997304034052572,-0.018414955246129763,-0.002695965947427416
9.981921876458458,9.972856877260858,-0.018078123541542267,-0.027143122739142662
9.982258920333416,9.990597533540603,-0.017741079666583975,-0.009402466459397053
9.982596172423095,9.992339375176568,-0.017403827576904753,-0.007660624823431689
9.982933628769402,9.991510189470686,-0.017066371230597788,-0.008489810529313588
9.983271285411845,10.002247366117796,-0.016728714588153847,0.0022473661177964295
9.983609138387585,9.98777171507242,-0.016390861612414168,-0.012228284927580827
9.983947183731475,10.003258996184094,-0.016052816268524207,0.0032589961840939277
9.984285417476112,10.023268685035505,-0.01571458252388738,0.023268685035505877
9.984623835651883,9.957743377294475,-0.015376164348117886,-0.04225662270552376
9.984962434287006,9.99826110409359,-0.015037565712994805,-0.001738895906410123
9.985301209407584,9.96714355006863,-0.014698790592414801,-0.032856449931368846
9.985640157037654,10.002975247236064,-0.014359842962346173,0.0029752472360645744
9.985979273199218,9.982650750477067,-0.014020726800781489,-0.017349249522934086
9.986318553912309,10.026280873776857,-0.01368144608769161,0.026280873776856728
9.986657995195023,9.966086391403055,-0.013342004804978361,-0.03391360859694581
9.986997593063572,9.98965658273234,-0.013002406936428054,-0.010343417267658679
9.987337343532335,9.976058137684229,-0.012662656467665016,-0.02394186231577193
9.987677242613897,10.004291235806571,-0.01232275738610417,0.004291235806570523
9.988017286319096,9.97219608368379,-0.011982713680904967,-0.027803916316209324
9.988357470657077,9.95922235522026,-0.01164252934292385,-0.040777644779738484
9.988697791635332,9.97948833972221,-0.011302208364668123,-0.020511660277790056
9.989038245259751,9.973170862154317,-0.01096175474024839,-0.026829137845682714
9.989378827534667,9.974217949328844,-0.010621172465332382,-0.0257820506711557
9.989719534462903,9.965116059470956,-0.010280465537097362,-0.034883940529044144
9.990060362045815,10.008540330126122,-0.00993963795418391,0.008540330126121671
9.990401306283351,9.979821569052612,-0.009598693716648387,-0.020178430947387666
9.990742363174084,9.985608328432507,-0.009257636825916243,-0.014391671567493151
9.991083528715265,10.028129677116313,-0.008916471284735331,0.028129677116313066
9.991424798902871,9.983439459040635,-0.008575201097128301,-0.016560540959365204
9.991766169731653,10.001331694900655,-0.00823383026834632,0.0013316949006543146
9.99210763719518,9.992246303165722,-0.007892362804821355,-0.0077536968342791345
9.99244919728588,9.983496886793455,-0.007550802714119867,-0.01650311320654407
9.992790845995104,9.9998850031748,-0.007209154004895059,-0.00011499682519998822
9.99313257931316,9.982701488058932,-0.006867420686840544,-0.01729851194106781
9.993474393229357,9.99998329709694,-0.006525606770642574,-1.670290306082095e-05
9.993816283732066,9.99736006898883,-0.006183716267933683,-0.002639931011169833
9.994158246808755,10.005542616734457,-0.005841753191244978,0.005542616734458111
9.99450027844604,9.986614939961973,-0.005499721553959319,-0.013385060038027842
9.994842374629735,9.998767159410134,-0.00515762537026448,-0.0012328405898658582
9.995184531344895,9.992903828434734,-0.004815468655105416,-0.007096171565265616
9.995526744575862,9.985547166202288,-0.004473255424137851,-0.01445283379771195
9.99586901030632,9.995324308802674,-0.004130989693680444,-0.004675691197326067
9.996211324519331,10.036005537963943,-0.003788675480668356,0.03600553796394298
9.996553683197394,9.981080994203431,-0.003446316802605401,-0.018919005796568786
9.996896082322483,9.962538975365515,-0.003103917677517603,-0.037461024634484384
9.997238517876095,10.00219900033677,-0.002761482123905329,0.0021990003367701977
9.997580985839303,10.005612807985074,-0.002419014160696838,0.005612807985073173
9.9979234821928,9.99142242802503,-0.002076517807200491,-0.008577571974970092
9.998266002916942,9.985917082185777,-0.0017339970830578461,-0.014082917814222957
9.998608543991804,9.979724700936806,-0.0013914560081967498,-0.020275299063194245
9.998951101397216,10.006053072294742,-0.0010488986027835355,0.006053072294742209
9.999293671112824,10.016003357132117,-0.0007063288871765512,0.016003357132117684
9.999636249118122,9.99791349327464,-0.00036375088187826684,-0.0020865067253614234
9.99997883139251,10.014030802623376,-2.1168607488797664e-05,0.014030802623375131
10.000321413915342,9.997126957913544,0.0003214139153419931,-0.00287304208645608
10.000663992665961,9.98646747267001,0.0006639926659609711,-0.013532527329991191
10.00100656362376,10.03240721638163,0.0010065636237595401,0.0324072163816293
10.00134912276822,9.973217613218718,0.0013491227682205632,-0.02678238678128161
10.001691666078965,9.99834867042988,0.0016916660789652817,-0.0016513295701192537
10.0020341895358,9.966310276895985,0.002034189535801121,-0.033689723104013955
10.002376689118767,10.02027908391358,0.0023766891187681637,0.020279083913581304
10.002719160808187,9.98007076075301,0.0027191608081870385,-0.019929239246988754
10.003061600584706,10.031717370405897,0.0030616005847053855,0.03171737040589728
10.003404004429346,9.98599901116173,0.003404004429345739,-0.014000988838269394
10.003746368323553,10.00043484375621,0.003746368323551988,0.0004348437562104626
10.004088688249237,10.000156619336876,0.004088688249237245,0.00015661933687495262
10.00443096018883,10.006848172326695,0.004430960188830295,0.00684817232669499
10.004773180125323,10.03238152676353,0.004773180125323371,0.03238152676352973
10.005115344042318,10.016334777782543,0.005115344042319028,0.016334777782543275
10.005457447924076,9.99868855154089,0.005457447924077017,-0.0013114484591086302
10.005799487755562,9.974923729971296,0.005799487755562036,-0.025076270028704096
10.00614145952249,9.985446102674487,0.006141459522490145,-0.014553897325512032
10.006483359211376,10.005361965720128,0.006483359211376579,0.005361965720128623
10.006825182809582,10.016369577898226,0.006825182809582154,0.016369577898225685
10.007166926305361,10.011329079340943,0.007166926305361057,0.011329079340942794
10.007508585687907,9.980344521868824,0.007508585687907236,-0.01965547813117616
10.007850156947402,10.003649479362064,0.007850156947402166,0.0036494793620633495
10.008191636075061,10.002146494935861,0.008191636075061208,0.002146494935860231
10.008533019063181,10.014556868761005,0.008533019063181274,0.014556868761004947
10.008874301905188,10.016267859953757,0.008874301905187605,0.016267859953757523
10.00921548059568,10.000226249025632,0.009215480595680512,0.00022624902563144443
10.009556551130483,9.969254655913089,0.009556551130483025,-0.030745344086911555
10.009897509506688,10.002819615842053,0.009897509506687161,0.0028196158420533603
10.010238351722702,9.99413633402843,0.01023835172270162,-0.005863665971569135
10.010579073778299,10.0183561748669,0.010579073778298038,0.01835617486690101
10.010919671674658,10.022453978730455,0.01091967167465865,0.02245397873045457
10.011260141414423,10.043272230174797,0.011260141414422503,0.04327223017479643
10.011600479001734,10.010638532759456,0.011600479001733081,0.010638532759456079
10.011940680442285,10.009470204406842,0.0119406804422845,0.009470204406842545
10.01228074174337,10.019369282988674,0.012280741743368998,0.019369282988673124
10.012620658913924,10.039758549118147,0.012620658913923536,0.039758549118146566
10.012960427964577,10.02544141647876,0.012960427964576367,0.025441416478759412
10.013300044907695,10.002140483589525,0.013300044907694479,0.002140483589525023
10.01363950575743,9.983032556621852,0.013639505757429683,-0.016967443378147554
10.013978806529765,10.011971905389505,0.01397880652976611,0.011971905389504121
10.014317943242567,10.027290734117399,0.014317943242566248,0.027290734117398192
10.014656911915619,10.011399277315093,0.014656911915618399,0.011399277315091987
10.014995708570682,9.99338009326946,0.014995708570682668,-0.0066199067305408275
10.015334329231539,10.016158658635188,0.015334329231538374,0.01615865863518812
10.01567276992403,10.018010207882307,0.01567276992403001,0.018010207882307
10.016011026676114,9.980456774915622,0.01601102667611448,-0.019543225084377468
10.016349095517908,10.052241934250029,0.016349095517907492,0.05224193425002929
10.01668697248173,10.004762118355629,0.01668697248172984,0.00476211835562792
10.017024653602155,10.008606930208916,0.01702465360215463,0.008606930208916905
10.017362134916054,10.018363638955043,0.017362134916053075,0.01836363895504177
10.017699412462642,10.011837867504884,0.01769941246264174,0.011837867504883685
10.018036482283529,9.996603661717536,0.018036482283528305,-0.0033963382824630656
10.018373340422759,10.036325163098729,0.018373340422758747,0.036325163098729726
10.018709982926863,10.056620027355985,0.018709982926863048,0.05662002735598427
10.019046405844902,10.021152340865315,0.019046405844902203,0.021152340865315797
10.019382605228515,10.01790071717493,0.019382605228514344,0.017900717174929824
10.019718577131961,10.041310000799243,0.019718577131960815,0.04131000079924299
10.020054317612173,9.983458985098187,0.020054317612173068,-0.016541014901813676
10.020389822728799,10.011671046569075,0.02038982272879828,0.01167104656907607
10.020725088544246,10.01505705151542,0.020725088544246262,0.015057051515420061
10.021060111123735,10.01701565049275,0.021060111123734987,0.017015650492749432
10.021394886535337,9.998445565909984,0.021394886535337485,-0.0015544340900162726
10.021729410850027,10.028504153000359,0.02172941085002725,0.02850415300035907
10.022063680141725,10.046862039360699,0.022063680141725096,0.04686203936069826
10.022397690487345,10.02198519216061,0.02239769048734451,0.02198519216060953
10.022731437966838,10.00922925221424,0.022731437966838297,0.009229252214239467
10.023064918663245,10.004409908120797,0.02306491866324436,0.004409908120797886
10.02339812866273,10.044398574043825,0.023398128662731374,0.04439857404382428
10.023731064054646,10.000315740135456,0.02373106405464535,0.00031574013545619325
10.024063720931554,10.042232177525936,0.02406372093155483,0.042232177525934854
10.024396095389298,10.027404652057172,0.024396095389297434,0.027404652057172383
10.024728183527024,10.060242715003081,0.024728183527024994,0.060242715003081176
10.02505998144725,10.003974013394537,0.02505998144725004,0.003974013394536822
10.025391485255891,10.045216475796698,0.025391485255890817,0.04521647579669739
10.025722691062319,10.026430461200034,0.025722691062317723,0.026430461200033988
10.026053594979398,9.990332586510894,0.02605359497939822,-0.009667413489105554
10.026384193123544,10.002512384367934,0.026384193123543138,0.002512384367934318
10.026714481614752,10.043049610270623,0.026714481614751918,0.043049610270623775
10.027044456576657,10.012277233072032,0.027044456576657938,0.012277233072032295
10.027374114136574,10.014419861786495,0.02737411413657459,0.014419861786494263
10.02770345042554,10.03423350356923,0.027703450425540052,0.03423350356922982
10.028032461578363,10.014653782248425,0.028032461578363383,0.014653782248424346
10.028361143733669,10.048532048445946,0.028361143733669186,0.048532048445946
10.028689493033944,10.044592046504935,0.028689493033943633,0.044592046504934535
10.029017505625578,10.002708006618139,0.029017505625579032,0.0027080066181385323
10.02934517765892,10.002014039205728,0.02934517765891976,0.002014039205727316
10.029672505288307,10.015963810250614,0.029672505288306734,0.01596381025061412
10.029999484672123,10.013117905950898,0.02999948467212317,0.013117905950897749
10.030326111972839,10.06665262388756,0.03032611197283938,0.06665262388755942
10.030652383357058,10.042476378250576,0.030652383357057607,0.04247637825057664
10.030978294995558,10.057776297122313,0.03097829499555755,0.05777629712231269
10.031303843063341,10.05047342720943,0.03130384306334067,0.05047342720943147
10.031629023739676,10.029395877926941,0.031629023739675736,0.029395877926940744
10.031953833208142,10.053669963202685,0.031953833208143,0.05366996320268433
10.032278267656679,10.04706794054831,0.032278267656679654,0.04706794054830975
10.032602323277624,10.074116896566625,0.032602323277623926,0.07411689656662467
10.03292599626776,9.994266966313614,0.03292599626776029,-0.00573303368638603
10.033249282828365,10.042993132861724,0.033249282828363924,0.04299313286172411
10.033572179165246,10.044562369087073,0.03357217916524501,0.0445623690870723
10.033894681488794,10.00080537191344,0.033894681488793835,0.0008053719134407111
10.034216786014024,10.037519321532075,0.03421678601402461,0.03751932153207585
10.03453848896062,10.058038267774823,0.03453848896062057,0.058038267774822
10.034859786552978,10.02212553515767,0.03485978655297767,0.02212553515767001
10.03518067502025,10.012504570841568,0.03518067502024956,0.012504570841568169
10.03550115059639,10.00528363949355,0.03550115059639116,0.005283639493549725
10.035821209520204,10.066961425908149,0.03582120952020355,0.06696142590814955
10.036140848035377,10.029244868871361,0.036140848035377426,0.02924486887136154
10.036460062390537,10.055676195854772,0.036460062390537805,0.05567619585477241
10.036778848839289,10.05169272762768,0.03677884883928774,0.051692727627680374
10.037097203640252,10.073028044293407,0.03709720364025209,0.0730280442934069
10.037415123057121,10.05020215144237,0.037415123057121996,0.05020215144237071
10.037732603358698,10.057513110928427,0.037732603358698075,0.057513110928428285
10.038049640818935,10.02729854270191,0.03804964081893485,0.027298542701909363
10.038366231716983,10.047356246261426,0.038366231716983855,0.047356246261426156
10.038682372337238,10.071909299699216,0.038682372337237925,0.07190929969921636
10.038998058969375,10.026319753077617,0.038998058969374166,0.026319753077616373
10.039313287908397,10.056570111653409,0.03931328790839817,0.05657011165340915
10.039628055454687,10.045083282334824,0.03962805545468682,0.04508328233482339
10.039942357914033,10.041925427765786,0.03994235791403228,0.041925427765786505
10.040256191597685,10.027525062042459,0.04025619159768511,0.02752506204245941
10.040569552822397,10.069563046175528,0.04056955282239736,0.06956304617552705
10.040882437910467,10.046412014954418,0.04088243791046629,0.046412014954418504
10.041194843189777,10.047193889641672,0.04119484318977693,0.047193889641671996
10.041506764993846,10.037208312366648,0.04150676499384583,0.037208312366647726
10.041818199661863,10.05044035341811,0.0418181996618634,0.050440353418111095
10.042129143538737,10.023734895524559,0.04212914353873756,0.023734895524557865
10.042439592975136,10.039113952386712,0.04243959297513602,0.039113952386712586
10.04274954432753,10.044689892871599,0.04274954432752966,0.044689892871598115
10.043058993958235,10.010794973535392,0.04305899395823473,0.01079497353539214
10.043367938235455,10.051971023628552,0.0433679382354561,0.051971023628550855
10.04367637353333,10.081906429926494,0.043676373533329586,0.08190642992649402
10.043984296231965,10.045063738946526,0.043984296231964315,0.04506373894652679
10.044291702717485,10.068113411422198,0.04429170271748576,0.0681134114221973
10.044598589382078,10.033949875585687,0.0445985893820775,0.03394987558568781
10.044904952624025,10.043981563265731,0.04490495262402423,0.04398156326573118
10.045210788847754,10.042607686349276,0.04521078884775335,0.04260768634927577
10.045516094463878,10.024611147878908,0.04551609446387783,0.02461114787890833
10.045820865889239,10.061922770016656,0.0458208658892377,0.06192277001665651
10.046125099546943,10.045973169267985,0.046125099546942744,0.045973169267984705
10.046428791866413,10.04791887961146,0.0464287918664138,0.04791887961146106
10.046731939283426,10.057396689247907,0.046731939283425304,0.05739668924790742
10.047034538240148,10.071204898477633,0.04703453824014678,0.0712048984776339
10.047336585185185,10.056801851456557,0.04733658518518446,0.05680185145655632
10.047638076573623,10.082908772525638,0.04763807657362343,0.0829087725256375
10.047939008867068,10.06833471337422,0.04793900886706866,0.06833471337422059
10.048239378533687,10.053183189768493,0.048239378533687156,0.05318318976849395
10.048539182048248,10.082937483782963,0.04853918204824875,0.08293748378296359
10.048838415892169,10.064464852140667,0.048838415892168134,0.0644648521406658
10.049137076553546,10.041958213731439,0.049137076553545496,0.04195821373143854
10.049435160527208,10.047748444730576,0.04943516052720834,0.04774844473057583
10.049732664314753,10.045436185458257,0.049732664314752296,0.04543618545825795
10.050029584424582,10.018725655357954,0.050029584424582066,0.018725655357954396
10.050325917371953,10.041327026383714,0.05032591737195285,0.041327026383713744
10.050621659679011,10.034323481679323,0.05062165967901064,0.03432348167932359
10.050916807874835,10.061851222998179,0.05091680787483369,0.06185122299817885
10.051211358495472,10.06985256453279,0.05121135849547264,0.06985256453278957
10.051505308083991,10.045903243473202,0.05150530808399171,0.045903243473202064
10.05179865319051,10.0530858379325,0.05179865319050876,0.053085837932500046
10.052091390372237,10.042715879738202,0.052091390372236306,0.04271587973820147
10.05238351619352,10.016582743719635,0.05238351619352136,0.016582743719635057
10.052675027225886,10.037344397238614,0.05267502722588629,0.03734439723861421
10.052965920048068,10.012320211189703,0.052965920048068785,0.012320211189702703
10.053256191246062,10.042830857855465,0.05325619124606184,0.04283085785546571
10.053545837413154,10.030085307641789,0.0535458374131543,0.030085307641789284
10.05383485514997,10.043387886654026,0.05383485514997027,0.04338788665402531
10.05412324106451,10.039051674610143,0.05412324106450962,0.039051674610142334
10.054410991772187,10.048731845306545,0.05441099177218716,0.048731845306545625
10.054698103895873,10.024475259064161,0.05469810389587298,0.02447525906416056
10.054984574065932,10.091254294705653,0.05498457406593149,0.0912542947056538
10.055270398920262,10.046186650832496,0.05527039892026159,0.04618665083249677
10.055555575104336,10.042471755953917,0.055555575104335446,0.04247175595391681
10.055840099271238,10.045839923091483,0.0558400992712385,0.04583992309148358
10.056123968081708,10.049360951718745,0.05612396808170842,0.049360951718744585
10.056407178204173,10.033439256120163,0.05640717820417415,0.0334392561201637
10.056689726314795,10.045540735643709,0.05668972631479546,0.04554073564370824
10.056971609097502,10.03349387958051,0.056971609097501444,0.03349387958051051
10.05725282324403,10.067089555277219,0.057252823244029916,0.0670895552772183
10.057533365453965,10.085472167921033,0.05753336545396577,0.08547216792103354
10.05781323243478,10.069061856664138,0.05781323243478023,0.06906185666413764
10.058092420901868,10.046230878438582,0.058092420901868905,0.046230878438581494
10.058370927578592,10.072149478092646,0.05837092757859097,0.07214947809264655
10.058648749196307,10.079491336712346,0.058648749196306985,0.07949133671234665
10.058925882494417,10.063121132665954,0.0589258824944178,0.06312113266595407
10.059202324220403,10.028799229874892,0.05920232422040257,0.02879922987489258
10.059478071129856,10.022077190946188,0.05947807112985679,0.022077190946188083
10.059753119986532,10.06793877230723,0.05975311998653076,0.06793877230722901
10.060027467562367,10.069773357358837,0.06002746756236709,0.06977335735883686
10.060301110637539,10.024624535073956,0.06030111063753912,0.024624535073955837
10.060574046000488,10.04884721195325,0.0605740460004881,0.04884721195324971
10.060846270447962,10.044092521877527,0.06084627044796157,0.04409252187752708
10.06111778078505,10.043882318575058,0.061117780785050216,0.04388231857505729
10.061388573825226,10.053440041556215,0.06138857382522603,0.05344004155621383
10.061658646390379,10.023139855863073,0.06165864639037936,0.023139855863073003
10.061927995310857,10.038982131178036,0.06192799531085609,0.03898213117803572
10.062196617425496,10.053910816105695,0.06219661742549531,0.05391081610569483
10.062464509581666,10.065018597144597,0.06246450958166581,0.06501859714459698
10.062731668635303,10.05225030590803,0.06273166863530369,0.05225030590803
10.062998091450948,10.058088807322786,0.0629980914509487,0.058088807322785416
10.063263774901781,10.095772048782447,0.06326377490178157,0.09577204878244627
10.06352871586966,10.104266210239858,0.06352871586966015,0.10426621023985902
10.063792911245157,10.082845169883706,0.06379291124515661,0.08284516988370583
10.064056357927594,10.080062986545835,0.06405635792759329,0.08006298654583585
10.06431905282508,10.092829055446684,0.06431905282507969,0.09282905544668317
10.064580992854548,10.0442448492894,0.06458099285454842,0.04424484928940102
10.064842174941791,10.03468812781359,0.06484217494179133,0.03468812781359012
10.065102596021497,10.091345034520778,0.06510259602149586,0.09134503452077741
10.06536225303728,10.05377745446156,0.06536225303728074,0.05377745446155981
10.065621142941731,10.061434859665377,0.06562114294173214,0.061434859665377525
10.06587926269644,10.03823188796971,0.06587926269643911,0.0382318879697105
10.06613660927203,10.06082765600397,0.06613660927202956,0.06082765600397051
10.066393179648205,10.077984094917731,0.06639317964820553,0.07798409491773194
10.066648970813779,10.054938464481884,0.06664897081377895,0.05493846448188401
10.066903979766707,10.023584564747965,0.06690397976670656,0.023584564747965393
10.067158203514126,10.06233314649162,0.06715820351412562,0.06233314649162021
10.06741163907239,10.062972187693399,0.06741163907238874,0.06297218769339936
10.0676642834671,10.079894459082658,0.06766428346709881,0.07989445908265749
10.067916133733144,10.085840403662536,0.0679161337331443,0.08584040366253576
10.068167186914733,10.10497997350325,0.06816718691473356,0.10497997350324961
10.06841744006543,10.060136493796435,0.06841744006543002,0.060136493796435236
10.068666890248187,10.054304960095617,0.06866689024818626,0.05430496009561818
10.068915534535378,10.073258112105371,0.06891553453537899,0.07325811210537156
10.069163370008843,10.047847364512982,0.06916337000884291,0.047847364512981855
10.069410393759906,10.075514045035785,0.06941039375990546,0.0755140450357841
10.06965660288942,10.028169250627165,0.06965660288942042,0.028169250627165264
10.069901994507802,10.086166905901818,0.06990199450780246,0.08616690590181858
10.07014656573506,10.09763567169164,0.07014656573506077,0.09763567169163917
10.070390313700832,10.058525508952386,0.07039031370083271,0.05852550895238522
10.070633235544419,10.083748639804888,0.07063323554441796,0.08374863980488796
10.070875328414811,10.061902249184293,0.07087532841481153,0.06190224918429239
10.071116589470737,10.087045359055105,0.07111658947073785,0.08704535905510585
10.071357015880684,10.039767534599843,0.07135701588068342,0.03976753459984232
10.07159660482293,10.067713093473566,0.07159660482293072,0.06771309347356616
10.071835353485591,10.092842718216593,0.07183535348559075,0.09284271821659226
10.072073259066636,10.039869611047429,0.07207325906663652,0.03986961104742856
10.072310318773935,10.067296990985607,0.07231031877393543,0.06729699098560694
10.072546529825283,10.092805549141497,0.07254652982528255,0.09280554914149766
10.072781889448432,10.080959181856407,0.07278188944843302,0.08095918185640674
10.073016394881135,10.050553945021555,0.07301639488113439,0.050553945021554456
10.073250043371159,10.082223495120061,0.07325004337115952,0.08222349512006175
10.073482832176339,10.07644225946744,0.07348283217633837,0.07644225946743975
10.073714758564591,10.088819118585505,0.07371475856459063,0.08881911858550529
10.073945819813957,10.087059446695513,0.0739458198139574,0.08705944669551305
10.074176013212634,10.079311249069974,0.07417601321263348,0.0793112490699747
10.074405336058998,10.08206528055394,0.07440533605899884,0.08206528055393914
10.07463378566165,10.093819353871856,0.07463378566165069,0.09381935387185665
10.074861359339435,10.082045611439977,0.07486135933943489,0.08204561143997689
10.075088054421478,10.089832421004617,0.07508805442147722,0.08983242100461684
10.075313868247216,10.091049949573309,0.07531386824721521,0.09104994957330871
10.075538798166429,10.078326174238736,0.07553879816642882,0.07832617423873647
10.075762841539271,10.049885860521062,0.07576284153927203,0.049885860521062385
10.075985995736303,10.094659689640103,0.07598599573630338,0.09465968964010399
10.076208258138518,10.079567249278808,0.0762082581385173,0.07956724927880819
10.076429626137374,10.090592784608058,0.07642962613737432,0.09059278460805685
10.076650097134833,10.080254046452755,0.07665009713483224,0.08025404645275407
10.076869668543376,10.046338244459722,0.07686966854337607,0.04633824445972154
10.07708833778605,10.095555105164374,0.07708833778604886,0.09555510516437474
10.077306102296482,10.05555157076648,0.07730610229648176,0.0555515707664804
10.077522959518923,10.061525258148006,0.07752295951892395,0.06152525814800518
10.077738906908273,10.076757577824344,0.07773890690827305,0.07675757782434288
10.077953941930105,10.067132852751175,0.07795394193010453,0.06713285275117546
10.078168062060701,10.062638301150468,0.07816806206070194,0.06263830115046837
10.078381264787087,10.090852702380735,0.07838126478708599,0.09085270238073412
10.078593547607044,10.024503601078056,0.07859354760704458,0.024503601078055853
10.078804908029161,10.110919787101214,0.07880490802916172,0.11091978710121372
10.079015343572847,10.061040422728892,0.07901534357284712,0.06104042272889239
10.079224851768364,10.080221499224248,0.07922485176836497,0.08022149922424789
10.079433430156863,10.059269839160876,0.07943343015686324,0.059269839160875734
10.079641076290402,10.068928456287876,0.07964107629040244,0.06892845628787589
10.079847787731984,10.072432231696235,0.0798477877319841,0.07243223169623382
10.08005356205558,10.06456182163326,0.08005356205557983,0.06456182163325998
10.08025839684616,10.081571419970956,0.08025839684615929,0.08157141997095611
10.08046228969972,10.088806772229207,0.08046228969971903,0.08880677222920745
10.080665238223311,10.066478552967082,0.08066523822331023,0.06647855296708197
10.080867240035067,10.092945894992203,0.08086724003506726,0.09294589499220393
10.081068292764234,10.086588222819277,0.08106829276423512,0.08658822281927739
10.081268394051198,10.075028010773266,0.0812683940511978,0.0750280107732666
10.081467541547505,10.049709021812518,0.08146754154750546,0.04970902181251776
10.081665732915903,10.076285068220296,0.08166573291590241,0.07628506822029556
10.081862965830354,10.08607689488421,0.08186296583035436,0.08607689488421016
10.082059237976075,10.076681374267936,0.08205923797607559,0.07668137426793713
10.082254547049557,10.06589345104883,0.08225454704955643,0.06589345104882989
10.08244889075859,10.082241152587848,0.08244889075858997,0.08224115258784791
10.0826422668223,10.090441005513659,0.08264226682229922,0.0904410055136582
10.082834672971163,10.079417791245925,0.08283467297116366,0.07941779124592506
10.083026106947045,10.052851185640204,0.08302610694704615,0.05285118564020384
10.08321656650322,10.102455885758502,0.0832165665032191,0.10245588575850222
10.083406049404392,10.118212690607123,0.08340604940439107,0.11821269060712272
10.083594553426733,10.084226888338769,0.08359455342673305,0.08422688833876806
10.083782076357904,10.100597611338213,0.08378207635790424,0.10059761133821278
10.083968615997078,10.100356173148946,0.08396861599707842,0.10035617314894577
10.084154170154969,10.105317284018676,0.0841541701549694,0.1053172840186763
10.084338736653857,10.10736579622291,0.08433873665385712,0.10736579622291016
10.084522313327613,10.074298256723349,0.08452231332761276,0.07429825672334972
10.084704898021725,10.111683260157552,0.08470489802172458,0.1116832601575512
10.084886488593323,10.11592520496405,0.08488648859332285,0.11592520496405057
10.085067082911205,10.08171950383171,0.08506708291120534,0.0817195038317103
10.085246678855862,10.112924859393994,0.08524667885586196,0.11292485939399385
10.0854252743195,10.052717714109678,0.08542527431949998,0.0527177141096774
10.085602867206068,10.076435751293355,0.08560286720606865,0.07643575129335484
10.085779455431284,10.084313174087054,0.08577945543128357,0.08431317408705352
10.085955036922652,10.100386380897069,0.0859550369226516,0.10038638089706804
10.086129609619494,10.096911570019813,0.08612960961949473,0.09691157001981326
10.086303171472975,10.106683985566558,0.0863031714729746,0.10668398556655873
10.086475720446117,10.07262151164973,0.08647572044611632,0.07262151164972978
10.086647254513833,10.07616862219041,0.0866472545138326,0.07616862219041043
10.086817771662947,10.053016811492444,0.08681777166294723,0.053016811492445054
10.08698726989222,10.116499989505083,0.08698726989221903,0.11649998950508272
10.087155747212366,10.096594882490125,0.087155747212365,0.09659488249012424
10.087323201646084,10.082662042852707,0.087323201646084,0.08266204285270704
10.08748963122808,10.061535608518797,0.08748963122807976,0.06153560851879661
10.087655034005083,10.073694267081269,0.08765503400508386,0.07369426708126828
10.087819408035879,10.103294478682898,0.08781940803587897,0.10329447868289737
10.087982751391321,10.111280562425689,0.08798275139132126,0.1112805624256889
10.088145062154364,10.08121752168697,0.08814506215436337,0.08121752168697034
10.088306338420077,10.06354348820226,0.08830633842007661,0.06354348820225995
10.088466578295673,10.07746032785926,0.08846657829567361,0.07746032785925959
10.08862577990053,10.092569016461578,0.08862577990053028,0.09256901646157852
10.088783941366207,10.077330832594376,0.0887839413662081,0.0773308325943757
10.088941060836476,10.072181608802847,0.0889410608364758,0.07218160880284667
10.08909713646733,10.090008217153738,0.0890971364673314,0.09000821715373801
10.089252166427023,10.085973262522945,0.08925216642702374,0.08597326252294395
10.089406148896074,10.098418073691045,0.08940614889607386,0.0984180736910447
10.089559082067296,10.08636651139127,0.08955908206729662,0.08636651139127055
10.089710964145821,10.096888435957183,0.08971096414582164,0.09688843595718344
10.089861793349115,10.072727743257984,0.08986179334911458,0.0727277432579834
10.090011567906998,10.066219985201077,0.09001156790699782,0.06621998520107691
10.090160286061671,10.05749595444301,0.0901602860616716,0.05749595444300873
10.090307946067734,10.100768454916572,0.09030794606773421,0.10076845491657271
10.090454546192202,10.105521769358132,0.09045454619220283,0.10552176935813284
10.090600084714534,10.069378278000205,0.09060008471453368,0.0693782780002045
10.090744559926643,10.11394385227566,0.09074455992664228,0.11394385227566117
10.090887970132924,10.057979013731543,0.09088797013292353,0.05797901373154362
10.091030313650272,10.10784071847681,0.09103031365027144,0.10784071847681041
10.091171588808098,10.096019871415084,0.09117158880809915,0.09601987141508359
10.091311793948359,10.0911278333283,0.09131179394835828,0.09112783332830085
10.091450927425559,10.074973204386259,0.0914509274255586,0.07497320438625894
10.091588987606787,10.076388657657416,0.09158898760678712,0.07638865765741584
10.091725972871728,10.075136742813303,0.09172597287172753,0.0751367428133021
10.09186188161268,10.110607070851227,0.09186188161267893,0.11060707085122776
10.091996712234575,10.07942587116836,0.0919967122345749,0.07942587116835903
10.092130463155002,10.109383665200907,0.0921304631550022,0.10938366520090625
10.09226313280422,10.102586675773328,0.09226313280421916,0.10258667577332753
10.092394719625174,10.090205467457915,0.0923947196251744,0.09020546745791454
10.092525222073524,10.093550370372563,0.09252522207352479,0.09355037037256257
10.092654638617654,10.090130150395844,0.09265463861765386,0.09013015039584396
10.092782967738689,10.08444164654631,0.09278296773868953,0.08444164654631023
10.092910207930522,10.072432239824805,0.09291020793052215,0.07243223982480414
10.093036357699821,10.062364831407065,0.09303635769982199,0.062364831407064725
10.093161415566057,10.054829508200386,0.09316141556605692,0.054829508200387074
10.09328538006151,10.076808048967024,0.09328538006150966,0.0768080489670244
10.093408249731295,10.104674241681984,0.09340824973129508,0.1046742416819837
10.093530023133377,10.096272434483586,0.09353002313337733,0.09627243448358555
10.093650698838587,10.087760296148872,0.09365069883858654,0.08776029614887176
10.093770275430636,10.090384965211149,0.09377027543063593,0.09038496521114853
10.093888751506139,10.119313606915695,0.09388875150613805,0.11931360691569415
10.094006125674621,10.11885185886725,0.09400612567462163,0.11885185886724975
10.094122396558548,10.098807759954918,0.0941223965585476,0.09880775995491704
10.094237562793326,10.110072872062693,0.09423756279332543,0.11007287206269314
10.094351623027329,10.086465173636542,0.09435162302732902,0.08646517363654245
10.094464575921913,10.100534987468684,0.09446457592191276,0.10053498746868421
10.094576420151427,10.061384660911449,0.09457642015142698,0.061384660911448764
10.094687154403234,10.072255269679333,0.09468715440323366,0.07225526967933404
10.094796777377722,10.084440919904482,0.09479677737772196,0.08444091990448199
10.094905287788324,10.088988285474192,0.09490528778832313,0.08898828547419256
10.095012684361526,10.091163219380508,0.09501268436152599,0.0911632193805085
10.09511896583689,10.092056831232558,0.0951189658368915,0.09205683123255752
10.095224130967068,10.063361033994418,0.09522413096706793,0.06336103399441881
10.095328178517805,10.060826468096796,0.0953281785178052,0.060826468096795636
10.09543110726797,10.10547792355618,0.09543110726796956,0.10547792355618028
10.095532916009558,10.091606013320325,0.09553291600955778,0.09160601332032421
10.09563360354771,10.097615352444633,0.09563360354771147,0.09761535244463213
10.09573316870073,10.059055199434278,0.09573316870073091,0.0590551994342775
10.09583161030009,10.07929813460774,0.09583161030008915,0.07929813460774057
10.095928927190446,10.088846954667176,0.09592892719044557,0.0888469546671763
10.09602511822966,10.078713392825156,0.09602511822965942,0.07871339282515644
10.096120182288804,10.088361502983734,0.0961201822888034,0.0883615029837344
10.096214118252176,10.058132437099985,0.09621411825217664,0.05813243709998519
10.096306925017318,10.088835079860706,0.09630692501731809,0.08883507986070575
10.09639860149502,10.068729729546893,0.09639860149501922,0.06872972954689398
10.096489146609336,10.11128604669048,0.09648914660933698,0.11128604669048145
10.096578559297607,10.100303484585138,0.09657855929760623,0.10030348458513784
10.096666838510453,10.077824359397608,0.09666683851045242,0.07782435939760844
10.096753983211803,10.07122444778032,0.09675398321180381,0.07122444778032107
10.096839992378904,10.124002453758235,0.09683999237890359,0.12400245375823564
10.096924865002322,10.049670330207961,0.09692486500232196,0.04967033020796084
10.097008600085967,10.087550390749318,0.09700860008596791,0.08755039074931775
10.097091196647101,10.106888335750524,0.09709119664710099,0.10688833575052334
10.097172653716342,10.109429703396307,0.09717265371634275,0.10942970339630699
10.097252970337689,10.100604145977293,0.0972529703376882,0.10060414597729275
10.097332145568517,10.109376458740194,0.09733214556851695,0.10937645874019329
10.097410178479604,10.075267051275311,0.0974101784796044,0.07526705127531097
10.097487068155132,10.07128408454333,0.09748706815513246,0.0712840845433292
10.0975628136927,10.087050274757845,0.09756281369270045,0.08705027475784412
10.097637414203335,10.132917141221428,0.0976374142033357,0.13291714122142798
10.097710868811504,10.093527779479048,0.09771086881150381,0.0935277794790487
10.097783176655119,10.099596454785754,0.09778317665511913,0.09959645478575453
10.097854336885554,10.10775864218929,0.09785433688555473,0.10775864218928989
10.097924348667652,10.114741686880675,0.09792434866765248,0.11474168688067506
10.097993211179732,10.098102448295712,0.09799321117973273,0.09810244829571238
10.098060923613604,10.09116071401737,0.09806092361360406,0.09116071401736928
10.098127485174572,10.129484196895907,0.09812748517457266,0.12948419689590748
10.098192895081452,10.121975451210849,0.0981928950814518,0.1219754512108488
10.098257152566571,10.06633758509003,0.09825715256657083,0.06633758509003057
10.098320256875784,10.078221743590587,0.09832025687578433,0.07822174359058706
10.09838220726848,10.100130624139943,0.09838220726848089,0.10013062413994277
10.098443003017591,10.095042420024866,0.09844300301759178,0.09504242002486597
10.0985026434096,10.085683718039597,0.09850264340959958,0.08568371803959692
10.098561127744546,10.110314092508363,0.09856112774454642,0.11031409250836277
10.098618455336043,10.082753209954268,0.09861845533604237,0.08275320995426776
10.098674625511274,10.100192226209282,0.09867462551127329,0.10019222620928311
10.098729637611008,10.088602474868768,0.09872963761100889,0.08860247486876896
10.09878349098961,10.040035117287855,0.09878349098961038,0.040035117287855464
10.098836185015038,10.098638887116351,0.09883618501503812,0.09863888711635069
10.098887719068859,10.119867251737023,0.09888771906885892,0.11986725173702417
10.098938092546254,10.091229937375857,0.09893809254625342,0.09122993737585795
10.098987304856022,10.063209269222384,0.09898730485602315,0.06320926922238426
10.099035355420597,10.08422655834457,0.09903535542059741,0.08422655834456927
10.09908224367604,10.100263822879837,0.09908224367604013,0.10026382287983704
10.099127969072056,10.056838004676376,0.09912796907205644,0.0568380046763765
10.099172531072,10.071638291184057,0.09917253107199916,0.0716382911840567
10.099215929152875,10.094620582659593,0.09921592915287507,0.09462058265959297
10.09925816280535,10.08509395435706,0.09925816280535105,0.08509395435705944
10.09929923153376,10.099499393230007,0.09929923153376008,0.09949939323000662
10.099339134856107,10.118576738002263,0.09933913485610703,0.11857673800226294
10.099377872304075,10.124356703854561,0.09937787230407436,0.12435670385456052
10.099415443423027,10.101696274606935,0.09941544342302754,0.10169627460693415
10.09945184777202,10.110481547431142,0.09945184777202049,0.11048154743114164
10.099487084923801,10.098323634213603,0.09948708492380064,0.0983236342136038
10.099521154464814,10.121967431818536,0.09952115446481406,0.12196743181853695
10.09955405599521,10.079188963896554,0.09955405599521022,0.07918896389655364
10.099585789128847,10.069437613572832,0.09958578912884672,0.06943761357283146
10.099616353493294,10.114248641080051,0.09961635349329381,0.1142486410800508
10.09964574872984,10.09881735535188,0.09964574872983883,0.09881735535187963
10.09967397449349,10.142338779757901,0.09967397449349029,0.14233877975790188
10.099701030452982,10.09533581295032,0.09970103045298201,0.09533581295032141
10.099726916290777,10.071480018316349,0.09972691629077704,0.07148001831634823
10.099751631703072,10.120821573134693,0.09975163170307125,0.1208215731346931
10.099775176399797,10.107940094062817,0.09977517639979705,0.10794009406281764
10.099797550104627,10.085932230340031,0.09979755010462671,0.0859322303400312
10.099818752554976,10.065012948839913,0.09981875255497558,0.06501294883991234
10.099838783502005,10.108945553466729,0.09983878350200523,0.10894555346672923
10.099857642710626,10.127682172496238,0.0998576427106264,0.12768217249623837
10.099875329959502,10.123795395703022,0.09987532995950163,0.12379539570302178
10.099891845041048,10.097260549149215,0.09989184504104798,0.09726054914921484
10.09990718776144,10.100310026176532,0.09990718776143943,0.10031002617653194
10.099921357940609,10.099233811641149,0.09992135794060913,0.09923381164114911
10.099934355412252,10.108767154332822,0.09993435541225153,0.10876715433282244
10.099946180023824,10.103160818463932,0.09994618002382433,0.10316081846393224
10.09995683163655,10.0747520540421,0.09995683163655032,0.07475205404210014
10.099966310125419,10.127786203156788,0.09996631012541889,0.1277862031567881
10.099974615379187,10.06472615143122,0.0999746153791876,0.0647261514312192
10.099981747300383,10.091801646494874,0.09998174730038349,0.09180164649487307
10.099987705805304,10.11447855998825,0.09998770580530414,0.1144785599882501
10.099992490824018,10.10562594512345,0.0999924908240187,0.10562594512345028
10.099996102300368,10.085863599660973,0.09999610230036877,0.0858635996609739
10.099998540191969,10.136931056250146,0.09999854019196895,0.1369310562501472
10.099999804470208,10.090209319332336,0.09999980447020738,0.09020931933233609
10.099999895120247,10.108675523942466,0.09999989512024614,0.10867552394246574
10.09999881214102,10.0673060491624,0.0999988121410213,0.06730604916240088
10.099996555545243,10.089962966246173,0.09999655554524305,0.08996296624617185
10.099993125359395,10.11411709971889,0.09999312535939547,0.11411709971888936
10.099988521623736,10.09294901173973,0.0999885216237363,0.09294901173973028
10.099982744392296,10.123738934450651,0.09998274439229636,0.12373893445065183
10.09997579373288,10.104544010906704,0.099975793732879,0.10454401090670316
10.099967669727059,10.13093875712059,0.09996766972705928,0.1309387571205915
10.099958372470184,10.07411950785319,0.09995837247018304,0.07411950785319023
10.099947902071365,10.055270512532969,0.09994790207136568,0.055270512532969565
10.099936258653491,10.085359822681005,0.09993625865349101,0.08535982268100448
10.09992344235321,10.094895498883023,0.09992344235320974,0.09489549888302375
10.099909453320938,10.10878282409028,0.09990945332093787,0.10878282409027942
10.099894291720855,10.055274670367655,0.09989429172085494,0.05527467036765555
10.099877957730902,10.062629362713462,0.09987795773090213,0.06262936271346135
10.09986045154278,10.091152240432843,0.09986045154278012,0.0911522404328419
10.099841773361947,10.081856793681252,0.09984177336194687,0.08185679368125286
10.099821923407616,10.117223699476972,0.0998219234076152,0.11722369947697221
10.09980090191275,10.079694978562255,0.09980090191275025,0.07969497856225599
10.099778709124067,10.1064896934826,0.09977870912406667,0.1064896934825986
10.099755345302025,10.097402507771152,0.09975534530202579,0.09740250777115193
10.099730810720832,10.090001508066045,0.09973081072083258,0.0900015080660451
10.099705105668432,10.113836845694474,0.09970510566843234,0.11383684569447428
10.099678230446507,10.13270535076662,0.09967823044650742,0.13270535076662016
10.099650185370473,10.10359477259066,0.09965018537047363,0.10359477259065894
10.099620970769477,10.077930188335685,0.09962097076947651,0.0779301883356853
10.099590586986388,10.098391277395654,0.09959058698638751,0.09839127739565422
10.0995590343778,10.09639963135942,0.09955903437780003,0.09639963135941948
10.099526313314025,10.111050492021917,0.09952631331402506,0.11105049202191764
10.099492424179086,10.092166042265685,0.099492424179087,0.0921660422656845
10.09945736737072,10.102368911458829,0.09945736737071909,0.1023689114588281
10.099421143300358,10.068735297234445,0.09942114330035867,0.06873529723444506
10.099383752393143,10.13668267797677,0.09938375239314252,0.13668267797676964
10.099345195087901,10.086474548860856,0.09934519508790172,0.08647454886085677
10.099305471837157,10.091429186439704,0.09930547183715657,0.09142918643970366
10.09926458310711,10.095843282205522,0.09926458310711123,0.09584328220552181
10.099222529377649,10.086049008158176,0.09922252937764833,0.08604900815817533
10.099179311142324,10.09794741661456,0.09917931114232324,0.09794741661455883
10.099134928908358,10.095518595103119,0.09913492890835837,0.09551859510311865
10.099089383196636,10.084167883630771,0.09908938319663713,0.08416788363077075
10.099042674541698,10.10702316188974,0.09904267454169792,0.10702316188973973
10.098994803491728,10.113131619059665,0.09899480349172773,0.11313161905966464
10.098945770608555,10.090155987803314,0.09894577060855578,0.09015598780331446
10.098895576467648,10.09496515303919,0.09889557646764696,0.09496515303919029
10.098844221658094,10.097632473261289,0.09884422165809506,0.09763247326128928
10.098791706782615,10.130004396467513,0.0987917067826157,0.1300043964675123
10.09873803245754,10.101230929363975,0.09873803245753952,0.1012309293639747
10.098683199312804,10.063006035284696,0.09868319931280477,0.06300603528469532
10.09862720799195,10.087414160057138,0.09862720799194996,0.08741416005713795
10.098570059152106,10.081457807901241,0.09857005915210627,0.08145780790124121
10.09851175346399,10.063399850252837,0.09851175346398995,0.06339985025283672
10.098452291611894,10.113072660016899,0.09845229161189434,0.11307266001689908
10.098391674293682,10.071625022705883,0.09839167429368183,0.07162502270588333
10.098329902220776,10.099163326738523,0.09832990222077576,0.09916332673852295
10.098266976118152,10.111718159500695,0.09826697611815205,0.11171815950069457
10.098202896724331,10.077322937816756,0.09820289672433062,0.07732293781675686
10.098137664791366,10.083810633981956,0.09813766479136672,0.08381063398195678
10.098071281084842,10.074348887064936,0.09807128108484227,0.07434888706493535
10.098003746383856,10.094926785010127,0.09800374638385667,0.0949267850101271
10.097935061481017,10.086163372413912,0.0979350614810178,0.08616337241391181
10.097865227182433,10.11914069623815,0.09786522718243257,0.11914069623814957
10.097794244307698,10.119502882551883,0.09779424430769762,0.1195028825518836
10.09772211368989,10.101665056952486,0.09772211368988964,0.10166505695248661
10.097648836175555,10.108247611524186,0.09764883617555553,0.10824761152418726
10.097574412624702,10.10486643128531,0.09757441262470253,0.10486643128530922
10.097498843910788,10.11814820850419,0.09749884391078817,0.11814820850418958
10.09742213092071,10.07458026530895,0.09742213092070992,0.07458026530894885
10.097344274554795,10.08800368669197,0.09734427455479477,0.08800368669196977
10.09726527572679,10.099957470053518,0.09726527572678881,0.09995747005351842
10.097185135363846,10.088624654663658,0.09718513536384638,0.08862465466365746
10.09710385440652,10.08650118005858,0.09710385440651924,0.08650118005858042
10.097021433808745,10.08310965972758,0.09702143380874542,0.08310965972758033
10.096937874537838,10.106308767071674,0.09693787453783824,0.10630876707167314
10.096853177574475,10.085123786272728,0.09685317757447481,0.08512378627272833
10.096767343912685,10.07415260857369,0.09676734391268446,0.07415260857369
10.096680374559837,10.065486609572439,0.09668037455983723,0.06548660957243818
10.096592270536632,10.088592887980386,0.096592270536632,0.08859288798038567
10.096503032877084,10.110293663993508,0.09650303287708445,0.11029366399350687
10.096412662628515,10.09700160527703,0.09641266262851492,0.09700160527703071
10.096321160851536,10.092054918156963,0.09632116085153623,0.0920549181569622
10.096228528620042,10.09294411398019,0.09622852862004115,0.09294411398019006
10.09613476702119,10.107559444068846,0.09613476702118984,0.10755944406884645
10.096039877155397,10.077356745385348,0.0960398771553969,0.07735674538534798
10.09594386013632,10.12212864589399,0.0959438601363188,0.12212864589399003
10.09584671709084,10.10733106872507,0.09584671709084061,0.10733106872507045
10.095748449159062,10.10606683079065,0.09574844915906261,0.1060668307906512
10.095649057494287,10.089083643809918,0.0956490574942873,0.08908364380991764
10.095548543263005,10.089829941183238,0.09554854326300555,0.08982994118323802
10.095446907644883,10.066905800776448,0.09544690764488306,0.06690580077644775
10.095344151832746,10.088428712809145,0.09534415183274636,0.08842871280914541
10.09524027703257,10.080407518520376,0.09524027703256904,0.08040751852037543
10.095135284463458,10.12641762342955,0.09513528446345743,0.1264176234295497
10.095029175357636,10.090191189660834,0.0950291753576364,0.09019118966083296
10.094921950960435,10.107878410089526,0.09492195096043465,0.10787841008952634
10.09481361253027,10.101517745390382,0.09481361253027047,0.10151774539038204
10.094704161338637,10.097884192635858,0.09470416133863677,0.09788419263585732
10.094593598670086,10.110128030452596,0.09459359867008599,0.11012803045259613
10.094481925822215,10.033643134311651,0.09448192582221539,0.03364313431165175
10.094369144105652,10.12218416858119,0.09436914410565156,0.1221841685811905
10.094255254844034,10.117397594186032,0.09425525484403517,0.11739759418603313
10.094140259374004,10.104815380131889,0.09414025937400522,0.10481538013188829
10.094024159045183,10.091958370528827,0.09402415904518366,0.09195837052882752
10.09390695522016,10.109277541345358,0.09390695522015936,0.1092775413453588
10.093788649274472,10.070210675624635,0.09378864927447222,0.07021067562463527
10.093669242596597,10.128632527548254,0.09366924259659677,0.12863252754825366
10.093548736587927,10.105764088314759,0.09354873658792624,0.10576408831475885
10.093427132662756,10.087846810059347,0.09342713266275599,0.08784681005934608
10.093304432248267,10.066819206653168,0.0933044322482666,0.06681920665316866
10.093180636784508,10.086900014019044,0.09318063678450764,0.08690001401904446
10.09305574772438,10.087157129485997,0.09305574772438041,0.08715712948599733
10.09292976653362,10.090315497201443,0.0929297665336211,0.09031549720144352
10.092802694690784,10.100636148275687,0.09280269469078323,0.1006361482756872
10.092674533687221,10.098784889803355,0.09267453368722074,0.09878488980335443
10.09254528502707,10.07747965401956,0.09254528502707028,0.07747965401956
10.092414950227234,10.118182224926189,0.09241495022723362,0.11818222492618828
10.09228353081736,10.099318830152027,0.09228353081735953,0.09931883015202786
10.092151028339826,10.077070146390147,0.0921510283398264,0.07707014639014623
10.092017444349723,10.079537761187787,0.09201744434972375,0.07953776118778709
10.091882780414833,10.095293872781019,0.09188278041483389,0.0952938727810194
10.091747038115614,10.066719392234939,0.09174703811561391,0.06671939223493895
10.091610219045176,10.103720665052741,0.0916102190451768,0.10372066505274037
10.091472324809272,10.0614072740481,0.091472324809273,0.0614072740481007
10.09133335702627,10.08062145752448,0.09133335702627114,0.08062145752447972
10.09119331732714,10.107343666769415,0.09119331732713959,0.10734366676941554
10.091052207355427,10.083835974091484,0.09105220735542693,0.08383597409148355
10.090910028767244,10.064328828565113,0.09091002876724294,0.0643288285651124
10.090766783231238,10.077828841855142,0.09076678323123871,0.07782884185514242
10.090622472428588,10.097146977875814,0.0906224724285876,0.09714697787581468
10.090477098052965,10.104920518876492,0.0904770980529653,0.1049205188764926
10.09033066181053,10.064274719976696,0.09033066181052965,0.06427471997669543
10.090183165419901,10.080674059094056,0.09018316541990111,0.08067405909405662
10.090034610612141,10.080824030142981,0.09003461061214231,0.08082403014298155
10.089884999130739,10.091257545009595,0.08988499913073784,0.09125754500959532
10.089734332731574,10.091818466610599,0.08973433273157355,0.09181846661059867
10.089582613182916,10.060185997585627,0.08958261318291627,0.06018599758562679
10.089429842265393,10.054391768894178,0.08942984226539293,0.054391768894177295
10.089276021771969,10.095102065419118,0.08927602177196968,0.09510206541911877
10.08912115350793,10.099451215543414,0.08912115350793055,0.09945121554341409
10.088965239290857,10.066514480280413,0.08896523929085681,0.06651448028041265
10.088808280950605,10.06479053623752,0.08880828095060536,0.0647905362375212
10.088650280329286,10.11175342258747,0.08865028032928696,0.11175342258746895
10.088491239281245,10.093843122054581,0.08849123928124515,0.09384312205458205
10.088331159673034,10.107066615021592,0.08833115967303419,0.10706661502159188
10.088170043383398,10.111048301066088,0.08817004338339728,0.1110483010660878
10.088007892303244,10.096644308299878,0.0880078923032441,0.09664430829987672
10.087844708335629,10.059259745907433,0.08784470833562931,0.05925974590743273
10.08768049339573,10.091919782489606,0.0876804933957298,0.09191978248960614
10.087515249410822,10.102837767937649,0.08751524941082196,0.10283776793764791
10.087348978320259,10.128884351117794,0.08734897832025973,0.12888435111779378
10.087181682075451,10.1144172770027,0.08718168207545132,0.11441727700270028
10.087013362639837,10.099280577630932,0.08701336263983654,0.09928057763093108
10.086844021988863,10.091310431941006,0.08684402198886344,0.09131043194100585
10.086673662109966,10.112402348866354,0.08667366210996566,0.11240234886635367
10.086502285002538,10.092973804079417,0.08650228500253866,0.09297380407941741
10.086329892677917,10.081845064176749,0.08632989267791653,0.0818450641767479
10.086156487159348,10.094519890431654,0.08615648715934798,0.09451989043165415
10.085982070481974,10.060745074667986,0.08598207048197316,0.06074507466798577
10.0858066446928,10.053485917165116,0.08580664469279947,0.053485917165114805
10.085630211850678,10.08559136519594,0.08563021185067726,0.08559136519593931
10.085452774026276,10.071357457103392,0.08545277402627627,0.071357457103393
10.085274333302062,10.053634869051058,0.08527433330206094,0.05363486905105758
10.085094891772266,10.094499122595524,0.08509489177226609,0.09449912259552416
10.084914451542872,10.090006968297349,0.08491445154287207,0.0900069682973484
10.084733014731581,10.096223525434576,0.0847330147315805,0.09622352543457634
10.08455058346779,10.077360616412324,0.08455058346778915,0.07736061641232457
10.084367159892567,10.091026208906477,0.08436715989256705,0.09102620890647772
10.084182746158628,10.111027725637395,0.08418274615862902,0.11102772563739483
10.08399734443031,10.037267177965173,0.08399734443031097,0.0372671779651739
10.083810956883545,10.112408383141572,0.08381095688354423,0.1124083831415729
10.08362358570583,10.085278586895482,0.08362358570582967,0.08527858689548276
10.083435233096212,10.08360771696157,0.0834352330962127,0.08360771696156985
10.083245901265258,10.085568629077978,0.08324590126525695,0.08556862907797674
10.083055592435018,10.046173679428254,0.08305559243501866,0.04617367942825409
10.08286430883902,10.077331097988303,0.08286430883902007,0.07733109798830311
10.082672052722224,10.057400989835289,0.08267205272222389,0.057400989835288414
10.082478826341006,10.108611952034828,0.08247882634100655,0.10861195203482774
10.082284631963132,10.087825781833484,0.08228463196313188,0.08782578183348462
10.082089471867723,10.069483133844157,0.0820894718677241,0.0694831338441576
10.081893348345242,10.061596884556279,0.08189334834524173,0.06159688455627821
10.08169626369745,10.0744776313937,0.08169626369745031,0.07447763139370071
10.081498220237394,10.03761609144417,0.0814982202373952,0.03761609144416929
10.081299220289376,10.095488485967042,0.0812992202893749,0.09548848596704278
10.081099266188913,10.069316249540432,0.08109926618891351,0.06931624954043154
10.080898360282733,10.073612003716216,0.08089836028273344,0.07361200371621474
10.080696504928728,10.07829784071279,0.08069650492872743,0.07829784071278886
10.080493702495932,10.073658777154238,0.08049370249593159,0.07365877715423838
10.080289955364497,10.078664798080501,0.08028995536449712,0.07866479808050109
10.080085265925662,10.107444593316515,0.08008526592566259,0.10744459331651449
10.079879636581726,10.105022253330317,0.07987963658172546,0.10502225333031644
10.079673069746015,10.09297183018538,0.07967306974601451,0.09297183018537976
10.079465567842862,10.07795611728786,0.07946556784286124,0.07795611728785905
10.079257133307571,10.102833027422635,0.07925713330757106,0.10283302742263511
10.079047768586396,10.06164800632327,0.0790477685863953,0.061648006323269965
10.078837476136503,10.054621205900458,0.07883747613650222,0.05462120590045885
10.078626258425949,10.07697977478954,0.0786262584259482,0.07697977478954095
10.078414117933649,10.093870836287662,0.07841411793364853,0.09387083628766174
10.078201057149348,10.019545341638542,0.07820105714934879,0.019545341638541935
10.077987078573596,10.091951750464695,0.07798707857359535,0.09195175046469464
10.077772184717706,10.07956897974317,0.07777218471770611,0.07956897974317051
10.07755637810374,10.086734358913208,0.07755637810374069,0.08673435891320831
10.077339661264471,10.042191475067497,0.07733966126447142,0.04219147506749644
10.077122036743352,10.054304254134339,0.07712203674335333,0.054304254134337884
10.076903507094494,10.055659972144042,0.07690350709449395,0.05565997214404239
10.076684074882625,10.080091047625398,0.07668407488262396,0.08009104762539807
10.076463742683067,10.038982658961698,0.07646374268306674,0.03898265896169767
10.076242513081707,10.110504741815024,0.07624251308170828,0.11050474181502426
10.076020388674966,10.062204693070482,0.07602038867496641,0.062204693070481695
10.075797372069761,10.096271655912291,0.07579737206976103,0.0962716559122906
10.075573465883483,10.065865741221877,0.07557346588348302,0.06586574122187641
10.075348672743964,10.047057434364909,0.07534867274396377,0.047057434364909084
10.075122995289444,10.086434494979478,0.07512299528944388,0.0864344949794784
10.074896436168544,10.078399218132898,0.07489643616854291,0.07839921813289767
10.074668998040227,10.105604490152382,0.0746689980402279,0.10560449015238274
10.074440683573782,10.10090395094138,0.07444068357378185,0.10090395094137987
10.074211495448774,10.054205277797028,0.07421149544877308,0.05420527779702715
10.073981436355023,10.038682988965709,0.07398143635502329,0.03868298896570952
10.073750508992577,10.094870254703842,0.0737505089925763,0.09487025470384292
10.073518716071666,10.04617140002348,0.07351871607166581,0.04617140002347958
10.073286060312684,10.057101670034191,0.07328606031268436,0.05710167003419041
10.073052544446151,10.076613630221912,0.07305254444615088,0.07661363022191188
10.07281817121268,10.046761275769622,0.07281817121267888,0.04676127576962315
10.072582943362944,10.048575329165764,0.07258294336294388,0.048575329165764625
10.072346863657652,10.09317221839131,0.07234686365765179,0.09317221839130865
10.072109934867505,10.076700639868127,0.07210993486750612,0.07670063986812753
10.071872159773175,10.114004284106628,0.07187215977317517,0.11400428410662797
10.07163354116526,10.066704352623118,0.07163354116526008,0.0667043526231185
10.07139408184426,10.044134407210034,0.07139408184426159,0.04413440721003485
10.071153784620547,10.107046028507096,0.07115378462054743,0.10704602850709655
10.07091265231432,10.08598114245466,0.07091265231431887,0.08598114245466053
10.070670687755578,10.069839466756136,0.07067068775557829,0.06983946675613638
10.070427893784096,10.04754819685099,0.07042789378409556,0.04754819685098931
10.070184273249374,10.051600914363656,0.07018427324937486,0.05160091436365495
10.069939829010622,10.05886218236927,0.06993982901062086,0.05886218236927028
10.069694563936705,10.07541859741003,0.0696945639367058,0.07541859741003053
10.069448480906136,10.087084769825537,0.0694484809061355,0.08708476982553826
10.069201582807015,10.078482338057828,0.0692015828070152,0.0784823380578285
10.068953872537016,10.072027516251621,0.06895387253701642,0.07202751625162193
10.068705353003342,10.066185927843085,0.06870535300334239,0.06618592784308484
10.068456027122695,10.042852794202325,0.06845602712269432,0.04285279420232425
10.068205897821237,10.098168632061702,0.0682058978212365,0.09816863206170226
10.067954968034563,10.065249997724017,0.06795496803456279,0.06524999772401614
10.067703240707662,10.082794955668447,0.06770324070766186,0.08279495566844665
10.067450718794882,10.038263532964496,0.06745071879488207,0.038263532964495736
10.067197405259897,10.04986659586614,0.06719740525989777,0.04986659586613931
10.066943303075673,10.068658164061754,0.06694330307567382,0.06865816406175448
10.066688415224432,10.136868594250958,0.06668841522443111,0.13686859425095826
10.066432744697611,10.08366841021109,0.06643274469761089,0.08366841021109012
10.06617629449584,10.096088970742924,0.06617629449584059,0.09608897074292336
10.065919067628897,10.039797361793859,0.06591906762889795,0.039797361793859745
10.065661067115675,10.072513052936902,0.06566106711567607,0.0725130529369015
10.065402295984148,10.085046979664805,0.06540229598414737,0.08504697966480496
10.065142757271328,10.027681586109862,0.06514275727132893,0.02768158610986285
10.064882454023246,10.043629350548162,0.06488245402324631,0.04362935054816139
10.064621389294897,10.02978529314102,0.0646213892948976,0.029785293141019263
10.064359566150218,10.091087894310904,0.06435956615021814,0.09108789431090425
10.064096987662044,10.072506002164335,0.06409698766204423,0.07250600216433502
10.063833656912077,10.045440613012703,0.0638336569120772,0.045440613012702295
10.063569576990847,10.076245113471598,0.06356957699084677,0.07624511347159892
10.063304750997675,10.077950025362204,0.06330475099767556,0.07795002536220393
10.063039182040642,9.983931625538018,0.06303918204064218,-0.016068374461981366
10.062772873236545,10.08158063350096,0.06277287323654504,0.08158063350096063
10.062505827710865,10.055618636747061,0.06250582771086519,0.05561863674706058
10.062238048597731,10.072172040400236,0.06223804859773048,0.07217204040023706
10.061969539039879,10.037464042451349,0.061969539039878396,0.03746404245134877
10.061700302188619,10.087142126015385,0.061700302188618716,0.08714212601538425
10.061430341203797,10.027135896622973,0.06143034120379736,0.027135896622973263
10.061159659253759,10.105172814220971,0.06115965925375877,0.10517281422097138
10.060888259515309,10.080550451308547,0.06088825951530899,0.08055045130854648
10.060616145173677,10.067540101294986,0.06061614517367783,0.06754010129498585
10.060343319422483,10.091659169823222,0.06034331942248233,0.09165916982322289
10.06006978546369,10.077360516641997,0.06006978546368871,0.07736051664199649
10.059795546507575,10.075929954448938,0.05979554650757505,0.07592995444893855
10.059520605772693,10.054564728125941,0.059520605772693094,0.05456472812594165
10.059244966485831,10.079157409066315,0.059244966485831274,0.07915740906631522
10.058968631881976,10.049496301253608,0.058968631881976485,0.04949630125360914
10.058691605204276,10.072667943152055,0.058691605204275604,0.07266794315205559
10.058413889704,10.055880418404975,0.05841388970399833,0.05588041840497469
10.058135488640499,10.059001110953922,0.05813548864049848,0.05900111095392131
10.057856405281177,10.07315850839175,0.05785640528117597,0.07315850839174882
10.057576642901438,10.075739722238499,0.057576642901437915,0.07573972223849831
10.057296204784661,10.082277579046664,0.057296204784661076,0.08227757904666361
10.057015094222153,10.070300597049362,0.0570150942221527,0.07030059704936276
10.056733314513112,10.046733585495222,0.05673331451311221,0.04673358549522122
10.056450868964593,10.066821422501535,0.05645086896459192,0.06682142250153564
10.056167760891459,10.073423375721976,0.056167760891459056,0.0734233757219764
10.055883993616357,10.045419660659222,0.05588399361635646,0.04541966065922275
10.055599570469663,10.054155174209763,0.05559957046966307,0.0541551742097621
10.055314494789457,10.030561379426205,0.05531449478945586,0.030561379426205144
10.05502876992147,10.042043822227742,0.05502876992146993,0.04204382222774163
10.054742399219059,10.026156248378953,0.054742399219059615,0.026156248378952876
10.05445538604316,10.041568931983301,0.054455386043158485,0.041568931983300486
10.054167733762242,10.025303891469076,0.05416773376224088,0.025303891469076384
10.053879445752282,10.047055066305969,0.05387944575228165,0.047055066305968334
10.053590525396716,10.067715117767378,0.05359052539671697,0.06771511776737862
10.053300976086405,10.037865387991713,0.05330097608640393,0.03786538799171265
10.053010801219582,10.062643634062608,0.05301080121958168,0.06264363406260746
10.05272000420183,10.073913122392788,0.052720004201831094,0.07391312239278783
10.052428588446034,10.06650393607693,0.052428588446034353,0.06650393607693084
10.052136557372336,10.067896337650968,0.05213655737233578,0.06789633765096745
10.051843914408101,10.037328094390176,0.0518439144081011,0.03732809439017643
10.051550662987877,10.066958083572294,0.051550662987877555,0.06695808357229421
10.051256806553353,10.049774792575697,0.05125680655335291,0.04977479257569674
10.050962348553316,10.067894283359328,0.050962348553316064,0.06789428335932812
10.050667292443617,10.066354822103145,0.050667292443615876,0.06635482210314433
10.050371641687121,10.018791369137585,0.05037164168712101,0.018791369137584134
10.050075399753679,10.061571297242308,0.050075399753678564,0.06157129724230763
10.049778570120074,10.05905811860217,0.04977857012007437,0.0590581186021708
10.04948115626999,10.017334233621558,0.04948115626999169,0.01733423362155837
10.04918316169397,10.045244117679884,0.04918316169396984,0.04524411767988343
10.048884589889365,10.054846624656065,0.0488845898893642,0.05484662465606517
10.048585444360304,10.019660744017795,0.048585444360304514,0.019660744017795426
10.048285728617653,10.069808440888794,0.04828572861765409,0.06980844088879339
10.047985446178968,10.081145449141601,0.04798544617896796,0.08114544914160146
10.047684600568452,10.053048630303245,0.04768460056845256,0.05304863030324476
10.047383195316923,10.012439478298933,0.04738319531692372,0.01243947829893257
10.047081233961766,10.054623623392906,0.04708123396176553,0.0546236233929063
10.046778720046888,10.048550357192,0.04677872004688823,0.04855035719199892
10.046475657122688,10.04345050487928,0.04647565712268753,0.04345050487927892
10.046172048746003,10.050504067561413,0.046172048746002475,0.050504067561413124
10.045867898480074,10.017645427114656,0.045867898480073256,0.017645427114657157
10.0455632098945,10.061557225516928,0.045563209894500294,0.06155722551692887
10.045257986565202,10.083708230982896,0.04525798656520174,0.08370823098289613
10.044952232074372,10.057058784984036,0.04495223207437182,0.057058784984035896
10.044645950010437,10.061522037715951,0.04464595001043817,0.06152203771595123
10.04433914396802,10.034143119840815,0.04433914396802065,0.034143119840814695
10.04403181754789,10.029864554967505,0.04403181754788851,0.02986455496750419
10.043723974356919,10.039345394079618,0.04372397435691852,0.039345394079618
10.043415618008051,10.0432577752314,0.04341561800805192,0.043257775231400494
10.043106752120252,10.014929139414955,0.043106752120253,0.014929139414955404
10.042797380318467,10.060276195575147,0.04279738031846618,0.06027619557514699
10.042487506233574,10.047486787697023,0.04248750623357294,0.047486787697022435
10.04217713350235,10.050358338781331,0.042177133502350195,0.050358338781330426
10.041866265767426,10.071390743429784,0.04186626576742696,0.071390743429784
10.041554906677241,10.008787567670664,0.04155490667724194,0.00878756767066479
10.041243059886,10.051706957746882,0.041243059886000036,0.05170695774688266
10.040930729053631,10.030293688819574,0.04093072905363045,0.030293688819574165
10.040617917845744,10.019947295919474,0.04061791784574324,0.019947295919473206
10.040304629933585,10.069008169609798,0.04030462993358581,0.06900816960979766
10.039990868994002,10.06506324098227,0.03999086899400078,0.06506324098226993
10.039676638709382,10.0474360863883,0.039676638709382234,0.047436086388300616
10.039361942767632,10.02101739233922,0.03936194276763276,0.021017392339219367
10.03904678486212,10.043106530644415,0.039046784862119585,0.043106530644416094
10.038731168691632,10.01739018381107,0.03873116869163215,0.017390183811070676
10.038415097960337,10.042971288365376,0.038415097960338075,0.042971288365375296
10.03809857637774,9.989843641069092,0.03809857637774002,-0.010156358930907883
10.037781607658632,10.019095006448827,0.037781607658631464,0.01909500644882787
10.037464195523054,10.034071632498074,0.03746419552305412,0.03407163249807443
10.037146343696254,9.999709278032244,0.03714634369625377,-0.0002907219677571113
10.036828055908636,10.035305523634037,0.03682805590863604,0.0353055236340364
10.036509335895724,10.094726886758146,0.036509335895723645,0.09472688675814486
10.036190187398113,10.024606788943402,0.03619018739811184,0.02460678894340123
10.035870614161425,10.0389769010661,0.03587061416142489,0.03897690106609998
10.035550619936272,10.02755378964244,0.03555061993627141,0.027553789642438962
10.035230208478202,10.026032281097626,0.03523020847820138,0.026032281097626335
10.034909383547662,10.071838957366742,0.034909383547661384,0.0718389573667419
10.03458814890995,9.998332570700567,0.034588148909950794,-0.0016674292994333928
10.034266508335177,10.07243426844162,0.03426650833517696,0.07243426844162026
10.033944465598212,10.047251613035545,0.0339444655982119,0.04725161303554462
10.033622024478648,10.049997457456671,0.03362202447864756,0.049997457456671446
10.03329918876075,10.06055375346482,0.03329918876075091,0.06055375346482071
10.03297596223342,9.996546393693805,0.03297596223342053,-0.003453606306195532
10.032652348690142,10.011462152493506,0.032652348690141546,0.011462152493505743
10.03232835192894,10.071143619942768,0.03232835192894133,0.07114361994276838
10.032003975752344,10.022373247811037,0.032003975752344344,0.022373247811037937
10.031679223967329,10.036726363112834,0.03167922396732848,0.03672636311283324
10.031354100385279,10.033194811207842,0.031354100385279714,0.03319481120784173
10.031028608821948,10.018948668562178,0.03102860882194773,0.018948668562178774
10.030702753097401,10.036877958909772,0.03070275309740042,0.0368779589097719
10.03037653703598,10.025325101716518,0.030376537035980117,0.025325101716519017
10.030049964466258,10.061071945834238,0.030049964466258162,0.06107194583423754
10.02972303922099,10.01505921299433,0.029723039220989473,0.015059212994329997
10.02939576513707,10.048351096897091,0.029395765137068604,0.04835109689709179
10.029068146055485,10.019346919632302,0.029068146055483992,0.019346919632301354
10.028740185821274,10.021776815247508,0.028740185821273263,0.02177681524750847
10.028411888283477,10.062484803656488,0.028411888283477394,0.06248480365648758
10.028083257295096,10.026902849404328,0.028083257295096573,0.026902849404327297
10.027754296713045,10.017527195818417,0.027754296713044288,0.01752719581841744
10.027425010398103,10.02259547101196,0.02742501039810242,0.022595471011959127
10.027095402214876,10.021111597631307,0.027095402214875233,0.0211115976313079
10.026765476031745,10.026479984015843,0.026765476031745047,0.02647998401584368
10.026435235720827,10.028683326335258,0.02643523572082633,0.028683326335258944
10.02610468515792,10.025163444994213,0.02610468515791973,0.02516344499421243
10.025773828222468,10.039415620769987,0.025773828222467626,0.03941562076998667
10.025442668797508,10.042357097681402,0.025442668797507912,0.042357097681401557
10.025111210769628,10.021650891241334,0.025111210769628745,0.021650891241334895
10.024779458028922,10.034440030593888,0.024779458028922282,0.03444003059388805
10.02444741446894,10.020133910140316,0.024447414468940023,0.02013391014031637
10.024115083986647,10.012964345952765,0.02411508398664644,0.012964345952764614
10.023782470482374,10.022682389185407,0.023782470482373592,0.02268238918540772
10.023449577859775,10.004239217084557,0.02344957785977465,0.004239217084556199
10.023116410025779,10.020872098758847,0.023116410025779115,0.020872098758846838
10.022782970890546,10.023031228111517,0.02278297089054646,0.0230312281115173
10.02244926436742,10.000108292537087,0.022449264367419713,0.0001082925370864754
10.022115294372881,10.047662293992207,0.022115294372880557,0.047662293992207366
10.021781064826502,10.032859387354005,0.0217810648265027,0.032859387354005364
10.021446579650906,10.032962535549714,0.021446579650906183,0.03296253554971437
10.021111842771711,10.061960904411013,0.02111184277171069,0.061960904411012166
10.02077685811749,10.028525659448153,0.020776858117490478,0.028525659448152923
10.020441629619727,9.99492651208535,0.020441629619727605,-0.005073487914649805
10.020106161212766,10.030042851867881,0.020106161212766115,0.030042851867880395
10.019770456833765,10.00766319040961,0.019770456833765188,0.007663190409611454
10.019434520422655,10.027868120310561,0.01943452042265396,0.027868120310561517
10.019098355922084,10.019828714205165,0.01909835592208477,0.019828714205163935
10.018761967277387,10.02082362281744,0.018761967277386358,0.020823622817440032
10.018425358436518,10.027407843393956,0.018425358436518612,0.027407843393956435
10.018088533350026,10.048567218601189,0.018088533350025537,0.04856721860118984
10.01775149597099,9.993004649695242,0.017751495970989236,-0.0069953503047579
10.017414250254983,9.993879026270129,0.017414250254982815,-0.006120973729870263
10.017076800160025,10.036614442912128,0.01707680016002502,0.03661444291212897
10.016739149646533,10.025383026497016,0.016739149646533058,0.0253830264970152
10.016401302677277,10.034683059121424,0.016401302677276505,0.0346830591214244
10.01606326321733,10.040719714579883,0.01606326321733006,0.040719714579882244
10.015725035234029,10.004065824261374,0.015725035234028094,0.004065824261374107
10.015386622696917,10.02832040152331,0.015386622696917521,0.028320401523309703
10.015048029577711,10.04495131437959,0.015048029577710731,0.044951314379589775
10.01470925985024,10.014028977154044,0.014709259850239999,0.014028977154044076
10.01437031749041,9.9923354625983,0.01437031749041015,-0.007664537401700061
10.014031206476153,10.02391502114891,0.014031206476152256,0.023915021148911364
10.013691930787376,10.017290175857378,0.013691930787376237,0.017290175857376792
10.013352494405925,10.003368777578261,0.013352494405925211,0.0033687775782611697
10.013012901315529,9.975439315203973,0.013012901315528068,-0.024560684796026286
10.012673155501753,10.004642533924768,0.01267315550175304,0.004642533924768611
10.01233326095196,10.018371270875921,0.012333260951960252,0.018371270875920893
10.011993221655256,10.000213337750475,0.011993221655255971,0.00021333775047511355
10.011653041602445,9.997029534024163,0.011653041602445246,-0.0029704659758365733
10.011312724785984,10.022574639157353,0.011312724785984565,0.02257463915735328
10.010972275199936,10.01660429351038,0.010972275199936037,0.016604293510380046
10.01063169683992,9.993758198894781,0.010631696839919824,-0.006241801105219023
10.010290993703068,9.986517219389222,0.010290993703067592,-0.013482780610778445
10.009950169787976,9.9822337248018,0.009950169787974899,-0.017766275198200582
10.009609229094655,10.031267504963457,0.009609229094655322,0.03126750496345762
10.009268175624493,10.01331396177035,0.00926817562449298,0.013313961770350597
10.008927013380195,10.014815721350972,0.00892701338019505,0.014815721350972349
10.008585746365746,10.020195966056301,0.008585746365745843,0.020195966056301213
10.00824437858636,10.001100147200273,0.008244378586359109,0.001100147200272677
10.007902914048431,10.02716731171472,0.007902914048431381,0.02716731171471988
10.007561356759494,10.003010112772158,0.0075613567594942505,0.0030101127721570376
10.007219710728169,10.000729873136866,0.007219710728168394,0.000729873136864798
10.006877979964116,9.998699615104567,0.006877979964115818,-0.0013003848954332119
10.006536168477993,9.956675479895294,0.006536168477993154,-0.043324520104705944
10.006194280281404,10.015802417134847,0.006194280281403886,0.015802417134846203
10.005852319386852,10.006859202416438,0.00585231938685232,0.006859202416438168
10.005510289807695,10.001802372646578,0.005510289807695973,0.0018023726465776573
10.005168195558097,10.01427868249706,0.005168195558097931,0.014278682497060734
10.004826040652981,10.000261997890984,0.004826040652980805,0.0002619978909848058
10.00448382910798,10.013045346838052,0.0044838291079788975,0.013045346838050944
10.004141564939392,10.005493288734364,0.0041415649393914365,0.005493288734364545
10.003799252164134,10.019127857669874,0.003799252164134721,0.01912785766987437
10.003456894799696,10.047523125177557,0.003456894799696044,0.04752312517755708
10.003114496864086,10.009478234819609,0.0031144968640858355,0.009478234819608322
10.00277206237579,9.984704839228572,0.0027720623757908577,-0.015295160771428831
10.002429595353727,9.988635747036053,0.0024295953537263344,-0.011364252963947405
10.00208709981719,9.992936087836183,0.0020870998171898464,-0.0070639121638166455
10.001744579785814,9.99129167311416,0.0017445797858136312,-0.008708326885840329
10.001402039279517,9.997127479473376,0.0014020392795168716,-0.00287252052662433
10.00105948231846,9.984246309856717,0.0010594823184595828,-0.01575369014328337
10.000716912922995,10.016248281387368,0.0007169129229947208,0.016248281387367884
10.000374335113621,10.035627525791558,0.0003743351136213534,0.03562752579155761
10.000031752910937,9.978083096056801,3.175291093676325e-05,-0.021916903943198934
9.999689170335591,9.996516946617794,-0.00031082966440967256,-0.0034830533822056324
9.999346591408235,9.98244839445568,-0.0006534085917643808,-0.01755160554431896
9.999004020149483,9.976481161133636,-0.000995979850516425,-0.02351883886636495
9.998661460579855,10.031508748004473,-0.0013385394201454023,0.03150874800447227
9.998318916719732,10.004419180321129,-0.001681083280267564,0.004419180321129525
9.997976392589317,9.975202045329064,-0.002023607410683533,-0.024797954670936154
9.997633892208574,9.990808748275626,-0.0023661077914260194,-0.009191251724374487
9.997291419597195,10.026711325684618,-0.0027085804028059326,0.026711325684616816
9.99694897877454,9.975525045775811,-0.0030510212254602712,-0.02447495422418855
9.996606573759601,10.0097129712648,-0.003393426240398937,0.009712971264799808
9.996264208570947,10.014803867366767,-0.0037357914290526146,0.014803867366766869
9.99592188722668,9.988999993540999,-0.004078112773318871,-0.011000006459001937
9.99557961374439,10.007834525277454,-0.00442038625561002,0.007834525277453857
9.9952373921411,10.011438061711814,-0.004762607858899922,0.011438061711814239
9.994895226433227,9.97868450464491,-0.005104773566771835,-0.02131549535509069
9.994553120636535,10.028565222438315,-0.0054468793634644954,0.028565222438315663
9.99421107876608,9.974746178483686,-0.00578892123391977,-0.025253821516314334
9.99386910483617,10.00503021249713,-0.006130895163830319,0.005030212497131215
9.993527202860314,9.9809292147241,-0.00647279713968564,-0.019070785275900726
9.99318537685118,9.985075793632745,-0.006814623148819883,-0.014924206367253976
9.992843630820541,10.012724656691285,-0.007156369179458591,0.012724656691285441
9.992501968779234,9.973418707484756,-0.007498031220766488,-0.02658129251524414
9.992160394737107,9.988934430912368,-0.007839605262893491,-0.011065569087632399
9.991818912702978,9.99494449553467,-0.008181087297022481,-0.005055504465330184
9.991477526684584,10.000148225343633,-0.008522473315415996,0.00014822534363273868
9.991136240688537,9.959961807237566,-0.008863759311463975,-0.0400381927624347
9.99079505872027,9.98559661030849,-0.009204941279729715,-0.014403389691511321
9.990453984784002,10.001646329103343,-0.00954601521599742,0.0016463291033423089
9.99011302288268,9.974675151553795,-0.009886977117319718,-0.025324848446204577
9.989772177017937,9.975776401036716,-0.010227822982063586,-0.024223598963284146
9.989431451190041,10.022369024147094,-0.010568548809958013,0.02236902414709488
9.98909084939786,9.977239031367446,-0.010909150602140604,-0.0227609686325545
9.988750375638794,9.995192322446142,-0.011249624361205217,-0.00480767755385788
9.988410033908751,9.99418718580989,-0.01158996609124781,-0.005812814190109313
9.988069828202086,9.992899209306783,-0.011930171797914056,-0.007100790693217222
9.987729762511554,10.007938666369878,-0.01227023748844586,0.007938666369878434
9.987389840828271,10.009087411445579,-0.01261015917172893,0.009087411445578742
9.987050067141661,9.99332038548063,-0.012949932858338559,-0.0066796145193714395
9.986710445439414,9.962254123071686,-0.01328955456058697,-0.0377458769283136
9.986370979707429,10.008379801639233,-0.013629020292570652,0.008379801639232473
9.986031673929784,9.967457111121172,-0.01396832607021608,-0.032542888878827766
9.985692532088672,9.98908289591628,-0.01430746791132718,-0.010917104083719695
9.985353558164368,10.006267655677004,-0.014646441835631706,0.006267655677003079
9.985014756135172,10.01888255941492,-0.01498524386482867,0.01888255941491932
9.984676129977366,9.986614852243095,-0.01532387002263396,-0.013385147756904614
9.984337683665172,9.990211344661748,-0.015662316334827727,-0.009788655338251202
9.983999421170699,9.982800250657622,-0.016000578829300675,-0.017199749342378463
9.983661346463899,9.956515209583408,-0.016338653536101363,-0.04348479041659173
9.983323463512518,10.004884235999961,-0.01667653648748176,0.004884235999961472
9.982985776282055,9.986076062853144,-0.01701422371794434,-0.013923937146856816
9.98264828873571,9.982400885414084,-0.01735171126428914,-0.017599114585915572
9.98231100483434,9.999513262767042,-0.017688995165659232,-0.0004867372329574911
9.981973928536412,9.961925867755964,-0.018026071463587888,-0.03807413224403638
9.981637063797955,9.993749151163808,-0.018362936202044714,-0.00625084883619282
9.981300414572518,9.980798780807982,-0.018699585427482766,-0.01920121919201845
9.980963984811115,9.981563256865993,-0.019036015188883898,-0.018436743134006423
9.980627778462194,9.965918972380887,-0.019372221537805837,-0.03408102761911345
9.980291799471571,9.960003635010667,-0.019708200528428175,-0.039996364989332914
9.9799560517824,9.967553206539883,-0.02004394821759937,-0.03244679346011677
9.979620539335118,10.001276305683653,-0.020379460664881985,0.001276305683653587
9.9792852660674,9.9110827767411,-0.02071473393259945,-0.08891722325890046
9.978950235914118,9.962215291965778,-0.021049764085882806,-0.03778470803422093
9.978615452807285,9.953279076500984,-0.021384547192715833,-0.04672092349901577
9.978280920676019,10.003693090028078,-0.021719079323981896,0.0036930900280772658
9.97794664344649,9.969035529503909,-0.022053356553509717,-0.0309644704960908
9.97761262504188,9.997044063947303,-0.02238737495812014,-0.002955936052695972
9.977278869382328,9.947139542320054,-0.022721130617671143,-0.052860457679945905
9.976945380384896,9.975847055018955,-0.023054619615104348,-0.024152944981044536
9.976612161963509,9.985894895419882,-0.02338783803649154,-0.01410510458011845
9.976279218028921,9.959954571790009,-0.02372078197107953,-0.04004542820999071
9.975946552488663,9.929921276170996,-0.024053447511336777,-0.07007872382900499
9.975614169247,9.997462302904674,-0.024385830752998883,-0.0025376970953249894
9.975282072204886,9.957326159031403,-0.024717927795115113,-0.042673840968595875
9.974950265259906,9.987003177389623,-0.02504973474009313,-0.01299682261037697
9.974618752306254,9.950046844224868,-0.025381247693745453,-0.04995315577513124
9.974287537234666,9.969013906353098,-0.025712462765334784,-0.030986093646901462
9.973956623932379,9.997225880822663,-0.02604337606762039,-0.002774119177336061
9.973626016283097,9.979524834195505,-0.02637398371690268,-0.02047516580449439
9.97329571816693,9.982056166303924,-0.026704281833069277,-0.017943833696076106
9.97296573346036,9.958011649252594,-0.027034266539641125,-0.04198835074740605
9.972636066036182,9.960967307735588,-0.027363933963816894,-0.03903269226441193
9.97230671976348,9.992944976864418,-0.02769328023651918,-0.007055023135581009
9.97197769850756,9.995467276305648,-0.028022301492439512,-0.004532723694351398
9.971649006129915,9.987896735676227,-0.02835099387008444,-0.012103264323772636
9.97132064648818,9.944955931022577,-0.028679353511819824,-0.05504406897742291
9.970992623436084,9.973829794130491,-0.029007376563916772,-0.026170205869509373
9.970664940823404,9.938550292533003,-0.02933505917659654,-0.06144970746699643
9.970337602495924,9.957043947078432,-0.029662397504076413,-0.04295605292156825
9.970010612295386,9.944024972802218,-0.029989387704613776,-0.05597502719778226
9.969683974059448,9.98921743309205,-0.030316025940551758,-0.0107825669079499
9.969357691621635,9.972431936014846,-0.030642308378364753,-0.027568063985154465
9.969031768811298,9.99441227630244,-0.030968231188702407,-0.0055877236975608625
9.968706209453565,9.970966814515362,-0.031293790546435225,-0.02903318548463782
9.968381017369301,9.968625911754177,-0.03161898263069914,-0.03137408824582217
9.96805619637506,9.975651335175904,-0.03194380362494103,-0.0243486648240965
9.967731750283038,9.978093190388627,-0.032268249716962474,-0.021906809611373756
9.967407682901035,9.982952512770453,-0.0325923170989652,-0.01704748722954713
9.967083998032404,9.99251771953468,-0.03291600196759543,-0.007482280465319683
9.96676069947601,9.91194991522439,-0.033239300523989164,-0.08805008477561035
9.966437791026184,9.982881814437743,-0.033562208973815795,-0.01711818556225635
9.966115276472676,9.956613412073034,-0.03388472352732312,-0.043386587926966244
9.965793159600617,9.971433807393018,-0.03420684039938232,-0.02856619260698295
9.965471444190468,9.947502783265397,-0.034528555809531396,-0.05249721673460324
9.96515013401798,9.980336919418816,-0.03484986598202019,-0.019663080581183517
9.964829232854145,9.977532565537292,-0.035170767145854355,-0.022467434462707735
9.96450874446516,9.976093992245579,-0.035491255534840324,-0.023906007754421664
9.964188672612371,9.947831770133131,-0.035811327387628454,-0.05216822986686878
9.963869021052242,9.95944046637648,-0.03613097894775788,-0.04055953362351974
9.9635497935363,9.999677624696588,-0.03645020646370026,-0.0003223753034117885
9.963230993811095,9.967206906649132,-0.03676900618890444,-0.0327930933508674
9.962912625618161,9.921683076905417,-0.037087374381839476,-0.07831692309458355
9.96259469269396,9.957841641518504,-0.037405307306038985,-0.0421583584814958
9.962277198769854,10.005487350529433,-0.03772280123014556,0.005487350529432729
9.961960147572047,9.93621903694229,-0.038039852427953526,-0.06378096305770982
9.961643542821546,9.927630670818543,-0.038356457178453346,-0.07236932918145697
9.961327388234125,9.961214682339794,-0.03867261176587494,-0.03878531766020714
9.961011687520267,9.972849062704311,-0.038988312479732,-0.02715093729568839
9.960696444385135,9.982757176011035,-0.03930355561486452,-0.017242823988965445
9.960381662528517,9.978893107179289,-0.03961833747148292,-0.021106892820711386
9.96006734564479,9.964528723952819,-0.03993265435521118,-0.03547127604718146
9.959753497422868,9.970207080711956,-0.04024650257713083,-0.029792919288043892
9.959440121546177,9.953839383769834,-0.04055987845382328,-0.046160616230166214
9.959127221692587,9.961881076167268,-0.04087277830741351,-0.03811892383273132
9.958814801534386,9.961436429476683,-0.04118519846561373,-0.038563570523317756
9.958502864738234,9.96027027583295,-0.041497135261765544,-0.03972972416704913
9.958191414965116,9.965916338855767,-0.04180858503488359,-0.034083661144234306
9.957880455870303,9.954298189079788,-0.04211954412969819,-0.045701810920211666
9.9575699911033,9.968134813415888,-0.04243000889669891,-0.03186518658411155
9.957260024307823,9.934005628279733,-0.0427399756921764,-0.06599437172026629
9.956950559121735,9.966533116869977,-0.04304944087826583,-0.03346688313002249
9.956641599177011,9.961101876352238,-0.04335840082298925,-0.03889812364776238
9.9563331480997,9.945601282055778,-0.04366685190029884,-0.0543987179442222
9.956025209509882,9.921607283357092,-0.04397479049011856,-0.0783927166429069
9.955717787021612,9.949433139359009,-0.04428221297838703,-0.050566860640990655
9.9554108842429,9.968967260960675,-0.04458911575710052,-0.031032739039325234
9.955104504775646,9.968710958807403,-0.04489549522435426,-0.03128904119259669
9.954798652215615,9.952687408820353,-0.04520134778438539,-0.04731259117964707
9.954493330152385,9.924333139521984,-0.045506669847614846,-0.07566686047801571
9.95418854216931,9.945443133004423,-0.04581145783069011,-0.054556866995578254
9.953884291843474,9.93764900722548,-0.0461157081565263,-0.06235099277452086
9.953580582745651,9.95928543414361,-0.04641941725434881,-0.04071456585639064
9.953277418440265,9.936690647853082,-0.04672258155973491,-0.06330935214691759
9.952974802485343,9.964673613536931,-0.04702519751465616,-0.03532638646306917
9.952672738432481,9.888549769703106,-0.04732726156751929,-0.11145023029689347
9.952371229826792,9.957294209994231,-0.04762877017320831,-0.0427057900057694
9.952070280206874,9.957549264629245,-0.047929719793126574,-0.042450735370755506
9.951769893104762,9.945742809056812,-0.048230106895237435,-0.054257190943187324
9.951470072045893,9.950305924007646,-0.04852992795410624,-0.04969407599235358
9.95117082054906,9.946996262245356,-0.048829179450941465,-0.053003737754643614
9.950872142126363,9.942310589709574,-0.049127857873636605,-0.05768941029042586
9.95057404028319,9.929952451036081,-0.04942595971681046,-0.07004754896391836
9.950276518518152,9.987172505048953,-0.04972348148184887,-0.012827494951047284
9.949979580323054,9.917033821878531,-0.05002041967694554,-0.08296617812146836
9.949683229182856,9.976351407386247,-0.050316770817143565,-0.02364859261375248
9.949387468575624,9.982240275429172,-0.05061253142437544,-0.017759724570827494
9.949092301972495,9.934833699899611,-0.05090769802750433,-0.06516630010038801
9.948797732837635,9.988895521795813,-0.05120226716236529,-0.011104478204186044
9.948503764628194,9.963058178768284,-0.051496235371804956,-0.03694182123171682
9.948210400794277,9.916199094492752,-0.051789599205722785,-0.083800905507248
9.947917644778888,9.965862883269358,-0.05208235522111121,-0.03413711673064311
9.947625500017903,9.945189096755053,-0.05237449998209667,-0.05481090324494795
9.94733396994002,9.906198466956328,-0.052666030059979,-0.0938015330436731
9.947043057966727,9.953973935154025,-0.05295694203327216,-0.04602606484597517
9.946752767512255,9.964748113316514,-0.05324723248774482,-0.03525188668348705
9.946463101983541,9.945700998749205,-0.053536898016459535,-0.05429900125079472
9.946174064780188,9.944831217570695,-0.053825935219813326,-0.05516878242930517
9.945885659294422,9.938798239913798,-0.05411434070557728,-0.06120176008620219
9.945597888911063,9.931497259377362,-0.05440211108893698,-0.06850274062263793
