Actual_Level,Predicted_Level,Actual_DeltaH,Predicted_DeltaH
0.5356377867880474,0.5196702592529916,0.0,-0.0025047227032562523
0.5360014185344606,0.5563214818836554,0.0003636317464131844,0.004598389040544092
0.42123605474035053,0.3964091080292112,-0.11476536379411006,-0.11644919730199826
0.6278394355119168,0.6208129710684178,0.20660338077156626,0.2157120299017351
0.5175233584292371,0.5110215006243897,-0.11031607708267965,-0.1054136216874979
0.5181483625022085,0.4919571922340347,0.0006250040729713913,0.009851338582836268
0.5938524994435423,0.5964146275048222,0.07570413694133382,0.0718818086784622
0.549957550338031,0.5523846245223147,-0.043894949105511394,-0.04848169109189948
0.5439702932249687,0.5515791510635093,-0.00598725711306225,-0.01180776137229053
0.5650409555502864,0.5565196994211915,0.021070662325317735,3.287549984712715e-05
0.41297074435756154,0.39607241612440386,-0.1520702111927249,-0.14932683810421823
0.4822565520784385,0.46456166514691677,0.06928580772087695,0.048948729688065254
0.4398816259146154,0.4318202203485215,-0.0423749261638231,-0.04963934811916128
0.5455933422528623,0.5646572226475649,0.10571171633824689,0.11306589358026199
0.4377931473752075,0.44247364076603635,-0.10780019487765474,-0.12350356545043624
0.5727117010876647,0.6116403040670566,0.13491855371245715,0.13726312741334093
0.5816964862915184,0.6159651794151997,0.008984785203853707,0.007781098312038931
0.5339413575599307,0.5057631834547259,-0.047755128731587715,-0.0655269559120598
0.4806890812191199,0.5109011810448397,-0.053252276340810756,-0.04659435478621803
0.40076872353405485,0.39132467794336645,-0.07992035768506506,-0.07691487426464606
0.48144855208879145,0.4429574071104429,0.0806798285547366,0.07834706501999208
0.589970669328169,0.6188357152034629,0.10852211723937755,0.10992241846730147
0.4221469314625863,0.449054668260529,-0.1678237378655827,-0.17230994389250792
0.5506064700522093,0.5344260604890949,0.128459538589623,0.13483676805318373
0.48627805267614654,0.48348845641141364,-0.06432841737606276,-0.05727252075268326
0.4835332848575774,0.49898294368569207,-0.002744767818569138,0.0015082351474693112
0.4368943965974576,0.40962194156030446,-0.046638888260119804,-0.043344156642332446
0.515586834256041,0.5495978081702736,0.07869243765858341,0.07367729567617838
0.5288227572735058,0.48737733084978807,0.01323592301746479,0.017418609111733367
0.47366177571421586,0.4692050568200084,-0.055160981559289946,-0.02753479027472943
0.4601441468040933,0.46744938696305466,-0.013517628910122537,0.004241778879075488
0.6022365070149681,0.6325103847056975,0.1420923602108748,0.13863799100804206
0.4743337890969925,0.4896541114495549,-0.12790271791797564,-0.11073497621745669
0.49040292695844306,0.5112560804157804,0.01606913786145059,0.020328456423708688
0.48695525462456635,0.5136820814560586,-0.003447672333876717,0.0009947551133581587
0.5093295978215412,0.537785772860265,0.022374343196974844,0.018125485925336665
0.4116108474524053,0.43845830386453477,-0.09771875036913591,-0.0862822990793234
0.5304993612966693,0.5535580021824756,0.11888851384426402,0.10335270103525564
0.5017776309466266,0.4874752815280457,-0.028721730350042662,-0.02346281794899839
0.5424694994680686,0.535644313493596,0.04069186852144191,0.034773765707141725
0.5774534111697953,0.5759078724641893,0.034983911701726766,0.04079898841681741
0.3912115981388902,0.39405671416557925,-0.1862418130309051,-0.1859699553389246
0.5701953057801387,0.5755643165681379,0.17898370764124844,0.16365156608347126
0.5001533792423766,0.508091769581184,-0.07004192653776209,-0.060601903263971614
0.4972430815701695,0.4894938256246841,-0.002910297672207074,0.0015943093420498489
0.45906938567632116,0.452310618903812,-0.038173695893848336,-0.02893611707370809
0.4723142019743588,0.49036599393973823,0.013244816298037643,0.02117844344757503
0.4641405878601873,0.4241882234750782,-0.008173614114171501,-0.014384490496109851
0.4844095568879725,0.4825822202308964,0.02026896902778519,0.030938603827340164
0.6013441132902355,0.6020865769887183,0.11693455640226302,0.11463985045012258
0.5088821130410437,0.5093713163015168,-0.09246200024919182,-0.10330227916526953
0.4862717299940023,0.46189679133383044,-0.022610383047041382,-0.00982673927666193
0.4997617440977231,0.46430107491958184,0.013490014103720804,0.0002307164512950436
0.5654287408313043,0.594422958641291,0.06566699673358123,0.054198802062786204
0.5441562295732545,0.5437837052078116,-0.021272511258049853,-0.016336815978731385
0.49271448050507594,0.5050027265546093,-0.051441749068178555,-0.0561622758336215
0.5483691933740495,0.5676427300055116,0.05565471286897361,0.05920176026673397
0.5160201069130098,0.511402147558217,-0.03234908646103973,-0.025345424711340724
0.42856405942413,0.42927050110003884,-0.0874560474888798,-0.09939786458936056
0.5331069106021944,0.5375861971472455,0.10454285117806439,0.11111618810924875
0.5514490235648571,0.5560881694440591,0.01834211296266275,0.009255985347183276
0.5061845094437148,0.5137140539256112,-0.045264514121142296,-0.037780597397461466
0.5878225203735128,0.5818900642996773,0.08163801092979794,0.07943476397944776
0.531502126385317,0.5366459711401869,-0.05632039398819577,-0.05965139414548469
0.496977040950023,0.5151881169381232,-0.034525085435294034,-0.026857548391429363
0.4497521757704534,0.42424148667887485,-0.047224865179569586,-0.05698168507710353
0.5370363203159123,0.5105168799350591,0.08728414454545891,0.0764620191172016
0.6036213604471307,0.6393990570511653,0.06658504013121835,0.05293500465862999
0.5295341704693083,0.5435637197866104,-0.07408718997782238,-0.06000881838050617
0.5317940904985199,0.5482890052772932,0.002259920029211604,-0.00757350555731162
0.5660445168581064,0.5706757548471217,0.03425042635958653,0.02143791449655396
0.6057311597427979,0.5877564180209568,0.03968664288469148,0.03826697043660979
0.565532875037971,0.5806152415182353,-0.04019828470482689,-0.046954937779270664
0.5811484593429502,0.5682646682513076,0.015615584304979224,0.03278403161092722
0.5925764721225248,0.5764529290423931,0.011428012779574614,0.011739474877866689
0.5064475009191526,0.48944782129327463,-0.08612897120337226,-0.10118895972783253
0.5896786608479949,0.5891125630607513,0.08323115992884234,0.08138341081199506
0.47628109541778657,0.4423199314457477,-0.11339756543020835,-0.10256602395112427
0.4731474137354954,0.4913174752317494,-0.0031336816822911673,-0.012018498457111426
0.5052530282143851,0.516343844522559,0.03210561447888971,0.05322554896430441
0.5807680890001048,0.5836202777857774,0.07551506078571968,0.07460990486124917
0.6057844758203759,0.5961280492327933,0.025016386820271075,0.03589681841731613
0.483329336869235,0.4807638365543363,-0.12245513895114085,-0.10780049556829313
0.5419845389819982,0.5665137950878799,0.05865520211276315,0.0330576078171359
0.5290359893762822,0.5085001229741836,-0.012948549605716009,-0.025036856363657576
0.5312847712299091,0.5191057407648167,0.00224878185362698,0.006909094370244366
0.5603527909350291,0.5616411618379671,0.029068019705119963,0.02610169128634372
0.5638596599423226,0.5784035611513791,0.003506869007293467,0.00030627173586732226
0.5542534766655275,0.548897477644695,-0.009606183276795077,-0.009567710582370412
0.5181455942769965,0.5348505632049718,-0.03610788238853102,-0.03624948748914968
0.5535210497182596,0.5561479565229307,0.03537545544126308,0.017898748320803973
0.5177464780383784,0.5390495725108255,-0.035774571679881184,-0.03940951364145082
0.5152366658754144,0.5217594072325942,-0.002509812162963976,0.001399463873344109
0.5486154952582304,0.5280720380766194,0.033378829382816,0.03750338155911732
0.5006007634879536,0.5165001287238258,-0.04801473177027682,-0.043861356415570596
0.5681995008229415,0.5656757732156361,0.06759873733498789,0.06995745669612592
0.5377763176326894,0.5415397815670242,-0.030423183190252057,-0.03512946810409263
0.49839469944485404,0.4983187503728639,-0.039381618187835365,-0.041038446855039955
0.5066937547782143,0.49973613755951285,0.008299055333360283,0.0095735110663189
0.5773665307316092,0.5664438017414152,0.07067277595339483,0.053327394109489806
0.541407512866981,0.5239000072280087,-0.035959017864628184,-0.03499817030190546
0.5247970679621865,0.5459400111753197,-0.016610444904794464,0.0026879403778360678
0.47948468074742484,0.4747761723009296,-0.04531238721476166,-0.05071004973196862
0.5316811449519784,0.5568485464991342,0.05219646420455354,0.046536705929626415
0.49567725644631644,0.47604890950039047,-0.03600388850566194,-0.032691577987862784
0.5026056726358152,0.49897355735463506,0.006928416189498798,-0.016014672687559756
0.5038144916097924,0.5171379796835146,0.001208818973977177,-0.004682776369654482
0.4901403798709537,0.45039330695422447,-0.013674111738838701,-0.008474624685129432
0.5763699598157294,0.591549266252388,0.08622957994477565,0.08959472419929583
0.5765449079871509,0.5933410730711403,0.0001749481714214962,0.0046801107587441555
0.5748449789544146,0.5546318620994856,-0.0016999290327363026,0.005102281050430052
0.5811789605763372,0.573446077696288,0.0063339816219226686,0.01532779084636594
0.5307427765563315,0.5519831225805903,-0.050436184020005714,-0.06853882269070312
0.5749251903451827,0.5735662429494041,0.04418241378885124,0.056278963907790254
0.5583376228538501,0.5797632964394435,-0.01658756749133261,-0.010231837092359733
0.5172447932653642,0.5206862048887957,-0.041092829588485924,-0.03633111893791177
0.5875230860044078,0.581755164166299,0.07027829273904362,0.057284209479630026
0.6224050204977574,0.6372457092675192,0.03488193449334953,0.04161434599946757
0.5820790418114854,0.6216228010360592,-0.04032597868627197,-0.04215858833670337
0.5397819420417629,0.544076343033965,-0.04229709976972251,-0.03203927172944831
0.512374055092966,0.47796811616268187,-0.027407886948796922,-0.018864778890657366
0.5984977732315399,0.5628158212557346,0.08612371813857389,0.1013382709769148
0.4793267718160433,0.46024421984220243,-0.11917100141549658,-0.1188999476963963
0.6106654289807026,0.5772373153664996,0.13133865716465937,0.13754172446352864
0.48430265706319,0.4963842249502093,-0.12636277191751266,-0.12607161658348215
0.5033785058763899,0.5061255993147036,0.019075848813199903,0.04033946100054271
0.5453621663839432,0.5751768061715935,0.04198366050755331,0.04780031877920736
0.47369734147153886,0.46585091344070534,-0.07166482491240433,-0.06531566592054401
0.6059342499351077,0.5605081218465809,0.13223690846356884,0.12882774661498647
0.5634065968954648,0.5693834692996573,-0.0425276530396429,-0.036178518829321125
0.4793657223682052,0.4825549156233488,-0.08404087452725961,-0.08200508031384159
0.6111674056873421,0.6286978406643275,0.1318016833191369,0.138480740056071
0.48169330501368246,0.4672529110547759,-0.1294741006736596,-0.13660669813763732
0.5405343520970894,0.5164355860207196,0.05884104708340698,0.08176797979604472
0.3926872079360576,0.4161078217286482,-0.14784714416103184,-0.1300734498782285
0.5773887734134331,0.5830078703419629,0.18470156547737548,0.19214361167686642
0.6598782211365842,0.6407930306205762,0.08248944772315114,0.06358103668705016
0.6017441280674849,0.619426811542424,-0.058134093069099335,-0.05626508527758919
0.4659856550984295,0.4300390828326479,-0.1357584729690554,-0.11882225319674669
0.5278904487698544,0.5622999610756415,0.061904793671424874,0.06740042493003552
0.5543240923198315,0.5392825639299722,0.026433643549977126,0.034533095751862974
0.5366436680590768,0.5296192883894746,-0.017680424260754668,-0.027478453949997338
0.5633135955553318,0.5607389759070083,0.026669927496254964,0.03841612304133701
0.5619130669846909,0.5435046774021445,-0.0014005285706408799,-0.0033325014495864235
0.5636976887612739,0.5269311704378639,0.0017846217765830064,0.007348529017478253
0.48608471411026666,0.4648850491153578,-0.07761297465100725,-0.08281383273163438
0.39610712493569633,0.39021080710644956,-0.08997758917457033,-0.12066512936713439
0.5765545916099956,0.5763064900435124,0.18044746667429923,0.18897283621424707
0.5678974487136136,0.5676129785297819,-0.008657142896381975,-0.03413810267843896
0.5715144923166675,0.5600085781830026,0.0036170436030539266,0.005845624969209278
0.5471419960297189,0.5157835580447846,-0.024372496286948597,-0.028750882028561884
0.5868550708967077,0.5576457063953046,0.03971307486698883,0.048806109913225475
0.6199125609199553,0.6220500057536499,0.03305749002324754,0.02999826058152041
0.5268291347745643,0.5339258601427204,-0.093083426145391,-0.10141067650775581
0.46370202289271706,0.4713956598967289,-0.06312711188184722,-0.0711317817898406
0.5850220953458634,0.5772891381269805,0.1213200724531463,0.12273526680636979
0.4422003044608176,0.39775791978413166,-0.14282179088504576,-0.1551366645151451
0.603259111779032,0.6296872069149325,0.16105880731821443,0.1676221924570229
0.5342471087874551,0.5378198149971898,-0.06901200299157695,-0.054511875819244146
0.6237430015034899,0.6140524514825401,0.08949589271603486,0.09511117240124312
0.5946706252702243,0.596816525993079,-0.02907237623326564,-0.010140380889515192
0.6638527319308254,0.6459530402167779,0.0691821066606011,0.06805630636817814
0.6105739840034481,0.6541357312846078,-0.0532787479273773,-0.06389331473394312
0.5466876531003788,0.5566184753550038,-0.06388633090306928,-0.06419313689509475
0.5766018146886184,0.5674500707764284,0.029914161588239563,0.02093087702209915
0.6055412759788256,0.5984521286851823,0.02893946129020719,0.04160385064102031
0.612200550055011,0.6124148148644254,0.006659274076185384,0.00355268233679414
0.6107057498119235,0.6273422040639726,-0.0014948002430874574,-0.016805398291660424
0.5878475648300673,0.5631543597105932,-0.02285818498185621,-0.015074177242984668
0.49943582710324536,0.48494321307635296,-0.08841173772682193,-0.08881938415176291
0.5485104922771539,0.5529459022528578,0.049074665173908516,0.03968711131209616
0.5283842348834403,0.5356031072654908,-0.020126257393713542,-0.010110065140231304
0.5857388104560636,0.5890793058420757,0.057354575572623245,0.045261280923492554
0.5415619138712826,0.5561430122834818,-0.04417689658478097,-0.03820132971219153
0.5791787487999913,0.5464885491882477,0.03761683492870871,0.029943625306932887
0.6005047910472691,0.6064146837106302,0.021326042247277743,0.008159346396330555
0.5882643362501395,0.577396959315482,-0.01224045479712954,-0.02051521014987569
0.632865802392575,0.6413782342220095,0.04460146614243543,0.03459602989495465
0.54466098962152,0.5421100989102512,-0.08820481277105496,-0.07589331203986732
0.612287318485996,0.5932599064386611,0.06762632886447606,0.06644542706228328
0.5470555428631254,0.5790804007634063,-0.06523177562287064,-0.06500010355665588
0.5945557210258724,0.5918099900879131,0.04750017816274699,0.025974611340896684
0.5861931533018081,0.5887888935866539,-0.008362567724064296,-0.02645549650844036
0.510535310865713,0.4459109311834842,-0.07565784243609508,-0.059935967294551674
0.6288662844535832,0.6223330073186158,0.11833097358787015,0.11020248679962248
0.6245510209656598,0.6179155070925136,-0.0043152634879233265,-0.011092116106402441
0.4695620763802909,0.4968443895285714,-0.15498894458536894,-0.1540594622977239
0.5618860919723832,0.5530416806133394,0.09232401559209225,0.08596569746690365
0.48904372440566257,0.4991082102605683,-0.07284236756672058,-0.09628924075302307
0.6261281388347305,0.6438872505602351,0.13708441442906794,0.15226936012714334
0.6472122396856417,0.6283487351420447,0.02108410085091117,0.01985194405352432
0.5041814260164885,0.548011273050566,-0.14303081366915316,-0.14442827555797175
0.7117036544308416,0.6792957164771112,0.20752222841435308,0.23019216220227962
0.6166324037730286,0.6087898312544979,-0.09507125065781297,-0.09627651360589011
0.6818921623025455,0.6637626382561703,0.06525975852951682,0.052376318906125305
0.5660444314331531,0.5915552868226756,-0.11584773086939237,-0.11863886615255383
0.6358390448468103,0.6259271110124164,0.06979461341365722,0.07525097992849879
0.5690183903308719,0.6034540381486951,-0.06682065451593844,-0.06010479457733813
0.5618969689207801,0.5211315946446343,-0.007121421410091755,-0.0010890044618653552
0.5048725804269141,0.500209622354585,-0.05702438849386604,-0.06497825393643708
0.6601712165911593,0.6429904621811036,0.15529863616424522,0.14564727599028818
0.5609869999262047,0.5602776226275117,-0.09918421666495458,-0.10787069273613967
0.5454706243845072,0.5615172892972948,-0.015516375541697491,-0.010569581135887312
0.5444664481632169,0.5599387831217348,-0.0010041762212903427,0.010156506112249426
0.5672575577662788,0.5275320241373235,0.022791109603061965,0.025640946306601985
0.5749173015683102,0.5919422162430364,0.007659743802031382,-0.004472734547019757
0.518065595479938,0.5238714646459964,-0.0568517060883722,-0.06174636270706741
0.6672326959590152,0.6735921112274966,0.14916710047907722,0.16392244573125123
0.5996521693603324,0.5788009175791468,-0.06758052659868286,-0.06084090838779737
0.528063633717451,0.5106312931250043,-0.07158853564288137,-0.06064418992395678
0.5467338990003224,0.5534935250190315,0.018670265282871412,0.006634074063358255
0.5783448679953221,0.5968847812369932,0.03161096899499971,0.03840025384902466
0.5842703855187343,0.5780931225796541,0.005925517523412194,0.008920620600973383
0.6011379029632056,0.6038542603126901,0.016867517444471236,0.017868013503030872
0.5375458178568564,0.5429196044453042,-0.06359208510634917,-0.06712874374799481
0.4736125942961914,0.4790206333417008,-0.063933223560665,-0.08307890060437603
0.6514657697312211,0.6515315914065114,0.17785317543502965,0.17869275043267194
0.596987680713849,0.5898322155494223,-0.054478089017372056,-0.05624296677983317
0.6053481708494264,0.6336349857172028,0.00836049013557738,0.007802033664020482
0.6031778610352353,0.5642876277406581,-0.002170309814191085,-0.005377374929951726
0.5853287995939771,0.6013123729888039,-0.017849061441258196,-0.01867505493976528
0.5768133648886914,0.5727381987482347,-0.008515434705285707,0.0008298807670814399
0.5419584760286645,0.5390088849563128,-0.034854888860026856,-0.03452955220205415
0.4992792591295463,0.5004046362264574,-0.042679216899118244,-0.051088468848062445
0.6313171205654828,0.6450646844280957,0.13203786143593654,0.13438481208561362
0.6021068147565061,0.6070943494100411,-0.029210305808976766,-0.03480875747997336
0.5884174938228274,0.6199696432977901,-0.013689320933678695,-0.03382286850814267
0.6257596924017135,0.6242816275466553,0.0373421985788861,0.034825995946278596
0.6123886311670665,0.6066329976554038,-0.01337106123464693,-0.010284535548715633
0.5774884025892077,0.5713386743412805,-0.034900228577858794,-0.02575450902669929
0.5570833481516783,0.5715096636486395,-0.02040505443752949,-0.02781778360238543
0.6080395941487619,0.646141535912458,0.050956245997083593,0.059963321113413334
0.5818813421666931,0.5465490357745006,-0.02615825198206878,-0.031098560537019336
0.668773516042559,0.6644018099874126,0.0868921738758659,0.08053694663268253
0.5559774676779998,0.5464272031054658,-0.11279604836455914,-0.09869882625867878
0.5606737536386837,0.5410867976018342,0.0046962859606838325,-0.00031078688475365355
0.658567204845821,0.6538262857297178,0.09789345120713733,0.09536914334483954
0.6304262296816567,0.6594572698519827,-0.02814097516416425,-0.0218918939108727
0.5330677441768495,0.5424664485037771,-0.09735848550480719,-0.09973131760405303
0.5758866267198144,0.5931475576720594,0.04281888254296484,0.04096068224028343
0.5160034951819498,0.48823341001051007,-0.05988313153786462,-0.05586041856143946
0.49941626942705253,0.4988122437677557,-0.01658722575489724,-0.009960709533045372
0.5809485101964817,0.6005601378790155,0.08153224076942922,0.09623038354827497
0.615091628994445,0.620557176846306,0.03414311879796328,0.01718534616981608
0.520291937453828,0.5132713312088638,-0.09479969154061707,-0.09854086001929876
0.5780662780572536,0.5556134297921349,0.05777434060342568,0.05573909485967412
0.5617402079382706,0.5495046330557201,-0.016326070118983016,-0.005946155520526006
0.5432959682507403,0.5463718570910984,-0.018444239687530284,-0.023363680286561342
0.6417597104714147,0.6844773110179115,0.09846374222067433,0.07789336027895362
0.5404612554848521,0.5446982295254335,-0.10129845498656254,-0.10647048252884235
0.539209892859768,0.5273655073863224,-0.0012513626250841847,-0.00901825279077511
0.6051903314186723,0.6216440247988038,0.06598043855890434,0.08112445770765923
0.6467840779769377,0.6241330036479134,0.04159374655826542,0.04096230150005873
0.5862433040593487,0.6227113331088882,-0.06054077391758905,-0.055022984430250076
0.6165999122981842,0.6241906374632276,0.03035660823883557,0.02138537051469425
0.5932673767151773,0.5958135570467353,-0.023332535583006964,-0.015872739165718967
0.551450061886325,0.5386150506012871,-0.041817314828852314,-0.03186502511750894
0.6311404815880287,0.6039321111746204,0.07969041970170376,0.09289529448173191
0.5952047513184784,0.5734678505723138,-0.035935730269550326,-0.0400422428883727
0.5125718260017581,0.5032651193870833,-0.08263292531672028,-0.08895744629623471
0.6315875389761172,0.6148281265249109,0.11901571297435909,0.11811620784868898
0.5894955197047228,0.6170759077574328,-0.04209201927139439,-0.03220131030413695
0.6254929179009557,0.6349127028513715,0.03599739819623293,0.021672818482970542
0.551365628112088,0.5276343469675009,-0.07412728978886773,-0.06628096135109605
0.6341958903600425,0.6116418059236708,0.08283026224795453,0.08775562167249036
0.5437451805861242,0.5039157029883623,-0.09045070977391834,-0.09645917012459244
0.5181521624549676,0.5040713118444521,-0.025593018131156553,-0.012097508924166066
0.6305062893941207,0.6429078453438052,0.11235412693915303,0.11319348023561729
0.663645159574428,0.6318762897456089,0.03313887018030737,0.029050286363716475
0.6456147036561599,0.6407916298481557,-0.01803045591826813,0.0013326381429851868
0.6150117911844636,0.615384640419513,-0.03060291247169633,-0.040074617844247526
0.6666569617601662,0.6310847183631555,0.051645170575702615,0.0540628690273576
0.5326228185855266,0.5417769038554832,-0.13403414317463958,-0.1442817133032443
0.5673898991719623,0.539183967456682,0.03476708058643563,0.0353605900065404
0.5166592917799959,0.5167152197679049,-0.05073060739196633,-0.053026171624973945
0.5282299030275213,0.515011952528319,0.011570611247525342,0.006605269631827488
0.6252176271763346,0.6130993694860751,0.09698772414881329,0.08241928930737735
0.630167309872272,0.6393852402724505,0.00494968269593743,0.01620091134878035
0.640895798468375,0.6129760651632625,0.01072848859610298,0.004450062970124734
0.6785110016474649,0.6928573002064584,0.03761520317908995,0.015596505222038246
0.5871587799561847,0.5803011325007402,-0.09135222169128021,-0.08488411906445512
0.5629640613245176,0.5725820877533188,-0.02419471863166711,-0.04221092968275583
0.583563910498294,0.5879594128245805,0.02059984917377644,0.005544531035884504
0.6177918782130832,0.5940367773434021,0.0342279677147892,0.020454077205833646
0.6007729704753966,0.5778527434439259,-0.01701890773768666,-0.027059801604031913
0.5427226335442656,0.5658695800885818,-0.05805033693113093,-0.07823777156027031
0.5677784938269805,0.580871353020622,0.025055860282714892,0.028382868162292733
0.6663495508680837,0.6729905389061412,0.09857105704110314,0.08122582334807847
0.5666217213728607,0.5638111282208846,-0.09972782949522296,-0.08661913258600397
0.74664538965252,0.7340489420350715,0.18002366827965932,0.18345795720814925
0.47011453005140713,0.4772019429055974,-0.2765308596011129,-0.267363533114717
0.5608133170330176,0.5367248078215061,0.09069878698161049,0.09578414606147327
0.6229919696774588,0.6168931309797785,0.062178652644441224,0.06368407064825214
0.6341536401846571,0.6136866199981708,0.011161670507198296,-0.0021576174392553722
0.6287659051378489,0.6459855600293024,-0.005387735046808229,0.006336748407691004
0.658288175819959,0.6775034298608381,0.029522270682110108,0.059648890284381584
0.5909991864001779,0.5793502144539886,-0.06728898941978112,-0.06047041763520566
0.6645631573543245,0.6493315098103618,0.07356397095414657,0.07477570037343953
0.5631399090764947,0.5496008808164046,-0.10142324827782978,-0.10434197281305735
0.6359281851478491,0.6715171660675335,0.07278827607135441,0.07829646105737316
0.5836812026021457,0.6021187541330476,-0.05224698254570337,-0.042671423091848536
0.6380433753387373,0.6786674192391989,0.05436217273659161,0.04758471193518307
0.5442096744799967,0.5399150163468124,-0.09383370085874065,-0.0790645872640796
0.6768445381480699,0.6810334655621983,0.1326348636680732,0.15480953989007673
0.6078831838710403,0.6104599030084319,-0.06896135427702954,-0.060735259674600015
0.6801619241453289,0.6927519625011229,0.0722787402742886,0.06177537491633586
0.6855917579376931,0.6837752126435801,0.005429833792364169,0.01199909261010355
0.5849090026881689,0.5954715229931887,-0.10068275524952419,-0.08822423559508535
0.5908082216760142,0.5850089410453198,0.005899218987845289,-0.009160254345816105
0.5693991769221592,0.5426261267193709,-0.021409044753854967,-0.024525062928658206
0.6059412765846716,0.5948387491079007,0.03654209966251232,0.02328474058567188
0.6476710468657052,0.610683995697859,0.04172977028103364,0.029467557177343465
0.6527074210168469,0.6169628336324262,0.005036374151141665,-0.006586433105412608
0.575792490816657,0.5645219597428743,-0.07691493020018991,-0.07076092088307735
0.6678649580443135,0.6697229737862238,0.0920724672276565,0.06338021399817503
0.6130929048811773,0.5759311096254917,-0.05477205316313616,-0.046047954967076574
0.6247422431999867,0.6174259189847537,0.011649338318809432,0.005594787124127246
0.623078027530945,0.6010687796388584,-0.0016642156690417353,-0.006800752865974361
0.5370773753925948,0.5428925154243897,-0.08600065213835018,-0.07459055692091802
0.5733773775383252,0.5452344108592723,0.03630000214573037,0.031801102985634544
0.5122839308403575,0.5027588318606695,-0.06109344669796768,-0.06837347513189143
0.5732954837696127,0.5466629571513587,0.0610115529292552,0.06601610611419806
0.6147740644084617,0.618694687047714,0.041478580638849016,0.05495633630933498
0.6355176939945657,0.6087156415003243,0.020743629586103984,0.025292535645364787
0.7040388446251682,0.6792814557105402,0.06852115063060249,0.06328996604858722
0.6238483447149766,0.6242125254339553,-0.08019049991019156,-0.07743670002662782
0.6447653401087506,0.6663216736422249,0.020916995393774007,0.025572122818775377
0.553712285127588,0.5491132334480324,-0.09105305498116267,-0.09235458625577703
0.6390829091471718,0.633955331286076,0.08537062401958384,0.08250505759587662
0.5524677366500139,0.5884893531170928,-0.08661517249715789,-0.08972519716751202
0.5689456028170307,0.5532190994100782,0.01647786616701674,0.030894419515419397
0.6554153643044842,0.6280888470945599,0.08646976148745356,0.07892775689485221
0.5897783596078535,0.5798113749732889,-0.0656370046966307,-0.0657778936625027
0.6118343759513944,0.6228217327042312,0.02205601634354093,0.0071106794152291965
0.615420129774236,0.6346819105321718,0.003585753822841542,0.007260011232964196
0.5886872194059164,0.6010818314598226,-0.026732910368319596,-0.0557730049710109
0.7191208282610821,0.6923425552016107,0.13043360885516575,0.1463871589696675
0.593608800652209,0.6038208931625629,-0.12551202760887314,-0.12302241289885023
0.614671145651068,0.6197054413457425,0.02106234499885895,0.026952785240611638
0.6570786184885502,0.6770558637433159,0.04240747283748225,0.025370576015124557
0.5776618002561259,0.5760322921958059,-0.0794168182324243,-0.07556055604520874
0.692442195381034,0.6974549096517914,0.11478039512490812,0.11912574515758959
0.6200616902962808,0.6320433852004772,-0.07238050508475324,-0.07748422463933513
0.6913443250809875,0.6607141863554618,0.07128263478470676,0.0898712324614583
0.7263579205308255,0.735318170324419,0.03501359544983795,0.030578410350218688
0.6364932107456475,0.6346842542430994,-0.08986470978517802,-0.08728175238716579
0.6130309982132478,0.6346455969302291,-0.023462212532399662,-0.025440967186254715
0.5533825362856761,0.5445124139675104,-0.05964846192757167,-0.052552436371348585
0.6351626906844874,0.6335037030379168,0.08178015439881126,0.09401191115494636
0.642695859942931,0.6494076458143639,0.007533169258443606,0.026034317996426058
0.6124551674363858,0.6222756619228527,-0.030240692506545153,-0.0253988682139914
0.5696395062166729,0.5643815429576974,-0.04281566121971292,-0.03552826266765209
0.6106234831615713,0.620248686085458,0.040983976944898415,0.04237600816710103
0.6960393662209412,0.7234078202178287,0.08541588305936987,0.07531912570057185
0.6305118133882661,0.6486380913354595,-0.06552755283267508,-0.06974295883301895
0.7025194946070089,0.695816881065437,0.07200768121874279,0.08117338425728407
0.5714663745879365,0.5746388982051788,-0.13105312001907243,-0.1317470084497987
0.6124566587593845,0.6001536025950073,0.04099028417144801,0.04890930170028516
0.6222290588601459,0.6165897114574644,0.009772400100761414,-0.0001260620104433438
0.581564394503554,0.5491547496595084,-0.040664664356591884,-0.06884482206202232
0.5948359277660523,0.6067436949235775,0.013271533262498303,0.011684941491980372
0.5846792938436143,0.5953680553295397,-0.01015663392243804,0.0014883544004375242
0.621102728727612,0.6143358484612413,0.036423434883997685,0.034114906848207206
0.5840391243006026,0.5720414872141295,-0.0370636044270094,-0.03835202220195834
0.5896821045915048,0.5600731485668323,0.005642980290902266,0.009317804017427184
0.5763225552328225,0.5580160790301244,-0.013359549358682332,-0.011909039386384193
0.6185909109035688,0.6102787084073709,0.04226835567074627,0.02703990977861341
0.7469844075315086,0.771295673305967,0.12839349662793986,0.13990857180393967
0.6484290592018194,0.670324135052661,-0.09855534832968926,-0.11046782813616146
0.6189520804342805,0.6064060617294095,-0.029476978767538853,-0.024368153058841706
0.6672416953548104,0.6559808515005453,0.048289614920529855,0.04250203177065401
0.6820619493895785,0.6862155329086093,0.014820254034768165,0.004874686664758229
0.6755802191812968,0.6888788703496362,-0.0064817302082816886,-0.02674228023689327
0.5174209439456088,0.49696959839980104,-0.15815927523568807,-0.16072727846319623
0.6047942064685977,0.6121782089388162,0.08737326252298894,0.08161042656602024
0.621014515737262,0.6170859591521373,0.016220309268664246,0.002286552100280361
0.6684904589669218,0.6795728803523311,0.04747594322965987,0.036931432113549593
0.6655023106048128,0.6950068492093203,-0.0029881483621090332,-0.01027411865773765
0.6226533374589907,0.6257348004326119,-0.042848973145822145,-0.030602288394948107
0.6577420032508473,0.6677231445533599,0.035088665791856655,0.022416864688452574
0.6206823234558639,0.645798254770386,-0.03705967979498337,-0.0455969281014381
0.6178895933381598,0.6089678954472204,-0.0027927301177040897,-0.023620645023568216
0.6404174847333269,0.64596043864779,0.022527891395167088,0.0312776550765219
0.6122888667875623,0.6229306462908482,-0.0281286179457646,-0.04653511273187022
0.6287828340501564,0.6877253005749974,0.01649396726259411,0.03631160016639101
0.563615746451278,0.5644404123468127,-0.06516708759887846,-0.055165805725209946
0.5750484827293634,0.548541740634842,0.011432736278085387,0.009093753280343567
0.6117661908473687,0.5979578267788965,0.03671770811800534,0.03566105899141845
0.6728000716220115,0.6945704368258191,0.06103388077464278,0.05584926933785462
0.6766985128481122,0.6423273909877784,0.003898441226100724,0.006315698245289925
0.6157394526739365,0.622617587899024,-0.06095906017417574,-0.05579661551118215
0.5791498120548372,0.5768324539979338,-0.036589640619099306,-0.03627930083796671
0.6801305356620614,0.6771166853936627,0.10098072360722421,0.11422544246709387
0.5734549724942946,0.57758581609733,-0.10667556316776683,-0.11214452520933006
0.6723595550837648,0.6375384746381095,0.09890458258947021,0.0866278676362826
0.6529092204787088,0.6421566077483076,-0.019450334605055963,-0.012960199861022356
0.5587727510877619,0.5391038845272789,-0.09413646939094689,-0.08720347391087259
0.6211372729667644,0.6273030339183416,0.06236452187900243,0.06343957250691157
0.6594452351416568,0.6623885413599754,0.03830796217489241,0.04226825255756156
0.6626799576315074,0.6250953679727916,0.0032347224898506832,0.006755185995265374
0.6476401356627512,0.6247449614486013,-0.015039821968756195,-0.011707518099566626
0.5901406588937613,0.5875868404715192,-0.05749947676898992,-0.03399480302475306
0.6978748788209829,0.7136792191324451,0.10773421992722154,0.09656239657656175
0.6969907023630113,0.6762977024234343,-0.0008841764579715639,-0.004901539358791424
0.6442620869391696,0.6316607029971452,-0.05272861542384166,-0.058788129666305367
0.6077371549570543,0.6012551848820614,-0.03652493198211537,-0.04794406817341547
0.7119126585779599,0.7200568951164934,0.10417550362090566,0.10850733142576635
0.5799873973623483,0.5490061787663288,-0.13192526121561166,-0.13224498617627814
0.6689706312542512,0.699614329313094,0.08898323389190288,0.09402744851034794
0.639868475216814,0.6440755004534252,-0.029102156037437155,-0.039523154691344535
0.6693422129240629,0.6974641435139483,0.029473737707248926,0.016452146497569566
0.6067312288547176,0.597817976327367,-0.06261098406934529,-0.04815920755546914
0.5488952734918515,0.5588762349316343,-0.05783595536286612,-0.061125779873089474
0.7293421110739302,0.7438547281829281,0.1804468375820787,0.19026804609220693
0.6256887568033351,0.6320584348812792,-0.10365335427059508,-0.09508522755454954
0.6971857184148125,0.70727142694387,0.07149696161147734,0.07791759234764198
0.5588027736713874,0.591697448150198,-0.13838294474342505,-0.14556779472466996
0.668347320287007,0.6720310730990973,0.10954454661561963,0.11597957207238174
0.7359394094089606,0.7048082702770556,0.06759208912195358,0.06999147084239714
0.5655925745583071,0.5866607101207737,-0.1703468348506535,-0.17410971789724122
0.6884894281628846,0.6924049914547209,0.12289685360457747,0.13011477750311254
0.5177976348081954,0.5066611810161212,-0.1706917933546892,-0.17262054247143693
0.6708821566983698,0.690900443863712,0.1530845218901744,0.15670657612945044
0.6807015004959736,0.6827479801152522,0.009819343797603741,0.021281619001470083
0.6746597990031461,0.6695273800846195,-0.006041701492827456,0.0001550729313198806
0.6340554143881687,0.6430247405821667,-0.040604384614977396,-0.03476382078050817
0.6597261387921205,0.6582343182997019,0.025670724403951795,0.037848840814832266
0.6787884939510561,0.6868003929133065,0.019062355158935618,0.015157376803570408
0.6181703637172318,0.6277438273220585,-0.06061813023382434,-0.06460629712556104
0.6265209481642076,0.6203418463380153,0.008350584446975784,0.0033683301331448017
0.5797611955570228,0.5782926052588068,-0.04675975260718479,-0.034291441007822845
0.7331879991747094,0.7284289478735179,0.15342680361768668,0.14439861609547536
0.6315124807502731,0.6055514771788628,-0.10167551842443634,-0.08774454838179185
0.6853625148425524,0.6707035709269756,0.053850034092279286,0.047562009719689886
0.6471667986296138,0.6493043202270682,-0.0381957162129386,-0.037415513916603
0.6833337967031142,0.6773765602756872,0.036166998073500434,0.0314047436788905
0.5699672205542184,0.5890997737261809,-0.11336657614889578,-0.12955879865868483
0.5307573877512988,0.4976063920746626,-0.039209832802919675,-0.016073127164923012
0.6363238110458548,0.6044371487466638,0.10556642329455601,0.08261415820994097
0.5146889681597956,0.48181568453050466,-0.12163484288605919,-0.12621819188482367
0.6387174798159203,0.6258566280792185,0.12402851165612472,0.12806425816736544
0.6272275852550665,0.6209403852550378,-0.011489894560853808,-0.0035513556259147965
0.6126474388293497,0.6162023661865056,-0.014580146425716811,-0.011215804525344947
0.6976192723249388,0.7255235633790431,0.08497183349558912,0.10107243476437763
0.5833259030173075,0.6084654290210757,-0.11429336930763134,-0.1104455677478459
0.7112121912971812,0.6816310914057914,0.1278862882798737,0.14528827680964695
0.6841265385473675,0.7004867116497635,-0.02708565274981367,-0.028080214190997387
0.6000488382605604,0.5951885631529817,-0.08407770028680706,-0.07705004462717174
0.6101158801871993,0.598191143802778,0.010067041926638876,-0.0041276263596044666
0.6629848675966405,0.6693382511687856,0.05286898740944124,0.05065721863189523
0.6562845177792828,0.6675257608710151,-0.006700349817357787,-0.009062040283286353
0.6591572090195229,0.6446295946839264,0.002872691240240144,0.011961711416145803
0.6345371003070713,0.6531566048449218,-0.02462010871245157,-0.03041562136900087
0.6831275676047671,0.6788328323108621,0.04859046729769578,0.025818282484255144
0.6744462622658283,0.644059376026566,-0.00868130533893885,-0.013578904779445476
0.6016336400941441,0.5780989243825847,-0.07281262217168416,-0.0661597131142393
0.6662626152482208,0.7009770677883498,0.06462897515407673,0.064973913883654
0.6153776786329674,0.6022317784085114,-0.050884936615253396,-0.04861578204857664
0.5890557879753826,0.6401167339934484,-0.026321890657584834,-0.03933167627017747
0.6230063565379421,0.6017382864112119,0.03395056856255951,0.013788049592357705
0.5813567017202894,0.5729059279642715,-0.041649654817652704,-0.05132838894721934
0.6329338072993109,0.619522443255554,0.05157710557902151,0.06264660990726077
0.6343111621962795,0.6280473486280326,0.0013773548969685523,0.010904287848412646
0.7557514167475452,0.7678834528469889,0.12144025455126572,0.11758227997788245
0.7329991368760875,0.7325006133298259,-0.02275227987145767,-0.03117355894192813
0.6318129286128168,0.6483781748277861,-0.10118620826327074,-0.10440262499256259
0.5569698321449077,0.5463120376109862,-0.0748430964679091,-0.07333957498683341
0.698339554017885,0.6926911079733771,0.14136972187297725,0.14251497974691205
0.6158205810886791,0.6270841333079991,-0.08251897292920585,-0.07511420529364486
0.5987924739251758,0.6040509638524277,-0.017028107163503337,-0.0015102134262013744
0.7089428100236429,0.6824869212821316,0.11015033609846714,0.11234482268615327
0.7073814748462678,0.6895340270558061,-0.0015613351773751116,-0.006079031589764317
0.7103844915822505,0.7320747687458278,0.0030030167359826887,0.0013033930589352964
0.7507113428362177,0.7628390703145548,0.04032685125396718,0.04542509850660404
0.597432270744377,0.6099224942692693,-0.15327907209184066,-0.1404150150142336
0.5442605987134201,0.5237447413815015,-0.05317167203095685,-0.05664557218659826
0.6206370187037329,0.6054533548436525,0.07637641999031275,0.09200284631349404
0.5874717689942901,0.5704537772070026,-0.03316524970944279,-0.03373675035598824
0.660064548790049,0.6618599350975838,0.07259277979575895,0.06442555082862796
0.6731262894205298,0.686463607394345,0.013061740630480712,0.0090863304934089
0.6468930690382282,0.6452492162869776,-0.02623322038230158,-0.01618419472764779
0.6791643378633445,0.677773241051013,0.03227126882511633,0.022734270510066226
0.6707347349419881,0.6843908460926739,-0.008429602921356416,-0.026172187898156677
0.5977539464020658,0.6305192073937103,-0.07298078853992229,-0.07393656832543485
0.6410097823069236,0.6546971542744522,0.04325583590485782,0.04612444266348837
0.6006498340025357,0.5985332031392839,-0.04035994830438794,-0.041242420872818215
0.6845471344271908,0.6834529231270522,0.08389730042465515,0.09019380980135118
0.7046433041226627,0.7252303194335624,0.0200961696954719,0.007698244704928296
0.637369949822623,0.6330560076122088,-0.06727335430003978,-0.06172979702034532
0.6694714789523827,0.7255336511156902,0.03210152912975972,0.036457236955901445
0.6406567701878685,0.6162654928753344,-0.028814708764514196,-0.028085468762801102
0.6422859120860348,0.6354968729930641,0.0016291418981663197,-0.0038082026924316616
0.6691836956854856,0.6635198239364545,0.02689778359945083,0.018294723515707483
0.6183339110477043,0.5923680168712784,-0.05084978463778134,-0.05741079248403812
0.6934548040088623,0.6327222547376566,0.07512089296115798,0.0673229549059694
0.6155240382859067,0.6270504766726567,-0.07793076572295554,-0.07909961942743168
0.5885203712177808,0.6301702694845995,-0.02700366706812596,-0.03392890372979532
0.6360855689301304,0.6399980372455559,0.04756519771234957,0.05946578764727788
0.6051026995573179,0.576583526711995,-0.03098286937281247,-0.03512280970111783
0.6574695081281408,0.6696795385518391,0.052366808570822876,0.049745224092998794
0.7131090582242888,0.7041898739954455,0.05563955009614807,0.042298907254755436
0.5572443258871396,0.5389129346035065,-0.15586473233714926,-0.14585954534175072
0.7550266052996134,0.7700500218157978,0.19778227941247384,0.19028960673441228
0.6833867531711432,0.6784953228476769,-0.07163985212847024,-0.06500719642793612
0.6495434546222048,0.6315406523730958,-0.033843298548938416,-0.02559930603335418
0.7033353913293765,0.7002504771085938,0.05379193670717175,0.05049153892500091
0.6537264766285049,0.6484946702597597,-0.04960891470087159,-0.043202588271204725
0.6460152548472418,0.6865686472368082,-0.007711221781263156,-0.0016159390523165784
0.6252601698274319,0.6443189408903214,-0.020755085019809827,-0.02185398966179915
0.6635516090904577,0.6584758644292328,0.038291439263025806,0.04468441223212982
0.6304736115526592,0.6320443987650421,-0.0330779975377985,-0.03258832547208954
0.7216413077135317,0.7204429754775658,0.0911676961608725,0.09440722899058396
0.6209120072719211,0.6405133270440396,-0.10072930044161066,-0.10287713137571716
0.6455420752651686,0.6578159987607969,0.024630067993247517,0.021402430091520975
0.7646274647702836,0.7540588029071016,0.11908538950511505,0.10777215824186863
0.6215865923261689,0.6301325844424714,-0.14304087244411479,-0.1373716623150817
0.6814831718351397,0.6773754417862135,0.05989657950897087,0.0710773249145074
0.740944761859663,0.7517027551091058,0.059461590024523225,0.06351978101110198
0.5612383154822083,0.5574701282407791,-0.1797064463774547,-0.18561458715866616
0.6868392086576031,0.6817774744256381,0.1256008931753948,0.12431431971049083
0.5864543107186021,0.5763042546051982,-0.10038489793900096,-0.09473160946751265
0.7426241722538707,0.7419542900674445,0.15616986153526857,0.1723791276679888
0.6981706311068181,0.7124085369264768,-0.04445354114705258,-0.05459878344095855
0.6896670811166048,0.677321783657891,-0.0085035499902133,-0.03064463691620762
0.6239148173917743,0.637317348709479,-0.06575226372483045,-0.05656942514272053
0.7196354832607665,0.7357474242295868,0.0957206658689922,0.08243853369649834
0.6884187376067283,0.7281567246935863,-0.031216745654038203,-0.02615870783425611
0.72550002170312,0.7639049745468219,0.037081284096391665,0.027473481598761965
0.7476201313374645,0.7324963955712774,0.02212010963434452,0.019808692045294757
0.6878773124765193,0.6742021180349632,-0.059742818860945235,-0.07411796119418777
0.740516593186891,0.7219323936559101,0.052639280710371716,0.04114508330217764
0.604497462213661,0.6006662427518383,-0.13601913097323004,-0.1302460055254371
0.7048036323984587,0.6851299430023088,0.1003061701847977,0.09517833399048176
0.7279734924194585,0.7267807634942822,0.023169860020999855,0.03506177991467095
0.6464172752321712,0.6700097435170519,-0.08155621718728734,-0.08790240894005434
0.7178032838739254,0.6941005178462896,0.07138600864175426,0.07773742934300501
0.6928543264537388,0.6750491543500096,-0.024948957420186657,-0.010669619185357398
0.6856928389336411,0.6740233703532728,-0.007161487520097709,-0.007628542390371939
0.7259728847582296,0.7116664790886055,0.04028004582458855,0.041107684509812906
0.7051865556358529,0.7243608404162482,-0.020786329122376768,-0.023158071713528083
0.6218286826753681,0.5862755281615115,-0.0833578729604848,-0.10605363053446779
0.7151047254723506,0.7260764941451684,0.09327604279698254,0.09219475564026086
0.664767474179541,0.670459750068067,-0.05033725129280964,-0.05050567757499749
0.7136307935048074,0.7136280342720636,0.04886331932526644,0.052260212979034645
0.6054271773166965,0.5824729951559817,-0.10820361618811092,-0.10200338977075767
0.670549976730224,0.6591221601010437,0.0651227994135275,0.0683550160651912
0.6694773493842092,0.6846232103333028,-0.001072627346014765,-0.01241210207126659
0.5797559265612988,0.5840182810269221,-0.0897214228229104,-0.0969604618545104
0.6560821125902211,0.644312059197332,0.07632618602892227,0.08148956458954254
0.7009537431890663,0.7083925379896265,0.04487163059884525,0.037534881448971685
0.6622985186601605,0.6382093570954452,-0.038655224528905796,-0.035054384298641786
0.726389150933629,0.7268692873782774,0.06409063227346845,0.04374569112043998
0.6442996422343289,0.6373390202361977,-0.0820895086993001,-0.07740074508224756
0.7118799068401168,0.7261245349546404,0.06758026460578792,0.06252374103427202
0.6318857004158649,0.6052298549360255,-0.07999420642425192,-0.08729245366187455
0.6907944380315519,0.7045671065646506,0.058908737615687046,0.07766253405589225
0.7569456704358769,0.7985729754286519,0.06615123240432497,0.06401392580220061
0.6341794983940867,0.669721581370362,-0.12276617204179019,-0.12848159127536385
0.6037470120768339,0.6076926321013352,-0.030432486317252816,-0.026636590511552462
0.6654536016622025,0.6771593206851644,0.061706589585368565,0.07420700160326116
0.6783387798636455,0.6812347577882077,0.012885178201443082,0.005623260724610226
0.6982146646050021,0.6854811071811822,0.019875884741356598,0.029641685754055267
0.6799892872497842,0.6730698478773143,-0.018225377355217898,-0.014283077562855741
0.787669456676069,0.7954020057762824,0.10768016942628478,0.10038853319658468
0.6960227829647143,0.7054123871721593,-0.09164667371135471,-0.09360650550980623
0.6857415177562333,0.6920892999303221,-0.01028126520848105,-0.024492312153981684
0.5971642280405098,0.6037792635546069,-0.08857728971572343,-0.07286373518970296
0.7039769661590686,0.7162252572145769,0.10681273811855874,0.11456286805833071
0.6923420062558818,0.6988714226363727,-0.011634959903186748,-0.005249545856767769
0.6410239332344674,0.6527773525303245,-0.051318073021414445,-0.04735805574471031
0.7742236674951144,0.7748921224999951,0.13319973426064702,0.13672745200641165
0.6585967628760394,0.6779094912781112,-0.11562690461907499,-0.11984950756591584
0.6299787075814801,0.6364461056407006,-0.028618055294559297,-0.019443515657628696
0.6805574337234856,0.693058977403672,0.05057872614200554,0.04540109606797714
0.7245880278012499,0.7402492766078957,0.04403059407776422,0.020078631445520915
0.7634608002692206,0.7977789012543611,0.03887277246797072,0.032210463471381325
0.6259037400997954,0.623916393158551,-0.13755706016942515,-0.11743227914824692
0.6978660458990278,0.6931058221348368,0.07196230579923235,0.09186797121401066
0.7108102396957796,0.7132450286160585,0.012944193796751824,0.01878635868570063
0.6319255041990675,0.65086821890015,-0.07888473549671216,-0.09626188103861079
0.6457172357327486,0.6716365852954586,0.013791731533681184,0.011450995251871272
0.7492024104870002,0.7003368660308829,0.10348517475425156,0.11334071479425388
0.7313109724303216,0.7248076764746515,-0.017891438056678588,-0.011407971827571969
0.6975911903592743,0.6936271930235137,-0.03371978207104731,-0.04362339669840959
0.6153606023176805,0.6013502192528579,-0.08223058804159378,-0.09665104213656046
0.6574759234288231,0.6410192549055165,0.04211532111114258,0.027963635155878862
0.647148096724862,0.6224224704190915,-0.010327826703961152,0.001218420049475557
0.6684899825952907,0.7026817862659925,0.021341885870428734,0.024410357618535654
0.6874582266139513,0.6983532952399244,0.018968244018660596,0.025696450976749892
0.7582720438270173,0.7519785273588737,0.07081381721306601,0.07537024974294143
0.6242145737668152,0.6424557941155762,-0.13405747006020208,-0.129241875025318
0.732226712603487,0.7315131019259095,0.10801213883667182,0.11143847764446808
0.6710730912410174,0.6496835692126569,-0.0611536213624696,-0.05499453032756843
0.6901262695545025,0.6754622229727311,0.019053178313485075,0.006572857080644501
0.784222685477317,0.7674317581063258,0.09409641592281448,0.0921381998472168
0.6929213600557387,0.6993505213014081,-0.09130132542157832,-0.08882864150595213
0.7434714422998434,0.7646087244697495,0.05055008224410473,0.0646536984331221
0.7798363468925514,0.7889858145644203,0.036364904592708025,0.0381348067199594
0.6918357316470246,0.6773396991326354,-0.08800061524552683,-0.10403444722383215
0.6119432949292087,0.6201163972674251,-0.07989243671781587,-0.08680154064622779
0.6849333569044139,0.696655362632873,0.07299006197520519,0.06983840156008904
0.6865411806261225,0.6895847463758262,0.0016078237217085345,0.007756849284850202
0.6615432331612161,0.6471851491673817,-0.024997947464906356,-0.011007079357799123
0.7636375484102944,0.7537925061395641,0.1020943152490783,0.11439207213572487
0.7311624862708108,0.7314170285614469,-0.03247506213948359,-0.03996205175921923
0.6910571541417502,0.6880277198845834,-0.040105332129060645,-0.055785310137919694
0.6056877116419485,0.6164999943846186,-0.08536944249980172,-0.07766735117201896
0.7168173487577568,0.6474033161512531,0.11112963711580837,0.11540904303204108
0.7783033797023874,0.7638021558864615,0.061486030944630565,0.04254510662100951
0.7482867372049802,0.733975022203986,-0.03001664249740721,-0.0345996131058112
0.6898397717309634,0.681578794498268,-0.05844696547401673,-0.05151458242638359
0.7619145329037171,0.7674277350655815,0.07207476117275369,0.07838681646709897
0.7541650504072305,0.7368813173145489,-0.007749482496486659,-0.0004270320025000496
0.6905786700716511,0.6831393515694768,-0.0635863803355794,-0.0578351070939394
0.6854785851511386,0.6723352641310658,-0.005100084920512504,-0.008279859422634234
0.7235774286547008,0.7265841820149345,0.038098843503562185,0.04183122222979312
0.6951999866320244,0.6776705492760248,-0.028377442022676336,-0.030598637272375453
0.7232353392519169,0.731031118169405,0.02803535261989243,0.02366726238144518
0.6958382047059467,0.6939078118946205,-0.027397134545970148,-0.017776436598345755
0.7500593320767349,0.7456997316427285,0.054221127370788214,0.04859966958545564
0.6690857227060422,0.6966862513508173,-0.08097360937069276,-0.07749019839517063
0.6311200197685323,0.66434088006891,-0.03796570293750989,-0.0461819880735413
0.801698954822256,0.8158301926014404,0.17057893505372368,0.16761406917604502
0.8296994441595259,0.8532050073926333,0.02800048933726995,0.01057663929875527
0.7282962084870126,0.7327477796895558,-0.1014032356725133,-0.1032823147368574
0.7292570765834737,0.7326437933595534,0.0009608680964611205,0.015625381085831017
0.7873353617859815,0.753292883171315,0.058078285202507796,0.04718339678945737
0.7689654936668247,0.7362111083462523,-0.018369868119156862,-0.023809505649681855
0.7518462464280572,0.7387668431195594,-0.017119247238767454,-0.019756571454464574
0.7617842443462529,0.7862710321467284,0.009937997918195718,-0.000506023069141175
0.789307911087896,0.7758359537545487,0.027523666741643082,0.017105346983225765
0.7831904716261521,0.7543894431660889,-0.006117439461743923,0.0007574569770838003
0.7543532126888529,0.7353972658640089,-0.02883725893729916,-0.02098898728403173
0.7382077680829582,0.7649756348684291,-0.016145444605894732,-0.01674573152473395
0.743587188241373,0.7455608487508685,0.00537942015841486,-0.018949638464755454
0.7287958884879735,0.7074311377557636,-0.014791299753399545,-0.022692731384861192
0.6749711162791049,0.6795503861814796,-0.05382477220886861,-0.06851993199895844
0.7835248100721905,0.7621973385244655,0.10855369379308566,0.11413257512924369
0.7612958969724333,0.7862757880284675,-0.022228913099757275,-0.01619525738698543
0.7652227360487064,0.7806043997250562,0.003926839076273114,0.0001300029402233954
0.6627400005040645,0.6714457766569584,-0.10248273554464193,-0.09420297301254332
0.7610696124579233,0.7510476940549904,0.09832961195385881,0.0771206705292265
0.6507004654383037,0.6510524178224137,-0.11036914701961953,-0.11442387486383283
0.6067415350709783,0.578434259169591,-0.043958930367325455,-0.032619504796480986
0.6891142334703555,0.7016653806601594,0.08237269839937722,0.07350655660967872
0.6923979166347685,0.6999328343913347,0.003283683164412965,0.0012137826373543872
0.7077905668075968,0.7497938706286086,0.015392650172828315,0.01486176632266662
0.7910289024457517,0.7903195342848179,0.08323833563815497,0.07166808555327875
0.7598693051811447,0.7491494145288607,-0.031159597264607042,-0.04076091778707881
0.7964205535505833,0.7921114043913599,0.03655124836943857,0.04802202461372776
0.7130500496780517,0.7352579181379887,-0.08337050387253153,-0.09727919063798168
0.7437315112175328,0.7748439458211082,0.030681461539481036,0.03782645702754549
0.7591655013697064,0.7362368365706766,0.015433990152173616,0.012296170056810812
0.7997137196445568,0.8008964789424374,0.040548218274850445,0.039630011688663584
0.7456174870189389,0.7453834464298228,-0.05409623262561791,-0.04916374181123767
0.7289476621232895,0.7280791931984878,-0.016669824895649388,-0.02258932510532467
0.6629174731267715,0.6557466093252393,-0.06603018899651802,-0.05652808516082874
0.7310278764748329,0.7308170432634721,0.0681104033480614,0.08101936319818007
0.751781930772107,0.7461413114477746,0.02075405429727406,0.014373477433020745
0.7543332672543149,0.7402003369400967,0.0025513364822079554,-0.0060528490388471
0.705666358592528,0.6758437319175277,-0.04866690866178691,-0.05111204754887702
0.6677258212278513,0.656174733640781,-0.03794053736467673,-0.04998104375051809
0.7572934064155197,0.7778450980168854,0.08956758518766839,0.08370375146957987
0.729571233591102,0.7053875848921408,-0.02772217282441769,-0.025805644577098722
0.7391725068981758,0.7300944286938496,0.009601273307073832,0.012398710316639432
0.7116657719415305,0.6844207102065029,-0.02750673495664535,-0.025549482307349766
0.765903585629926,0.7527781787535937,0.05423781368839553,0.07097794451517825
0.7763141427261592,0.7505271362603704,0.010410557096233175,0.004777076687422901
0.6900566561641776,0.6793952760754393,-0.08625748656198162,-0.10178691151219085
0.7081107309169976,0.6673709351971246,0.01805407475282006,0.039604642108612184
0.7865885635823681,0.8130058629986378,0.07847783266537045,0.07994972299649405
0.7686570651868785,0.7354019683644574,-0.017931498395489576,-0.013972318843343136
0.6095925421179276,0.6236450362078367,-0.1590645230689509,-0.18384660107936546
0.8653826091158673,0.8662489093170956,0.2557900669979397,0.2542896804363532
0.7412262100538218,0.7319709291310421,-0.12415639906204545,-0.14619873548484305
0.6516590768165289,0.6253133714458516,-0.08956713323729293,-0.0931375422603547
0.7451458742908017,0.7358186088209783,0.0934867974742728,0.09286157388850483
0.7465976491399091,0.7458231854378871,0.0014517748491074123,0.013230866498988277
0.75661506304641,0.7548391041935346,0.010017413906500905,0.019232424670820793
0.7680923439919872,0.7665532916218599,0.011477280945577206,0.020693780620022764
0.7014104340976237,0.7025775212305014,-0.06668190989436351,-0.05234134919458372
0.7010143872866315,0.7174325767011344,-0.0003960468109922566,0.009899485311680523
0.7591340188579597,0.8096835077900745,0.05811963157132827,0.04681974186423886
0.7590414468246746,0.754988578397421,-9.257203328516539e-05,0.0063594910262556635
0.6572350392805786,0.6832876225352467,-0.10180640754409598,-0.09782075032417634
0.733748391114665,0.7482584076857288,0.07651335183408647,0.06684062663818457
0.6545922780795443,0.6518851531029665,-0.07915611303512071,-0.0773793350018375
0.7475447280240519,0.7413076639629741,0.09295244994450758,0.10275780592581983
0.7965329515661224,0.7637651738721658,0.04898822354207044,0.06579804315003131
0.7742509326051933,0.7449621644436081,-0.022282018960929073,-0.020593782724994788
0.792920566007553,0.8155566277575563,0.01866963340235972,0.03855241695410569
0.7138531448014529,0.7080804341278395,-0.07906742120610011,-0.08392557172125378
0.6548601237484538,0.6576174347991929,-0.058993021052999084,-0.07916623014022972
0.7658665432045746,0.771673252282588,0.11100641945612078,0.11420613369006836
0.7731335523785441,0.7618116802689521,0.007267009173969496,0.01966539354472768
0.7723464766806318,0.7583153455552885,-0.000787075697912254,-0.022683008503225195
0.7241892754153476,0.6831584358284316,-0.04815720126528422,-0.048264487292039526
0.8245640498422138,0.8267569800640736,0.10037477442686615,0.08095301876236036
0.6764955322632195,0.6678911701701982,-0.1480685175789943,-0.16517559895820777
0.7917374301230079,0.776104235593261,0.11524189785978844,0.11187790044815127
0.6983107422885284,0.6792692778196816,-0.0934266878344795,-0.10771599551576386
0.6668560224695523,0.6677135462674845,-0.031454719818976073,-0.033466959795385005
0.8254667647269054,0.8263683460373815,0.15861074225735305,0.16123195204684362
0.6535197621212105,0.6471685735595873,-0.17194700260569484,-0.18750405761079994
0.7384628754728382,0.7483236588804705,0.08494311335162763,0.07228353005839169
0.8543104087398421,0.8730207700392464,0.11584753326700392,0.11208876681469786
0.686702307491616,0.6774419073280425,-0.16760810124822612,-0.17371949886745644
0.82035167332646,0.8182717047578183,0.133649365834844,0.145192067270184
0.7238419117698323,0.7381122166263387,-0.09650976155662772,-0.10185941402783155
0.7794990133631264,0.7888246156238587,0.05565710159329418,0.05967349777443257
0.7347645135472127,0.7139346797297021,-0.04473449981591371,-0.03490175200351037
0.787424077942961,0.7963520119676403,0.05265956439574826,0.062262627135587376
0.8164288504504178,0.8381994005194178,0.02900477250745681,0.03015807019800418
0.8060383998247261,0.816723353409041,-0.01039045062569166,-0.023429149635344648
0.715959891498943,0.6913465657970516,-0.09007850832578312,-0.09460192071029982
0.67545358740945,0.6615390519620042,-0.04050630408949296,-0.05091724962057049
0.6678734644053451,0.6957161269841148,-0.007580123004104933,-0.004446051272938184
0.715125482580332,0.7275754938992404,0.04725201817498692,0.04574130690821349
0.7922212949518412,0.8080214953797423,0.0770958123715092,0.09620251565178421
0.7985271577061633,0.8024902965953397,0.0063058627543221,0.020479082631223073
0.7118217979128116,0.6948280560165754,-0.0867053597933517,-0.08297265355637919
0.7399321319920834,0.728343170833489,0.02811033407927177,0.025356080361390594
0.7713958605620552,0.7632274132917074,0.031463728569971816,0.01053333237741504
0.7141329602926424,0.7185211165296176,-0.05726290026941283,-0.045123218239153315
0.7426798515317095,0.7270964534434095,0.028546891239067063,0.025542844430076646
0.7731105181772119,0.7512579033265676,0.030430666645502424,0.027622150762586856
0.7885512699608077,0.8075711127490292,0.01544075178359583,0.018929761843804023
0.7741632664704943,0.7655314515575545,-0.014388003490313439,-0.015591471677861547
0.7346765362524108,0.7608705044147643,-0.039486730218083466,-0.03361945543701551
0.8191103552572139,0.8358146833562978,0.08443381900480307,0.09423313439643459
0.7908313956739206,0.7973152646029186,-0.028278959583293295,-0.01878547367139876
0.7634195465472265,0.7676819947697304,-0.027411849126694032,-0.033967513626079276
0.8044081307090495,0.8087669946577194,0.04098858416182294,0.05634709328434213
0.707510670285891,0.7332558995852343,-0.0968974604231585,-0.09907734606810334
0.7475053181180664,0.7245806696311822,0.039994647832175434,0.04891732186615646
0.746112756147286,0.7603498205964717,-0.0013925619707804149,0.011764143518827014
0.7077482386119229,0.7051347520855933,-0.038364517535363074,-0.03566644179179899
0.7880197596610706,0.79425122401706,0.0802715210491477,0.0593048662955002
0.6968476989194085,0.7096769456490486,-0.09117206074166218,-0.07904912199438235
0.7107239708574453,0.6801384845543568,0.013876271938036866,0.016083231148822326
0.706365909408189,0.7427354667231679,-0.004358061449256323,-0.003619193318557192
0.8162206940782779,0.8187489812100245,0.10985478467008891,0.10820719254155182
0.7718649364064495,0.7795680018344752,-0.04435575767182842,-0.036278008016375256
0.7683318924096164,0.7553655672770497,-0.003533043996833074,-0.006927400137825364
0.6696645610855826,0.6460936989448516,-0.09866733132403382,-0.11392360453441719
0.8161003559325493,0.843318371356533,0.14643579484696667,0.14284990706282102
0.846189835819796,0.8284533873868078,0.03008947988724675,0.042879004496386305
0.807533888226115,0.8243965888956669,-0.03865594759368096,-0.030889527235799415
0.7834599377524573,0.7828471655524553,-0.02407395047365779,-0.02864794186758118
0.7666045489502367,0.7866688161258828,-0.016855388802220594,-0.009479697364071765
0.6839479255399996,0.6986342122316156,-0.08265662341023705,-0.07658868789858547
0.7118046472103058,0.727648720037177,0.027856721670306173,0.023887546946989864
0.7557708703670775,0.7469192768895505,0.04396622315677168,0.04061278893425988
0.8041820691556467,0.8122332631930147,0.048411198788569254,0.0517248916306219
0.7568822584416347,0.7661745853183773,-0.047299810714012014,-0.06820044484247177
0.7185916181819215,0.7078175854758734,-0.03829064025971318,-0.04282574377687231
0.7241624478202472,0.7287058470369809,0.0055708296383256695,-0.01128050362610955
0.7761254665101194,0.7557735646331798,0.05196301868987219,0.04492599610532337
0.7765907257604522,0.7575375827731404,0.0004652592503328057,0.0018821982344096656
0.7656863102842026,0.7600694699046379,-0.01090441547624954,-0.035933577291759
0.6858246484194707,0.6954422275539756,-0.07986166186473198,-0.09710557329693899
0.7709561468280227,0.7637561798932953,0.08513149840855205,0.074785396692155
0.7659846230751455,0.7800396288919481,-0.004971523752877238,-0.014952024176350602
0.7130993459841635,0.7207955389216925,-0.05288527709098201,-0.04715739479138899
0.8085014467275866,0.7922021563195175,0.09540210074342315,0.10647632486392634
0.7369423708743338,0.764500348607725,-0.07155907585325283,-0.06689261005999085
0.6941235084334731,0.6721813724859433,-0.04281886244086064,-0.04852657407786231
0.7984989079244914,0.80680889501086,0.10437539949101826,0.1080362903698273
0.7019842688798513,0.6839002600522508,-0.09651463904464008,-0.09113363191031498
0.7781987107568794,0.7742681554749635,0.07621444187702808,0.06533740679592583
0.8235120572749537,0.81315601440621,0.04531334651807428,0.032200001222935065
0.8147211429847178,0.8110530464983883,-0.00879091429023593,-0.014150504003066906
0.7653862289747635,0.7764401083021646,-0.04933491400995427,-0.0469698439079377
0.766670333883941,0.7930683989472397,0.0012841049091775192,-0.0035207857582167023
0.7914847975340686,0.7795803320087721,0.024814463650127627,0.036336981075822526
0.7047846510111951,0.7121541378735239,-0.0867001465228735,-0.09269181872551586
0.7531606515339601,0.7380122739159017,0.04837600052276492,0.05626865701787173
0.7911110962030001,0.791422008790035,0.03795044466904007,0.02529188243437189
0.8079740551889736,0.8200616943469613,0.016862958985973453,0.021831636171688668
0.8726333179043351,0.8714289320406523,0.06465926271536149,0.06834609894451342
0.7703312006705761,0.7603015809092687,-0.10230211723375893,-0.10584783644490169
0.7761348875365015,0.7809063761519225,0.0058036868659253615,0.005043070331692414
0.7857216797652102,0.7850431112175775,0.00958679222870873,0.00301475949870348
0.7875840754812028,0.8170565605832194,0.0018623957159925597,0.0030201360059626237
0.7285563851580039,0.735838493683696,-0.05902769032319888,-0.06284594783642242
0.8095141564031325,0.8120009162562511,0.0809577712451286,0.07253046420913042
0.7982372368714064,0.8099231555193828,-0.01127691953172616,-0.0022774574125265287
0.8894781501546891,0.8831576086646972,0.09124091328328277,0.10899524427845925
0.7772931100765308,0.7602946715183243,-0.11218504007815833,-0.12598555221981836
0.7251125258647354,0.7529498052888922,-0.05218058421179539,-0.05707792581749282
0.759081134189283,0.7737331506190334,0.03396860832454762,0.039709277195166585
0.7687627227046108,0.8258602137093374,0.009681588515327744,0.02051133120105945
0.7490562709092431,0.7553796816778964,-0.019706451795367674,-0.03443730485799472
0.745590519544497,0.7202045452860385,-0.003465751364746139,0.0013305590605011434
0.7887115292167145,0.824118611754304,0.04312100967221755,0.045822998638108146
0.7308965031121366,0.7380074759217514,-0.057815026104577893,-0.06708100273624018
0.7945328222742323,0.7852004479378477,0.06363631916209567,0.07481359090542018
0.8242463669417207,0.8371371890654808,0.029713544667488434,0.04380920104933478
0.7796711118884609,0.8012065359974374,-0.044575255053259766,-0.04755948059752256
0.8183771756317021,0.8060509998337035,0.03870606374324115,0.024696366886263046
0.6805552463845707,0.6808580307658424,-0.13782192924713144,-0.132721383115826
0.8279018997245385,0.7999492112316896,0.14734665333996788,0.14990772480666736
0.7553250157631121,0.7592062225439967,-0.07257688396142647,-0.07611129727358054
0.7832113128291859,0.7734260290713543,0.027886297066073817,0.0154407648120943
0.6561258859957273,0.6725899818404544,-0.12708542683345858,-0.1393514119256871
0.7474797563986961,0.7619498576733922,0.09135387040296883,0.12040378272586047
0.7487976429339349,0.7595452692049913,0.001317886535238788,0.009751463433451653
0.7575538355674022,0.7401072027407712,0.008756192633467275,0.01892933954904119
0.7872622347299929,0.7722593106674042,0.029708399162590715,0.031141116551099024
0.7815229141533957,0.7837917924782245,-0.005739320576597207,-0.017645213847963435
0.7658176136739074,0.7729946359389193,-0.01570530047948826,-0.008875746682469092
0.8236376364519072,0.8220332025443008,0.0578200227779998,0.06303248530309581
0.7986265330451344,0.8053282586796652,-0.025011103406772817,-0.031136195871676514
0.7374690779916441,0.7536186935235482,-0.06115745505349035,-0.06066662177066927
0.8437203918662116,0.8539826328583972,0.10625131387456754,0.0988571064968129
0.7397821468109166,0.7479395104256171,-0.10393824505529503,-0.103982546068462
0.849816179793279,0.8431059601701438,0.11003403298236236,0.09406984610820017
0.7648194462596136,0.7332774391652838,-0.08499673353366533,-0.08111381796189777
0.7403285855555277,0.7281818154733523,-0.024490860704085904,-0.015394155991902747
0.7570233981280468,0.7537163995357866,0.016694812572519035,0.02524637505393209
0.6767017072937661,0.6627702449228879,-0.08032169083428065,-0.08856062578823204
0.8132806319326611,0.7924638659722184,0.13657892463889498,0.14356100096339308
0.7741098141629017,0.7855598179059713,-0.03917081776975939,-0.04008084327071915
0.8081981586641688,0.8355690220495265,0.034088344501267076,0.03755113213243714
0.8234669120674873,0.831939039343759,0.015268753403318569,0.033814123771777546
0.8060909136130179,0.8399431943330166,-0.017375998454469466,-0.03203735359612386
0.7709761182117039,0.7441858976317137,-0.035114795401314014,-0.051997084021510376
0.816933249664897,0.7891047024656638,0.045957131453193134,0.04562732347488149
0.8491826947573379,0.8580309200374574,0.032249445092440876,0.02602385373850791
0.7565198377780563,0.750427303374534,-0.09266285697928156,-0.08932779415902323
0.6481039135075707,0.6451017555674385,-0.10841592427048563,-0.10595188353665991
0.8459159838223533,0.8375362544321381,0.19781207031478265,0.18544760520826273
0.8779252465490158,0.8373722901224366,0.03200926272666249,0.023814031763001717
0.7871567821933219,0.8047260032274871,-0.09076846435569397,-0.10683402556165573
0.7492159091676447,0.7702086072875564,-0.03794087302567717,-0.021874261254308844
0.8657660410845678,0.8553247933535543,0.1165501319169231,0.12321073785085089
0.7632341155909065,0.7966898527922578,-0.1025319254936613,-0.10793900837104871
0.7699855025456502,0.8004058771120781,0.006751386954743754,0.011528908617089068
0.7506487552568507,0.7477204372983213,-0.019336747288799527,-0.006391021746589374
0.7671487960558729,0.7614955923608223,0.01650004079902223,0.014108823149942041
0.762551564334634,0.7747642966069784,-0.004597231721238937,0.010022814430282124
0.8015848361538298,0.7964817401602418,0.0390332718191958,0.05258292179381989
0.7947805668308774,0.7635730257812213,-0.0068042693229524165,-0.017275375282686998
0.9099221882628676,0.9064872086962245,0.11514162143199025,0.13807265320322254
0.7407669468241169,0.7677364895686518,-0.16915524143875071,-0.16942889667640856
0.797951586007096,0.827012972623619,0.05718463918297911,0.06470905537100834
0.805247341758704,0.82101691882163,0.007295755751608013,-0.001455265443452881
0.8299102058963141,0.8473457782683486,0.024662864137610097,0.02512617931765042
0.8158536153274435,0.8326004891519918,-0.014056590568870653,-0.0253215366867285
0.7335125133848718,0.7327724313897408,-0.08234110194257171,-0.09077341615798343
0.7517162076271063,0.7274873312701948,0.018203694242234558,0.013144857216822684
0.7810317691778907,0.7885858220219285,0.029315561550784408,0.038036439864169706
0.8313231962756109,0.8273644682308393,0.050291427097720165,0.04960686836426962
0.7426167902902966,0.7381865548743936,-0.08870640598531432,-0.09066153579128883
0.7264486081729078,0.7349808649713515,-0.016168182117388796,-0.019331893524364104
0.8429245884439198,0.8428623649260035,0.11647598027101203,0.12207340215585676
0.818122319137119,0.8347508204605733,-0.02480226930680085,-0.030632714667140945
0.7255450065491852,0.6990514117711206,-0.09257731258793378,-0.09732016667181399
0.8637124867947812,0.8676278390359778,0.138167480245596,0.13699970958762542
0.8333448636829032,0.8260976732854117,-0.030367623111878017,-0.045022335581433065
0.7583470037738849,0.7594408220679006,-0.0749978599090183,-0.08090536320113231
0.7916053298327517,0.7737974725700376,0.033258326058866805,0.03863093850643827
0.7760889101846169,0.7667780211031575,-0.015516419648134772,-0.03213470090471585
0.7844067798011564,0.7666931389898828,0.008317869616539464,0.0049767563122438884
0.7212989306145194,0.7512806908449468,-0.06310784918663692,-0.07455347432917157
0.8405738384550704,0.8141450025482637,0.11927490784055095,0.10423847334256489
0.8141941460961679,0.7710574989706198,-0.026379692358902473,-0.02024446476342576
0.7533556125218045,0.7678849465328756,-0.06083853357436342,-0.06612742082852743
0.7383410261317568,0.7722743879467485,-0.015014586390047713,-0.007719529186431326
0.8599769073219897,0.8627967645756978,0.12163588119023294,0.12997233030146427
0.8358670573478796,0.8435828091530448,-0.024109849974110142,-0.027856306928537848
0.7838791837827437,0.7913921037638394,-0.0519878735651359,-0.0555742705494447
0.8485009320640593,0.8818002333160435,0.06462174828131562,0.07967814374951575
0.7902659811864333,0.7856318987384013,-0.05823495087762598,-0.041145790078518055
0.8515932026934808,0.8451885839235839,0.0613272215070475,0.07026228907038536
0.8930652328420486,0.9221098746107782,0.04147203014856782,0.032524253459675724
0.6851751379095259,0.6940253504286905,-0.20789009493252275,-0.22315421938034244
0.7445077711906393,0.7478731526252603,0.05933263328111338,0.044653820556265954
0.7106891130598116,0.7397546824237687,-0.03381865813082763,-0.014088815739425577
0.825389957393203,0.8208410836760152,0.11470084433339134,0.12095995397065563
0.8055497584383645,0.7898762980445022,-0.01984019895483846,-0.012563796853597223
0.8548122218406052,0.8621927518169307,0.04926246340224072,0.06039522207432094
0.7542359997217749,0.7459539189661054,-0.10057622211883033,-0.0956842612868356
0.8742164864199422,0.8735810888248149,0.1199804866981673,0.13742097629939562
0.8458449597112014,0.8903127688596593,-0.02837152670874077,-0.03967594420831838
0.8630906713573407,0.8260798144331687,0.017245711646139306,-0.011787291877539872
0.7828421870043424,0.7500888173289983,-0.08024848435299836,-0.08762305410572488
0.8227936964968672,0.8163906074919292,0.039951509492524795,0.023618146100596597
0.7969198239354951,0.8224918328056896,-0.02587387256137208,-0.029483726987230483
0.7890777894933049,0.7945855928686233,-0.007842034442190227,-0.0007037553995224268
0.8344514207564504,0.8056120421542279,0.04537363126314553,0.03514518619671715
0.7825343399808153,0.7553019557843366,-0.05191708077563506,-0.04002590745799139
0.826249723950366,0.82641735468699,0.04371538396955066,0.035276383477364524
0.716888613890283,0.7018583935579689,-0.10936111006008298,-0.11564836051232177
0.7638244305422904,0.781843580748959,0.04693581665200741,0.053541313459041326
0.87773302007515,0.8941741946257548,0.11390858953285954,0.11661920344112993
0.8423578090400476,0.8673555182680828,-0.03537521103510233,-0.03218013350391999
0.796209307930163,0.7898599941042502,-0.046148501109884665,-0.02895819836605707
0.7401906986200186,0.7310121834405489,-0.05601860931014435,-0.05635591150223564
0.7646864088420973,0.7747185772969685,0.024495710222078637,0.01449583400752211
0.8478313867987363,0.8453908630360921,0.083144977956639,0.08658587742650813
0.8341675835803758,0.83036468775846,-0.01366380321836047,0.0012051266483357904
0.7755730788622666,0.7824148400934423,-0.05859450471810923,-0.06909060618166595
0.7614633694236371,0.7895298415332528,-0.014109709438629436,-0.015065524298494531
0.8219837756665317,0.8421926979442284,0.060520406242894564,0.06802072514736994
0.8027853900953885,0.8282490826601541,-0.019198385571143173,-0.02426698268330206
0.7823811347634487,0.7820492216187186,-0.02040425533193979,-0.02329697140080501
0.7493968217196161,0.7540821084044929,-0.03298431304383265,-0.025633649803623322
0.72120156780243,0.7179907856840166,-0.028195253917186025,-0.012729186704347568
0.7819618019703476,0.7840062657297268,0.06076023416791754,0.07302424235699075
0.7540612474192948,0.7564946429140058,-0.02790055455105278,-0.031530169268211575
0.7342253875472157,0.750038176141671,-0.019835859872079142,-0.008779268689273294
0.8072863747325387,0.7818107382871659,0.07306098718532306,0.07623140270165735
0.798953169775277,0.7778666432890134,-0.008333204957261753,-0.004130493423230561
0.749872807114064,0.7266479334845917,-0.04908036266121296,-0.05323808754292419
0.8664508349465475,0.8569714006629594,0.1165780278324835,0.11921156745148269
0.8432393943579559,0.8557396852204164,-0.023211440588591592,-0.02957777006275346
0.8440772920378805,0.8311224304705931,0.000837897679924593,-0.010664603400671695
0.7551291776422698,0.7799572986643072,-0.08894811439561068,-0.08589812634990013
0.7856516520491913,0.7596352764362824,0.030522474406921463,0.025369470460562756
0.76547952559436,0.8068792400325734,-0.02017212645483124,-0.010270688867472861
0.8735759108325939,0.8552234284305197,0.10809638523823384,0.10294276069456688
0.8097286967924665,0.8114612348528852,-0.06384721404012739,-0.052618009943928234
0.8409454827679554,0.8541977844222773,0.031216785975488937,0.02367728611717999
0.8389288817693253,0.8471774596667848,-0.0020166009986301026,-0.011508436549417198
0.8097451766436821,0.8078906469517808,-0.029183705125643278,-0.045311673007099235
0.7944881754821602,0.8043827561320711,-0.015257001161521844,-0.013231837375887096
0.7907926487653006,0.7994587971805769,-0.0036955267168595762,0.00953815889618751
0.7313690203312398,0.7186191013733757,-0.05942362843406079,-0.04932683945955234
0.7923091304245649,0.796865881459039,0.060940110093325006,0.06261271087987559
0.8153008319882374,0.845974214100559,0.022991701563672584,0.030426616249947636
0.7478311543018825,0.7590722822088244,-0.06746967768635492,-0.05947594203031451
0.7164019085987751,0.718549786519117,-0.031429245703107456,-0.024413042085238257
0.8547739250221084,0.9057582224207187,0.1383720164233333,0.1315810654799616
0.8638296930303733,0.8621188056499277,0.009055768008264908,-0.006061204468171518
0.8161447802852998,0.823873175084412,-0.04768491274507347,-0.040426344087260827
0.8228368771760989,0.8388860774131176,0.006692096890799082,0.005766589817593969
0.8381921761226727,0.8643913184929132,0.015355298946573837,0.02227651377098888
0.8713818697441297,0.8658381950843596,0.03318969362145696,0.05285048703996189
0.76410559788286,0.7725870459122611,-0.10727627186126965,-0.11695663885781292
0.8179819830083078,0.8428802529766558,0.05387638512544779,0.044197320726763974
0.7305893553959925,0.7216436938872217,-0.08739262761231537,-0.07329462803884114
0.8876330145937812,0.9104653377837931,0.15704365919778873,0.1580562370267879
0.8645807768699969,0.85578858461731,-0.023052237723784286,-0.02849397097833145
0.8470725120230943,0.8423051766372152,-0.0175082648469026,-0.0179570248100012
0.7878040952344295,0.7920154356377136,-0.05926841678866479,-0.0587759432193884
0.7377062088488267,0.7515808012575661,-0.05009788638560286,-0.059550580026822376
0.8848860611754289,0.9237087975157574,0.14717985232660225,0.13545080355693698
0.8672105944828268,0.891173230560501,-0.017675466692602115,-0.02442386911410705
0.8455500765572865,0.858689924240641,-0.021660517925540246,-0.002710653297120034
0.8519478204307729,0.8398356867779102,0.00639774387348635,0.008154905339891657
0.7790904807570147,0.7227518478214887,-0.07285733967375818,-0.0726408809608545
0.9000627885678665,0.8959797928763956,0.12097230781085178,0.12336572380040035
0.8766037993534886,0.9079186587931459,-0.023458989214377834,-0.004245486869860631
0.8247636773270938,0.825874657184945,-0.051840122026394875,-0.05599667942346152
0.8094220689712359,0.816673990366192,-0.01534160835585785,-0.02179975743227081
0.8379220872603822,0.8427190238528848,0.02850001828914628,0.017611899575322124
0.8584651424715346,0.9011878770849153,0.020543055211152406,0.030821906193650606
0.8865514138090729,0.8954261662649011,0.02808627133753827,0.007186282639039521
0.8576660143926892,0.8948446033313774,-0.028885399416383684,-0.02971794068719826
0.7683238296889856,0.7944179670563642,-0.08934218470370359,-0.08364871792912595
0.8076675375546201,0.7951289785664404,0.03934370786563446,0.037245031742670916
0.8517896484962925,0.8255105064447926,0.0441221109416724,0.048372935487217335
0.7864596396723588,0.8088277353832224,-0.0653300088239337,-0.08351671040562393
0.8288541133884632,0.8476134935408826,0.042394473716104386,0.053110682915605244
0.8383971155943803,0.8424254755089291,0.009543002205917195,0.004491845955561861
0.7813123129664644,0.7500079721214434,-0.05708480262791593,-0.0637198016909123
0.823367725090956,0.8675534703823466,0.0420554121244916,0.04438171624376103
0.826770201213144,0.8453185822577431,0.003402476122188025,0.002008189781350764
0.8349227126212528,0.8084126056088309,0.008152511408108798,0.004513523106651804
0.7950229532315883,0.7667011561607238,-0.0398997593896645,-0.05554494074079959
0.7914774308368843,0.7800171731944718,-0.0035455223947040704,-0.007817692226815871
0.8147444497844489,0.8099085976871093,0.023267018947564666,0.0179531188126775
0.8637468329016449,0.8745417140976629,0.04900238311719596,0.0448062685327617
0.8889246408302813,0.886460370278543,0.025177807928636442,0.017766817086385077
0.7751210809631924,0.7807108657065065,-0.1138035598670889,-0.11102490906907947
0.8647468609834541,0.8382511181909079,0.08962578002026167,0.08488455847869388
0.900745760612698,0.8848679680167715,0.03599889962924385,0.03989512356807636
1.0180063248269708,0.961896044505349,0.11726056421427289,0.12676998263458628
0.8017269377814207,0.8200415381693007,-0.21627938704555016,-0.2142788631619785
0.8652541337207525,0.8823197111392193,0.06352719593933187,0.07098286239134913
0.8983623841968118,0.8947978852282283,0.03310825047605925,0.043876936154516204
0.9389331954108036,0.960621691794494,0.04057081121399175,0.029652885368693736
0.8611884507569179,0.8812362796552309,-0.0777447446538857,-0.08798566877455681
0.849020957206624,0.8592150781276412,-0.012167493550293895,-0.007900051649053094
0.9117404664807565,0.9143176278938387,0.0627195092741325,0.045673736633264225
0.8210580244981104,0.8392730986556499,-0.09068244198264608,-0.09773598078750423
0.8051731966593629,0.7746833820440797,-0.01588482783874745,-0.011580403312153167
0.8426994038401634,0.8647410417987396,0.037526207180800464,0.024868946573018906
0.9308268044484227,0.9614673941150292,0.0881274006082593,0.08003298732747806
0.9249116804903603,0.9437563442091004,-0.005915123958062374,-0.031720010939266435
0.8285049900119531,0.8541441453309696,-0.09640669047840722,-0.08418359432960068
0.8939491150719715,0.8936863652317476,0.0654441250600184,0.051725823789559644
0.8755849657269833,0.8882250845019977,-0.0183641493449882,-0.014492398799130146
0.8517749555797687,0.8551230769133998,-0.023810010147214622,-0.006575669720019248
0.7685923806533742,0.7487619490925688,-0.08318257492639447,-0.06380517330611521
0.7844630898286453,0.7815299574083668,0.015870709175271114,0.024854763555508363
0.8279326606156489,0.8215863120646725,0.04346957078700353,0.037663456570069635
0.8766917478170222,0.8827058696965946,0.04875908720137334,0.04250079034874898
0.8158035865402664,0.8014912386638117,-0.06088816127675578,-0.0673827959100556
0.8932426434289313,0.8837736672144002,0.07743905688866493,0.07549519820433061
0.8507227905442506,0.8590181838739402,-0.04251985288468074,-0.051759371625323944
0.8707475689710042,0.8837408264565186,0.020024778426753653,0.009140799497124614
0.9071823514265632,0.9030856420837264,0.03643478245555898,0.037519498371654324
0.7827606667336038,0.7823220931047971,-0.12442168469295944,-0.12301719732524033
0.8449278850040947,0.8288665476296728,0.062167218270490876,0.07589181938535415
0.8583288465487011,0.8553098188298786,0.01340096154460646,0.003274353284100147
0.8132355146797651,0.7898995831646504,-0.04509333186893605,-0.03717201912771612
0.8347397828571969,0.8290083058401558,0.021504268177431785,0.02471390619554794
0.8299432133210748,0.825804671685208,-0.004796569536122064,-0.0023196732607567738
0.8317511437452416,0.8188202606488523,0.001807930424166826,0.0022029697259489814
0.876417812317613,0.861808345051209,0.04466666857237134,0.03568629379837435
0.9154518761038601,0.9254141811305806,0.039034063786247186,0.033812136085259736
0.8755316061764098,0.8620956488090796,-0.03992026992745035,-0.061134141691423755
0.7803235572353511,0.8019228693284084,-0.09520804894105872,-0.09887125777335784
0.8121159150746705,0.8169418049346374,0.03179235783931944,0.023297370566687535
0.8333327174094957,0.8179181902576561,0.021216802334825147,0.018442779215860933
0.8518411640998464,0.8615407578280319,0.01850844669035079,0.010738680538894197
0.8169447536310123,0.8262015694062756,-0.03489641046883418,-0.02261700174422046
0.7904714217472858,0.7568352920976168,-0.02647333188372647,-0.02630767602542132
0.7492406853098046,0.7547796513666412,-0.04123073643748121,-0.039676806586193714
0.7710718513212066,0.8026691677750315,0.021831166011402003,0.0020626419714002073
0.8374592431570559,0.8173417438865546,0.0663873918358493,0.06643289568185158
0.8157546896102076,0.8129368061362134,-0.021704553546848304,-0.026786022257989296
0.8375195584525832,0.8931142372455994,0.021764868842375606,0.0400472903993175
0.8704096758861033,0.8839259797040896,0.032890117433520105,0.027044908435830052
0.7571865073397509,0.7693631867558898,-0.11322316854635239,-0.11091232479825554
0.8746812071186367,0.8819382754923059,0.11749469977888582,0.10203534518081245
0.8698122954724425,0.8739101722348976,-0.004868911646194185,0.01035833583767861
0.9135792094319052,0.93247768883991,0.04376691395946264,0.04268802977693362
0.8778575058598492,0.8581839419794437,-0.03572170357205595,-0.0462621748448533
0.8729295435809363,0.8811827698744118,-0.004927962278912901,0.0074517677647517565
0.8280625626005531,0.8443788075694106,-0.04486698098038322,-0.03720356930933395
0.8106146365052898,0.8082711125493007,-0.017447926095263355,0.0026218973080699357
0.8442237855555182,0.8566312946126023,0.03360914905022849,0.01769247862928825
0.9103393793790089,0.8773371567319815,0.06611559382349064,0.07098746091439312
0.7833894430887695,0.7596445425062861,-0.12694993629023943,-0.11440790384247267
0.961325806148935,0.98886085778358,0.17793636306016558,0.18991476885550804
0.8474975875559474,0.8598036931039211,-0.11382821859298764,-0.10646502947694499
0.8863517242877341,0.8932561484254451,0.038854136731786726,0.04919381869594291
0.8557760032859899,0.8477524101839412,-0.030575721001744216,-0.02135047862721291
0.755833024270179,0.7562859680545916,-0.09994297901581095,-0.10944714546749675
0.833451255910981,0.8835089577833137,0.07761823164080206,0.068301152941827
0.838793492683571,0.8355516785898446,0.005342236772589937,0.002568302644441357
0.8573433349704834,0.8569580551747074,0.018549842286912477,0.03044405010084497
0.9150920110794853,0.907141994359902,0.05774867610900192,0.04947541852204389
0.9397493808736535,0.9431436452199923,0.024657369794168105,0.030255766094643036
0.8467496511008653,0.8486414625241196,-0.09299972977278814,-0.08332771236580566
0.8527763427465137,0.8764839097845549,0.0060266916456483965,0.0015459645321314356
0.8802343799113554,0.8407251562233548,0.027458037164841742,0.034181999167426216
0.7865922231854703,0.761328243740245,-0.09364215672588516,-0.11061929701969606
0.823054671808676,0.8311887648059728,0.03646244862320569,0.0372239523368881
0.8596977187034779,0.8759222454197055,0.03664304689480191,0.04869264278605561
0.9160065037500348,0.9094014956676763,0.0563087850465569,0.06625807110382956
0.9222610354653602,0.9491397179548472,0.006254531715325418,0.023767218173051198
0.8325937507221505,0.8323113038545203,-0.08966728474320973,-0.08026287589795486
0.8506526703972026,0.869855368258217,0.018058919675052132,0.005656839960835039
0.8323344133194763,0.8125385062260239,-0.018318257077726274,-0.015562827074129617
0.8616362344991902,0.8668593696066809,0.029301821179713916,0.0189372738965302
0.8671334006944845,0.8700803075710487,0.0054971661952942785,0.0222329325062952
0.8331649087964517,0.828458098199375,-0.03396849189803286,-0.003601500581258004
0.8999861587235737,0.8977548872846326,0.06682124992712202,0.07212485850010696
0.839189532801141,0.8555605416654042,-0.060796625922432734,-0.0700069296658466
0.8428685533595958,0.8329624652312665,0.0036790205584548152,0.002757979764442282
0.8650060672472623,0.9008468122733704,0.022137513887666493,0.020554712185338005
0.9091518956508038,0.9233205264929819,0.04414582840354153,0.04698669920014072
0.8085186335121118,0.7832835459545315,-0.10063326213869195,-0.11485711162806572
0.8998686155472944,0.9070701267976349,0.09134998203518252,0.09652199946289383
0.8670692546908344,0.8075734541179066,-0.03279936085645996,-0.030425032472538048
0.9101259648297584,0.914339753023607,0.04305671013892398,0.040349586027684736
0.9518847928644624,0.945937440055884,0.04175882803470399,0.04804861648105136
0.8515544911716676,0.8660918503429095,-0.10033030169279478,-0.10884417795860524
0.8738348451224432,0.8592222855898058,0.022280353950775655,0.021317170831249798
0.9971610165759839,1.0261056966787678,0.12332617145354063,0.1272490075817786
0.8911961733139274,0.8993461471770386,-0.10596484326205646,-0.09044184667643476
0.85778888645271,0.8356309973357672,-0.03340728686121741,-0.04015462779737929
0.8712851629149948,0.8309639397786168,0.013496276462284795,0.010498739784917898
0.9525805372616954,0.969036912511123,0.08129537434670064,0.0732749199037265
0.7984724092494078,0.8076748653152749,-0.15410812801228768,-0.16275000808567783
0.907999187189386,0.9080127991953253,0.10952677793997823,0.09791675760717061
0.8867444099692413,0.8833957157282989,-0.021254777220144683,-0.008335249434722447
0.9086260828381176,0.8927844172760988,0.021881672868876323,0.018469260679804346
0.9916834122286655,0.9967149405385471,0.08305732939054788,0.08583461567701908
0.9058458191442933,0.8936986270938879,-0.08583759308437222,-0.05708710595885092
0.8838824378181844,0.8984659121705628,-0.021963381326108866,-0.010489655776202256
0.9201645911216423,0.936684562960079,0.036282153303457854,0.05475759932701203
0.8107171661326565,0.8157034236000228,-0.10944742498898574,-0.1061762446354063
0.8903100985025412,0.8967463719199934,0.07959293236988463,0.09073044191004656
0.8446829379238135,0.8625022038972789,-0.04562716057872762,-0.03881305361970753
0.9049068744844381,0.8822630824059998,0.060223936560624525,0.037862648761986736
0.7862917245994967,0.7975574870327273,-0.11861514988494137,-0.11111628690837783
0.9290759029982169,0.9692394163536134,0.14278417839872015,0.15408651640130103
0.8677181883525217,0.8859728264447619,-0.06135771464569517,-0.05072120621797516
0.8587271840800833,0.862478059644676,-0.008991004272438374,-0.007930790305382832
0.8575572986988661,0.8164683976001691,-0.001169885381217206,-0.008278395857317416
0.8856312290059027,0.8923298451758039,0.028073930307036643,0.043910562254160936
0.8101504216929882,0.7902170510382897,-0.07548080731291451,-0.07814133951566501
0.7939860247872963,0.783704433439077,-0.016164396905691936,-0.008419670350192213
0.8231214619393684,0.8263903462421408,0.02913543715207212,0.020316475777468927
0.928882180039944,0.9216556489252329,0.10576071810057563,0.10287480837892266
0.8523850882873412,0.8808576079121656,-0.07649709175260289,-0.0921421089572948
0.8431304074537056,0.8469658116183604,-0.009254680833635565,-0.005756576216396346
0.9469311259818725,0.9549102352053412,0.10380071852816686,0.11216656637861502
0.846594848270505,0.8666232247090776,-0.10033627771136744,-0.09621173812592379
0.9446333463270156,0.9468490974470839,0.09803849805651055,0.12369078161349785
0.8654393331560026,0.8727871007829195,-0.07919401317101293,-0.0784533266071323
0.9705148934735731,0.9601706983114651,0.10507556031757048,0.10113791224442643
0.8712196634623167,0.8992802524647594,-0.0992952300112564,-0.0920913907907655
0.8976048095704303,0.9015076860111289,0.0263851461081136,0.01045194173570874
0.8488021029209222,0.8382271518286512,-0.04880270664950814,-0.06235327956180524
0.8642335483373736,0.8690041542147443,0.015431445416451472,0.024707558946797027
0.9010615642845569,0.8684816139996286,0.03682801594718321,0.03900250570320751
0.9326426826255709,0.9529917797966468,0.03158111834101407,0.042256705494893486
0.8676927927285071,0.8702294832006676,-0.06494988989706385,-0.06586908237436775
0.9345651491036516,0.9702147577441804,0.06687235637514455,0.07470336818668295
0.873154132366289,0.8793355111384437,-0.0614110167373626,-0.04577773401996647
0.9291242922079516,0.9349638067355813,0.05597015984166254,0.06414059762914967
0.8941469047373234,0.8826051965261363,-0.034977387470628174,-0.03477644040024694
0.9207497092023594,0.9029375834599914,0.026602804465036045,0.01160960555386727
0.7990429438944574,0.8220701718058664,-0.12170676530790203,-0.11041922896057083
0.8696544013794857,0.9033325443919358,0.07061145748502828,0.06160145282289728
0.8618709157306182,0.8662184240692766,-0.007783485648867439,-0.00781887880459615
0.821096519009181,0.822429492292913,-0.040774396721437234,-0.04178762130361659
0.8491893855281262,0.862482770844296,0.02809286651894516,0.031787082217722785
0.8785492190820041,0.8617341460625588,0.029359833553877945,0.027421409138868806
0.8185581090502476,0.8141360906344963,-0.0599911100317565,-0.0722406482044354
0.8466157372798212,0.8524757534132127,0.028057628229573583,0.026626536796493277
0.9040847120229917,0.9022320978309919,0.057468974743170476,0.0569665907117816
0.8805262442245935,0.9017487228500218,-0.023558467798398208,-0.03535015253828665
0.8993994842261693,0.8807403501640652,0.018873240001575864,0.02842861974980246
0.9048133717259955,0.9235916835007948,0.0054138874998261866,-0.004673153991058665
0.9140660141818331,0.8984818527565875,0.009252642455837568,-0.005541896369533936
0.8445025988711211,0.8587084497155191,-0.06956341531071197,-0.06527003310207141
0.8698562253776952,0.8744328887087053,0.025353626506574134,0.023313550683782165
0.8167677290131761,0.8068860254683303,-0.05308849636451918,-0.05219038649838542
0.8248256020745904,0.8413981734033343,0.008057873061414367,0.015377013433239821
0.8376197712197185,0.8741424799281814,0.012794169145128098,0.009042157412746206
0.8627711031979817,0.8519847604687335,0.025151331978263136,-0.005725921940965304
0.8679465607712771,0.8573305273027292,0.005175457573295406,0.017860692563047127
0.8840704881179778,0.8636791375533903,0.01612392734670076,0.019399288962890306
0.9629560596798067,1.0302027573735157,0.07888557156182885,0.08510701924932615
0.8491999568248914,0.855176810958764,-0.11375610285491533,-0.10129614367949714
0.8709050749196063,0.8412861351442718,0.02170511809471498,0.017376318877805448
0.9349828593002969,0.9426558627471069,0.06407778438069056,0.08513052979203137
0.9702867085872011,0.9514283486077908,0.03530384928690422,0.03093132337583719
0.8648355893048735,0.863541938792246,-0.10545111928232764,-0.10769256610031314
0.9080142655108643,0.9020615093864341,0.04317867620599081,0.04314596875350417
0.8851882906883672,0.8728710330010208,-0.02282597482249704,-0.005316925590971258
0.9256921396068001,0.9017042891134609,0.04050384891843284,0.02418662644646603
0.8651431240456663,0.9021643794203733,-0.06054901556113379,-0.0634647304995637
0.8959491873006439,0.8443889408064995,0.03080606325497759,0.041083004255088616
0.8931263162052004,0.8579213845781082,-0.0028228710954434355,0.0024250853626965312
0.8499360013488894,0.8303850707353349,-0.043190314856311085,-0.044837581291947544
0.9693135080669188,0.9434929628755734,0.11937750671802949,0.11665508898432074
0.8825105394716909,0.8858163241331649,-0.08680296859522796,-0.09497311412419061
0.9550637896455567,0.9392011654940572,0.07255325017386582,0.07834980629490702
0.9591675894019916,0.9161304755862167,0.004103799756434934,0.012699717687380147
0.885231208076857,0.8468513422678007,-0.07393638132513469,-0.0773106087584622
0.8727870993650053,0.8749321172261302,-0.012444108711851642,-0.007242810237780935
0.8782953414330331,0.885593194825782,0.005508242068027802,0.013465501487907351
0.9248202379594045,0.9486024721063319,0.04652489652637137,0.05835533566301249
0.930649514685658,0.9126877134124755,0.005829276726253552,-0.0067740416239296004
0.9024782465711472,0.911693809326218,-0.028171268114510872,-0.04984833099262571
0.9546082454917382,0.9471858302748677,0.052129998920591,0.04697038672043834
0.9227469916716204,0.9445282461761452,-0.03186125382011773,-0.02836847052084635
0.9178596383573077,0.9701287201836989,-0.004887353314312781,-0.014675574889253237
0.9299557536711521,0.9017271648358933,0.012096115313844469,0.009221087921944563
0.9176508853095056,0.8965657875433921,-0.01230486836164657,0.005868346681734464
0.8847192998840029,0.8677772659158374,-0.032931585425502674,-0.0162154080210584
1.0330466557491986,1.058794379268438,0.14832735586519574,0.14927443338771004
0.9027239923681185,0.9112979644412611,-0.13032266338108012,-0.13153476794770372
0.908187174342706,0.9201985571663738,0.005463181974587505,0.0006351050425406147
0.9206418476160054,0.9385954896557512,0.01245467327329941,0.026690756178523563
0.8074274141681557,0.7939107355254545,-0.11321443344784976,-0.11610253152040446
0.9085015942528892,0.9188863218858514,0.10107418008473357,0.1161253676036601
0.9196341899103502,0.9218467152619612,0.011132595657460942,0.019662203032683158
0.8505078103896104,0.8883566360589206,-0.06912637952073974,-0.09224014684075675
0.9602896635352748,0.994929783137066,0.10978185314566435,0.12206985375122967
0.9183325267284823,0.9215188507204934,-0.04195713680679247,-0.024485634436681794
0.8970150226026834,0.8717503167610007,-0.021317504125798914,-0.016052896281160082
0.9622591519625235,0.9448794430018903,0.06524412935984014,0.05611979269343759
0.9266371642914196,0.9262074072386793,-0.035621987671103916,-0.02251758888577398
0.8551537356598139,0.8441125739918689,-0.07148342863160573,-0.07504048570621392
0.8489206079116791,0.8333702474965852,-0.006233127748134781,0.008621676730758341
0.8827672997308124,0.8807152460340835,0.033846691819133246,0.037023004946446565
0.9026309679169757,0.923787188416333,0.019863668186163363,0.007055710920730044
0.8916337130701614,0.871168442740547,-0.010997254846814353,-0.014528746313779005
0.9304457561662777,0.9104037865139354,0.0388120430961163,0.031218940310485967
0.9533596990771865,0.9411401497198315,0.02291394291090887,0.012445316616475475
0.9641701029326353,0.9660972235275861,0.010810403855448736,0.016303178470166338
0.826925461057146,0.8068950195866339,-0.13724464187548924,-0.12596506895846532
0.9195450340046671,0.9394505811459524,0.0926195729475211,0.06981265695294595
1.073355875868685,1.0928127243772556,0.15381084186401783,0.1327422947564568
0.8835383954235183,0.8823479524188724,-0.18981748044516666,-0.21035390414695354
0.9734067362302739,0.986412080481482,0.08986834080675554,0.08350211481081289
0.9781875986301699,0.9698882940443642,0.0047808623998960575,0.00958061571260442
0.8972594878962848,0.9149519513182289,-0.08092811073388506,-0.09412057228562212
0.9931151440888719,0.9752558405748744,0.09585565619258707,0.10194843428596252
0.9374820345905905,0.9374338638107879,-0.055633109498281375,-0.06560142123317457
0.8706921739698802,0.9012730704640679,-0.06678986062071035,-0.06645934888628659
0.9082883834328588,0.8855092913176021,0.03759620946297859,0.022273919044731354
0.9492308612819275,0.9736934355824683,0.04094247784906868,0.03732998409237843
0.8298761448660634,0.856363540010271,-0.11935471641586404,-0.1106542691223382
0.9460227457398633,0.9870309712480937,0.11614660087379991,0.1356724703196031
0.9243621666799386,0.9065250333388145,-0.02166057905992469,-0.034289368865060274
0.9909001799551976,0.9556347974737752,0.06653801327525899,0.06039480664254194
0.9471660057726841,0.9419099295370328,-0.043734174182513574,-0.04815664136759272
0.9917170123231183,0.9687864860028709,0.0445510065504342,0.06253842687597093
0.9820279484367465,0.977607277114966,-0.009689063886371807,0.0070355008609235305
0.8953654277493149,0.902341260862987,-0.08666252068743152,-0.09410614412190016
0.9575365985335352,0.9510673277181468,0.0621711707842203,0.07127519600031858
0.9107933696009184,0.9055737590720215,-0.04674322893261684,-0.05451738105414683
1.0231745782105657,1.0519278397563836,0.11238120860964729,0.1296760229347213
0.8980935026239332,0.8944671795248903,-0.1250810755866325,-0.13318927573951558
0.9983418842239471,0.9963440600526197,0.10024838160001392,0.08982618341514163
0.8813793223701384,0.8990949365386722,-0.11696256185380871,-0.11997298355263877
0.851158213037685,0.8441012084543272,-0.030221109332453366,-0.038377347292089865
0.868076863708539,0.8688669011581411,0.016918650670853963,0.01891458235194502
0.8884125674236308,0.8871680250692222,0.020335703715091857,0.016946185979150614
1.0269866691954053,1.0585926201754388,0.13857410177177443,0.1329065626754597
0.9460109571827157,0.9662577881442704,-0.0809757120126896,-0.07152130946667404
0.9641729005087021,0.9875253647420815,0.018161943325986418,0.03471627291532112
0.9133922750677687,0.9367042218797395,-0.050780625440933425,-0.03465169513549503
0.8408142175394785,0.8472505244283736,-0.07257805752829016,-0.08733585343788244
0.8975301528273408,0.9037336041546735,0.05671593528786234,0.046005320583259214
0.9582794801970312,0.9683627978088576,0.06074932736969041,0.06528105418500274
0.9240580571093037,0.9048120580763895,-0.034221423087727576,-0.03848642811399128
0.8979913170804653,0.9415939240590634,-0.026066740028838353,-0.03580233868560276
0.9410305408171826,0.9216264267158514,0.043039223736717314,0.03784149304755299
0.9383184511239544,0.9491709174483318,-0.0027120896932282257,0.0027589675294103612
0.8963776177576012,0.8730003760270033,-0.041940833366353236,-0.04694735469788511
0.9383658059756245,0.9470576614891678,0.041988188218023303,0.04521061052529954
0.9648467571086926,0.933929823329719,0.026480951133068142,0.02907750714189164
0.9371388227683666,0.9503930408508111,-0.027707934340326035,-0.022084224490125932
0.8991029004268419,0.8976152673738071,-0.03803592234152464,-0.03064340186290221
0.8811857826618036,0.8709289378971437,-0.01791711776503835,-0.007081482221680282
0.841377027734472,0.8501942698084628,-0.0398087549273316,-0.038188801962447914
0.9401517471470958,0.949249946649294,0.09877471941262383,0.09411555149642127
0.9388440841737025,0.9564768776910623,-0.0013076629733933531,-0.0014658307485369397
0.8810837174832266,0.8813749303057836,-0.057760366690475906,-0.054172457654690497
0.8667712342045756,0.9091825386084786,-0.014312483278650978,-0.016112832440691508
0.9724038711776463,0.970883802363778,0.10563263697307068,0.11112059137262453
0.9278001093874455,0.9269252060051716,-0.04460376179020076,-0.03728101619117122
0.9477999679863314,0.9102023137126931,0.019999858598885867,0.016027227332981956
0.9184731647321762,0.9158274627495244,-0.029326803254155154,-0.037989687091311
0.9122104338162772,0.9139219751838884,-0.006262730915899017,0.007296331974860112
0.8875144967067385,0.8984893359466912,-0.024695937109538657,0.0017966968816585834
0.8569430265794856,0.8736646868559244,-0.03057147012725292,-0.021082760657690446
0.9365449811736917,0.9320650389771078,0.07960195459420605,0.07652105905599434
1.0482176372618128,1.034062196620369,0.11167265608812116,0.11656534311379545
0.8584832753738889,0.8809697135002968,-0.18973436188792392,-0.17478791942614613
0.9054930974634144,0.9179356675136401,0.04700982208952553,0.051180958658398085
0.9226783237075386,0.9140263042797238,0.017185226244124108,0.029555428382646094
0.9427270320090303,0.9634633943019705,0.020048708301491747,0.012920638688947314
0.9003555885365063,0.885343560679858,-0.04237144347252397,-0.03681037224990521
0.8905316315096666,0.9100919781256963,-0.009823957026839691,0.0007695603866905761
1.02146603757269,1.0155280906561817,0.13093440606302342,0.13509643306652527
0.9821423818851974,1.012105072154297,-0.03932365568749263,-0.029424158564067035
0.8849118262685658,0.869641642192255,-0.09723055561663163,-0.0965638134974687
1.0101224403204023,1.01360300261875,0.12521061405183653,0.11623768875324886
0.972861800350573,0.9844467331095489,-0.03726063996982931,-0.04765801931580301
0.9987651427406422,1.0414320516751618,0.025903342390069195,0.015712682765281746
1.0190179351956326,1.051639115627285,0.020252792454990343,0.027578874531012085
0.9105403912590522,0.9246100954430283,-0.10847754393658038,-0.1213853981843787
0.9606515328043433,0.9934916100041771,0.05011114154529117,0.04882759541907454
0.9295908279654334,0.9431899492945942,-0.03106070483890999,-0.035100657820167504
0.9386583857696315,0.9456555264527666,0.009067557804198101,0.014827178899550934
0.9337768485797655,0.929020689766952,-0.004881537189865948,0.0051255013288802245
0.9415389406893381,0.9277182217307604,0.0077620921095725715,0.017899929382305745
0.8920053607477124,0.9069257569983508,-0.04953357994162566,-0.049052053924085855
0.9087780319910788,0.9131894478030188,0.016772671243366344,0.013708898003498
0.9386746062612967,0.9615375073348809,0.029896574270217968,0.06459780960342469
0.9390806649983138,0.9475057953479679,0.0004060587370170454,0.0017845300485999963
1.0164232740412489,1.0245286412103822,0.0773426090429351,0.07286154274706075
0.9852563170422823,1.0101532868081124,-0.031166956998966544,-0.02391012589874334
0.9810400667563063,0.9370538739751372,-0.004216250285976053,-0.00940360380836347
0.946953569477957,0.9427395845110649,-0.03408649727834934,-0.03889687100182797
0.9482057165028945,0.9240422286537059,0.0012521470249375888,0.007462456421518464
0.9076393287102751,0.913440970805856,-0.04056638779261945,-0.03886134029759409
0.9502956237549821,0.9661921599410326,0.04265629504470703,0.04378581042702525
1.0052575548889837,1.0523069494927266,0.05496193113400161,0.048446933214898666
0.974625336912228,1.0199983142769533,-0.03063221797675575,-0.04031880474311331
0.9649611203118519,0.9595852919097013,-0.009664216600376085,-0.011497023399174225
0.9415504058736531,0.9564389655750808,-0.023410714438198754,-0.015529051259697169
0.9580549846286508,0.964149572511847,0.016504578754997667,0.027740242521512352
0.8729189082911715,0.8930660415452518,-0.08513607633747933,-0.08520849911057968
0.9347531109414459,0.9324020797274146,0.061834202650274395,0.05526749451691784
0.998715515637057,1.0179642693979338,0.0639624046956111,0.06779758452302372
0.9022218765967958,0.9103678776294059,-0.0964936390402612,-0.09742547673166814
0.9353056911325921,0.893260295242871,0.03308381453579634,0.038835867530276576
0.7933653599418863,0.8103398064046823,-0.14194033119070582,-0.165381788370193
0.9034177813675746,0.9395530368414186,0.11005242142568827,0.10496695907676695
0.9869844739151372,0.9900369286426632,0.08356669254756266,0.08159912303389247
0.8358117911329395,0.856729973818414,-0.15117268278219775,-0.1576737147737614
0.973646586832014,0.9780632667176065,0.13783479569907453,0.15727897190930876
0.9712188425501179,1.0054837867468431,-0.0024277442818960715,-0.02220945082659554
0.9570179085558563,0.9240691578539596,-0.014200933994261589,-0.00398307981575817
1.0088285986436316,1.0200997861024816,0.05181069008777528,0.032673454526101126
0.9525662299476352,0.9598263337688404,-0.056262368695996434,-0.05542644377305582
0.9848649735590921,0.9722664882699188,0.032298743611456904,0.0251302734363615
0.9125991235888671,0.8991774345758021,-0.072265849970225,-0.06336115091155681
0.8956234226658498,0.906536787011485,-0.016975700923017256,-0.014474518195021076
0.9304341996571291,0.9465897032407966,0.034810776991279324,0.05064493189781479
1.0309996514212068,1.0231917932033385,0.1005654517640776,0.09156594557848402
0.9288964014034369,0.9236425937464716,-0.10210325001776988,-0.10000954117870806
0.9653500913540459,0.9794752699272806,0.03645368995060905,0.02654182014074625
0.9779288701874725,1.0078924634766693,0.012578778833426618,0.0050655244553334524
0.9689289453245087,0.9740108747467618,-0.00899992486296386,-0.019941051582690064
0.8793685571157842,0.8392302607786705,-0.08956038820872447,-0.09664603297970585
0.9937706086720248,0.9847677880862512,0.11440205155624061,0.09475927505849334
0.9649561715834044,0.9698081260089797,-0.028814437088620415,-0.031798805671806464
0.9719002155711436,0.9848827519695293,0.006944043987739179,0.015719690337544813
0.9142343337046674,0.889815852973299,-0.05766588186647614,-0.035440227255100654
0.969299775145378,1.0024390279146547,0.05506544144071057,0.0403122675157593
0.8825862520252058,0.8511773963481265,-0.08671352312017222,-0.08930283227884318
0.9017584032776721,0.8823372382505413,0.019172151252466296,0.01085758518473784
0.9817420763722644,0.9613847740311676,0.07998367309459231,0.06776591732665423
0.9064791578141037,0.8985153942412873,-0.0752629185581607,-0.06213695436255791
0.9501065797824254,0.9147649578181566,0.0436274219683217,0.04292690338196111
0.9467927649989921,0.9607737211339731,-0.0033138147834332887,0.008091645028404962
1.0094632791427611,1.0413594884455246,0.06267051414376901,0.06696981955308515
0.8825495255942566,0.8790478468767451,-0.12691375354850454,-0.12060712767306296
0.9798156025842737,0.9746520221343024,0.0972660769900171,0.09988661809964253
0.9465521712427757,0.9333247418982602,-0.033263431341498007,-0.017575394523057283
0.8988727613897073,0.910211126516264,-0.0476794098530684,-0.05422952259015902
0.9748070487273899,1.0193145399008259,0.0759342873376826,0.07658119921236703
0.9688147268903267,0.9975585470533789,-0.005992321837063219,-0.0016841944218457536
0.9393083520605372,0.9250417033740095,-0.02950637482978946,-0.012758251716985615
0.9774271597881424,0.9777990150588391,0.03811880772760523,0.060025060077390724
0.9319232988124632,0.9332197025793012,-0.04550386097567927,-0.047019513203083285
0.8989586376650595,0.9333457493964505,-0.03296466114740371,-0.04050272284707305
0.8630327601836978,0.8506312474233894,-0.03592587748136167,-0.034452020197379384
0.930090102552527,0.9140825610345475,0.06705734236882921,0.07733452493004982
0.9741046217617082,0.9590466318029791,0.0440145192091812,0.026004026778957925
0.9025368636834665,0.8956638589545649,-0.07156775807824167,-0.061984568070838374
0.9758982291337774,0.9766952743561267,0.07336136545031091,0.0783258430965063
0.8731694528641951,0.9238305562735099,-0.10272877626958232,-0.10447550941900695
0.9973023786846902,1.0009785795980426,0.12413292582049507,0.13761600789248243
0.8626447313958422,0.886001354587633,-0.134657647288848,-0.1308541131168173
0.8417696639711691,0.837636144683394,-0.020875067424673044,-0.019288890571987353
0.9288389550405094,0.9482356253033875,0.08706929106934025,0.0871683081511545
0.930723624897517,0.9418822962939267,0.001884669857007637,-0.00039479969918633506
1.0130432915721523,1.0106552159461688,0.0823196666746353,0.06478129384906489
0.8415039193277254,0.845137841409585,-0.17153937224442695,-0.16780235767702817
1.0102655542052736,1.0070676553723603,0.16876163487754825,0.1752812704640044
0.9258657314810131,0.9414385644730218,-0.0843998227242605,-0.11064569517388886
0.9242592354115831,0.897806891890277,-0.0016064960694300856,-0.01887889832344433
0.9511139033078018,0.9411653039884121,0.02685466789621871,0.03910875454285467
0.8688037940905909,0.8891003738934865,-0.08231010921721083,-0.07967858599327722
0.9603120107078826,0.9701694344758385,0.0915082166172917,0.07410717551209767
0.9257165345815439,0.9435469760089776,-0.03459547612633873,-0.02026837366961324
1.0585681344402313,1.049117140462178,0.13285159985868744,0.13464760778957446
1.0476561433728877,1.0481952721424426,-0.01091199106734364,-0.019112382758823376
1.0113674377656041,1.0244789233921232,-0.03628870560728359,-0.026973102801097458
0.897510025678685,0.9109282442796856,-0.11385741208691913,-0.10315021872756533
0.952837512004647,0.9614077608049063,0.05532748632596196,0.04179815545082127
0.9441742033411074,0.9439500287921353,-0.008663308663539593,-0.0051152951354208245
0.9430396045122657,0.9218875500994062,-0.0011345988288417042,-0.004338453966371085
0.9100599600603352,0.8994125353755418,-0.03297964445193047,-0.056445826974469496
1.0121860423887794,1.0060871173396069,0.10212608232844422,0.10459021352214447
1.0645085016095859,1.0860059181651591,0.05232245922080647,0.036346184689485195
0.9004179470154402,0.914139498952205,-0.16409055459414568,-0.1690541978592632
1.027500030916774,1.0459567409923811,0.1270820839013339,0.13161253540929635
1.025954453198333,1.0352086858921927,-0.0015455777184412156,0.002992039354613267
1.0106628561561761,1.0169731863216833,-0.015291597042156768,-0.019024005594192518
0.8864413525986637,0.88066738050564,-0.12422150355751238,-0.1340967644362425
0.9550717952932191,0.9573850779989354,0.06863044269455532,0.05599902190177145
0.9051102402356437,0.9360983757253123,-0.04996155505757538,-0.05467745633763487
0.9879235462605762,1.0017021893071067,0.08281330602493253,0.0854907340720658
1.0135731594652773,1.0142146660601257,0.02564961320470105,0.024717771518416552
1.0826629024893522,1.0889930905556355,0.06908974302407489,0.07597348051368413
1.029888033033991,1.0146384523283716,-0.05277486945536114,-0.04987933839914327
1.0003489742970568,1.023106605441291,-0.029539058736934187,-0.05345586940367485
1.0373617029762292,1.025248822483631,0.03701272867917238,0.03060789031636475
0.9448527917792469,0.94266757009537,-0.09250891119698235,-0.09170652993346189
1.0305123449615037,1.033546456674455,0.08565955318225682,0.10030657885248444
0.9354121198891772,0.892458660486289,-0.09510022507232652,-0.10309096056277726
1.0024077403079743,0.9981853874804117,0.06699562041879714,0.0673027959163757
0.9346794623032708,0.9268663677259942,-0.06772827800470349,-0.07470961990153799
1.025813874245618,1.0182371992213723,0.09113441194234717,0.0931487570932429
0.9954217776283655,1.018507484594679,-0.030392096617252506,-0.03637393125520956
0.9303119546369686,0.9239687163246806,-0.06510982299139689,-0.06932838615137976
1.0694396551029097,1.0770370035922705,0.13912770046594114,0.131109346844345
1.048444414822384,1.0571182825530294,-0.020995240280525795,-0.023365955392423667
0.9327342808999299,0.9274400303236139,-0.115710133922454,-0.11812840707802551
0.9993568351229793,0.9974427621308017,0.06662255422304941,0.08286825912699505
0.9532645536466468,0.9454960100271357,-0.0460922814763326,-0.04866164123152909
0.9418436425512725,0.9649921007764146,-0.011420911095374242,-0.00443681667732577
0.9444349847924172,0.9418601060281011,0.0025913422411446563,0.009404636552248559
1.0229319402692176,1.0392905233590188,0.07849695547680047,0.06498087801788739
0.9868112562373301,0.9992586497275987,-0.03612068403188751,-0.03046491539703254
1.0705386330599176,1.083184381091287,0.08372737682258746,0.06486940681965704
1.024981639234163,1.0415903911110473,-0.04555699382575451,-0.03533230133210583
0.9766563422272724,0.9787130847203247,-0.0483252970068907,-0.06312282057970141
1.0512810049306374,1.0719537509132824,0.07462466270336499,0.0701199704806341
1.038132147009066,1.0515163715799052,-0.013148857921571278,-0.02363222667799514
0.8822286899394993,0.9021200516767799,-0.15590345706956676,-0.17239318004020093
0.9691650901437605,0.9425309622886534,0.08693640020426119,0.07431271737550511
0.9373394181830564,0.9300903878637173,-0.03182567196070407,-0.025508751579717215
1.0146818061826102,1.0211987398540683,0.07734238799955373,0.0774145605281113
1.0124093162403383,1.0112379527636939,-0.002272489942271916,0.003207142974170697
1.0031665233971585,1.0100526621453652,-0.009242792843179748,-0.0011588520472381805
0.9708800965370576,0.9663161086156818,-0.03228642686010086,-0.014474910913781423
1.0059744913973503,0.976204170436891,0.035094394860292644,0.03199066904941857
0.954775167350842,0.9646563866864266,-0.05119932404650829,-0.05862098342320839
1.051934036173376,1.0613470264360858,0.097158868822534,0.09608235175533428
0.9402526052813182,0.9312799126667098,-0.11168143089205784,-0.12527484124785102
1.015999002723154,1.0009458308774593,0.07574639744183587,0.08499415421941016
1.000641912314261,0.9810976366593618,-0.015357090408893104,-0.02909783196680442
1.020600349253963,1.0453950977162425,0.019958436939702118,0.012580538276327213
1.021850626371372,1.0406345566844883,0.0012502771174089933,0.0125793025158994
1.0217639521300397,1.0128538947029195,-8.66742413323518e-05,-0.0042467765159735675
0.890012134693906,0.872363737780937,-0.13175181743613362,-0.14340189858595842
0.9629939163259646,0.9355636464148144,0.0729817816320586,0.078268458985757
0.9357089500839391,0.9222220416649899,-0.027284966242025588,-0.0239133907108384
1.0053216978488957,1.0407742216620497,0.06961274776495663,0.07412455488759392
0.9380798716682818,0.9620820727706328,-0.06724182618061392,-0.07067728514607739
0.9508291377065442,0.9581947927188827,0.01274926603826243,0.017206707186861653
0.9876250419219744,0.9771690620696071,0.03679590421543022,0.02309787518708889
0.9080591828753247,0.892654250504549,-0.0795658590466497,-0.0739136738070721
1.0469391900299643,1.0479333379141733,0.13888000715463955,0.1535714507833427
1.0358566622002094,1.0223622747879786,-0.011082527829754829,-0.02796408495238343
1.033738132024005,1.013307430760491,-0.0021185301762043363,-0.0015197209545313776
1.0114071507552047,0.999941674926844,-0.0223309812688004,-0.021215825927272537
0.9449562575764424,0.9374037729602351,-0.0664508931787623,-0.06565902213324751
0.9959376435811874,1.0118964095630223,0.050981386004745,0.024124651331364433
1.0103352841673987,0.9856327627562459,0.014397640586211291,0.012665470328839933
1.0294867725006092,1.0121316707540164,0.019151488333210454,0.030906908842738175
0.9745321708894463,1.0308164168266016,-0.054954601611162834,-0.06291637424736062
0.9225335636352814,0.8823140936273548,-0.05199860725416494,-0.05356790330585903
0.9330817389457037,0.9701440710303504,0.010548175310422292,0.01370947223812503
0.9711433275841429,0.9940086907680457,0.038061588638439225,0.0288886419158121
1.0069607684767745,0.9819552847597245,0.03581744089263161,0.030063943953049576
0.878146680655935,0.8989447346550199,-0.12881408782083947,-0.14371592508511957
0.9490175701143313,0.97751239012505,0.07087088945839626,0.08550524501435175
1.0497534061686953,1.045883323126572,0.10073583605436398,0.10454784240086025
0.9998905244366678,0.996318031632303,-0.049862881732027464,-0.0467182518347082
0.8657966722754598,0.8485370692009218,-0.13409385216120806,-0.13361774790997819
1.0207092887163913,1.0013646611028104,0.15491261644093157,0.14112301791190573
0.9887304378587664,0.9740557032747112,-0.031978850857624974,-0.03639655333585129
0.9795112018107631,0.9851004568827079,-0.009219236048003232,-0.0023211000126422427
1.01353840610702,1.023492707281351,0.03402720429625694,0.04016693613989291
0.9846221001067353,0.9916330712706795,-0.02891630600028472,-0.02415936046031225
1.0530798268872785,1.0894593074384928,0.06845772678054318,0.08618293615465554
0.9783436733102691,1.0074060372208988,-0.07473615357700947,-0.07802712303615363
1.027973927150225,1.0426679982836526,0.04963025383995601,0.03639880568643328
1.069000512055053,1.1055945296709817,0.04102658490482791,0.05125626586523927
0.982443790179182,1.0278925553512084,-0.08655672187587093,-0.08749625036973631
1.0776416823764985,1.0906910138537915,0.09519789219731645,0.09216108696341212
1.0403717589285089,1.079495792270527,-0.03726992344798963,-0.04396895913513839
0.9933719224436939,0.9872099255674361,-0.04699983648481498,-0.04242747051530141
1.0255999051327724,1.0675993697927368,0.03222798268907856,0.035063183630380725
0.984741705132274,0.9928592039352608,-0.040858200000498446,-0.03916395560485818
1.035482202223728,1.0547095529015393,0.05074049709145401,0.05827972558368504
0.9865765928871243,1.006853569200568,-0.048905609336603706,-0.054772180490614095
1.0367069376357654,1.0075958483104377,0.05013034474864109,0.05293418046750502
1.0341896214543325,1.0366506312015493,-0.002517316181432916,-0.012646813311264618
0.8867815988922498,0.8650929789618143,-0.14740802256208263,-0.13469327708582915
0.9939488117937818,1.018507716309278,0.10716721290153197,0.1312410358898246
0.9175082043024263,0.9185483665602661,-0.0764406074913555,-0.08386914738786252
0.9438834516344066,0.9628921842487044,0.026375247331980267,0.022740667822486314
0.9719289502183498,0.9623798008117547,0.02804549858394323,0.033208134068282824
1.0027418884143895,0.9943885653059026,0.030812938196039696,0.03247549898657583
0.9916871022632524,1.0138319101871334,-0.011054786151137086,-0.009533756801118785
1.098160996086535,1.1071985465751342,0.10647389382328265,0.10084829535007442
1.0022328305872126,0.9947739224809007,-0.09592816549932248,-0.08288552870928952
0.9702862192461547,0.9483284295429174,-0.03194661134105792,-0.02280668838860801
1.0388404206369741,1.0434393252403333,0.06855420139081947,0.06438909217467491
0.9736429847037127,0.9636723930413187,-0.06519743593326144,-0.06505739997600522
1.0604607640711021,1.0662729683330634,0.08681777936738944,0.07326665841935534
1.1108253159544514,1.0476214772821455,0.05036455188334932,0.0617365189884152
0.9240069282390619,0.9406042701834574,-0.1868183877153895,-0.1779877931843908
1.1331304605789012,1.1082285703202155,0.20912353233983927,0.20805314265556546
1.0410067805808099,1.041103143965057,-0.09212367999809135,-0.09545525204836094
0.9517938950683189,0.9578627498319628,-0.08921288551249096,-0.11323241400717625
1.117404754319828,1.1186570410973604,0.1656108592515091,0.16232362181288398
1.002457337902813,1.0130980892085828,-0.114947416417015,-0.11972708732601473
0.9785492478373993,0.9857076832017897,-0.023908090065413723,-0.022691269678863087
1.053441487579523,1.0469364417447937,0.07489223974212378,0.07280120505854436
1.0067962706004232,1.0627403123962076,-0.046645216979099846,-0.05568408516871457
1.048235765074564,1.0630759184320133,0.04143949447414075,0.061631195352596646
1.0542952680268487,1.0686541154123235,0.0060595029522847454,0.012008986365009154
0.9594426416575054,0.9382935653504534,-0.09485262636934333,-0.0871521889632948
0.9798695756228212,0.9482437092240107,0.020426933965315808,0.024263156649190827
0.9514224324422295,0.9464071092746495,-0.028447143180591716,-0.009892560522955566
0.9861872023342217,0.9384915334070524,0.034764769891992287,0.03304437892439053
1.001876629935226,1.0103422615048725,0.015689427601004224,0.002413585165368588
1.0380696707893426,1.0562715822127473,0.036193040854116676,0.023138915352722143
0.9735381429389323,0.9617461570668953,-0.06453152785041039,-0.05020330483563454
1.0081488130693792,1.018839103587326,0.03461067013044694,0.03934132861535761
1.082877947113768,1.0551964862078904,0.07472913404438875,0.06779013802527534
1.0817878010392827,1.0675015270951718,-0.0010901460744852098,0.002076992434555113
0.9962637093585829,0.9723259634010678,-0.08552409168069985,-0.08661108612775972
0.9549234074138038,0.947793141056553,-0.04134030194477911,-0.03693210241047757
1.045797891913971,1.0405525913617661,0.09087448450016722,0.08848626169646485
0.9776158167961532,0.9936560478553429,-0.06818207511781782,-0.0701710039935677
1.0632097626442574,1.061198512192978,0.0855939458481042,0.10437543260908859
1.0447049464738267,1.0348330533400492,-0.01850481617043065,-0.016562451283970454
0.9973526589588014,1.0093283882205304,-0.04735228751502529,-0.053798087511605724
1.1030768257221961,1.1340726593948192,0.10572416676339469,0.11140805526498165
0.9789047561186621,0.9606696771801697,-0.124172069603534,-0.14467003290758668
1.0956798600082087,1.077776889023428,0.1167751038895466,0.1388367151926306
1.062588590528489,1.0837229468543728,-0.03309126947971963,-0.031019194305818384
1.0602767512529814,1.030659123412184,-0.00231183927550771,0.005511063302986358
1.0036172308101534,1.0179004642173717,-0.05665952044282796,-0.06228941340040498
1.0487867522790943,1.0129946683596034,0.04516952146894093,0.017141956730000345
1.0076035748379681,0.9775680701112676,-0.041183177441126206,-0.024938200430760595
1.0939815020536834,1.1079769003703324,0.08637792721571524,0.09252150024559588
1.0013314826968605,1.0650519884743785,-0.09265001935682293,-0.11126255789372236
0.9820430648206038,0.9628930216715109,-0.01928841787625668,-0.015633936730168323
1.068476714867492,1.0340928200913055,0.0864336500468883,0.09533807160735798
1.0301342575339918,1.0363775085491005,-0.03834245733350028,-0.05439808862103812
0.9883809106678589,1.0117459569783727,-0.04175334686613286,-0.04567971192509157
0.9819803661137622,1.0056350262839064,-0.0064005445540967765,0.0008019186270680099
1.0051129357296726,1.0200782724152844,0.02313256961591048,0.02797096429612842
1.0033308352338535,1.0180924224680359,-0.0017821004958191722,-0.007053128779685152
1.0154120624434104,0.9961867246220771,0.012081227209556955,0.004868800535721268
1.0468306497229547,1.0658853679402602,0.031418587279544274,0.04444547904367701
1.05257030674001,1.051321307110109,0.005739657017055366,-0.0007042355934537984
1.0423793498567058,1.0452415491940932,-0.010190956883304292,-0.011600868266821997
0.9587915844014397,0.95243811630169,-0.08358776545526603,-0.08156665720397276
1.0225856192564458,1.0811225300275997,0.06379403485500601,0.06662157410639298
1.0218235956519723,1.0297800011275786,-0.0007620236044734163,0.0072704412215817485
1.0096855818692752,1.009719063652116,-0.012138013782697188,-0.022254723913160766
1.0514820777185585,1.0733408168177478,0.041796495849283355,0.02954256363690384
0.9887491430826866,1.0052089538047817,-0.06273293463587193,-0.03871338163743965
1.08462502195689,1.1067436652748164,0.09587587887420346,0.08478246355477573
1.1272410170598748,1.1379598945221594,0.04261599510298475,0.04306060400047796
1.0398075961835804,1.0094585567454282,-0.08743342087629435,-0.0776926138859723
1.038157821207919,1.0019749965353082,-0.0016497749756614333,-0.02051306280600615
1.0187646193555147,0.9925408035241586,-0.01939320185240434,-0.014748734694475714
1.0066324498015424,0.9846732457171454,-0.012132169553972227,-0.006104285340002119
1.0164967431555638,0.9972387980886748,0.009864293354021392,0.01772672934716952
1.0277467200261012,1.0291568945902037,0.011249976870537415,0.006365206389506842
1.0365474149667262,1.0380117246404637,0.008800694940624965,0.015346466736791117
1.027743068098074,1.0395808404286628,-0.00880434686865228,-0.02232925180086419
1.041416462250405,1.0325521753921212,0.013673394152331042,-0.009519508438929583
1.0533558772460174,1.0472235087663737,0.011939414995612463,0.00520938817102577
1.0061307593069284,0.9920955051664085,-0.04722511793908901,-0.0507607264424635
1.1410272247787034,1.1594621306146449,0.13489646547177503,0.133091170973063
0.9161628050473776,0.9336975952808004,-0.22486441973132587,-0.2228778070475442
1.1111460378616238,1.1172809131183425,0.19498323281424623,0.21510949776792432
1.0374657667718363,1.0251637345018343,-0.07368027108978747,-0.08222305338800805
0.9996445881303891,1.0252196591968965,-0.037821178641447184,-0.023106857875856184
1.0549722995419335,1.0656141438763094,0.055327711411544356,0.061236038241208636
1.0249870343645018,0.9995856453519611,-0.02998526517743172,-0.03580952252625777
1.0765192510490542,1.098276542428802,0.051532216684552434,0.04182802597325985
1.106380821601546,1.099032695507504,0.029861570552491834,0.026248412296700423
1.0574497286896531,1.0612414035591726,-0.048931092911892904,-0.06376739365429922
1.0416138086547588,1.0471634755131727,-0.015835920034894313,-0.027760993465356806
0.9401719689288702,0.9088406371880917,-0.1014418397258886,-0.0924808555645612
1.041415813114339,1.0646755541763642,0.10124384418546872,0.09342692290223603
0.9629104531168197,0.959014866337147,-0.07850535999751929,-0.06853984413815642
0.9859643588052985,1.0021651621831773,0.02305390568847887,0.018909803995146253
1.0287978620276685,1.0452720662712351,0.042833503222370006,0.03814991429683642
0.9854889370209967,0.9332344695794506,-0.04330892500667183,-0.04441835477209346
1.0317570721968699,1.050945386991353,0.04626813517587314,0.046558929925363826
1.083345847300645,1.1042049812494454,0.05158877510377513,0.06953199482233226
1.0214736485621583,1.013963868734981,-0.061872198738486706,-0.06241788590075271
1.0893873976706738,1.110517695443135,0.06791374910851555,0.05319989229185011
0.9855842350874101,1.019641230474754,-0.10380316258326372,-0.09603495722624208
1.1801023278747227,1.1848170689198816,0.19451809278731258,0.19063425834313547
1.0566609178511652,1.0486771497559344,-0.12344141002355746,-0.11097898329056445
1.053721646276349,1.002428313497505,-0.0029392715748162157,0.007162579953596216
1.0291115919284268,1.041520844044347,-0.024610054347922183,-0.014516029058273183
1.067832800974524,1.0874186158594594,0.038721209046097105,0.029881416997065032
1.0884764905897784,1.0896620663048586,0.020643689615254424,0.020105202289846295
1.0807700657240258,1.0572254089054893,-0.00770642486575257,-0.026181401811255958
1.0179896524284415,1.0415697987521488,-0.06278041329558426,-0.05749119023517752
1.0721673332760466,1.0777143209949211,0.0541776808476051,0.060984120722979415
1.124056559535153,1.1341774865019143,0.051889226259106414,0.06292361367564527
1.081651203607035,1.0869113255552738,-0.042405355928118116,-0.04782277801383413
1.131163634539249,1.1257237163951885,0.049512430932214135,0.06463131271488333
0.9383903734593825,0.9498090468407848,-0.1927732610798666,-0.18697867846051333
1.0468293576536232,1.0492331696573884,0.1084389841942407,0.11136698738635953
1.074281205572935,1.0837031339411174,0.027451847919311767,0.03213586745809552
1.1920216546941633,1.1956763454459052,0.11774044912122839,0.1100837285764741
1.0309152760681255,1.0322929461454282,-0.16110637862603783,-0.15872268295309358
1.0799733393505953,1.0784669240001494,0.049058063282469755,0.053244217050467044
1.0213996627906636,1.0495083947840615,-0.05857367655993162,-0.07366932512060427
1.0186027437242808,0.9772408975088374,-0.002796919066382797,-0.019716284345791896
1.0492528615237442,1.0036329453220245,0.03065011779946336,0.030554752816539275
0.9557343327464268,0.9713281503734484,-0.09351852877731737,-0.09640876350822565
1.1020879916396962,1.1132248623847143,0.14635365889326934,0.15537352766716223
1.1633671591734898,1.1697868393281456,0.06127916753379359,0.053082281926379773
1.0803590012661013,1.0773890617313908,-0.08300815790738847,-0.08012429522219129
1.0022587535940555,1.0153645569043197,-0.07810024767204582,-0.07901282452572517
1.0407824021083516,1.038225327242621,0.03852364851429613,0.043972121953287154
1.0368009730481478,1.0610085781567704,-0.003981429060203823,-0.014161210393355638
1.0441619820509067,1.0241048684465184,0.007361009002758934,0.003302773542657774
1.073535241935169,1.0494261172590496,0.029373259884262204,0.020295730483649042
0.9705480150534054,0.9349320279907267,-0.10298722688176354,-0.09885467924360096
0.963852218895064,0.9662821590099877,-0.006695796158341372,-0.005905970621072187
1.0292949406471479,1.021496600473296,0.06544272175208388,0.06112348187353453
0.9671259725040284,0.9618284345591009,-0.06216896814311945,-0.06193617932806175
1.0565469699121588,1.0756898671033817,0.08942099740813036,0.09391898636093941
1.075603838684664,1.0331278769097472,0.01905686877250523,0.003159994710050504
1.085598570343455,1.0827165185474237,0.009994731658790945,-0.019113533052971605
0.9770796413727787,0.9698278180842923,-0.10851892897067628,-0.09309676523183445
0.942565782013366,0.9293333511592272,-0.034513859359412646,-0.048469566267749675
1.0393172512638782,1.0356664433920273,0.09675146925051215,0.09864887693117909
1.088542249586238,1.0848340058431256,0.049224998322359825,0.05012254039153065
1.0024409110530341,1.0200694077142287,-0.0861013385332039,-0.09838152714990614
1.0925503642842076,1.1042749175171174,0.09010945323117348,0.09066977732261307
1.0108961172666175,1.0307330346948824,-0.08165424701759005,-0.08279258594904376
1.022095658543764,1.0125861778494505,0.011199541277146396,0.021416417254321876
1.0472347455000808,1.060977554780715,0.025139086956316836,0.02798983092486279
1.077921720340294,1.0690012337945585,0.03068697484021321,0.03045609089942163
0.9875514988445757,0.9954320545903764,-0.09037022149571827,-0.10425704936147535
1.0593517208280543,1.075792060982189,0.07180022198347857,0.06570545093646254
1.089075089647822,1.106317871610094,0.02972336881976778,0.0450521225992639
1.0574608949200845,1.0407532788859084,-0.03161419472773752,-0.026798609867963938
1.00999622582088,0.9614386881274517,-0.04746466909920466,-0.04433754355109072
1.0399371050084603,1.0295357316982197,0.02994087918758037,0.03239900364038871
1.0673392774060804,1.0510831037081627,0.027402172397620106,0.04792936654433076
1.0963581028029237,1.0811443257482793,0.029018825396843306,0.02911536985823622
1.0885077112008528,1.1205785810103492,-0.007850391602070905,-0.006750030228165927
1.075768031492935,1.1007604722992768,-0.012739679707917784,-0.008740431033891482
1.1053535573731819,1.0937462173720987,0.029585525880246877,0.0338592237803558
1.0805086982840781,1.1056420557809654,-0.02484485908910372,-0.02713912134286029
0.9609811390518403,0.9453797090125159,-0.11952755923223779,-0.12985159149507572
1.05917784381648,1.0296325086995008,0.09819670476463971,0.11201921837086581
1.044887034007989,1.037472645382622,-0.014290809808491067,-0.018648755738509847
1.083159414647498,1.0784078527974912,0.03827238063950911,0.04745124065284674
1.0391097038897843,1.053861569204533,-0.0440497107577138,-0.05130217899626862
1.0049021164648755,1.0139812186377815,-0.034207587424908814,-0.04149212864859085
1.0589680334556406,1.1087449756567094,0.05406591699076513,0.04342293350531389
1.0409908489187227,1.0144929444987778,-0.01797718453691788,-0.030796071928244677
1.119646367541672,1.131901493690862,0.07865551862294917,0.08836858214554588
0.9199611620980406,0.8973087318272233,-0.19968520544363133,-0.19968188992158542
1.0638443775210962,1.0789449845852481,0.1438832154230556,0.13449232697171548
1.088954284822232,1.0959764138178187,0.025109907301135825,0.02806243634641782
1.0598268733351266,1.045004114723519,-0.029127411487105404,-0.01763103584561333
1.0861756073916222,1.087323055069872,0.026348734056495626,0.030458020630290406
1.086448043899592,1.0864983936756256,0.0002724365079698199,0.014293413679025622
1.10706123685587,1.135970833347065,0.02061319295627806,0.02968183969601263
1.0572084159185424,1.075605670259779,-0.04985282093732768,-0.04800693546844363
1.0872671648495198,1.1168317544978448,0.030058748930977375,0.026227437461640912
1.0513190470268827,1.0436706839422167,-0.03594811782263707,-0.03200166887582779
0.9958442062350196,0.9891268387986137,-0.055474840791863156,-0.04645021248017508
1.0700564638022647,1.0592997758743694,0.07421225756724514,0.09363806025179587
1.0673935275788176,1.0754850020059763,-0.0026629362234471543,-0.0145919661635071
0.9591909284315989,0.9501598097574239,-0.10820259914721864,-0.12026796855470653
1.11179833025495,1.0805728250882907,0.15260740182335097,0.1445619568754727
1.1451863336595753,1.1153660597363049,0.033388003404625444,0.026975640801095064
1.0638771696694973,1.049263449461462,-0.08130916399007804,-0.09642498983037193
1.1023945769147268,1.1252342056015798,0.03851740724522945,0.03929292224678377
1.0357278098238059,1.068559525544742,-0.0666667670909209,-0.06521144916477961
1.0259451601090273,1.0043802338152712,-0.009782649714778602,-0.017407906589429867
1.0518110432345726,1.032532199966981,0.025865883125545386,0.03275356403389145
1.1092798496823884,1.0863566975015313,0.05746880644781571,0.05742858465836092
1.0443019411863637,1.0257159338987172,-0.0649779084960247,-0.06651326771747636
1.0765219626791571,1.062840728322679,0.03222002149279346,0.02971415778819772
1.127937486127111,1.1417490791341456,0.05141552344795386,0.051914397437693854
1.0876775253649118,1.1005162756510267,-0.040259960762199176,-0.0489349019943177
1.0864401007356483,1.0744629975515596,-0.0012374246292634616,0.0014117063580279293
1.0470280897046649,1.0372176183111457,-0.03941201103098346,-0.029737998721163984
1.101997941834207,1.1213212176722014,0.054969852129542085,0.07403218933265648
0.9705264161087985,0.9425330720598853,-0.13147152572540843,-0.13066162355291622
1.1011298086528818,1.1316932604263914,0.13060339254408326,0.12708743494081848
0.9722291122322504,0.9670609659982554,-0.1289006964206314,-0.14308400391470869
1.0241013751072452,1.031869028452999,0.0518722628749948,0.05193863417048517
1.0046754049343414,1.0064321977900423,-0.019425970172903817,-0.03062352535128162
1.0927692986473965,1.088065524923377,0.0880938937130551,0.08839789065893391
1.0554172807643118,1.044689000699158,-0.03735201788308462,-0.03370127754646328
1.1153027720808844,1.1446316395085243,0.0598854913165725,0.050828831862024165
1.1293547171158793,1.1089153127344336,0.014051945034994962,0.016784376941859677
1.1068829473884327,1.105693845554469,-0.022471769727446578,-0.026622428465277695
1.0858930002909724,1.0853856995055338,-0.020989947097460382,-0.03431132790129503
1.1151082738318772,1.1245314180334818,0.029215273540904807,0.03880539798774986
1.1174059019138682,1.1081931743563154,0.0022976280819910766,-0.01031009754015915
1.0581772730964336,1.10675419856036,-0.059228628817434625,-0.05190749707325036
1.058400967279217,1.0682562134978701,0.00022369418278334052,-0.009842480838850132
0.9958386776920921,1.0121085128586915,-0.06256228958712484,-0.061315125508108616
1.0996752756495438,1.096801095528015,0.1038365979574517,0.10441302514844732
1.100858042572486,1.1257678684835,0.00118276692294228,-0.013151165289774194
1.0826290512535253,1.0818447192251026,-0.01822899131896083,-0.0040579529360990785
1.1069699143778131,1.1082842653036171,0.024340863124287848,0.026793325145796184
1.1412317387707431,1.1525896637954183,0.03426182439293002,0.024630896778880973
1.0428850225623163,1.0297229555003258,-0.09834671620842683,-0.09479264513830146
1.0913340613005331,1.1066843180629187,0.04844903873821682,0.04081861425529485
1.121769142548611,1.154832790071566,0.03043508124807781,0.027348596782348706
1.1160492165695104,1.1359509292483092,-0.0057199259791005375,-0.004360860638223372
1.1348010831878976,1.1032114599481397,0.018751866618387236,0.020814654213916654
1.1142580665278636,1.120273511530693,-0.020543016660033997,-0.022236385441001514
1.2120460431165003,1.1988198557495628,0.0977879765886367,0.10568939896633427
1.1213345754462771,1.1095129038644729,-0.0907114676702232,-0.08984947041382284
1.008150756048149,1.0447360359089664,-0.11318381939812805,-0.10702893847668432
1.0905690590323314,1.105311447316771,0.08241830298418229,0.0795203770570516
1.0948676213144957,1.0797570440494897,0.004298562282164298,0.0046883027380822395
1.0306185115345037,1.0336522755572137,-0.06424910977999199,-0.07656300458434986
1.0748337416639373,1.0928818163902907,0.044215230129433625,0.048310039470045724
1.085556435795359,1.1254850689558948,0.010722694131421795,0.016948901592833486
1.1416775708376206,1.1506032964140074,0.05612113504226146,0.05842027444694014
1.0517827421648331,1.0444676906537345,-0.08989482867278742,-0.11491574477763974
1.0314055212376325,1.0248811759581415,-0.020377220927200623,-0.020057812966580223
1.1381221746068493,1.131530663592297,0.10671665336921676,0.105535843392666
1.1229914994234278,1.076331845133251,-0.015130675183421483,-0.0038554620188658763
1.0700740332445509,1.094217181899007,-0.05291746617887694,-0.06693522382521877
1.118529276584323,1.1435201445511014,0.04845524333977225,0.03964889135004596
1.1286404405612547,1.113960513623827,0.01011116397693157,0.02412387040267848
1.050531618293527,1.0535568335568808,-0.07810882226772775,-0.092236065416613
1.0566232681912466,1.0568215119445148,0.006091649897719709,0.007543863449068613
1.103970165960563,1.1411854909944819,0.04734689776931633,0.05316260579884831
1.1147030732766858,1.1162522203051086,0.010732907316122864,0.007786039025792803
1.125741669114032,1.1247877830701687,0.011038595837346232,0.01833208601564861
1.0688153258239714,1.0815387378532102,-0.05692634329006063,-0.053294608691948825
1.0613429131195915,1.0492772071721204,-0.007472412704379927,-0.003123428146988805
1.1268243889719145,1.1367780928004618,0.065481475852323,0.061170503141101146
1.0266384167887446,1.0748056075553571,-0.10018597218316994,-0.11253078963960171
1.088787250520134,1.091096923224173,0.06214883373138935,0.06361918371338336
1.1040172151878016,1.1197211792728263,0.015229964667667684,0.01450644251306377
1.1055230599010966,1.127168774602141,0.001505844713294957,-0.0030651260073250204
1.1059201814508344,1.106066608275102,0.0003971215497378111,0.00989964425904628
1.0175474097052877,1.0137736928904895,-0.0883727717455467,-0.08292391700565833
1.086346934144882,1.0711205136998962,0.06879952443959425,0.07408218020387841
1.0830017064667965,1.068207820682489,-0.0033452276780854273,0.024307412948753243
1.0752852428252107,1.0916457517156555,-0.007716463641585847,-0.009706864746613749
1.1620724467332941,1.2000650189393727,0.08678720390808348,0.07048464955470495
1.1227719643899174,1.0996680516972337,-0.039300482343376686,-0.030823747241105162
1.118384634723974,1.1053199452061755,-0.004387329665943351,-0.00173893920392097
1.076430068826142,1.0641470614203346,-0.0419545658978322,-0.025874651082307194
1.049243813714366,1.0447073829320668,-0.02718625511177586,-0.03636474610491386
1.094344728598994,1.1075844939150439,0.045100914884627974,0.049977572727144
1.1005543325869727,1.1284165438774818,0.006209603987978651,0.013011324257837995
1.1119520628349218,1.0946092229521323,0.0113977302479491,0.007768399796533845
1.0985755731343827,1.1018969133132148,-0.013376489700539063,-0.0033694772649118954
1.0033841930646816,0.9992395792230476,-0.09519138006970107,-0.09294330318258742
1.0225225975095664,0.9959222988545483,0.019138404444884793,0.03236974675524393
1.203869816697844,1.2158910852869687,0.18134721918827768,0.1840279370498901
1.180194953148826,1.1724312281714346,-0.023674863549018044,-0.01467018489928711
1.1309873250262683,1.150960026421857,-0.049207628122557745,-0.06522259376269096
1.0665619304789349,1.067191608667044,-0.06442539454733343,-0.08963518845474829
1.1510401302074578,1.1405426683154658,0.08447819972852288,0.08222488663962915
1.0403655513195813,1.0642305226918582,-0.11067457888787646,-0.11062228090644433
1.0575006164750447,1.057735690341588,0.01713506515546337,0.008615761143889688
1.1362103830152925,1.1111625100258289,0.07870976654024786,0.09012411807627456
1.1768777831054364,1.178456016505802,0.04066740009014391,0.037445101628166104
1.1850135449417167,1.1961593427904038,0.008135761836280286,0.00703297000966833
1.0536363961583461,1.0055330846295805,-0.1313771487833706,-0.1392527839079003
1.0819155924545936,1.1094009467444315,0.028279196296247422,0.0185021581840161
1.0965753038249133,1.0832405098775022,0.014659711370319739,-0.001270780241300857
1.1241462683681727,1.1228492440436442,0.027570964543259358,0.010766927216968442
1.064713095488915,1.039646616031794,-0.059433172879257645,-0.0678682361643925
1.1105828015435784,1.0906474049368486,0.04586970605466334,0.041242067396186716
1.0544726501873398,1.056863117627558,-0.056110151356238536,-0.03193483782801165
1.1333978298434164,1.1476262432826847,0.0789251796560766,0.06861078376599437
1.0993350845902952,1.1132771243127504,-0.03406274525312125,-0.04313178510180557
1.0988084061883785,1.1026388228006916,-0.0005266784019166693,-0.004450925083691263
1.086795568161824,1.0971988078639643,-0.012012838026554506,-0.016398247239435657
1.1629753737285655,1.148013138458313,0.07617980556674153,0.06741778807997638
1.0786866890237459,1.0813546379107921,-0.08428868470481965,-0.10271370924871953
1.1149543160803732,1.1216561146331667,0.03626762705662734,0.024722735274864405
1.0760875596176802,1.0836950346432233,-0.038866756462693,-0.01708734010771709
1.0852949160533796,1.0669508118394067,0.009207356435699365,0.01822606325783472
1.121891351007889,1.1196523766497344,0.03659643495450937,0.03794541125379464
1.1759695380787711,1.205164426930643,0.05407818707088219,0.05604620426844916
1.1587507313363676,1.1722829299961404,-0.017218806742403503,0.005258226024099585
1.1332214849544948,1.1130163902210126,-0.025529246381872817,-0.013887322081885232
1.2392437272719183,1.2257916966194566,0.10602224231742352,0.11911527644796821
1.1020848564211303,1.1423368753629546,-0.13715887085078804,-0.14036197761248675
1.1147860992520335,1.0996125988328458,0.012701242830903237,-0.0014449267956260295
1.1749616179932705,1.1694777483176118,0.060175518741236944,0.053428021603964336
1.1356065994548752,1.1195228586448636,-0.03935501853839529,-0.03862422961119298
1.124097732803616,1.0938016644287976,-0.011508866651259275,-0.003443457415140348
1.0442172803564411,1.0263609857176148,-0.07988045244717479,-0.06638402165123472
1.1389340999433764,1.0964174576895822,0.09471681958693523,0.07777099528256738
1.1119698389471115,1.1306744131280109,-0.02696426099626481,-0.019789801518439645
1.0679847212911535,1.0426767941569768,-0.04398511765595803,-0.04873393683109997
1.1175844732198499,1.1405003365643998,0.04959975192869637,0.06709811550872775
1.0957005800692887,1.0658700173473556,-0.021883893150561162,-0.013913177717816552
1.0645922163654413,1.040950869552119,-0.031108363703847397,-0.0356313411532659
1.1430394923067215,1.1438432213424623,0.0784472759412802,0.09140158848178158
1.1216742260248054,1.1270539156959647,-0.02136526628191615,-0.04254538665982045
1.1417548731490559,1.1473667053525143,0.020080647124250506,0.005573050599653101
1.050385853336235,1.0221474744674302,-0.09136901981282097,-0.10939212030046612
1.1247221304794168,1.109029226642711,0.07433627714318192,0.07267834436127361
1.1003565410215743,1.1218531927187798,-0.024365589457842507,-0.017824645660565165
1.0290797188371652,1.046495570145454,-0.07127682218440912,-0.05904201508800096
1.1463156422019816,1.113950245064123,0.11723592336481636,0.10704862306478062
0.9990903366332872,1.0147924186348187,-0.1472253055686944,-0.15340637176615582
1.108067724794632,1.0747872725031462,0.10897738816134483,0.10160265881682301
1.0744387125557393,1.0694977332498057,-0.0336290122388927,-0.028669868763965323
1.0712696950044889,1.062200848195473,-0.0031690175512504304,-0.00987933874297655
1.125701963125241,1.0931814229909917,0.05443226812075208,0.038934277775228725
1.164792724212863,1.1730603878840038,0.039090761087622106,0.04553653067831512
1.1681117821055953,1.1522553876560453,0.0033190578927322356,-0.012857709889135698
1.1368397489516748,1.1237413051558247,-0.031272033153920464,-0.02464720756943285
1.094227510923621,1.1126103080320782,-0.042612238028053806,-0.038466434232196124
1.2250922135143714,1.2400515785862627,0.13086470259075034,0.14488694748458833
1.1418879411638614,1.163957756441154,-0.08320427235050998,-0.10013868763707509
1.1371732050398713,1.1075105063422424,-0.004714736123990093,0.007289385820878172
1.1166759842189422,1.1403023725929502,-0.020497220820929085,-0.02644103460698866
1.0981384982238804,1.1227769254998985,-0.018537485995061775,-0.002843320179750662
1.1661654733832647,1.156756290980206,0.06802697515938427,0.07354891203079135
1.1492149820189745,1.1723316503094843,-0.016950491364290166,-0.015481867255916252
1.1445315356222494,1.1522446858707514,-0.004683446396725133,0.003442438789983425
1.1112251934116006,1.1067219511480257,-0.033306342210648765,-0.01930759256949886
1.1461719180353256,1.1581464911436326,0.034946724623724945,0.028526402194070054
1.1183007456067031,1.1367429220258616,-0.02787117242862247,-0.027262251996565772
1.0886694853029877,1.1030036198495197,-0.029631260303715434,-0.0405184686224218
1.0909178721620005,1.1090921264822458,0.002248386859012852,0.006465503664188481
1.1165921380867365,1.1272216661207581,0.025674265924735984,0.03818946206259173
1.1985287576734778,1.1625845440050946,0.08193661958674126,0.0718304788000474
1.1235991117890833,1.1058231606179287,-0.07492964588439444,-0.09084654915592807
1.167150823857575,1.1683725016435784,0.04355171206849162,0.034838208652923155
1.1434771568320585,1.164366165564355,-0.02367366702551643,-0.01954518454253544
1.1950603290668877,1.1808786125941733,0.05158317223482922,0.042169953810005344
1.1974159995345923,1.1831782531994213,0.0023556704677045737,-0.0016595142142357402
1.058598678248228,1.0679376784364505,-0.13881732128636437,-0.13233211816515628
1.0278836226978356,1.0350746555311143,-0.030715055550392334,-0.02741577290860978
1.1616883499525321,1.1425594211206245,0.1338047272546965,0.12489946153578595
1.0803083701167848,1.0706399647479938,-0.0813799798357473,-0.07152090601053113
1.1412264063126174,1.1470236383502068,0.06091803619583258,0.058564675276007484
1.107255054568215,1.1441469673002633,-0.03397135174440247,-0.012442280058686344
1.0832418913733473,1.0920459488409018,-0.02401316319486768,-0.014529032954409188
1.131243428177037,1.141284826112784,0.04800153680368968,0.06287774712125913
1.096642207054157,1.0826776884855849,-0.03460122112287989,-0.03687132394135086
1.1202761756640296,1.1215713768052167,0.023633968609872547,0.016100033000586635
1.1068002000447843,1.129565936344485,-0.013475975619245295,-0.0007980727732690412
1.1362115616332713,1.159890957580364,0.029411361588487006,0.0179847464219254
1.1096118389926277,1.1048497036234217,-0.026599722640643586,-3.731665993852648e-05
1.0288478382641524,1.029145619678124,-0.08076400072847534,-0.08488349172118749
1.1508907539328983,1.1340577402180816,0.12204291566874592,0.11568020259646858
1.2138423578400916,1.2121368232717071,0.06295160390719334,0.060300088415304896
1.1694297328980723,1.1773577275294127,-0.04441262494201936,-0.0413339602214917
1.120463761172493,1.0925529611066116,-0.04896597172557926,-0.049726131172045294
1.1848501961855167,1.207783097960365,0.06438643501302366,0.054183287437632184
1.2713659586525523,1.2984285522484842,0.08651576246703563,0.08389486819430744
1.0522943047643205,1.063700799110075,-0.2190716538882318,-0.21832378728792246
1.107492340684784,1.0796521186179031,0.05519803592046357,0.04822421266910865
1.188865990954707,1.2138526612867044,0.08137365026992294,0.05930685002351374
1.1413570523271221,1.1425769135352473,-0.047508938627584874,-0.04729328923652395
1.0736780631256189,1.084557804106146,-0.06767898920150328,-0.0471781318934425
1.0387939693862414,1.0280648465163575,-0.03488409373937751,-0.04763737041964315
1.193019534339426,1.2001898070336594,0.15422556495318474,0.15550589496230102
1.1523181929956465,1.138660858622266,-0.04070134134377956,-0.061892774591104135
1.1580876988688245,1.176945720613805,0.005769505873177927,-0.0010285355330704972
1.2075648371793042,1.221158597567138,0.04947713831047973,0.04357431785119063
1.1683418491063644,1.1739087152945784,-0.03922298807293978,-0.03410822030146855
1.140863026711326,1.1308843582082653,-0.027478822395038405,-0.028491869142533315
1.0598402009671397,1.090705740015141,-0.08102282574418629,-0.08764906082426242
1.1988423848380354,1.1833445558592237,0.1390021838708957,0.16736351544906425
1.1590946887653515,1.1599698684148882,-0.039747696072683913,-0.04000781339904812
1.1143148558538731,1.1486731878915337,-0.04477983291147836,-0.04124943455890427
1.145638848588799,1.148871559326002,0.03132399273492581,0.019336182004520017
1.042957392057121,1.066936208030887,-0.10268145653167804,-0.0858340269868407
1.148761180718452,1.1257831915198615,0.105803788661331,0.10426793903195629
1.1094922672179826,1.118375275188803,-0.03926891350046935,-0.039100937954879456
1.1951248379783044,1.196810441725609,0.08563257076032182,0.08094997104368128
1.2200229266786409,1.207289375464959,0.024898088700336496,0.031155167598715835
1.1690522002388002,1.2125348303819374,-0.050970726439840686,-0.028436885855826297
1.2421982186804565,1.2281601774362514,0.07314601844165636,0.07154046671057779
1.1678679656003315,1.163861007956567,-0.07433025308012509,-0.07423126025998181
1.1211121590467152,1.1020857330617428,-0.04675580655361622,-0.06393429730329668
1.2368535248506587,1.203050251765787,0.11574136580394345,0.10540097913429033
1.1246259159914,1.0887923969893563,-0.11222760885925864,-0.11054892456183292
1.2719628105953755,1.2915409866972216,0.14733689460397548,0.15470773432206517
1.209109478394863,1.2271459488980512,-0.06285333220051248,-0.05383136224871661
1.0898133934610204,1.095475786314878,-0.1192960849338427,-0.11843041977803508
1.0817549989751412,1.0799687761243721,-0.008058394485879194,-0.01963891858541763
1.1456454478763873,1.1617923683120635,0.06389044890124618,0.054278799838627115
1.1826885678108137,1.1890652858392614,0.03704311993442633,0.02545728381955613
1.137778019445067,1.1253486938415846,-0.044910548365746594,-0.0515816841350597
1.076189991898231,1.0767219961989525,-0.06158802754683612,-0.06617671045787483
1.1182805940870215,1.1345036329955196,0.04209060218879057,0.04013339071605695
1.113807695729413,1.129664834046206,-0.004472898357608557,-0.004738875378133695
1.0802977939916674,1.0992039027080585,-0.033509901737745595,-0.02627239092697898
1.185294698970023,1.1888396585372458,0.10499690497835568,0.12617205251675417
1.1648931244077443,1.1503170202668302,-0.020401574562278757,-0.0005280471222081536
1.1192141373549749,1.107185070275445,-0.045678987052769404,-0.060388327977805925
1.1943361083401982,1.1708591082649429,0.07512197098522333,0.09758447017542057
1.2271771530024533,1.2501240993950515,0.032841044662255126,0.03249613957875715
1.0995419100985164,1.08304081114381,-0.1276352429039369,-0.10121787476152687
1.1768929839925555,1.1797808521823856,0.07735107389403906,0.07130468319746647
1.123216609922271,1.1080930044643167,-0.05367637407028458,-0.0653624566472102
1.138560681560221,1.1479040410774233,0.01534407163795004,0.012824465292743491
1.1771428963383852,1.1913145750826513,0.03858221477816426,0.028863312905299747
1.0524384880839446,1.0417557617314241,-0.12470440825444062,-0.1283871195092922
1.1493094027678763,1.124579860356754,0.09687091468393172,0.1049911740191889
1.0952818143226777,1.0807896507638606,-0.054027588445198615,-0.06111567763475599
1.1399910800913318,1.1439513846278486,0.04470926576865408,0.05834449265848754
1.2131818183793934,1.1824755614552576,0.07319073828806166,0.07671567022045783
1.1740105684020867,1.1723375100128484,-0.0391712499773067,-0.03732814596102355
1.166524764975028,1.1387803824219056,-0.007485803427058624,-0.020447566505372695
1.1879722109062785,1.2004905347875972,0.021447445931250364,0.02310521955019022
1.1383110867165935,1.1651356318248234,-0.049661124189684935,-0.02767557732744156
1.1146775200568837,1.1187913205966507,-0.023633566659709837,-0.04490070191230566
1.0543013776977472,1.0600784840381952,-0.060376142359136464,-0.04591330906739939
1.1278690990303486,1.1501103962402257,0.07356772133260137,0.06786878372689001
1.104043484445042,1.1062207650844944,-0.02382561458530663,-0.030329257305806382
1.108859312512339,1.0741382285051924,0.004815828067296968,-0.013209533695822225
1.2650843765614366,1.2758344761832536,0.15622506404909764,0.1636154310640548
1.23568301653696,1.2370818437311866,-0.029401360024476464,-0.014916233938313641
1.146942178970349,1.13101536184947,-0.08874083756661122,-0.0968955730670225
1.218854137950937,1.2149224033756574,0.07191195898058811,0.06921440976062025
1.1675058452895983,1.1187002192051845,-0.05134829266133867,-0.035187061389895545
1.1468040339410734,1.1452359405945443,-0.02070181134852489,-0.032989877931502716
1.1616966968272437,1.182772805507427,0.014892662886170305,-0.0013818587588139593
1.1823500162854734,1.1826254762277635,0.02065331945822968,0.02876947268975611
1.042391564212049,1.0536729046141353,-0.1399584520734245,-0.14936248281130615
1.1182383551752169,1.0925504916541946,0.07584679096316793,0.07678860823168475
1.1100465840686164,1.1210648659549696,-0.00819177110660041,-0.012867335028707516
1.1398856713191723,1.101755697531862,0.02983908725055584,0.03498000388848189
1.1566644879785197,1.1575498927385737,0.01677881665934744,0.014182023733684858
1.2211674503124959,1.2013986491955067,0.06450296233397612,0.06704174049979375
1.1870377497435165,1.1920427077441336,-0.03412970056897935,-0.02817668038408827
1.1819385130176652,1.2167164125654086,-0.0050992367258513305,-0.008602963621340436
1.247063118665885,1.2180146243704895,0.06512460564821976,0.05744083900356857
1.2088381514864335,1.2226954341808707,-0.03822496717945145,-0.04267333606596008
1.1902839753628829,1.2193958484966116,-0.018554176123550592,-0.01069536294044803
1.1171761835601015,1.118196285466192,-0.07310779180278137,-0.0678185118763543
1.1678300944378024,1.194872715012466,0.05065391087770088,0.047117814755093204
1.1176764767297123,1.1125364675509921,-0.050153617708090126,-0.034004532023838636
1.143895264922766,1.1708622996941451,0.026218788193053788,0.03475956964147091
1.1608615606598993,1.174372509458995,0.016966295737133263,0.026406683324006707
1.1241779334371813,1.149672008621545,-0.03668362722271801,-0.031899028301815305
1.2671474258401487,1.2727884705481514,0.1429694924029674,0.14943874782694638
1.215119541294433,1.20391583078605,-0.05202788454571583,-0.022223202114758433
1.160038346227667,1.1750697044940908,-0.05508119506676579,-0.050607122996736795
1.0901431931641004,1.093282484387625,-0.06989515306356675,-0.06921180997523191
1.1783229865239682,1.1477098118101141,0.08817979335986781,0.0890670003153236
1.124825744134265,1.1216689589674882,-0.053497242389703104,-0.05895662314420429
1.1923993435703808,1.196579330698216,0.06757359943611574,0.08646651561496466
1.1573800457305976,1.187690894540862,-0.03501929783978319,-0.04252758041708098
1.2167138855000583,1.2224724481655396,0.05933383976946072,0.05074535359552143
1.1514996069767016,1.1483713418153587,-0.0652142785233567,-0.08180470021638545
1.1368492807882433,1.1710228677088235,-0.014650326188458296,-0.019035025091530957
1.1966473687340367,1.212156592002767,0.05979808794579333,0.06302038431128766
1.1571936475934042,1.1862964913848144,-0.0394537211406325,-0.033263903233545285
1.1110669513810745,1.1252288829518982,-0.046126696212329676,-0.04599819013146471
1.1757432311777662,1.1820166722155139,0.06467627979669177,0.07814150183504552
1.193596578921668,1.1761182238448593,0.017853347743901793,0.006052745811010434
1.1674712897781345,1.1687461454937613,-0.026125289143533514,-0.016397567174678107
1.0601216687768669,1.033557734806809,-0.10734962100126766,-0.10567057822877683
1.2511868024112107,1.279781315166259,0.19106513363434385,0.2087288269332841
1.1889757728910624,1.187988360341054,-0.06221102952014834,-0.053661468415637945
1.2592748501123299,1.2685157574903378,0.07029907722126749,0.06029170329529411
1.1616248303550862,1.1833665574307681,-0.09765001975724363,-0.09302638829477915
1.1230424526602236,1.0900811142310918,-0.03858237769486261,-0.06431053174900775
1.1467809113422678,1.139212234171307,0.02373845868204416,0.009660171511646679
1.2075565465014528,1.1823962421650387,0.06077563515918505,0.060849069022114545
1.14883252136194,1.1363345695993494,-0.058724025139512914,-0.06995605704600108
1.1767585424687566,1.1862554128500549,0.027926021106816634,0.039959514469620316
1.094570412400758,1.0477193512685012,-0.08218813006799852,-0.08582669742857733
1.2241403055035083,1.2326360175321351,0.12956989310275024,0.13617151569960156
1.2559733312038865,1.2902302805123407,0.03183302570037827,0.029573474754463966
1.2140929720869078,1.2223788485810922,-0.04188035911697874,-0.029431899140673935
1.237386885160839,1.227072332088565,0.02329391307393114,0.03884639707811202
1.1092898053606135,1.1247615045922426,-0.12809707980022544,-0.11964467453265941
1.1084029630778154,1.1030467843611282,-0.000886842282798117,-0.010891134449360754
1.280590648460786,1.251323355145084,0.1721876853829707,0.17074159346458928
1.2150224475502893,1.2241722729272748,-0.06556820091049675,-0.06986764130924879
1.2185141396874464,1.2146265085003753,0.003491692137157054,-0.0038842904555030245
1.1268562374698192,1.1265299853346882,-0.09165790221762715,-0.1048257290452039
1.1384892589583788,1.1336604652875677,0.011633021488559603,0.01387292164894127
1.2400339363385025,1.256925082683202,0.10154467738012363,0.10927603299521418
1.1554540267045075,1.1613011807020266,-0.08457990963399498,-0.08208619877483904
1.18087503562924,1.1816783959641521,0.025421008924732424,0.01858650541922795
1.1342237136741562,1.140408747648778,-0.0466513219550837,-0.056488506248371706
1.1582617131323967,1.1575070900110944,0.024037999458240478,-2.254674140062668e-05
1.1277748492467439,1.1275223112775274,-0.030486863885652804,-0.018024952666321932
1.147652215335324,1.1475997826468136,0.01987736608858004,0.01722951036774682
1.1631867841898615,1.1700904064328934,0.015534568854537634,0.01880910223736807
1.1831986339661973,1.179434780843691,0.020011849776335744,0.01692462231452061
1.184244421878771,1.1855368946814115,0.0010457879125738145,0.007541962019554084
1.1882889218196113,1.1810871260884803,0.004044499940840218,0.0013935671912521483
1.2822591936305099,1.2676543334798993,0.09397027181089856,0.09402371552483287
1.2337613901961029,1.2596473142827431,-0.048497803434407016,-0.0400219485005726
1.1455438036316838,1.1203135691547625,-0.08821758656441903,-0.08690760139233644
1.1953052829724689,1.2323184975901853,0.04976147934078501,0.05426713991374681
1.1317600491015922,1.1154620338912185,-0.06354523387087663,-0.06584553049637734
1.156675201954517,1.1689235623950842,0.024915152852924782,0.027035404267805534
1.2106710978502782,1.2379449313306858,0.05399589589576115,0.06918585598618919
1.1905236575838871,1.2153620751641676,-0.020147440266391037,-0.029128811183648975
1.1522757378879966,1.1522283060797203,-0.038247919695890475,-0.03655366636607887
1.1976121330976277,1.2221699052095036,0.045336395209631064,0.055560772362137245
1.1895705813869117,1.2147404150383143,-0.008041551710715966,-0.012454230945536687
1.1902794015311273,1.2024588195423023,0.0007088201442155828,0.0016584119320975288
1.173614151753073,1.1311378360081026,-0.016665249778054392,-0.006752960054121173
1.1565467989011247,1.1284788153434038,-0.01706735285194827,-0.022140651811602942
1.1596162204913647,1.1756122094477879,0.00306942159024004,-0.008097282279772387
1.133746464475744,1.1101033966740899,-0.025869756015620693,-0.031126790664917726
1.1494680700772208,1.154898305315806,0.01572160560147684,0.031486487157885434
1.1131285725878544,1.1175101381068393,-0.03633949748936649,-0.03945112796305972
1.2262588196918436,1.2257116533965644,0.11313024710398922,0.114065855571487
1.195414682431223,1.2482350116667928,-0.03084413726062052,-0.040209272845694186
1.1823135583258253,1.1938674724840617,-0.013101124105397766,-0.007602722450672412
1.167853590037038,1.1891170980669379,-0.014459968288787373,-0.02623919208816025
1.2109374149328764,1.2051702964858741,0.04308382489583851,0.02607898665066376
1.197405407256437,1.2143008758701879,-0.013532007676439362,-0.011972806247578816
1.199553509257276,1.2311797282190537,0.002148102000838925,0.01555843066504586
1.2169611235551987,1.1994521612457443,0.017407614297922702,0.018091380718343632
1.3127276801281489,1.291962687030971,0.09576655657295019,0.08521678710932168
1.23044607402795,1.2531668201764166,-0.08228160610019897,-0.07395285324526266
1.204685549422536,1.2039911223010327,-0.025760524605414004,-0.027357448537000312
1.1603078324797433,1.158978251524178,-0.04437771694279258,-0.03143791762270385
1.2597419582546023,1.2760330529499517,0.099434125774859,0.1144704988408882
1.2616607601693186,1.2464907752396037,0.0019188019147162727,-0.009480740184514726
1.1605350282827838,1.1719738678455613,-0.10112573188653484,-0.09900526387065352
1.1459500435062036,1.1459872002323988,-0.014584984776580212,-0.025915602890897074
1.19429867447224,1.1967247987110325,0.048348630966036366,0.04652787980886748
1.4033933328143648,1.3694220081058206,0.20909465834212493,0.22212465187031086
1.3036349293456115,1.2994397991733138,-0.09975840346875331,-0.12111585531603716
1.1316874437058109,1.0858529646036184,-0.17194748563980067,-0.16873303989996064
1.1921684010109563,1.2139866299547308,0.060480957305145466,0.05702589827078099
1.2161410960966896,1.1961954437718845,0.023972695085733298,0.02744303397783533
1.1819310762089394,1.1719811530951065,-0.03421001988775019,-0.02023041767627906
1.1777573849637306,1.2349613634801813,-0.004173691245208833,-0.024550449487475194
1.209370929453007,1.219497998512115,0.031613544489276446,0.021169173007249187
1.265540737380037,1.2813064890098165,0.05616980792702986,0.060078464165947455
1.247676172749868,1.2336906154762162,-0.017864564630168944,0.00440072490060894
1.2595359715267707,1.2700168932040015,0.011859798776902686,0.004111902949759868
1.163973808283361,1.1744906007502003,-0.0955621632434096,-0.10729378361360664
1.1949111937865617,1.1851036768781646,0.030937385503200687,0.046349694542210024
1.167452324387458,1.1534581574867264,-0.027458869399103802,-0.019451369723776757
1.1282128605643578,1.1122157774675236,-0.039239463823100174,-0.03885548180546526
1.1423406772215106,1.1429808446349836,0.014127816657152792,0.022540217370845522
1.1984195404585336,1.18448860878398,0.05607886323702305,0.07094004711666899
1.13260713881608,1.1331082596927056,-0.0658124016424535,-0.07102677830266194
1.1795694560318906,1.1777675478540859,0.046962317215810456,0.040991416438914074
1.2297603112513298,1.2652375758394734,0.05019085521943922,0.04212824327497402
1.1980517855788568,1.1973697570615836,-0.031708525672472954,-0.024395156533238094
1.2453756640586273,1.2514534937433812,0.04732387847977049,0.03859871009977116
1.2260355854464438,1.2161247620853655,-0.019340078612183564,-0.015487353647397787
1.2602910224607529,1.2650058339532957,0.03425543701430911,0.032732852707278326
1.2031285988801939,1.18392719174555,-0.05716242358055901,-0.050993814448823116
1.19792165968011,1.2091751908232364,-0.005206939200083749,-0.011613705578072904
1.1820928723508244,1.1679964852796287,-0.01582878732928572,-0.012525374699215509
1.1800049673974433,1.2081622266384502,-0.00208790495338107,-0.017521747768838386
1.1963381866415908,1.1690412607755902,0.016333219244147434,0.0305053818780753
1.2183004722292736,1.2136961654004663,0.021962285587682873,0.03501921687696325
1.2622139856323003,1.2874187985686545,0.04391351340302663,0.03836881500248962
1.2244888232946844,1.2376466555253034,-0.0377251623376158,-0.03800304038184515
1.2259699432601876,1.245684488050848,0.0014811199655031526,0.005349422933250946
1.2103889005468034,1.2152906977543776,-0.01558104271338423,-0.014454043848606523
1.2134279100961602,1.2068298840768557,0.0030390095493568747,0.02157586412857309
1.1171910604622572,1.1102278480210055,-0.096236849633903,-0.08924064078146968
1.2487305960648565,1.250632184004137,0.13153953560259923,0.12500429324517273
1.1477802512394693,1.155006580814186,-0.10095034482538723,-0.08674948193325185
1.1270089458079031,1.1324226492167702,-0.020771305431566134,-0.017692154153041408
1.179883192410197,1.1639491282239116,0.052874246602293784,0.07911686989935432
1.2180476107789708,1.2228409815905517,0.038164418368773934,0.04839763713413944
1.1618078097656275,1.14988465344834,-0.05623980101334336,-0.05965874590683964
1.2123106950562466,1.1984179742363237,0.05050288529061908,0.05274609231067148
1.271545242904228,1.2705127604286377,0.059234547847981434,0.04934532704716645
1.2529940232363277,1.2939064827131521,-0.0185512196679003,-0.011514547159472562
1.2549226229540453,1.2695503684231382,0.0019285997177176384,0.002557721803217584
1.2546406477571996,1.2503663439115795,-0.0002819751968456963,0.0008185790230710783
1.199492557800174,1.2030191579448652,-0.05514808995702558,-0.0664026577481257
1.226981570189177,1.2212865958197612,0.02748901238900303,0.043497805282039045
1.1681733797231488,1.1767239849381963,-0.058808190466028254,-0.06548727044218111
1.2009410932390023,1.2137788101006903,0.0327677135158535,0.034174459367856284
1.2395148579496085,1.2332241266535762,0.03857376471060614,0.03753483516220602
1.1696207942725547,1.1627081713642236,-0.06989406367705375,-0.0682801040996448
1.2321895723529677,1.2303442501727273,0.06256877808041295,0.07347338158682785
1.2682510805449876,1.2542578982288652,0.03606150819201992,0.04415011497967568
1.1932737600806613,1.1991165943769504,-0.07497732046432626,-0.08484565793444983
1.1926254211516125,1.2145814996664768,-0.0006483389290488084,-0.0018744632347110928
1.2216082037955072,1.2053400354040398,0.028982782643894645,0.012267601181977353
1.23741795010319,1.2519271449690927,0.015809746307682726,-0.005085365199327913
1.2697783951884842,1.2783704281636992,0.03236044508529434,0.05128149246817834
1.2146787781457378,1.207359446516166,-0.05509961704274646,-0.03828771788840672
1.2633756214950247,1.284359983140214,0.04869684334928692,0.03743176979979066
1.208275785606665,1.2236060514239493,-0.05509983588835965,-0.06415150115242044
1.219593400190516,1.2317612391080563,0.011317614583850943,0.015022389142894488
1.212595780067795,1.2181674441122134,-0.006997620122721093,-0.005128026105554534
1.2320637968914614,1.218484540257232,0.0194680168236665,0.00875299488402657
1.1861356836028094,1.1639983429227547,-0.045928113288651984,-0.0238166098104842
1.2947086114317834,1.3240168369100278,0.10857292782897399,0.10628853618933692
1.2137390406648838,1.2351690544602427,-0.08096957076689959,-0.07915141495922233
1.1661016842668783,1.1733252597350932,-0.04763735639800548,-0.04738805270408053
1.2064292574454916,1.2257759605032488,0.04032757317861324,0.0468437697808604
1.1990782911800437,1.2198615009187173,-0.007350966265447845,-0.007993033688107675
1.2198770300506159,1.2716235577315533,0.020798738870572153,0.011482921297491322
1.1724313846448335,1.1789294909532115,-0.04744564540578233,-0.058084914285783946
1.3117472080372166,1.3217995657040906,0.13931582339238302,0.1242142753396498
1.2493908295785197,1.2115024652305963,-0.062356378458696904,-0.04959142098131347
1.2058781806966214,1.255016475228793,-0.04351264888189821,-0.0434882088585966
1.2354636518776185,1.2079341873702714,0.02958547118099708,0.039001056687966336
1.2189379206423827,1.221958859377993,-0.01652573123523582,-0.016897199502665158
1.1358382826988946,1.1406401115600668,-0.08309963794348807,-0.07885274114369017
1.2419693972903818,1.251480140856888,0.10613111459148716,0.08675350598501737
1.2946735780914478,1.275911579904688,0.05270418080106598,0.055616651266331044
1.2560848217370149,1.2990462376421825,-0.03858875635443293,-0.051211812696445605
1.197239234319144,1.179620918035577,-0.058845587417870826,-0.07727906052681789
1.1818046204780046,1.1682177329033796,-0.015434613841139422,-0.027662794999914364
1.2164815475382196,1.1805827352437852,0.03467692706021497,0.028013945354202513
1.2333216592365062,1.2410989046154812,0.016840111698286586,0.01015897750058693
1.1827379545550336,1.2083897059588815,-0.05058370468147255,-0.04414921202654329
1.224045127599196,1.2315933334314613,0.041307173044162315,0.03403077428819781
1.2137094210297485,1.2218408688690185,-0.010335706569447378,0.001972183987924949
1.2407559575403695,1.257962271773037,0.027046536510620944,0.018281168627644263
1.2918829696094585,1.2812023313310636,0.051127012069088984,0.04931321961766899
1.2391392591944996,1.2619889399077326,-0.052743710414958844,-0.059435512079458845
1.3009703854659538,1.2699561565745785,0.06183112627145415,0.062135395945551265
1.2776668856164126,1.2953233932605501,-0.023303499849541165,-0.013915768944215702
1.2932723286710703,1.293843487405149,0.01560544305465772,0.015014134148624049
1.2182105658519913,1.2121163167009288,-0.07506176281907906,-0.0645909806055358
1.1502797004850436,1.1762878809651636,-0.0679308653669477,-0.06408411301789015
1.184178509983153,1.189585431072103,0.03389880949810942,0.02463464656419138
1.2182463431675272,1.2359767469643947,0.03406783318437423,0.03055084496437837
1.1986287637455506,1.2333383521549783,-0.019617579421976616,-0.03220135987643072
1.2681085471248958,1.3107420705565684,0.06947978337934524,0.06731878892947467
1.1277263601868917,1.161318759758036,-0.1403821869380042,-0.1548791032071175
1.1714465510608203,1.1065890849244666,0.043720190873928644,0.06586551168625096
1.2755599549909804,1.284242854446288,0.10411340393016011,0.09793609726524627
1.1737271291587827,1.182293318041697,-0.10183282583219766,-0.1049179393412822
1.2819089929698688,1.2682352791764402,0.10818186381108608,0.11642201119433981
1.247718956495837,1.2303436376647916,-0.03419003647403174,-0.02888580031152904
1.2434678747597188,1.2492745550874624,-0.004251081736118323,0.019534894492887558
1.2861837705959167,1.294317948388725,0.04271589583619795,0.05138420147302206
1.1913252776474645,1.1837345192359299,-0.09485849294845217,-0.09565779378482085
1.2107993223489009,1.2274822877025708,0.01947404470143632,0.013911298310611182
1.236249226743978,1.2252010157928592,0.025449904395077105,0.03309373180211245
1.267807504909814,1.2884112526565892,0.03155827816583612,0.036402847337535134
1.2253112940819433,1.2054839101905812,-0.042496210827870806,-0.025180072143559724
1.2189505218944472,1.189993680247597,-0.006360772187496089,-0.0004576993043336388
1.2642368540428779,1.2899173722057977,0.0452863321484307,0.04553212721395862
1.2480367354637727,1.220276407980407,-0.016200118579105194,-0.01728052124183429
1.2398597260612194,1.2524446470163628,-0.008177009402553281,-0.012638650139713837
1.247556005119971,1.2197355289316236,0.007696279058751587,0.022679677333064426
1.2372995902497088,1.2351196460033422,-0.010256414870262187,-0.021937815160861684
1.275003658702955,1.2384093115716595,0.03770406845324614,0.02863892244092023
1.3374330440169937,1.3421059073271155,0.06242938531403874,0.054994078039032765
1.2275705891885775,1.201004970839984,-0.10986245482841617,-0.10154533812494902
1.2681547234086286,1.2440982195656936,0.04058413422005103,0.04391067113062169
1.2653643723807435,1.2857427792439933,-0.002790351027885052,-0.01422986856064998
1.3186702276922186,1.3346370928851463,0.05330585531147514,0.056444240905352605
1.2554593604483715,1.2481476345504392,-0.06321086724384717,-0.08696455254709888
1.2487219244098458,1.222863852115029,-0.006737436038525724,-0.005698649480182915
1.1744613141399758,1.1703610114670953,-0.07426061026986996,-0.06367562134880983
1.1973547886162599,1.2189706992038998,0.022893474476284092,0.018208753796485976
1.2441094122911411,1.228630522766245,0.04675462367488126,0.05284013196939901
1.2550202198869749,1.2260244085236183,0.010910807595833738,-0.004545783926376475
1.2315435533361219,1.2161480655747048,-0.02347666655085301,-0.010561874903242674
1.19157872979672,1.215138830655448,-0.039964823539401895,-0.03377219159171864
1.1671310853105834,1.1516866481652055,-0.024447644486136566,-0.037168925909757684
1.2633849978861433,1.2754662687925156,0.09625391257555993,0.08649803040456948
1.254399933143072,1.2321622714429041,-0.00898506474307137,-0.0002350569916012308
1.1985500995140348,1.1970961734275467,-0.05584983362903717,-0.08838675242298202
1.2871201906250853,1.2645097567922512,0.08857009111105052,0.09079069683539226
1.2455451756628737,1.256051549875452,-0.04157501496221161,-0.056867766077212
1.246537139344055,1.2281631344700839,0.0009919636811812627,0.004852667798271906
1.1965372573490696,1.2170512243059206,-0.049999881994985396,-0.05372074341696682
1.1796589029661435,1.1642145454701633,-0.016878354382926064,-0.00572611205528222
1.2275093217409883,1.2425479186833848,0.04785041877484475,0.045158359001599535
1.2444243375526998,1.2511461475744239,0.01691501581171151,0.01874794027344223
1.2903928711598356,1.2608841278909348,0.04596853360713582,0.057297611091952576
1.2023390614411462,1.206877752025064,-0.08805380971868937,-0.09896511776403556
1.2583989337303383,1.2470411551234515,0.05605987228919207,0.06287868865817856
1.2602357621189153,1.2432798565437935,0.0018368283885770165,0.006500886269419335
1.2153140837425453,1.2227970325773312,-0.044921678376369956,-0.052328961344062425
1.243213149555499,1.223685153086818,0.02789906581295365,0.02447670889323481
1.2748618486809846,1.2748358863492508,0.031648699125485624,0.0228101335668763
1.2772486440675908,1.257940734782838,0.002386795386606133,-0.0021745331247581805
1.242460676564451,1.220037428297889,-0.03478796750313973,-0.04154606327262113
1.1873905984370776,1.1718681448942538,-0.05507007812737341,-0.04163863441320909
1.36392321926847,1.3311853945182905,0.17653262083139243,0.15244603707385818
1.1526635621971875,1.1932385427133168,-0.21125965707128258,-0.20352608261977229
1.1832253859371353,1.1845566339271012,0.03056182373994787,0.019101433185934977
1.2524657725923725,1.223985712391639,0.06924038665523713,0.05485487943793049
1.2527815160876483,1.2251188778245123,0.0003157434952758553,0.018426829859887098
1.2021687189084937,1.2244884277453463,-0.05061279717915457,-0.050420509250232184
1.2420490367115928,1.242255141030177,0.039880317803099086,0.024989348331842968
1.31481339518487,1.2889684394030252,0.07276435847327711,0.07523064253202155
1.2698429696041513,1.2390758165222455,-0.04497042558071862,-0.04948179309287997
1.2774334093473478,1.2839192608439607,0.007590439743196509,0.01618680703501318
1.2658912458783165,1.2615086604301338,-0.011542163469031363,-0.006713229573610806
1.2440597400496132,1.2621198985111777,-0.0218315058287033,-0.019803420986939522
1.2854040961387438,1.2804448108257582,0.041344356089130674,0.03522245311247937
1.2875786828663598,1.2672553234981538,0.002174586727615946,0.015772881629115186
1.2209940541216677,1.2489893090069708,-0.06658462874469206,-0.06053100769050231
1.2432311220992154,1.242626102586688,0.022237067977547653,0.028182503184965676
1.1561762451975977,1.1548668488927378,-0.08705487690161773,-0.09616529458868218
1.2199583057381265,1.2092412526899752,0.06378206054052882,0.05533577298843358
1.228900015072497,1.2096488801742695,0.00894170933437044,0.010336030270254017
1.2592142940773028,1.2374090221372511,0.030314279004805877,0.03543354736134917
1.2519546032590918,1.2737131770071706,-0.007259690818210984,-0.004613242796292535
1.1883734643934882,1.163896877830249,-0.06358113886560357,-0.06473492213365334
1.356143209417716,1.3722553547542002,0.1677697450242277,0.17177370342937798
1.2561388067825325,1.25574730713805,-0.1000044026351834,-0.10261213232047156
1.2674107809715465,1.2627603445057682,0.011271974189013934,0.01392393307456994
1.3009623057796207,1.2752042576230203,0.03355152480807422,0.03949814942094843
1.2123931824990766,1.2071852418833804,-0.08856912328054412,-0.10388323564620522
1.2039686713446132,1.2195400212494747,-0.00842451115446341,-0.01220542585214656
1.3312200149632047,1.3158737374112401,0.12725134361859158,0.12241677880716204
1.244733242765913,1.223038219490861,-0.08648677219729173,-0.08727307878082281
1.292730410895191,1.2955100922564138,0.0479971681292779,0.04124889966160363
1.2749320337380141,1.2538359451642134,-0.017798377157176803,-0.024102124973996567
1.2073897504243631,1.2003688528749434,-0.06754228331365097,-0.06384682512238675
1.3223474953971777,1.2602010763643043,0.11495774497281452,0.11570010573550187
1.2828251840458504,1.302530596429815,-0.03952231135132722,-0.04583767934914855
1.1852904655349534,1.2038250851887138,-0.09753471851089701,-0.0920183523186381
1.255458232072957,1.255615253489082,0.0701677665380036,0.07669178685422548
1.244130589401031,1.2383197912090118,-0.011327642671925986,-0.020745434359693664
1.2976159522912827,1.2584786872680207,0.05348536289025163,0.07074435525840071
1.2389834493796759,1.2483482332288518,-0.05863250291160682,-0.06275269141345224
1.2410802773422556,1.214567470662861,0.002096827962579706,-0.0033695716897474285
1.2642970536198013,1.277944971280143,0.023216776277545703,0.02324375154247053
1.3027729900028573,1.3354890719982413,0.03847593638305602,0.02473607425470233
1.2079715658814107,1.201545992974326,-0.09480142412144654,-0.10026795291777492
1.2484246991517494,1.2338882447198447,0.040453133270338615,0.03131565333483417
1.200421257758246,1.204287188384966,-0.04800344139350332,-0.04361816066601461
1.3140261735882854,1.327925374787528,0.1136049158300394,0.13131843268380403
1.2643718244073823,1.2762275307122526,-0.04965434918090317,-0.037402181766413786
1.2476970150101205,1.2136894408685215,-0.016674809397261736,-0.02083908519773236
1.2891517675485038,1.2796381614167294,0.041454752538383266,0.024488322489130295
1.2303136551396643,1.2788038579478413,-0.058838112408839516,-0.044816116259181235
1.2660513567650784,1.2751588052333067,0.03573770162541412,0.03594955230239248
1.3728410147218042,1.3558846073296889,0.10678965795672579,0.09908235960154987
1.3212601151313519,1.289124668268664,-0.05158089959045231,-0.05418784373084923
1.2219474541560702,1.2324970940288207,-0.09931266097528169,-0.09613955271506314
1.255493761436639,1.274649700913189,0.03354630728056884,0.028751904667257987
1.3842877511755143,1.3534238093790945,0.12879398973887524,0.1212440513959405
1.27623418284956,1.2823158646817945,-0.10805356832595425,-0.11168861366205683
1.298414482486056,1.3313685177329455,0.022180299636495926,0.0190312372145872
1.2551346186155459,1.2411667565589601,-0.04327986387051008,-0.06304111969345476
1.296108928838225,1.290132817675709,0.04097431022267917,0.05133428466301331
1.3465476689680789,1.3407437052230926,0.05043874012985383,0.04356493284046739
1.2783643941848293,1.2718548469625286,-0.06818327478324959,-0.07209906164774628
1.2982764803034679,1.3001648138222441,0.019912086118638594,0.02961119017859344
1.2300256490730401,1.2347787610395116,-0.06825083123042774,-0.06237965335731839
1.2961843730969687,1.3156224840026518,0.06615872402392853,0.05481346038592157
1.3169570294601196,1.2912025188910998,0.020772656363150954,0.0046035950684747105
1.1836736146628997,1.1914730762722017,-0.13328341479721995,-0.13377735328917037
1.2161645642512682,1.1991762652639135,0.03249094958836851,0.03036072509758833
1.1768834354031408,1.1911525490671853,-0.0392811288481274,-0.03792822590684806
1.165123659814683,1.1746887055191846,-0.011759775588457755,-0.02260573706214475
1.2471061679045845,1.266444211433644,0.08198250808990148,0.07717906956963733
1.3066612914076001,1.2671825310312996,0.05955512350301562,0.05874546699593557
1.328157609480623,1.369040022992047,0.02149631807302277,0.021312960341978975
1.248527206229155,1.28767166487068,-0.07963040325146786,-0.06967742450062886
1.2682886668568136,1.287212863693783,0.0197614606276586,0.0055165799414930074
1.2805470022085959,1.2654625769463785,0.012258335351782224,0.0003121754855536611
1.2980359931285046,1.3145241986881662,0.017488990919908742,0.033470496739334714
1.201016712401491,1.188841099988628,-0.0970192807270136,-0.1048987537539331
1.286680312704227,1.3063576850578174,0.08566360030273601,0.0981133949597081
1.247232068364288,1.27612054332725,-0.0394482443399391,-0.04189379014938941
1.2538868853179972,1.2640519875174892,0.006654816953709286,0.010170348486030122
1.28799409211497,1.2626540691830066,0.03410720679697277,0.027727598916941678
1.2834863925784372,1.2668001038714494,-0.004507699536532739,0.010979262108273933
1.2932717389273594,1.28875783284803,0.009785346348922142,0.016822420631419602
1.2578013207720884,1.2991647948396774,-0.035470418155270966,-0.0440456059379594
1.2476102836860317,1.2477460231802668,-0.010191037086056731,-0.014563705562800594
1.2824657333563183,1.2826768461489284,0.03485544967028664,0.036667892361485765
1.3213101888856094,1.3315139621913115,0.038844455529291055,0.03172642563319233
1.3091650965073724,1.3075201493651385,-0.01214509237823691,-0.0012060727496573422
1.2846400779684095,1.2921129650210559,-0.02452501853896294,-0.0032307590794715714
1.2497786419860988,1.2745230782326074,-0.03486143598231073,-0.028853801118931405
1.3018706622496894,1.2721671718124232,0.05209202026359061,0.06974462818360326
1.2364956766570756,1.2516075533819195,-0.06537498559261379,-0.07200080434848145
1.1862029880507776,1.1548633413156553,-0.050292688606297986,-0.047892700123483053
1.3161426386930328,1.3034943183375245,0.1299396506422552,0.12641213713824198
1.2445509038226041,1.2319672169659892,-0.07159173487042869,-0.06900584811965482
1.2940126822179432,1.3089355728690664,0.04946177839533905,0.03326283413667559
1.3431051582432552,1.3167335261116806,0.04909247602531197,0.060268795897143894
1.2122416074515987,1.1833899405307802,-0.13086355079165646,-0.11479357280310142
1.2219271209719802,1.194950073864061,0.009685513520381495,0.007673073391024967
1.2825430457961307,1.289789735270782,0.06061592482415046,0.05890501146701162
1.3267642224860534,1.3462946224415937,0.04422117668992276,0.0412689737510916
1.3673591183855378,1.3616915274150574,0.040594895899484396,0.036062495554240404
1.3372528135842932,1.320789778395766,-0.030106304801244654,-0.03369669315259098
1.2985048310305907,1.2590750360458072,-0.03874798255370249,-0.02769054363595897
1.3025173235268412,1.2975728657142167,0.004012492496250575,-0.0026964216581262662
1.332331464103147,1.3501882319980512,0.029814140576305714,0.038519168598483755
1.2444598800123898,1.2317913340232367,-0.08787158409075713,-0.09222412914999828
1.335410708088147,1.3235972826661833,0.09095082807575716,0.08747136923519709
1.2756043972110864,1.2655783638218083,-0.059806310877060564,-0.05338690519360839
1.3235445434941409,1.312640447928462,0.04794014628305443,0.041440020611275614
1.3360108418103742,1.297799063577577,0.01246629831623336,0.022071946590809702
1.355887528802398,1.3590762655268833,0.019876686992023718,0.03310027836815403
1.2571233859317812,1.2650166358737223,-0.09876414287061674,-0.101441809164123
1.2957163072833335,1.2905472782960514,0.038592921351552345,0.04474580076074967
1.2860489307086311,1.314206972150187,-0.009667376574702402,-0.0300291360729707
1.293990448848334,1.3107972885460146,0.007941518139702897,0.026233949832354102
1.28393460336255,1.3059111551135512,-0.010055845485783976,-0.013816567123543993
1.2794435212950193,1.258569355908329,-0.004491082067530794,0.006426537582151726
1.2836372757877204,1.2946184836694996,0.004193754492701096,0.004974909048890329
1.20843345434638,1.1979127385502155,-0.07520382144134041,-0.056436994198046216
1.2389625192250158,1.2611578744658418,0.030529064878635825,0.04308928015460605
1.3519221395480574,1.3594909901960988,0.11295962032304163,0.09813880284853212
1.255739173463351,1.2249571965732147,-0.09618296608470644,-0.09378347555459363
1.321303098982807,1.3265949354567075,0.065563925519456,0.06461499157008413
1.251044068387905,1.2071892023173818,-0.07025903059490202,-0.07391896675900891
1.2277170627680989,1.270005200478477,-0.02332700561980605,-0.018468786270666608
1.2543778831466048,1.234698862767272,0.026660820378505923,0.026782119937455013
1.3977685829558795,1.40821511244806,0.14339069980927466,0.13673864364903449
1.3164197333999585,1.2900024887430523,-0.08134884955592092,-0.06648471615376018
1.3425877468242877,1.3403991945068614,0.026168013424329173,0.01928526930796546
1.1962881191709407,1.176050176333822,-0.14629962765334703,-0.14973456772996516
1.3024583054756393,1.2934193290290121,0.10617018630469865,0.10456550200468147
1.2739395182514583,1.2856702931227233,-0.028518787224180997,-0.028926058752310274
1.372010012867578,1.4007016137708004,0.09807049461611972,0.08737822957073477
1.2935527532609967,1.2868437176390253,-0.07845725960658134,-0.07883336211430166
1.334296546415189,1.2985469457694998,0.0407437931541923,0.04189135997283616
1.3548980780506468,1.3908952312989276,0.020601531635457748,0.020482209370318225
1.279780439437045,1.2592807765127865,-0.07511763861360188,-0.07596499863177177
1.221865191037056,1.1996159511816016,-0.05791524839998896,-0.045141746669899334
1.3476070624897845,1.3364868626795978,0.12574187145272853,0.1276824390909078
1.2143344941153864,1.2287132106439926,-0.13327256837439805,-0.14333357591227802
1.2898919725968874,1.2711597725701358,0.07555747848150096,0.05528579831167373
1.3098836998190146,1.3426674729902979,0.019991727222127276,0.03520972932748285
1.3440549645942754,1.3628243932209012,0.03417126477526078,0.02406658771382808
1.2926246465297448,1.3081592945668374,-0.05143031806453058,-0.04956204397606835
1.3728346902232669,1.3441853021106653,0.08021004369352203,0.07614663289604479
1.3184523361935416,1.3288610480748195,-0.054382354029725244,-0.07238484898155598
1.3351331846435313,1.3502893926701611,0.016680848449989627,0.01544419635782938
1.417586048248049,1.421808989583197,0.08245286360451765,0.0796896404370717
1.4563873695646368,1.4778913533408042,0.03880132131658787,0.03983026373367451
1.2549740976638457,1.2130796642072692,-0.20141327190079106,-0.1922686257513619
1.251270465394403,1.256523485160522,-0.0037036322694428137,0.004951693975662518
1.3638993368737315,1.3586176485066956,0.11262887147932865,0.09083944194036937
1.3042349365512584,1.3185221631476949,-0.05966440032247311,-0.05858471273315162
1.2294851481187414,1.2269329778224702,-0.074749788432517,-0.07565271785514834
1.3666161597423714,1.3298210937806294,0.13713101162362995,0.13559378462862134
1.3461382345237125,1.3273658636544743,-0.020477925218658877,-0.04527459813471487
1.3466424152422432,1.368982392995148,0.0005041807185306446,0.008522557284004705
1.3150191912210516,1.2842847384158977,-0.031623224021191554,-0.028680805292506495
1.3602087064165125,1.3472571043010433,0.04518951519546088,0.0464404657543417
1.2712453172815732,1.232296009701814,-0.08896338913493929,-0.09010468696849155
1.3477085945943936,1.3834802201133758,0.07646327731282043,0.10034084470416335
1.2645655543794017,1.299925227566856,-0.08314304021499197,-0.078426429340408
1.3791432890542512,1.3648560338606033,0.11457773467484955,0.12393438531318082
1.3398846577197203,1.3540675823226427,-0.03925863133453089,-0.01952018350981733
1.2371474611605895,1.2289075001572642,-0.10273719655913083,-0.10402397804155714
1.2453380062815473,1.2671390295757103,0.008190545120957848,0.030867065996807996
1.4284493672443483,1.4633844035861834,0.183111360962801,0.19176630229658187
1.2538495951073865,1.24051693274507,-0.17459977213696187,-0.17589900510984824
1.3125348627375795,1.3096580645801523,0.058685267630192994,0.03749531322097077
1.2560111159179643,1.25691623072389,-0.05652374681961514,-0.05168783164937971
1.283426660256232,1.278654518737815,0.02741554433826776,0.04003134194309205
1.3808278959198619,1.387670357055953,0.09740123566362979,0.10868812404273716
1.2914401471914034,1.3328076472248787,-0.08938774872845845,-0.0830595625040058
1.3422761785103514,1.3071730816362495,0.05083603131894798,0.059885273909743075
1.2931991393194837,1.2968423191931238,-0.0490770391908677,-0.056389684919231395
1.2573516636391076,1.231074331726026,-0.03584747568037616,-0.04919561600863746
1.3649387734112433,1.378058491205682,0.1075871097721357,0.11320515263934271
1.3230244634831203,1.3741601990810521,-0.04191430992812295,-0.04856873556886165
1.283134010947273,1.2739675230532035,-0.03989045253584722,-0.05724020425072017
1.2246715269768351,1.2470436648935268,-0.05846248397043796,-0.06670265414041679
1.3448150995920358,1.3678277552331486,0.1201435726152007,0.12146993911990017
1.3069862370635463,1.2914815476058996,-0.03782886252848949,-0.046072366135966554
1.2933170527541344,1.2798206792417472,-0.013669184309411886,-0.022003005270816917
1.2594528656751405,1.2355784999431756,-0.03386418707899397,-0.036530494766932764
1.2867326079931805,1.2858077614348729,0.02727974231803998,0.021021711398258813
1.2132472498092433,1.1938251640637494,-0.0734853581839372,-0.06892640688945326
1.3153013692108388,1.2897931377015952,0.10205411940159559,0.111767250172754
1.2161548577190735,1.2167913835096844,-0.09914651149176534,-0.10004361805775674
1.2242839826537992,1.201659886857,0.008129124934725729,0.012669875684051403
1.2678732347109662,1.227148328557768,0.043589252057167016,0.03911639688563432
1.2818168323965715,1.2780954700483964,0.013943597685605269,0.006414539139580595
1.3427958642799072,1.3488326643245672,0.060979031883335644,0.06911705510682159
1.3759983096887034,1.3673280743419054,0.033202445408796244,0.024901711585106706
1.3030930352481382,1.3508891445818927,-0.07290527444056516,-0.06179728784159059
1.3894058848224191,1.3849496456438621,0.08631284957428087,0.09930783098135967
1.3086106298717617,1.3117609140477584,-0.08079525495065742,-0.06774419708914972
1.353727844757892,1.3628625847567557,0.0451172148861303,0.031234654329474747
1.4326559720213472,1.3908875418847546,0.07892812726345522,0.0983670685817846
1.197270007572023,1.2002037022896932,-0.23538596444932414,-0.22450309691075548
1.2557218362725369,1.2112606783091426,0.0584518287005138,0.05459073598086872
1.354595872949223,1.3687154150577447,0.09887403667668604,0.08324654810892393
1.2087004282157874,1.228665253511349,-0.14589544473343552,-0.14167542744541334
1.2745199311066777,1.2807941091669084,0.06581950289089034,0.05739015930918766
1.3207959896511683,1.3029870331544027,0.04627605854449057,0.031279105565516566
1.3749644774340035,1.3933822726501528,0.05416848778283523,0.05125845012901435
1.3478936472440706,1.3362543078229885,-0.02707083018993295,-0.02640841262754924
1.2614913652992876,1.259395693816229,-0.08640228194478294,-0.07809115681819616
1.2765935853937462,1.2903253372535637,0.015102220094458607,0.00666216838180651
1.3177730954941302,1.3422667246274775,0.04117951010038401,0.05377234818330602
1.4072106773829518,1.439305712212005,0.08943758188882156,0.0938951076930487
1.382666830693231,1.3791788244853074,-0.02454384668972076,-0.024727803403621584
1.3870758464015527,1.4038359631880744,0.00440901570832164,0.00015753050860036442
1.2584470516651722,1.2490754974746565,-0.12862879473638045,-0.12488215762351407
1.2771868681169103,1.2724806498960082,0.018739816451738056,0.0073964227154587545
1.3062229950276454,1.3063436069841885,0.029036126910735094,0.02000720268500763
1.2948427529814481,1.3179835906243,-0.011380242046197253,-0.015726551214297682
1.3457494459951564,1.3300053307342838,0.050906693013708315,0.07539686377416221
1.3322026724206366,1.3334589676990278,-0.013546773574519833,-0.005832658547414335
1.3913903352502528,1.3773677932062416,0.05918766282961618,0.06003370366474365
1.2827879178698125,1.3152957304416693,-0.1086024173804403,-0.11267524032682688
1.2966985657225147,1.300575101995767,0.01391064785270224,0.030270081844976773
1.396716068891139,1.4308689475801664,0.10001750316862434,0.11412222333331269
1.306239134193059,1.309991721150368,-0.09047693469808005,-0.09095188726244527
1.3087944974402097,1.3186698976033977,0.002555363247150666,0.00126761479767034
1.276082534864301,1.2644943544915066,-0.03271196257590869,-0.027606473319600398
1.389577802471651,1.4012172921486117,0.11349526760734996,0.11309759871981265
1.3894026082897202,1.3892928021309816,-0.0001751941819307934,-0.004472136247470344
1.2518527763339287,1.2302943217774098,-0.1375498319557915,-0.1362741843333734
1.3298912848604156,1.314005966126414,0.07803850852648697,0.08127247708260238
1.3279172502441143,1.314299750007139,-0.001974034616301301,-0.0074814964068650935
1.3660629060287295,1.3561926722544908,0.03814565578461515,0.04507298262111644
1.3690680710994083,1.3379679503542992,0.003005165070678828,0.0008451265681429163
1.278051369713847,1.3083160649466832,-0.0910167013855614,-0.06864453766781023
1.3319895061482814,1.3279703357331658,0.05393813643443446,0.06411492942597381
1.2710334172649238,1.2860418193042809,-0.06095608888335757,-0.05586115742987994
1.3045487404208376,1.3080037311275612,0.03351532315591377,0.037500331960948784
1.363575924695491,1.3800246832619931,0.05902718427465348,0.05377794393827172
1.2895310031693774,1.293536887159325,-0.07404492152611364,-0.06878316355099426
1.365197413162817,1.3623300610213656,0.07566640999343965,0.0698215943381673
1.3542681402484584,1.379216437328723,-0.010929272914358634,-0.011597701949823269
1.2536829539453056,1.2733800612248178,-0.10058518630315283,-0.10094692840545541
1.361688103603981,1.3887079662124067,0.10800514965867536,0.11281809088248514
1.3548667086836206,1.3720676035712238,-0.00682139492036038,-0.01457647897000081
1.273040611127569,1.2624976136843415,-0.08182609755605164,-0.07156545855323021
1.3121564624180557,1.365778112972322,0.03911585129048678,0.04289166791351475
1.3413593245079825,1.3295437742716043,0.02920286208992673,0.02744559153959627
1.3025030516737697,1.3219175470690674,-0.03885627283421278,-0.0590405078318221
1.338065548628214,1.338601642434142,0.035562496954444356,0.028606012206472492
1.3915358507949944,1.3775015800312957,0.05347030216678039,0.05224744998635787
1.3337311726933903,1.3151269210835839,-0.05780467810160417,-0.06422123365029304
1.3065733890877236,1.3340168214441017,-0.027157783605666674,-0.03162527960458351
1.3267105386481541,1.354008547768192,0.020137149560430556,0.022469176560555488
1.387805303262057,1.3707116166435767,0.06109476461390284,0.032755361437371525
1.4376209575153884,1.4372286742834206,0.049815654253331454,0.06525465653727847
1.3670320220586452,1.3698820627333579,-0.07058893545674327,-0.07353087566668864
1.3105301103301823,1.300731590001695,-0.05650191172846286,-0.049207472008076014
1.3422293384870103,1.3468513415693804,0.03169922815682802,0.03621775569525606
1.3379103834476767,1.3603380249825772,-0.004318955039333661,-0.0071239868210352525
1.381086123847407,1.3703804122292917,0.04317574039973038,0.03156947895003786
1.3730380765127048,1.364769129820569,-0.008048047334702213,-0.006742486328589313
1.3826845010885176,1.3816081012150994,0.009646424575812773,-0.0065478212050522
1.3186948167319783,1.3331903406297414,-0.06398968435653929,-0.06016199000737979
1.4124627950801152,1.4365281586126077,0.09376797834813688,0.09141040261384197
1.2736978455464478,1.30045272131388,-0.13876494953366736,-0.14835464544809127
1.3681335944184183,1.364967551847875,0.09443574887197048,0.10836977320552346
1.3575501100509668,1.3333583006067293,-0.01058348436745149,-0.014411907982500863
1.3636620419153647,1.3335779224886426,0.006111931864397846,0.01160265366410153
1.2833245272579146,1.2867298761437218,-0.0803375146574501,-0.07328921435937785
1.3528960718548597,1.3624119887948116,0.06957154459694515,0.07555452683762841
1.3457948915726639,1.3622273424434723,-0.0071011802821958625,0.0008480403466608229
1.3845334198532313,1.35916069285337,0.03873852828056745,0.055741189853926475
1.317121539996973,1.3245068483576234,-0.0674118798562584,-0.06906761240593041
1.4325875774557812,1.4360985702965547,0.11546603745880835,0.09315496975649976
1.3343322183297666,1.3657243979095135,-0.09825535912601469,-0.09119581450928514
1.3266418019044703,1.3178069689773317,-0.00769041642529622,0.006919014524087266
1.455607590524772,1.4643710363758988,0.12896578862030172,0.13277169614695566
1.2880694702481101,1.2496809692306783,-0.16753812027666193,-0.1674842614661753
1.3109118195098477,1.3461328371504977,0.02284234926173756,0.016768124506712806
1.336480447150958,1.3375573374904326,0.02556862764111023,0.028843423630769176
1.343806035755558,1.3457326918338088,0.007325588604599975,0.011506462839268167
1.2697794613814672,1.2638761270735797,-0.07402657437409066,-0.06277969446162698
1.3565567712789077,1.4032756923133904,0.08677730989744048,0.08414697114610827
1.238445391203678,1.234290777544614,-0.11811138007522981,-0.1261313216954619
1.3557868715619221,1.3360264281929148,0.11734148035824421,0.11454320710755106
1.354177660140752,1.3525733884625988,-0.001609211421170098,-0.008169430654854159
1.4082276604637907,1.4008439975711198,0.05405000032303864,0.044381015256301545
1.3335304201919624,1.3614304802828725,-0.07469724027182822,-0.08428425123736043
1.3299438047545606,1.3336980012711057,-0.0035866154374017967,-0.009754400829276519
1.390613213470443,1.414682868763084,0.060669408715882334,0.06471819695705547
1.3589189686756986,1.3693991058172998,-0.031694244794744364,-0.029583004918922948
1.3248794418732464,1.3320157358919793,-0.03403952680245226,-0.035937006419059045
1.3989360376507478,1.4018699946826305,0.07405659577750145,0.07487863111947556
1.3068610755318792,1.310836229368404,-0.09207496211886856,-0.06700926902674956
1.2204732427698144,1.2207624956823069,-0.08638783276206485,-0.08016582023953343
1.4090828761908196,1.4262670257935377,0.18860963342100523,0.20833638498662777
1.3830524432346043,1.3863190306550068,-0.02603043295621532,-0.005493639137097422
1.4271043138350896,1.4138321426479359,0.04405187060048532,0.027916464482225112
1.3900648052108555,1.3647417163589426,-0.03703950862423411,-0.0515111646694059
1.440408669553828,1.4514689445109163,0.050343864342972555,0.054902447905111375
1.3770627696200854,1.4019316814711953,-0.06334589993374262,-0.061863098404862114
1.391206414547411,1.3929696043973723,0.01414364492732556,0.012519249922143432
1.3375042386463605,1.340659155420892,-0.05370217590105053,-0.057722986815742776
1.2798160146563635,1.3082971632808533,-0.057688223989996956,-0.07038387974247279
1.3656357925024813,1.3585036730653288,0.08581977784611783,0.0789808283369729
1.2967180389453834,1.2864099984329922,-0.06891775355709795,-0.06083243807345417
1.2740112071304408,1.270539164923987,-0.022706831814942596,-0.037873874938463295
1.3984930223534386,1.3926346391280506,0.12448181522299784,0.12535629730051734
1.3862784155425547,1.3817169392773474,-0.012214606810883932,-0.028097253420252422
1.3593357306891418,1.3781798410342723,-0.02694268485341289,-0.021797863057618827
1.408960645045195,1.4096506973343808,0.04962491435605321,0.0587228740462375
1.3544370535216614,1.345076696034181,-0.05452359152353359,-0.044897638284134796
1.3582623311446393,1.3380207816004377,0.0038252776229779073,0.004853066752287413
1.4709593039608966,1.5015421807805505,0.11269697281625723,0.09404345693747657
1.3719600623924182,1.3849058251070583,-0.09899924156847839,-0.1048818016200551
1.3532409965672072,1.3792637571795705,-0.01871906582521099,-0.006208800073746629
1.3701071741842066,1.3373567200745002,0.016866177616999378,0.007958830112264302
1.3744617457478394,1.3870656323849042,0.004354571563632836,0.0048789629917585986
1.3977122897692327,1.3851845129068734,0.02325054402139326,0.002067284330594509
1.3783110374528214,1.3845984809303826,-0.01940125231641132,-0.021717547342361306
1.352907399030762,1.3619321057928815,-0.025403638422059283,-0.03817902138645759
1.3594702905478755,1.376529958918374,0.006562891517113423,0.00502416007716501
1.3882915412929635,1.3372642493505909,0.028821250745088012,0.037952306414910306
1.336104051501231,1.3045022854236688,-0.05218748979173249,-0.05367960658550196
1.3644733647282936,1.3788045653729633,0.028369313227062598,0.024343974018612245
1.3272071665751182,1.3402945872068999,-0.037266198153175445,-0.036101954269598724
1.3725284336856722,1.3842278900798184,0.045321267110554064,0.032673497698565236
1.3702873795698125,1.4059793457343581,-0.002241054115859731,-0.00955068725247781
1.2764940038461108,1.3030454762778791,-0.09379337572370172,-0.10251839183041331
1.4658944786142627,1.4620669026107824,0.18940047476815192,0.204268860263424
1.3663009601399916,1.385908437645751,-0.09959351847427111,-0.10532572904354937
1.3173272537744822,1.2812162751759966,-0.04897370636550935,-0.04141779838969622
1.2573323746899954,1.2573457677089965,-0.05999487908448686,-0.0490735546493167
1.4577118223007042,1.4280808903455564,0.2003794476107088,0.20419745942514253
1.3139613183426473,1.3173841899027436,-0.14375050395805689,-0.1518744002029989
1.3469489249970614,1.3689781693667677,0.03298760665441414,0.049946228943446525
1.329004349023743,1.2963079146509773,-0.017944575973318333,-0.029572113793311226
1.276003380723519,1.2642230654133297,-0.05300096830022416,-0.055926942432478075
1.3568710088521112,1.3673848700157059,0.08086762812859227,0.07994777679555629
1.4085222185636221,1.409540585430802,0.05165120971151094,0.026090816224818066
1.4028428601023335,1.4136424897103859,-0.005679358461288642,-0.007701679929831425
1.3967037583466677,1.4044796816457161,-0.006139101755665788,-0.004005262871762186
1.4022953186100973,1.362789714263877,0.005591560263429551,0.00991326008485896
1.3492719874304457,1.3516120182526796,-0.05302333117965152,-0.050710289089433244
1.269958882016962,1.2665464257133037,-0.07931310541348369,-0.07418702856594425
1.4458991590143107,1.4283031833220998,0.1759402769973486,0.17407912336336276
1.3148563887478453,1.3008918621142382,-0.13104277026646538,-0.1279033966370571
1.3535604846179243,1.3419149057623314,0.03870409587007906,0.0213564344725628
1.3052443407522447,1.3425887666541159,-0.04831614386567962,-0.045285252565075006
1.369259142027485,1.3679146999301963,0.0640148012752404,0.07621933698202696
1.4224485225095553,1.4006883140735766,0.053189380482070225,0.055371891282502535
1.3462656474495185,1.386510912794863,-0.07618287506003685,-0.07410408579075438
1.4085178976258736,1.4181529723215645,0.06225225017635516,0.0386198787667138
1.3720542357709307,1.3784548138215678,-0.036463661854942986,-0.04828613895690587
1.4635684038648002,1.4460808764246247,0.09151416809386959,0.09000831214243142
1.3069322627483075,1.3132600462054334,-0.1566361411164927,-0.15264574818658286
1.4205492899378913,1.4115651583515803,0.11361702718958377,0.1065701005171223
1.3402223639496862,1.357854714010816,-0.08032692598820512,-0.07356340719774762
1.4032633007539468,1.4037818140337655,0.0630409368042606,0.06209741709194959
1.33679334463954,1.3263108846468639,-0.06646995611440687,-0.08040916694030668
1.371653535999381,1.3545488658915195,0.034860191359840975,0.042595646423507376
1.3504539221672127,1.3620362396156969,-0.021199613832168174,-0.026404123980905754
1.315377296009164,1.3093326728791193,-0.03507662615804863,-0.04535783195320498
1.398702843316255,1.3801393799112056,0.08332554730709085,0.08466105968898995
1.4139103908212816,1.420495726364509,0.01520754750502662,0.024661875821185585
1.4405294109054483,1.4570309119998086,0.026619020084166722,0.009987197497630503
1.2983476917334966,1.313327598469103,-0.14218171917195166,-0.14691458997808646
1.3274044801957587,1.3308818992316398,0.029056788462262118,0.06378206810494472
1.4411567412338977,1.464131090162079,0.11375226103813896,0.12320127025382069
1.4488219071789639,1.4353529063045911,0.007665165945066166,0.009710831743614054
1.3155157098112196,1.3155435381576215,-0.1333061973677443,-0.14320214030576503
1.397853514346351,1.392759798729815,0.08233780453513151,0.07487970702080547
1.3395344112300156,1.3557103041565959,-0.05831910311633548,-0.04507299132637128
1.320296554878407,1.299235781444694,-0.019237856351608684,-0.010329523351856204
1.316245004226691,1.3275595388555177,-0.004051550651715807,-0.004526842012132896
1.344803321869689,1.3395884209862998,0.028558317642997988,0.026419249838299543
1.4114092322294265,1.3717569067680315,0.0666059103597374,0.05888762021770487
1.4745393962774462,1.4913499742792318,0.06313016404801974,0.04178096641660331
1.5116553686336622,1.5315201998904786,0.037115972356216,0.043017238958676866
1.4409927243832745,1.4152309571967956,-0.07066264425038771,-0.0893070572160292
1.4251106050151057,1.4442407873219314,-0.015882119368168857,-0.018315450854052236
1.4461968768578675,1.4907284538032521,0.021086271842761795,0.012195679081322098
1.3039645258699282,1.307871334763877,-0.1422323509879393,-0.13741290856526664
1.4469295354298968,1.4513649017879982,0.1429650095599686,0.14821728833287223
1.375302409662197,1.3840525694699093,-0.0716271257676997,-0.05684219356895624
1.3086155730212616,1.2951650637080179,-0.06668683664093544,-0.07937236254884847
1.3055043878946302,1.2924844584027861,-0.003111185126631444,0.004221507825148814
1.391763405489793,1.3868110695769333,0.08625901759516275,0.10155636710773845
1.3743239780213257,1.3716042925165048,-0.017439427468467272,-0.023896210659175715
1.3836747568519931,1.3938973197825915,0.009350778830667483,0.007244441897936297
1.332488789216607,1.2992447334552304,-0.051185967635386076,-0.04100997344843595
1.2745098341884316,1.239288350690871,-0.057978955028175516,-0.043832473283572156
1.2993347254002852,1.2817857292930352,0.024824891211853606,0.012358084741091818
1.3314178781142307,1.3662266731334847,0.03208315271394557,0.04024747694725884
1.3870764815444052,1.3783095684391933,0.05565860343017448,0.0631653393926347
1.3667576648084196,1.3655690867113173,-0.020318816735985568,-0.008743391297958867
1.3833937869721722,1.3963068617234338,0.016636122163752542,0.019620778083318566
1.412470726391288,1.4422424773383586,0.02907693941911571,0.015781105067590704
1.3320146254958491,1.3261062326427726,-0.08045610089543875,-0.08441786472245641
1.3929316002442127,1.4144900113155099,0.06091697474836355,0.0643936942780068
1.305136707463054,1.2823348624620985,-0.0877948927811587,-0.08566683545387968
1.3836094941397765,1.3680277342387746,0.07847278667672253,0.09936153907290945
1.3183110562295275,1.3285800215059071,-0.06529843791024903,-0.06986941479159069
1.3613465369434918,1.3693940395123045,0.04303548071396435,0.04497475839397122
1.4194103209193722,1.4499027892820726,0.05806378397588041,0.06197252657215453
1.3499511927561318,1.3715446795954878,-0.0694591281632404,-0.06528625169866492
1.324033845072815,1.3482545122984495,-0.02591734768331677,-0.019697591868253393
1.4002352041800035,1.3966564654408082,0.0762013591071884,0.07729791831670178
1.433121996175395,1.4092152133870652,0.03288679199539146,0.03384623745168726
1.4623739878392137,1.4564823725626532,0.029251991663818755,0.036005295141895224
1.3216355073832318,1.3367792195134194,-0.14073848045598192,-0.14581755072664773
1.3742350392913034,1.3920905502797631,0.05259953190807165,0.05535855041034817
1.3770788217662147,1.3885831346998854,0.0028437824749112384,0.010586561074950835
1.412069334992154,1.4246600086978753,0.03499051322593938,0.027373198793313566
1.431303185921848,1.4577489532575094,0.019233850929693874,0.011541965982900398
1.4406379414488772,1.4603187464922054,0.009334755527029337,0.007764261592829455
1.4230325320721862,1.383305150930604,-0.017605409376691084,-0.018355074305669652
1.4179327040446004,1.4404486914431835,-0.0050998280275857955,-0.011529737604633189
1.4904706939246855,1.4421148133549804,0.07253798988008509,0.0747873461835787
1.4676469083453454,1.4592727612861969,-0.02282378557934006,-0.019969079486786667
1.4645131256263322,1.4642298210565028,-0.0031337827190132117,-0.0024069395751420667
1.4130999160536823,1.4047591493784113,-0.05141320957264983,-0.06304831216531004
1.4717210986821017,1.4572216790821855,0.05862118262841931,0.07341204428788753
1.4922329338154448,1.4876678309934197,0.020511835133343093,0.055914998181587454
1.3621961740621764,1.3451046422816295,-0.13003675975326834,-0.13108473614408997
1.4903353573364144,1.4834139099223216,0.128139183274238,0.1277051584729086
1.3618090064239454,1.3601339882325407,-0.128526350912469,-0.13269455256934473
1.3626608300209442,1.4133501216694473,0.0008518235969987575,-0.0016992384347558178
1.3873377353449339,1.3929690636784502,0.024676905323989695,0.018348103910180387
1.461429269691485,1.4642032313596198,0.07409153434655114,0.06328239521912965
1.349220315497313,1.3276499971181877,-0.11220895419417198,-0.11469100039235133
1.4577716199178827,1.4540994676710133,0.1085513044205697,0.11307422759191127
1.4754332721715393,1.4728081698283615,0.017661652253656568,0.00771313611372287
1.397935773714942,1.3962478394020656,-0.07749749845659726,-0.054790235536645054
1.3987322846136208,1.3888608142336276,0.000796510898678715,0.005720623877657713
1.4328211700729248,1.4422264213664429,0.034088885459304,0.051494345914759584
1.3399629520014282,1.3225379693490207,-0.09285821807149652,-0.07900516959332783
1.4135363435963078,1.4200576382577363,0.07357339159487952,0.06726521145941769
1.3936005453632192,1.4015160401355775,-0.019935798233088553,0.013964962877246807
1.4782589200949476,1.4687424465637213,0.08465837473172844,0.08885490807226523
1.3802160893712134,1.3975516241851293,-0.09804283072373421,-0.09465387598165924
1.393997501227442,1.391010868390203,0.013781411856228498,0.008625080337546328
1.2862363403292105,1.27094991735829,-0.1077611608982314,-0.12839465748871068
1.5226174048695658,1.510279645142046,0.23638106454035523,0.23683448598297827
1.4192833895111687,1.4291455591555418,-0.10333401535839704,-0.10621342330338975
1.385409876217318,1.339395082618989,-0.0338735132938508,-0.0457991202056198
1.3316584384463388,1.3114110388870874,-0.05375143777097913,-0.056485378156356396
1.2979590226743072,1.301621659245484,-0.033699415772031616,-0.03594368771407654
1.387680475512441,1.4120682038729124,0.08972145283813382,0.09683282131006216
1.468454988601622,1.4945380267107051,0.08077451308918104,0.09360386268402926
1.3848069232767384,1.385474857804614,-0.08364806532488367,-0.08010697350730966
1.4186537303807976,1.4155935221921512,0.033846807104059184,0.031148784613350942
1.4356354616448328,1.4553417102533814,0.016981731264035238,0.011969873883097094
1.4876695674272804,1.4990032588676954,0.052034105782447604,0.05636929379266967
1.4805696832063853,1.4917193036831178,-0.007099884220895136,-0.001973348631395938
1.3667060675285196,1.3695668525139815,-0.11386361567786563,-0.09534730838425853
1.4222476838867246,1.4571918859001134,0.05554161635820498,0.04837248975613524
1.4459169960892222,1.4281618674382532,0.023669312202497572,0.03572810509886866
1.3785396551518163,1.4096860695992974,-0.06737734093740588,-0.05934577026318169
1.4947274567678015,1.4992867970738784,0.11618780161598519,0.09914272090250147
1.3822782172502206,1.3666620171923158,-0.1124492395175809,-0.1105682044526295
1.4355530053796812,1.4231668993752387,0.053274788129460626,0.07179072031792981
1.3886354795027165,1.3738023216025839,-0.04691752587696474,-0.04167197957908041
1.406091343599578,1.4015310187694061,0.017455864096861617,0.015727954227361902
1.5281505599383538,1.548609832612772,0.1220592163387757,0.1526611975992487
1.4279359573098571,1.4140519966205083,-0.10021460262849669,-0.10036749037518754
1.4405253106708102,1.4774569915758078,0.012589353360953126,-0.0013991684755997845
1.4278661779455946,1.4010239269773297,-0.012659132725215683,-0.017969847497561486
1.3358961741912665,1.3240311903540298,-0.09197000375432807,-0.10751748644048559
1.4222138786251806,1.435026324500873,0.08631770443391407,0.09354274295662895
1.4111355796863778,1.415508004157188,-0.011078298938802744,-0.0240285687540451
1.432369415949653,1.3890320480771114,0.02123383626327513,0.008668873573600267
1.4724933996280083,1.4821475447609211,0.040123983678355346,0.03643289594940976
1.374040365311614,1.3757823921794303,-0.0984530343163943,-0.10927151597458434
1.4292310420820735,1.4193674744542586,0.055190676770459524,0.06328152385492425
1.403873725307887,1.3600238021280178,-0.02535731677418651,-0.03508025429639603
1.3613773146833734,1.331303056939287,-0.04249641062451359,-0.04287076415649719
1.378781374936788,1.3773405205840081,0.017404060253414677,0.026299994174379383
1.4711341982795023,1.4868096050557562,0.09235282334271422,0.08255961498091871
1.429929915532572,1.4095193340334473,-0.04120428274693033,-0.007730889762588969
1.4251143447991421,1.46397376914155,-0.004815570733429864,-0.0034753094046419625
1.4339972300493156,1.4253722315603994,0.008882885250173445,-0.0183356926943446
1.3137305580583511,1.305880810283039,-0.12026667199096441,-0.10593109682198397
1.4466550223515906,1.4698279561150782,0.13292446429323945,0.12962274807132024
1.3395290903418644,1.3363158398493376,-0.1071259320097262,-0.12163715723547538
1.4695006483554915,1.4541708473254613,0.12997155801362714,0.1257039150936902
1.439831501272511,1.4407569337905213,-0.02966914708298063,-0.03152701926337008
1.4288356560714541,1.4613817986084914,-0.010995845201056786,-0.013963676952524639
1.3806520625709482,1.3639067561879203,-0.04818359350050594,-0.041380648819849694
1.4858490202441057,1.457356883585568,0.10519695767315751,0.10032963679795326
1.3819644062373844,1.3396424674962948,-0.10388461400672133,-0.09175844744877665
1.4607364197111743,1.4471830531617216,0.07877201347378993,0.09101559691687107
1.4299352715286644,1.448309202000508,-0.030801148182509897,-0.03375817061602082
1.3669287178922893,1.3445858282298535,-0.06300655363637508,-0.05421050305624984
1.392075232366057,1.3553233028143499,0.0251465144737677,0.03656068899957616
1.419567102320077,1.4010315233428634,0.027491869954020087,0.015103025075341172
1.448954484735499,1.4379187635834663,0.029387382415421825,0.03110301472034017
1.4109246986864772,1.3950449521266297,-0.03802978604902174,-0.029600054183027212
1.4534570534866564,1.4659310523910367,0.04253235480017925,0.0308224458611404
1.3884736620023626,1.367444499224564,-0.06498339148429388,-0.07813108464315949
1.3199340117049485,1.3008738833162359,-0.06853965029741405,-0.07606570832392819
1.4464594835549784,1.4890636513985744,0.12652547185002994,0.12859104524242182
1.4480783756677276,1.4468784145324083,0.0016188921127491263,-0.006130430438482879
1.4924918708885122,1.4776860750414977,0.04441349522078464,0.04983796431887572
1.4093665611457746,1.4067542487836182,-0.08312530974273757,-0.07989561646763334
1.4643218669557678,1.4474790616995068,0.054955305809993193,0.06118722354301325
1.3869775733392866,1.3840334402837187,-0.07734429361648121,-0.08286611821054136
1.3881634134086989,1.3637956021429427,0.0011858400694122473,-0.002596473885588302
1.5108729415576514,1.5034818927393547,0.12270952814895253,0.11660949605828973
1.5003289727622,1.5110806856690613,-0.010543968795451386,-0.0010585198581207437
1.3901736139591727,1.3671925892511088,-0.11015535880302729,-0.09340228237919905
1.3897698409457417,1.404185286788469,-0.0004037730134309747,-0.004914146378351022
1.3669690171292304,1.3657422931734258,-0.022800823816511384,-0.02401680086143236
1.4278405355846244,1.4665577165133497,0.06087151845539407,0.07467303669822588
1.4694108882476762,1.460737642883795,0.04157035266305176,0.06730134197449426
1.3841295639906366,1.359527685984979,-0.0852813242570396,-0.08903680400390701
1.4965972495023634,1.5058339006507044,0.11246768551172681,0.11486195501960364
1.4440304559047312,1.4058783406080664,-0.052566793597632167,-0.06310547420769157
1.4643615912373533,1.4467643815803757,0.020331135332622097,0.02162135326942031
1.4224117061037216,1.454340860106402,-0.04194988513363174,-0.04682251048066828
1.3639263844763545,1.36371659622307,-0.05848532162736708,-0.049648580630158444
1.521140316173633,1.4880639270977993,0.1572139316972785,0.16428614484576076
1.4267111332671334,1.4742816303953004,-0.0944291829064996,-0.09223590101479998
1.4129487403394783,1.3956630214412178,-0.013762392927655132,-0.010178438015503612
1.3756676184591636,1.36281458985562,-0.03728112188031463,-0.03628497838528094
1.4575686417597382,1.4424839540480503,0.08190102330057458,0.07507806279423915
1.4500188769849727,1.4472542423871282,-0.007549764774765544,-0.015540000154977904
1.438872720289051,1.4435114736767658,-0.011146156695921672,-0.03918684728335696
1.3480864202916938,1.3612132413957079,-0.09078629999735721,-0.08901705682730664
1.3409095819163863,1.333169770647772,-0.0071768383753074705,0.009201318225975415
1.4371006985700827,1.440922072031264,0.0961911166536964,0.10313717238053126
1.5189278962088355,1.4983965570888262,0.08182719763875279,0.06451903210539586
1.4756736552295409,1.4644114775649792,-0.043254240979294645,-0.02648065250405696
1.4510870444975683,1.4433371959235095,-0.024586610731972547,-0.03269878345872369
1.4303776677761688,1.418178427342677,-0.020709376721399497,-0.013264197417789067
1.349367541113999,1.3215209496554687,-0.08101012666216989,-0.09216889511357959
1.4250324390857099,1.4545390742099116,0.07566489797171094,0.07283451497401515
1.437977849278342,1.4592721481801871,0.012945410192632067,0.03138778559542739
1.3625537154605294,1.3683905254118143,-0.07542413381781254,-0.056952743442192866
1.4932090610425701,1.5248669122276668,0.13065534558204073,0.13415610739099407
1.4404862082365695,1.4017106864535451,-0.05272285280600064,-0.0411902449052207
1.420808689786946,1.3943589486044488,-0.0196775184496234,-0.0072676797371029195
1.467739774185695,1.4835479490780703,0.046931084398748935,0.03396785875399473
1.4011830580156535,1.407162622391308,-0.06655671617004155,-0.06694122077999633
1.4561281603631004,1.4393292421580743,0.054945102347446984,0.0595777616341295
1.4325706220541656,1.4708454708181216,-0.02355753830893481,-0.04741741903362702
1.413503559876354,1.4303241851714237,-0.019067062177811733,-0.02613550763390045
1.3854596348884771,1.4008980770480874,-0.028043924987876778,-0.028427787479109748
1.564740767435005,1.5456668057094864,0.17928113254652778,0.17491187084502957
1.3494879685295775,1.3190525607161345,-0.21525279890542737,-0.21445248957841323
1.4528397395271402,1.4470430388418956,0.10335177099756265,0.09926640432828543
1.4125493553973592,1.3877931022968586,-0.04029038412978103,-0.048773308110477295
1.3925840400667227,1.3717379144890998,-0.0199653153306365,-0.015159238052078588
1.3511794475286312,1.3550953671425314,-0.04140459253809148,-0.037693088756645884
1.4572772164214887,1.4602950063718565,0.10609776889285749,0.12188391268359657
1.4256099402597489,1.4457608198744942,-0.03166727616173981,-0.021974004039881825
1.4035750212590703,1.4394923404314168,-0.022034919000678554,-0.029707535314300933
1.473534728168057,1.4642447807994061,0.06995970690898679,0.07431706782864735
1.4116289440280338,1.4301727473216053,-0.061905784140023234,-0.04846635102899083
1.41811729538615,1.4306221211545203,0.006488351358116207,0.011536981544073597
1.416733308042809,1.428572858158132,-0.0013839873433409977,0.00621327309853048
1.4497572614853154,1.4636346515686662,0.033023953442506304,0.04535876763237286
1.4643055660770468,1.4580678656307506,0.014548304591731398,0.018606383790990808
1.4010204756401565,1.3814628457334148,-0.06328509043689023,-0.06080886335461169
1.4610201848120152,1.500019615584333,0.059999709171858706,0.058711809791398895
1.3754576047884328,1.3786414593536012,-0.08556258002358241,-0.08163790057374257
1.4870224750659564,1.4695460672994762,0.1115648702775236,0.10590293981884642
1.5023159835936486,1.5142445305167564,0.015293508527692179,0.00906048249027885
1.3402479872223148,1.311742116895389,-0.16206799637133384,-0.15580209978035828
1.4593628387542925,1.449703596512724,0.11911485153197776,0.11805913996099897
1.431357179453472,1.4318015737763568,-0.02800565930082044,-0.035804032703480114
1.525128474813279,1.5163603212922472,0.09377129535980688,0.09611470320489014
1.4927300720118162,1.4763094243971,-0.03239840280146278,-0.01948602388689026
1.420969981391798,1.4447083934134846,-0.0717600906200182,-0.07674757763049761
1.4604996266303816,1.4955203705672784,0.0395296452385836,0.04083822648130715
1.4339618082328207,1.452076842131952,-0.026537818397560864,-0.041524967729785325
1.3768958639275173,1.3543827524005505,-0.05706594430530343,-0.04403629228407149
1.4287749187389551,1.4118395136831867,0.05187905481143784,0.051916929075156326
1.3933630383848956,1.4109163750657367,-0.03541188035405951,-0.0320545825224077
1.4097173307316972,1.393754693312545,0.016354292346801635,0.007769201142095507
1.5006852623188793,1.4947956538082845,0.09096793158718208,0.07059506892242048
1.5211478011331991,1.4949689881977417,0.02046253881431981,0.020466840773480818
1.463703962936512,1.4466243125520144,-0.05744383819668708,-0.05937578505183983
1.492496135905456,1.5031676519087378,0.028792172968943985,0.032219262987581106
1.4477925187020833,1.4531744052726203,-0.04470361720337279,-0.04101001019602648
1.447195856365518,1.412482630656825,-0.0005966623365651902,-0.007229706019587528
1.4892209070059048,1.481773189665186,0.04202505064038675,0.05939387154599886
1.466261516932926,1.4694783173401686,-0.022959390072978758,-0.02155077401183243
1.4432646221226497,1.4320911904185583,-0.022996894810276336,-0.022447552244096045
1.531128026657984,1.4928456763709328,0.08786340453533437,0.07944298916076924
1.4176033071756318,1.40692990656688,-0.11352471948235232,-0.1366056352837559
1.4333763732910945,1.4186592557999618,0.015773066115462697,0.02439364390370076
1.3780678623263345,1.3556454367112012,-0.05530851096475997,-0.039548725140481376
1.412698082293332,1.4750222344895745,0.034630219966997444,0.03658592365511421
1.3875331537920057,1.377743336552205,-0.025164928501326234,-0.02982707826801454
1.4841108908327691,1.5081871487988916,0.09657773704076345,0.08646275800332066
1.44805539735413,1.4188720421691035,-0.03605549347863923,-0.027779819064833223
1.4457108245974035,1.44723623128784,-0.002344572756726393,-0.005061245483529929
1.5585304223435321,1.5695903696470208,0.1128195977461286,0.11299539068550128
1.4602196325164103,1.4486697199355554,-0.09831078982712183,-0.09869859591337633
1.4842691666543972,1.482298361855912,0.02404953413798694,0.022483514425422946
1.3784951516186121,1.3776049986305414,-0.1057740150357851,-0.11446123964320849
1.41871623117279,1.4293482526410912,0.040221079554177974,0.04070371922056829
1.441762189835538,1.4426295958030608,0.023045958662747834,0.015152485116920402
1.4316245698281718,1.429686163870101,-0.010137620007366177,-0.017680827704383555
1.4163206819259058,1.4313350945457206,-0.015303887902266,-0.03492820544111169
1.4124907597246137,1.397304136804528,-0.0038299222012920797,-0.0114548008341906
1.474421110198665,1.460603105469639,0.06193035047405138,0.07537714288365663
1.43290760438749,1.430471060515846,-0.04151350581117508,-0.04974735546953078
1.4231713892331306,1.4276580187969918,-0.009736215154359407,-0.011387188780331762
1.4918904237289075,1.4927501413203697,0.06871903449577688,0.06804096897232545
1.4776798948665617,1.4705206398772221,-0.01421052886234575,0.007760161506586819
1.4418067662968133,1.4474911440368508,-0.03587312856974845,-0.054342429970114584
1.4838526285697913,1.5145395572183362,0.04204586227297802,0.04890849272221033
1.4810867654245783,1.48464102520791,-0.002765863145212988,-9.184801734796015e-05
1.4460092018324016,1.4702309798854314,-0.03507756359217673,-0.02869798832120809
1.3713709686272255,1.3856139871835544,-0.07463823320517604,-0.06715181662205424
1.4744352321760352,1.4627900256753457,0.10306426354880971,0.09115551481264726
1.5400873399746695,1.5432203771304256,0.06565210779863428,0.0594544006149626
1.428144996655071,1.4358892363040447,-0.11194234331959851,-0.10767993518818315
1.4500599881404235,1.4229144914240117,0.021914991485352475,0.005322099935580103
1.437111121706476,1.4271797101964654,-0.012948866433947437,-0.006747062828139778
1.530930931024579,1.5530505992363024,0.09381980931810285,0.0850961787963323
1.4375562592228546,1.4376653813704459,-0.09337467180172432,-0.09488807763608703
1.514749980459178,1.5074820654888728,0.0771937212363234,0.0623006090183825
1.4711719962050163,1.4682786348878496,-0.043577984254161706,-0.07767249368816118
1.4561292031438717,1.4655143714067738,-0.015042793061144533,-0.01381415083575697
1.3984349913760397,1.3988422031715932,-0.05769421176783207,-0.04305538726079146
1.4713921099119964,1.462840416071058,0.07295711853595677,0.07804212837448773
1.4436895241858814,1.4299175598040672,-0.02770258572611506,-0.026446221707989662
1.4821126169938836,1.4921773162022556,0.03842309280800227,0.0345608621576707
1.4543347966062266,1.456618046003571,-0.02777782038765708,-0.03376344536285406
1.468023551680718,1.4504706344614886,0.013688755074491521,0.030831095837902438
1.4994243290531428,1.490148728514752,0.03140077737242475,0.03020867778926554
1.4674817917732559,1.4472805411255742,-0.03194253727988694,-0.0286066941915976
1.5443640123234414,1.5472409680915786,0.07688222055018556,0.08093976753467982
1.5356175933709433,1.517347061479453,-0.00874641895249817,-0.008314937864019325
1.4185025318782898,1.3996176841497214,-0.1171150614926535,-0.119029821573567
1.5443373738351551,1.5275225240153323,0.12583484195686534,0.14675163953295378
1.3867296043276118,1.38702022510354,-0.1576077695075433,-0.1630797572633301
1.4703495772459023,1.463559797035637,0.08361997291829049,0.0794126601477871
1.3910603449834027,1.384705154004255,-0.07928923226249962,-0.08704490974857615
1.4707931641069014,1.5151418222458306,0.07973281912349872,0.07424871104650588
1.548713492969718,1.5103619625163576,0.07792032886281652,0.08785870555000577
1.4137874912045976,1.4010529979111581,-0.13492600176512037,-0.1539591533487175
1.4794197528419628,1.4914283592560784,0.06563226163736524,0.06894853573741662
1.4770007357533397,1.485657446754136,-0.002419017088623132,-0.007702652133227536
1.4413787034548233,1.4409859565849221,-0.03562203229851635,-0.032159028174649856
1.5363517016655874,1.523369680102325,0.0949729982107641,0.08276167930091968
1.496197707744804,1.5401461690414204,-0.04015399392078334,-0.03731127905891812
1.4991284718332625,1.52339419332857,0.002930764088458382,0.009472361416395033
1.4279552422952366,1.413149811397084,-0.07117322953802585,-0.08721340728150276
1.5220133918138716,1.5157326166253189,0.094058149518635,0.09074459464667878
1.4996882552923974,1.5169741104748589,-0.022325136521474276,-0.019260155902441914
1.5172525696059957,1.483525238734777,0.017564314313598395,0.014888120345557471
1.4589274238790557,1.4490445135128702,-0.05832514572694003,-0.060263159121799074
1.4581203443574833,1.4320134592853062,-0.0008070795215724402,0.0028290524340802404
1.4315133507723972,1.4750602445316525,-0.026606993585086114,-0.04101389011102936
1.4693929703595618,1.5047742689952992,0.03787961958716468,0.052559011241407674
1.3975358094120434,1.449741684512304,-0.07185716094751848,-0.07025116824556482
1.5085889289444918,1.5742725687445471,0.11105311953244845,0.11944439137572702
1.3653454396824298,1.3760816257562305,-0.14324348926206198,-0.127823998132705
1.5285867916090476,1.5099686633968155,0.16324135192661782,0.158231114870903
1.405685452607366,1.3771544546397188,-0.12290133900168154,-0.12880114466307524
1.4566829688487026,1.4475234452574195,0.05099751624133653,0.0488679768192713
1.570729499115913,1.533814489526952,0.11404653026721046,0.12606686002571402
1.4922805954503193,1.5088572457212004,-0.07844890366559376,-0.09144574941452961
1.4456816104405188,1.431643092395069,-0.04659898500980053,-0.04472618491601928
1.4394831254664358,1.4329402036683874,-0.0061984849740830406,0.006647774245945431
1.4629523960464026,1.4587707099998433,0.02346927057996684,0.01557731382413614
1.4868640961522506,1.4944861747470741,0.023911700105847977,0.030893867454601043
1.466408059213387,1.4192241126245613,-0.020456036938863553,-0.02513541225174088
1.3914142607064366,1.3742721308264665,-0.07499379850695043,-0.07021870795800603
1.493322167152641,1.5061236003237195,0.10190790644620451,0.10975278992295832
1.4800111742654416,1.4323121426053809,-0.013310992887199502,-0.0018699115914386725
1.5329635899136766,1.5042230637854705,0.05295241564823505,0.057703224941612244
1.4762166640430898,1.4754950626132435,-0.05674692587058683,-0.05655451590024526
1.3925017532722757,1.38881013682371,-0.08371491077081417,-0.06770707096984804
1.4389712980495337,1.4327136755623417,0.046469544777258065,0.03492631169388359
1.4622592925045992,1.459043979923563,0.023287994455065464,0.011396162866815187
1.446909430711136,1.4268568973282845,-0.015349861793463093,0.0019694736236092227
1.3868463419441848,1.3860363620700131,-0.06006308876695132,-0.055078427247146546
1.5029085955329782,1.525430556998035,0.11606225358879341,0.11961555303849172
1.590346827374368,1.5977562169151485,0.08743823184138977,0.06089563535226836
1.547891824196942,1.5178591556211969,-0.04245500317742601,-0.06435892350218692
1.3849910025169074,1.3674721349130923,-0.1629008216800345,-0.15693276381587437
1.4778056277558207,1.4906949483030965,0.09281462523891326,0.10303319118469251
1.5106173561637306,1.4737874522280825,0.03281172840790991,0.03543027780668109
1.5601274924891886,1.5302843363099004,0.049510136325457976,0.05638617862491028
1.6517127428623193,1.624088712983801,0.0915852503731307,0.09253962052965733
1.5404979458078598,1.489987051661655,-0.11121479705445947,-0.10980474638050976
1.5184498229990824,1.5297179752054781,-0.022048122808777437,-0.01071794125104386
1.4724855692658025,1.4538049378132853,-0.045964253733279836,-0.029970173160475143
1.4640471195686873,1.457648563285374,-0.008438449697115269,-0.019075983220993013
1.429671839630502,1.4421468362070364,-0.034375279938185344,-0.04261751958433425
1.3536654993912243,1.3585247212834908,-0.07600634023927766,-0.08037740521957198
1.5462776703078787,1.5233995709899837,0.1926121709166544,0.18761466068631727
1.4574140719437643,1.449676096847899,-0.0888635983641144,-0.08096545175818977
1.4922826444840767,1.5022788487525327,0.03486857254031239,0.029728332575555898
1.5432176774278454,1.5538191456115564,0.05093503294376878,0.042360671208275566
1.516073819084704,1.5288479081652124,-0.02714385834314137,-0.030276905958047322
1.5223877523946239,1.497038471303692,0.006313933309919806,-0.0019235547162694353
1.4810948464501807,1.4855068999217973,-0.041292905944443126,-0.04529405157168289
1.5159894019233668,1.5067523714345492,0.034894555473186095,0.05310459822821425
1.4221872980234693,1.4565800619448301,-0.09380210389989752,-0.0849402745035961
1.4637449259524293,1.4445345773459448,0.041557627928960006,0.0527786704945673
1.5331931753500838,1.5408630905915377,0.06944824939765448,0.07685742265975641
1.5516807849119432,1.5636605467558784,0.018487609561859353,0.02773569309642981
1.3901116566331748,1.3805373079327827,-0.16156912827876835,-0.17914965059406718
1.5458733107512772,1.5372515533445759,0.1557616541181024,0.16733399620852796
1.4760424940600687,1.4565829330282063,-0.0698308166912085,-0.06925342813142109
1.508355770042812,1.4871505872120432,0.03231327598274336,0.050450924661937444
1.4554016023577687,1.4390271741063008,-0.05295416768504335,-0.04980349966642486
1.573981738581571,1.586150508154362,0.11858013622380237,0.12080966327806726
1.4840084102190254,1.504911375741518,-0.08997332836254568,-0.09221476451429733
1.504401270022894,1.5321340410209487,0.020392859803868513,0.043014384420276136
1.5987455850989716,1.5989625516179924,0.09434431507607766,0.0893967183501641
1.5210606584205526,1.4979245469017732,-0.07768492667841898,-0.08908694619265126
1.4926668722776604,1.5050504118348158,-0.02839378614289223,-0.045202324152943875
1.456097793530551,1.4867100123128647,-0.03656907874710935,-0.03415228536669727
