Actual_Level,Predicted_Level,Actual_DeltaH,Predicted_DeltaH
10.0,9.975726142258791,0.0,-0.02427385774120949
10.000342582406287,9.977560640237149,0.00034258240628585497,-0.022439359762851198
10.000685160791921,9.991454223196591,0.000685160791920121,-0.008545776803409363
10.001027731136299,9.967695264617092,0.0010277311362983969,-0.032304735382907596
10.00137028941891,10.003201866017871,0.0013702894189106557,0.0032018660178709203
10.001712831619388,10.004252657004633,0.0017128316193884313,0.00425265700463289
10.002055353717552,10.036480683175082,0.002055353717552003,0.036480683175082365
10.002397851693457,9.977884227411778,0.0023978516934575755,-0.022115772588223035
10.002740321527444,9.994637690439824,0.0027403215274444614,-0.00536230956017582
10.003082759200183,10.012866184885276,0.003082759200182254,0.012866184885275925
10.003425160692718,9.984247596048204,0.003425160692718001,-0.01575240395179545
10.003767521986523,10.008084272094573,0.0037675219865233745,0.008084272094572197
10.004109839063542,10.004577806080327,0.004109839063541827,0.004577806080326728
10.004452107906236,10.011895736370947,0.004452107906235755,0.011895736370946769
10.004794324497635,10.020023988078151,0.004794324497633649,0.020023988078151787
10.005136484821378,9.987680053662551,0.005136484821377232,-0.012319946337449155
10.005478584861768,9.996646553132138,0.005478584861768609,-0.0033534468678627196
10.005820620603817,9.983813622912384,0.00582062060381738,-0.016186377087614962
10.006162588033288,10.014947152283668,0.006162588033287777,0.014947152283667994
10.006504483136746,10.006739141747966,0.006504483136745765,0.006739141747966715
10.006846301901605,10.018447965502356,0.006846301901606152,0.018447965502355737
10.00718804031618,9.996179210032535,0.007188040316179677,-0.0038207899674648537
10.00752969436972,10.035326988038038,0.007529694369720096,0.03532698803803798
10.007871260052472,10.019768584216921,0.00787126005247125,0.01976858421692184
10.008212733355714,9.989342443837147,0.008212733355714126,-0.010657556162852409
10.008554110271813,10.003183521060347,0.00855411027181391,0.00318352106034719
10.008895386794267,10.031426346588452,0.008895386794267011,0.031426346588451046
10.009236558917747,9.990459591779114,0.009236558917748093,-0.00954040822088593
10.009577622638156,10.00144243404718,0.009577622638157077,0.0014424340471801706
10.009918573952666,9.994614908548893,0.00991857395266613,-0.0053850914511067716
10.010259408859767,10.00029222096096,0.010259408859766657,0.00029222096096054133
10.010600123359316,9.981752382952774,0.01060012335931625,-0.018247617047226744
10.010940713452586,9.997791578218939,0.010940713452585647,-0.0022084217810618284
10.011281175142306,10.043241276363846,0.011281175142305647,0.04324127636384652
10.011621504432714,10.004662806698377,0.011621504432714043,0.004662806698377945
10.011961697329603,10.02305055486716,0.011961697329602498,0.023050554867160067
10.012301749840363,10.000170259993498,0.012301749840363434,0.00017025999349828957
10.012641657974036,10.026460999457038,0.012641657974036888,0.026460999457038382
10.012981417741358,10.0536409169494,0.012981417741357349,0.05364091694939914
10.0133210251548,10.04758602226679,0.013321025154800584,0.0475860222667909
10.01366047622863,9.995900184077977,0.01366047622863042,-0.004099815922023688
10.013999766978946,10.030991917527196,0.013999766978945546,0.03099191752719559
10.014338893423727,10.028691375136493,0.014338893423726249,0.02869137513649319
10.014677851582881,9.991779054891952,0.014677851582881164,-0.008220945108048097
10.015016637478293,10.01180652481449,0.01501663747829396,0.011806524814489641
10.01535524713387,10.028143113278212,0.015355247133870068,0.02814311327821171
10.015693676575584,10.017409149022933,0.015693676575583307,0.01740914902293273
10.016031921831523,9.98757686462472,0.01603192183152255,-0.012423135375281554
10.01636997893194,10.028517590574026,0.016369978931938325,0.02851759057402658
10.01670784390929,10.016358044018082,0.016707843909289418,0.016358044018081948
10.017045512798289,10.021971599446552,0.017045512798289416,0.021971599446551724
10.017382981635953,10.025192141999815,0.01738298163595327,0.025192141999814507
10.017720246461645,10.025877430270041,0.017720246461643795,0.02587743027004109
10.018057303317118,10.013082721321748,0.018057303317118148,0.013082721321748307
10.018394148246575,10.015736886235297,0.018394148246574288,0.01573688623529714
10.018730777296698,10.040497495708848,0.01873077729669741,0.0404974957088488
10.019067186516706,10.009003310470614,0.019067186516706316,0.00900331047061412
10.0194033719584,9.995408560210947,0.019403371958399827,-0.004591439789052673
10.019739329676202,10.034371530140298,0.019739329676203073,0.03437153014029812
10.020075055727213,10.013567500544886,0.020075055727213836,0.013567500544886242
10.020410546171249,9.98109146884905,0.02041054617124879,-0.018908531150951324
10.020745797070889,9.976606310938344,0.020745797070889794,-0.023393689061656186
10.02108080449153,9.989854340810233,0.021080804491530047,-0.010145659189767144
10.021415564501421,10.043490758900885,0.021415564501420306,0.04349075890088561
10.021750073171715,10.018398917526595,0.02175007317171501,0.018398917526594633
10.022084326576518,10.009543019974025,0.02208432657651839,0.009543019974024593
10.02241832079293,10.057674953294182,0.022418320792930574,0.057674953294182096
10.022752051901094,9.99483847188651,0.022752051901093577,-0.005161528113490542
10.023085515984237,10.030216874636764,0.02308551598423735,0.03021687463676457
10.023418709128725,10.043916952494973,0.023418709128725717,0.04391695249497381
10.023751627424103,10.051634424963103,0.023751627424102337,0.05163442496310308
10.024084266963136,10.02459695320294,0.02408426696313657,0.024596953202939923
10.02441662384187,10.029930985785574,0.02441662384186935,0.029930985785574182
10.024748694159658,9.987477253728544,0.024748694159659003,-0.012522746271456255
10.025080474019227,10.024175987712331,0.025080474019227,0.024175987712331166
10.025411959526703,10.058039145660967,0.025411959526703755,0.058039145660967344
10.025743146791674,10.021627668277494,0.02574314679167425,0.021627668277494946
10.026074031927223,10.039095003040376,0.026074031927223768,0.039095003040377316
10.026404611049983,10.016299793356506,0.026404611049983436,0.016299793356505683
10.026734880280175,10.046889559009445,0.02673488028017587,0.04688955900944483
10.02706483574166,10.001774386854274,0.027064835741660676,0.0017743868542741577
10.02739447356198,10.047791970860867,0.027394473561979937,0.0477919708608675
10.027723789872404,10.060420666078913,0.027723789872403665,0.06042066607891276
10.028052780807975,10.03527195614947,0.028052780807975228,0.03527195614947086
10.028381442507557,10.040254968132603,0.02838144250755667,0.04025496813260255
10.028709771113874,10.024522808308182,0.028709771113874072,0.024522808308182716
10.029037762773562,10.040433860149239,0.02903776277356279,0.04043386014923835
10.029365413637212,10.034825314446891,0.029365413637212668,0.03482531444689192
10.029692719859414,10.023258198197453,0.029692719859413276,0.023258198197452767
10.0300196775988,10.024305311780392,0.030019677598798967,0.02430531178039258
10.030346283018094,10.010426800838806,0.030346283018094018,0.010426800838805865
10.030672532284157,10.061270671297752,0.030672532284157616,0.06127067129775239
10.030998421568029,10.034053262969321,0.0309984215680289,0.034053262969321964
10.031323947044973,10.0672520830261,0.03132394704497186,0.06725208302609884
10.03164910489452,10.044576950354026,0.03164910489452021,0.04457695035402673
10.031973891300522,10.015560572982306,0.03197389130052229,0.015560572982305055
10.032298302451185,10.057761254804122,0.03229830245118579,0.05776125480412135
10.032622334539122,10.01815063584403,0.03262233453912252,0.018150635844030392
10.032945983761394,10.01302842881589,0.0329459837613931,0.01302842881588916
10.033269246319552,10.035054120535808,0.03326924631955153,0.035054120535808454
10.03359211841969,10.010167236665769,0.03359211841968988,0.010167236665768225
10.033914596272483,10.01951289301782,0.03391459627248271,0.019512893017819728
10.034236676093231,10.012003071490401,0.034236676093231604,0.012003071490400318
10.03455835410191,10.027101494679505,0.034558354101909564,0.02710149467950534
10.034879626523205,10.048196431087046,0.034879626523205386,0.04819643108704621
10.035200489586568,10.037744934313901,0.035200489586567976,0.037744934313900746
10.03552093952625,10.046841755530302,0.03552093952625057,0.04684175553030156
10.035840972581354,10.029887368799782,0.035840972581354956,0.029887368799781794
10.036160584995876,10.044391398113456,0.0361605849958756,0.04439139811345656
10.036479773018744,10.049813922969685,0.03647977301874376,0.04981392296968454
10.036798532903871,10.061487389378138,0.03679853290387144,0.0614873893781375
10.037116860910196,10.036705578752594,0.03711686091019544,0.036705578752594135
10.03743475330172,10.017582541904224,0.037434753301721205,0.017582541904223113
10.037752206347566,10.054599902466206,0.03775220634756668,0.05459990246620576
10.038069216322006,10.042157519933639,0.03806921632200612,0.04215751993363891
10.038385779504514,10.022810934060386,0.038385779504513794,0.02281093406038608
10.038701892179807,10.024282618868305,0.038701892179807657,0.024282618868306224
10.039017550637894,10.030792008283502,0.039017550637892945,0.030792008283502068
10.039332751174106,10.043848009129992,0.03933275117410576,0.04384800912999229
10.039647490089157,10.018654427432951,0.03964749008915646,0.018654427432950135
10.039961763689174,10.058862758932376,0.03996176368917318,0.05886275893237654
10.040275568285745,10.027532555017737,0.040275568285745106,0.027532555017737704
10.040588900195965,10.0470448062862,0.04058890019596581,0.04704480628619984
10.040901755742476,10.059190181112243,0.04090175574247643,0.05919018111224268
10.04121413125351,10.048486002269428,0.04121413125350888,0.04848600226942697
10.041526023062929,10.090932709287374,0.0415260230629289,0.09093270928737476
10.041837427510279,10.063843420536108,0.04183742751027911,0.06384342053610831
10.042148340940821,10.087861851595044,0.04214834094082195,0.08786185159504295
10.042458759705582,10.056534073395518,0.04245875970558258,0.05653407339551879
10.042768680161391,10.07187970107059,0.04276868016139172,0.07187970107058951
10.043078098670929,10.040124624586374,0.043078098670928405,0.04012462458637361
10.043387011602762,10.049598663140353,0.04338701160276265,0.04959866314035279
10.043695415331397,10.062163036522248,0.04369541533139806,0.062163036522247625
10.044003306237315,10.047119626700479,0.04400330623731446,0.0471196267004783
10.04431068070701,10.021235640062136,0.044310680707010275,0.02123564006213494
10.044617535133044,10.037157753395599,0.044617535133045,0.03715775339559905
10.04492386591408,10.077718281638527,0.044923865914081505,0.07771828163852704
10.045229669454928,10.049848637724544,0.045229669454928345,0.04984863772454442
10.045534942166581,10.022704877451723,0.04553494216658191,0.022704877451722585
10.045839680466269,10.040475403615694,0.04583968046626856,0.04047540361569378
10.046143880777487,10.056113570045845,0.04614388077748668,0.05611357004584544
10.046447539530048,10.04414542531717,0.046447539530048654,0.04414542531717085
10.046750653160123,10.06984679423571,0.04675065316012276,0.06984679423571027
10.047053218110275,10.058890921731125,0.04705321811027502,0.05889092173112485
10.047355230829512,10.016036836141483,0.04735523082951089,0.016036836141483303
10.047656687773317,10.039549757169647,0.04765668777331701,0.03954975716964739
10.047957585403703,10.03138723536942,0.04795758540370276,0.03138723536942066
10.048257920189242,10.021852807477899,0.0482579201892418,0.02185280747789787
10.048557688605113,10.034109699602912,0.04855768860511349,0.034109699602910805
10.048856887133145,10.03518343471198,0.04885688713314429,0.03518343471197948
10.04915551226185,10.029397943640513,0.049155512261849034,0.029397943640511872
10.049453560486473,10.043411664117713,0.049453560486472155,0.04341166411771307
10.049751028309029,10.053953050625374,0.0497510283090288,0.05395305062537427
10.050047912238346,10.04381638411399,0.050047912238345885,0.04381638411398983
10.050344208790102,10.061261184918447,0.050344208790103095,0.061261184918446836
10.050639914486874,10.035817340974242,0.050639914486873716,0.035817340974243064
10.050935025858166,10.025348841776893,0.05093502585816556,0.02534884177689234
10.051229539440461,10.055308548842655,0.05122953944046155,0.055308548842655764
10.05152345177726,10.052709762706018,0.051523451777260476,0.05270976270601685
10.051816759419118,10.029298368641474,0.051816759419117536,0.029298368641473924
10.052109458923685,10.01905946369708,0.05210945892368479,0.019059463697079053
10.052401546855751,10.054100642746324,0.052401546855751616,0.05410064274632288
10.052693019787284,10.081803076378232,0.05269301978728496,0.08180307637823225
10.05298387429747,10.082115943903924,0.05298387429746959,0.08211594390392399
10.053274106972749,10.024446074464139,0.05327410697274833,0.024446074464138625
10.053563714406861,10.077965634416321,0.053563714406861966,0.07796563441632098
10.05385269320089,10.050968996866109,0.05385269320088934,0.05096899686610967
10.054141039963287,10.036615829775839,0.05414103996328721,0.03661582977583845
10.05442875130993,10.044381449600367,0.054428751309930024,0.04438144960036632
10.05471582386415,10.050851231644339,0.05471582386414972,0.05085123164433869
10.055002254256776,10.031345588567783,0.05500225425677522,0.03134558856778308
10.055288039126172,10.042981659895245,0.05528803912617211,0.04298165989524508
10.055573175118282,10.046588676137715,0.055573175118282005,0.046588676137714044
10.055857658886662,10.064221537365885,0.05585765888666196,0.06422153736588514
10.056141487092523,10.073183948324608,0.05614148709252373,0.07318394832460837
10.056424656404772,10.048447704945637,0.0564246564047729,0.04844770494563806
10.056707163500048,10.068612443329675,0.0567071635000481,0.06861244332967467
10.05698900506276,10.043155647810837,0.05698900506275992,0.04315564781083699
10.05727017778513,10.02621343924721,0.05727017778512981,0.026213439247210202
10.057550678367228,10.054027126091597,0.05755067836722896,0.05402712609159735
10.057830503517017,10.035685667783484,0.05783050351701701,0.03568566778348396
10.058109649950381,10.084034985857967,0.05810964995038066,0.08403498585796665
10.058388114391173,10.068569400785444,0.05838811439117228,0.06856940078544436
10.058665893571249,10.109038813527826,0.05866589357124823,0.10903881352782682
10.058942984230507,10.049274307542328,0.05894298423050736,0.049274307542328824
10.059219383116929,10.043114258507622,0.0592193831169292,0.04311425850762074
10.059495086986612,10.076338062038676,0.05949508698661215,0.07633806203867595
10.059770092603811,10.098308392083112,0.05977009260381149,0.09830839208311268
10.060044396740977,10.056711176027184,0.060044396740977446,0.056711176027184534
10.060317996178792,10.03437502947195,0.06031799617879302,0.03437502947194951
10.060590887706212,10.06980048189088,0.060590887706211786,0.06980048189087919
10.060863068120495,10.057369562536044,0.06086306812049555,0.0573695625360431
10.061134534227252,10.084103918806576,0.06113453422725196,0.084103918806577
10.061405282840472,10.057252530338427,0.061405282840472024,0.05725253033842725
10.061675310782567,10.074099359748883,0.06167531078256744,0.07409935974888429
10.061944614884409,10.042103181522537,0.061944614884407945,0.042103181522536726
10.062213191985359,10.052919657962136,0.062213191985358476,0.052919657962135186
10.062481038933317,10.086430712751723,0.062481038933316274,0.08643071275172251
10.062748152584748,10.085717229502148,0.06274815258474788,0.08571722950214801
10.063014529804725,10.053764717059066,0.06301452980472602,0.05376471705906523
10.063280167466967,10.067401315131356,0.0632801674669664,0.06740131513135604
10.063545062453864,10.088611457017285,0.06354506245386445,0.08861145701728534
10.063809211656531,10.029809317707484,0.06380921165653178,0.029809317707483643
10.064072611974833,10.056542761885874,0.06407261197483283,0.0565427618858743
10.06433526031742,10.135004979230738,0.06433526031742112,0.13500497923073762
10.064597153601776,10.084733348834815,0.06459715360177562,0.08473334883481452
10.064858288754237,10.051619992757383,0.06485828875423688,0.05161999275738252
10.065118662710043,10.080766871101657,0.06511866271004312,0.08076687110165666
10.065378272413366,10.071636283796236,0.06537827241336619,0.07163628379623574
10.065637114817347,10.076177751755447,0.06563711481734745,0.07617775175544597
10.065895186884134,10.09373589924733,0.06589518688413351,0.09373589924732992
10.066152485584912,10.03661019208178,0.0661524855849119,0.03661019208177867
10.066409007899946,10.065280284135254,0.0664090078999466,0.06528028413525401
10.066664750818614,10.057147964867655,0.06666475081861349,0.05714796486765468
10.066919711339436,10.06243594113081,0.06691971133943572,0.062435941130810226
10.067173886470119,10.0883073503087,0.06717388647011883,0.08830735030870035
10.067427273227587,10.035612227014921,0.067427273227586,0.03561222701492026
10.067679868638013,10.116843561216726,0.06767986863801298,0.11684356121672601
10.067931669736863,10.036340185997755,0.06793166973686297,0.03634018599775443
10.068182673568922,10.084724953701668,0.06818267356892155,0.08472495370166841
10.06843287718833,10.069778923513832,0.06843287718833115,0.06977892351383193
10.068682277658626,10.077327672006602,0.0686822776586258,0.07732767200660272
10.068930872052766,10.110871818839525,0.06893087205276556,0.11087181883952603
10.06917865745317,10.114575033166156,0.0691786574531708,0.1145750331661567
10.069425630951756,10.078569928404498,0.06942563095175645,0.0785699284044972
10.069671789649966,10.080708952574081,0.0696717896499663,0.0807089525740814
10.069917130658807,10.093971396529728,0.06991713065880674,0.09397139652972832
10.07016165109888,10.065514015362554,0.07016165109888091,0.06551401536255419
10.070405348100422,10.069414989671156,0.07040534810042236,0.06941498967115611
10.07064821880333,10.083309987028931,0.07064821880332872,0.08330998702893136
10.070890260357196,10.083842411414853,0.07089026035719542,0.08384241141485217
10.07113146992135,10.076344774671133,0.07113146992134893,0.07634477467113363
10.07137184466488,10.051695654452741,0.07137184466488027,0.051695654452741886
10.071611381766678,10.051540043928386,0.07161138176667815,0.05154004392838517
10.071850078415462,10.051798957502811,0.0718500784154621,0.051798957502810175
10.072087931809815,10.084876328056165,0.07208793180981543,0.08487632805616467
10.072324939158218,10.073611093990603,0.07232493915821822,0.07361109399060305
10.07256109767908,10.045511000188084,0.07256109767907991,0.04551100018808306
10.072796404600773,10.088033173439243,0.07279640460077212,0.08803317343924337
10.073030857161662,10.08564649832836,0.07303085716166102,0.08564649832836084
10.07326445261014,10.080911069366977,0.0732644526101399,0.0809110693669757
10.073497188204662,10.078423672669992,0.07349718820466133,0.07842367266999115
10.07372906121377,10.053086756704865,0.0737290612137694,0.05308675670486468
10.073960068916131,10.077059995114851,0.07396006891613177,0.0770599951148515
10.074190208600571,10.103777878084617,0.0741902086005716,0.1037778780846177
10.0744194775661,10.086001496891017,0.07441947756609935,0.08600149689101605
10.074647873121945,10.090791143851142,0.07464787312194456,0.09079114385114263
10.074875392587588,10.108691365159462,0.07487539258758732,0.10869136515946151
10.07510203329279,10.084299846072696,0.0751020332927898,0.0842998460726963
10.075327792577628,10.100362712558086,0.07532779257762759,0.10036271255808653
10.07555266779252,10.092727680231468,0.07555266779252084,0.09272768023146793
10.075776656298265,10.054836076242937,0.07577665629826551,0.054836076242937584
10.075999755466064,10.078545324194904,0.07599975546606415,0.07854532419490448
10.076221962677558,10.09602472556857,0.07622196267755689,0.09602472556857097
10.076443275324852,10.085071819334319,0.07644327532485216,0.08507181933431865
10.076663690810557,10.056834429489633,0.07666369081055724,0.05683442948963271
10.076883206547809,10.06948732490911,0.07688320654780875,0.06948732490910933
10.077101819960303,10.075880891341896,0.07710181996030309,0.07588089134189535
10.077319528482327,10.118065089344777,0.07731952848232657,0.11806508934477647
10.077536329558786,10.054681479019436,0.07753632955878559,0.05468147901943626
10.077752220645237,10.056807636079967,0.07775222064523657,0.05680763607996739
10.077967199207915,10.100862465007745,0.07796719920791595,0.10086246500774568
10.07818126272377,10.102831276950438,0.07818126272376973,0.10283127695043844
10.078394408680483,10.087552336098163,0.0783944086804832,0.08755233609816393
10.078606634576511,10.092200782320779,0.0786066345765104,0.09220078232077802
10.078817937921103,10.076282352123867,0.07881793792110356,0.0762823521238675
10.079028316234343,10.080297223457144,0.07902831623434213,0.08029722345714478
10.079237767047163,10.086341299977608,0.0792377670471621,0.08634129997760856
10.079446287901385,10.085453570266704,0.07944628790138483,0.08545357026670392
10.079653876349745,10.07984857325093,0.07965387634974604,0.07984857325092888
10.079860529955925,10.105949194052235,0.07986052995592435,0.10594919405223509
10.080066246294571,10.089756288917629,0.08006624629457006,0.08975628891762803
10.080271022951333,10.107709685390738,0.08027102295133345,0.10770968539073766
10.080474857522892,10.05974166202693,0.08047485752289325,0.05974166202693057
10.080677747616985,10.060466681938431,0.08067774761698476,0.06046668193843084
10.080879690852427,10.07933294838379,0.08087969085242798,0.07933294838378925
10.081080684859156,10.05702340825842,0.0810806848591555,0.05702340825842003
10.08128072727824,10.071690775692392,0.08128072727824039,0.07169077569239282
10.081479815761924,10.05019445031918,0.08147981576192379,0.05019445031917968
10.081677947973642,10.06765869638174,0.08167794797364254,0.06765869638173899
10.081875121588057,10.082792785193567,0.08187512158805663,0.08279278519356574
10.082071334291076,10.084952019542213,0.08207133429107635,0.08495201954221271
10.082266583779889,10.109494657882504,0.0822665837798896,0.1094946578825033
10.08246086776299,10.066381790497738,0.08246086776298883,0.06638179049773814
10.082654183960198,10.10174781325519,0.08265418396019797,0.10174781325519128
10.0828465301027,10.052999608411048,0.0828465301026992,0.05299960841104681
10.083037903933059,10.045919460757714,0.0830379039330595,0.04591946075771499
10.083228303205257,10.108524995965055,0.08322830320525727,0.1085249959650552
10.083417725684708,10.056982248838768,0.08341772568470858,0.05698224883876704
10.083606169148293,10.080027289418817,0.08360616914829344,0.08002728941881761
10.083793631384381,10.092266400223687,0.08379363138438191,0.09226640022368673
10.08398011019286,10.073973335251749,0.08398011019286002,0.07397333525174893
10.084165603385156,10.087841471038303,0.0841656033851556,0.08784147103830353
10.084350108784264,10.093339771499998,0.08435010878426397,0.09333977149999928
10.084533624224774,10.091660321120235,0.08453362422477351,0.09166032112023578
10.084716147552891,10.105169014377948,0.08471614755289107,0.1051690143779471
10.084897676626467,10.1164318598089,0.08489767662646719,0.11643185980890058
10.085078209315022,10.084316301589775,0.08507820931502132,0.08431630158977403
10.085257743499767,10.057784757794916,0.08525774349976675,0.05778475779491592
10.085436277073635,10.074044080767452,0.08543627707363555,0.07404408076745171
10.085613807941304,10.060457949670104,0.08561380794130327,0.060457949670104455
10.085790334019213,10.139512433864228,0.0857903340192135,0.13951243386422757
10.085965853235603,10.064115202227567,0.08596585323560235,0.0641152022275665
10.086140363530523,10.107992112755054,0.08614036353052279,0.10799211275505455
10.086313862855869,10.082948445672455,0.08631386285586877,0.08294844567245474
10.086486349175399,10.0718704662402,0.0864863491753993,0.071870466240201
10.086657820464762,10.107666645287864,0.08665782046476234,0.10766664528786367
10.086828274711518,10.069857624872775,0.08682827471151855,0.06985762487277472
10.086997709915165,10.069199725329465,0.08699770991516492,0.06919972532946538
10.087166124087158,10.132786657422168,0.0871661240871582,0.13278665742216778
10.087333515250938,10.08007782262348,0.08733351525093833,0.08007782262347982
10.087499881441952,10.115500830286543,0.08749988144195159,0.11550083028654179
10.087665220707674,10.06598538945589,0.08766522070767357,0.06598538945588991
10.087829531107632,10.129249128325338,0.08782953110763231,0.1292491283253378
10.08799281071343,10.087649899614423,0.08799281071343078,0.08764989961442353
10.08815505760877,10.083133482410023,0.08815505760876974,0.08313348241002341
10.08831626988947,10.080568290387092,0.08831626988947021,0.08056829038709114
10.088476445663495,10.07069839247862,0.08847644566349565,0.07069839247861986
10.088635583050975,10.085030026762064,0.08863558305097434,0.08503002676206453
10.08879368018422,10.076435194090429,0.08879368018422137,0.07643519409042931
10.08895073520776,10.080354858191603,0.08895073520776059,0.08035485819160278
10.089106746278347,10.096082629751983,0.08910674627834633,0.09608262975198224
10.089261711564985,10.105895039765922,0.08926171156498512,0.10589503976592253
10.089415629248958,10.100209623115628,0.08941562924895707,0.10020962311562771
10.089568497523837,10.098933223705213,0.08956849752383733,0.09893322370521292
10.089720314595517,10.071249928343594,0.08972031459551717,0.07124992834359377
10.089871078682226,10.081067969962424,0.08987107868222519,0.08106796996242438
10.090020788014549,10.070975478368347,0.09002078801454806,0.07097547836834593
10.090169440835451,10.06505224968361,0.09016944083545142,0.065052249683611
10.0903170354003,10.0869614915439,0.09031703540030042,0.08696149154389944
10.09046356997688,10.082264272687025,0.09046356997688025,0.08226427268702485
10.090609042845417,10.092683135075111,0.09060904284541643,0.09268313507511144
10.090753452298594,10.097018198060763,0.09075345229859501,0.09701819806076205
10.090896796641582,10.113993147769666,0.09089679664158262,0.11399314776966585
10.091039074192047,10.06373222457879,0.09103907419204632,0.06373222457878934
10.091180283280174,10.083874235621357,0.09118028328017341,0.08387423562135665
10.09132042224869,10.100789861095546,0.09132042224869097,0.10078986109554498
10.091459489452886,10.09555613743011,0.0914594894528853,0.09555613743010986
10.091597483260621,10.089428838911699,0.09159748326062134,0.08942883891169827
10.091734402052362,10.10988909220236,0.09173440205236164,0.10988909220236115
10.091870244221186,10.093982514939963,0.0918702442211855,0.0939825149399639
10.092005008172809,10.073987806050457,0.09200500817280784,0.07398780605045757
10.092138692325598,10.082872266885541,0.09213869232559779,0.08287226688554089
10.092271295110598,10.099572638070569,0.09227129511059741,0.09957263807056858
10.09240281497154,10.061856407195796,0.09240281497153995,0.06185640719579593
10.092533250364868,10.086975880238068,0.0925332503648682,0.08697588023806713
10.092662599759752,10.080890417897912,0.09266259975975265,0.08089041789791149
10.09279086163811,10.109831030345227,0.09279086163810932,0.10983103034522568
10.092918034494618,10.094797891268552,0.0929180344946177,0.09479789126855138
10.093044116836738,10.074629583459378,0.0930441168367384,0.07462958345937826
10.09316910718473,10.107638707317172,0.09316910718473055,0.1076387073171725
10.09329300407167,10.096988645215287,0.09329300407166935,0.09698864521528784
10.093415806043463,10.09545360326541,0.09341580604346314,0.09545360326540998
10.093537511658871,10.085896929221024,0.09353751165887053,0.08589692922102289
10.093658119489517,10.100060822997063,0.09365811948951731,0.100060822997063
10.093777628119913,10.074898144572602,0.0937776281199132,0.07489814457260158
10.093896036147468,10.127263429670199,0.09389603614746847,0.1272634296701984
10.09401334218251,10.106074415346459,0.0940133421825104,0.10607441534645973
10.0941295448483,10.103445462173793,0.09412954484829957,0.10344546217379404
10.094244642781046,10.08598722370287,0.0942446427810461,0.0859872237028704
10.094358634629925,10.082424891928461,0.09435863462992551,0.08242489192846186
10.094471519057095,10.116643820149948,0.09447151905709475,0.11664382014994795
10.094583294737708,10.087079721788653,0.0945832947377077,0.08707972178865248
10.094693960359931,10.075459575783508,0.09469396035993094,0.07545957578350823
10.094803514624958,10.068574765807348,0.09480351462495895,0.06857476580734892
10.09491195624703,10.05840201770066,0.09491195624702947,0.058402017700659586
10.09501928395344,10.153852281675599,0.09501928395343856,0.15385228167559833
10.095125496484556,10.12966000000492,0.09512549648455554,0.1296600000049205
10.095230592593838,10.109202541951378,0.09523059259383773,0.10920254195137856
10.095334571047845,10.13864742333145,0.09533457104784517,0.1386474233314507
10.095437430626255,10.0575746697622,0.09543743062625501,0.05757466976220091
10.095539170121876,10.073409994423049,0.09553917012187585,0.0734099944230491
10.095639788340662,10.107838751581454,0.09563978834066196,0.10783875158145384
10.095739284101727,10.05426181496803,0.09573928410172725,0.05426181496802855
10.095837656237359,10.076964610596944,0.09583765623735911,0.07696461059694436
10.095934903593033,10.132635930270528,0.09593490359303218,0.13263593027052767
10.096031025027422,10.106918269426904,0.0960310250274218,0.10691826942690347
10.096126019412418,10.129514616908772,0.09612601941241755,0.12951461690877236
10.096219885633136,10.104795988230816,0.09621988563313633,0.10479598823081522
10.096312622587936,10.056567769891954,0.09631262258793556,0.056567769891953966
10.096404229188426,10.105112853766515,0.09640422918842606,0.10511285376651462
10.096494704359484,10.078727334263526,0.09649470435948483,0.07872733426352639
10.096584047039268,10.147719289816997,0.09658404703926768,0.14771928981699767
10.096672256179222,10.100710383244179,0.09667225617922165,0.10071038324417941
10.096759330744097,10.07437018584913,0.0967593307440974,0.07437018584912902
10.096845269711961,10.105102709610799,0.09684526971196128,0.10510270961079826
10.096930072074207,10.106583025268643,0.09693007207420734,0.10658302526864243
10.097013736835569,10.072819330124057,0.09701373683556921,0.0728193301240569
10.097096263014132,10.105638744330635,0.09709626301413174,0.1056387443306347
10.097177649641342,10.119640757176127,0.09717764964134253,0.1196407571761267
10.097257895762024,10.110570166147578,0.09725789576202332,0.11057016614757811
10.097337000434381,10.11635260264698,0.09733700043438112,0.11635260264698068
10.097414962730019,10.094806546309435,0.09741496273001941,0.094806546309436
10.097491781733948,10.089692017987536,0.09749178173394892,0.08969201798753658
10.0975674565446,10.120716305600876,0.09756745654459836,0.12071630560087637
10.097641986273825,10.101887239731806,0.09764198627382512,0.10188723973180598
10.097715370046926,10.094783287959363,0.09771537004692554,0.09478328795936293
10.097787607002646,10.058053617969797,0.09778760700264527,0.058053617969796856
10.097858696293189,10.112657017877167,0.09785869629318941,0.11265701787716612
10.097928637084232,10.091998581451369,0.09792863708423233,0.09199858145136906
10.097997428554928,10.068600414234007,0.0979974285549276,0.06860041423400777
10.098065069897917,10.105948542302066,0.09806506989791755,0.10594854230206677
10.098131560319343,10.076808834198317,0.09813156031934273,0.07680883419831681
10.098196899038852,10.136164727367271,0.09819689903885127,0.1361647273672708
10.098261085289607,10.121813537264313,0.09826108528960807,0.12181353726431171
10.098324118318304,10.086160031402276,0.09832411831830368,0.08616003140227677
10.098385997385163,10.12645670574053,0.09838599738516328,0.12645670574052928
10.098446721763954,10.079965796473699,0.09844672176395526,0.0799657964736988
10.098506290742,10.08431313444455,0.09850629074199979,0.0843131344445497
10.098564703620177,10.079761188489202,0.09856470362017719,0.07976118848920273
10.098621959712936,10.089178223561529,0.0986219597129361,0.08917822356152807
10.098678058348302,10.065753896754481,0.09867805834830157,0.06575389675448201
10.098732998867883,10.053719479435266,0.09873299886788288,0.05371947943526629
10.098786780626881,10.12140661944933,0.09878678062688134,0.1214066194493289
10.098839402994098,10.121808151094463,0.09883940299409788,0.12180815109446204
10.09889086535194,10.093005947807464,0.09889086535194029,0.0930059478074637
10.09894116709643,10.095654236355733,0.09894116709643067,0.09565423635573252
10.098990307637212,10.104595291928085,0.0989903076372124,0.10459529192808428
10.099038286397557,10.099210735679963,0.09903828639755712,0.09921073567996296
10.09908510281437,10.111226434168866,0.09908510281437144,0.11122643416886673
10.099130756338203,10.06624628569882,0.09913075633820366,0.06624628569882063
10.09917524643325,10.08682606087047,0.09917524643325007,0.08682606087047004
10.099218572577362,10.063684325322658,0.09921857257736136,0.06368432532265822
10.09926073426205,10.114708840882297,0.09926073426204868,0.11470884088229816
10.09930173099249,10.106940925898,0.09930173099248966,0.1069409258980006
10.099341562287535,10.078311920564868,0.09934156228753416,0.07831192056486821
10.09938022767971,10.092415112952201,0.09938022767970994,0.09241511295220041
10.099417726715227,10.054533142929529,0.09941772671522818,0.054533142929529314
10.099454058953988,10.112468720813702,0.09945405895398877,0.11246872081370182
10.099489223969586,10.09296513172092,0.09948922396958547,0.09296513172092037
10.099523221349312,10.101420694841524,0.09952322134931094,0.10142069484152448
10.099556050694162,10.119469021970657,0.09955605069416154,0.11946902197065618
10.099587711618842,10.101261460099485,0.09958771161884211,0.10126146009948436
10.09961820375177,10.119138416644436,0.09961820375177034,0.11913841664443497
10.099647526735081,10.098735957579931,0.09964752673508129,0.09873595757993076
10.099675680224632,10.101193169584349,0.09967568022463147,0.10119316958434835
10.099702663890003,10.073245792413164,0.09970266389000294,0.07324579241316385
10.099728477414507,10.10388863770679,0.09972847741450719,0.10388863770679005
10.099753120495189,10.089005975545932,0.09975312049518881,0.08900597554593286
10.09977659284283,10.094946630942223,0.0997765928428291,0.09494663094222354
10.09979889418195,10.10985384423331,0.09979889418194943,0.10985384423331035
10.099820024250814,10.090716210412145,0.09982002425081446,0.09071621041214455
10.099839982801436,10.097055475398884,0.0998399828014353,0.09705547539888383
10.099858769599573,10.093765868245436,0.09985876959957228,0.09376586824543545
10.099876384424737,10.060601710362063,0.09987638442473783,0.060601710362061925
10.0998928270702,10.110088837014237,0.09989282707019896,0.11008883701423701
10.09990809734298,10.101845113949667,0.0999080973429798,0.10184511394966742
10.099922195063863,10.11933675971247,0.09992219506386377,0.11933675971247014
10.099935120067396,10.100464864628346,0.09993512006739569,0.10046486462834646
10.099946872201883,10.13153072137139,0.09994687220188381,0.13153072137139038
10.099957451329402,10.116015822553853,0.09995745132940148,0.11601582255385351
10.09996685732579,10.092492250555768,0.09996685732578883,0.09249225055576821
10.099975090080655,10.10306972177264,0.09997509008065424,0.10306972177263954
10.099982149497375,10.110610502207058,0.09998214949737555,0.11061050220705762
10.099988035493102,10.119123696615384,0.09998803549310133,0.11912369661538369
10.099992747998751,10.08955501059501,0.09999274799875171,0.08955501059500949
10.09999628695902,10.065250350303641,0.09999628695901931,0.06525035030364015
10.09999865233237,10.12326886381614,0.09999865233236982,0.12326886381614077
10.099999844091043,10.069784281733734,0.09999984409104246,0.06978428173373404
10.09999986222105,10.089189092448471,0.09999986222105041,0.08918909244847183
10.09999870672218,10.120628412118199,0.09999870672218089,0.12062841211819963
10.099996377607996,10.105866402450873,0.09999637760799518,0.10586640245087395
10.099992874905828,10.104495784768035,0.09999287490582849,0.10449578476803564
10.09998819865679,10.100480716027468,0.0999881986567896,0.10048071602746693
10.099982348915761,10.094406443537645,0.09998234891576036,0.09440644353764482
10.099975325751394,10.088941705859614,0.09997532575139516,0.08894170585961525
10.09996712924612,10.07203603578421,0.09996712924611996,0.07203603578421028
10.099957759496132,10.106641675515661,0.09995775949613148,0.10664167551566087
10.099947216611396,10.09369742355363,0.09994721661139594,0.09369742355363082
10.099935500715647,10.08526030861387,0.09993550071564786,0.08526030861387049
10.099922611946388,10.116424600766896,0.09992261194638856,0.11642460076689581
10.099908550454884,10.103111787129649,0.09990855045488456,0.10311178712964825
10.099893316406165,10.067180163773452,0.09989331640616583,0.06718016377345229
10.099876909979024,10.104999136781078,0.0998769099790238,0.10499913678107775
10.099859331366009,10.098535047932321,0.09985933136600932,0.09853504793232211
10.09984058077343,10.141372189307818,0.09984058077343033,0.14137218930781847
10.099820658421349,10.104378395479873,0.0998206584213495,0.10437839547987346
10.09979956454358,10.093496790025098,0.09979956454358163,0.09349679002509854
10.099777299387691,10.097049100641147,0.09977729938769093,0.09704910064114634
10.099753863214987,10.112756134193559,0.09975386321498804,0.11275613419355918
10.099729256300527,10.091614215627466,0.09972925630052702,0.09161421562746616
10.099703478933103,10.082192734382819,0.09970347893310214,0.08219273438281896
10.099676531415245,10.097137720594244,0.09967653141524443,0.0971377205942442
10.099648414063218,10.099651740347676,0.09964841406321819,0.0996517403476757
10.099619127207017,10.12745705803632,0.09961912720701722,0.12745705803631963
10.09958867119036,10.085422548319942,0.09958867119036102,0.08542254831994125
10.099557046370691,10.134193948390774,0.09955704637069067,0.1341939483907736
10.099524253119165,10.090466322269094,0.09952425311916469,0.09046632226909349
10.099490291820654,10.110670040207843,0.0994902918206547,0.11067004020784238
10.09945516287374,10.085793260085685,0.09945516287374086,0.08579326008568602
10.099418866690707,10.114711913094293,0.09941886669070718,0.11471191309429363
10.099381403697537,10.13886994539439,0.09938140369753674,0.1388699453943906
10.099342774333907,10.062342333395678,0.09934277433390667,0.06234233339567855
10.099302979053183,10.092792082029993,0.09930297905318294,0.09279208202999319
10.099262018322415,10.12662540168869,0.0992620183224151,0.12662540168868938
10.099219892622331,10.130400819757678,0.0992198926223308,0.1304008197576776
10.09917660244733,10.102972446387032,0.09917660244733008,0.10297244638703193
10.099132148305479,10.096037197394557,0.09913214830547964,0.09603719739455699
10.099086530718507,10.057646844819237,0.09908653071850684,0.057646844819236105
10.099039750221793,10.110794624961489,0.09903975022179362,0.11079462496148848
10.09899180736437,10.08198084153238,0.09899180736437012,0.08198084153237925
10.098942702708909,10.116756554147189,0.09894270270890833,0.11675655414718995
10.098892436831715,10.128533474022964,0.0988924368317155,0.1285334740229645
10.098841010322728,10.072432366764273,0.09884101032272727,0.07243236676427282
10.098788423785502,10.090030702752934,0.09878842378550082,0.09003070275293379
10.098734677837207,10.100891180434115,0.09873467783720781,0.10089118043411538
10.098679773108627,10.066133547128151,0.09867977310862708,0.06613354712815213
10.098623710244137,10.076230880588055,0.09862371024413723,0.076230880588054
10.098566489901708,10.108087585158803,0.09856648990170917,0.10808758515880343
10.098508112752898,10.097184114639802,0.09850811275289828,0.09718411463980203
10.098448579482836,10.108546938695701,0.09844857948283658,0.10854693869570164
10.098387890790224,10.108779459783618,0.09838789079022468,0.10877945978361746
10.098326047387324,10.105112011944637,0.09832604738732359,0.10511201194463736
10.098263049999947,10.093701513473809,0.09826304999994633,0.09370151347380862
10.09819889936745,10.080518938473354,0.09819889936744944,0.08051893847335397
10.098133596242725,10.114723149293352,0.09813359624272434,0.11472314929335199
10.098067141392189,10.078435526957076,0.0980671413921884,0.07843552695707631
10.097999535595775,10.099020792426897,0.09799953559577601,0.09902079242689704
10.09793077964693,10.100207780732303,0.09793077964692941,0.10020778073230324
10.09786087435259,10.100116664614758,0.09786087435258937,0.10011666461475716
10.097789820533185,10.11585441604751,0.09778982053318579,0.11585441604750969
10.097717619022628,10.134822186485588,0.09771761902262789,0.13482218648558703
10.097644270668294,10.090839802268828,0.09764427066829467,0.0908398022688284
10.097569776331024,10.097074250845907,0.09756977633102476,0.09707425084590605
10.097494136885107,10.104255442634493,0.09749413688510644,0.10425544263449285
10.097417353218267,10.08752444651277,0.09741735321826729,0.08752444651277001
10.097339426231663,10.095484783516504,0.09733942623166386,0.0954847835165049
10.097260356839872,10.092586994110887,0.097260356839871,0.09258699411088689
10.09718014597087,10.083468810896528,0.09718014597087123,0.08346881089652913
10.097098794566044,10.062047565400078,0.09709879456604376,0.062047565400077845
10.097016303580153,10.071361455488121,0.09701630358015347,0.07136145548812145
10.096932673981339,10.111690278519845,0.09693267398133976,0.11169027851984457
10.096847906751105,10.101046185234505,0.09684790675110505,0.10104618523450483
10.096762002884303,10.124903714897824,0.09676200288430346,0.12490371489782415
10.096674963389129,10.116275636327808,0.09667496338912894,0.11627563632780732
10.096586789287104,10.118080105943882,0.09658678928710356,0.11808010594388259
10.096497481613065,10.057228269790414,0.09649748161306544,0.05722826979041472
10.096407041415157,10.110081163776067,0.09640704141515671,0.11008116377606687
10.096315469754812,10.082231057590102,0.09631546975481109,0.08223105759010128
10.096222767706742,10.05846138272489,0.09622276770674153,0.058461382724888704
10.096128936358928,10.1252751428236,0.09612893635892751,0.12527514282359964
10.096033976812603,10.109548147488052,0.09603397681260237,0.10954814748805222
10.09593789018224,10.117666093080748,0.09593789018224029,0.11766609308074741
10.095840677595543,10.080580893420962,0.09584067759554325,0.08058089342096086
10.095742340193429,10.093439344168665,0.09574234019342782,0.09343934416866484
10.095642879130011,10.059601490768989,0.09564287913001175,0.059601490768988
10.095542295572601,10.070019772909447,0.09554229557260041,0.07001977290944661
10.095440590701672,10.104422852829362,0.0954405907016731,0.10442285282936184
10.09533776571087,10.096247436415412,0.0953377657108692,0.09624743641541149
10.095233821806975,10.098815521282667,0.09523382180697415,0.0988155212826661
10.095128760209905,10.046752016944536,0.0951287602099053,0.04675201694453687
10.095022582152698,10.10010194946561,0.0950225821526976,0.10010194946561134
10.09491528888149,10.119498531028283,0.0949152888814891,0.11949853102828352
10.094806881655506,10.134052666227692,0.09480688165550638,0.13405266622769169
10.09469736174705,10.086021185859575,0.09469736174704965,0.08602118585957531
10.094586730441478,10.109717792266103,0.094586730441478,0.10971779226610245
10.094474989037193,10.083038527680856,0.09447498903719415,0.08303852768085528
10.094362138845629,10.125631767782714,0.09436213884562929,0.12563176778271448
10.094248181191228,10.073698376106622,0.09424818119122769,0.07369837610662094
10.094133117411431,10.11386109203927,0.09413311741143111,0.11386109203926977
10.094016948856662,10.092019661464382,0.0940169488566632,0.09201966146438324
10.093899676890313,10.096523805331264,0.09389967689031352,0.09652380533126347
10.093781302888722,10.105923869309953,0.09378130288872162,0.105923869309952
10.09366182824116,10.110993679425157,0.09366182824116091,0.1109936794251574
10.093541254349823,10.087255978084254,0.09354125434982224,0.087255978084255
10.093419582629798,10.08508736705795,0.09341958262979762,0.0850873670579507
10.093296814509063,10.113190468741028,0.09329681450906342,0.11319046874102759
10.093172951428464,10.08917217860807,0.09317295142846377,0.0891721786080707
10.093047994841694,10.081879019806731,0.09304799484169353,0.08187901980673044
10.09292194621528,10.056711024825708,0.09292194621528133,0.056711024825707446
10.092794807028572,10.080566490310238,0.09279480702857225,0.08056649031023788
10.092666578773711,10.106401909238002,0.0926665787737106,0.10640190923800298
10.092537262955622,10.098208165498301,0.09253726295562226,0.09820816549830018
10.092406861091996,10.102013836772478,0.09240686109199711,0.10201383677247747
10.092275374713271,10.087606481805292,0.09227537471327119,0.08760648180529254
10.09214280536261,10.090415320240895,0.09214280536260873,0.09041532024089613
10.092009154595884,10.118293441480368,0.09200915459588405,0.1182934414803687
10.091874423981663,10.106923599331346,0.09187442398166332,0.10692359933134521
10.091738615101185,10.088129451894636,0.09173861510118611,0.08812945189463586
10.091601729548346,10.118770748386492,0.09160172954834685,0.11877074838649226
10.091463768929676,10.09787632400925,0.09146376892967613,0.09787632400925103
10.091324734864322,10.104649493394591,0.09132473486432185,0.10464949339459083
10.09118462898403,10.131153708751166,0.09118462898403018,0.13115370875116483
10.091043452933127,10.095243998741662,0.09104345293312648,0.0952439987416614
10.090901208368496,10.06426162408452,0.09090120836849591,0.06426162408451883
10.090757896959564,10.097449706111155,0.09075789695956407,0.09744970611115421
10.090613520388278,10.06915391839112,0.09061352038827739,0.06915391839111944
10.090468080349083,10.0954081635507,0.09046808034908327,0.09540816355069863
10.09032157854891,10.110968831597658,0.09032157854891042,0.11096883159765768
10.090174016707149,10.10117735135337,0.09017401670714859,0.10117735135337005
10.090025396555628,10.095891164605723,0.09002539655562859,0.09589116460572304
10.089875719838602,10.1228517932755,0.08987571983860183,0.12285179327549856
10.08972498831272,10.085062093089112,0.08972498831271991,0.08506209308911135
10.089573203747014,10.124660233029617,0.08957320374701397,0.1246602330296181
10.089420367922873,10.08569881225804,0.08942036792287397,0.08569881225803919
10.089266482634027,10.055053780845993,0.08926648263402776,0.05505378084599305
10.08911154968652,10.08915304929774,0.08911154968651996,0.08915304929774003
10.08895557089869,10.086694103385392,0.08895557089869098,0.08669410338539266
10.088798548101156,10.09103013589333,0.08879854810115535,0.09103013589333074
10.08864048313678,10.074910523884844,0.08864048313678057,0.0749105238848447
10.088481377860665,10.091964709729309,0.0884813778606652,0.09196470972930913
10.088321234140118,10.076280647577173,0.08832123414011733,0.07628064757717354
10.088160053854633,10.126914360137448,0.08816005385463249,0.12691436013744722
10.087997838895872,10.068660510782767,0.08799783889587166,0.06866051078276704
10.087834591167638,10.059990793926495,0.08783459116763905,0.059990793926495756
10.08767031258586,10.071461109273896,0.08767031258585979,0.0714611092738954
10.087505005078558,10.081928358947199,0.08750500507855741,0.08192835894719859
10.087338670585831,10.078650542774813,0.08733867058583122,0.07865054277481395
10.087171311059834,10.090458521250875,0.08717131105983358,0.09045852125087547
10.087002928464747,10.113160002114492,0.08700292846474689,0.11316000211449208
10.086833524776761,10.06492024330666,0.08683352477676061,0.0649202433066585
10.086663101984048,10.085949003819415,0.08666310198404814,0.08594900381941452
10.086491662086743,10.07721645636535,0.0864916620867433,0.0772164563653503
10.086319207096917,10.052742570852635,0.08631920709691702,0.052742570852634334
10.086145739038553,10.067205195709075,0.08614573903855366,0.06720519570907431
10.085971259947527,10.101108218786825,0.08597125994752725,0.10110821878682562
10.085795771871577,10.094007100678505,0.08579577187157758,0.09400710067850544
10.085619276870286,10.082999312399457,0.08561927687028625,0.0829993123994568
10.085441777015053,10.09088846414945,0.08544177701505244,0.09088846414944973
10.085263274389069,10.112032838963719,0.08526327438906851,0.11203283896371968
10.085083771087296,10.095141700493167,0.08508377108729577,0.09514170049316716
10.08490326921644,10.05411445392369,0.08490326921643969,0.05411445392368974
10.084721770894925,10.077260064682926,0.08472177089492526,0.07726006468292587
10.084539278252873,10.059226833986473,0.08453927825287215,0.059226833986473784
10.084355793432069,10.101474074853163,0.08435579343206963,0.10147407485316241
10.084171318585952,10.090523527829106,0.08417131858595153,0.09052352782910503
10.08398585587957,10.110649940995197,0.08398585587957089,0.11064994099519633
10.083799407489575,10.078370992471873,0.0837994074895746,0.0783709924718734
10.083611975604178,10.077215498930956,0.08361197560417781,0.07721549893095636
10.083423562423139,10.059083994571099,0.08342356242313831,0.059083994571099335
10.08323417015773,10.119860034867086,0.08323417015773059,0.11986003486708638
10.08304380103072,10.097313757772707,0.08304380103072007,0.09731375777270616
10.082852457276337,10.08129149551145,0.08285245727633687,0.08129149551145069
10.08266014114025,10.054794219678907,0.08266014114024965,0.05479421967890784
10.08246685487954,10.058361164647728,0.08246685487953921,0.05836116464772799
10.082272600762671,10.088201593882294,0.08227260076267208,0.08820159388229469
10.082077381069475,10.075977439694483,0.08207738106947378,0.07597743969448308
10.081881198091102,10.092244911306564,0.08188119809110217,0.0922449113065635
10.08168405413002,10.096176714419279,0.08168405413002051,0.09617671441927902
10.081485951499971,10.068180708822553,0.08148595149997048,0.06818070882255248
10.081286892525945,10.062805359555425,0.0812868925259449,0.06280535955542493
10.081086879544161,10.08017422004219,0.0810868795441606,0.08017422004219014
10.080885914902032,10.10845666035281,0.08088591490203095,0.10845666035280987
10.080684000958138,10.07261018366535,0.08068400095813826,0.0726101836653497
10.080481140082206,10.099509289907074,0.08048114008220615,0.09950928990707333
10.080277334655072,10.106292332390835,0.08027733465507172,0.10629233239083458
10.080072587068658,10.07591540150636,0.08007258706865764,0.07591540150636042
10.079866899725944,10.114329195186329,0.07986689972594398,0.11432919518632863
10.07966027504094,10.084197531055713,0.07966027504094014,0.08419753105571219
10.079452715438656,10.096074000424975,0.07945271543865642,0.09607400042497481
10.079244223355076,10.081741043976823,0.07924422335507564,0.08174104397682316
10.079034801237125,10.074623447657055,0.07903480123712442,0.07462344765705527
10.078824451542644,10.043639557073654,0.07882445154264463,0.043639557073652954
10.078613176740365,10.045453829923964,0.07861317674036443,0.045453829923964795
10.078400979309869,10.107672739239067,0.0784009793098693,0.107672739239067
10.078187861741574,10.040021662533634,0.07818786174157302,0.04002166253363501
10.077973826536688,10.06157090309269,0.07797382653668837,0.06157090309268934
10.077758876207199,10.060973919442038,0.07775887620719774,0.06097391944203751
10.077543013275823,10.087211720752702,0.07754301327582379,0.0872117207527021
10.077326240276,10.066160728211415,0.07732624027599969,0.06616072821141543
10.077108559751839,10.056488831309734,0.07710855975183949,0.056488831309734595
10.076889974258108,10.09713487407728,0.07688997425810816,0.09713487407728125
10.076670486360191,10.07795990557031,0.07667048636019172,0.07795990557031006
10.076450098634067,10.082321859675146,0.0764500986340671,0.08232185967514638
10.076228813666273,10.066190309522185,0.07622881366627184,0.06619030952218485
10.076006634053874,10.074783716441726,0.07600663405387381,0.07478371644172611
10.07578356240444,10.078942754157842,0.07578356240444067,0.07894275415784074
10.075559601336009,10.059575550235298,0.07555960133600936,0.05957555023529815
10.075334753477055,10.05009181282121,0.07533475347705526,0.05009181282120975
10.075109021466462,10.115161792712968,0.07510902146646142,0.1151617927129685
10.074882407953487,10.094428466450427,0.07488240795348751,0.09442846645042774
10.074654915597739,10.058178847246355,0.07465491559773889,0.05817884724635505
10.074426547069136,10.062530121430854,0.07442654706913515,0.0625301214308534
10.074197305047878,10.08240440990208,0.07419730504787903,0.0824044099020799
10.073967192224424,10.053323692251654,0.07396719222442476,0.05332369225165459
10.073736211299448,10.065845191668126,0.07373621129944663,0.06584519166812688
10.073504364983807,10.096767834498737,0.07350436498380723,0.09676783449873616
10.073271655998525,10.10822080789999,0.07327165599852557,0.10822080789998917
10.073038087074746,10.100357372158692,0.07303808707474532,0.10035737215869202
10.072803660953703,10.060109394189954,0.07280366095370255,0.060109394189954785
10.072568380386693,10.070807664482906,0.07256838038669375,0.07080766448290576
10.072332248135043,10.082123306285409,0.0723322481350434,0.08212330628540963
10.072095266970072,10.058716127389314,0.07209526697007154,0.058716127389313796
10.071857439673062,10.066784490307331,0.07185743967306145,0.06678449030733027
10.071618769035227,10.038894717807532,0.07161876903522679,0.038894717807531703
10.071379257857679,10.052140888902734,0.07137925785767897,0.052140888902734675
10.071138908951394,10.052004572070237,0.07113890895139417,0.052004572070237065
10.070897725137181,10.112182784339492,0.0708977251371805,0.11218278433949269
10.070655709245644,10.05873928167389,0.07065570924564471,0.058739281673890864
10.07041286411716,10.047184811021841,0.07041286411715912,0.04718481102184158
10.070169192601828,10.067722534424536,0.0701691926018282,0.06772253442453557
10.069924697559456,10.060145156858654,0.06992469755945517,0.06014515685865503
10.069679381859508,10.046930742654592,0.06967938185950845,0.046930742654591406
10.069433248381088,10.06307456348395,0.06943324838108782,0.06307456348394894
10.069186300012891,10.04711851478485,0.06918630001289086,0.04711851478485038
10.068938539653178,10.038940111454297,0.06893853965317896,0.03894011145429688
10.068689970209743,10.071321469941239,0.06868997020974323,0.07132146994123884
10.06844059459987,10.061683672710734,0.06844059459987045,0.0616836727107338
10.068190415750308,10.076234774029961,0.06819041575030886,0.07623477402996183
10.067939436597234,10.05607727748428,0.0679394365972337,0.0560772774842791
10.067687660086213,10.091219402055838,0.06768766008621284,0.09121940205583746
10.067435089172172,10.102792620416665,0.06743508917217221,0.10279262041666512
10.067181726819362,10.084178793276198,0.06718172681936108,0.08417879327619793
10.066927576001317,10.044789274603689,0.06692757600131731,0.04478927460368946
10.066672639700831,10.05368663734948,0.06667263970083231,0.053686637349480246
10.066416920909916,10.070446245638957,0.06641692090991633,0.0704462456389569
10.066160422629762,10.035317220640403,0.06616042262976303,0.03531722064040346
10.065903147870715,10.086808719691032,0.06590314787071448,0.08680871969103096
10.065645099652226,10.081987370207955,0.06564509965222567,0.08198737020795549
10.06538628100283,10.073810490690478,0.06538628100282923,0.0738104906904786
10.0651266949601,10.059345877243643,0.06512669496009972,0.0593458772436428
10.064866344570618,10.076881905506044,0.0648663445706181,0.07688190550604368
10.064605232889935,10.064500676056403,0.06460523288993596,0.06450067605640203
10.06434336298254,10.068219976130614,0.0643433629825396,0.06821997613061281
10.064080737921815,10.053754604209036,0.06408073792181407,0.05375460420903595
10.063817360790008,10.052720277778763,0.0638173607900072,0.05272027777876303
10.063553234678194,10.042503117576628,0.06355323467819332,0.04250311757662728
10.063288362686237,10.058812965713233,0.06328836268623703,0.058812965713233446
10.063022747922757,10.075116617618418,0.06302274792275679,0.0751166176184178
10.062756393505088,10.069111125342884,0.06275639350508846,0.0691111253428843
10.062489302559248,10.062370511310982,0.062489302559248706,0.06237051131098194
10.062221478219898,10.065761179597555,0.062221478219898346,0.06576117959755526
10.061952923630306,10.042016926427936,0.06195292363030546,0.04201692642793481
10.06168364194231,10.039362319977505,0.061683641942308624,0.03936231997750417
10.06141363631628,10.057797431567577,0.06141363631627988,0.0577974315675764
10.061142909921088,10.078666400811644,0.06114290992108752,0.07866640081164372
10.06087146593406,10.070420520592476,0.060871465934059114,0.07042052059247644
10.060599307540944,10.04726973832762,0.06059930754094406,0.04726973832762034
10.060326437935876,10.059027036101131,0.060326437935876255,0.0590270361011316
10.060052860321337,10.036863851513251,0.0600528603213366,0.03686385151325174
10.059778577908116,10.076195896208372,0.059778577908115395,0.07619589620837107
10.059503593915275,10.067407805108807,0.05950359391527469,0.06740780510880673
10.05922791157011,10.033376008713468,0.059227911570110495,0.033376008713467506
10.058951534108115,10.081918565333307,0.05895153410811485,0.08191856533330683
10.058674464772938,10.028333347000487,0.05867446477293799,0.028333347000486814
10.05839670681635,10.063370339980825,0.058396706816350036,0.06337033998082477
10.058118263498203,10.048288190300296,0.05811826349820309,0.04828819030029531
10.057839138086393,10.04461679070831,0.0578391380863929,0.04461679070831134
10.05755933385682,10.07263132553034,0.057559333856820355,0.07263132553033964
10.057278854093353,10.061101112930544,0.05727885409335324,0.061101112930544654
10.056997702087788,10.033031276885591,0.05699770208778761,0.03303127688559083
10.056715881139809,10.035179023490905,0.056715881139809105,0.035179023490903766
10.056433394556954,10.051258669413563,0.056433394556954335,0.051258669413562614
10.056150245654573,10.017248826623728,0.05615024565457197,0.017248826623728897
10.055866437755784,10.010856057182014,0.055866437755783864,0.010856057182015023
10.055581974191446,10.02400609282776,0.055581974191446115,0.024006092827759916
10.05529685830011,10.050286040016614,0.055296858300109775,0.05028604001661313
10.055011093427982,10.033454146115153,0.05501109342798194,0.03345414611515236
10.054724682928887,10.043052209692394,0.054724682928886284,0.043052209692395094
10.054437630164223,10.042026755197295,0.05443763016422376,0.0420267551972946
10.054149938502933,10.07605350114049,0.05414993850293315,0.07605350114049078
10.053861611321452,10.069356580213132,0.053861611321451536,0.06935658021313207
10.053572652003675,10.065335217764684,0.053572652003674615,0.06533521776468414
10.053283063940917,10.077589594399086,0.05328306394091708,0.07758959439908697
10.052992850531872,10.041538378390303,0.05299285053187273,0.041538378390304054
10.052702015182575,10.029121640091315,0.05270201518257468,0.029121640091314686
10.052410561306354,10.054965803559504,0.05241056130635521,0.05496580355950417
10.052118492323807,10.073098327638426,0.052118492323805915,0.0730983276384273
10.051825811662738,10.056319246563238,0.051825811662737434,0.05631924656323674
10.051532522758139,10.008523358199145,0.05153252275813926,0.008523358199146173
10.05123862905214,10.036105761202288,0.05123862905213942,0.03610576120228813
10.050944133993964,10.048136648819236,0.05094413399396407,0.04813664881923607
10.050649041039897,10.030162421395401,0.050649041039897015,0.030162421395401696
10.05035335365324,10.041213003683417,0.050353353653239154,0.04121300368341624
10.050057075304268,10.027220780089467,0.05005707530426782,0.027220780089467163
10.049760209470197,10.026984753989122,0.04976020947019606,0.026984753989121694
10.049462759635132,10.035312209688538,0.04946275963513188,0.035312209688537294
10.049164729290037,10.053100371462405,0.049164729290037165,0.05310037146240429
10.048866121932686,10.049298678664899,0.048866121932686975,0.04929867866489836
10.048566941067628,10.034430743221783,0.04856694106762831,0.03443074322178404
10.04826719020614,10.043119080670408,0.04826719020613903,0.04311908067040801
10.047966872866187,10.092174766387236,0.047966872866186665,0.09217476638723548
10.047665992572387,10.053860856594156,0.04766599257238708,0.05386085659415522
10.047364552855964,10.052948423801352,0.04736455285596317,0.052948423801351265
10.047062557254703,10.038262008565482,0.047062557254703374,0.03826200856548167
10.046760009312921,10.030218388511717,0.04676000931292014,0.030218388511716564
10.046456912581409,10.034534895332621,0.04645691258140843,0.03453489533262204
10.046153270617404,10.049907174907052,0.046153270617403826,0.04990717490705104
10.045849086984541,10.027060951071414,0.04584908698454105,0.0270609510714143
10.045544365252812,10.042903894540888,0.04554436525281198,0.04290389454088902
10.045239108998524,10.064065752850892,0.04523910899852379,0.06406575285089257
10.044933321804256,10.040908789827224,0.04493332180425695,0.040908789827224575
10.044627007258823,10.050131574626825,0.04462700725882324,0.05013157462682456
10.044320168957224,10.040263283432726,0.04432016895722355,0.04026328343272545
10.044012810500606,10.078984294524995,0.04401281050060577,0.07898429452499561
10.043704935496223,10.04836197977858,0.04370493549622248,0.04836197977857969
10.04339654755739,10.061752407004626,0.043396547557388615,0.0617524070046251
10.04308765030344,10.04007207202655,0.04308765030343909,0.040072072026550366
10.042778247359687,10.053695248890364,0.04277824735968622,0.05369524889036291
10.042468342357378,10.010115141745038,0.042468342357377314,0.010115141745038352
10.042157938933652,10.034333946586077,0.04215793893365201,0.034333946586076816
10.041847040731499,10.064550769326274,0.04184704073149953,0.06455076932627392
10.041535651399716,10.047606292091466,0.04153565139971598,0.047606292091465566
10.041223774592861,10.039362306848457,0.04122377459286153,0.03936230684845565
10.040911413971218,10.017677032885103,0.04091141397121747,0.01767703288510288
10.040598573200743,10.027781506350797,0.04059857320074332,0.027781506350796875
10.040285255953034,10.047950265139706,0.040285255953033755,0.04795026513970515
10.039971465905275,10.055794077854964,0.03997146590527555,0.05579407785496319
10.039657206740204,10.050566485791265,0.039657206740204426,0.05056648579126423
10.039342482146061,10.060050783809091,0.039342482146061696,0.06005078380909122
10.03902729581655,10.034181171688623,0.039027295816551205,0.03418117168862249
10.038711651450797,10.002303425060864,0.038711651450795845,0.0023034250608646653
10.038395552753293,10.012921753177128,0.038395552753294135,0.012921753177128417
10.038079003433877,10.041749134877444,0.03807900343387679,0.041749134877444
10.037762007207663,10.015493163003725,0.037762007207663144,0.015493163003725541
10.037444567795017,10.03455434901377,0.03744456779501758,0.03455434901377046
10.037126688921505,9.993378844179073,0.03712668892150584,-0.0066211558209259905
10.036808374317852,10.025086415895414,0.036808374317851326,0.02508641589541367
10.036489627719892,10.02269706054616,0.03648962771989134,0.022697060546159428
10.036170452868532,10.052310558379897,0.036170452868533064,0.052310558379898
10.035850853509709,10.036841194134494,0.03585085350970992,0.03684119413449423
10.035530833394338,10.040262394201486,0.03553083339433746,0.04026239420148667
10.03521039627827,9.996487703035692,0.03521039627826934,-0.003512296964307292
10.034889545922253,10.035180169686086,0.03488954592225327,0.03518016968608629
10.034568286091886,10.046780563713376,0.03456828609188686,0.04678056371337698
10.034246620557573,10.045539585817721,0.03424662055757346,0.04553958581772079
10.033924553094478,10.02351110276015,0.03392455309447786,0.02351110276014924
10.033602087482482,10.059362498357476,0.03360208748248203,0.05936249835747545
10.03327922750614,10.01483721723122,0.03327922750614072,0.014837217231220477
10.032955976954637,10.01729481073848,0.03295597695463711,0.01729481073848127
10.032632339621738,10.024860264542877,0.032632339621738164,0.024860264542876508
10.03230831930575,10.065464612619078,0.03230831930575035,0.06546461261907843
10.031983919809475,10.054960412331825,0.0319839198094749,0.054960412331825845
10.031659144940162,10.053277401469357,0.031659144940163246,0.053277401469356625
10.031333998509472,10.020341766745709,0.03133399850947227,0.02034176674570868
10.03100848433342,10.014713099950155,0.031008484333419656,0.014713099950154997
10.03068260623234,10.044111976255605,0.030682606232339024,0.0441119762556046
10.030356368030835,10.042818411310973,0.030356368030835135,0.042818411310973664
10.03002977355774,10.02268347731585,0.030029773557739028,0.022683477315849587
10.029702826646064,10.077127348141895,0.02970282664606306,0.07712734814189527
10.029375531132956,10.040429809948881,0.02937553113295581,0.04042980994888078
10.029047890859657,10.059393132638759,0.029047890859657262,0.059393132638758575
10.028719909671453,10.062842010141694,0.028719909671453582,0.06284201014169394
10.028391591417632,10.055866661538573,0.028391591417632006,0.055866661538573385
10.028062939951436,10.010666656953607,0.028062939951435686,0.010666656953607086
10.027733959130018,10.048393711242174,0.027733959130018443,0.048393711242172996
10.027404652814399,10.035889525673692,0.02740465281439952,0.03588952567369186
10.027075024869418,10.036608559654471,0.027075024869418263,0.0366085596544715
10.026745079163689,10.023791573734128,0.026745079163688748,0.023791573734128508
10.026414819569554,10.028494919147922,0.026414819569554396,0.028494919147922473
10.026084249963043,10.038729738983497,0.026084249963042552,0.03872973898349688
10.025753374223818,10.045919499764976,0.025753374223818837,0.04591949976497646
10.025422196235143,10.065885781009639,0.025422196235141872,0.06588578100963938
10.025090719883817,9.98328045952529,0.025090719883817527,-0.01671954047471053
10.024758949060153,10.020992256690567,0.024758949060153336,0.020992256690566605
10.024426887657913,10.067586234498128,0.02442688765791286,0.06758623449812726
10.02409453957427,10.022444467207853,0.02409453957426998,0.022444467207853758
10.023761908709764,10.037540020713006,0.02376190870976315,0.03754002071300611
10.02342899896825,10.028106750858967,0.023428998968249626,0.02810675085896762
10.023095814256859,10.040635338729375,0.02309581425685966,0.04063533872937454
10.02276235848595,10.009156459321936,0.02276235848595067,0.009156459321935678
10.022428635569062,9.993607981731051,0.02242863556906118,-0.00639201826894821
10.022094649422865,10.04213749581016,0.022094649422865154,0.04213749581016013
10.021760403967125,10.033114197920858,0.02176040396712585,0.03311419792085831
10.02142590312465,10.022216519238395,0.021425903124649866,0.0222165192383946
10.021091150821242,9.992916196681456,0.02109115082124109,-0.00708380331854409
10.020756150985655,10.023673989164795,0.02075615098565464,0.0236739891647946
10.020420907549552,10.006402385227894,0.020420907549550737,0.0064023852278935894
10.020085424447448,10.035491034583066,0.020085424447448583,0.03549103458306621
10.01974970561668,10.016507042231982,0.019749705616680165,0.016507042231982065
10.019413754997345,10.025213192927547,0.01941375499734406,0.02521319292754633
10.01907757653226,10.019328689157941,0.019077576532259225,0.019328689157940695
10.018741174166918,10.000515104607208,0.018741174166918555,0.0005151046072091429
10.018404551849443,10.032503500313924,0.018404551849442834,0.03250350031392296
10.018067713530534,10.000950533688794,0.018067713530534237,0.0009505336887933521
10.01773066316343,10.036355253983048,0.01773066316342999,0.03635525398304855
10.017393404703856,10.005275504835556,0.017393404703855978,0.005275504835556439
10.01705594210998,10.01637735865682,0.017055942109980335,0.016377358656820468
10.016718279342367,10.019086212796045,0.016718279342366967,0.019086212796044947
10.016380420363928,10.001829550244295,0.016380420363929084,0.0018295502442955813
10.016042369139882,9.981329564332773,0.016042369139882683,-0.01867043566722692
10.0157041296377,9.99805256457423,0.01570412963770006,-0.001947435425769372
10.015365705827064,10.027792460859692,0.015365705827063076,0.02779246085969208
10.015027101679816,9.98160864084207,0.01502710167981681,-0.018391359157929596
10.014688321169922,10.03220950009266,0.014688321169922792,0.03220950009265974
10.014349368273413,10.041177163149808,0.014349368273412395,0.04117716314980744
10.01401024696834,9.970483197224079,0.014010246968340176,-0.029516802775921995
10.013670961234737,10.031623173253534,0.013670961234737183,0.03162317325353333
10.013331515054563,10.032079733633394,0.013331515054564251,0.03207973363339292
10.012991912411666,10.019510907932602,0.012991912411665259,0.019510907932602746
10.01265215729172,10.024451385471007,0.012652157291720388,0.024451385471007142
10.012312253682198,10.019276416004411,0.01231225368219933,0.019276416004411476
10.011972205572315,10.004763404838151,0.011972205572314544,0.0047634048381514
10.011632016952975,10.022805663223211,0.011632016952974255,0.022805663223212043
10.011291691816735,10.006476343837264,0.011291691816735882,0.006476343837264562
10.010951234157758,10.01074587236912,0.010951234157759003,0.010745872369119164
10.010610647971758,10.036458445471268,0.010610647971758527,0.03645844547126815
10.010269937255957,9.989825427484945,0.01026993725595779,-0.010174572515055585
10.009929106009041,10.042802413249122,0.009929106009041655,0.04280241324912144
10.009588158231109,9.9947202724659,0.009588158231109565,-0.005279727534100932
10.009247097923629,10.032289304241298,0.009247097923628617,0.03228930424129741
10.008905929089387,10.013055316819631,0.00890592908938658,0.013055316819632217
10.008564655732444,10.029994331983438,0.008564655732444934,0.02999433198343751
10.008223281858092,9.997921094379782,0.008223281858091909,-0.0020789056202173105
10.007881811472796,10.000637137896621,0.007881811472795305,0.0006371378966221301
10.007540248584156,10.00639426372411,0.007540248584155739,0.006394263724109946
10.00719859720086,9.988528200449009,0.007198597200859427,-0.011471799550990515
10.006856861332631,10.01662256490979,0.006856861332631192,0.016622564909789785
10.006515044990188,10.028846482725497,0.006515044990187394,0.028846482725496166
10.00617315218519,10.003329269120599,0.006173152185188859,0.0033292691205987156
10.005831186930195,10.042764822873403,0.0058311869301938095,0.04276482287340297
10.00548915323861,9.986235990187769,0.005489153238610755,-0.013764009812231696
10.00514705512465,10.013875297635348,0.005147055124651404,0.013875297635348841
10.004804896603284,9.97651145467895,0.004804896603283586,-0.023488545321048968
10.004462681690184,10.016341358400547,0.004462681690183959,0.016341358400546634
10.004120414401692,10.021806442848892,0.004120414401691144,0.021806442848891477
10.003778098754758,9.977762333551913,0.0037780987547584113,-0.022237666448085957
10.003435738766907,9.988911181066621,0.0034357387669065815,-0.011088818933379208
10.003093338456177,10.004445750569104,0.0030933384561768716,0.004445750569103535
10.002750901841084,10.020105335132017,0.002750901841083743,0.020105335132017326
10.002408432940568,9.971278965824988,0.002408432940567734,-0.02872103417501147
10.002065935773949,10.000269296112089,0.002065935773948295,0.00026929611208891956
10.001723414360876,10.007062817171734,0.001723414360876616,0.007062817171734574
10.001380872721288,10.004182058565451,0.001380872721288452,0.004182058565451469
10.001038314875357,9.995709707501643,0.0010383148753569848,-0.0042902924983567745
10.000695744843446,10.019174473300286,0.0006957448434454676,0.01917447330028511
10.000353166646061,9.998652668542006,0.0003531666460603038,-0.00134733145799387
10.000010584303803,10.00731021979579,1.058430380368548e-05,0.00731021979579052
9.999668001837327,10.041473136773401,-0.00033199816267354994,0.041473136773401774
9.999325423267281,9.992482226574552,-0.0006745767327191071,-0.007517773425448821
9.998982852614274,9.98969267255681,-0.0010171473857264204,-0.010307327443189629
9.998640293898818,10.002998935932956,-0.001359706101181841,0.002998935932955169
9.998297751141289,9.963476702904027,-0.0017022488587118225,-0.03652329709597372
9.99795522836187,9.993063323670086,-0.002044771638130106,-0.00693667632991442
9.997612729580515,10.009449176303034,-0.002387270419484858,0.00944917630303459
9.997270258816894,9.96574876299477,-0.0027297411831060246,-0.03425123700523157
9.996927820090347,9.992763988042663,-0.0030721799096522463,-0.007236011957336966
9.996585417419842,10.033945017063886,-0.003414582580158202,0.03394501706388592
9.996243054823918,10.03258996398939,-0.003756945176081739,0.032589963989389834
9.99590073632065,9.970952209637105,-0.004099263679351027,-0.029047790362895107
9.995558465927589,9.988654077693912,-0.0044415340724117255,-0.011345922306088323
9.995216247661725,9.971195283975723,-0.004783752338274126,-0.028804716024276655
9.99487408553944,10.001226268774507,-0.005125914460560305,0.001226268774506609
9.994531983576449,9.989969915019355,-0.005468016423551253,-0.010030084980645112
9.994189945787767,9.969371472531511,-0.00581005421223401,-0.030628527468488074
9.99384797618765,9.999107992715542,-0.006152023812348743,-0.000892007284457967
9.993506078789563,9.981964134867278,-0.0064939212104360294,-0.018035865132721308
9.993164257606116,9.988589586427656,-0.006835742393883702,-0.011410413572343943
9.992822516649026,10.004661159420788,-0.007177483350974116,0.004661159420787915
9.992480859929069,9.97837938765702,-0.007519140070931187,-0.02162061234297944
9.992139291456033,9.98858519543269,-0.00786070854396746,-0.011414804567310968
9.99179781523867,9.956036153325897,-0.00820218476133118,-0.04396384667410344
9.991456435284647,10.00913039442876,-0.008543564715353327,0.009130394428759873
9.991115155600506,10.008065073637521,-0.008884844399494659,0.008065073637520574
9.990773980191607,10.000264840530859,-0.009226019808392728,0.0002648405308595114
9.990432913062092,9.998812739250372,-0.009567086937908857,-0.0011872607496283688
9.990091958214824,9.96837166150228,-0.009908041785175292,-0.03162833849772044
9.989751119651357,10.015681547713879,-0.010248880348641928,0.015681547713878405
9.989410401371877,9.983430237943596,-0.01058959862812345,-0.016569762056404057
9.989069807375154,9.993354729042608,-0.010930192624846229,-0.006645270957392938
9.988729341658505,10.004428441829647,-0.011270658341495255,0.004428441829647651
9.98838900821774,9.996806464036435,-0.011610991782261056,-0.003193535963564276
9.988048811047113,9.975849170427061,-0.01195118895288659,-0.024150829572939212
9.987708754139286,9.976954975560115,-0.012291245860714117,-0.02304502443988379
9.987368841485267,10.013759324178793,-0.012631158514732073,0.013759324178792755
9.987029077074379,9.97131615726071,-0.01297092292562189,-0.028683842739290456
9.986689464894194,9.977996090529098,-0.013310535105804792,-0.022003909470902507
9.986350008930511,9.982881015373612,-0.013649991069488757,-0.017118984626388268
9.986010713167286,9.992377265176673,-0.013989286832715034,-0.007622734823327938
9.985671581586596,10.01121540468745,-0.014328418413405083,0.011215404687449325
9.985332618168593,9.960936972319324,-0.014667381831407256,-0.03906302768067644
9.984993826891456,9.989019593254923,-0.015006173108543512,-0.01098040674507742
9.984655211731344,10.017852553857418,-0.01534478826865611,0.01785255385741847
9.984316776662345,10.029660980484056,-0.015683223337654272,0.029660980484055643
9.98397852565644,9.972024963096953,-0.016021474343560823,-0.027975036903048
9.983640462683441,9.971293107012258,-0.016359537316558814,-0.02870689298774235
9.983302591710961,9.962297429396386,-0.016697408289038058,-0.03770257060361425
9.982964916704358,9.986095437714024,-0.017035083295641875,-0.013904562285976557
9.982627441626686,9.994871399864175,-0.017372558373313373,-0.005128600135824925
9.982290170438658,9.96409264639686,-0.01770982956134213,-0.03590735360313879
9.981953107098589,9.988909743439494,-0.018046892901410632,-0.011090256560505378
9.98161625556236,10.019212694162178,-0.018383744437640733,0.019212694162178145
9.98127961978336,9.966372616781955,-0.01872038021664009,-0.03362738321804534
9.980943203712451,9.997675636568506,-0.01905679628754854,-0.002324363431494038
9.980607011297916,9.994134254840406,-0.019392988702084488,-0.005865745159594411
9.98027104648541,9.965650059861481,-0.01972895351459123,-0.034349940138519386
9.979935313217917,9.991643858171223,-0.020064686782083285,-0.008356141828777317
9.979599815435707,9.97926755220058,-0.0204001845642926,-0.02073244779941998
9.979264557076284,9.990222834636308,-0.02073544292371498,-0.009777165363691779
9.978929542074344,9.979673542690946,-0.02107045792565604,-0.02032645730905294
9.978594774361722,9.962223437941018,-0.021405225638277556,-0.037776562058981424
9.978260257867356,9.980207785334763,-0.021739742132643566,-0.019792214665238037
9.977925996517234,9.9639381088202,-0.022074003482766485,-0.03606189117980069
9.977591994234347,9.976959264546304,-0.022408005765653174,-0.023040735453696202
9.977258254938649,9.957685204441526,-0.022741745061350994,-0.042314795558472826
9.976924782547005,9.992324406328645,-0.023075217452993794,-0.007675593671354706
9.976591580973151,9.96250860324971,-0.0234084190268479,-0.03749139675028979
9.976258654127642,9.972678136171071,-0.023741345872358023,-0.027321863828929375
9.975926005917806,9.953423390694423,-0.024073994082193146,-0.04657660930557714
9.975593640247707,10.005786566524545,-0.024406359752292522,0.005786566524545032
9.975261561018089,9.98648781950344,-0.024738438981911255,-0.013512180496560389
9.974929772126334,9.94685611275307,-0.02507022787366623,-0.053143887246929665
9.974598277466418,9.985094975770519,-0.025401722533581847,-0.014905024229481395
9.974267080928865,9.964949422347711,-0.02573291907113568,-0.03505057765228828
9.973936186400696,10.019260860813903,-0.026063813599304177,0.0192608608139028
9.973605597765392,9.967492166425888,-0.026394402234608247,-0.03250783357411115
9.973275318902841,9.978441226962152,-0.02672468109715885,-0.021558773037846847
9.972945353689298,9.985091866296163,-0.02705464631070254,-0.014908133703837603
9.972615705997333,9.970628390579485,-0.027384294002666915,-0.029371609420515803
9.972286379695793,9.968404124674136,-0.027713620304206217,-0.031595875325863824
9.971957378649753,9.950707406688366,-0.028042621350246502,-0.04929259331163446
9.97162870672047,9.976876686644564,-0.028371293279531164,-0.02312331335543623
9.971300367765334,9.973681660770302,-0.02869963223466622,-0.026318339229698444
9.970972365637834,9.945912510080612,-0.02902763436216556,-0.054087489919387624
9.970644704187503,9.977642240405057,-0.029355295812496202,-0.022357759594942024
9.970317387259877,9.996998147787814,-0.02968261274012344,-0.0030018522121863685
9.969990418696444,9.994356877567322,-0.030009581303555993,-0.005643122432677585
9.969663802334608,9.932373793733058,-0.03033619766539111,-0.06762620626694262
9.96933754200764,9.997099475217114,-0.03066245799235955,-0.0029005247828863163
9.969011641544629,9.936475165339276,-0.030988358455370596,-0.0635248346607246
9.968686104770443,9.944601323925227,-0.031313895229557104,-0.055398676074772744
9.96836093550568,9.949806961106871,-0.03163906449432019,-0.050193038893129066
9.968036137566626,9.961755850320001,-0.0319638624333742,-0.03824414967999913
9.967711714765208,9.97479062511387,-0.032288285234791485,-0.02520937488612902
9.967387670908954,9.965135233390454,-0.032612329091047096,-0.034864766609546946
9.967064009800936,10.002933486519423,-0.032935990199063535,0.0029334865194228163
9.966740735239744,9.989229467468256,-0.033259264760255335,-0.010770532531743277
9.966417851019425,9.944284430245487,-0.03358214898057366,-0.05571556975451295
9.96609536092945,9.9898533475913,-0.03390463907055086,-0.010146652408700912
9.965773268754655,9.988265454102594,-0.03422673124534483,-0.011734545897406797
9.965451578275216,9.993985895959435,-0.03454842172478368,-0.006014104040565814
9.96513029326659,9.950270677434021,-0.034869706733409805,-0.04972932256597859
9.964809417499476,9.938040377348763,-0.03519058250052437,-0.06195962265123761
9.96448895473977,9.9525497533566,-0.03551104526023152,-0.047450246643400584
9.964168908748517,9.947413709277345,-0.03583109125148259,-0.05258629072265497
9.96384928328188,9.93386107830622,-0.03615071671812022,-0.06613892169377986
9.963530082091077,10.011813641107404,-0.03646991790892247,0.01181364110740387
9.963211308922354,9.96533747410886,-0.03678869107764683,-0.03466252589113989
9.962892967516925,9.936341219366696,-0.037107032483074176,-0.06365878063330355
9.962575061610947,9.93969063570916,-0.0374249383890527,-0.060309364290839274
9.962257594935458,9.986674170283488,-0.03774240506454171,-0.013325829716511708
9.961940571216344,9.955576184794113,-0.03805942878365557,-0.04442381520588624
9.961623994174293,9.953361989946456,-0.038376005825707195,-0.04663801005354298
9.961307867524749,9.991358814511178,-0.038692132475251884,-0.008641185488821288
9.96099219497787,9.984256488405356,-0.03900780502213088,-0.01574351159464432
9.960676980238485,9.951041322043661,-0.0393230197615149,-0.048958677956338514
9.960362227006053,9.956450186084458,-0.03963777299394765,-0.043549813915541996
9.960047938974611,9.976241680731588,-0.0399520610253892,-0.023758319268410794
9.95973411983274,9.96992380564052,-0.04026588016725939,-0.030076194359480026
9.959420773263519,9.94515464409577,-0.04057922673648106,-0.054845355904231376
9.959107902944476,9.967789570247865,-0.04089209705552328,-0.03221042975213538
9.958795512547555,9.939019406908,-0.04120448745244466,-0.06098059309199999
9.958483605739064,9.960089289957848,-0.04151639426093621,-0.039910710042152665
9.958172186179635,9.976841501634514,-0.04182781382036449,-0.023158498365486405
9.957861257524186,9.943178036898102,-0.0421387424758146,-0.056821963101897896
9.957550823421867,9.964574362844205,-0.042449176578133026,-0.03542563715579454
9.95724088751603,9.934954216996278,-0.04275911248397047,-0.0650457830037216
9.956931453444176,9.945303899141713,-0.04306854655582463,-0.054696100858287564
9.956622524837917,9.944696446529298,-0.043377475162082874,-0.05530355347070292
9.956314105322935,9.940644621161054,-0.043685894677064886,-0.05935537883894618
9.956006198518935,9.936098575166318,-0.04399380148106517,-0.06390142483368218
9.955698808039605,9.955396855756122,-0.04430119196039555,-0.04460314424387761
9.955391937492573,9.921465745691364,-0.04460806250742771,-0.07853425430863509
9.955085590479365,9.936221978306625,-0.04491440952063527,-0.06377802169337593
9.954779770595364,9.959422590861266,-0.045220229404636283,-0.040577409138733846
9.954474481429765,9.94611427619772,-0.04552551857023532,-0.053885723802280266
9.954169726565535,9.968521075575152,-0.045830273434465656,-0.03147892442484691
9.95386550957937,9.963223949649025,-0.046134490420631245,-0.036776050350975184
9.95356183404165,9.954181050697429,-0.04643816595834879,-0.04581894930257058
9.953258703516411,9.992220777499956,-0.04674129648358956,-0.007779222500044862
9.952956121561279,9.951116085827179,-0.047043878438721286,-0.04888391417282042
9.95265409172745,9.994298984335655,-0.04734590827254982,-0.005701015664345353
9.952352617559638,9.921968084716628,-0.04764738244036102,-0.07803191528337242
9.952051702596037,9.997080379519614,-0.04794829740396207,-0.0029196204803861175
9.951751350368276,9.929305823805276,-0.048248649631723206,-0.07069417619472339
9.951451564401381,9.933672903071354,-0.04854843559861908,-0.06632709692864576
9.95115234821373,9.899719855637997,-0.04884765178627018,-0.10028014436200289
9.950853705317016,9.93784756861127,-0.049146294682984065,-0.06215243138872954
9.950555639216203,9.920119909135597,-0.049444360783796645,-0.07988009086440266
9.950258153409488,9.94339136089354,-0.04974184659051326,-0.05660863910646164
9.94996125138825,9.942742278535858,-0.05003874861174978,-0.05725772146414164
9.949664936637026,9.93884148253268,-0.05033506336297351,-0.06115851746731919
9.949369212633457,9.960266905671741,-0.05063078736654417,-0.039733094328259756
9.949074082848245,9.940783170287443,-0.050925917151754735,-0.05921682971255825
9.948779550745128,9.968326990576854,-0.05122044925487201,-0.03167300942314717
9.948485619780822,9.929665086014865,-0.051514380219177404,-0.0703349139851356
9.948192293404993,9.94787379427533,-0.05180770659500751,-0.05212620572467005
9.947899575060205,9.933043480323466,-0.05210042493979451,-0.06695651967653343
9.947607468181893,9.966956122369114,-0.05239253181810667,-0.03304387763088634
9.947315976198311,9.932531697174912,-0.05268402380168859,-0.06746830282508776
9.947025102530498,9.955840929744486,-0.05297489746950143,-0.044159070255513355
9.946734850592238,9.907876122431654,-0.05326514940776316,-0.09212387756834528
9.946445223790011,9.952159619726022,-0.05355477620998849,-0.04784038027397859
9.946156225522971,9.916289658597966,-0.05384377447702894,-0.08371034140203451
9.945867859182886,9.94849788556243,-0.054132140817112775,-0.05150211443756994
9.945580128154115,9.928577796843275,-0.054419871845884676,-0.07142220315672551
9.945293035813554,9.95100183751157,-0.05470696418644552,-0.0489981624884309
9.945006585530608,9.90454277925746,-0.05499341446939206,-0.09545722074253997
9.944720780667144,9.938018820934293,-0.055279219332856434,-0.061981179065707825
9.944435624577455,9.948817571816976,-0.0555643754225456,-0.05118242818302368
9.94415112060822,9.913005952401601,-0.05584887939178074,-0.08699404759839817
9.943867272098464,9.932426249806898,-0.056132727901536505,-0.06757375019310183
9.94358408237952,9.91777929909237,-0.05641591762048023,-0.08222070090763017
9.943301554774989,9.939328059221022,-0.056698445225010975,-0.060671940778977494
9.943019692600702,9.931674560900467,-0.056980307399298706,-0.06832543909953318
9.942738499164678,9.921914713931926,-0.05726150083532294,-0.07808528606807323
9.942457977767088,9.948842857425428,-0.05754202223291177,-0.05115714257457224
9.942178131700219,9.975535896124008,-0.05782186829978053,-0.024464103875991572
9.941898964248429,9.948047404149685,-0.05810103575157044,-0.05195259585031479
9.941620478688113,9.938620229608063,-0.058379521311887166,-0.06137977039193695
9.941342678287661,9.949201457149957,-0.05865732171233923,-0.050798542850043454
9.941065566307424,9.975736269689106,-0.05893443369257643,-0.024263730310893933
9.940789145999672,9.973405381394619,-0.059210854000328064,-0.02659461860538187
9.940513420608559,9.947579441584738,-0.0594865793914411,-0.0524205584152624
9.940238393370082,9.94724259634451,-0.05976160662991823,-0.05275740365548938
9.939964067512044,9.929518577583318,-0.060035932487956,-0.07048142241668191
9.939690446254017,9.952755484571888,-0.06030955374598244,-0.047244515428112324
9.939417532807305,9.90674489998534,-0.06058246719269503,-0.09325510001466056
9.939145330374902,9.908487147368591,-0.06085466962509833,-0.09151285263140932
9.938873842151459,9.940337230725808,-0.061126157848541585,-0.05966276927419278
9.938603071323243,9.950910070143351,-0.061396928676756224,-0.04908992985664969
9.938333021068107,9.962886300548664,-0.06166697893189324,-0.03711369945133507
9.93806369455544,9.919698959900705,-0.06193630544456048,-0.08030104009929578
9.93779509494614,9.942594434836307,-0.062204905053859866,-0.05740556516369236
9.937527225392575,9.926651405700648,-0.06247277460742443,-0.07334859429935245
9.937260089038544,9.927601852082578,-0.06273991096145548,-0.07239814791742218
9.936993689019241,9.943760505037304,-0.06300631098075929,-0.05623949496269552
9.936728028461216,9.931019255014192,-0.06327197153878397,-0.06898074498580728
9.936463110482343,9.933508342438344,-0.06353688951765621,-0.06649165756165562
9.936198938191783,9.923166738278608,-0.0638010618082178,-0.07683326172139095
9.935935514689938,9.92211524229733,-0.06406448531006223,-0.07788475770266982
9.93567284306843,9.974344676299644,-0.06432715693157091,-0.02565532370035603
9.93541092641005,9.934343992242193,-0.06458907358994961,-0.06565600775780805
9.935149767788735,9.924940916911828,-0.06485023221126456,-0.07505908308817162
9.934889370269522,9.946239678849464,-0.06511062973047853,-0.05376032115053651
9.934629736908514,9.92423734136205,-0.06537026309148677,-0.07576265863795076
9.934370870752847,9.959423859167275,-0.0656291292471531,-0.04057614083272534
9.934112774840655,9.910373947118194,-0.06588722515934531,-0.08962605288180585
9.933855452201028,9.910884015717297,-0.0661445477989711,-0.08911598428270248
9.933598905853987,9.96430991737684,-0.06640109414601346,-0.03569008262316004
9.933343138810434,9.933174257976892,-0.06665686118956625,-0.06682574202310751
9.93308815407213,9.926827474697944,-0.06691184592786945,-0.07317252530205579
9.932833954631656,9.938203963897388,-0.0671660453683444,-0.06179603610261101
9.93258054347237,9.937552619407573,-0.067419456527629,-0.062447380592426806
9.932327923568387,9.937367818467042,-0.06767207643161255,-0.06263218153295805
9.93207609788453,9.950908412361985,-0.06792390211547082,-0.0490915876380157
9.931825069376298,9.91649354664517,-0.06817493062370086,-0.08350645335483159
9.931574840989844,9.903478752563336,-0.06842515901015549,-0.09652124743666358
9.931325415661922,9.910208085677358,-0.06867458433807809,-0.08979191432264197
9.931076796319863,9.922774218600589,-0.06892320368013692,-0.07722578139941175
9.93082898588154,9.938402318569773,-0.06917101411845959,-0.06159768143022648
9.930581987255334,9.920332919584048,-0.06941801274466723,-0.07966708041595105
9.93033580334009,9.931800195563238,-0.06966419665990861,-0.06819980443676182
9.930090437025106,9.941710714319996,-0.06990956297489426,-0.058289285680003605
9.92984589119007,9.893495145394628,-0.07015410880993027,-0.10650485460537158
9.929602168705047,9.91613130350406,-0.07039783129495217,-0.08386869649594038
9.92935927243044,9.929664365101317,-0.07064072756955848,-0.07033563489868297
9.929117205216956,9.911700065971457,-0.07088279478304454,-0.08829993402854273
9.928875969905564,9.938031850295324,-0.07112403009443569,-0.0619681497046759
9.92863556932748,9.897860396616027,-0.07136443067252074,-0.10213960338397388
9.928396006304116,9.94186021632443,-0.0716039936958852,-0.058139783675568664
9.928157283647055,9.923514172780486,-0.07184271635294437,-0.07648582721951344
9.927919404158024,9.961511486082706,-0.07208059584197636,-0.038488513917293375
9.927682370628846,9.930660639483422,-0.07231762937115493,-0.06933936051657746
9.927446185841418,9.913715023022473,-0.07255381415858234,-0.08628497697752682
9.927210852567677,9.937266935505932,-0.07278914743232183,-0.0627330644940692
9.92697637356957,9.916370586413455,-0.07302362643043037,-0.08362941358654527
9.92674275159901,9.951104531331966,-0.07325724840099096,-0.048895468668034174
9.926509989397855,9.912632213751689,-0.07349001060214491,-0.08736778624831164
9.926278089697876,9.947544938572822,-0.07372191030212402,-0.05245506142717847
9.926047055220717,9.95332307815024,-0.0739529447792827,-0.04667692184976133
9.92581688867787,9.919520854400323,-0.07418311132212989,-0.0804791455996771
9.92558759277064,9.906283154674144,-0.07441240722936085,-0.0937168453258553
9.925359170190111,9.927285863444743,-0.07464082980988887,-0.07271413655525788
9.925131623617123,9.92647114739963,-0.07486837638287691,-0.07352885260037047
9.924904955722232,9.912687167229809,-0.07509504427776899,-0.0873128327701915
9.924679169165678,9.906956572548221,-0.07532083083432158,-0.09304342745177781
9.924454266597365,9.912693425405646,-0.07554573340263476,-0.08730657459435462
9.924230250656816,9.947773660585208,-0.0757697493431835,-0.052226339414792544
9.924007123973151,9.93353872615528,-0.07599287602684832,-0.06646127384471945
9.923784889165054,9.938723662551105,-0.07621511083494648,-0.0612763374488957
9.923563548840738,9.92249551099867,-0.07643645115926243,-0.07750448900132938
9.92334310559792,9.935764569954598,-0.07665689440207867,-0.06423543004540226
9.923123562023793,9.903823490411286,-0.07687643797620612,-0.09617650958871476
9.922904920694986,9.928321522552872,-0.07709507930501436,-0.07167847744712734
9.922687184177537,9.91217491608416,-0.07731281582246219,-0.08782508391584029
9.922470355026872,9.944992700234165,-0.07752964497312732,-0.05500729976583433
9.922254435787764,9.926399538932309,-0.07774556421223683,-0.07360046106769229
9.922039428994303,9.923721857792565,-0.07796057100569659,-0.07627814220743546
9.921825337169878,9.934945090136587,-0.0781746628301214,-0.06505490986341375
9.921612162827136,9.938448868794879,-0.07838783717286421,-0.06155113120512182
9.921399908467954,9.930213063259533,-0.07860009153204606,-0.0697869367404675
9.921188576583415,9.947845234442765,-0.07881142341658492,-0.052154765557234695
9.920978169653775,9.925169965397819,-0.07902183034622544,-0.07483003460218147
9.920768690148432,9.909264026931368,-0.07923130985156776,-0.09073597306863301
9.920560140525904,9.927700613894942,-0.07943985947409643,-0.07229938610505879
9.92035252323379,9.92020805204383,-0.07964747676620959,-0.07979194795616985
9.920145840708752,9.943414840462376,-0.07985415929124727,-0.05658515953762387
9.919940095376479,9.889794421524764,-0.08005990462352044,-0.11020557847523643
9.91973528965166,9.912005765983428,-0.08026471034833906,-0.08799423401657125
9.91953142593796,9.907985352216306,-0.08046857406204076,-0.09201464778369375
9.91932850662798,9.898036595676118,-0.08067149337201873,-0.10196340432388296
9.919126534103249,9.92263362772403,-0.0808734658967502,-0.07736637227596893
9.918925510734176,9.896470067491844,-0.08107448926582389,-0.10352993250815617
9.918725438880031,9.953398496257432,-0.0812745611199683,-0.04660150374256793
9.91852632088892,9.902231369359153,-0.08147367911107921,-0.09776863064084576
9.918328159097753,9.911095427874605,-0.08167184090224704,-0.0889045721253955
9.918130955832215,9.923110155383396,-0.08186904416778468,-0.07688984461660414
9.917934713406746,9.912353476167333,-0.08206528659325435,-0.08764652383266686
9.917739434124504,9.912731591675056,-0.08226056587549524,-0.08726840832494318
9.91754512027735,9.920993936294357,-0.08245487972265003,-0.07900606370564256
9.917351774145807,9.911531665580691,-0.08264822585419225,-0.08846833441930846
9.917159397999047,9.941277921368647,-0.08284060200095265,-0.058722078631353494
9.916967994094854,9.895154238873724,-0.0830320059051462,-0.10484576112627514
9.916777564679602,9.931907843515686,-0.08322243532039819,-0.06809215648431291
9.91658811198823,9.950436582776105,-0.08341188801177103,-0.04956341722389549
9.91639963824421,9.934486548715025,-0.08360036175579018,-0.06551345128497577
9.91621214565953,9.93011410607477,-0.0837878543404702,-0.06988589392523012
9.916025636434659,9.880149404896688,-0.08397436356534108,-0.11985059510331206
9.915840112758527,9.918652997086513,-0.08415988724147354,-0.08134700291348686
9.915655576808495,9.941099039706057,-0.08434442319150524,-0.058900960293943525
9.915472030750333,9.918719304128759,-0.08452796924966594,-0.08128069587124166
9.915289476738197,9.911225047360421,-0.08471052326180319,-0.08877495263957842
9.915107916914593,9.917494330874108,-0.08489208308540735,-0.08250566912589262
9.914927353410363,9.9011597919618,-0.08507264658963708,-0.09884020803819868
9.914747788344656,9.911969948917507,-0.08525221165534391,-0.08803005108249323
9.914569223824902,9.90624999257559,-0.08543077617509752,-0.09375000742440873
9.91439166194679,9.931554493556053,-0.08560833805321032,-0.06844550644394626
9.914215104794238,9.93145683929164,-0.08578489520576185,-0.06854316070836086
9.914039554439377,9.903950817326113,-0.08596044556062363,-0.09604918267388807
9.913865012942518,9.90710209250734,-0.08613498705748307,-0.0928979074926588
9.913691482352132,9.92041002158551,-0.08630851764786801,-0.07958997841448888
9.91351896470483,9.891456100325408,-0.08648103529517047,-0.10854389967459235
9.91334746202533,9.925198841218501,-0.08665253797467079,-0.07480115878149857
9.913176976326438,9.913230529848377,-0.08682302367356115,-0.086769470151623
9.91300750960903,9.892918702468677,-0.08699249039096944,-0.1070812975313226
9.912839063862018,9.930817348493996,-0.08716093613798265,-0.06918265150600364
9.91267164106233,9.89724348211346,-0.08732835893766999,-0.10275651788654085
9.912505243174893,9.903103185308966,-0.08749475682510656,-0.09689681469103376
9.912339872152604,9.910362400198466,-0.08766012784739591,-0.08963759980153517
9.912175529936306,9.915448329851898,-0.08782447006369337,-0.08455167014810103
9.912012218454771,9.930203327838031,-0.08798778154522852,-0.06979667216196822
9.911849939624672,9.909955438305253,-0.08815006037532806,-0.09004456169474565
9.911688695350563,9.895104799456833,-0.08831130464943808,-0.10489520054316641
9.911528487524853,9.915795936741368,-0.0884715124751467,-0.08420406325863176
9.911369318027795,9.876622003581657,-0.08863068197220594,-0.12337799641834268
9.911211188727446,9.894130721818708,-0.08878881127255407,-0.10586927818129206
9.911054101479662,9.931189211898305,-0.08894589852033746,-0.06881078810169479
9.910898058128067,9.913794389800954,-0.0891019418719322,-0.08620561019904628
9.910743060504034,9.90878913307665,-0.08925693949596597,-0.0912108669233493
9.910589110426661,9.914684433082662,-0.08941088957333933,-0.08531556691733763
9.910436209702752,9.90236187980668,-0.08956379029724731,-0.09763812019332083
9.9102843601268,9.882886751838571,-0.0897156398732003,-0.11711324816142885
9.910133563480954,9.914904708526558,-0.08986643651904545,-0.08509529147344103
9.909983821535013,9.92595466709338,-0.09001617846498727,-0.07404533290661999
9.909835136046391,9.928069251512452,-0.09016486395360868,-0.0719307484875484
9.909687508760108,9.908598788137082,-0.09031249123989138,-0.09140121186291755
9.909540941408764,9.913500308230095,-0.09045905859123657,-0.08649969176990609
9.909395435712515,9.873366338669848,-0.09060456428748515,-0.12663366133015172
9.909250993379063,9.91698149995443,-0.0907490066209378,-0.08301850004556946
9.909107616103624,9.93756629194659,-0.09089238389637534,-0.06243370805341025
9.908965305568922,9.918440400204254,-0.09103469443107827,-0.0815595997957464
9.908824063445152,9.893746940374886,-0.09117593655484685,-0.10625305962511492
9.90868389138998,9.910639044919987,-0.09131610861002032,-0.08936095508001264
9.908544791048504,9.928481723878198,-0.09145520895149682,-0.0715182761218014
9.908406764053248,9.890437033226009,-0.09159323594675223,-0.10956296677399138
9.908269812024141,9.89387245381418,-0.09173018797585972,-0.1061275461858205
9.908133936568492,9.907917944169412,-0.09186606343150844,-0.09208205583058826
9.907999139280978,9.862979331311651,-0.09200086071902264,-0.1370206686883484
9.907865421743619,9.910939930612951,-0.09213457825638027,-0.08906006938704829
9.907732785525768,9.935713531183627,-0.09226721447423149,-0.0642864688163731
9.907601232184083,9.912005097434125,-0.09239876781591727,-0.08799490256587426
9.907470763262513,9.903037278912711,-0.09252923673748739,-0.09696272108728837
9.907341380292282,9.898395148995258,-0.09265861970771888,-0.10160485100474313
9.907213084791866,9.886536802503748,-0.09278691520813366,-0.11346319749625178
9.907085878266983,9.916583330697128,-0.09291412173301672,-0.08341666930287324
9.906959762210567,9.924162124425884,-0.09304023778943339,-0.07583787557411568
9.906834738102752,9.932405466782832,-0.09316526189724722,-0.06759453321716744
9.906710807410862,9.907969113187564,-0.0932891925891372,-0.09203088681243667
9.906587971589385,9.915603201551251,-0.09341202841061484,-0.08439679844874827
9.906466232079959,9.933361263331953,-0.09353376792004159,-0.06663873666804673
9.906345590311355,9.921333493456173,-0.09365440968864533,-0.07866650654382677
9.906226047699462,9.882602206029162,-0.09377395230053759,-0.11739779397083785
9.90610760564727,9.93719288654415,-0.09389239435272971,-0.0628071134558495
9.905990265544851,9.915199483881683,-0.09400973445514973,-0.08480051611831659
9.905874028769341,9.927501161713483,-0.09412597123065838,-0.07249883828651757
9.905758896684935,9.91089648441322,-0.09424110331506547,-0.08910351558678001
9.905644870642854,9.91771532133558,-0.09435512935714568,-0.0822846786644201
9.905531951981345,9.875079663578248,-0.09446804801865463,-0.12492033642175131
9.905420142025655,9.939578989184488,-0.09457985797434454,-0.06042101081551275
9.90530944208802,9.906661240331259,-0.09469055791197956,-0.09333875966874083
9.905199853467648,9.840436217254762,-0.09480014653235158,-0.15956378274523875
9.905091377450704,9.895688501221157,-0.09490862254929504,-0.10431149877884363
9.904984015310298,9.890629910795889,-0.09501598468970238,-0.10937008920411068
9.904877768306461,9.925896162919349,-0.09512223169353874,-0.0741038370806508
9.904772637686143,9.921398681107588,-0.09522736231385694,-0.07860131889241243
9.904668624683188,9.903969916182715,-0.0953313753168119,-0.09603008381728372
9.904565730518325,9.897406102385041,-0.09543426948167537,-0.10259389761495911
9.90446395639915,9.952426278422724,-0.09553604360084997,-0.04757372157727522
9.904363303520116,9.900937456342334,-0.09563669647988364,-0.09906254365766691
9.904263773062516,9.90861229872631,-0.09573622693748353,-0.09138770127369054
9.904165366194471,9.937900852811023,-0.0958346338055298,-0.06209914718897674
9.90406808407091,9.888670419472128,-0.09593191592908945,-0.11132958052787277
9.90397192783357,9.905500379958845,-0.09602807216642979,-0.09449962004115438
9.903876898610967,9.909132044195108,-0.09612310138903196,-0.09086795580489296
9.903782997518396,9.913804054007818,-0.09621700248160393,-0.08619594599218165
9.903690225657906,9.922068084756152,-0.09630977434209394,-0.07793191524384765
9.903598584118297,9.886104186733302,-0.09640141588170306,-0.1138958132666982
9.903508073975102,9.92472244471728,-0.09649192602489831,-0.07527755528271984
9.903418696290576,9.90014645227524,-0.09658130370942498,-0.09985354772475895
9.90333045211368,9.923149296560315,-0.09666954788631936,-0.07685070343968493
9.90324334248008,9.904777979693558,-0.09675665751992087,-0.09522202030644288
9.903157368412115,9.901805039797123,-0.09684263158788425,-0.09819496020287642
9.903072530918807,9.938295595619174,-0.0969274690811917,-0.061704404380825806
9.902988830995836,9.908644823079689,-0.09701116900416444,-0.09135517692031152
9.902906269625525,9.891598325506394,-0.09709373037447472,-0.10840167449360619
9.902824847776843,9.913394742990361,-0.09717515222315705,-0.08660525700963871
9.90274456640538,9.931234309910208,-0.09725543359461986,-0.06876569008979302
9.902665426453343,9.874163599303998,-0.09733457354665642,-0.1258364006960016
9.902587428849543,9.86858884777898,-0.09741257115045619,-0.13141115222101943
9.902510574509385,9.897995291820543,-0.09748942549061546,-0.10200470817945798
9.902434864334852,9.884987293384428,-0.09756513566514825,-0.11501270661557211
9.902360299214504,9.896155429176195,-0.09763970078549693,-0.1038445708238046
9.902286880023457,9.928861359941221,-0.09771311997654243,-0.07113864005877826
9.902214607623385,9.9532799989063,-0.0977853923766148,-0.04672000109369952
9.902143482862497,9.904991009712997,-0.09785651713750305,-0.09500899028700283
9.902073506575535,9.9105689431472,-0.09792649342446537,-0.08943105685279829
9.902004679583762,9.907884696919272,-0.09799532041623865,-0.0921153030807287
9.901937002694952,9.915804191764499,-0.09806299730504836,-0.08419580823550053
9.901870476703381,9.90172761898515,-0.0981295232966179,-0.09827238101484999
9.901805102389822,9.895608059400287,-0.09819489761017791,-0.10439194059971421
9.901740880521524,9.949367461851391,-0.09825911947847556,-0.050632538148607784
9.901677811852217,9.902314853432012,-0.09832218814778339,-0.09768514656798759
9.901615897122092,9.857156961060653,-0.09838410287790827,-0.14284303893934658
9.9015551370578,9.918301492251818,-0.09844486294220005,-0.08169850774818224
9.90149553237244,9.90291196365452,-0.09850446762756009,-0.0970880363454808
9.90143708376555,9.882461861131292,-0.0985629162344496,-0.11753813886870884
9.901379791923102,9.8944610073375,-0.09862020807689795,-0.10553899266250054
9.901323657517489,9.919811872952286,-0.09867634248251056,-0.0801881270477138
9.901268681207522,9.89014630647789,-0.09873131879247697,-0.10985369352210957
9.90121486363842,9.861266138979316,-0.0987851363615784,-0.13873386102068513
9.901162205441805,9.842923868727935,-0.09883779455819547,-0.15707613127206527
9.901110707235684,9.878596091511671,-0.09888929276431556,-0.12140390848832937
9.90106036962446,9.895030201864866,-0.09893963037553995,-0.10496979813513282
9.901011193198908,9.921072229005103,-0.09898880680109114,-0.0789277709948967
9.90096317853618,9.927386370138214,-0.09903682146381958,-0.07261362986178663
9.90091632619979,9.87893368555599,-0.09908367380021055,-0.12106631444400942
9.90087063673961,9.935730040957408,-0.09912936326039073,-0.06426995904259157
9.900826110691865,9.923737267496536,-0.0991738893081347,-0.07626273250346347
9.900782748579129,9.89751475045711,-0.09921725142087118,-0.10248524954288891
9.90074055091031,9.894207334567888,-0.0992594490896892,-0.105792665432113
9.900699518180655,9.900409108710324,-0.09930048181934403,-0.0995908912896766
9.900659650871736,9.878725904766773,-0.09934034912826306,-0.12127409523322752
9.900620949451449,9.890619433939449,-0.09937905054855141,-0.10938056606055038
9.900583414374003,9.897558115315942,-0.09941658562599737,-0.1024418846840577
9.900547046079922,9.922322819533603,-0.09945295392007786,-0.07767718046639627
9.900511844996036,9.910596173165487,-0.09948815500396346,-0.08940382683451188
9.900477811535476,9.9165566006066,-0.09952218846452354,-0.08344339939339948
9.90044494609767,9.932841214619037,-0.099555053902331,-0.06715878538096332
9.900413249068333,9.876734985198542,-0.09958675093166708,-0.12326501480145724
9.900382720819474,9.852807950484523,-0.09961727918052575,-0.14719204951547737
9.900353361709382,9.904829600502138,-0.09964663829061819,-0.09517039949786235
9.900325172082622,9.924869503544956,-0.0996748279173769,-0.0751304964550433
9.90029815227004,9.852352127723696,-0.09970184772995985,-0.14764787227630358
9.900272302588746,9.895868394995624,-0.09972769741125428,-0.10413160500437618
9.90024762334212,9.910056665615071,-0.09975237665788043,-0.08994333438492838
9.900224114819805,9.916957308977162,-0.09977588518019516,-0.08304269102283728
9.900201777297704,9.883873322022946,-0.09979822270229527,-0.11612667797705298
9.90018061103798,9.917377969238252,-0.09981938896202079,-0.08262203076174796
9.900160616289043,9.914677320679813,-0.09983938371095802,-0.08532267932018717
9.900141793285558,9.88009145654431,-0.09985820671444254,-0.11990854345568921
9.900124142248439,9.917811472815368,-0.09987585775156178,-0.08218852718463274
9.900107663384842,9.871089667171365,-0.09989233661515784,-0.1289103328286353
9.90009235688817,9.884921407093817,-0.09990764311182973,-0.1150785929061829
9.900078222938065,9.87930550382469,-0.09992177706193572,-0.12069449617530872
9.900065261700405,9.891125847287997,-0.09993473829959548,-0.10887415271200243
9.900053473327308,9.925428215764578,-0.099946526672692,-0.07457178423542161
9.900042857957127,9.872589450605282,-0.09995714204287326,-0.12741054939471713
9.900033415714447,9.917659517829973,-0.09996658428555412,-0.08234048217002758
9.900025146710082,9.891181990483272,-0.0999748532899175,-0.10881800951672801
9.900018051041084,9.892606509964258,-0.09998194895891584,-0.1073934900357416
9.900012128790728,9.913465900485827,-0.09998787120927223,-0.08653409951417386
9.90000738002852,9.89879844982085,-0.0999926199714813,-0.10120155017914956
9.90000380481019,9.890208947723284,-0.09999619518981018,-0.1097910522767167
9.9000014031777,9.92234133889596,-0.09999859682229895,-0.07765866110404096
9.900000175159239,9.917852164263929,-0.09999982484076136,-0.08214783573607176
9.900000120769215,9.887297572589832,-0.09999987923078503,-0.1127024274101684
9.900001240008269,9.913363950314848,-0.09999875999173158,-0.08663604968515178
9.900003532863263,9.910490789654602,-0.09999646713673677,-0.08950921034539752
9.90000699930729,9.95725971241071,-0.09999300069271022,-0.04274028758929019
9.900011639299665,9.869598621323654,-0.09998836070033518,-0.1304013786763464
9.900017452785931,9.872086570841285,-0.09998254721406803,-0.12791342915871592
9.900024439697862,9.881102918033699,-0.09997556030213761,-0.11889708196630071
9.900032599953455,9.910100909058658,-0.09996740004654446,-0.08989909094134234
9.90004193345694,9.905825530352429,-0.0999580665430598,-0.09417446964757156
9.900052440098776,9.897971684956328,-0.0999475599012245,-0.10202831504367137
9.900064119755653,9.881144964255009,-0.09993588024434771,-0.11885503574499023
9.900076972290494,9.89819215978405,-0.09992302770950544,-0.10180784021594903
9.90009099755246,9.89226609333017,-0.09990900244753893,-0.10773390666983039
9.900106195376948,9.888889133829428,-0.09989380462305299,-0.11111086617057134
9.900122565585587,9.912518370016933,-0.09987743441441388,-0.08748162998306741
9.900140107986253,9.885175798750884,-0.09985989201374736,-0.11482420124911549
9.900158822373063,9.88113218141083,-0.09984117762693641,-0.11886781858916937
9.900178708526381,9.901571551316694,-0.09982129147361878,-0.09842844868330496
9.900199766212815,9.906861936296043,-0.09980023378718442,-0.0931380637039569
9.900221995185227,9.875832166685617,-0.09977800481477277,-0.12416783331438326
9.900245395182731,9.872238198374157,-0.0997546048172698,-0.12776180162584272
9.900269965930695,9.92574893931385,-0.09973003406930506,-0.07425106068615031
9.900295707140751,9.904547973800355,-0.09970429285924831,-0.09545202619964493
9.900322618510794,9.910736397341173,-0.09967738148920625,-0.08926360265882674
9.900350699724981,9.890648208640389,-0.09964930027501895,-0.10935179135961041
9.900379950453743,9.884993661129275,-0.09962004954625606,-0.11500633887072509
9.900410370353788,9.866659726125746,-0.09958962964621307,-0.13334027387425382
9.900441959068093,9.897938940747446,-0.0995580409319072,-0.10206105925255396
9.900474716225927,9.875102381576088,-0.09952528377407324,-0.12489761842391103
9.90050864144284,9.88041468747831,-0.0994913585571592,-0.11958531252168836
9.900543734320678,9.910490859524787,-0.09945626567932175,-0.0895091404752134
9.900579994447579,9.897764604681232,-0.09942000555242159,-0.1022353953187689
9.900617421397982,9.873202487659958,-0.09938257860201866,-0.1267975123400421
9.900656014732633,9.875664642297728,-0.09934398526736704,-0.12433535770227139
9.90069577399859,9.912671139038913,-0.09930422600140991,-0.08732886096108701
9.900736698729226,9.92429820992842,-0.09926330127077408,-0.0757017900715796
9.900778788444235,9.914814472259339,-0.09922121155576472,-0.08518552774066161
9.90082204264964,9.893987188252858,-0.09917795735035953,-0.10601281174714289
9.900866460837797,9.899815311530096,-0.09913353916220308,-0.10018468846990347
9.900912042487398,9.898484945320735,-0.09908795751260074,-0.10151505467926526
9.900958787063487,9.941700333524912,-0.09904121293651268,-0.05829966647508792
9.901006694017452,9.95427398128252,-0.09899330598254748,-0.04572601871747857
9.901055762787044,9.92276634305529,-0.09894423721295577,-0.07723365694471014
9.901105992796376,9.89297460108632,-0.0988940072036236,-0.10702539891367863
9.901157383455935,9.885870030183755,-0.09884261654406565,-0.11412996981624476
9.901209934162582,9.892513669701454,-0.0987900658374184,-0.10748633029854539
9.901263644299567,9.910203385509595,-0.09873635570043296,-0.08979661449040571
9.901318513236532,9.896912804704387,-0.09868148676346787,-0.10308719529561272
9.901374540329519,9.881652005671196,-0.0986254596704817,-0.11834799432880486
9.901431724920975,9.90185868468088,-0.09856827507902553,-0.09814131531912071
9.901490066339765,9.908579641336232,-0.09850993366023514,-0.09142035866376877
9.901549563901177,9.886358392778092,-0.0984504360988232,-0.11364160722190764
9.90161021690693,9.89754729385002,-0.09838978309307127,-0.10245270614998077
9.901672024645178,9.882733231462764,-0.09832797535482146,-0.11726676853723572
9.901734986390531,9.898306854238808,-0.09826501360946832,-0.1016931457611916
9.90179910140405,9.902176893807503,-0.09820089859595,-0.09782310619249704
9.90186436893326,9.886213258272479,-0.09813563106673995,-0.11378674172752108
9.901930788212162,9.931398441374624,-0.0980692117878377,-0.0686015586253769
9.90199835846124,9.91348962296422,-0.09800164153876023,-0.08651037703577914
9.902067078887468,9.944780092127075,-0.09793292111253254,-0.05521990787292384
9.902136948684321,9.904745017780863,-0.09786305131567856,-0.09525498221913736
9.902207967031789,9.909709480441224,-0.09779203296821148,-0.0902905195587756
9.902280133096376,9.881724727556577,-0.09771986690362432,-0.11827527244342341
9.90235344603112,9.930743051525564,-0.09764655396888,-0.06925694847443652
9.902427904975598,9.906270407951537,-0.09757209502440148,-0.09372959204846294
9.902503509055938,9.88540486558321,-0.09749649094406165,-0.1145951344167896
9.902580257384827,9.870291469323522,-0.09741974261517304,-0.12970853067647772
9.902658149061523,9.941066179414076,-0.09734185093847747,-0.05893382058592416
9.902737183171865,9.904516346865554,-0.09726281682813535,-0.09548365313444651
9.902817358788285,9.871552876089611,-0.09718264121171516,-0.12844712391038915
9.902898674969817,9.865804448627271,-0.09710132503018236,-0.13419555137272807
9.902981130762111,9.893910528689336,-0.09701886923788845,-0.10608947131066362
9.90306472519744,9.93260324177429,-0.09693527480255977,-0.06739675822570995
9.903149457294713,9.905516479102012,-0.09685054270528608,-0.0944835208979876
9.903235326059491,9.903494200539246,-0.09676467394050914,-0.09650579946075416
9.90332233048399,9.895751683947605,-0.09667766951601091,-0.10424831605239585
9.903410469547097,9.913385919609512,-0.0965895304529019,-0.08661408039048821
9.903499742214391,9.89457980931903,-0.096500257785609,-0.10542019068097012
9.903590147438136,9.914716110948314,-0.09640985256186349,-0.08528388905168616
9.903681684157311,9.900599871150746,-0.0963183158426886,-0.0994001288492541
9.903774351297614,9.87021583546464,-0.09622564870238723,-0.12978416453535993
9.90386814777147,9.870239944214855,-0.09613185222852917,-0.12976005578514405
9.903963072478062,9.903524997993712,-0.09603692752193842,-0.09647500200628767
9.90405912430332,9.934665444001984,-0.09594087569668032,-0.0653345559980161
9.90415630211995,9.894822845547093,-0.09584369788004835,-0.10517715445290733
9.904254604787448,9.87592152077475,-0.09574539521255103,-0.12407847922525088
9.904354031152101,9.893393176654351,-0.0956459688478984,-0.10660682334564808
9.90445458004701,9.895705045206553,-0.09554541995298865,-0.10429495479344811
9.904556250292107,9.907406578171402,-0.09544374970789424,-0.09259342182859762
9.904659040694153,9.907063762045416,-0.09534095930584818,-0.09293623795458444
9.90476295004677,9.91042256836655,-0.09523704995322996,-0.08957743163344871
9.904867977130449,9.921947287007251,-0.09513202286955146,-0.0780527129927487
9.904974120712557,9.927396652135482,-0.09502587928744254,-0.07260334786451925
9.905081379547363,9.878757362263833,-0.0949186204526366,-0.12124263773616657
9.905189752376044,9.886253034390064,-0.09481024762395612,-0.11374696560993613
9.905299237926702,9.912391219751607,-0.09470076207329761,-0.08760878024839326
9.905409834914384,9.908269333820451,-0.09459016508561692,-0.0917306661795487
9.905521542041086,9.922171958218563,-0.09447845795891396,-0.07782804178143762
9.905634357995782,9.90147432841941,-0.09436564200421772,-0.0985256715805903
9.905748281454429,9.890602348803677,-0.09425171854557057,-0.10939765119632378
9.905863311079987,9.905503550005372,-0.094136688920013,-0.0944964499946282
9.905979445522432,9.906273457855422,-0.09402055447756774,-0.09372654214457912
9.906096683418776,9.859131100869647,-0.09390331658122408,-0.140868899130353
9.906215023393079,9.934185330984594,-0.0937849766069217,-0.06581466901540683
9.906334464056465,9.906898272484353,-0.09366553594353456,-0.09310172751564645
9.906455004007146,9.882074522147185,-0.09354499599285482,-0.11792547785281475
9.906576641830425,9.912094826879889,-0.09342335816957598,-0.08790517312011074
9.906699376098723,9.895087379410603,-0.09330062390127675,-0.1049126205893968
9.906823205371596,9.923387729363327,-0.09317679462840381,-0.07661227063667227
9.906948128195745,9.940583396230632,-0.09305187180425536,-0.05941660376936721
9.907074143105037,9.889091618610838,-0.09292585689496369,-0.11090838138916212
9.907201248620522,9.921694125981558,-0.09279875137947828,-0.0783058740184417
9.907329443250452,9.91237532538494,-0.09267055674954815,-0.08762467461506064
9.907458725490295,9.897800108112483,-0.09254127450970462,-0.10219989188751766
9.907589093822757,9.90994711711748,-0.09241090617724346,-0.09005288288251957
9.907720546717792,9.91896174048134,-0.09227945328220712,-0.08103825951865964
9.907853082632633,9.917762850741285,-0.09214691736736697,-0.08223714925871446
9.907986700011795,9.87907620241308,-0.09201329998820482,-0.12092379758692087
9.908121397287104,9.902122503747481,-0.09187860271289505,-0.0978774962525182
9.908257172877715,9.899741949408725,-0.09174282712228593,-0.10025805059127463
9.90839402519012,9.909047532698269,-0.0916059748098812,-0.09095246730173065
9.908531952618178,9.879757979115519,-0.09146804738182131,-0.12024202088448017
9.908670953543135,9.887908124286092,-0.09132904645686468,-0.11209187571390729
9.908811026333632,9.902866396354712,-0.09118897366636845,-0.09713360364528803
9.90895216934573,9.883095663175087,-0.0910478306542697,-0.11690433682491323
9.909094380922934,9.908388412149773,-0.09090561907706585,-0.09161158785022662
9.909237659396204,9.892225221872678,-0.09076234060379523,-0.10777477812732252
9.909382003083982,9.930747298410978,-0.09061799691601785,-0.06925270158902239
9.909527410292204,9.92980985749971,-0.0904725897077951,-0.07019014250029129
9.90967387931433,9.923025097317273,-0.09032612068567045,-0.0769749026827258
9.909821408431352,9.903684767823664,-0.09017859156864888,-0.0963152321763361
9.909969995911823,9.919441267605446,-0.09003000408817723,-0.08055873239455445
9.910119640011876,9.928169390790348,-0.08988035998812335,-0.07183060920965231
9.910270338975243,9.923688835315454,-0.08972966102475616,-0.07631116468454555
9.910422091033276,9.918257058282165,-0.08957790896672456,-0.08174294171783524
9.910574894404963,9.916469709215072,-0.08942510559503697,-0.08353029078492856
9.91072874729696,9.91609577742192,-0.08927125270304043,-0.08390422257808038
9.910883647903601,9.896845070538893,-0.08911635209639931,-0.10315492946110738
9.911039594406926,9.91710525088175,-0.08896040559307446,-0.08289474911825047
9.911196584976699,9.930534916573238,-0.08880341502330151,-0.06946508342676225
9.91135461777043,9.914887380139541,-0.08864538222956973,-0.08511261986045848
9.9115136909334,9.858155680264382,-0.08848630906660011,-0.14184431973561826
9.911673802598676,9.939214324674646,-0.08832619740132389,-0.06078567532535477
9.91183495088714,9.900788111285078,-0.0881650491128603,-0.09921188871492323
9.911997133907505,9.899550165749837,-0.08800286609249489,-0.10044983425016395
9.912160349756343,9.927900346917937,-0.08783965024365697,-0.07209965308206281
9.912324596518102,9.905583021571726,-0.08767540348189752,-0.09441697842827335
9.912489872265134,9.89797969677735,-0.08751012773486669,-0.10202030322264946
9.912656175057709,9.93739593242834,-0.08734382494229094,-0.06260406757166037
9.912823502944049,9.906538566321316,-0.08717649705595067,-0.09346143367868318
9.912991853960342,9.910282737852167,-0.08700814603965687,-0.08971726214783336
9.913161226130772,9.91214753093385,-0.08683877386922852,-0.0878524690661494
9.91333161746753,9.936534248484435,-0.08666838253246895,-0.06346575151556444
9.913503025970858,9.899064667578394,-0.08649697402914293,-0.10093533242160567
9.913675449629046,9.903412929810822,-0.08632455037095288,-0.09658707018917888
9.913848886418485,9.92395323714844,-0.08615111358151546,-0.0760467628515599
9.914023334303662,9.928475908829792,-0.08597666569633772,-0.07152409117020789
9.914198791237206,9.873699046007957,-0.08580120876279318,-0.12630095399204272
9.914375255159902,9.916107167627628,-0.08562474484009802,-0.08389283237237162
9.914552724000714,9.916096061684042,-0.08544727599928653,-0.0839039383159582
9.914731195676813,9.926268407370129,-0.08526880432318724,-0.07373159262987053
9.914910668093603,9.92505159083771,-0.0850893319063981,-0.07494840916229056
9.915091139144737,9.951516313150893,-0.0849088608552622,-0.04848368684910601
9.915272606712158,9.89239480448833,-0.08472739328784272,-0.1076051955116701
9.915455068666102,9.91314351526345,-0.08454493133389848,-0.08685648473655008
9.915638522865141,9.9076221182193,-0.08436147713485852,-0.09237788178070158
9.915822967156203,9.916379172923682,-0.08417703284379735,-0.08362082707631831
9.91600839937459,9.892207552338363,-0.08399160062540936,-0.10779244766163659
9.916194817344017,9.894474631927633,-0.08380518265598358,-0.1055253680723666
9.916382218876622,9.866811012039419,-0.08361778112337825,-0.13318898796058076
9.916570601773005,9.908986677720977,-0.08342939822699479,-0.09101332227902267
9.916759963822248,9.921902204590891,-0.0832400361777524,-0.07809779540910879
9.916950302801938,9.919597572927755,-0.08304969719806177,-0.08040242707224535
9.917141616478201,9.877480613052581,-0.0828583835217993,-0.12251938694741878
9.91733390260572,9.936407947878099,-0.08266609739428052,-0.06359205212190111
9.917527158927767,9.904969332278819,-0.08247284107223417,-0.09503066772118184
9.917721383176225,9.884892824779596,-0.08227861682377532,-0.11510717522040433
9.91791657307162,9.900349806310198,-0.08208342692837894,-0.09965019368980178
9.918112726323146,9.906625306603294,-0.08188727367685326,-0.09337469339670536
9.918309840628687,9.904413910147797,-0.08169015937131256,-0.09558608985220346
9.91850791367485,9.95554174139235,-0.08149208632515052,-0.04445825860764887
9.918706943136987,9.914218224711071,-0.08129305686301273,-0.08578177528892968
9.918906926679231,9.928885680480498,-0.08109307332076975,-0.07111431951950145
9.91910786195451,9.935199668211213,-0.0808921380454893,-0.06480033178878719
9.919309746604592,9.901014875430887,-0.08069025339540915,-0.09898512456911246
9.919512578260091,9.946425567031321,-0.08048742173990904,-0.05357443296867896
9.919716354540517,9.912044029427168,-0.0802836454594832,-0.08795597057283255
9.919921073054288,9.87231244265,-0.08007892694571217,-0.12768755735000023
9.920126731398765,9.90703318117382,-0.0798732686012348,-0.09296681882618012
9.92033332716028,9.89943616289693,-0.07966667283972023,-0.10056383710307051
9.92054085791416,9.941983929955464,-0.07945914208583921,-0.05801607004453638
9.920749321224765,9.926258161203357,-0.07925067877523606,-0.07374183879664332
9.9209587146455,9.917653315958301,-0.07904128535449968,-0.08234668404169934
9.921169035718865,9.925623754473223,-0.07883096428113519,-0.0743762455267763
9.921380281976464,9.916300450695468,-0.07861971802353473,-0.08369954930453179
9.921592450939052,9.9256996814436,-0.07840754906094895,-0.07430031855640026
9.921805540116543,9.926119694693902,-0.07819445988345734,-0.07388030530609824
9.92201954700806,9.94278427175314,-0.07798045299193959,-0.057215728246859415
9.922234469101955,9.934407218174643,-0.07776553089804579,-0.06559278182535633
9.922450303875832,9.937620558212773,-0.07754969612416712,-0.06237944178722776
9.922667048796594,9.89199451475119,-0.0773329512034064,-0.1080054852488106
9.922884701320452,9.912348099255984,-0.07711529867954803,-0.08765190074401605
9.923103258892972,9.910808479385585,-0.07689674110702849,-0.08919152061441538
9.923322718949095,9.955667939234992,-0.07667728105090599,-0.04433206076500807
9.92354307891317,9.919944105605598,-0.07645692108683078,-0.08005589439440101
9.923764336198985,9.908201592850165,-0.07623566380101451,-0.09179840714983456
9.923986488209799,9.954064999929379,-0.07601351179020024,-0.045935000070620985
9.924209532338368,9.94162213494365,-0.07579046766163162,-0.05837786505635097
9.924433465966978,9.91121613954847,-0.07556653403302266,-0.08878386045152972
9.924658286467473,9.93661439926071,-0.07534171353252667,-0.06338560073928988
9.924883991201295,9.9454869927881,-0.07511600879870553,-0.054513007211900534
9.9251105775195,9.921259953088612,-0.07488942248049894,-0.07874004691138918
9.925338042762807,9.967690797268649,-0.07466195723719292,-0.0323092027313507
9.92556638426161,9.932286877967595,-0.07443361573838905,-0.06771312203240493
9.925795599336027,9.906688446134138,-0.07420440066397266,-0.09331155386586146
9.926025685295919,9.938523092530692,-0.07397431470408188,-0.061476907469306716
9.926256639440924,9.895746812694872,-0.07374336055907559,-0.10425318730512759
9.926488459060497,9.943281776845161,-0.07351154093950217,-0.056718223154838904
9.926721141433934,9.932164862609339,-0.07327885856606728,-0.06783513739066113
9.926954683830397,9.92698693092552,-0.07304531616960229,-0.0730130690744806
9.927189083508969,9.923039547724049,-0.07281091649103193,-0.0769604522759521
9.927424337718659,9.94694857587549,-0.07257566228134227,-0.05305142412451029
9.927660443698452,9.923284486064881,-0.07233955630154855,-0.07671551393511929
9.927897398677338,9.90933385016089,-0.07210260132266244,-0.09066614983910978
9.92813519987434,9.936854416936871,-0.07186480012565996,-0.06314558306312927
9.928373844498552,9.896179741267163,-0.07162615550144834,-0.103820258732836
9.928613329749167,9.950013497749497,-0.07138667025083377,-0.049986502250503925
9.928853652815512,9.948568337990304,-0.07114634718448809,-0.051431662009695955
9.929094810877084,9.918555376208626,-0.0709051891229162,-0.08144462379137266
9.929336801103577,9.95059330541204,-0.07066319889642257,-0.049406694587960494
9.929579620654922,9.915155520143362,-0.07042037934507828,-0.08484447985663848
9.929823266681312,9.945852974484835,-0.0701767333186877,-0.05414702551516601
9.930067736323245,9.93380936202889,-0.0699322636767548,-0.06619063797110886
9.93031302671155,9.933326117454143,-0.06968697328844999,-0.06667388254585654
9.930559134967424,9.914109497930298,-0.06944086503257589,-0.08589050206970172
9.930806058202466,9.955373598331645,-0.0691939417975342,-0.04462640166835489
9.931053793518709,9.912150609806448,-0.06894620648129118,-0.08784939019355197
9.931302338008656,9.922438359996798,-0.06869766199134418,-0.07756164000320113
9.931551688755313,9.932878941250278,-0.06844831124468696,-0.06712105874972131
9.931801842832224,9.992285858358711,-0.0681981571677761,-0.0077141416412898
9.932052797303504,9.952099223001367,-0.06794720269649601,-0.04790077699863307
9.932304549223876,9.94067085207625,-0.06769545077612488,-0.05932914792375025
9.9325570956387,9.947566473602112,-0.06744290436130011,-0.052433526397887446
9.932810433584017,9.926474783081876,-0.06718956641598334,-0.07352521691812526
9.933064560086574,9.901876611395059,-0.06693543991342606,-0.09812338860494105
9.933319472163866,9.90168018688234,-0.06668052783613426,-0.09831981311766
9.933575166824166,9.93823314029389,-0.06642483317583396,-0.061766859706109525
9.933831641066565,9.91585684604192,-0.06616835893343553,-0.08414315395808006
9.934088891881,9.899765238578011,-0.06591110811899903,-0.10023476142198881
9.934346916248302,9.948718967174218,-0.06565308375169832,-0.051281032825781996
9.934605711140215,9.943213704598096,-0.0653942888597862,-0.056786295401903705
9.934865273519442,9.941071338783436,-0.06513472648055836,-0.0589286612165638
9.935125600339681,9.928058247318033,-0.06487439966031798,-0.07194175268196765
9.935386688545659,9.891799654665254,-0.06461331145434013,-0.10820034533474526
9.935648535073165,9.923267419076089,-0.06435146492683551,-0.07673258092391115
9.935911136849086,9.924080319726505,-0.0640888631509149,-0.07591968027349501
9.936174490791448,9.948467966351044,-0.06382550920855272,-0.051532033648955054
9.936438593809449,9.936657514873882,-0.06356140619055127,-0.0633424851261171
9.936703442803497,9.910961654838475,-0.063296557196504,-0.0890383451615238
9.93696903466524,9.928630369370598,-0.06303096533475955,-0.07136963062940174
9.937235366277616,9.927253359395698,-0.0627646337223849,-0.07274664060430226
9.93750243451487,9.93870912517058,-0.062497565485129206,-0.06129087482941839
9.937770236242613,9.948784816673292,-0.06222976375738666,-0.05121518332670754
9.93803876831784,9.923161572857826,-0.061961231682159945,-0.07683842714217386
9.938308027588976,9.95727548438987,-0.061691972411023525,-0.042724515610130166
9.938578010895913,9.942373617672121,-0.061421989104086167,-0.05762638232787828
9.938848715070046,9.918729619614366,-0.06115128492995442,-0.08127038038563328
9.939120136934305,9.905616696628266,-0.0608798630656949,-0.09438330337173306
9.939392273303202,9.945329547259462,-0.06060772669679751,-0.05467045274053797
9.939665120982863,10.00047279913027,-0.06033487901713752,0.0004727991302694301
9.939938676771062,9.937257396086359,-0.060061323228938646,-0.06274260391364174
9.940212937457265,9.950375894617315,-0.05978706254273496,-0.049624105382686065
9.940487899822667,9.93057081105472,-0.05951210017733344,-0.06942918894528051
9.940763560640224,9.968584977796604,-0.059236439359776405,-0.03141502220339615
9.941039916674697,9.954155610765524,-0.05896008332530313,-0.045844389234476354
9.941316964682688,9.893950271959195,-0.05868303531731244,-0.10604972804080526
9.941594701412676,9.963054798719355,-0.05840529858732411,-0.03694520128064557
9.941873123605058,9.938738684681107,-0.05812687639494122,-0.061261315318893284
9.942152227992189,9.92675721245246,-0.05784777200781141,-0.07324278754754043
9.942432011298411,9.956934768915108,-0.057567988701588996,-0.043065231084891596
9.942712470240103,9.938172585853454,-0.05728752975989604,-0.06182741414654473
9.942993601525716,9.955666779158431,-0.057006398474284375,-0.04433322084156817
9.943275401855804,9.915498267711135,-0.056724598144196385,-0.0845017322888655
9.943557867923074,9.930261019949683,-0.05644213207692664,-0.06973898005031827
9.943840996412417,9.916970825246052,-0.05615900358758317,-0.08302917475394844
9.944124784000952,9.970869482338115,-0.05587521599904813,-0.029130517661885135
9.944409227358062,9.950890573883298,-0.055590772641939325,-0.049109426116703034
9.944694323145429,9.93036144283011,-0.05530567685457061,-0.06963855716988987
9.944980068017086,9.92680699332141,-0.05501993198291321,-0.07319300667859055
9.945266458619445,9.936080915398366,-0.05473354138055595,-0.0639190846016337
9.945553491591333,9.923252361394253,-0.05444650840866641,-0.07674763860574652
9.94584116356405,9.923718930889322,-0.05415883643595091,-0.07628106911067793
9.946129471161385,9.91186560042455,-0.05387052883861563,-0.08813439957545008
9.946418410999673,9.960043382135467,-0.05358158900032635,-0.039956617864533514
9.946707979687831,9.963339306112703,-0.053292020312169064,-0.036660693887297965
9.94699817382739,9.939592433564162,-0.05300182617261034,-0.060407566435838486
9.947288990012543,9.921247694587613,-0.05271100998745694,-0.07875230541238637
9.947580424830184,9.92941425024945,-0.05241957516981645,-0.07058574975055004
9.947872474859944,9.981631110117124,-0.05212752514005661,-0.0183688898828755
9.948165136674234,9.960928695304183,-0.051834863325765784,-0.03907130469581625
9.948458406838288,9.933857073246369,-0.05154159316171211,-0.06614292675363126
9.948752281910195,9.93959763423587,-0.05124771808980382,-0.06040236576413068
9.949046758440952,9.952533693499381,-0.05095324155904823,-0.04746630650061884
9.949341832974488,9.96143830751149,-0.05065816702551185,-0.038561692488509824
9.94963750204772,9.95275055919231,-0.050362497952279296,-0.047249440807690016
9.949933762190588,9.913005893020632,-0.05006623780941293,-0.08699410697936824
9.950230609926088,9.975874769861575,-0.04976939007391226,-0.024125230138424953
9.950528041770328,9.959538991794432,-0.04947195822967268,-0.04046100820556865
9.950826054232556,9.969485233209529,-0.04917394576744519,-0.030514766790471964
9.951124643815206,9.94392707191897,-0.04887535618479474,-0.05607292808102895
9.95142380701394,9.961971537437153,-0.04857619298605989,-0.03802846256284684
9.951723540317689,9.942036014164565,-0.04827645968231102,-0.05796398583543619
9.95202384020869,9.957835197827967,-0.047976159791309744,-0.042164802172032646
9.952324703162533,9.96725772352351,-0.04767529683746699,-0.03274227647648975
9.952626125648198,9.964110341482165,-0.04737387435180229,-0.035889658517835356
9.952928104128098,9.93434776400681,-0.04707189587190178,-0.06565223599318885
9.953230635058123,9.97495934051302,-0.04676936494187691,-0.025040659486978846
9.953533714887676,9.941977909625015,-0.04646628511232308,-0.0580220903749847
9.953837340059723,9.966995478681605,-0.046162659940277434,-0.03300452131839509
9.954141507010823,9.949681118825564,-0.04585849298917774,-0.050318881174434886
9.95444621217118,9.981581778571657,-0.04555378782881994,-0.01841822142834243
9.954751451964682,9.963178810788097,-0.04524854803531686,-0.036821189211902805
9.955057222808945,9.999924815146288,-0.04494277719105565,-7.51848537114963e-05
9.955363521115343,9.942168120998016,-0.04463647888465633,-0.057831879001983846
9.955670343289071,9.97855594339778,-0.04432965671092916,-0.021444056602220433
9.955977685729167,9.962237893348533,-0.04402231427083265,-0.03776210665146789
9.95628554482857,9.955070485900888,-0.04371445517143155,-0.04492951409911086
9.956593916974146,9.96333301947059,-0.04340608302585399,-0.036666980529411704
9.95690279854675,9.950410351505866,-0.04309720145324965,-0.049589648494133214
9.957212185921254,9.996407944878294,-0.042787814078746704,-0.003592055121705476
9.95752207546659,9.950961698558157,-0.042477924533409886,-0.049038301441844075
9.957832463545802,9.969443071296798,-0.04216753645419724,-0.030556928703202056
9.958143346516081,9.926203076043166,-0.041856653483918066,-0.07379692395683352
9.95845472072881,9.97051330182253,-0.04154527927118956,-0.029486698177469774
9.958766582529606,9.983087451633212,-0.041233417470394586,-0.016912548366787288
9.959078928258362,9.956290434560582,-0.04092107174163826,-0.04370956543941717
9.959391754249294,9.940267325177674,-0.04060824575070523,-0.059732674822325874
9.959705056830984,9.945061344990883,-0.04029494316901686,-0.05493865500911742
9.960018832326412,9.939142926459802,-0.03998116767358765,-0.060857073540198925
9.960333077053017,10.004699915358929,-0.03966692294698265,0.004699915358929545
9.960647787322726,9.966674530146902,-0.03935221267727364,-0.03332546985309855
9.960962959442003,9.941990378542451,-0.03903704055799648,-0.05800962145754956
9.961278589711894,9.943904030989238,-0.03872141028810709,-0.05609596901076171
9.961594674428062,9.974388442635199,-0.03840532557193876,-0.025611557364801606
9.961911209880842,9.946024555443747,-0.03808879011915792,-0.05397544455625217
9.962228192355278,9.979108152729875,-0.037771807644721336,-0.020891847270125108
9.962545618131168,9.96845960399495,-0.037454381868831925,-0.031540396005051125
9.962863483483105,9.950097373635975,-0.03713651651689529,-0.04990262636402488
9.963181784680524,10.002496424892362,-0.036818215319476315,0.0024964248923615984
9.963500517987745,9.94717515118032,-0.03649948201225473,-0.05282484881968012
9.963819679664018,9.957184355839285,-0.03618032033598201,-0.04281564416071502
9.964139265963563,9.970289126733944,-0.03586073403643674,-0.029710873266056217
9.964459273135619,9.99406112407657,-0.03554072686438135,-0.005938875923430082
9.964779697424483,9.99163226777483,-0.03522030257551744,-0.008367732225169129
9.965100535069558,9.985124849730205,-0.03489946493044233,-0.014875150269794756
9.965421782305397,9.987541827190027,-0.034578217694604306,-0.012458172809973175
9.965743435361741,9.955125199529132,-0.03425656463825905,-0.04487480047086882
9.966065490463576,9.941221475451666,-0.03393450953642484,-0.05877852454833381
9.966387943831162,9.98213527483672,-0.033612056168838465,-0.017864725163279263
9.96671079168009,9.949175520428769,-0.033289208319911154,-0.05082447957123117
9.967034030221317,9.96170465233064,-0.03296596977868354,-0.03829534766935929
9.967357655661218,9.951457867570427,-0.03264234433878189,-0.048542132429572164
9.967681664201628,9.960252864491638,-0.03231833579837287,-0.03974713550836119
9.96800605203988,9.953700500917359,-0.0319939479601197,-0.04629949908264068
9.968330815368864,9.966325073656032,-0.0316691846311368,-0.033674926343968355
9.968655950377054,9.96906790246436,-0.03134404962294579,-0.030932097535640538
9.96898145324857,9.99673916362024,-0.031018546751430204,-0.003260836379759397
9.969307320163209,9.971234261163767,-0.03069267983679091,-0.028765738836232395
9.969633547296498,9.97425753981851,-0.030366452703501565,-0.025742460181491025
9.969960130819738,9.988062812710623,-0.030039869180263103,-0.011937187289375678
9.97028706690004,9.967131791899554,-0.029712933099959527,-0.032868208100446404
9.970614351700387,9.995224505067682,-0.0293856482996122,-0.004775494932317201
9.970941981379665,9.946665118590674,-0.02905801862033551,-0.05333488140932496
9.971269952092708,9.9733864214056,-0.028730047907291112,-0.02661357859439961
9.971598259990357,9.988698789659486,-0.02840174000964348,-0.011301210340514012
9.971926901219486,9.959614416188233,-0.028073098780514047,-0.04038558381176679
9.972255871923064,9.921500264504926,-0.027744128076936655,-0.07849973549507445
9.972585168240188,9.93720124315507,-0.027414831759811728,-0.06279875684493008
9.97291478630614,9.962235287322985,-0.027085213693861174,-0.03776471267701495
9.973244722252417,9.971394409293305,-0.02675527774758329,-0.028605590706695577
9.973574972206793,9.97684780950035,-0.026425027793206792,-0.02315219049964954
9.973905532293355,9.993696757915354,-0.02609446770664602,-0.006303242084646457
9.974236398632545,10.019263237990973,-0.025763601367454786,0.019263237990973736
9.974567567341218,9.981440039056064,-0.025432432658781513,-0.01855996094393527
9.974899034532678,9.969769713284514,-0.02510096546732298,-0.03023028671548564
9.97523079631672,9.993113399655275,-0.02476920368327939,-0.006886600344723964
9.975562848799692,9.975471556940526,-0.024437151200308052,-0.02452844305947305
9.975895188084522,9.959666845329076,-0.02410481191547833,-0.0403331546709244
9.976227810270775,9.945608916571514,-0.02377218972922533,-0.05439108342848532
9.976560711454695,9.989632533587415,-0.02343928854530437,-0.010367466412585173
9.976893887729254,10.000866938213548,-0.023106112270745438,0.0008669382135488152
9.977227335184192,9.951651302105464,-0.022772664815806722,-0.048348697894535365
9.97756104990607,9.967869067564122,-0.022438950093929405,-0.032130932435877606
9.97789502797831,10.012025776124649,-0.022104972021691056,0.0120257761246482
9.97822926548124,9.96383083081208,-0.021770734518760354,-0.03616916918791907
9.97856375849215,9.971043021878023,-0.021436241507850375,-0.028956978121977978
9.978898503085327,9.998269721824188,-0.021101496914673275,-0.0017302781758107462
9.979233495332107,9.978302273478254,-0.020766504667893503,-0.021697726521745515
9.979568731300917,9.98036863918617,-0.0204312686990824,-0.0196313608138306
9.979904207057329,9.989342720873505,-0.020095792942671428,-0.010657279126493861
9.980239918664093,9.951328827643827,-0.019760081335906288,-0.04867117235617291
9.9805758621812,9.965071574185334,-0.019424137818800945,-0.03492842581466575
9.98091203366591,10.010651740202627,-0.019087966334090777,0.010651740202627397
9.981248429172814,9.95722985705924,-0.018751570827187022,-0.04277014294075993
9.98158504475387,9.977415018925337,-0.018414955246129763,-0.022584981074662593
9.981921876458458,9.990176652484703,-0.018078123541542267,-0.009823347515297527
9.982258920333416,9.994616039723077,-0.017741079666583975,-0.005383960276923297
9.982596172423095,9.964430530121819,-0.017403827576904753,-0.03556946987818172
9.982933628769402,9.962172161742266,-0.017066371230597788,-0.037827838257733296
9.983271285411845,10.01455289813962,-0.016728714588153847,0.01455289813961955
9.983609138387585,10.005626590322436,-0.016390861612414168,0.0056265903224349025
9.983947183731475,9.994213244478798,-0.016052816268524207,-0.005786755521202421
9.984285417476112,9.999539831353857,-0.01571458252388738,-0.0004601686461422824
9.984623835651883,9.993597564827107,-0.015376164348117886,-0.006402435172893257
9.984962434287006,10.021280969757589,-0.015037565712994805,0.021280969757589474
9.985301209407584,9.991271100242017,-0.014698790592414801,-0.008728899757984125
9.985640157037654,9.972877391654661,-0.014359842962346173,-0.027122608345338597
9.985979273199218,9.978590954810752,-0.014020726800781489,-0.02140904518924734
9.986318553912309,10.002552627804732,-0.01368144608769161,0.0025526278047324075
9.986657995195023,9.968976835053496,-0.013342004804978361,-0.03102316494650445
9.986997593063572,9.975433611960314,-0.013002406936428054,-0.02456638803968504
9.987337343532335,9.95411053475714,-0.012662656467665016,-0.04588946524286032
9.987677242613897,9.971789842519266,-0.01232275738610417,-0.028210157480734542
9.988017286319096,10.01950243600161,-0.011982713680904967,0.01950243600160868
9.988357470657077,9.99463208330296,-0.01164252934292385,-0.0053679166970400215
9.988697791635332,9.980363428891886,-0.011302208364668123,-0.019636571108113468
9.989038245259751,9.994641832213382,-0.01096175474024839,-0.005358167786617137
9.989378827534667,9.983024478588403,-0.010621172465332382,-0.016975521411596632
9.989719534462903,10.037013882576533,-0.010280465537097362,0.037013882576533576
9.990060362045815,10.004248538782766,-0.00993963795418391,0.004248538782766861
9.990401306283351,10.00687242487119,-0.009598693716648387,0.006872424871190349
9.990742363174084,10.009811069480268,-0.009257636825916243,0.009811069480267774
9.991083528715265,9.967227962959404,-0.008916471284735331,-0.032772037040595066
9.991424798902871,9.986080135843004,-0.008575201097128301,-0.013919864156995393
9.991766169731653,10.007323608164208,-0.00823383026834632,0.007323608164207494
9.99210763719518,9.970884037208446,-0.007892362804821355,-0.0291159627915539
9.99244919728588,9.999424925673706,-0.007550802714119867,-0.0005750743262945427
9.992790845995104,9.977462496468423,-0.007209154004895059,-0.022537503531577734
9.99313257931316,9.969009374074128,-0.006867420686840544,-0.030990625925872727
9.993474393229357,9.978765858962639,-0.006525606770642574,-0.02123414103736075
9.993816283732066,9.986737525039745,-0.006183716267933683,-0.013262474960256012
9.994158246808755,9.98991423729152,-0.005841753191244978,-0.010085762708480491
9.99450027844604,10.014084253566908,-0.005499721553959319,0.014084253566908792
9.994842374629735,10.07425582108354,-0.00515762537026448,0.0742558210835389
9.995184531344895,9.979172405922968,-0.004815468655105416,-0.020827594077031747
9.995526744575862,9.974075210161883,-0.004473255424137851,-0.025924789838117062
9.99586901030632,9.982764509740132,-0.004130989693680444,-0.017235490259868314
9.996211324519331,9.974956825574528,-0.003788675480668356,-0.02504317442547229
9.996553683197394,9.995432557578917,-0.003446316802605401,-0.0045674424210820665
9.996896082322483,9.97091412936123,-0.003103917677517603,-0.0290858706387696
9.997238517876095,10.008018372481725,-0.002761482123905329,0.008018372481725114
9.997580985839303,9.999449683276229,-0.002419014160696838,-0.0005503167237708045
9.9979234821928,10.009623341532226,-0.002076517807200491,0.009623341532226336
9.998266002916942,9.957889366115147,-0.0017339970830578461,-0.042110633884852276
9.998608543991804,9.995735792241206,-0.0013914560081967498,-0.004264207758793998
9.998951101397216,9.990512637113007,-0.0010488986027835355,-0.009487362886993951
9.999293671112824,9.991493246815512,-0.0007063288871765512,-0.00850675318448731
9.999636249118122,9.985778254295601,-0.00036375088187826684,-0.014221745704398788
9.99997883139251,10.039406167300967,-2.1168607488797664e-05,0.03940616730096729
10.000321413915342,9.97957377671071,0.0003214139153419931,-0.020426223289289253
10.000663992665961,9.985589226694884,0.0006639926659609711,-0.014410773305115674
10.00100656362376,9.974100309876711,0.0010065636237595401,-0.025899690123289947
10.00134912276822,9.996839228459546,0.0013491227682205632,-0.0031607715404537388
10.001691666078965,9.997371196835246,0.0016916660789652817,-0.002628803164754408
10.0020341895358,9.998403005246605,0.002034189535801121,-0.001596994753394542
10.002376689118767,9.998307397412932,0.0023766891187681637,-0.0016926025870689543
10.002719160808187,10.009654290458373,0.0027191608081870385,0.009654290458373356
10.003061600584706,9.986844254617225,0.0030616005847053855,-0.013155745382774559
10.003404004429346,10.000628631388876,0.003404004429345739,0.0006286313888755053
10.003746368323553,10.014732313442995,0.003746368323551988,0.014732313442994867
10.004088688249237,10.00536163696306,0.004088688249237245,0.005361636963060711
10.00443096018883,10.01853107945016,0.004430960188830295,0.018531079450159655
10.004773180125323,10.044792668172576,0.004773180125323371,0.044792668172575524
10.005115344042318,9.99251266153745,0.005115344042319028,-0.007487338462550248
10.005457447924076,9.997482007479286,0.005457447924077017,-0.002517992520712978
10.005799487755562,9.98791398894949,0.005799487755562036,-0.012086011050509587
10.00614145952249,10.008792457690758,0.006141459522490145,0.00879245769075854
10.006483359211376,10.008691930878294,0.006483359211376579,0.008691930878294778
10.006825182809582,9.978774101800157,0.006825182809582154,-0.02122589819984212
10.007166926305361,10.025109756189467,0.007166926305361057,0.025109756189466505
10.007508585687907,10.004779212142946,0.007508585687907236,0.004779212142946445
10.007850156947402,10.002886819929902,0.007850156947402166,0.002886819929902201
10.008191636075061,10.010874246567912,0.008191636075061208,0.010874246567912247
10.008533019063181,10.020116736637453,0.008533019063181274,0.020116736637453704
10.008874301905188,10.023546500930042,0.008874301905187605,0.023546500930042284
10.00921548059568,10.014010641044583,0.009215480595680512,0.014010641044583274
10.009556551130483,10.001930181651861,0.009556551130483025,0.001930181651861874
10.009897509506688,10.011041043446475,0.009897509506687161,0.011041043446475286
10.010238351722702,10.011358222088855,0.01023835172270162,0.011358222088855903
10.010579073778299,10.006439476958848,0.010579073778298038,0.006439476958846964
10.010919671674658,10.037216792399798,0.01091967167465865,0.03721679239979888
10.011260141414423,10.01401571400217,0.011260141414422503,0.014015714002170453
10.011600479001734,10.028687342566002,0.011600479001733081,0.028687342566002645
10.011940680442285,10.00491775409316,0.0119406804422845,0.004917754093159963
10.01228074174337,10.023457743919819,0.012280741743368998,0.023457743919819342
10.012620658913924,10.018969301852186,0.012620658913923536,0.01896930185218576
10.012960427964577,9.987140143365252,0.012960427964576367,-0.012859856634747768
10.013300044907695,10.025629266382165,0.013300044907694479,0.025629266382165332
10.01363950575743,10.019555375986844,0.013639505757429683,0.01955537598684473
10.013978806529765,10.036123618576994,0.01397880652976611,0.03612361857699445
10.014317943242567,10.038578553985168,0.014317943242566248,0.038578553985167685
10.014656911915619,10.010473706178525,0.014656911915618399,0.010473706178524483
10.014995708570682,10.007977237483024,0.014995708570682668,0.007977237483024428
10.015334329231539,10.0362826186962,0.015334329231538374,0.036282618696199614
10.01567276992403,10.02595958568971,0.01567276992403001,0.02595958568970994
10.016011026676114,10.017267486990475,0.01601102667611448,0.017267486990475468
10.016349095517908,10.045342761687023,0.016349095517907492,0.045342761687021824
10.01668697248173,9.993989369932038,0.01668697248172984,-0.00601063006796166
10.017024653602155,9.999534919803933,0.01702465360215463,-0.00046508019606630174
10.017362134916054,9.986171508369331,0.017362134916053075,-0.013828491630669005
10.017699412462642,10.011279334901829,0.01769941246264174,0.011279334901828577
10.018036482283529,9.985345075270171,0.018036482283528305,-0.01465492472982844
10.018373340422759,10.043429021143542,0.018373340422758747,0.04342902114354204
10.018709982926863,10.005166934606228,0.018709982926863048,0.005166934606228742
10.019046405844902,10.008314776990604,0.019046405844902203,0.008314776990604565
10.019382605228515,10.034599620944883,0.019382605228514344,0.03459962094488275
10.019718577131961,10.04781116802682,0.019718577131960815,0.04781116802682016
10.020054317612173,10.015767908174684,0.020054317612173068,0.015767908174684563
10.020389822728799,10.030750450118834,0.02038982272879828,0.030750450118833896
10.020725088544246,10.020402480106867,0.020725088544246262,0.020402480106867803
10.021060111123735,10.016616113379133,0.021060111123734987,0.016616113379132182
10.021394886535337,10.023511279379614,0.021394886535337485,0.02351127937961362
10.021729410850027,10.00319384421706,0.02172941085002725,0.003193844217061082
10.022063680141725,10.026185064473063,0.022063680141725096,0.02618506447306388
10.022397690487345,10.021664841969665,0.02239769048734451,0.02166484196966439
10.022731437966838,10.014622058444338,0.022731437966838297,0.014622058444339035
10.023064918663245,9.984718869002991,0.02306491866324436,-0.015281130997008896
10.02339812866273,10.011184026699855,0.023398128662731374,0.011184026699855411
10.023731064054646,10.038736576334031,0.02373106405464535,0.03873657633403118
10.024063720931554,10.023296843946031,0.02406372093155483,0.02329684394603237
10.024396095389298,10.020144850859205,0.024396095389297434,0.020144850859205768
10.024728183527024,10.014093915501169,0.024728183527024994,0.01409391550116932
10.02505998144725,10.006199791876186,0.02505998144725004,0.006199791876186026
10.025391485255891,10.016554787983345,0.025391485255890817,0.016554787983345046
10.025722691062319,10.029477207439777,0.025722691062317723,0.029477207439776873
10.026053594979398,10.035702381942382,0.02605359497939822,0.03570238194238261
10.026384193123544,10.038445892585596,0.026384193123543138,0.03844589258559619
10.026714481614752,9.997204140779816,0.026714481614751918,-0.002795859220184261
10.027044456576657,10.05069887873519,0.027044456576657938,0.05069887873518977
10.027374114136574,10.020596085741918,0.02737411413657459,0.020596085741917375
10.02770345042554,10.021422394679483,0.027703450425540052,0.021422394679483585
10.028032461578363,10.001761950604164,0.028032461578363383,0.0017619506041637936
10.028361143733669,10.022235665373813,0.028361143733669186,0.02223566537381377
10.028689493033944,10.014091856932588,0.028689493033943633,0.014091856932587065
10.029017505625578,10.043499064168847,0.029017505625579032,0.04349906416884649
10.02934517765892,10.051279164097092,0.02934517765891976,0.05127916409709195
10.029672505288307,10.011422259837943,0.029672505288306734,0.011422259837942903
10.029999484672123,10.026122307764972,0.02999948467212317,0.0261223077649725
10.030326111972839,10.035744218481252,0.03032611197283938,0.03574421848125112
10.030652383357058,10.03855240781045,0.030652383357057607,0.03855240781044958
10.030978294995558,10.031839182598604,0.03097829499555755,0.03183918259860403
10.031303843063341,10.078406104538935,0.03130384306334067,0.07840610453893582
10.031629023739676,10.025032263376557,0.031629023739675736,0.025032263376557416
10.031953833208142,10.007733113604996,0.031953833208143,0.007733113604996327
10.032278267656679,10.011806086177696,0.032278267656679654,0.011806086177695203
10.032602323277624,10.061613249843674,0.032602323277623926,0.061613249843674014
10.03292599626776,10.073474400612678,0.03292599626776029,0.07347440061267815
10.033249282828365,9.99333895209602,0.033249282828363924,-0.006661047903980401
10.033572179165246,10.012982102685854,0.03357217916524501,0.012982102685853456
10.033894681488794,10.048205535587018,0.033894681488793835,0.0482055355870179
10.034216786014024,10.046786918921304,0.03421678601402461,0.046786918921304876
10.03453848896062,10.048118481279221,0.03453848896062057,0.04811848127922076
10.034859786552978,10.065526010799196,0.03485978655297767,0.06552601079919587
10.03518067502025,10.053356637060748,0.03518067502024956,0.05335663706074835
10.03550115059639,10.011036793216674,0.03550115059639116,0.011036793216672957
10.035821209520204,10.055413662604074,0.03582120952020355,0.05541366260407478
10.036140848035377,10.064175919155476,0.036140848035377426,0.06417591915547569
10.036460062390537,10.033880933747694,0.036460062390537805,0.03388093374769369
10.036778848839289,10.019544272794025,0.03677884883928774,0.019544272794026082
10.037097203640252,10.053131124706066,0.03709720364025209,0.05313112470606601
10.037415123057121,10.001428095259012,0.037415123057121996,0.0014280952590119966
10.037732603358698,10.082007672119419,0.037732603358698075,0.08200767211941876
10.038049640818935,10.066856504613181,0.03804964081893485,0.06685650461318035
10.038366231716983,10.03289200477321,0.038366231716983855,0.032892004773209374
10.038682372337238,10.048273829024511,0.038682372337237925,0.048273829024511605
10.038998058969375,10.072290848139247,0.038998058969374166,0.07229084813924716
10.039313287908397,10.032578834767065,0.03931328790839817,0.0325788347670656
10.039628055454687,10.042574222850847,0.03962805545468682,0.042574222850846735
10.039942357914033,10.02202887825498,0.03994235791403228,0.022028878254980906
10.040256191597685,10.051244747164626,0.04025619159768511,0.05124474716462664
10.040569552822397,10.071259487097322,0.04056955282239736,0.07125948709732288
10.040882437910467,10.009960289310783,0.04088243791046629,0.009960289310782942
10.041194843189777,10.033783282475781,0.04119484318977693,0.03378328247578109
10.041506764993846,10.041983046321375,0.04150676499384583,0.04198304632137577
10.041818199661863,10.070216071533249,0.0418181996618634,0.07021607153324899
10.042129143538737,10.053393283530484,0.04212914353873756,0.053393283530483684
10.042439592975136,10.085138552574211,0.04243959297513602,0.08513855257421177
10.04274954432753,10.05640301447526,0.04274954432752966,0.0564030144752599
10.043058993958235,10.023444123129627,0.04305899395823473,0.023444123129627216
10.043367938235455,10.003269943908819,0.0433679382354561,0.0032699439088190174
10.04367637353333,10.019269509451435,0.043676373533329586,0.019269509451435428
10.043984296231965,10.048861491615726,0.043984296231964315,0.04886149161572669
10.044291702717485,10.06116149628552,0.04429170271748576,0.06116149628552041
10.044598589382078,10.051388940084282,0.0445985893820775,0.051388940084281146
10.044904952624025,10.04254451479888,0.04490495262402423,0.0425445147988812
10.045210788847754,10.02449449475684,0.04521078884775335,0.024494494756841036
10.045516094463878,10.01384378979699,0.04551609446387783,0.013843789796990101
10.045820865889239,10.024296915794485,0.0458208658892377,0.024296915794485188
10.046125099546943,10.052101967972678,0.046125099546942744,0.05210196797267849
10.046428791866413,10.025280290217287,0.0464287918664138,0.025280290217287317
10.046731939283426,10.002145784663753,0.046731939283425304,0.002145784663752981
10.047034538240148,10.026034547178046,0.04703453824014678,0.02603454717804541
10.047336585185185,10.073790439897715,0.04733658518518446,0.07379043989771593
10.047638076573623,10.06181622203078,0.04763807657362343,0.06181622203077962
10.047939008867068,10.068433058536405,0.04793900886706866,0.06843305853640455
10.048239378533687,10.068513041786725,0.048239378533687156,0.06851304178672372
10.048539182048248,10.065826863508306,0.04853918204824875,0.06582686350830609
10.048838415892169,10.049001321722187,0.048838415892168134,0.04900132172218733
10.049137076553546,10.021184449456134,0.049137076553545496,0.021184449456134506
10.049435160527208,10.066553228077662,0.04943516052720834,0.06655322807766209
10.049732664314753,10.060949764688626,0.049732664314752296,0.0609497646886264
10.050029584424582,10.044911068974592,0.050029584424582066,0.044911068974591836
10.050325917371953,10.062093966567996,0.05032591737195285,0.0620939665679964
10.050621659679011,10.052947087678074,0.05062165967901064,0.052947087678074045
10.050916807874835,10.058742059210756,0.05091680787483369,0.05874205921075522
10.051211358495472,10.035981024657548,0.05121135849547264,0.035981024657547614
10.051505308083991,10.048471229614357,0.05150530808399171,0.04847122961435768
10.05179865319051,10.050130963829316,0.05179865319050876,0.05013096382931647
10.052091390372237,10.043731791310908,0.052091390372236306,0.04373179131090847
10.05238351619352,10.072106889485411,0.05238351619352136,0.07210688948541198
10.052675027225886,10.015114429905145,0.05267502722588629,0.015114429905144153
10.052965920048068,10.056761707037097,0.052965920048068785,0.056761707037097035
10.053256191246062,10.070149725413376,0.05325619124606184,0.07014972541337594
10.053545837413154,10.025273131512652,0.0535458374131543,0.025273131512652095
10.05383485514997,10.07226023619083,0.05383485514997027,0.07226023619083115
10.05412324106451,10.0713604650879,0.05412324106450962,0.07136046508789878
10.054410991772187,10.073442968171847,0.05441099177218716,0.07344296817184655
10.054698103895873,10.064449219095831,0.05469810389587298,0.06444921909583183
10.054984574065932,10.046227464564355,0.05498457406593149,0.04622746456435523
10.055270398920262,10.049541750233706,0.05527039892026159,0.04954175023370503
10.055555575104336,10.054333491368789,0.055555575104335446,0.0543334913687884
10.055840099271238,10.058291248715395,0.0558400992712385,0.058291248715395316
10.056123968081708,10.04271278251292,0.05612396808170842,0.042712782512919586
10.056407178204173,10.037282343741657,0.05640717820417415,0.037282343741656156
10.056689726314795,10.033731810096377,0.05668972631479546,0.033731810096377074
10.056971609097502,10.070898561507562,0.056971609097501444,0.07089856150756214
10.05725282324403,10.037958910969499,0.057252823244029916,0.03795891096949937
10.057533365453965,10.065307908266462,0.05753336545396577,0.06530790826646166
10.05781323243478,10.030242581897133,0.05781323243478023,0.030242581897133053
10.058092420901868,10.04529428005182,0.058092420901868905,0.04529428005182047
10.058370927578592,10.063879375585588,0.05837092757859097,0.06387937558558726
10.058648749196307,10.065082362029067,0.058648749196306985,0.06508236202906621
10.058925882494417,10.032222526293635,0.0589258824944178,0.03222252629363469
10.059202324220403,10.037760273023446,0.05920232422040257,0.03776027302344627
10.059478071129856,10.059828014315382,0.05947807112985679,0.05982801431538304
10.059753119986532,10.069275191233192,0.05975311998653076,0.06927519123319133
10.060027467562367,10.090041565151992,0.06002746756236709,0.09004156515199238
10.060301110637539,10.064374673146744,0.06030111063753912,0.06437467314674508
10.060574046000488,10.071946479778298,0.0605740460004881,0.07194647977829724
10.060846270447962,10.049174205743455,0.06084627044796157,0.04917420574345513
10.06111778078505,10.064918813397163,0.061117780785050216,0.06491881339716332
10.061388573825226,10.067387254731624,0.06138857382522603,0.0673872547316245
10.061658646390379,10.07121897166598,0.06165864639037936,0.07121897166597937
10.061927995310857,10.063077927496613,0.06192799531085609,0.06307792749661308
10.062196617425496,10.08522251288414,0.06219661742549531,0.08522251288413984
10.062464509581666,10.08473366439923,0.06246450958166581,0.08473366439922991
10.062731668635303,10.046358420161182,0.06273166863530369,0.0463584201611825
10.062998091450948,10.042490274261631,0.0629980914509487,0.04249027426163185
10.063263774901781,10.100605492917426,0.06326377490178157,0.10060549291742668
10.06352871586966,10.040598835531442,0.06352871586966015,0.04059883553144171
10.063792911245157,10.06022451225352,0.06379291124515661,0.060224512253519075
10.064056357927594,10.072387997528068,0.06405635792759329,0.0723879975280675
10.06431905282508,10.092573392569447,0.06431905282507969,0.09257339256944752
10.064580992854548,10.077032130028009,0.06458099285454842,0.07703213002800931
10.064842174941791,10.049899962489633,0.06484217494179133,0.04989996248963348
10.065102596021497,10.096292289950883,0.06510259602149586,0.0962922899508828
10.06536225303728,10.052307290160828,0.06536225303728074,0.05230729016082794
10.065621142941731,10.063915114700798,0.06562114294173214,0.06391511470079862
10.06587926269644,10.05880380771785,0.06587926269643911,0.058803807717848586
10.06613660927203,10.085787082597523,0.06613660927202956,0.085787082597524
10.066393179648205,10.08582729929059,0.06639317964820553,0.08582729929059121
10.066648970813779,10.089639656313997,0.06664897081377895,0.0896396563139969
10.066903979766707,10.04832909658143,0.06690397976670656,0.04832909658142914
10.067158203514126,10.042396214467459,0.06715820351412562,0.042396214467458226
10.06741163907239,10.077499593213473,0.06741163907238874,0.07749959321347286
10.0676642834671,10.069981388988982,0.06766428346709881,0.06998138898898175
10.067916133733144,10.047564233092732,0.0679161337331443,0.047564233092732
10.068167186914733,10.082062587384712,0.06816718691473356,0.08206258738471289
10.06841744006543,10.025599752460288,0.06841744006543002,0.025599752460287145
10.068666890248187,10.054869185687565,0.06866689024818626,0.05486918568756469
10.068915534535378,10.06327835676039,0.06891553453537899,0.06327835676039087
10.069163370008843,10.056421594578739,0.06916337000884291,0.056421594578739236
10.069410393759906,10.085747749714965,0.06941039375990546,0.0857477497149661
10.06965660288942,10.055869650405478,0.06965660288942042,0.05586965040547844
10.069901994507802,10.048969114887303,0.06990199450780246,0.04896911488730349
10.07014656573506,10.088697204933581,0.07014656573506077,0.08869720493358105
10.070390313700832,10.067116909405852,0.07039031370083271,0.06711690940585313
10.070633235544419,10.073873214058418,0.07063323554441796,0.07387321405841758
10.070875328414811,10.065751117789096,0.07087532841481153,0.06575111778909708
10.071116589470737,10.078125739431835,0.07111658947073785,0.0781257394318346
10.071357015880684,10.050174445080398,0.07135701588068342,0.050174445080397256
10.07159660482293,10.039578942835929,0.07159660482293072,0.03957894283592866
10.071835353485591,10.03378026577658,0.07183535348559075,0.03378026577657997
10.072073259066636,10.071125319111777,0.07207325906663652,0.0711253191117772
10.072310318773935,10.094132902580228,0.07231031877393543,0.0941329025802276
10.072546529825283,10.082444395342387,0.07254652982528255,0.08244439534238697
10.072781889448432,10.081920669591442,0.07278188944843302,0.08192066959144212
10.073016394881135,10.061324404722898,0.07301639488113439,0.06132440472289853
10.073250043371159,10.08062277070676,0.07325004337115952,0.08062277070676085
10.073482832176339,10.061198252569486,0.07348283217633837,0.06119825256948582
10.073714758564591,10.08008173021261,0.07371475856459063,0.08008173021260973
10.073945819813957,10.054988576645275,0.0739458198139574,0.054988576645274845
10.074176013212634,10.083529193778906,0.07417601321263348,0.08352919377890566
10.074405336058998,10.060619794847119,0.07440533605899884,0.06061979484711944
10.07463378566165,10.066901915987787,0.07463378566165069,0.06690191598778661
10.074861359339435,10.073870215976179,0.07486135933943489,0.07387021597617795
10.075088054421478,10.127656789082982,0.07508805442147722,0.12765678908298186
10.075313868247216,10.072510350823276,0.07531386824721521,0.07251035082327638
10.075538798166429,10.07188668221398,0.07553879816642882,0.07188668221398112
10.075762841539271,10.062692609029966,0.07576284153927203,0.06269260902996585
10.075985995736303,10.087697602406774,0.07598599573630338,0.08769760240677404
10.076208258138518,10.10893644870457,0.0762082581385173,0.10893644870457003
10.076429626137374,10.07314103609809,0.07642962613737432,0.07314103609809033
10.076650097134833,10.058270304028879,0.07665009713483224,0.05827030402887835
10.076869668543376,10.082892183935128,0.07686966854337607,0.08289218393512862
10.07708833778605,10.080296692849872,0.07708833778604886,0.08029669284987159
10.077306102296482,10.073709416950491,0.07730610229648176,0.07370941695049053
10.077522959518923,10.0602063027323,0.07752295951892395,0.0602063027323
10.077738906908273,10.076057809163046,0.07773890690827305,0.07605780916304651
10.077953941930105,10.090918827293622,0.07795394193010453,0.09091882729362306
10.078168062060701,10.077605411250365,0.07816806206070194,0.07760541125036614
10.078381264787087,10.075470000977322,0.07838126478708599,0.07547000097732157
10.078593547607044,10.089593712644474,0.07859354760704458,0.08959371264447322
10.078804908029161,10.070632810907671,0.07880490802916172,0.07063281090767128
10.079015343572847,10.084810372528457,0.07901534357284712,0.08481037252845731
10.079224851768364,10.090960685381742,0.07922485176836497,0.09096068538174183
10.079433430156863,10.081363354450733,0.07943343015686324,0.08136335445073387
10.079641076290402,10.088389469882882,0.07964107629040244,0.08838946988288149
10.079847787731984,10.147868824383908,0.0798477877319841,0.14786882438390697
10.08005356205558,10.10278747197513,0.08005356205557983,0.10278747197513108
10.08025839684616,10.067884112619703,0.08025839684615929,0.06788411261970384
10.08046228969972,10.117498347775685,0.08046228969971903,0.11749834777568557
10.080665238223311,10.073805707102654,0.08066523822331023,0.07380570710265352
10.080867240035067,10.063882029366749,0.08086724003506726,0.06388202936674911
10.081068292764234,10.108901086601582,0.08106829276423512,0.10890108660158161
10.081268394051198,10.071509661735996,0.0812683940511978,0.07150966173599578
10.081467541547505,10.085809125374952,0.08146754154750546,0.08580912537495272
10.081665732915903,10.090736504359496,0.08166573291590241,0.09073650435949614
10.081862965830354,10.084214702551913,0.08186296583035436,0.0842147025519122
10.082059237976075,10.094143567587096,0.08205923797607559,0.09414356758709581
10.082254547049557,10.067487959091785,0.08225454704955643,0.0674879590917855
10.08244889075859,10.06216346695476,0.08244889075858997,0.062163466954758974
10.0826422668223,10.077734447965646,0.08264226682229922,0.07773444796564602
10.082834672971163,10.066108936506302,0.08283467297116366,0.06610893650630102
10.083026106947045,10.065929444695183,0.08302610694704615,0.06592944469518323
10.08321656650322,10.10185013197369,0.0832165665032191,0.10185013197368886
10.083406049404392,10.057353834615123,0.08340604940439107,0.05735383461512304
10.083594553426733,10.056658401914435,0.08359455342673305,0.05665840191443539
10.083782076357904,10.079208070218293,0.08378207635790424,0.07920807021829279
10.083968615997078,10.079803636887064,0.08396861599707842,0.07980363688706364
10.084154170154969,10.109267346809563,0.0841541701549694,0.10926734680956278
10.084338736653857,10.077671612351786,0.08433873665385712,0.07767161235178541
10.084522313327613,10.10057145678801,0.08452231332761276,0.10057145678801038
10.084704898021725,10.053727562630398,0.08470489802172458,0.0537275626303982
10.084886488593323,10.06664527168995,0.08488648859332285,0.06664527168994984
10.085067082911205,10.078357625759924,0.08506708291120534,0.07835762575992367
10.085246678855862,10.092172293752611,0.08524667885586196,0.09217229375261073
10.0854252743195,10.080697283039608,0.08542527431949998,0.08069728303960902
10.085602867206068,10.07505266018348,0.08560286720606865,0.07505266018348064
10.085779455431284,10.10149606060352,0.08577945543128357,0.1014960606035197
10.085955036922652,10.049328494962737,0.0859550369226516,0.049328494962736544
10.086129609619494,10.099909968806445,0.08612960961949473,0.09990996880644532
10.086303171472975,10.063005659807922,0.0863031714729746,0.06300565980792165
10.086475720446117,10.111795153927403,0.08647572044611632,0.11179515392740244
10.086647254513833,10.049532162820084,0.0866472545138326,0.0495321628200833
10.086817771662947,10.068329597059332,0.08681777166294723,0.06832959705933275
10.08698726989222,10.068032100337552,0.08698726989221903,0.0680321003375516
10.087155747212366,10.075099857316248,0.087155747212365,0.0750998573162476
10.087323201646084,10.117815101699346,0.087323201646084,0.11781510169934584
10.08748963122808,10.090043076248673,0.08748963122807976,0.09004307624867276
10.087655034005083,10.054946686772992,0.08765503400508386,0.05494668677299094
10.087819408035879,10.077021718529641,0.08781940803587897,0.07702171852964129
10.087982751391321,10.110978263500703,0.08798275139132126,0.11097826350070364
10.088145062154364,10.062216392982851,0.08814506215436337,0.06221639298285126
10.088306338420077,10.088028762296032,0.08830633842007661,0.08802876229603127
10.088466578295673,10.084063698213397,0.08846657829567361,0.08406369821339621
10.08862577990053,10.12690327905723,0.08862577990053028,0.12690327905722976
10.088783941366207,10.126674451549711,0.0887839413662081,0.1266744515497118
10.088941060836476,10.08241771398741,0.0889410608364758,0.0824177139874094
10.08909713646733,10.090428166452392,0.0890971364673314,0.09042816645239235
10.089252166427023,10.09432471147553,0.08925216642702374,0.09432471147553005
10.089406148896074,10.08381868500948,0.08940614889607386,0.08381868500947867
10.089559082067296,10.072743219990537,0.08955908206729662,0.07274321999053768
10.089710964145821,10.093539011183392,0.08971096414582164,0.09353901118339131
10.089861793349115,10.107126012942633,0.08986179334911458,0.10712601294263271
10.090011567906998,10.127039938735102,0.09001156790699782,0.12703993873510275
10.090160286061671,10.120742179355918,0.0901602860616716,0.12074217935591919
10.090307946067734,10.117130379192314,0.09030794606773421,0.11713037919231367
10.090454546192202,10.099734494480124,0.09045454619220283,0.09973449448012385
10.090600084714534,10.11090925710812,0.09060008471453368,0.11090925710811837
10.090744559926643,10.098499763826739,0.09074455992664228,0.09849976382673838
10.090887970132924,10.100421933961947,0.09088797013292353,0.10042193396194689
10.091030313650272,10.071970671777663,0.09103031365027144,0.07197067177766307
10.091171588808098,10.084279469384896,0.09117158880809915,0.0842794693848958
10.091311793948359,10.077941755680486,0.09131179394835828,0.07794175568048682
10.091450927425559,10.102102371701301,0.0914509274255586,0.1021023717013004
10.091588987606787,10.082862150506845,0.09158898760678712,0.08286215050684388
10.091725972871728,10.037258393143805,0.09172597287172753,0.03725839314380467
10.09186188161268,10.091291038416525,0.09186188161267893,0.09129103841652428
10.091996712234575,10.108280434705893,0.0919967122345749,0.10828043470589233
10.092130463155002,10.113391822607218,0.0921304631550022,0.11339182260721875
10.09226313280422,10.10062504661285,0.09226313280421916,0.10062504661284899
10.092394719625174,10.080139128164086,0.0923947196251744,0.08013912816408725
10.092525222073524,10.098327347623407,0.09252522207352479,0.0983273476234072
10.092654638617654,10.125153953562545,0.09265463861765386,0.12515395356254527
10.092782967738689,10.132292053450024,0.09278296773868953,0.13229205345002382
10.092910207930522,10.050889410571774,0.09291020793052215,0.050889410571774284
10.093036357699821,10.080707275412333,0.09303635769982199,0.08070727541233368
10.093161415566057,10.078321716989066,0.09316141556605692,0.07832171698906601
10.09328538006151,10.112806278553988,0.09328538006150966,0.11280627855398846
10.093408249731295,10.080437052113808,0.09340824973129508,0.08043705211380868
10.093530023133377,10.064721194459308,0.09353002313337733,0.06472119445930855
10.093650698838587,10.076337746351589,0.09365069883858654,0.07633774635158956
10.093770275430636,10.10366706673379,0.09377027543063593,0.10366706673378935
10.093888751506139,10.116654928092744,0.09388875150613805,0.11665492809274505
10.094006125674621,10.115136071225727,0.09400612567462163,0.11513607122572779
10.094122396558548,10.108646065769339,0.0941223965585476,0.10864606576933952
10.094237562793326,10.074353433891135,0.09423756279332543,0.0743534338911357
10.094351623027329,10.09422898979578,0.09435162302732902,0.09422898979578093
10.094464575921913,10.087002450975387,0.09446457592191276,0.08700245097538739
10.094576420151427,10.072652537119103,0.09457642015142698,0.07265253711910254
10.094687154403234,10.086496048392227,0.09468715440323366,0.08649604839222677
10.094796777377722,10.08985689125271,0.09479677737772196,0.08985689125271051
10.094905287788324,10.086087682844681,0.09490528778832313,0.08608768284468196
10.095012684361526,10.117888531327614,0.09501268436152599,0.11788853132761337
10.09511896583689,10.155580952776527,0.0951189658368915,0.15558095277652612
10.095224130967068,10.104215791727002,0.09522413096706793,0.10421579172700189
10.095328178517805,10.121733102053346,0.0953281785178052,0.12173310205334531
10.09543110726797,10.063695585115553,0.09543110726796956,0.06369558511555254
10.095532916009558,10.108102645943235,0.09553291600955778,0.10810264594323624
10.09563360354771,10.060929577615731,0.09563360354771147,0.06092957761573151
10.09573316870073,10.096470033046739,0.09573316870073091,0.09647003304673785
10.09583161030009,10.10035452286102,0.09583161030008915,0.10035452286101881
10.095928927190446,10.075390494360073,0.09592892719044557,0.0753904943600735
10.09602511822966,10.069005622817869,0.09602511822965942,0.06900562281786934
10.096120182288804,10.115659573666155,0.0961201822888034,0.11565957366615465
10.096214118252176,10.097475314751698,0.09621411825217664,0.09747531475169695
10.096306925017318,10.108115958786607,0.09630692501731809,0.10811595878660724
10.09639860149502,10.09000273453586,0.09639860149501922,0.09000273453585948
10.096489146609336,10.089552262028997,0.09648914660933698,0.08955226202899673
10.096578559297607,10.104817979845965,0.09657855929760623,0.1048179798459648
10.096666838510453,10.079219988263278,0.09666683851045242,0.0792199882632784
10.096753983211803,10.0906451791861,0.09675398321180381,0.09064517918609831
10.096839992378904,10.098575792642775,0.09683999237890359,0.09857579264277448
10.096924865002322,10.081041387276723,0.09692486500232196,0.08104138727672358
10.097008600085967,10.091428636154498,0.09700860008596791,0.09142863615449894
10.097091196647101,10.11224007302825,0.09709119664710099,0.11224007302825074
10.097172653716342,10.06448794750668,0.09717265371634275,0.06448794750668138
10.097252970337689,10.094017229538057,0.0972529703376882,0.09401722953805706
10.097332145568517,10.090701749998795,0.09733214556851695,0.0907017499987952
10.097410178479604,10.08162973828471,0.0974101784796044,0.08162973828470954
10.097487068155132,10.102057050458011,0.09748706815513246,0.10205705045801167
10.0975628136927,10.124999654305677,0.09756281369270045,0.12499965430567672
10.097637414203335,10.10220917918537,0.0976374142033357,0.10220917918537015
10.097710868811504,10.082975998844391,0.09771086881150381,0.08297599884439223
10.097783176655119,10.083414009551118,0.09778317665511913,0.08341400955111769
10.097854336885554,10.099517999559426,0.09785433688555473,0.09951799955942656
10.097924348667652,10.09233990298505,0.09792434866765248,0.09233990298504886
10.097993211179732,10.09190109909517,0.09799321117973273,0.09190109909516916
10.098060923613604,10.084280663747188,0.09806092361360406,0.08428066374718823
10.098127485174572,10.103389022800322,0.09812748517457266,0.10338902280032165
10.098192895081452,10.104220393803473,0.0981928950814518,0.10422039380347373
10.098257152566571,10.073360456755129,0.09825715256657083,0.0733604567551281
10.098320256875784,10.128429216892293,0.09832025687578433,0.1284292168922936
10.09838220726848,10.088267727266931,0.09838220726848089,0.08826772726693113
10.098443003017591,10.063959535374806,0.09844300301759178,0.06395953537480582
10.0985026434096,10.103093252718525,0.09850264340959958,0.10309325271852494
10.098561127744546,10.118606881482007,0.09856112774454642,0.11860688148200656
10.098618455336043,10.058364940842367,0.09861845533604237,0.05836494084236731
10.098674625511274,10.129265390438333,0.09867462551127329,0.12926539043833324
10.098729637611008,10.042081390015017,0.09872963761100889,0.042081390015017324
10.09878349098961,10.071030499695741,0.09878349098961038,0.07103049969574102
10.098836185015038,10.044417359817734,0.09883618501503812,0.04441735981773371
10.098887719068859,10.088886698462309,0.09888771906885892,0.08888669846230915
10.098938092546254,10.11443642341553,0.09893809254625342,0.11443642341552944
10.098987304856022,10.09433020901329,0.09898730485602315,0.09433020901328902
10.099035355420597,10.100729194742735,0.09903535542059741,0.10072919474273567
10.09908224367604,10.040413842176482,0.09908224367604013,0.04041384217648224
10.099127969072056,10.097167370985805,0.09912796907205644,0.09716737098580464
10.099172531072,10.127618903250578,0.09917253107199916,0.12761890325057912
10.099215929152875,10.119549635547907,0.09921592915287507,0.11954963554790704
10.09925816280535,10.061374274624752,0.09925816280535105,0.06137427462475264
10.09929923153376,10.106025974325023,0.09929923153376008,0.10602597432502257
10.099339134856107,10.065309868494754,0.09933913485610703,0.06530986849475467
10.099377872304075,10.077047151762429,0.09937787230407436,0.07704715176242936
10.099415443423027,10.090547079510458,0.09941544342302754,0.09054707951045846
10.09945184777202,10.147553804665387,0.09945184777202049,0.14755380466538737
10.099487084923801,10.112161462660193,0.09948708492380064,0.11216146266019314
10.099521154464814,10.111247681931372,0.09952115446481406,0.11124768193137177
10.09955405599521,10.098610445305287,0.09955405599521022,0.09861044530528644
10.099585789128847,10.083227759814562,0.09958578912884672,0.08322775981456156
10.099616353493294,10.082558096737186,0.09961635349329381,0.08255809673718636
10.09964574872984,10.118206339133982,0.09964574872983883,0.11820633913398182
10.09967397449349,10.11939047378192,0.09967397449349029,0.11939047378191874
10.099701030452982,10.109845363890923,0.09970103045298201,0.10984536389092213
10.099726916290777,10.122762508626032,0.09972691629077704,0.12276250862603127
10.099751631703072,10.141622991370365,0.09975163170307125,0.14162299137036524
10.099775176399797,10.10183936346728,0.09977517639979705,0.10183936346727984
10.099797550104627,10.124168358973186,0.09979755010462671,0.12416835897318548
10.099818752554976,10.11766591991253,0.09981875255497558,0.1176659199125299
10.099838783502005,10.11366131387047,0.09983878350200523,0.11366131387046892
10.099857642710626,10.091174362620258,0.0998576427106264,0.09117436262025733
10.099875329959502,10.107929063258897,0.09987532995950163,0.10792906325889767
10.099891845041048,10.086556627087202,0.09989184504104798,0.08655662708720235
10.09990718776144,10.100434311815238,0.09990718776143943,0.10043431181523754
10.099921357940609,10.08599096646737,0.09992135794060913,0.08599096646737028
10.099934355412252,10.089398251461377,0.09993435541225153,0.08939825146137734
10.099946180023824,10.111689133041411,0.09994618002382433,0.11168913304141073
10.09995683163655,10.127655337454813,0.09995683163655032,0.1276553374548128
10.099966310125419,10.083278093272767,0.09996631012541889,0.08327809327276697
10.099974615379187,10.111952130994304,0.0999746153791876,0.11195213099430437
10.099981747300383,10.133037033481438,0.09998174730038349,0.13303703348143875
10.099987705805304,10.096446498912355,0.09998770580530414,0.09644649891235599
10.099992490824018,10.060385936881364,0.0999924908240187,0.06038593688136402
10.099996102300368,10.093535553080134,0.09999610230036877,0.09353555308013352
10.099998540191969,10.11757330182838,0.09999854019196895,0.11757330182837895
10.099999804470208,10.090846392277948,0.09999980447020738,0.09084639227794755
10.099999895120247,10.107228206837322,0.09999989512024614,0.10722820683732084
10.09999881214102,10.071984201566618,0.0999988121410213,0.07198420156661853
10.099996555545243,10.059206647608747,0.09999655554524305,0.059206647608746124
10.099993125359395,10.090402430556063,0.09999312535939547,0.09040243055606247
10.099988521623736,10.12058613198443,0.0999885216237363,0.12058613198443063
10.099982744392296,10.123392131287604,0.09998274439229636,0.12339213128760307
10.09997579373288,10.0807288599934,0.099975793732879,0.08072885999339921
10.099967669727059,10.119826004657305,0.09996766972705928,0.1198260046573057
10.099958372470184,10.080660354349655,0.09995837247018304,0.08066035434965571
10.099947902071365,10.095900375225806,0.09994790207136568,0.09590037522580575
10.099936258653491,10.105513873801483,0.09993625865349101,0.10551387380148305
10.09992344235321,10.115642586515404,0.09992344235320974,0.11564258651540536
10.099909453320938,10.051640638778254,0.09990945332093787,0.05164063877825436
10.099894291720855,10.073820786877103,0.09989429172085494,0.0738207868771037
10.099877957730902,10.114580036860003,0.09987795773090213,0.11458003686000315
10.09986045154278,10.104279817796535,0.09986045154278012,0.10427981779653404
10.099841773361947,10.108534846373608,0.09984177336194687,0.1085348463736088
10.099821923407616,10.089541624969119,0.0998219234076152,0.08954162496911826
10.09980090191275,10.093929340155034,0.09980090191275025,0.09392934015503403
10.099778709124067,10.119770449248431,0.09977870912406667,0.11977044924843153
10.099755345302025,10.11168449048387,0.09975534530202579,0.11168449048387086
10.099730810720832,10.091806046956028,0.09973081072083258,0.09180604695602772
10.099705105668432,10.105996962643266,0.09970510566843234,0.10599696264326558
10.099678230446507,10.089990936081616,0.09967823044650742,0.0899909360816161
10.099650185370473,10.10573780648313,0.09965018537047363,0.10573780648313122
10.099620970769477,10.06773372732549,0.09962097076947651,0.06773372732548927
10.099590586986388,10.105337048050314,0.09959058698638751,0.1053370480503143
10.0995590343778,10.075894861133072,0.09955903437780003,0.07589486113307266
10.099526313314025,10.136047845275154,0.09952631331402506,0.13604784527515373
10.099492424179086,10.12543603160864,0.099492424179087,0.1254360316086391
10.09945736737072,10.107616353065662,0.09945736737071909,0.10761635306566261
10.099421143300358,10.098323804080522,0.09942114330035867,0.09832380408052244
10.099383752393143,10.087223528210924,0.09938375239314252,0.08722352821092434
10.099345195087901,10.102117320737381,0.09934519508790172,0.10211732073738182
10.099305471837157,10.109778302152904,0.09930547183715657,0.1097783021529047
10.09926458310711,10.07336531463231,0.09926458310711123,0.07336531463230973
10.099222529377649,10.073684662638431,0.09922252937764833,0.07368466263843217
10.099179311142324,10.072937143700988,0.09917931114232324,0.0729371437009888
10.099134928908358,10.096912896547932,0.09913492890835837,0.09691289654793167
10.099089383196636,10.104970754865315,0.09908938319663713,0.10497075486531518
10.099042674541698,10.083415678369239,0.09904267454169792,0.08341567836923933
10.098994803491728,10.076801895033093,0.09899480349172773,0.07680189503309294
10.098945770608555,10.105194333066164,0.09894577060855578,0.1051943330661632
10.098895576467648,10.092580619734603,0.09889557646764696,0.09258061973460244
10.098844221658094,10.092284052531635,0.09884422165809506,0.09228405253163519
10.098791706782615,10.144182828448836,0.0987917067826157,0.1441828284488364
10.09873803245754,10.103331230597838,0.09873803245753952,0.10333123059783794
10.098683199312804,10.127017921114925,0.09868319931280477,0.12701792111492452
10.09862720799195,10.093328895365248,0.09862720799194996,0.0933288953652477
10.098570059152106,10.10190317045922,0.09857005915210627,0.10190317045921951
10.09851175346399,10.09220329111745,0.09851175346398995,0.09220329111744945
10.098452291611894,10.118342680523801,0.09845229161189434,0.11834268052380144
10.098391674293682,10.112743051968712,0.09839167429368183,0.11274305196871162
10.098329902220776,10.075561795761745,0.09832990222077576,0.07556179576174546
10.098266976118152,10.110307697515715,0.09826697611815205,0.11030769751571441
10.098202896724331,10.09439937037417,0.09820289672433062,0.09439937037417019
10.098137664791366,10.088745578366813,0.09813766479136672,0.08874557836681284
10.098071281084842,10.110030858428122,0.09807128108484227,0.11003085842812181
10.098003746383856,10.08928501779649,0.09800374638385667,0.08928501779648904
10.097935061481017,10.107213799065907,0.0979350614810178,0.1072137990659072
10.097865227182433,10.109869991816335,0.09786522718243257,0.10986999181633536
10.097794244307698,10.081202405768929,0.09779424430769762,0.08120240576892854
10.09772211368989,10.117905069799223,0.09772211368988964,0.11790506979922233
10.097648836175555,10.12887678411728,0.09764883617555553,0.12887678411727935
10.097574412624702,10.091403267132701,0.09757441262470253,0.09140326713270089
10.097498843910788,10.12508491658472,0.09749884391078817,0.12508491658472048
10.09742213092071,10.065144444428158,0.09742213092070992,0.06514444442815763
10.097344274554795,10.118438974596126,0.09734427455479477,0.11843897459612539
10.09726527572679,10.09449901558771,0.09726527572678881,0.09449901558770973
10.097185135363846,10.067334273370179,0.09718513536384638,0.06733427337017915
10.09710385440652,10.115540519897873,0.09710385440651924,0.1155405198978741
10.097021433808745,10.0855292217048,0.09702143380874542,0.08552922170479954
10.096937874537838,10.094251020346812,0.09693787453783824,0.0942510203468129
10.096853177574475,10.078193952863048,0.09685317757447481,0.07819395286304823
10.096767343912685,10.08479445233747,0.09676734391268446,0.08479445233746928
10.096680374559837,10.106388892140714,0.09668037455983723,0.10638889214071447
10.096592270536632,10.053687762456196,0.096592270536632,0.05368776245619683
10.096503032877084,10.089779400419971,0.09650303287708445,0.08977940041997116
10.096412662628515,10.099855252724158,0.09641266262851492,0.0998552527241584
10.096321160851536,10.077711797805256,0.09632116085153623,0.07771179780525507
10.096228528620042,10.108995039346825,0.09622852862004115,0.10899503934682389
10.09613476702119,10.084660500534564,0.09613476702118984,0.08466050053456416
10.096039877155397,10.12857701976979,0.0960398771553969,0.12857701976978944
10.09594386013632,10.078054132422624,0.0959438601363188,0.07805413242262305
10.09584671709084,10.078349326448963,0.09584671709084061,0.078349326448963
10.095748449159062,10.102331080858164,0.09574844915906261,0.10233108085816374
10.095649057494287,10.086336650502133,0.0956490574942873,0.08633665050213243
10.095548543263005,10.077080875464588,0.09554854326300555,0.07708087546458794
10.095446907644883,10.087125984605228,0.09544690764488306,0.08712598460522852
10.095344151832746,10.071922664409364,0.09534415183274636,0.0719226644093636
10.09524027703257,10.069681061247003,0.09524027703256904,0.06968106124700292
10.095135284463458,10.074952256216694,0.09513528446345743,0.07495225621669367
10.095029175357636,10.120527330365025,0.0950291753576364,0.12052733036502453
10.094921950960435,10.1092825605525,0.09492195096043465,0.1092825605525004
10.09481361253027,10.084713893563945,0.09481361253027047,0.08471389356394586
10.094704161338637,10.042396807013143,0.09470416133863677,0.04239680701314211
10.094593598670086,10.108784842991389,0.09459359867008599,0.10878484299138919
10.094481925822215,10.11376205891375,0.09448192582221539,0.11376205891374987
10.094369144105652,10.089026118471068,0.09436914410565156,0.08902611847106823
10.094255254844034,10.100532433391082,0.09425525484403517,0.10053243339108325
10.094140259374004,10.081065259341573,0.09414025937400522,0.08106525934157213
10.094024159045183,10.106756126428262,0.09402415904518366,0.1067561264282616
10.09390695522016,10.094516194150655,0.09390695522015936,0.09451619415065576
10.093788649274472,10.117311020450565,0.09378864927447222,0.11731102045056471
10.093669242596597,10.090561233263248,0.09366924259659677,0.09056123326324805
10.093548736587927,10.120816783316466,0.09354873658792624,0.12081678331646516
10.093427132662756,10.133385474087358,0.09342713266275599,0.13338547408735918
10.093304432248267,10.06914899744476,0.0933044322482666,0.06914899744476004
10.093180636784508,10.067184238544032,0.09318063678450764,0.06718423854403208
10.09305574772438,10.11187567367525,0.09305574772438041,0.11187567367525085
10.09292976653362,10.084767618592224,0.0929297665336211,0.08476761859222316
10.092802694690784,10.072615955666938,0.09280269469078323,0.07261595566693861
10.092674533687221,10.07187246727204,0.09267453368722074,0.07187246727204136
10.09254528502707,10.123535330877232,0.09254528502707028,0.12353533087723224
10.092414950227234,10.0607124726848,0.09241495022723362,0.06071247268479982
10.09228353081736,10.081108315599279,0.09228353081735953,0.08110831559927881
10.092151028339826,10.120935554771698,0.0921510283398264,0.12093555477169773
10.092017444349723,10.111596118743238,0.09201744434972375,0.1115961187432385
10.091882780414833,10.056751066193343,0.09188278041483389,0.05675106619334262
10.091747038115614,10.1056016704056,0.09174703811561391,0.10560167040559867
10.091610219045176,10.054265504123217,0.0916102190451768,0.05426550412321727
10.091472324809272,10.089089806554233,0.091472324809273,0.089089806554232
10.09133335702627,10.107321109622706,0.09133335702627114,0.10732110962270572
10.09119331732714,10.069134300364196,0.09119331732713959,0.06913430036419649
10.091052207355427,10.03935450540946,0.09105220735542693,0.039354505409458965
10.090910028767244,10.057724935017006,0.09091002876724294,0.05772493501700626
10.090766783231238,10.084432334786719,0.09076678323123871,0.0844323347867193
10.090622472428588,10.115902003566848,0.0906224724285876,0.11590200356684911
10.090477098052965,10.112651564523782,0.0904770980529653,0.11265156452378243
10.09033066181053,10.12202389218029,0.09033066181052965,0.12202389218028944
10.090183165419901,10.05623337345759,0.09018316541990111,0.05623337345759022
10.090034610612141,10.100860081755133,0.09003461061214231,0.10086008175513414
10.089884999130739,10.097722246530813,0.08988499913073784,0.09772224653081325
10.089734332731574,10.093677935135174,0.08973433273157355,0.093677935135174
10.089582613182916,10.073714070817449,0.08958261318291627,0.07371407081744939
10.089429842265393,10.10495392855566,0.08942984226539293,0.1049539285556607
10.089276021771969,10.096560766647935,0.08927602177196968,0.09656076664793489
10.08912115350793,10.11172062470724,0.08912115350793055,0.11172062470724115
10.088965239290857,10.085555836769299,0.08896523929085681,0.08555583676929827
10.088808280950605,10.086449714464305,0.08880828095060536,0.0864497144643052
10.088650280329286,10.059811675805369,0.08865028032928696,0.05981167580536802
10.088491239281245,10.075099074298695,0.08849123928124515,0.07509907429869486
10.088331159673034,10.111993569571862,0.08833115967303419,0.11199356957186246
10.088170043383398,10.079065218017787,0.08817004338339728,0.07906521801778742
10.088007892303244,10.060815911868122,0.0880078923032441,0.060815911868122734
10.087844708335629,10.133214661180206,0.08784470833562931,0.1332146611802062
10.08768049339573,10.118384332315232,0.0876804933957298,0.11838433231523161
10.087515249410822,10.08975644103679,0.08751524941082196,0.08975644103679001
10.087348978320259,10.10204794673589,0.08734897832025973,0.10204794673588993
10.087181682075451,10.048461934372154,0.08718168207545132,0.04846193437215367
10.087013362639837,10.078236201036605,0.08701336263983654,0.07823620103660489
10.086844021988863,10.060752736317692,0.08684402198886344,0.06075273631769221
10.086673662109966,10.09642181879615,0.08667366210996566,0.09642181879615101
10.086502285002538,10.080317902408853,0.08650228500253866,0.08031790240885193
10.086329892677917,10.087050613404498,0.08632989267791653,0.08705061340449842
10.086156487159348,10.112303700709795,0.08615648715934798,0.11230370070979506
10.085982070481974,10.087132096165805,0.08598207048197316,0.08713209616580514
10.0858066446928,10.075536799182068,0.08580664469279947,0.07553679918206682
10.085630211850678,10.098997352497692,0.08563021185067726,0.09899735249769272
10.085452774026276,10.07168291154164,0.08545277402627627,0.07168291154163975
10.085274333302062,10.096542627042178,0.08527433330206094,0.09654262704217764
10.085094891772266,10.048766764830443,0.08509489177226609,0.04876676483044268
10.084914451542872,10.095142858057141,0.08491445154287207,0.09514285805714012
10.084733014731581,10.135475100291464,0.0847330147315805,0.13547510029146384
10.08455058346779,10.06313082603828,0.08455058346778915,0.06313082603828006
10.084367159892567,10.100943553826172,0.08436715989256705,0.10094355382617075
10.084182746158628,10.098234966019747,0.08418274615862902,0.09823496601974746
10.08399734443031,10.104207547444545,0.08399734443031097,0.10420754744454613
10.083810956883545,10.079159325554862,0.08381095688354423,0.07915932555486249
10.08362358570583,10.10041314408789,0.08362358570582967,0.10041314408788998
10.083435233096212,10.118767585821494,0.0834352330962127,0.11876758582149471
10.083245901265258,10.06242993016065,0.08324590126525695,0.06242993016065099
10.083055592435018,10.057037322038234,0.08305559243501866,0.057037322038233806
10.08286430883902,10.108608951576537,0.08286430883902007,0.10860895157653669
10.082672052722224,10.076271460609725,0.08267205272222389,0.07627146060972417
10.082478826341006,10.054448293335021,0.08247882634100655,0.054448293335020645
10.082284631963132,10.082977301782586,0.08228463196313188,0.08297730178258664
10.082089471867723,10.09496523424996,0.0820894718677241,0.09496523424995959
10.081893348345242,10.066165626808937,0.08189334834524173,0.06616562680893777
10.08169626369745,10.097000105459681,0.08169626369745031,0.0970001054596823
10.081498220237394,10.062068641446178,0.0814982202373952,0.06206864144617809
10.081299220289376,10.075589402471861,0.0812992202893749,0.07558940247186174
10.081099266188913,10.090358562636151,0.08109926618891351,0.09035856263615082
10.080898360282733,10.075042853320415,0.08089836028273344,0.07504285332041519
10.080696504928728,10.065244934063173,0.08069650492872743,0.06524493406317314
10.080493702495932,10.109710616879179,0.08049370249593159,0.10971061687917943
10.080289955364497,10.098093699635672,0.08028995536449712,0.09809369963567317
10.080085265925662,10.070188985084096,0.08008526592566259,0.07018898508409578
10.079879636581726,10.09984143446717,0.07987963658172546,0.09984143446716906
10.079673069746015,10.09441134440966,0.07967306974601451,0.09441134440966095
10.079465567842862,10.054228522169714,0.07946556784286124,0.0542285221697138
10.079257133307571,10.071129540244092,0.07925713330757106,0.07112954024409247
10.079047768586396,10.06620144293665,0.0790477685863953,0.0662014429366501
10.078837476136503,10.098041278839407,0.07883747613650222,0.09804127883940714
10.078626258425949,10.041554421794991,0.0786262584259482,0.041554421794991366
10.078414117933649,10.050985621964703,0.07841411793364853,0.05098562196470259
10.078201057149348,10.08482049483806,0.07820105714934879,0.08482049483806
10.077987078573596,10.069204731328222,0.07798707857359535,0.06920473132822227
10.077772184717706,10.118608649539256,0.07777218471770611,0.11860864953925548
10.07755637810374,10.063384687073851,0.07755637810374069,0.06338468707385195
10.077339661264471,10.074893847657801,0.07733966126447142,0.07489384765780097
10.077122036743352,10.078967861922798,0.07712203674335333,0.07896786192279895
10.076903507094494,10.112438760243908,0.07690350709449395,0.11243876024390875
10.076684074882625,10.08563954332675,0.07668407488262396,0.08563954332674888
10.076463742683067,10.112578473502701,0.07646374268306674,0.11257847350270062
10.076242513081707,10.08595938947785,0.07624251308170828,0.08595938947785037
10.076020388674966,10.079370794727652,0.07602038867496641,0.07937079472765177
10.075797372069761,10.081991496161567,0.07579737206976103,0.08199149616156706
10.075573465883483,10.063685098873371,0.07557346588348302,0.06368509887337039
10.075348672743964,10.064441368847435,0.07534867274396377,0.06444136884743487
10.075122995289444,10.083560029142342,0.07512299528944388,0.08356002914234216
10.074896436168544,10.034395440390396,0.07489643616854291,0.034395440390395784
10.074668998040227,10.049268645121924,0.0746689980402279,0.04926864512192275
10.074440683573782,10.071320749601991,0.07444068357378185,0.07132074960199117
10.074211495448774,10.069932308467491,0.07421149544877308,0.06993230846749059
10.073981436355023,10.015079776383395,0.07398143635502329,0.015079776383395825
10.073750508992577,10.065380965158798,0.0737505089925763,0.06538096515879832
10.073518716071666,10.063865858481648,0.07351871607166581,0.06386585848164891
10.073286060312684,10.095478840847612,0.07328606031268436,0.0954788408476111
10.073052544446151,10.086848417420075,0.07305254444615088,0.08684841742007475
10.07281817121268,10.067817637048313,0.07281817121267888,0.0678176370483119
10.072582943362944,10.075362099858477,0.07258294336294388,0.07536209985847715
10.072346863657652,10.056891250682723,0.07234686365765179,0.05689125068272252
10.072109934867505,10.067505284324948,0.07210993486750612,0.06750528432494841
10.071872159773175,10.078425979893696,0.07187215977317517,0.07842597989369607
10.07163354116526,10.060375683535089,0.07163354116526008,0.060375683535089375
10.07139408184426,10.062463660647486,0.07139408184426159,0.062463660647486534
10.071153784620547,10.035468224299233,0.07115378462054743,0.03546822429923302
10.07091265231432,10.054714128393375,0.07091265231431887,0.05471412839337557
10.070670687755578,10.056194201091374,0.07067068775557829,0.056194201091373436
10.070427893784096,10.07312286917752,0.07042789378409556,0.07312286917752152
10.070184273249374,10.079650841782001,0.07018427324937486,0.07965084178200223
10.069939829010622,10.073465390756503,0.06993982901062086,0.07346539075650345
10.069694563936705,10.056631907967034,0.0696945639367058,0.05663190796703373
10.069448480906136,10.089980039887687,0.0694484809061355,0.0899800398876872
10.069201582807015,10.017998015283185,0.0692015828070152,0.017998015283184655
10.068953872537016,10.040478204256562,0.06895387253701642,0.04047820425656223
10.068705353003342,10.09310880686363,0.06870535300334239,0.09310880686362905
10.068456027122695,10.087158658879979,0.06845602712269432,0.0871586588799786
10.068205897821237,10.054132673994667,0.0682058978212365,0.054132673994667556
10.067954968034563,10.063072321053548,0.06795496803456279,0.06307232105354739
10.067703240707662,10.07670919857296,0.06770324070766186,0.07670919857296012
10.067450718794882,10.044341265029205,0.06745071879488207,0.044341265029204706
10.067197405259897,10.053540552870151,0.06719740525989777,0.05354055287015142
10.066943303075673,10.040491643384554,0.06694330307567382,0.04049164338455433
10.066688415224432,10.090013588277422,0.06668841522443111,0.09001358827742281
10.066432744697611,10.077768429229128,0.06643274469761089,0.07776842922912751
10.06617629449584,10.048138249774665,0.06617629449584059,0.04813824977466526
10.065919067628897,10.062951954618319,0.06591906762889795,0.06295195461831794
10.065661067115675,10.078143000169517,0.06566106711567607,0.07814300016951589
10.065402295984148,10.073681597903583,0.06540229598414737,0.07368159790358295
10.065142757271328,10.026634110905924,0.06514275727132893,0.026634110905924463
10.064882454023246,10.085833472617574,0.06488245402324631,0.08583347261757368
10.064621389294897,10.038462724213382,0.0646213892948976,0.03846272421338259
10.064359566150218,10.077769378420223,0.06435956615021814,0.07776937842022387
10.064096987662044,10.092583004400362,0.06409698766204423,0.092583004400363
10.063833656912077,10.08546597428066,0.0638336569120772,0.08546597428066037
10.063569576990847,10.046936341196423,0.06356957699084677,0.046936341196422135
10.063304750997675,10.124320686633528,0.06330475099767556,0.12432068663352813
10.063039182040642,10.060056441668387,0.06303918204064218,0.06005644166838701
10.062772873236545,10.04776621882575,0.06277287323654504,0.047766218825748885
10.062505827710865,10.060050841320157,0.06250582771086519,0.06005084132015657
10.062238048597731,10.06441939882847,0.06223804859773048,0.06441939882847009
10.061969539039879,10.048368169625602,0.061969539039878396,0.0483681696256027
10.061700302188619,10.08534229667583,0.061700302188618716,0.08534229667582982
10.061430341203797,10.021251051870873,0.06143034120379736,0.021251051870873075
10.061159659253759,10.086745159208208,0.06115965925375877,0.08674515920820886
10.060888259515309,10.100635679906443,0.06088825951530899,0.1006356799064433
10.060616145173677,10.10009575808802,0.06061614517367783,0.10009575808802101
10.060343319422483,10.081108898860771,0.06034331942248233,0.08110889886077167
10.06006978546369,10.074198470024086,0.06006978546368871,0.07419847002408565
10.059795546507575,10.0637292558487,0.05979554650757505,0.06372925584870126
10.059520605772693,10.046975977112083,0.059520605772693094,0.04697597711208257
10.059244966485831,10.062043254036247,0.059244966485831274,0.06204325403624759
10.058968631881976,10.05799232911858,0.058968631881976485,0.057992329118580155
10.058691605204276,10.04343389419034,0.058691605204275604,0.04343389419033981
10.058413889704,10.043450860017549,0.05841388970399833,0.043450860017549414
10.058135488640499,10.06151407308871,0.05813548864049848,0.061514073088708696
10.057856405281177,10.06466258456657,0.05785640528117597,0.06466258456657009
10.057576642901438,10.069605975656481,0.057576642901437915,0.069605975656481
10.057296204784661,10.062091161438142,0.057296204784661076,0.062091161438142486
10.057015094222153,10.04631928050348,0.0570150942221527,0.04631928050348054
10.056733314513112,10.020111872456509,0.05673331451311221,0.02011187245650805
10.056450868964593,10.028021251780467,0.05645086896459192,0.02802125178046777
10.056167760891459,10.05566913795942,0.056167760891459056,0.05566913795941999
10.055883993616357,10.073307649821238,0.05588399361635646,0.07330764982123766
10.055599570469663,10.036849781365975,0.05559957046966307,0.03684978136597447
10.055314494789457,10.03313249245006,0.05531449478945586,0.03313249245005927
10.05502876992147,10.102958853480546,0.05502876992146993,0.10295885348054543
10.054742399219059,10.07147459998189,0.054742399219059615,0.0714745999818911
10.05445538604316,10.024781601634844,0.054455386043158485,0.024781601634844913
10.054167733762242,10.071453355933595,0.05416773376224088,0.07145335593359545
10.053879445752282,10.07383239023303,0.05387944575228165,0.07383239023302988
10.053590525396716,10.099651835121438,0.05359052539671697,0.09965183512143833
10.053300976086405,10.025875862064277,0.05330097608640393,0.025875862064277316
10.053010801219582,10.05136953378865,0.05301080121958168,0.05136953378865072
10.05272000420183,10.060609367277566,0.052720004201831094,0.06060936727756541
10.052428588446034,10.040322863999105,0.052428588446034353,0.040322863999104966
10.052136557372336,10.027634026896948,0.05213655737233578,0.02763402689694724
10.051843914408101,10.051246898923267,0.0518439144081011,0.05124689892326742
10.051550662987877,10.039422292019289,0.051550662987877555,0.039422292019288284
10.051256806553353,10.066489244330345,0.05125680655335291,0.06648924433034488
10.050962348553316,10.062379438501427,0.050962348553316064,0.062379438501427215
10.050667292443617,10.073092068533837,0.050667292443615876,0.07309206853383714
10.050371641687121,10.05242480698446,0.05037164168712101,0.05242480698445934
10.050075399753679,10.036013157656566,0.050075399753678564,0.03601315765656557
10.049778570120074,10.031972844947155,0.04977857012007437,0.031972844947156076
10.04948115626999,10.089955948868454,0.04948115626999169,0.08995594886845404
10.04918316169397,10.097957124819475,0.04918316169396984,0.09795712481947519
10.048884589889365,10.04532203238363,0.0488845898893642,0.0453220323836311
10.048585444360304,10.081041511825035,0.048585444360304514,0.08104151182503389
10.048285728617653,10.067072075236052,0.04828572861765409,0.0670720752360513
10.047985446178968,10.044558273345103,0.04798544617896796,0.04455827334510348
10.047684600568452,10.038084802517496,0.04768460056845256,0.03808480251749518
10.047383195316923,10.055603127608057,0.04738319531692372,0.05560312760805762
10.047081233961766,10.040541048663991,0.04708123396176553,0.04054104866399056
10.046778720046888,10.057444028541692,0.04677872004688823,0.057444028541691075
10.046475657122688,10.06499608077595,0.04647565712268753,0.0649960807759501
10.046172048746003,10.024478366714499,0.046172048746002475,0.024478366714499745
10.045867898480074,10.043919627876887,0.045867898480073256,0.04391962787688791
10.0455632098945,10.040726749963135,0.045563209894500294,0.04072674996313391
10.045257986565202,10.077423997225372,0.04525798656520174,0.0774239972253718
10.044952232074372,10.043773463873201,0.04495223207437182,0.04377346387320127
10.044645950010437,10.053270042473605,0.04464595001043817,0.053270042473603764
10.04433914396802,10.045087180863463,0.04433914396802065,0.04508718086346331
10.04403181754789,9.992756875900078,0.04403181754788851,-0.007243124099922255
10.043723974356919,10.063067918648924,0.04372397435691852,0.063067918648925
10.043415618008051,10.034347138550993,0.04341561800805192,0.03434713855099363
10.043106752120252,10.071814441549487,0.043106752120253,0.07181444154948723
10.042797380318467,10.029589511426552,0.04279738031846618,0.02958951142655238
10.042487506233574,10.03738378472441,0.04248750623357294,0.037383784724410576
10.04217713350235,10.021790041450739,0.042177133502350195,0.021790041450739057
10.041866265767426,9.99563760792509,0.04186626576742696,-0.00436239207490919
10.041554906677241,10.01705703056957,0.04155490667724194,0.017057030569568768
10.041243059886,10.05691018362564,0.041243059886000036,0.05691018362563861
10.040930729053631,10.01750873994214,0.04093072905363045,0.017508739942141617
10.040617917845744,10.028080822758879,0.04061791784574324,0.028080822758878382
10.040304629933585,10.047765469737785,0.04030462993358581,0.04776546973778436
10.039990868994002,10.054453694076546,0.03999086899400078,0.054453694076546794
10.039676638709382,10.044363147915531,0.039676638709382234,0.04436314791553026
10.039361942767632,10.028503049158656,0.03936194276763276,0.028503049158656094
10.03904678486212,10.033909688313184,0.039046784862119585,0.033909688313183056
10.038731168691632,10.018048250768674,0.03873116869163215,0.01804825076867402
10.038415097960337,10.056179459213814,0.038415097960338075,0.0561794592138139
10.03809857637774,10.037269488223114,0.03809857637774002,0.03726948822311358
10.037781607658632,10.041902954304067,0.037781607658631464,0.041902954304066396
10.037464195523054,10.05221370089737,0.03746419552305412,0.0522137008973701
10.037146343696254,10.068848293425315,0.03714634369625377,0.06884829342531547
10.036828055908636,10.015647900608712,0.03682805590863604,0.015647900608713093
10.036509335895724,10.056859091452198,0.036509335895723645,0.056859091452198675
10.036190187398113,10.022021172949817,0.03619018739811184,0.022021172949816658
10.035870614161425,10.042879466585367,0.03587061416142489,0.0428794665853674
10.035550619936272,10.01572929891728,0.03555061993627141,0.01572929891728121
10.035230208478202,10.038277488635313,0.03523020847820138,0.03827748863531223
10.034909383547662,10.016927943772899,0.034909383547661384,0.016927943772898187
10.03458814890995,10.029224884069484,0.034588148909950794,0.02922488406948319
10.034266508335177,10.015172825152815,0.03426650833517696,0.015172825152814293
10.033944465598212,10.027232646865755,0.0339444655982119,0.027232646865756174
10.033622024478648,10.037836593031571,0.03362202447864756,0.03783659303157091
10.03329918876075,10.024980914720029,0.03329918876075091,0.02498091472002939
10.03297596223342,10.04370889230831,0.03297596223342053,0.043708892308310196
10.032652348690142,10.02212427276633,0.032652348690141546,0.022124272766329882
10.03232835192894,10.008499033498877,0.03232835192894133,0.008499033498876658
10.032003975752344,10.017600382931898,0.032003975752344344,0.017600382931897182
10.031679223967329,10.075961276354146,0.03167922396732848,0.07596127635414679
10.031354100385279,10.018890364969563,0.031354100385279714,0.018890364969562062
10.031028608821948,10.063061978521336,0.03102860882194773,0.06306197852133683
10.030702753097401,10.053559967576174,0.03070275309740042,0.05355996757617365
10.03037653703598,10.026805688783726,0.030376537035980117,0.02680568878372581
10.030049964466258,10.032721595762654,0.030049964466258162,0.0327215957626536
10.02972303922099,10.031068727944222,0.029723039220989473,0.031068727944221143
10.02939576513707,10.038319037484401,0.029395765137068604,0.038319037484401464
10.029068146055485,10.038955440013682,0.029068146055483992,0.03895544001368141
10.028740185821274,10.040624115196271,0.028740185821273263,0.040624115196271585
10.028411888283477,10.024379162065797,0.028411888283477394,0.02437916206579615
10.028083257295096,9.980099551076126,0.028083257295096573,-0.019900448923874367
10.027754296713045,10.012332074595504,0.027754296713044288,0.012332074595503983
10.027425010398103,10.035209965029381,0.02742501039810242,0.03520996502938134
10.027095402214876,10.010412976102504,0.027095402214875233,0.01041297610250461
10.026765476031745,10.03645419572764,0.026765476031745047,0.03645419572763942
10.026435235720827,10.022092369861793,0.02643523572082633,0.02209236986179387
10.02610468515792,10.010964076865172,0.02610468515791973,0.01096407686517231
10.025773828222468,10.047059898218738,0.025773828222467626,0.04705989821873819
10.025442668797508,10.02600237372897,0.025442668797507912,0.02600237372897036
10.025111210769628,10.019910346993235,0.025111210769628745,0.019910346993235285
10.024779458028922,10.007455334346412,0.024779458028922282,0.007455334346412126
10.02444741446894,9.990560814018854,0.024447414468940023,-0.009439185981145775
10.024115083986647,9.981862472102337,0.02411508398664644,-0.018137527897662577
10.023782470482374,10.00233981913862,0.023782470482373592,0.002339819138619744
10.023449577859775,10.020930604691296,0.02344957785977465,0.020930604691295332
10.023116410025779,10.008232391653307,0.023116410025779115,0.008232391653307173
10.022782970890546,10.011319524638079,0.02278297089054646,0.011319524638079162
10.02244926436742,10.02298992342362,0.022449264367419713,0.022989923423619496
10.022115294372881,10.011188893452607,0.022115294372880557,0.011188893452606105
10.021781064826502,10.04767332131487,0.0217810648265027,0.047673321314868636
10.021446579650906,10.039878262111587,0.021446579650906183,0.03987826211158802
10.021111842771711,10.05328668964185,0.02111184277171069,0.05328668964184917
10.02077685811749,10.002785335185367,0.020776858117490478,0.002785335185366937
10.020441629619727,9.98708737972519,0.020441629619727605,-0.0129126202748098
10.020106161212766,10.047698947177594,0.020106161212766115,0.04769894717759306
10.019770456833765,9.997388316666308,0.019770456833765188,-0.002611683333692317
10.019434520422655,10.056080021115541,0.01943452042265396,0.05608002111554124
10.019098355922084,10.032080315796591,0.01909835592208477,0.0320803157965909
10.018761967277387,9.976152205894014,0.018761967277386358,-0.023847794105986465
10.018425358436518,9.999807176038587,0.018425358436518612,-0.00019282396141356156
10.018088533350026,10.008460960155109,0.018088533350025537,0.008460960155107826
10.01775149597099,10.032054849782964,0.017751495970989236,0.03205484978296451
10.017414250254983,10.030591635249358,0.017414250254982815,0.03059163524935865
10.017076800160025,10.008043351861101,0.01707680016002502,0.008043351861100417
10.016739149646533,9.998833375980649,0.016739149646533058,-0.0011666240193519903
10.016401302677277,10.042744489784244,0.016401302677276505,0.042744489784244416
10.01606326321733,9.998842355824031,0.01606326321733006,-0.0011576441759689297
10.015725035234029,10.003342467908155,0.015725035234028094,0.0033424679081550477
10.015386622696917,9.9963419773106,0.015386622696917521,-0.0036580226894007573
10.015048029577711,10.010382553787453,0.015048029577710731,0.010382553787452509
10.01470925985024,10.019525691104779,0.014709259850239999,0.01952569110477774
10.01437031749041,9.985874450219933,0.01437031749041015,-0.014125549780066013
10.014031206476153,10.03088180090742,0.014031206476152256,0.030881800907420105
10.013691930787376,10.073501936405737,0.013691930787376237,0.07350193640573743
10.013352494405925,10.018116602639127,0.013352494405925211,0.018116602639126206
10.013012901315529,10.021193588951183,0.013012901315528068,0.021193588951183614
10.012673155501753,10.034943498232801,0.01267315550175304,0.034943498232801615
10.01233326095196,10.023082247923938,0.012333260951960252,0.02308224792393699
10.011993221655256,10.026998753068106,0.011993221655255971,0.026998753068106215
10.011653041602445,10.011245038284791,0.011653041602445246,0.011245038284790898
10.011312724785984,10.054832178594442,0.011312724785984565,0.05483217859444099
10.010972275199936,9.984696870142031,0.010972275199936037,-0.015303129857969052
10.01063169683992,9.984394334392777,0.010631696839919824,-0.015605665607223582
10.010290993703068,9.973268276258,0.010290993703067592,-0.026731723742000234
10.009950169787976,10.028809244111466,0.009950169787974899,0.028809244111465224
10.009609229094655,9.98561056179615,0.009609229094655322,-0.014389438203849397
10.009268175624493,10.018011656705026,0.00926817562449298,0.01801165670502539
10.008927013380195,10.018119288794109,0.00892701338019505,0.01811928879410927
10.008585746365746,10.015212945045244,0.008585746365745843,0.015212945045244087
10.00824437858636,10.01502513681324,0.008244378586359109,0.015025136813239385
10.007902914048431,9.978770607818275,0.007902914048431381,-0.021229392181725176
10.007561356759494,10.004780584741,0.0075613567594942505,0.00478058474100097
10.007219710728169,10.001576763517939,0.007219710728168394,0.0015767635179392472
10.006877979964116,10.024224189715582,0.006877979964115818,0.024224189715581664
10.006536168477993,10.004010258680944,0.006536168477993154,0.004010258680945095
10.006194280281404,10.003197772414419,0.006194280281403886,0.0031977724144192634
10.005852319386852,9.985041389706108,0.00585231938685232,-0.014958610293892487
10.005510289807695,10.002939774292884,0.005510289807695973,0.00293977429288339
10.005168195558097,9.984582481488832,0.005168195558097931,-0.015417518511167306
10.004826040652981,9.992312848682618,0.004826040652980805,-0.0076871513173824065
10.00448382910798,10.036052641685254,0.0044838291079788975,0.03605264168525317
10.004141564939392,10.015681671379825,0.0041415649393914365,0.015681671379825794
10.003799252164134,9.98340481267274,0.003799252164134721,-0.016595187327260563
10.003456894799696,9.976022435536432,0.003456894799696044,-0.02397756446356846
10.003114496864086,9.989717831715174,0.0031144968640858355,-0.01028216828482596
10.00277206237579,9.984609951405691,0.0027720623757908577,-0.015390048594309398
10.002429595353727,9.984168703041389,0.0024295953537263344,-0.015831296958611657
10.00208709981719,9.986866866664437,0.0020870998171898464,-0.013133133335562909
10.001744579785814,9.992901923851662,0.0017445797858136312,-0.0070980761483382514
10.001402039279517,9.997701620438477,0.0014020392795168716,-0.0022983795615238913
10.00105948231846,9.991794784559243,0.0010594823184595828,-0.008205215440757294
10.000716912922995,9.959158502456662,0.0007169129229947208,-0.04084149754333765
10.000374335113621,10.012962982410984,0.0003743351136213534,0.012962982410984123
10.000031752910937,10.040378926452181,3.175291093676325e-05,0.04037892645218133
9.999689170335591,9.990771165098618,-0.00031082966440967256,-0.009228834901382047
9.999346591408235,9.994541359036585,-0.0006534085917643808,-0.005458640963414549
9.999004020149483,10.015324837116541,-0.000995979850516425,0.01532483711654159
9.998661460579855,9.977421360375212,-0.0013385394201454023,-0.022578639624787337
9.998318916719732,10.00346000156908,-0.001681083280267564,0.0034600015690798586
9.997976392589317,10.00914886545771,-0.002023607410683533,0.009148865457710124
9.997633892208574,10.00470324830254,-0.0023661077914260194,0.004703248302539732
9.997291419597195,10.001587682942407,-0.0027085804028059326,0.0015876829424078943
9.99694897877454,9.966316574152714,-0.0030510212254602712,-0.03368342584728675
9.996606573759601,9.991348279961565,-0.003393426240398937,-0.00865172003843498
9.996264208570947,10.002677473806164,-0.0037357914290526146,0.0026774738061647687
9.99592188722668,10.002942405606445,-0.004078112773318871,0.0029424056064450074
9.99557961374439,10.017370908281649,-0.00442038625561002,0.01737090828164941
9.9952373921411,9.997698274761376,-0.004762607858899922,-0.0023017252386233764
9.994895226433227,9.960229418195949,-0.005104773566771835,-0.03977058180405047
9.994553120636535,9.990913572227182,-0.0054468793634644954,-0.009086427772817889
9.99421107876608,9.991530361021313,-0.00578892123391977,-0.00846963897868715
9.99386910483617,9.99679043260666,-0.006130895163830319,-0.0032095673933394703
9.993527202860314,10.029327473034355,-0.00647279713968564,0.0293274730343544
9.99318537685118,9.970066010787638,-0.006814623148819883,-0.02993398921236149
9.992843630820541,9.996684025213247,-0.007156369179458591,-0.0033159747867538476
9.992501968779234,9.993765276743355,-0.007498031220766488,-0.006234723256645114
9.992160394737107,9.990128589805577,-0.007839605262893491,-0.00987141019442249
9.991818912702978,10.002113346467668,-0.008181087297022481,0.002113346467668628
9.991477526684584,9.9745605458498,-0.008522473315415996,-0.02543945415020072
9.991136240688537,10.021277269954188,-0.008863759311463975,0.021277269954187692
9.99079505872027,9.950411180077166,-0.009204941279729715,-0.04958881992283375
9.990453984784002,9.978065481179348,-0.00954601521599742,-0.021934518820653
9.99011302288268,10.002297777250076,-0.009886977117319718,0.0022977772500767015
9.989772177017937,9.983093003739613,-0.010227822982063586,-0.01690699626038737
9.989431451190041,9.961057212329385,-0.010568548809958013,-0.038942787670615764
9.98909084939786,9.983227513839555,-0.010909150602140604,-0.01677248616044565
9.988750375638794,9.992284591608879,-0.011249624361205217,-0.007715408391121314
9.988410033908751,9.989076397926356,-0.01158996609124781,-0.010923602073645036
9.988069828202086,9.98839752849889,-0.011930171797914056,-0.011602471501109546
9.987729762511554,10.007419131037548,-0.01227023748844586,0.007419131037547311
9.987389840828271,10.010366894944111,-0.01261015917172893,0.010366894944110359
9.987050067141661,9.974841392622269,-0.012949932858338559,-0.025158607377732307
9.986710445439414,9.962007725060422,-0.01328955456058697,-0.03799227493957841
9.986370979707429,10.005344163002652,-0.013629020292570652,0.005344163002651845
9.986031673929784,9.933675501248251,-0.01396832607021608,-0.06632449875174826
9.985692532088672,9.954721794570442,-0.01430746791132718,-0.04527820542955726
9.985353558164368,10.020343797385314,-0.014646441835631706,0.020343797385314652
9.985014756135172,9.984723694535832,-0.01498524386482867,-0.015276305464168301
9.984676129977366,10.005932252256088,-0.01532387002263396,0.005932252256086758
9.984337683665172,9.982865358676687,-0.015662316334827727,-0.017134641323313618
9.983999421170699,10.027438243318512,-0.016000578829300675,0.02743824331851222
9.983661346463899,10.004361475001234,-0.016338653536101363,0.00436147500123386
9.983323463512518,9.975634009578917,-0.01667653648748176,-0.02436599042108259
9.982985776282055,9.952430976716283,-0.01701422371794434,-0.04756902328371666
9.98264828873571,9.982902025177907,-0.01735171126428914,-0.017097974822092948
9.98231100483434,9.975316823546246,-0.017688995165659232,-0.024683176453755007
9.981973928536412,9.984299865240073,-0.018026071463587888,-0.015700134759925977
9.981637063797955,9.965115420223325,-0.018362936202044714,-0.03488457977667524
9.981300414572518,9.959878480738448,-0.018699585427482766,-0.04012151926155251
9.980963984811115,10.009480543048593,-0.019036015188883898,0.009480543048593217
9.980627778462194,10.008866685028256,-0.019372221537805837,0.008866685028255702
9.980291799471571,9.976891854120328,-0.019708200528428175,-0.023108145879670867
9.9799560517824,10.008502146897259,-0.02004394821759937,0.008502146897258447
9.979620539335118,10.000153996883096,-0.020379460664881985,0.00015399688309652992
9.9792852660674,9.94153478584266,-0.02071473393259945,-0.05846521415734003
9.978950235914118,9.972054114285344,-0.021049764085882806,-0.02794588571465617
9.978615452807285,9.980934862445745,-0.021384547192715833,-0.01906513755425593
9.978280920676019,10.025351272037133,-0.021719079323981896,0.02535127203713353
9.97794664344649,9.997468254087245,-0.022053356553509717,-0.0025317459127545267
9.97761262504188,9.971797012808045,-0.02238737495812014,-0.02820298719195528
9.977278869382328,9.984762958176509,-0.022721130617671143,-0.01523704182349139
9.976945380384896,9.978378015870614,-0.023054619615104348,-0.021621984129386443
9.976612161963509,10.009554941321952,-0.02338783803649154,0.009554941321952413
9.976279218028921,9.992770671406973,-0.02372078197107953,-0.007229328593027603
9.975946552488663,9.961631673316392,-0.024053447511336777,-0.038368326683607734
9.975614169247,9.995142975723775,-0.024385830752998883,-0.0048570242762255925
9.975282072204886,9.99230080044248,-0.024717927795115113,-0.007699199557519645
9.974950265259906,9.993919393450046,-0.02504973474009313,-0.006080606549954775
9.974618752306254,9.931559993559123,-0.025381247693745453,-0.06844000644087779
9.974287537234666,9.962358639583602,-0.025712462765334784,-0.03764136041639779
9.973956623932379,9.979821628676508,-0.02604337606762039,-0.020178371323493
9.973626016283097,9.995234568587563,-0.02637398371690268,-0.004765431412437064
9.97329571816693,10.015001320433878,-0.026704281833069277,0.015001320433878133
9.97296573346036,9.980475726219014,-0.027034266539641125,-0.019524273780985573
9.972636066036182,9.989816329915888,-0.027363933963816894,-0.010183670084112847
9.97230671976348,9.960985224416145,-0.02769328023651918,-0.039014775583853946
9.97197769850756,9.966357414797502,-0.028022301492439512,-0.033642585202498125
9.971649006129915,9.976852440611106,-0.02835099387008444,-0.023147559388893874
9.97132064648818,9.95535173592076,-0.028679353511819824,-0.04464826407924029
9.970992623436084,9.986326383990136,-0.029007376563916772,-0.013673616009864581
9.970664940823404,9.98390121558868,-0.02933505917659654,-0.01609878441132008
9.970337602495924,9.973470513361693,-0.029662397504076413,-0.02652948663830585
9.970010612295386,9.979851570330121,-0.029989387704613776,-0.02014842966987953
9.969683974059448,9.98677150729263,-0.030316025940551758,-0.013228492707369938
9.969357691621635,9.98557745299262,-0.030642308378364753,-0.014422547007379452
9.969031768811298,9.950842731908983,-0.030968231188702407,-0.04915726809101746
9.968706209453565,9.993599055069648,-0.031293790546435225,-0.006400944930351395
9.968381017369301,9.94763852244986,-0.03161898263069914,-0.052361477550138834
9.96805619637506,9.976298534320481,-0.03194380362494103,-0.023701465679518363
9.967731750283038,9.978461924773182,-0.032268249716962474,-0.02153807522681756
9.967407682901035,9.921016213351615,-0.0325923170989652,-0.07898378664838519
9.967083998032404,9.95830133016507,-0.03291600196759543,-0.0416986698349308
9.96676069947601,9.9624054921544,-0.033239300523989164,-0.03759450784560144
9.966437791026184,9.940084762929871,-0.033562208973815795,-0.05991523707012894
9.966115276472676,9.985099053879408,-0.03388472352732312,-0.014900946120592912
9.965793159600617,9.948493526989793,-0.03420684039938232,-0.051506473010206666
9.965471444190468,9.975936544431033,-0.034528555809531396,-0.024063455568967003
9.96515013401798,9.98856301511134,-0.03484986598202019,-0.011436984888659657
9.964829232854145,9.933588997695836,-0.035170767145854355,-0.06641100230416429
9.96450874446516,10.015146410813788,-0.035491255534840324,0.015146410813787717
9.964188672612371,9.981664149732905,-0.035811327387628454,-0.018335850267094146
9.963869021052242,10.005078531160779,-0.03613097894775788,0.005078531160778214
9.9635497935363,9.968394577172592,-0.03645020646370026,-0.03160542282740711
9.963230993811095,9.941879086609788,-0.03676900618890444,-0.058120913390212574
9.962912625618161,9.943174654270114,-0.037087374381839476,-0.05682534572988614
9.96259469269396,9.968168184134301,-0.037405307306038985,-0.03183181586569857
9.962277198769854,9.938906833402463,-0.03772280123014556,-0.06109316659753686
9.961960147572047,9.96443433668397,-0.038039852427953526,-0.035565663316030185
9.961643542821546,9.968295468560216,-0.038356457178453346,-0.031704531439784765
9.961327388234125,9.975515655702331,-0.03867261176587494,-0.02448434429766918
9.961011687520267,9.978025673749784,-0.038988312479732,-0.021974326250215587
9.960696444385135,9.889887065867827,-0.03930355561486452,-0.11011293413217255
9.960381662528517,9.967829134376576,-0.03961833747148292,-0.032170865623424
9.96006734564479,9.916125929436754,-0.03993265435521118,-0.08387407056324503
9.959753497422868,9.973627870168862,-0.04024650257713083,-0.026372129831137812
9.959440121546177,9.953344913188499,-0.04055987845382328,-0.04665508681150167
9.959127221692587,9.997526589702368,-0.04087277830741351,-0.002473410297632879
9.958814801534386,9.97520937400888,-0.04118519846561373,-0.024790625991119877
9.958502864738234,9.922951988545146,-0.041497135261765544,-0.07704801145485403
9.958191414965116,9.97305219223147,-0.04180858503488359,-0.026947807768528786
9.957880455870303,9.953981293831244,-0.04211954412969819,-0.04601870616875513
9.9575699911033,9.97327235275014,-0.04243000889669891,-0.026727647249859383
9.957260024307823,9.96298440523039,-0.0427399756921764,-0.037015594769609576
9.956950559121735,9.996184259412075,-0.04304944087826583,-0.0038157405879239922
9.956641599177011,9.947082781629032,-0.04335840082298925,-0.05291721837096838
9.9563331480997,9.957604465741403,-0.04366685190029884,-0.04239553425859676
9.956025209509882,9.976861653609093,-0.04397479049011856,-0.023138346390907137
9.955717787021612,9.938926160217102,-0.04428221297838703,-0.061073839782897585
9.9554108842429,9.962820563118248,-0.04458911575710052,-0.037179436881751356
9.955104504775646,9.94703440185036,-0.04489549522435426,-0.05296559814964005
9.954798652215615,9.971679910954581,-0.04520134778438539,-0.028320089045419473
9.954493330152385,9.963700462893964,-0.045506669847614846,-0.03629953710603505
9.95418854216931,9.955132663673739,-0.04581145783069011,-0.044867336326261345
9.953884291843474,9.966390745300513,-0.0461157081565263,-0.03360925469948738
9.953580582745651,9.962752722922492,-0.04641941725434881,-0.03724727707750824
9.953277418440265,9.958018037858665,-0.04672258155973491,-0.04198196214133569
9.952974802485343,9.921725105760538,-0.04702519751465616,-0.07827489423946174
9.952672738432481,9.92587579671118,-0.04732726156751929,-0.07412420328882065
9.952371229826792,9.968783091890877,-0.04762877017320831,-0.031216908109122008
9.952070280206874,9.960201163575265,-0.047929719793126574,-0.03979883642473461
9.951769893104762,9.934240914203112,-0.048230106895237435,-0.06575908579688698
9.951470072045893,9.958694408201868,-0.04852992795410624,-0.041305591798132306
9.95117082054906,9.94947480564063,-0.048829179450941465,-0.050525194359369204
9.950872142126363,9.968097906445095,-0.049127857873636605,-0.03190209355490528
9.95057404028319,9.949914710706727,-0.04942595971681046,-0.050085289293272994
9.950276518518152,9.95990990714947,-0.04972348148184887,-0.040090092850530404
9.949979580323054,9.97813916732342,-0.05002041967694554,-0.021860832676579827
9.949683229182856,9.966052681809746,-0.050316770817143565,-0.0339473181902535
9.949387468575624,10.006011376803912,-0.05061253142437544,0.006011376803910978
9.949092301972495,9.999913644807076,-0.05090769802750433,-8.635519292277821e-05
9.948797732837635,9.912872056052246,-0.05120226716236529,-0.08712794394775472
9.948503764628194,9.952542901983938,-0.051496235371804956,-0.04745709801606322
9.948210400794277,9.934826684460697,-0.051789599205722785,-0.06517331553930289
9.947917644778888,9.969378127565738,-0.05208235522111121,-0.030621872434262207
9.947625500017903,9.952010645994932,-0.05237449998209667,-0.047989354005068666
9.94733396994002,9.928201943640294,-0.052666030059979,-0.0717980563597061
9.947043057966727,9.932576146922013,-0.05295694203327216,-0.06742385307798646
9.946752767512255,9.955634848696015,-0.05324723248774482,-0.0443651513039861
9.946463101983541,9.89762675037591,-0.053536898016459535,-0.10237324962408997
9.946174064780188,9.94956544266154,-0.053825935219813326,-0.05043455733846021
9.945885659294422,9.948708716163827,-0.05411434070557728,-0.051291283836173596
9.945597888911063,9.96723141591362,-0.05440211108893698,-0.032768584086380885
