Actual_Level,Predicted_Level,Actual_DeltaH,Predicted_DeltaH
10.0,10.017970243804914,0.0,0.01797024380491419
10.000342582406287,10.034397209743222,0.00034258240628585497,0.03439720974322164
10.000685160791921,9.99489790490031,0.000685160791920121,-0.00510209509969026
10.001027731136299,10.001149923788079,0.0010277311362983969,0.0011499237880784826
10.00137028941891,9.994857177219657,0.0013702894189106557,-0.005142822780342631
10.001712831619388,10.029553110220913,0.0017128316193884313,0.029553110220913493
10.002055353717552,9.971803098622289,0.002055353717552003,-0.0281969013777119
10.002397851693457,9.985826704204646,0.0023978516934575755,-0.014173295795354268
10.002740321527444,10.027888135789514,0.0027403215274444614,0.027888135789513196
10.003082759200183,10.016264491367993,0.003082759200182254,0.016264491367992313
10.003425160692718,9.984247765267936,0.003425160692718001,-0.01575223473206387
10.003767521986523,9.97486382502949,0.0037675219865233745,-0.025136174970510995
10.004109839063542,9.997076247877047,0.004109839063541827,-0.0029237521229540445
10.004452107906236,10.02605234901982,0.004452107906235755,0.026052349019819364
10.004794324497635,9.995185046226801,0.004794324497633649,-0.004814953773199576
10.005136484821378,10.005615844440445,0.005136484821377232,0.005615844440444807
10.005478584861768,9.979847953226708,0.005478584861768609,-0.020152046773292527
10.005820620603817,9.982040073312882,0.00582062060381738,-0.01795992668711789
10.006162588033288,10.022215249697961,0.006162588033287777,0.02221524969796057
10.006504483136746,10.02602144513922,0.006504483136745765,0.026021445139219758
10.006846301901605,10.019398607994905,0.006846301901606152,0.01939860799490567
10.00718804031618,10.013630131408501,0.007188040316179677,0.013630131408500399
10.00752969436972,10.012606055824794,0.007529694369720096,0.012606055824793252
10.007871260052472,9.973059740893321,0.00787126005247125,-0.026940259106679132
10.008212733355714,9.954858399319154,0.008212733355714126,-0.04514160068084735
10.008554110271813,10.010959665765883,0.00855411027181391,0.010959665765883555
10.008895386794267,10.025420432827616,0.008895386794267011,0.025420432827616777
10.009236558917747,9.982549089534446,0.009236558917748093,-0.01745091046555293
10.009577622638156,10.030726171377944,0.009577622638157077,0.030726171377943756
10.009918573952666,10.004672081992348,0.00991857395266613,0.004672081992348887
10.010259408859767,10.027460213561879,0.010259408859766657,0.02746021356187877
10.010600123359316,10.007318528690512,0.01060012335931625,0.007318528690511321
10.010940713452586,10.021552441264463,0.010940713452585647,0.02155244126446381
10.011281175142306,10.00434108111535,0.011281175142305647,0.0043410811153500265
10.011621504432714,9.96690332834769,0.011621504432714043,-0.033096671652309
10.011961697329603,10.037754710150551,0.011961697329602498,0.037754710150551686
10.012301749840363,9.995419490635799,0.012301749840363434,-0.00458050936420055
10.012641657974036,10.019618375738942,0.012641657974036888,0.01961837573894136
10.012981417741358,10.017205053672692,0.012981417741357349,0.017205053672691584
10.0133210251548,10.017770043927923,0.013321025154800584,0.017770043927923335
10.01366047622863,10.028065197040048,0.01366047622863042,0.02806519704004848
10.013999766978946,10.020414064206003,0.013999766978945546,0.020414064206003432
10.014338893423727,10.019795812073328,0.014338893423726249,0.01979581207332759
10.014677851582881,10.031421380315358,0.014677851582881164,0.031421380315358384
10.015016637478293,10.008681544227269,0.01501663747829396,0.00868154422726814
10.01535524713387,9.995618709308475,0.015355247133870068,-0.004381290691524068
10.015693676575584,9.99653407191278,0.015693676575583307,-0.003465928087220186
10.016031921831523,9.997303543724406,0.01603192183152255,-0.002696456275594023
10.01636997893194,10.007867766134563,0.016369978931938325,0.007867766134562812
10.01670784390929,10.042275111357421,0.016707843909289418,0.04227511135742149
10.017045512798289,10.044073070473814,0.017045512798289416,0.044073070473813564
10.017382981635953,10.07023030282688,0.01738298163595327,0.07023030282688085
10.017720246461645,10.022153715323356,0.017720246461643795,0.022153715323354962
10.018057303317118,10.044274288586296,0.018057303317118148,0.044274288586295105
10.018394148246575,10.021089891935123,0.018394148246574288,0.02108989193512314
10.018730777296698,10.022723898579704,0.01873077729669741,0.02272389857970363
10.019067186516706,10.020979276807337,0.019067186516706316,0.020979276807335995
10.0194033719584,10.024981048409732,0.019403371958399827,0.024981048409731907
10.019739329676202,10.045955679934133,0.019739329676203073,0.04595567993413395
10.020075055727213,10.006426302640184,0.020075055727213836,0.006426302640183875
10.020410546171249,10.029510587878368,0.02041054617124879,0.02951058787836794
10.020745797070889,9.997520611157627,0.020745797070889794,-0.0024793888423721884
10.02108080449153,10.023823146310379,0.021080804491530047,0.023823146310379625
10.021415564501421,10.001488946970436,0.021415564501420306,0.001488946970436833
10.021750073171715,10.05105361187952,0.02175007317171501,0.05105361187952097
10.022084326576518,10.038459540968097,0.02208432657651839,0.0384595409680973
10.02241832079293,10.047502074387943,0.022418320792930574,0.047502074387942045
10.022752051901094,10.049743784861732,0.022752051901093577,0.04974378486173249
10.023085515984237,10.038155436382233,0.02308551598423735,0.03815543638223339
10.023418709128725,9.992857408708376,0.023418709128725717,-0.007142591291624187
10.023751627424103,10.01314147749796,0.023751627424102337,0.013141477497959993
10.024084266963136,10.025725343125655,0.02408426696313657,0.025725343125656108
10.02441662384187,9.99654493531068,0.02441662384186935,-0.003455064689318995
10.024748694159658,10.034696603041318,0.024748694159659003,0.03469660304131886
10.025080474019227,10.0364003475498,0.025080474019227,0.036400347549798456
10.025411959526703,10.033883734716468,0.025411959526703755,0.0338837347164682
10.025743146791674,10.002718007571628,0.02574314679167425,0.0027180075716278645
10.026074031927223,9.999761192895889,0.026074031927223768,-0.00023880710411131045
10.026404611049983,10.050611004038219,0.026404611049983436,0.05061100403821799
10.026734880280175,10.040488254602224,0.02673488028017587,0.04048825460222311
10.02706483574166,10.007064130576083,0.027064835741660676,0.007064130576082201
10.02739447356198,10.039299638145872,0.027394473561979937,0.03929963814587241
10.027723789872404,10.036972529478492,0.027723789872403665,0.0369725294784916
10.028052780807975,10.04139317449261,0.028052780807975228,0.04139317449260906
10.028381442507557,10.024626842647876,0.02838144250755667,0.02462684264787686
10.028709771113874,10.031517432552787,0.028709771113874072,0.03151743255278785
10.029037762773562,10.01414554990966,0.02903776277356279,0.014145549909660831
10.029365413637212,10.031105657947842,0.029365413637212668,0.031105657947841835
10.029692719859414,10.034819122928361,0.029692719859413276,0.03481912292836095
10.0300196775988,10.032830358915175,0.030019677598798967,0.032830358915174704
10.030346283018094,10.029402123652064,0.030346283018094018,0.029402123652063756
10.030672532284157,10.021882247313439,0.030672532284157616,0.021882247313438685
10.030998421568029,10.044683702127108,0.0309984215680289,0.04468370212710839
10.031323947044973,10.031329432410287,0.03132394704497186,0.031329432410286046
10.03164910489452,10.047012322041208,0.03164910489452021,0.04701232204120834
10.031973891300522,10.034915378756669,0.03197389130052229,0.034915378756668204
10.032298302451185,10.049460308581196,0.03229830245118579,0.04946030858119592
10.032622334539122,10.026309212384604,0.03262233453912252,0.02630921238460409
10.032945983761394,10.05925913605686,0.0329459837613931,0.05925913605686095
10.033269246319552,10.037427452123517,0.03326924631955153,0.03742745212351671
10.03359211841969,10.019215205318336,0.03359211841968988,0.01921520531833624
10.033914596272483,9.99667044064211,0.03391459627248271,-0.0033295593578897137
10.034236676093231,10.028963588486507,0.034236676093231604,0.028963588486506753
10.03455835410191,10.037353556105211,0.034558354101909564,0.03735355610521123
10.034879626523205,10.021342973953455,0.034879626523205386,0.021342973953455052
10.035200489586568,10.056773822798363,0.035200489586567976,0.0567738227983625
10.03552093952625,10.047679348057168,0.03552093952625057,0.0476793480571672
10.035840972581354,10.021306054125747,0.035840972581354956,0.02130605412574619
10.036160584995876,10.021998434693833,0.0361605849958756,0.021998434693832426
10.036479773018744,10.034983316541862,0.03647977301874376,0.03498331654186111
10.036798532903871,10.040769164754,0.03679853290387144,0.04076916475399913
10.037116860910196,10.03573464985601,0.03711686091019544,0.03573464985600999
10.03743475330172,10.023679184625095,0.037434753301721205,0.023679184625095464
10.037752206347566,10.028607872527388,0.03775220634756668,0.0286078725273888
10.038069216322006,10.014708653702613,0.03806921632200612,0.014708653702612623
10.038385779504514,9.992217530811889,0.038385779504513794,-0.007782469188111249
10.038701892179807,10.035426767421812,0.038701892179807657,0.03542676742181214
10.039017550637894,10.055638070673895,0.039017550637892945,0.05563807067389559
10.039332751174106,10.06816232310842,0.03933275117410576,0.06816232310841958
10.039647490089157,10.044891121322108,0.03964749008915646,0.04489112132210775
10.039961763689174,10.072855398489118,0.03996176368917318,0.07285539848911726
10.040275568285745,10.05199165879956,0.040275568285745106,0.05199165879956054
10.040588900195965,10.036904923572783,0.04058890019596581,0.036904923572783375
10.040901755742476,10.044745617048607,0.04090175574247643,0.04474561704860723
10.04121413125351,10.009505015968275,0.04121413125350888,0.009505015968274827
10.041526023062929,10.028966127760944,0.0415260230629289,0.028966127760942866
10.041837427510279,10.022913761760297,0.04183742751027911,0.022913761760296733
10.042148340940821,10.037828729358775,0.04214834094082195,0.03782872935877572
10.042458759705582,10.056317807640546,0.04245875970558258,0.05631780764054665
10.042768680161391,10.052073037728357,0.04276868016139172,0.05207303772835778
10.043078098670929,10.057726163949297,0.043078098670928405,0.05772616394929653
10.043387011602762,10.040423640145173,0.04338701160276265,0.04042364014517263
10.043695415331397,10.022907619111091,0.04369541533139806,0.0229076191110919
10.044003306237315,10.018904692091727,0.04400330623731446,0.018904692091726263
10.04431068070701,10.034705716253926,0.044310680707010275,0.03470571625392532
10.044617535133044,10.05282915868075,0.044617535133045,0.05282915868074942
10.04492386591408,10.093255345704055,0.044923865914081505,0.09325534570405444
10.045229669454928,10.032157729377081,0.045229669454928345,0.03215772937708043
10.045534942166581,10.051134093999673,0.04553494216658191,0.05113409399967319
10.045839680466269,10.0282137244615,0.04583968046626856,0.028213724461499005
10.046143880777487,10.053953518163466,0.04614388077748668,0.05395351816346619
10.046447539530048,10.072381769629125,0.046447539530048654,0.07238176962912488
10.046750653160123,10.051968134930751,0.04675065316012276,0.05196813493075078
10.047053218110275,10.024513763446318,0.04705321811027502,0.02451376344631793
10.047355230829512,10.04350497077481,0.04735523082951089,0.04350497077481038
10.047656687773317,10.02566831353277,0.04765668777331701,0.02566831353277076
10.047957585403703,10.047096112846994,0.04795758540370276,0.0470961128469937
10.048257920189242,10.020779368241508,0.0482579201892418,0.020779368241506755
10.048557688605113,10.087629121684639,0.04855768860511349,0.08762912168463984
10.048856887133145,10.03179582735078,0.04885688713314429,0.03179582735078097
10.04915551226185,10.063210822107527,0.049155512261849034,0.0632108221075261
10.049453560486473,10.08849993209227,0.049453560486472155,0.08849993209227125
10.049751028309029,10.035973132283063,0.0497510283090288,0.0359731322830633
10.050047912238346,10.08679077492931,0.050047912238345885,0.08679077492931059
10.050344208790102,10.063037001530454,0.050344208790103095,0.06303700153045316
10.050639914486874,10.056299381621049,0.050639914486873716,0.05629938162104936
10.050935025858166,10.060640496670036,0.05093502585816556,0.06064049667003539
10.051229539440461,10.085034703211289,0.05122953944046155,0.08503470321128812
10.05152345177726,10.053038799746208,0.051523451777260476,0.053038799746208704
10.051816759419118,10.02532683180177,0.051816759419117536,0.025326831801770273
10.052109458923685,10.06188030101382,0.05210945892368479,0.0618803010138201
10.052401546855751,10.049221882341435,0.052401546855751616,0.04922188234143509
10.052693019787284,10.065440898827067,0.05269301978728496,0.06544089882706644
10.05298387429747,10.045507441517884,0.05298387429746959,0.04550744151788497
10.053274106972749,10.055334697471531,0.05327410697274833,0.055334697471531635
10.053563714406861,10.052713657415179,0.053563714406861966,0.05271365741517902
10.05385269320089,10.050227275932842,0.05385269320088934,0.0502272759328419
10.054141039963287,10.088632637338993,0.05414103996328721,0.08863263733899227
10.05442875130993,10.045683149402779,0.054428751309930024,0.04568314940277803
10.05471582386415,10.044996947968443,0.05471582386414972,0.04499694796844251
10.055002254256776,10.041392540525818,0.05500225425677522,0.04139254052581715
10.055288039126172,10.055343791916842,0.05528803912617211,0.055343791916842314
10.055573175118282,10.066286976315423,0.055573175118282005,0.06628697631542228
10.055857658886662,10.062834982480041,0.05585765888666196,0.06283498248004034
10.056141487092523,10.047229121495105,0.05614148709252373,0.047229121495106025
10.056424656404772,10.085017535430355,0.0564246564047729,0.08501753543035534
10.056707163500048,10.048749856176006,0.0567071635000481,0.04874985617600634
10.05698900506276,10.078922364159599,0.05698900506275992,0.07892236415959877
10.05727017778513,10.085648049862336,0.05727017778512981,0.08564804986233503
10.057550678367228,10.09278681596382,0.05755067836722896,0.09278681596382002
10.057830503517017,10.026382035309533,0.05783050351701701,0.026382035309532106
10.058109649950381,10.053034597097689,0.05810964995038066,0.053034597097688936
10.058388114391173,10.063589149749907,0.05838811439117228,0.06358914974990679
10.058665893571249,10.040928685912586,0.05866589357124823,0.04092868591258678
10.058942984230507,10.015410767649836,0.05894298423050736,0.015410767649835705
10.059219383116929,10.0440362588864,0.0592193831169292,0.0440362588864001
10.059495086986612,10.05697219900348,0.05949508698661215,0.05697219900348018
10.059770092603811,10.086294500677031,0.05977009260381149,0.08629450067703098
10.060044396740977,10.05522720598392,0.060044396740977446,0.05522720598392092
10.060317996178792,10.063841013107883,0.06031799617879302,0.06384101310788325
10.060590887706212,10.047989997940219,0.060590887706211786,0.04798999794021892
10.060863068120495,10.04536313383484,0.06086306812049555,0.045363133834839454
10.061134534227252,10.063876655333216,0.06113453422725196,0.06387665533321599
10.061405282840472,10.056236184845547,0.061405282840472024,0.05623618484554619
10.061675310782567,10.0518240276416,0.06167531078256744,0.0518240276416011
10.061944614884409,10.073397080225073,0.061944614884407945,0.0733970802250736
10.062213191985359,10.06963258421228,0.062213191985358476,0.06963258421228033
10.062481038933317,10.055404452238532,0.062481038933316274,0.055404452238531895
10.062748152584748,10.052430693280588,0.06274815258474788,0.05243069328058833
10.063014529804725,10.030626868854748,0.06301452980472602,0.03062686885474747
10.063280167466967,10.041338859475797,0.0632801674669664,0.04133885947579709
10.063545062453864,10.092541432663358,0.06354506245386445,0.09254143266335807
10.063809211656531,10.059039508420055,0.06380921165653178,0.05903950842005391
10.064072611974833,10.04517588577054,0.06407261197483283,0.04517588577053942
10.06433526031742,10.06606615924815,0.06433526031742112,0.06606615924814975
10.064597153601776,10.053475942418364,0.06459715360177562,0.053475942418364786
10.064858288754237,10.053904667601294,0.06485828875423688,0.05390466760129515
10.065118662710043,10.051875041420269,0.06511866271004312,0.051875041420268594
10.065378272413366,10.062980727936116,0.06537827241336619,0.06298072793611668
10.065637114817347,10.08256353724874,0.06563711481734745,0.08256353724873962
10.065895186884134,10.066164471374744,0.06589518688413351,0.06616447137474415
10.066152485584912,10.085762017233606,0.0661524855849119,0.08576201723360524
10.066409007899946,10.051022565507088,0.0664090078999466,0.05102256550708728
10.066664750818614,10.08848497299471,0.06666475081861349,0.08848497299470913
10.066919711339436,10.08069288378497,0.06691971133943572,0.08069288378497026
10.067173886470119,10.056204150332634,0.06717388647011883,0.05620415033263383
10.067427273227587,10.079269138891588,0.067427273227586,0.07926913889158849
10.067679868638013,10.096182447159077,0.06767986863801298,0.09618244715907599
10.067931669736863,10.070228351206396,0.06793166973686297,0.07022835120639488
10.068182673568922,10.091979138728313,0.06818267356892155,0.09197913872831232
10.06843287718833,10.06399746239347,0.06843287718833115,0.06399746239346907
10.068682277658626,10.09770902570182,0.0686822776586258,0.0977090257018199
10.068930872052766,10.01151938226972,0.06893087205276556,0.011519382269720178
10.06917865745317,10.064243504680897,0.0691786574531708,0.0642435046808969
10.069425630951756,10.070819647200384,0.06942563095175645,0.07081964720038383
10.069671789649966,10.065589981614405,0.0696717896499663,0.06558998161440503
10.069917130658807,10.076400775004476,0.06991713065880674,0.07640077500447633
10.07016165109888,10.076013431547514,0.07016165109888091,0.07601343154751312
10.070405348100422,10.058122800738717,0.07040534810042236,0.058122800738717895
10.07064821880333,10.084204139537967,0.07064821880332872,0.08420413953796749
10.070890260357196,10.08280152825611,0.07089026035719542,0.0828015282561107
10.07113146992135,10.081545483539172,0.07113146992134893,0.08154548353917117
10.07137184466488,10.054926418773485,0.07137184466488027,0.054926418773485974
10.071611381766678,10.078847007451454,0.07161138176667815,0.07884700745145375
10.071850078415462,10.084510883661961,0.0718500784154621,0.08451088366196068
10.072087931809815,10.062892888118194,0.07208793180981543,0.0628928881181945
10.072324939158218,10.0917434182184,0.07232493915821822,0.09174341821839975
10.07256109767908,10.087410567132476,0.07256109767907991,0.08741056713247583
10.072796404600773,10.047897564064122,0.07279640460077212,0.04789756406412239
10.073030857161662,10.075515390887258,0.07303085716166102,0.07551539088725755
10.07326445261014,10.086753902064311,0.0732644526101399,0.08675390206431031
10.073497188204662,10.04186730556153,0.07349718820466133,0.041867305561529136
10.07372906121377,10.044994636481155,0.0737290612137694,0.04499463648115476
10.073960068916131,10.049685556723626,0.07396006891613177,0.04968555672362604
10.074190208600571,10.085573859162698,0.0741902086005716,0.08557385916269765
10.0744194775661,10.086012661023585,0.07441947756609935,0.08601266102358401
10.074647873121945,10.092281629987802,0.07464787312194456,0.09228162998780173
10.074875392587588,10.078575421044947,0.07487539258758732,0.07857542104494672
10.07510203329279,10.084786602971352,0.0751020332927898,0.08478660297135285
10.075327792577628,10.088452146688272,0.07532779257762759,0.08845214668827309
10.07555266779252,10.070326306148498,0.07555266779252084,0.0703263061484979
10.075776656298265,10.054123986099313,0.07577665629826551,0.05412398609931385
10.075999755466064,10.050263372373754,0.07599975546606415,0.05026337237375385
10.076221962677558,10.08802297741728,0.07622196267755689,0.08802297741727978
10.076443275324852,10.045550711318247,0.07644327532485216,0.045550711318247866
10.076663690810557,10.076414689858447,0.07666369081055724,0.07641468985844681
10.076883206547809,10.105603271656728,0.07688320654780875,0.10560327165672732
10.077101819960303,10.08734283619436,0.07710181996030309,0.08734283619435956
10.077319528482327,10.088374842196119,0.07731952848232657,0.08837484219611892
10.077536329558786,10.04449100301277,0.07753632955878559,0.044491003012769634
10.077752220645237,10.060487374566618,0.07775222064523657,0.06048737456661771
10.077967199207915,10.054258484312738,0.07796719920791595,0.054258484312738074
10.07818126272377,10.067572277805084,0.07818126272376973,0.0675722778050849
10.078394408680483,10.083384458026586,0.0783944086804832,0.08338445802658637
10.078606634576511,10.07945700948247,0.0786066345765104,0.07945700948246945
10.078817937921103,10.123048222224739,0.07881793792110356,0.12304822222473871
10.079028316234343,10.065307071132997,0.07902831623434213,0.0653070711329972
10.079237767047163,10.062523436727995,0.0792377670471621,0.06252343672799479
10.079446287901385,10.110797443515489,0.07944628790138483,0.11079744351548959
10.079653876349745,10.066930950811098,0.07965387634974604,0.06693095081109779
10.079860529955925,10.048434512151134,0.07986052995592435,0.048434512151134715
10.080066246294571,10.095298869318103,0.08006624629457006,0.09529886931810333
10.080271022951333,10.07156369055897,0.08027102295133345,0.07156369055896909
10.080474857522892,10.098464862638746,0.08047485752289325,0.09846486263874622
10.080677747616985,10.049466636092662,0.08067774761698476,0.04946663609266119
10.080879690852427,10.064963663972629,0.08087969085242798,0.0649636639726289
10.081080684859156,10.115499588062196,0.0810806848591555,0.11549958806219615
10.08128072727824,10.075843060355668,0.08128072727824039,0.07584306035566858
10.081479815761924,10.056841909937596,0.08147981576192379,0.05684190993759662
10.081677947973642,10.061678420127732,0.08167794797364254,0.06167842012773232
10.081875121588057,10.093378436550635,0.08187512158805663,0.09337843655063527
10.082071334291076,10.07525831558944,0.08207133429107635,0.07525831558944032
10.082266583779889,10.084913724815795,0.0822665837798896,0.08491372481579491
10.08246086776299,10.082567558161113,0.08246086776298883,0.08256755816111232
10.082654183960198,10.09180369349917,0.08265418396019797,0.09180369349917057
10.0828465301027,10.082933800536447,0.0828465301026992,0.0829338005364469
10.083037903933059,10.11487378201932,0.0830379039330595,0.11487378201931926
10.083228303205257,10.098850226374145,0.08322830320525727,0.09885022637414473
10.083417725684708,10.07420097736718,0.08341772568470858,0.07420097736717973
10.083606169148293,10.086264739280239,0.08360616914829344,0.08626473928023848
10.083793631384381,10.127090786678313,0.08379363138438191,0.1270907866783132
10.08398011019286,10.097520660538658,0.08398011019286002,0.09752066053865775
10.084165603385156,10.05548620564635,0.0841656033851556,0.05548620564635074
10.084350108784264,10.079773390030086,0.08435010878426397,0.07977339003008509
10.084533624224774,10.092561383935038,0.08453362422477351,0.09256138393503899
10.084716147552891,10.101458472060513,0.08471614755289107,0.1014584720605126
10.084897676626467,10.077347075607909,0.08489767662646719,0.07734707560790884
10.085078209315022,10.079165743955475,0.08507820931502132,0.07916574395547482
10.085257743499767,10.116360648347593,0.08525774349976675,0.11636064834759247
10.085436277073635,10.074040909228362,0.08543627707363555,0.07404090922836265
10.085613807941304,10.104089378954452,0.08561380794130327,0.10408937895445244
10.085790334019213,10.089465905097198,0.0857903340192135,0.08946590509719844
10.085965853235603,10.08581232090895,0.08596585323560235,0.08581232090894945
10.086140363530523,10.093059514113072,0.08614036353052279,0.09305951411307206
10.086313862855869,10.06372762890782,0.08631386285586877,0.06372762890782017
10.086486349175399,10.085545831150664,0.0864863491753993,0.08554583115066461
10.086657820464762,10.090192284969056,0.08665782046476234,0.09019228496905712
10.086828274711518,10.118192152163655,0.08682827471151855,0.11819215216365461
10.086997709915165,10.089030338380114,0.08699770991516492,0.08903033838011484
10.087166124087158,10.109552394691153,0.0871661240871582,0.10955239469115292
10.087333515250938,10.098002417391298,0.08733351525093833,0.09800241739129721
10.087499881441952,10.087239215033026,0.08749988144195159,0.08723921503302601
10.087665220707674,10.102532304059824,0.08766522070767357,0.10253230405982465
10.087829531107632,10.099566419560096,0.08782953110763231,0.09956641956009578
10.08799281071343,10.10364369347955,0.08799281071343078,0.1036436934795491
10.08815505760877,10.094038554652496,0.08815505760876974,0.09403855465249594
10.08831626988947,10.082727866324943,0.08831626988947021,0.08272786632494189
10.088476445663495,10.10359902361728,0.08847644566349565,0.10359902361728002
10.088635583050975,10.094648831912513,0.08863558305097434,0.09464883191251376
10.08879368018422,10.102481288718572,0.08879368018422137,0.1024812887185722
10.08895073520776,10.087015981096384,0.08895073520776059,0.08701598109638345
10.089106746278347,10.120202515894178,0.08910674627834633,0.12020251589417812
10.089261711564985,10.099496203297099,0.08926171156498512,0.09949620329709775
10.089415629248958,10.111744247877887,0.08941562924895707,0.1117442478778861
10.089568497523837,10.06107539943684,0.08956849752383733,0.06107539943684047
10.089720314595517,10.147738397988903,0.08972031459551717,0.14773839798890326
10.089871078682226,10.0724818850141,0.08987107868222519,0.07248188501409913
10.090020788014549,10.107386805848034,0.09002078801454806,0.107386805848033
10.090169440835451,10.094618263052485,0.09016944083545142,0.09461826305248601
10.0903170354003,10.106256291669029,0.09031703540030042,0.10625629166902938
10.09046356997688,10.088837939721103,0.09046356997688025,0.08883793972110295
10.090609042845417,10.079979614744554,0.09060904284541643,0.07997961474455406
10.090753452298594,10.064918126028342,0.09075345229859501,0.06491812602834185
10.090896796641582,10.10264493301211,0.09089679664158262,0.10264493301211051
10.091039074192047,10.08514442657391,0.09103907419204632,0.08514442657391076
10.091180283280174,10.107480167603674,0.09118028328017341,0.10748016760367386
10.09132042224869,10.1062119174866,0.09132042224869097,0.1062119174866009
10.091459489452886,10.07554486161301,0.0914594894528853,0.07554486161300847
10.091597483260621,10.08701465610706,0.09159748326062134,0.0870146561070604
10.091734402052362,10.072719305297518,0.09173440205236164,0.07271930529751736
10.091870244221186,10.08797736219124,0.0918702442211855,0.08797736219123882
10.092005008172809,10.093891141185354,0.09200500817280784,0.09389114118535397
10.092138692325598,10.112590848835652,0.09213869232559779,0.11259084883565132
10.092271295110598,10.120744579940864,0.09227129511059741,0.120744579940864
10.09240281497154,10.093472186284348,0.09240281497153995,0.09347218628434859
10.092533250364868,10.109351273505165,0.0925332503648682,0.10935127350516546
10.092662599759752,10.083611683562014,0.09266259975975265,0.08361168356201383
10.09279086163811,10.101207286045033,0.09279086163810932,0.10120728604503343
10.092918034494618,10.062725843946811,0.0929180344946177,0.06272584394681202
10.093044116836738,10.11076729677142,0.0930441168367384,0.11076729677142066
10.09316910718473,10.075563720296804,0.09316910718473055,0.07556372029680447
10.09329300407167,10.090798773699463,0.09329300407166935,0.09079877369946385
10.093415806043463,10.07396171408468,0.09341580604346314,0.0739617140846803
10.093537511658871,10.055662096084552,0.09353751165887053,0.0556620960845524
10.093658119489517,10.08681553420813,0.09365811948951731,0.0868155342081293
10.093777628119913,10.100731069652191,0.0937776281199132,0.1007310696521905
10.093896036147468,10.097628926699548,0.09389603614746847,0.09762892669954794
10.09401334218251,10.08382513777938,0.0940133421825104,0.0838251377793796
10.0941295448483,10.106728857869177,0.09412954484829957,0.10672885786917626
10.094244642781046,10.108216070220633,0.0942446427810461,0.10821607022063343
10.094358634629925,10.100280168719245,0.09435863462992551,0.10028016871924464
10.094471519057095,10.080792198046732,0.09447151905709475,0.08079219804673242
10.094583294737708,10.074869489642333,0.0945832947377077,0.07486948964233402
10.094693960359931,10.095160586677276,0.09469396035993094,0.0951605866772753
10.094803514624958,10.10024915331473,0.09480351462495895,0.1002491533147298
10.09491195624703,10.039394631125008,0.09491195624702947,0.03939463112500714
10.09501928395344,10.09462903667861,0.09501928395343856,0.09462903667860947
10.095125496484556,10.080839688186575,0.09512549648455554,0.08083968818657575
10.095230592593838,10.099405004349366,0.09523059259383773,0.09940500434936608
10.095334571047845,10.084453402063131,0.09533457104784517,0.08445340206313066
10.095437430626255,10.100324735795997,0.09543743062625501,0.100324735795997
10.095539170121876,10.117560507771508,0.09553917012187585,0.11756050777150763
10.095639788340662,10.068884241634615,0.09563978834066196,0.06888424163461568
10.095739284101727,10.064678702242704,0.09573928410172725,0.06467870224270443
10.095837656237359,10.105471728055988,0.09583765623735911,0.10547172805598844
10.095934903593033,10.093154816760618,0.09593490359303218,0.09315481676061833
10.096031025027422,10.069455530405612,0.0960310250274218,0.06945553040561195
10.096126019412418,10.124053176139375,0.09612601941241755,0.12405317613937578
10.096219885633136,10.105630303542432,0.09621988563313633,0.10563030354243187
10.096312622587936,10.11728886638031,0.09631262258793556,0.11728886638031055
10.096404229188426,10.126870348227673,0.09640422918842606,0.12687034822767299
10.096494704359484,10.085270077286848,0.09649470435948483,0.08527007728684846
10.096584047039268,10.090566080521942,0.09658404703926768,0.09056608052194257
10.096672256179222,10.15314507275574,0.09667225617922165,0.15314507275573883
10.096759330744097,10.100979179685062,0.0967593307440974,0.1009791796850624
10.096845269711961,10.106545327092887,0.09684526971196128,0.10654532709288633
10.096930072074207,10.081651305438928,0.09693007207420734,0.08165130543892882
10.097013736835569,10.128398354376957,0.09701373683556921,0.12839835437695613
10.097096263014132,10.12136376656002,0.09709626301413174,0.12136376656002029
10.097177649641342,10.105214056740333,0.09717764964134253,0.10521405674033356
10.097257895762024,10.051318466631823,0.09725789576202332,0.051318466631822955
10.097337000434381,10.08943496744872,0.09733700043438112,0.08943496744871915
10.097414962730019,10.097466953661142,0.09741496273001941,0.0974669536611414
10.097491781733948,10.127914262441088,0.09749178173394892,0.12791426244108728
10.0975674565446,10.090587513042454,0.09756745654459836,0.09058751304245345
10.097641986273825,10.103696818755344,0.09764198627382512,0.10369681875534308
10.097715370046926,10.113270306389735,0.09771537004692554,0.11327030638973556
10.097787607002646,10.093962722097103,0.09778760700264527,0.09396272209710341
10.097858696293189,10.090976921279825,0.09785869629318941,0.09097692127982561
10.097928637084232,10.098904959315567,0.09792863708423233,0.09890495931556689
10.097997428554928,10.104527691804796,0.0979974285549276,0.10452769180479529
10.098065069897917,10.099648447423263,0.09806506989791755,0.0996484474232624
10.098131560319343,10.10029913950273,0.09813156031934273,0.10029913950273163
10.098196899038852,10.10096289420761,0.09819689903885127,0.10096289420761102
10.098261085289607,10.087984783926771,0.09826108528960807,0.08798478392677087
10.098324118318304,10.08079310069425,0.09832411831830368,0.08079310069424954
10.098385997385163,10.12114760125316,0.09838599738516328,0.12114760125315893
10.098446721763954,10.110100182212623,0.09844672176395526,0.11010018221262212
10.098506290742,10.070731928402378,0.09850629074199979,0.07073192840237721
10.098564703620177,10.122942574629377,0.09856470362017719,0.12294257462937641
10.098621959712936,10.064694198905702,0.0986219597129361,0.0646941989057013
10.098678058348302,10.14135251339166,0.09867805834830157,0.14135251339165955
10.098732998867883,10.10331987475274,0.09873299886788288,0.10331987475274054
10.098786780626881,10.102788882624724,0.09878678062688134,0.1027888826247242
10.098839402994098,10.091623546240143,0.09883940299409788,0.09162354624014299
10.09889086535194,10.069223010210091,0.09889086535194029,0.06922301021009084
10.09894116709643,10.088337884027192,0.09894116709643067,0.08833788402719266
10.098990307637212,10.096021312360842,0.0989903076372124,0.0960213123608413
10.099038286397557,10.091479637237537,0.09903828639755712,0.0914796372375379
10.09908510281437,10.099351644040183,0.09908510281437144,0.09935164404018296
10.099130756338203,10.063126699995898,0.09913075633820366,0.06312669999589851
10.09917524643325,10.095034650722377,0.09917524643325007,0.09503465072237663
10.099218572577362,10.097576306790735,0.09921857257736136,0.09757630679073474
10.09926073426205,10.111163249626651,0.09926073426204868,0.11116324962665163
10.09930173099249,10.094846016346517,0.09930173099248966,0.09484601634651822
10.099341562287535,10.092339716954303,0.09934156228753416,0.09233971695430229
10.09938022767971,10.091334695080949,0.09938022767970994,0.09133469508094953
10.099417726715227,10.095857199921657,0.09941772671522818,0.09585719992165638
10.099454058953988,10.113345781542652,0.09945405895398877,0.11334578154265253
10.099489223969586,10.115631777949332,0.09948922396958547,0.11563177794933152
10.099523221349312,10.116449659770893,0.09952322134931094,0.11644965977089364
10.099556050694162,10.097870410883832,0.09955605069416154,0.09787041088383179
10.099587711618842,10.094873382379925,0.09958771161884211,0.094873382379925
10.09961820375177,10.097790762198006,0.09961820375177034,0.09779076219800577
10.099647526735081,10.082918432109429,0.09964752673508129,0.08291843210942851
10.099675680224632,10.10027079688343,0.09967568022463147,0.1002707968834298
10.099702663890003,10.059029863953139,0.09970266389000294,0.05902986395313936
10.099728477414507,10.122284801379967,0.09972847741450719,0.12228480137996676
10.099753120495189,10.087996977086645,0.09975312049518881,0.08799697708664464
10.09977659284283,10.114321939345743,0.0997765928428291,0.11432193934574254
10.09979889418195,10.143891582248994,0.09979889418194943,0.14389158224899393
10.099820024250814,10.119921424414576,0.09982002425081446,0.11992142441457687
10.099839982801436,10.092784311310137,0.0998399828014353,0.09278431131013673
10.099858769599573,10.099615873530015,0.09985876959957228,0.09961587353001453
10.099876384424737,10.121428148733333,0.09987638442473783,0.12142814873333357
10.0998928270702,10.10655484551177,0.09989282707019896,0.10655484551176944
10.09990809734298,10.147268764581478,0.0999080973429798,0.14726876458147803
10.099922195063863,10.10860107816018,0.09992219506386377,0.10860107816018136
10.099935120067396,10.079610233385743,0.09993512006739569,0.07961023338574312
10.099946872201883,10.115159167941176,0.09994687220188381,0.11515916794117555
10.099957451329402,10.067031853083709,0.09995745132940148,0.0670318530837082
10.09996685732579,10.059805658136874,0.09996685732578883,0.05980565813687459
10.099975090080655,10.109213293137074,0.09997509008065424,0.10921329313707417
10.099982149497375,10.075464587175441,0.09998214949737555,0.07546458717544116
10.099988035493102,10.098509886074808,0.09998803549310133,0.0985098860748078
10.099992747998751,10.08924856857964,0.09999274799875171,0.08924856857963906
10.09999628695902,10.099256332732828,0.09999628695901931,0.09925633273282876
10.09999865233237,10.065517912397336,0.09999865233236982,0.06551791239733654
10.099999844091043,10.086572064616373,0.09999984409104246,0.08657206461637366
10.09999986222105,10.125704076161718,0.09999986222105041,0.12570407616171847
10.09999870672218,10.113507122448611,0.09999870672218089,0.11350712244861132
10.099996377607996,10.106204450099169,0.09999637760799518,0.10620445009916855
10.099992874905828,10.073044952934445,0.09999287490582849,0.07304495293444499
10.09998819865679,10.093254258587438,0.0999881986567896,0.09325425858743776
10.099982348915761,10.071398807139344,0.09998234891576036,0.07139880713934368
10.099975325751394,10.075838445637629,0.09997532575139516,0.07583844563762981
10.09996712924612,10.110474283771202,0.09996712924611996,0.11047428377120176
10.099957759496132,10.112468153300973,0.09995775949613148,0.11246815330097389
10.099947216611396,10.119048610118032,0.09994721661139594,0.11904861011803133
10.099935500715647,10.133274749327075,0.09993550071564786,0.13327474932707456
10.099922611946388,10.135837020794538,0.09992261194638856,0.1358370207945384
10.099908550454884,10.104547958912539,0.09990855045488456,0.10454795891253851
10.099893316406165,10.09138676527255,0.09989331640616583,0.09138676527254906
10.099876909979024,10.080390444260761,0.0998769099790238,0.08039044426076028
10.099859331366009,10.073659225160691,0.09985933136600932,0.0736592251606907
10.09984058077343,10.09916465085786,0.09984058077343033,0.09916465085785928
10.099820658421349,10.123968808435993,0.0998206584213495,0.12396880843599252
10.09979956454358,10.112766926884756,0.09979956454358163,0.11276692688475597
10.099777299387691,10.104310793724599,0.09977729938769093,0.10431079372459817
10.099753863214987,10.091698307554228,0.09975386321498804,0.09169830755422828
10.099729256300527,10.099804366422946,0.09972925630052702,0.09980436642294571
10.099703478933103,10.124351537342504,0.09970347893310214,0.12435153734250452
10.099676531415245,10.085928842999376,0.09967653141524443,0.08592884299937632
10.099648414063218,10.0822651351641,0.09964841406321819,0.08226513516410047
10.099619127207017,10.114946480498336,0.09961912720701722,0.11494648049833597
10.09958867119036,10.07854581594266,0.09958867119036102,0.07854581594265904
10.099557046370691,10.10247116099,0.09955704637069067,0.10247116098999888
10.099524253119165,10.077278504279336,0.09952425311916469,0.07727850427933611
10.099490291820654,10.093924270436679,0.0994902918206547,0.09392427043667795
10.09945516287374,10.140705852882547,0.09945516287374086,0.14070585288254697
10.099418866690707,10.084482884352179,0.09941886669070718,0.08448288435217793
10.099381403697537,10.106336491179022,0.09938140369753674,0.10633649117902236
10.099342774333907,10.096835025945095,0.09934277433390667,0.09683502594509615
10.099302979053183,10.101543922531802,0.09930297905318294,0.10154392253180108
10.099262018322415,10.08685926780473,0.0992620183224151,0.08685926780473074
10.099219892622331,10.111670783379436,0.0992198926223308,0.1116707833794367
10.09917660244733,10.108382547687425,0.09917660244733008,0.10838254768742428
10.099132148305479,10.0485028911508,0.09913214830547964,0.04850289115080053
10.099086530718507,10.096791562866118,0.09908653071850684,0.09679156286611713
10.099039750221793,10.106925218630781,0.09903975022179362,0.10692521863078068
10.09899180736437,10.039443524462554,0.09899180736437012,0.03944352446255295
10.098942702708909,10.145667653773172,0.09894270270890833,0.14566765377317142
10.098892436831715,10.108006032049929,0.0988924368317155,0.1080060320499283
10.098841010322728,10.094266307980767,0.09884101032272727,0.094266307980767
10.098788423785502,10.107194786628487,0.09878842378550082,0.10719478662848607
10.098734677837207,10.076880137231347,0.09873467783720781,0.07688013723134762
10.098679773108627,10.11488015276801,0.09867977310862708,0.11488015276800899
10.098623710244137,10.107089809722689,0.09862371024413723,0.107089809722689
10.098566489901708,10.110949395939505,0.09856648990170917,0.11094939593950476
10.098508112752898,10.108683269187425,0.09850811275289828,0.10868326918742466
10.098448579482836,10.09539972466871,0.09844857948283658,0.09539972466870861
10.098387890790224,10.042867389100278,0.09838789079022468,0.04286738910027836
10.098326047387324,10.12801882867641,0.09832604738732359,0.12801882867640943
10.098263049999947,10.110626806946069,0.09826304999994633,0.1106268069460692
10.09819889936745,10.11192771888657,0.09819889936744944,0.11192771888656916
10.098133596242725,10.101574147182593,0.09813359624272434,0.10157414718259287
10.098067141392189,10.062251033067653,0.0980671413921884,0.0622510330676538
10.097999535595775,10.111771076639421,0.09799953559577601,0.11177107663942093
10.09793077964693,10.084466945448858,0.09793077964692941,0.08446694544885737
10.09786087435259,10.100341018132912,0.09786087435258937,0.10034101813291244
10.097789820533185,10.082877213910932,0.09778982053318579,0.08287721391093122
10.097717619022628,10.088925910477958,0.09771761902262789,0.08892591047795732
10.097644270668294,10.086200724264055,0.09764427066829467,0.08620072426405506
10.097569776331024,10.056038990637344,0.09756977633102476,0.05603899063734406
10.097494136885107,10.075095940254233,0.09749413688510644,0.07509594025423212
10.097417353218267,10.075703156979678,0.09741735321826729,0.07570315697967844
10.097339426231663,10.127465190237778,0.09733942623166386,0.12746519023777902
10.097260356839872,10.06734770922298,0.097260356839871,0.06734770922298056
10.09718014597087,10.166162125898358,0.09718014597087123,0.16616212589835888
10.097098794566044,10.110899427183021,0.09709879456604376,0.11089942718302198
10.097016303580153,10.121633947298076,0.09701630358015347,0.12163394729807642
10.096932673981339,10.102347802022162,0.09693267398133976,0.1023478020221633
10.096847906751105,10.120033162009701,0.09684790675110505,0.12003316200970021
10.096762002884303,10.090612525772098,0.09676200288430346,0.0906125257720985
10.096674963389129,10.090682686868796,0.09667496338912894,0.09068268686879492
10.096586789287104,10.087995826220856,0.09658678928710356,0.08799582622085722
10.096497481613065,10.09340857979318,0.09649748161306544,0.09340857979318058
10.096407041415157,10.071567849022246,0.09640704141515671,0.07156784902224567
10.096315469754812,10.104904450749736,0.09631546975481109,0.1049044507497352
10.096222767706742,10.124743580260965,0.09622276770674153,0.12474358026096531
10.096128936358928,10.096727345525881,0.09612893635892751,0.09672734552588116
10.096033976812603,10.115520846206048,0.09603397681260237,0.11552084620604797
10.09593789018224,10.114458136907253,0.09593789018224029,0.11445813690725223
10.095840677595543,10.071774416009358,0.09584067759554325,0.0717744160093572
10.095742340193429,10.081085238615382,0.09574234019342782,0.08108523861538067
10.095642879130011,10.091537942648516,0.09564287913001175,0.0915379426485155
10.095542295572601,10.107262053793276,0.09554229557260041,0.1072620537932759
10.095440590701672,10.105598831495183,0.0954405907016731,0.1055988314951824
10.09533776571087,10.081561281976068,0.0953377657108692,0.0815612819760687
10.095233821806975,10.050456262115944,0.09523382180697415,0.050456262115943847
10.095128760209905,10.098523998090434,0.0951287602099053,0.09852399809043275
10.095022582152698,10.055880917753202,0.0950225821526976,0.05588091775320127
10.09491528888149,10.084723210368287,0.0949152888814891,0.0847232103682869
10.094806881655506,10.118432353043461,0.09480688165550638,0.11843235304346093
10.09469736174705,10.140143295797754,0.09469736174704965,0.14014329579775428
10.094586730441478,10.081810452825627,0.094586730441478,0.08181045282562736
10.094474989037193,10.095206229663887,0.09447498903719415,0.095206229663888
10.094362138845629,10.078333602720958,0.09436213884562929,0.07833360272095896
10.094248181191228,10.114396048863354,0.09424818119122769,0.11439604886335292
10.094133117411431,10.108613559898878,0.09413311741143111,0.10861355989887686
10.094016948856662,10.119394886091943,0.0940169488566632,0.11939488609194346
10.093899676890313,10.051197397169792,0.09389967689031352,0.051197397169792304
10.093781302888722,10.079984154360178,0.09378130288872162,0.0799841543601784
10.09366182824116,10.104587169463752,0.09366182824116091,0.10458716946375111
10.093541254349823,10.081980038085304,0.09354125434982224,0.08198003808530265
10.093419582629798,10.139938998818886,0.09341958262979762,0.1399389988188855
10.093296814509063,10.100059000131866,0.09329681450906342,0.10005900013186551
10.093172951428464,10.094507336476473,0.09317295142846377,0.0945073364764737
10.093047994841694,10.072239441228977,0.09304799484169353,0.07223944122897619
10.09292194621528,10.082397326463457,0.09292194621528133,0.08239732646345743
10.092794807028572,10.095187913800213,0.09279480702857225,0.09518791380021259
10.092666578773711,10.10124894108404,0.0926665787737106,0.10124894108403884
10.092537262955622,10.087194370782912,0.09253726295562226,0.08719437078291192
10.092406861091996,10.077314711587466,0.09240686109199711,0.0773147115874655
10.092275374713271,10.093067404927114,0.09227537471327119,0.09306740492711432
10.09214280536261,10.108220151287396,0.09214280536260873,0.1082201512873958
10.092009154595884,10.079413785414433,0.09200915459588405,0.07941378541443203
10.091874423981663,10.074564049946103,0.09187442398166332,0.07456404994610315
10.091738615101185,10.087493142509365,0.09173861510118611,0.08749314250936399
10.091601729548346,10.091200023169744,0.09160172954834685,0.09120002316974406
10.091463768929676,10.102590138707642,0.09146376892967613,0.10259013870764222
10.091324734864322,10.113965486328157,0.09132473486432185,0.11396548632815753
10.09118462898403,10.097839257932659,0.09118462898403018,0.09783925793265864
10.091043452933127,10.077084422822775,0.09104345293312648,0.07708442282277438
10.090901208368496,10.096389166182238,0.09090120836849591,0.09638916618223863
10.090757896959564,10.093212242680027,0.09075789695956407,0.09321224268002605
10.090613520388278,10.063320890839417,0.09061352038827739,0.06332089083941708
10.090468080349083,10.064488220444845,0.09046808034908327,0.0644882204448454
10.09032157854891,10.122096360528486,0.09032157854891042,0.12209636052848552
10.090174016707149,10.097289205792633,0.09017401670714859,0.09728920579263298
10.090025396555628,10.070259005773048,0.09002539655562859,0.07025900577304837
10.089875719838602,10.091302268835246,0.08987571983860183,0.09130226883524656
10.08972498831272,10.12208245884888,0.08972498831271991,0.12208245884887906
10.089573203747014,10.087090595874761,0.08957320374701397,0.08709059587476024
10.089420367922873,10.093277717855718,0.08942036792287397,0.09327771785571905
10.089266482634027,10.129788541143055,0.08926648263402776,0.1297885411430544
10.08911154968652,10.05103832939707,0.08911154968651996,0.05103832939707039
10.08895557089869,10.073492265816506,0.08895557089869098,0.07349226581650713
10.088798548101156,10.131824616105858,0.08879854810115535,0.13182461610585716
10.08864048313678,10.100132916586865,0.08864048313678057,0.10013291658686459
10.088481377860665,10.06209794095119,0.0884813778606652,0.062097940951190145
10.088321234140118,10.100858740678202,0.08832123414011733,0.10085874067820134
10.088160053854633,10.082343241629742,0.08816005385463249,0.08234324162974224
10.087997838895872,10.064722956021747,0.08799783889587166,0.06472295602174712
10.087834591167638,10.080311919376323,0.08783459116763905,0.08031191937632322
10.08767031258586,10.096473679273918,0.08767031258585979,0.0964736792739177
10.087505005078558,10.094606724543373,0.08750500507855741,0.09460672454337324
10.087338670585831,10.08877415469528,0.08733867058583122,0.08877415469527981
10.087171311059834,10.09509523370497,0.08717131105983358,0.0950952337049712
10.087002928464747,10.069963100454174,0.08700292846474689,0.06996310045417456
10.086833524776761,10.074147566089776,0.08683352477676061,0.0741475660897759
10.086663101984048,10.068586729668782,0.08666310198404814,0.06858672966878175
10.086491662086743,10.099084024787725,0.0864916620867433,0.09908402478772535
10.086319207096917,10.062606576099482,0.08631920709691702,0.06260657609948075
10.086145739038553,10.097981613352774,0.08614573903855366,0.09798161335277374
10.085971259947527,10.096932769204129,0.08597125994752725,0.09693276920412937
10.085795771871577,10.072986853355406,0.08579577187157758,0.07298685335540557
10.085619276870286,10.103909717397766,0.08561927687028625,0.10390971739776633
10.085441777015053,10.079205066338977,0.08544177701505244,0.07920506633897684
10.085263274389069,10.089653659232761,0.08526327438906851,0.0896536592327605
10.085083771087296,10.114989585112044,0.08508377108729577,0.11498958511204294
10.08490326921644,10.072099941382076,0.08490326921643969,0.07209994138207663
10.084721770894925,10.063554229180987,0.08472177089492526,0.06355422918098616
10.084539278252873,10.078099049335648,0.08453927825287215,0.07809904933564828
10.084355793432069,10.080924914689607,0.08435579343206963,0.08092491468960801
10.084171318585952,10.063406338567253,0.08417131858595153,0.06340633856725242
10.08398585587957,10.098720575397193,0.08398585587957089,0.09872057539719295
10.083799407489575,10.057234757846183,0.0837994074895746,0.05723475784618391
10.083611975604178,10.082988498876938,0.08361197560417781,0.08298849887693784
10.083423562423139,10.06494688704207,0.08342356242313831,0.06494688704207063
10.08323417015773,10.085535479558507,0.08323417015773059,0.08553547955850607
10.08304380103072,10.072407676615073,0.08304380103072007,0.07240767661507362
10.082852457276337,10.081846052402542,0.08285245727633687,0.08184605240254228
10.08266014114025,10.076620824488117,0.08266014114024965,0.07662082448811741
10.08246685487954,10.094585813245748,0.08246685487953921,0.09458581324574823
10.082272600762671,10.050371385518478,0.08227260076267208,0.050371385518477224
10.082077381069475,10.077151090082834,0.08207738106947378,0.07715109008283443
10.081881198091102,10.08527456091621,0.08188119809110217,0.08527456091620925
10.08168405413002,10.067381519212505,0.08168405413002051,0.06738151921250547
10.081485951499971,10.109345952087201,0.08148595149997048,0.10934595208720217
10.081286892525945,10.061632619540731,0.0812868925259449,0.0616326195407316
10.081086879544161,10.094768421965243,0.0810868795441606,0.09476842196524368
10.080885914902032,10.104082659320685,0.08088591490203095,0.10408265932068433
10.080684000958138,10.09409712845019,0.08068400095813826,0.09409712845019003
10.080481140082206,10.061285168485187,0.08048114008220615,0.061285168485187044
10.080277334655072,10.085250021021347,0.08027733465507172,0.08525002102134611
10.080072587068658,10.070383129714513,0.08007258706865764,0.07038312971451298
10.079866899725944,10.100328874545662,0.07986689972594398,0.10032887454566143
10.07966027504094,10.08226757185618,0.07966027504094014,0.0822675718561795
10.079452715438656,10.062058318215174,0.07945271543865642,0.06205831821517417
10.079244223355076,10.104833400704928,0.07924422335507564,0.10483340070492803
10.079034801237125,10.087134172389288,0.07903480123712442,0.08713417238928844
10.078824451542644,10.09735201924003,0.07882445154264463,0.09735201924003105
10.078613176740365,10.091746474227902,0.07861317674036443,0.0917464742279023
10.078400979309869,10.062744047834538,0.0784009793098693,0.06274404783453935
10.078187861741574,10.123452046383282,0.07818786174157302,0.12345204638328233
10.077973826536688,10.12696302134111,0.07797382653668837,0.12696302134111015
10.077758876207199,10.076065068961858,0.07775887620719774,0.07606506896185908
10.077543013275823,10.084639883417994,0.07754301327582379,0.08463988341799394
10.077326240276,10.093384858003963,0.07732624027599969,0.0933848580039627
10.077108559751839,10.097286268769055,0.07710855975183949,0.09728626876905522
10.076889974258108,10.06345711769969,0.07688997425810816,0.06345711769969001
10.076670486360191,10.091871354577453,0.07667048636019172,0.09187135457745269
10.076450098634067,10.071681238196746,0.0764500986340671,0.07168123819674536
10.076228813666273,10.065692814703933,0.07622881366627184,0.06569281470393373
10.076006634053874,10.068110470512412,0.07600663405387381,0.06811047051241174
10.07578356240444,10.050776289020252,0.07578356240444067,0.050776289020251275
10.075559601336009,10.103108037178318,0.07555960133600936,0.10310803717831744
10.075334753477055,10.084001885854185,0.07533475347705526,0.08400188585418472
10.075109021466462,10.071344726465378,0.07510902146646142,0.07134472646537907
10.074882407953487,10.093098779232275,0.07488240795348751,0.09309877923227523
10.074654915597739,10.09754307286453,0.07465491559773889,0.09754307286453028
10.074426547069136,10.062870176863289,0.07442654706913515,0.06287017686328877
10.074197305047878,10.07015139282282,0.07419730504787903,0.07015139282282101
10.073967192224424,10.080950428750208,0.07396719222442476,0.08095042875020839
10.073736211299448,10.057313858823646,0.07373621129944663,0.05731385882364583
10.073504364983807,10.054649007429255,0.07350436498380723,0.05464900742925414
10.073271655998525,10.078827330474622,0.07327165599852557,0.07882733047462277
10.073038087074746,10.086530071927578,0.07303808707474532,0.08653007192757754
10.072803660953703,10.054607350326805,0.07280366095370255,0.054607350326804575
10.072568380386693,10.083820636466418,0.07256838038669375,0.08382063646641837
10.072332248135043,10.066567311597543,0.0723322481350434,0.06656731159754312
10.072095266970072,10.048804309744064,0.07209526697007154,0.048804309744063454
10.071857439673062,10.064847571352535,0.07185743967306145,0.06484757135253588
10.071618769035227,10.05939857048313,0.07161876903522679,0.05939857048313092
10.071379257857679,10.053062608891363,0.07137925785767897,0.053062608891362634
10.071138908951394,10.088148913676218,0.07113890895139417,0.08814891367621723
10.070897725137181,10.072954667282637,0.0708977251371805,0.0729546672826377
10.070655709245644,10.05262426578569,0.07065570924564471,0.05262426578569088
10.07041286411716,10.057150327658297,0.07041286411715912,0.05715032765829612
10.070169192601828,10.0764449316869,0.0701691926018282,0.0764449316869001
10.069924697559456,10.068775474268634,0.06992469755945517,0.0687754742686334
10.069679381859508,10.0377024467646,0.06967938185950845,0.0377024467645993
10.069433248381088,10.0713274518141,0.06943324838108782,0.0713274518140994
10.069186300012891,10.06255925717847,0.06918630001289086,0.06255925717847018
10.068938539653178,10.077189679632339,0.06893853965317896,0.07718967963233882
10.068689970209743,10.056911580574141,0.06868997020974323,0.056911580574141744
10.06844059459987,10.07792403004008,0.06844059459987045,0.07792403004007975
10.068190415750308,10.056923009333557,0.06819041575030886,0.056923009333556686
10.067939436597234,10.032728955214946,0.0679394365972337,0.03272895521494575
10.067687660086213,10.078050338972867,0.06768766008621284,0.07805033897286742
10.067435089172172,10.057261311608656,0.06743508917217221,0.057261311608655704
10.067181726819362,10.068035526501836,0.06718172681936108,0.06803552650183589
10.066927576001317,10.044399497322596,0.06692757600131731,0.04439949732259553
10.066672639700831,10.079612357824427,0.06667263970083231,0.07961235782442672
10.066416920909916,10.07541872836864,0.06641692090991633,0.07541872836863878
10.066160422629762,10.066688042382772,0.06616042262976303,0.06668804238277129
10.065903147870715,10.04218651622509,0.06590314787071448,0.04218651622509029
10.065645099652226,10.046764225993842,0.06564509965222567,0.04676422599384242
10.06538628100283,10.047926095492167,0.06538628100282923,0.04792609549216729
10.0651266949601,10.049010265585915,0.06512669496009972,0.04901026558591587
10.064866344570618,10.081343460779907,0.0648663445706181,0.08134346077990626
10.064605232889935,10.10392341139801,0.06460523288993596,0.10392341139801053
10.06434336298254,10.052265663942894,0.0643433629825396,0.052265663942893115
10.064080737921815,10.042176184728822,0.06408073792181407,0.042176184728822494
10.063817360790008,10.06727927580769,0.0638173607900072,0.06727927580769043
10.063553234678194,10.09243292290894,0.06355323467819332,0.09243292290893863
10.063288362686237,10.083475489425538,0.06328836268623703,0.08347548942553812
10.063022747922757,10.012178198747412,0.06302274792275679,0.012178198747412383
10.062756393505088,10.034895133876468,0.06275639350508846,0.03489513387646752
10.062489302559248,10.047673403045762,0.062489302559248706,0.047673403045761495
10.062221478219898,10.107567124204014,0.062221478219898346,0.10756712420401343
10.061952923630306,10.092559903078246,0.06195292363030546,0.09255990307824616
10.06168364194231,10.069073152882423,0.061683641942308624,0.06907315288242259
10.06141363631628,10.058449436512982,0.06141363631627988,0.058449436512981144
10.061142909921088,10.055157481913541,0.06114290992108752,0.05515748191354155
10.06087146593406,10.042623468481482,0.060871465934059114,0.04262346848148178
10.060599307540944,10.074221161450398,0.06059930754094406,0.07422116145039814
10.060326437935876,10.04792786216632,0.060326437935876255,0.04792786216632062
10.060052860321337,10.061569957120431,0.0600528603213366,0.06156995712043079
10.059778577908116,10.053033351888189,0.059778577908115395,0.05303335188818827
10.059503593915275,10.082440803895969,0.05950359391527469,0.08244080389596822
10.05922791157011,10.038808404746261,0.059227911570110495,0.03880840474626018
10.058951534108115,10.043156415904466,0.05895153410811485,0.0431564159044663
10.058674464772938,10.08069639709855,0.05867446477293799,0.08069639709854863
10.05839670681635,10.04423524187541,0.058396706816350036,0.044235241875411224
10.058118263498203,10.066774485799435,0.05811826349820309,0.0667744857994353
10.057839138086393,10.044965937252682,0.0578391380863929,0.044965937252682706
10.05755933385682,10.037069094466121,0.057559333856820355,0.037069094466121624
10.057278854093353,10.034509445978545,0.05727885409335324,0.03450944597854441
10.056997702087788,10.051551306513954,0.05699770208778761,0.051551306513953
10.056715881139809,10.050674383055402,0.056715881139809105,0.050674383055402034
10.056433394556954,10.037731756663964,0.056433394556954335,0.037731756663964874
10.056150245654573,10.04813269331213,0.05615024565457197,0.04813269331213103
10.055866437755784,10.064655979460483,0.055866437755783864,0.06465597946048222
10.055581974191446,10.057463527457465,0.055581974191446115,0.057463527457464275
10.05529685830011,10.088748835011462,0.055296858300109775,0.088748835011461
10.055011093427982,10.038804314263967,0.05501109342798194,0.038804314263966314
10.054724682928887,10.063097746986461,0.054724682928886284,0.0630977469864604
10.054437630164223,10.096563663894392,0.05443763016422376,0.09656366389439242
10.054149938502933,10.07429046036756,0.05414993850293315,0.07429046036755999
10.053861611321452,10.048296989398548,0.053861611321451536,0.04829698939854823
10.053572652003675,10.062847434762489,0.053572652003674615,0.06284743476248913
10.053283063940917,10.044194161662801,0.05328306394091708,0.04419416166280138
10.052992850531872,10.070225118910658,0.05299285053187273,0.07022511891065818
10.052702015182575,10.062123181986625,0.05270201518257468,0.0621231819866237
10.052410561306354,10.027999952746958,0.05241056130635521,0.027999952746957494
10.052118492323807,10.064198348078756,0.052118492323805915,0.06419834807875645
10.051825811662738,10.043452306067973,0.051825811662737434,0.043452306067973484
10.051532522758139,10.048514419559648,0.05153252275813926,0.048514419559649094
10.05123862905214,10.047306054493978,0.05123862905213942,0.04730605449397797
10.050944133993964,10.026678507495037,0.05094413399396407,0.026678507495037345
10.050649041039897,10.075720012630855,0.050649041039897015,0.07572001263085551
10.05035335365324,10.037329315407678,0.050353353653239154,0.0373293154076781
10.050057075304268,10.047576565505418,0.05005707530426782,0.047576565505418306
10.049760209470197,10.058962838809734,0.04976020947019606,0.05896283880973414
10.049462759635132,10.021568855949555,0.04946275963513188,0.02156885594955417
10.049164729290037,10.026408941279783,0.049164729290037165,0.026408941279783073
10.048866121932686,10.02951095471918,0.048866121932686975,0.02951095471918014
10.048566941067628,10.033263689376335,0.04856694106762831,0.033263689376335795
10.04826719020614,10.038712210848518,0.04826719020613903,0.038712210848517274
10.047966872866187,10.022719427343915,0.047966872866186665,0.02271942734391484
10.047665992572387,10.009158917707783,0.04766599257238708,0.009158917707782675
10.047364552855964,10.06595049225565,0.04736455285596317,0.06595049225565099
10.047062557254703,10.035263519147817,0.047062557254703374,0.03526351914781685
10.046760009312921,10.060673637093107,0.04676000931292014,0.060673637093107406
10.046456912581409,10.048878743063886,0.04645691258140843,0.048878743063886565
10.046153270617404,10.066805361600544,0.046153270617403826,0.06680536160054318
10.045849086984541,10.035720765015405,0.04584908698454105,0.035720765015405456
10.045544365252812,10.048846324983227,0.04554436525281198,0.048846324983227336
10.045239108998524,10.05830476255708,0.04523910899852379,0.058304762557079476
10.044933321804256,10.054488298732124,0.04493332180425695,0.054488298732125115
10.044627007258823,10.051192152780146,0.04462700725882324,0.05119215278014624
10.044320168957224,10.07550911496709,0.04432016895722355,0.07550911496709038
10.044012810500606,10.049452971020747,0.04401281050060577,0.049452971020747506
10.043704935496223,10.041941505509216,0.04370493549622248,0.041941505509216916
10.04339654755739,10.021072976965911,0.043396547557388615,0.021072976965911584
10.04308765030344,10.029959095196222,0.04308765030343909,0.029959095196222918
10.042778247359687,10.041640445297507,0.04277824735968622,0.04164044529750576
10.042468342357378,10.036503042657761,0.042468342357377314,0.03650304265776105
10.042157938933652,10.069900053309995,0.04215793893365201,0.0699000533099956
10.041847040731499,10.036670476243886,0.04184704073149953,0.036670476243886
10.041535651399716,10.043476928753755,0.04153565139971598,0.04347692875375536
10.041223774592861,10.03987769407375,0.04122377459286153,0.039877694073750664
10.040911413971218,10.032462051585668,0.04091141397121747,0.03246205158566707
10.040598573200743,10.06826672040874,0.04059857320074332,0.06826672040873955
10.040285255953034,10.061519144074182,0.040285255953033755,0.061519144074182755
10.039971465905275,10.036405590481824,0.03997146590527555,0.03640559048182375
10.039657206740204,10.007711225422685,0.039657206740204426,0.007711225422686291
10.039342482146061,10.069614636742061,0.039342482146061696,0.0696146367420606
10.03902729581655,10.020147265681953,0.039027295816551205,0.020147265681952835
10.038711651450797,10.044436734563652,0.038711651450795845,0.04443673456365197
10.038395552753293,10.027168505801175,0.038395552753294135,0.027168505801174355
10.038079003433877,10.037677368175721,0.03807900343387679,0.03767736817572127
10.037762007207663,10.042694210934963,0.037762007207663144,0.04269421093496276
10.037444567795017,10.013487480694906,0.03744456779501758,0.013487480694905837
10.037126688921505,10.024279122495065,0.03712668892150584,0.024279122495065426
10.036808374317852,10.041744137983118,0.036808374317851326,0.041744137983118004
10.036489627719892,10.050436205355407,0.03648962771989134,0.05043620535540674
10.036170452868532,10.03892626454442,0.036170452868533064,0.03892626454442059
10.035850853509709,10.025923121423505,0.03585085350970992,0.025923121423503944
10.035530833394338,10.047511144220042,0.03553083339433746,0.04751114422004206
10.03521039627827,10.021578242375252,0.03521039627826934,0.021578242375252805
10.034889545922253,10.062875708500549,0.03488954592225327,0.0628757085005483
10.034568286091886,10.062271555832954,0.03456828609188686,0.0622715558329542
10.034246620557573,10.052903586495798,0.03424662055757346,0.052903586495798835
10.033924553094478,10.04530426807046,0.03392455309447786,0.045304268070459904
10.033602087482482,10.042608293023038,0.03360208748248203,0.04260829302303821
10.03327922750614,10.019737723520064,0.03327922750614072,0.01973772352006442
10.032955976954637,10.023085715121777,0.03295597695463711,0.02308571512177724
10.032632339621738,10.07274879647609,0.032632339621738164,0.0727487964760889
10.03230831930575,10.042554631496436,0.03230831930575035,0.04255463149643579
10.031983919809475,10.021463349471468,0.0319839198094749,0.02146334947146805
10.031659144940162,10.027139552231016,0.031659144940163246,0.02713955223101587
10.031333998509472,10.016794811021986,0.03133399850947227,0.016794811021986614
10.03100848433342,10.022930057247551,0.031008484333419656,0.022930057247551282
10.03068260623234,10.023418057070447,0.030682606232339024,0.02341805707044666
10.030356368030835,10.036157927741188,0.030356368030835135,0.036157927741188756
10.03002977355774,10.053877241658764,0.030029773557739028,0.053877241658763585
10.029702826646064,10.075190745577295,0.02970282664606306,0.07519074557729441
10.029375531132956,10.013410703521684,0.02937553113295581,0.013410703521683984
10.029047890859657,10.038154279465624,0.029047890859657262,0.03815427946562501
10.028719909671453,10.044004000777026,0.028719909671453582,0.04400400077702514
10.028391591417632,10.000217998506038,0.028391591417632006,0.0002179985060377504
10.028062939951436,10.040818637633915,0.028062939951435686,0.040818637633915064
10.027733959130018,10.047009764889731,0.027733959130018443,0.04700976488973109
10.027404652814399,10.003746153076719,0.02740465281439952,0.003746153076719362
10.027075024869418,10.070278997101026,0.027075024869418263,0.07027899710102564
10.026745079163689,9.9953072734329,0.026745079163688748,-0.00469272656710043
10.026414819569554,9.998287512804138,0.026414819569554396,-0.0017124871958622764
10.026084249963043,10.04971704439091,0.026084249963042552,0.049717044390910015
10.025753374223818,10.037499011767906,0.025753374223818837,0.03749901176790667
10.025422196235143,10.020238372469496,0.025422196235141872,0.02023837246949542
10.025090719883817,10.052366065852414,0.025090719883817527,0.05236606585241423
10.024758949060153,10.024030040987464,0.024758949060153336,0.024030040987463395
10.024426887657913,10.013483701007473,0.02442688765791286,0.013483701007474088
10.02409453957427,9.97861678581814,0.02409453957426998,-0.021383214181860715
10.023761908709764,10.01384715950654,0.02376190870976315,0.013847159506540328
10.02342899896825,10.027552539083505,0.023428998968249626,0.027552539083504777
10.023095814256859,10.015908862587136,0.02309581425685966,0.015908862587136162
10.02276235848595,10.037013344011916,0.02276235848595067,0.037013344011916374
10.022428635569062,9.994115848958577,0.02242863556906118,-0.005884151041423508
10.022094649422865,10.01665369964508,0.022094649422865154,0.016653699645080167
10.021760403967125,10.019442359507211,0.02176040396712585,0.01944235950721184
10.02142590312465,10.023862473205922,0.021425903124649866,0.023862473205921872
10.021091150821242,10.017564832139207,0.02109115082124109,0.017564832139206676
10.020756150985655,10.04010957856663,0.02075615098565464,0.04010957856663013
10.020420907549552,10.001475703614172,0.020420907549550737,0.001475703614172933
10.020085424447448,9.986456746608866,0.020085424447448583,-0.013543253391134775
10.01974970561668,10.026295521047524,0.019749705616680165,0.026295521047524063
10.019413754997345,10.005393896864259,0.01941375499734406,0.005393896864258396
10.01907757653226,10.030770332732247,0.019077576532259225,0.030770332732246913
10.018741174166918,10.005770461447895,0.018741174166918555,0.005770461447895876
10.018404551849443,10.05256811533248,0.018404551849442834,0.052568115332479855
10.018067713530534,10.033316329907418,0.018067713530534237,0.033316329907417924
10.01773066316343,10.013093935195096,0.01773066316342999,0.013093935195095475
10.017393404703856,10.01459804272679,0.017393404703855978,0.014598042726789629
10.01705594210998,9.991029357167394,0.017055942109980335,-0.008970642832605766
10.016718279342367,10.065278661897718,0.016718279342366967,0.06527866189771811
10.016380420363928,9.984496723800193,0.016380420363929084,-0.015503276199807712
10.016042369139882,10.03765030502118,0.016042369139882683,0.03765030502117927
10.0157041296377,10.022233274602218,0.01570412963770006,0.02223327460221753
10.015365705827064,10.01737463143904,0.015365705827063076,0.017374631439039924
10.015027101679816,10.010359909771678,0.01502710167981681,0.010359909771677292
10.014688321169922,10.027824228339686,0.014688321169922792,0.02782422833968559
10.014349368273413,10.05691974981936,0.014349368273412395,0.056919749819358684
10.01401024696834,9.976322614495587,0.014010246968340176,-0.02367738550441431
10.013670961234737,10.032265915134086,0.013670961234737183,0.032265915134086845
10.013331515054563,10.008755775533213,0.013331515054564251,0.008755775533214372
10.012991912411666,10.02959153960921,0.012991912411665259,0.029591539609211046
10.01265215729172,10.00868244390065,0.012652157291720388,0.00868244390065022
10.012312253682198,10.002745859708567,0.01231225368219933,0.002745859708565876
10.011972205572315,9.980071706640222,0.011972205572314544,-0.019928293359777784
10.011632016952975,10.019897805511054,0.011632016952974255,0.019897805511053173
10.011291691816735,10.022364710265922,0.011291691816735882,0.022364710265921742
10.010951234157758,10.02812808964676,0.010951234157759003,0.028128089646760446
10.010610647971758,10.009951759781945,0.010610647971758527,0.00995175978194493
10.010269937255957,10.03320546941934,0.01026993725595779,0.033205469419338884
10.009929106009041,9.954818429097186,0.009929106009041655,-0.0451815709028143
10.009588158231109,10.026390741057005,0.009588158231109565,0.02639074105700487
10.009247097923629,10.006998778380508,0.009247097923628617,0.006998778380507305
10.008905929089387,10.00383703341321,0.00890592908938658,0.003837033413210341
10.008564655732444,10.007211617532455,0.008564655732444934,0.007211617532454909
10.008223281858092,10.022478750597982,0.008223281858091909,0.02247875059798104
10.007881811472796,10.035323478970447,0.007881811472795305,0.03532347897044749
10.007540248584156,10.007431305414134,0.007540248584155739,0.007431305414133996
10.00719859720086,10.005499493241352,0.007198597200859427,0.005499493241351563
10.006856861332631,10.007798089720767,0.006856861332631192,0.007798089720766913
10.006515044990188,10.017910907304657,0.006515044990187394,0.017910907304657595
10.00617315218519,9.988800694601556,0.006173152185188859,-0.011199305398444055
10.005831186930195,10.037320811468845,0.0058311869301938095,0.037320811468844375
10.00548915323861,9.98877127860597,0.005489153238610755,-0.011228721394029445
10.00514705512465,9.978734923327153,0.005147055124651404,-0.021265076672847303
10.004804896603284,10.000465710513119,0.004804896603283586,0.00046571051311804657
10.004462681690184,9.9900941506791,0.004462681690183959,-0.009905849320899059
10.004120414401692,10.017517896667195,0.004120414401691144,0.017517896667195183
10.003778098754758,10.008253529761145,0.0037780987547584113,0.008253529761145463
10.003435738766907,9.981219749648732,0.0034357387669065815,-0.018780250351269054
10.003093338456177,10.0010739668151,0.0030933384561768716,0.0010739668151008635
10.002750901841084,10.02180949316126,0.002750901841083743,0.021809493161259613
10.002408432940568,9.996790521251805,0.002408432940567734,-0.0032094787481941668
10.002065935773949,10.007231788639515,0.002065935773948295,0.0072317886395151226
10.001723414360876,9.996584770027047,0.001723414360876616,-0.00341522997295277
10.001380872721288,10.00359087585236,0.001380872721288452,0.0035908758523611976
10.001038314875357,9.97384874419598,0.0010383148753569848,-0.026151255804019363
10.000695744843446,10.001702531330519,0.0006957448434454676,0.001702531330518575
10.000353166646061,10.022680530448335,0.0003531666460603038,0.022680530448334624
10.000010584303803,10.0365719859173,1.058430380368548e-05,0.03657198591729936
9.999668001837327,10.048552155667082,-0.00033199816267354994,0.04855215566708167
9.999325423267281,10.035559526165393,-0.0006745767327191071,0.03555952616539319
9.998982852614274,10.015210968116865,-0.0010171473857264204,0.015210968116865104
9.998640293898818,10.009874571431238,-0.001359706101181841,0.009874571431238266
9.998297751141289,9.98423101353754,-0.0017022488587118225,-0.015768986462459146
9.99795522836187,9.973947084639159,-0.002044771638130106,-0.026052915360842005
9.997612729580515,10.010279968393219,-0.002387270419484858,0.010279968393219055
9.997270258816894,9.987408634375477,-0.0027297411831060246,-0.01259136562452233
9.996927820090347,10.015896806673492,-0.0030721799096522463,0.015896806673492768
9.996585417419842,9.975639796475331,-0.003414582580158202,-0.02436020352466859
9.996243054823918,9.984399701448972,-0.003756945176081739,-0.015600298551027795
9.99590073632065,10.020216098282562,-0.004099263679351027,0.020216098282562114
9.995558465927589,9.969946733058793,-0.0044415340724117255,-0.030053266941206837
9.995216247661725,9.997635607531942,-0.004783752338274126,-0.0023643924680580935
9.99487408553944,10.003045138209302,-0.005125914460560305,0.00304513820930205
9.994531983576449,9.991650421323449,-0.005468016423551253,-0.008349578676551235
9.994189945787767,9.983807709508227,-0.00581005421223401,-0.016192290491772447
9.99384797618765,9.970454299269898,-0.006152023812348743,-0.029545700730102237
9.993506078789563,9.9752244859433,-0.0064939212104360294,-0.024775514056699494
9.993164257606116,10.00432604642223,-0.006835742393883702,0.004326046422230256
9.992822516649026,9.973771904521143,-0.007177483350974116,-0.02622809547885568
9.992480859929069,9.986495345041975,-0.007519140070931187,-0.013504654958024451
9.992139291456033,9.970785309634,-0.00786070854396746,-0.02921469036600085
9.99179781523867,9.996708094421779,-0.00820218476133118,-0.0032919055782210252
9.991456435284647,9.99961250315412,-0.008543564715353327,-0.0003874968458795012
9.991115155600506,9.990116801525494,-0.008884844399494659,-0.009883198474506243
9.990773980191607,10.018875610827967,-0.009226019808392728,0.01887561082796746
9.990432913062092,9.982488656390434,-0.009567086937908857,-0.017511343609566604
9.990091958214824,9.989429827012728,-0.009908041785175292,-0.010570172987271543
9.989751119651357,9.96156175295609,-0.010248880348641928,-0.03843824704390923
9.989410401371877,9.978402884240666,-0.01058959862812345,-0.021597115759335265
9.989069807375154,9.986147162298936,-0.010930192624846229,-0.01385283770106396
9.988729341658505,10.001355044389864,-0.011270658341495255,0.0013550443898648849
9.98838900821774,9.993422456598076,-0.011610991782261056,-0.006577543401924131
9.988048811047113,10.029454094997556,-0.01195118895288659,0.029454094997555497
9.987708754139286,10.00458142019057,-0.012291245860714117,0.004581420190570375
9.987368841485267,10.015346823659847,-0.012631158514732073,0.015346823659846492
9.987029077074379,10.005224931446971,-0.01297092292562189,0.00522493144697146
9.986689464894194,9.97449112344586,-0.013310535105804792,-0.025508876554139043
9.986350008930511,10.003910510444806,-0.013649991069488757,0.003910510444805419
9.986010713167286,10.006796751766798,-0.013989286832715034,0.006796751766797142
9.985671581586596,9.986699671455154,-0.014328418413405083,-0.013300328544845476
9.985332618168593,10.000073322222457,-0.014667381831407256,7.332222245697365e-05
9.984993826891456,9.941853542836531,-0.015006173108543512,-0.05814645716346816
9.984655211731344,9.97574714639206,-0.01534478826865611,-0.024252853607939894
9.984316776662345,10.001330443953997,-0.015683223337654272,0.0013304439539969237
9.98397852565644,10.00943848976396,-0.016021474343560823,0.009438489763960636
9.983640462683441,9.93642515829353,-0.016359537316558814,-0.06357484170647022
9.983302591710961,9.976287610091742,-0.016697408289038058,-0.023712389908257643
9.982964916704358,9.96028246391905,-0.017035083295641875,-0.039717536080950085
9.982627441626686,9.983787823377218,-0.017372558373313373,-0.016212176622781772
9.982290170438658,9.981664483943195,-0.01770982956134213,-0.018335516056804235
9.981953107098589,9.960046036865993,-0.018046892901410632,-0.03995396313400761
9.98161625556236,9.97068117134832,-0.018383744437640733,-0.029318828651681263
9.98127961978336,10.014541748264453,-0.01872038021664009,0.01454174826445312
9.980943203712451,10.017048254085873,-0.01905679628754854,0.017048254085873134
9.980607011297916,9.985502781738177,-0.019392988702084488,-0.01449721826182354
9.98027104648541,9.996755933983932,-0.01972895351459123,-0.003244066016067356
9.979935313217917,9.981360933719202,-0.020064686782083285,-0.018639066280797326
9.979599815435707,9.96506893923395,-0.0204001845642926,-0.03493106076604939
9.979264557076284,10.016153787083379,-0.02073544292371498,0.016153787083378682
9.978929542074344,9.972593183045023,-0.02107045792565604,-0.02740681695497834
9.978594774361722,9.96255332692638,-0.021405225638277556,-0.03744667307361922
9.978260257867356,9.958989567594502,-0.021739742132643566,-0.041010432405498065
9.977925996517234,9.993154738982735,-0.022074003482766485,-0.006845261017265781
9.977591994234347,9.978765287887901,-0.022408005765653174,-0.02123471211209835
9.977258254938649,9.96016589461167,-0.022741745061350994,-0.039834105388330744
9.976924782547005,9.982726143077802,-0.023075217452993794,-0.017273856922198665
9.976591580973151,9.934074832772504,-0.0234084190268479,-0.06592516722749536
9.976258654127642,9.981766759166858,-0.023741345872358023,-0.018233240833141966
9.975926005917806,9.97617960963691,-0.024073994082193146,-0.023820390363090152
9.975593640247707,9.98155881293042,-0.024406359752292522,-0.01844118706957967
9.975261561018089,9.947858886816107,-0.024738438981911255,-0.05214111318389386
9.974929772126334,9.998284475055629,-0.02507022787366623,-0.0017155249443716984
9.974598277466418,9.972476901855867,-0.025401722533581847,-0.027523098144132858
9.974267080928865,9.999796681639227,-0.02573291907113568,-0.0002033183607730027
9.973936186400696,9.985373943565056,-0.026063813599304177,-0.014626056434944348
9.973605597765392,9.992052649594758,-0.026394402234608247,-0.00794735040524253
9.973275318902841,9.967234444406255,-0.02672468109715885,-0.03276555559374528
9.972945353689298,9.948411654759449,-0.02705464631070254,-0.051588345240552225
9.972615705997333,10.000131729336122,-0.027384294002666915,0.00013172933612253662
9.972286379695793,9.970530695664433,-0.027713620304206217,-0.029469304335567298
9.971957378649753,9.9950240620242,-0.028042621350246502,-0.004975937975800596
9.97162870672047,9.989194218938785,-0.028371293279531164,-0.010805781061215842
9.971300367765334,9.962239225630803,-0.02869963223466622,-0.03776077436919677
9.970972365637834,9.993297381819831,-0.02902763436216556,-0.0067026181801682246
9.970644704187503,9.955908894351575,-0.029355295812496202,-0.04409110564842586
9.970317387259877,9.947989856796681,-0.02968261274012344,-0.05201014320331876
9.969990418696444,9.992028110583083,-0.030009581303555993,-0.00797188941691607
9.969663802334608,9.982756038769542,-0.03033619766539111,-0.017243961230458158
9.96933754200764,9.943210262842813,-0.03066245799235955,-0.0567897371571863
9.969011641544629,10.001755768161082,-0.030988358455370596,0.0017557681610816042
9.968686104770443,9.983761887554136,-0.031313895229557104,-0.01623811244586306
9.96836093550568,9.96698811234987,-0.03163906449432019,-0.033011887650129246
9.968036137566626,9.999327725327412,-0.0319638624333742,-0.0006722746725886658
9.967711714765208,9.981144722700634,-0.032288285234791485,-0.01885527729936599
9.967387670908954,9.957371061930054,-0.032612329091047096,-0.04262893806994533
9.967064009800936,9.983960148797031,-0.032935990199063535,-0.01603985120296901
9.966740735239744,9.95479609730178,-0.033259264760255335,-0.04520390269821909
9.966417851019425,9.931366790018423,-0.03358214898057366,-0.06863320998157646
9.96609536092945,9.945601069939933,-0.03390463907055086,-0.054398930060066575
9.965773268754655,9.978961785148664,-0.03422673124534483,-0.021038214851335002
9.965451578275216,9.961929222539927,-0.03454842172478368,-0.03807077746007246
9.96513029326659,9.942689548563452,-0.034869706733409805,-0.05731045143654769
9.964809417499476,9.964513476800182,-0.03519058250052437,-0.03548652319981777
9.96448895473977,9.974676043298468,-0.03551104526023152,-0.025323956701532008
9.964168908748517,9.917568198384261,-0.03583109125148259,-0.08243180161573846
9.96384928328188,9.96911632268539,-0.03615071671812022,-0.0308836773146101
9.963530082091077,9.963048437124124,-0.03646991790892247,-0.03695156287587518
9.963211308922354,9.954727648185068,-0.03678869107764683,-0.04527235181493128
9.962892967516925,10.000840005511296,-0.037107032483074176,0.0008400055112968152
9.962575061610947,9.963355467899756,-0.0374249383890527,-0.03664453210024426
9.962257594935458,9.9423077175952,-0.03774240506454171,-0.05769228240479921
9.961940571216344,9.95993352924781,-0.03805942878365557,-0.04006647075219014
9.961623994174293,9.925347409916041,-0.038376005825707195,-0.07465259008395883
9.961307867524749,9.994130797690374,-0.038692132475251884,-0.005869202309625607
9.96099219497787,9.961577755111302,-0.03900780502213088,-0.03842224488869866
9.960676980238485,9.994848831783484,-0.0393230197615149,-0.005151168216516129
9.960362227006053,9.946718258112773,-0.03963777299394765,-0.05328174188722744
9.960047938974611,9.963514865490557,-0.0399520610253892,-0.03648513450944307
9.95973411983274,9.968361820766468,-0.04026588016725939,-0.03163817923353277
9.959420773263519,9.966640865787564,-0.04057922673648106,-0.033359134212435936
9.959107902944476,9.948452237909626,-0.04089209705552328,-0.051547762090373754
9.958795512547555,9.969565746683621,-0.04120448745244466,-0.0304342533163788
9.958483605739064,9.967970244495978,-0.04151639426093621,-0.032029755504021463
9.958172186179635,9.946874897838438,-0.04182781382036449,-0.05312510216156261
9.957861257524186,9.947218590733383,-0.0421387424758146,-0.052781409266616064
9.957550823421867,10.003936110231079,-0.042449176578133026,0.003936110231078621
9.95724088751603,9.972465244784678,-0.04275911248397047,-0.027534755215322726
9.956931453444176,9.969236196504447,-0.04306854655582463,-0.030763803495553417
9.956622524837917,9.956715970389613,-0.043377475162082874,-0.0432840296103874
9.956314105322935,9.95632706148718,-0.043685894677064886,-0.04367293851282066
9.956006198518935,9.97414912921782,-0.04399380148106517,-0.025850870782181012
9.955698808039605,9.944194074155543,-0.04430119196039555,-0.05580592584445676
9.955391937492573,9.934561259886424,-0.04460806250742771,-0.06543874011357548
9.955085590479365,9.943034599957192,-0.04491440952063527,-0.05696540004280805
9.954779770595364,9.912482437001927,-0.045220229404636283,-0.08751756299807265
9.954474481429765,9.918265674181002,-0.04552551857023532,-0.08173432581899712
9.954169726565535,9.97286941939316,-0.045830273434465656,-0.027130580606839837
9.95386550957937,9.949344531209194,-0.046134490420631245,-0.050655468790805645
9.95356183404165,9.965854630975542,-0.04643816595834879,-0.03414536902445714
9.953258703516411,9.965990016950093,-0.04674129648358956,-0.0340099830499082
9.952956121561279,9.981417881027745,-0.047043878438721286,-0.018582118972254674
9.95265409172745,9.949292347387882,-0.04734590827254982,-0.05070765261211817
9.952352617559638,9.973236902091974,-0.04764738244036102,-0.026763097908026234
9.952051702596037,9.956839582553354,-0.04794829740396207,-0.043160417446646365
9.951751350368276,9.956599095668585,-0.048248649631723206,-0.04340090433141594
9.951451564401381,9.969974735615367,-0.04854843559861908,-0.030025264384634234
9.95115234821373,9.955318276473555,-0.04884765178627018,-0.044681723526445206
9.950853705317016,9.95241493113229,-0.049146294682984065,-0.04758506886770962
9.950555639216203,9.948555544390427,-0.049444360783796645,-0.0514444556095727
9.950258153409488,9.956999389501702,-0.04974184659051326,-0.04300061049829883
9.94996125138825,9.93248905580981,-0.05003874861174978,-0.06751094419018955
9.949664936637026,9.925346719221196,-0.05033506336297351,-0.07465328077880407
9.949369212633457,9.955911922132294,-0.05063078736654417,-0.04408807786770618
9.949074082848245,9.954058588356553,-0.050925917151754735,-0.045941411643446686
9.948779550745128,9.944091555659194,-0.05122044925487201,-0.05590844434080602
9.948485619780822,9.924576817174177,-0.051514380219177404,-0.0754231828258222
9.948192293404993,9.9188159944122,-0.05180770659500751,-0.08118400558780088
9.947899575060205,9.909416419361278,-0.05210042493979451,-0.09058358063872227
9.947607468181893,9.92791696188711,-0.05239253181810667,-0.07208303811289009
9.947315976198311,9.94804154878469,-0.05268402380168859,-0.05195845121530953
9.947025102530498,9.914769081944186,-0.05297489746950143,-0.08523091805581295
9.946734850592238,9.941403198819069,-0.05326514940776316,-0.05859680118093104
9.946445223790011,9.956940313774888,-0.05355477620998849,-0.04305968622511129
9.946156225522971,9.961736559768255,-0.05384377447702894,-0.03826344023174519
9.945867859182886,9.9687702671455,-0.054132140817112775,-0.03122973285450062
9.945580128154115,9.950563819320513,-0.054419871845884676,-0.04943618067948767
9.945293035813554,9.949946227601187,-0.05470696418644552,-0.050053772398814304
9.945006585530608,9.951115585585733,-0.05499341446939206,-0.04888441441426817
9.944720780667144,9.964083575467743,-0.055279219332856434,-0.03591642453225759
9.944435624577455,9.92875956984242,-0.0555643754225456,-0.07124043015758005
9.94415112060822,9.95786200925134,-0.05584887939178074,-0.04213799074865988
9.943867272098464,9.96723910144491,-0.056132727901536505,-0.03276089855509025
9.94358408237952,9.951874360692644,-0.05641591762048023,-0.048125639307355444
9.943301554774989,9.961807788311903,-0.056698445225010975,-0.038192211688097555
9.943019692600702,9.913446568336548,-0.056980307399298706,-0.08655343166345218
9.942738499164678,9.96103349814278,-0.05726150083532294,-0.0389665018572185
9.942457977767088,9.930772774334429,-0.05754202223291177,-0.06922722566557148
9.942178131700219,9.936919320169999,-0.05782186829978053,-0.06308067983000192
9.941898964248429,9.91319960384513,-0.05810103575157044,-0.08680039615486912
9.941620478688113,9.946225248275809,-0.058379521311887166,-0.05377475172419124
9.941342678287661,9.929836966338263,-0.05865732171233923,-0.07016303366173761
9.941065566307424,9.93225232244554,-0.05893443369257643,-0.06774767755445915
9.940789145999672,9.94667463941072,-0.059210854000328064,-0.05332536058928104
9.940513420608559,9.980541950582305,-0.0594865793914411,-0.019458049417694905
9.940238393370082,9.934383473187749,-0.05976160662991823,-0.0656165268122518
9.939964067512044,9.934248690338965,-0.060035932487956,-0.06575130966103539
9.939690446254017,9.955937064706756,-0.06030955374598244,-0.04406293529324319
9.939417532807305,9.914421302459854,-0.06058246719269503,-0.08557869754014734
9.939145330374902,9.936822051592639,-0.06085466962509833,-0.06317794840736124
9.938873842151459,9.962535494723248,-0.061126157848541585,-0.03746450527675197
9.938603071323243,9.948439483173015,-0.061396928676756224,-0.051560516826984315
9.938333021068107,9.969639265041497,-0.06166697893189324,-0.030360734958502784
9.93806369455544,9.943613166467342,-0.06193630544456048,-0.05638683353265697
9.93779509494614,9.911120509126246,-0.062204905053859866,-0.08887949087375493
9.937527225392575,9.925070079619966,-0.06247277460742443,-0.07492992038003382
9.937260089038544,9.964310319706048,-0.06273991096145548,-0.03568968029395229
9.936993689019241,9.900391959518902,-0.06300631098075929,-0.09960804048109828
9.936728028461216,9.896799039981062,-0.06327197153878397,-0.10320096001893825
9.936463110482343,9.951481901706241,-0.06353688951765621,-0.048518098293759276
9.936198938191783,9.961152347730785,-0.0638010618082178,-0.03884765226921477
9.935935514689938,9.923388306565588,-0.06406448531006223,-0.07661169343441128
9.93567284306843,9.932326570828192,-0.06432715693157091,-0.06767342917180762
9.93541092641005,9.892788783608522,-0.06458907358994961,-0.10721121639147818
9.935149767788735,9.969787091894286,-0.06485023221126456,-0.0302129081057136
9.934889370269522,9.922042943892704,-0.06511062973047853,-0.07795705610729567
9.934629736908514,9.922200902696726,-0.06537026309148677,-0.07779909730327296
9.934370870752847,9.905683950630515,-0.0656291292471531,-0.09431604936948626
9.934112774840655,9.928022624994458,-0.06588722515934531,-0.07197737500554138
9.933855452201028,9.952437598073141,-0.0661445477989711,-0.04756240192685873
9.933598905853987,9.914936105481473,-0.06640109414601346,-0.08506389451852671
9.933343138810434,9.918704791586054,-0.06665686118956625,-0.08129520841394727
9.93308815407213,9.95008357763151,-0.06691184592786945,-0.049916422368490365
9.932833954631656,9.9441907395316,-0.0671660453683444,-0.05580926046840003
9.93258054347237,9.946978095679771,-0.067419456527629,-0.05302190432022956
9.932327923568387,9.938362199509363,-0.06767207643161255,-0.061637800490636406
9.93207609788453,9.97888202707263,-0.06792390211547082,-0.021117972927369624
9.931825069376298,9.905673562299171,-0.06817493062370086,-0.09432643770082857
9.931574840989844,9.93130776319393,-0.06842515901015549,-0.06869223680607006
9.931325415661922,9.922174427742847,-0.06867458433807809,-0.07782557225715318
9.931076796319863,9.965331887497136,-0.06892320368013692,-0.03466811250286359
9.93082898588154,9.926465941342382,-0.06917101411845959,-0.07353405865761785
9.930581987255334,9.911601974229345,-0.06941801274466723,-0.08839802577065418
9.93033580334009,9.913259499130273,-0.06966419665990861,-0.08674050086972718
9.930090437025106,9.905945130165483,-0.06990956297489426,-0.09405486983451658
9.92984589119007,9.903826176980177,-0.07015410880993027,-0.09617382301982244
9.929602168705047,9.964267446493178,-0.07039783129495217,-0.0357325535068219
9.92935927243044,9.931345221271831,-0.07064072756955848,-0.06865477872816944
9.929117205216956,9.932391512303907,-0.07088279478304454,-0.06760848769609296
9.928875969905564,9.913610642803096,-0.07112403009443569,-0.08638935719690383
9.92863556932748,9.923208580484076,-0.07136443067252074,-0.0767914195159238
9.928396006304116,9.90284479582121,-0.0716039936958852,-0.09715520417879044
9.928157283647055,9.902712101091272,-0.07184271635294437,-0.09728789890872819
9.927919404158024,9.91182335608845,-0.07208059584197636,-0.08817664391155097
9.927682370628846,9.962448783507547,-0.07231762937115493,-0.03755121649245231
9.927446185841418,9.958952177218167,-0.07255381415858234,-0.041047822781831916
9.927210852567677,9.946460256043759,-0.07278914743232183,-0.05353974395624122
9.92697637356957,9.974710805535285,-0.07302362643043037,-0.025289194464715115
9.92674275159901,9.915368356584246,-0.07325724840099096,-0.08463164341575441
9.926509989397855,9.959337701252675,-0.07349001060214491,-0.040662298747324924
9.926278089697876,9.910093739776421,-0.07372191030212402,-0.0899062602235793
9.926047055220717,9.925661619764105,-0.0739529447792827,-0.07433838023589472
9.92581688867787,9.952437925646016,-0.07418311132212989,-0.047562074353984005
9.92558759277064,9.918276995640975,-0.07441240722936085,-0.08172300435902605
9.925359170190111,9.897650716457267,-0.07464082980988887,-0.10234928354273345
9.925131623617123,9.906748283244395,-0.07486837638287691,-0.09325171675560483
9.924904955722232,9.941550679565992,-0.07509504427776899,-0.05844932043400687
9.924679169165678,9.946330440736311,-0.07532083083432158,-0.05366955926368884
9.924454266597365,9.931651040907752,-0.07554573340263476,-0.06834895909224775
9.924230250656816,9.902521481938715,-0.0757697493431835,-0.09747851806128477
9.924007123973151,9.884092637522501,-0.07599287602684832,-0.11590736247749928
9.923784889165054,9.927842800090815,-0.07621511083494648,-0.07215719990918451
9.923563548840738,9.942553198506468,-0.07643645115926243,-0.05744680149353111
9.92334310559792,9.907594894242356,-0.07665689440207867,-0.0924051057576441
9.923123562023793,9.931175135811142,-0.07687643797620612,-0.06882486418885815
9.922904920694986,9.941506622219352,-0.07709507930501436,-0.05849337778064724
9.922687184177537,9.933835695276418,-0.07731281582246219,-0.06616430472358252
9.922470355026872,9.956022565908272,-0.07752964497312732,-0.04397743409172728
9.922254435787764,9.910481204236596,-0.07774556421223683,-0.08951879576340302
9.922039428994303,9.973947176890066,-0.07796057100569659,-0.026052823109933572
9.921825337169878,9.94637041781594,-0.0781746628301214,-0.053629582184060415
9.921612162827136,9.951306699453843,-0.07838783717286421,-0.04869330054615699
9.921399908467954,9.925057004006554,-0.07860009153204606,-0.07494299599344674
9.921188576583415,9.898436758997008,-0.07881142341658492,-0.10156324100299222
9.920978169653775,9.914812973014671,-0.07902183034622544,-0.08518702698532821
9.920768690148432,9.917863336021691,-0.07923130985156776,-0.08213666397830843
9.920560140525904,9.930260568915877,-0.07943985947409643,-0.06973943108412267
9.92035252323379,9.934455465615015,-0.07964747676620959,-0.06554453438498475
9.920145840708752,9.919435913771268,-0.07985415929124727,-0.08056408622873185
9.919940095376479,9.896231793127127,-0.08005990462352044,-0.10376820687287241
9.91973528965166,9.895964475266211,-0.08026471034833906,-0.10403552473378785
9.91953142593796,9.901145555250654,-0.08046857406204076,-0.09885444474934652
9.91932850662798,9.915973048815475,-0.08067149337201873,-0.08402695118452536
9.919126534103249,9.909076782543973,-0.0808734658967502,-0.09092321745602659
9.918925510734176,9.895021012429794,-0.08107448926582389,-0.10497898757020628
9.918725438880031,9.941928549186368,-0.0812745611199683,-0.058071450813631714
9.91852632088892,9.917813745906448,-0.08147367911107921,-0.08218625409355235
9.918328159097753,9.868396381483425,-0.08167184090224704,-0.13160361851657493
9.918130955832215,9.900322748117663,-0.08186904416778468,-0.09967725188233754
9.917934713406746,9.9008219209959,-0.08206528659325435,-0.0991780790040998
9.917739434124504,9.923969346654449,-0.08226056587549524,-0.07603065334555154
9.91754512027735,9.957621248048072,-0.08245487972265003,-0.04237875195192829
9.917351774145807,9.922808094632767,-0.08264822585419225,-0.07719190536723258
9.917159397999047,9.937051308725732,-0.08284060200095265,-0.06294869127426922
9.916967994094854,9.867360932244832,-0.0830320059051462,-0.13263906775516762
9.916777564679602,9.902194357078846,-0.08322243532039819,-0.09780564292115326
9.91658811198823,9.907034868082215,-0.08341188801177103,-0.09296513191778413
9.91639963824421,9.906126588764472,-0.08360036175579018,-0.09387341123552827
9.91621214565953,9.89564878459961,-0.0837878543404702,-0.1043512154003911
9.916025636434659,9.927258969661562,-0.08397436356534108,-0.07274103033843818
9.915840112758527,9.914743975041654,-0.08415988724147354,-0.08525602495834511
9.915655576808495,9.88682671616867,-0.08434442319150524,-0.11317328383132982
9.915472030750333,9.923747083348257,-0.08452796924966594,-0.07625291665174361
9.915289476738197,9.897974939391775,-0.08471052326180319,-0.10202506060822471
9.915107916914593,9.91832261318544,-0.08489208308540735,-0.0816773868145596
9.914927353410363,9.926029399217919,-0.08507264658963708,-0.07397060078208167
9.914747788344656,9.912435298630598,-0.08525221165534391,-0.08756470136940185
9.914569223824902,9.924830386599012,-0.08543077617509752,-0.0751696134009884
9.91439166194679,9.911710769246323,-0.08560833805321032,-0.08828923075367677
9.914215104794238,9.937608812213673,-0.08578489520576185,-0.0623911877863265
9.914039554439377,9.918925531376164,-0.08596044556062363,-0.08107446862383567
9.913865012942518,9.963890677301931,-0.08613498705748307,-0.03610932269806838
9.913691482352132,9.9070472660855,-0.08630851764786801,-0.0929527339144986
9.91351896470483,9.921258736260036,-0.08648103529517047,-0.0787412637399645
9.91334746202533,9.952812295602365,-0.08665253797467079,-0.04718770439763381
9.913176976326438,9.924441820130923,-0.08682302367356115,-0.07555817986907651
9.91300750960903,9.901653189702174,-0.08699249039096944,-0.09834681029782692
9.912839063862018,9.904174491916857,-0.08716093613798265,-0.09582550808314358
9.91267164106233,9.895559405802594,-0.08732835893766999,-0.10444059419740657
9.912505243174893,9.885465987839451,-0.08749475682510656,-0.11453401216054965
9.912339872152604,9.903820165138162,-0.08766012784739591,-0.0961798348618384
9.912175529936306,9.891564153153812,-0.08782447006369337,-0.10843584684618779
9.912012218454771,9.942287239136132,-0.08798778154522852,-0.057712760863868805
9.911849939624672,9.89650450582459,-0.08815006037532806,-0.1034954941754111
9.911688695350563,9.895635759598116,-0.08831130464943808,-0.10436424040188327
9.911528487524853,9.904188185727154,-0.0884715124751467,-0.09581181427284668
9.911369318027795,9.928992402911375,-0.08863068197220594,-0.07100759708862575
9.911211188727446,9.928963645265462,-0.08878881127255407,-0.07103635473453766
9.911054101479662,9.90247834427766,-0.08894589852033746,-0.09752165572234119
9.910898058128067,9.905330819960646,-0.0891019418719322,-0.09466918003935335
9.910743060504034,9.929052183021208,-0.08925693949596597,-0.0709478169787931
9.910589110426661,9.907802110946424,-0.08941088957333933,-0.0921978890535754
9.910436209702752,9.917508509834589,-0.08956379029724731,-0.08249149016541155
9.9102843601268,9.935350397902392,-0.0897156398732003,-0.06464960209760799
9.910133563480954,9.908271266577751,-0.08986643651904545,-0.09172873342224955
9.909983821535013,9.897767557284112,-0.09001617846498727,-0.10223244271588725
9.909835136046391,9.901578997283648,-0.09016486395360868,-0.0984210027163521
9.909687508760108,9.928018525374847,-0.09031249123989138,-0.07198147462515317
9.909540941408764,9.919569685951082,-0.09045905859123657,-0.08043031404891772
9.909395435712515,9.87981093757749,-0.09060456428748515,-0.12018906242250967
9.909250993379063,9.896209025939338,-0.0907490066209378,-0.10379097406066162
9.909107616103624,9.91580324114268,-0.09089238389637534,-0.08419675885732046
9.908965305568922,9.929892465317284,-0.09103469443107827,-0.07010753468271537
9.908824063445152,9.9262501531092,-0.09117593655484685,-0.07374984689080012
9.90868389138998,9.919004885533022,-0.09131610861002032,-0.08099511446697717
9.908544791048504,9.960871195239047,-0.09145520895149682,-0.03912880476095332
9.908406764053248,9.881797512272223,-0.09159323594675223,-0.11820248772777675
9.908269812024141,9.904484156377787,-0.09173018797585972,-0.09551584362221276
9.908133936568492,9.894145352421917,-0.09186606343150844,-0.1058546475780825
9.907999139280978,9.91510612361081,-0.09200086071902264,-0.08489387638918924
9.907865421743619,9.891010918264483,-0.09213457825638027,-0.10898908173551693
9.907732785525768,9.887948788100385,-0.09226721447423149,-0.11205121189961467
9.907601232184083,9.919411823495413,-0.09239876781591727,-0.0805881765045868
9.907470763262513,9.897728744377813,-0.09252923673748739,-0.10227125562218714
9.907341380292282,9.900276737030723,-0.09265861970771888,-0.09972326296927804
9.907213084791866,9.920435783005301,-0.09278691520813366,-0.07956421699469905
9.907085878266983,9.926810166013896,-0.09291412173301672,-0.0731898339861052
9.906959762210567,9.920924199697005,-0.09304023778943339,-0.07907580030299442
9.906834738102752,9.89686825453839,-0.09316526189724722,-0.10313174546161072
9.906710807410862,9.88720752944935,-0.0932891925891372,-0.11279247055064992
9.906587971589385,9.912101333237079,-0.09341202841061484,-0.08789866676292059
9.906466232079959,9.92014578789251,-0.09353376792004159,-0.07985421210749011
9.906345590311355,9.872695863574029,-0.09365440968864533,-0.12730413642597188
9.906226047699462,9.944039592894995,-0.09377395230053759,-0.055960407105005494
9.90610760564727,9.882356475322,-0.09389239435272971,-0.11764352467800053
9.905990265544851,9.936966964714943,-0.09400973445514973,-0.06303303528505752
9.905874028769341,9.924226086927568,-0.09412597123065838,-0.07577391307243246
9.905758896684935,9.917735557787072,-0.09424110331506547,-0.0822644422129276
9.905644870642854,9.898137593709336,-0.09435512935714568,-0.10186240629066377
9.905531951981345,9.896310397056649,-0.09446804801865463,-0.10368960294335194
9.905420142025655,9.897090109617427,-0.09457985797434454,-0.10290989038257321
9.90530944208802,9.908825667443345,-0.09469055791197956,-0.0911743325566546
9.905199853467648,9.88596150619117,-0.09480014653235158,-0.11403849380882937
9.905091377450704,9.911966746253887,-0.09490862254929504,-0.08803325374611387
9.904984015310298,9.920723188408617,-0.09501598468970238,-0.07927681159138268
9.904877768306461,9.897254654741113,-0.09512223169353874,-0.10274534525888701
9.904772637686143,9.898812684676116,-0.09522736231385694,-0.10118731532388461
9.904668624683188,9.879907932788745,-0.0953313753168119,-0.12009206721125489
9.904565730518325,9.934334272511643,-0.09543426948167537,-0.0656657274883562
9.90446395639915,9.92853528472588,-0.09553604360084997,-0.07146471527411939
9.904363303520116,9.862391371089666,-0.09563669647988364,-0.13760862891033362
9.904263773062516,9.930459654617136,-0.09573622693748353,-0.0695403453828644
9.904165366194471,9.905875662569132,-0.0958346338055298,-0.09412433743086752
9.90406808407091,9.902447233505239,-0.09593191592908945,-0.09755276649476055
9.90397192783357,9.892657122361326,-0.09602807216642979,-0.10734287763867383
9.903876898610967,9.876084576872206,-0.09612310138903196,-0.12391542312779452
9.903782997518396,9.869338907453264,-0.09621700248160393,-0.13066109254673594
9.903690225657906,9.903370962878414,-0.09630977434209394,-0.0966290371215866
9.903598584118297,9.897140100187876,-0.09640141588170306,-0.10285989981212376
9.903508073975102,9.91443202194864,-0.09649192602489831,-0.08556797805135985
9.903418696290576,9.913304031745895,-0.09658130370942498,-0.0866959682541058
9.90333045211368,9.928430758369146,-0.09666954788631936,-0.07156924163085451
9.90324334248008,9.876867636608404,-0.09675665751992087,-0.12313236339159654
9.903157368412115,9.862500495255833,-0.09684263158788425,-0.13749950474416683
9.903072530918807,9.912113593183388,-0.0969274690811917,-0.08788640681661239
9.902988830995836,9.92315272621606,-0.09701116900416444,-0.07684727378394118
9.902906269625525,9.9149200165904,-0.09709373037447472,-0.08507998340960007
9.902824847776843,9.8970407139284,-0.09717515222315705,-0.10295928607159989
9.90274456640538,9.891973201794602,-0.09725543359461986,-0.10802679820539701
9.902665426453343,9.905822642046914,-0.09733457354665642,-0.09417735795308549
9.902587428849543,9.928506794061263,-0.09741257115045619,-0.0714932059387363
9.902510574509385,9.896035804195932,-0.09748942549061546,-0.10396419580406686
9.902434864334852,9.927972580565573,-0.09756513566514825,-0.0720274194344272
9.902360299214504,9.905768964105844,-0.09763970078549693,-0.09423103589415592
9.902286880023457,9.8747457700169,-0.09771311997654243,-0.12525422998309876
9.902214607623385,9.898836487824688,-0.0977853923766148,-0.10116351217531193
9.902143482862497,9.880222719810128,-0.09785651713750305,-0.11977728018987177
9.902073506575535,9.901721341514564,-0.09792649342446537,-0.09827865848543511
9.902004679583762,9.923027828510046,-0.09799532041623865,-0.07697217148995437
9.901937002694952,9.89006082382114,-0.09806299730504836,-0.1099391761788608
9.901870476703381,9.898783268365323,-0.0981295232966179,-0.10121673163467663
9.901805102389822,9.900171111889557,-0.09819489761017791,-0.09982888811044288
9.901740880521524,9.88532066490082,-0.09825911947847556,-0.11467933509917917
9.901677811852217,9.879847940582076,-0.09832218814778339,-0.12015205941792477
9.901615897122092,9.887517285740351,-0.09838410287790827,-0.11248271425964851
9.9015551370578,9.923488511491717,-0.09844486294220005,-0.0765114885082824
9.90149553237244,9.932323210606494,-0.09850446762756009,-0.06767678939350608
9.90143708376555,9.902145228452738,-0.0985629162344496,-0.09785477154726205
9.901379791923102,9.90209113553646,-0.09862020807689795,-0.09790886446353869
9.901323657517489,9.898410796121658,-0.09867634248251056,-0.1015892038783423
9.901268681207522,9.875666976117515,-0.09873131879247697,-0.1243330238824852
9.90121486363842,9.889609795877224,-0.0987851363615784,-0.11039020412277585
9.901162205441805,9.924173114862413,-0.09883779455819547,-0.07582688513758695
9.901110707235684,9.881835928395104,-0.09888929276431556,-0.11816407160489587
9.90106036962446,9.922471414251733,-0.09893963037553995,-0.07752858574826595
9.901011193198908,9.906037927487471,-0.09898880680109114,-0.09396207251252962
9.90096317853618,9.910018420547221,-0.09903682146381958,-0.08998157945277883
9.90091632619979,9.916603305031684,-0.09908367380021055,-0.08339669496831596
9.90087063673961,9.888790759856315,-0.09912936326039073,-0.11120924014368588
9.900826110691865,9.91876173355614,-0.0991738893081347,-0.08123826644386055
9.900782748579129,9.896368703839524,-0.09921725142087118,-0.10363129616047614
9.90074055091031,9.921381086454772,-0.0992594490896892,-0.07861891354522735
9.900699518180655,9.898054915360609,-0.09930048181934403,-0.10194508463939109
9.900659650871736,9.875030137978579,-0.09934034912826306,-0.12496986202142193
9.900620949451449,9.922890971815804,-0.09937905054855141,-0.07710902818419603
9.900583414374003,9.90424838112418,-0.09941658562599737,-0.09575161887581932
9.900547046079922,9.919541161137484,-0.09945295392007786,-0.08045883886251516
9.900511844996036,9.910064414598573,-0.09948815500396346,-0.08993558540142711
9.900477811535476,9.918366742667653,-0.09952218846452354,-0.08163325733234668
9.90044494609767,9.888701574608978,-0.099555053902331,-0.11129842539102178
9.900413249068333,9.90632101867463,-0.09958675093166708,-0.09367898132536939
9.900382720819474,9.906238830404742,-0.09961727918052575,-0.09376116959525674
9.900353361709382,9.891927147845594,-0.09964663829061819,-0.10807285215440521
9.900325172082622,9.944280276980596,-0.0996748279173769,-0.055719723019403956
9.90029815227004,9.907329851110024,-0.09970184772995985,-0.09267014888997535
9.900272302588746,9.92253506344319,-0.09972769741125428,-0.07746493655681064
9.90024762334212,9.93889533570217,-0.09975237665788043,-0.0611046642978294
9.900224114819805,9.912178800624165,-0.09977588518019516,-0.0878211993758351
9.900201777297704,9.877709349740009,-0.09979822270229527,-0.12229065025999034
9.90018061103798,9.919014248233314,-0.09981938896202079,-0.08098575176668547
9.900160616289043,9.906867016175095,-0.09983938371095802,-0.09313298382490574
9.900141793285558,9.897916573845103,-0.09985820671444254,-0.10208342615489725
9.900124142248439,9.897877266568681,-0.09987585775156178,-0.10212273343131807
9.900107663384842,9.90331871549113,-0.09989233661515784,-0.09668128450886969
9.90009235688817,9.890909782316358,-0.09990764311182973,-0.10909021768364213
9.900078222938065,9.917773202459035,-0.09992177706193572,-0.08222679754096557
9.900065261700405,9.890706268570304,-0.09993473829959548,-0.10929373142969707
9.900053473327308,9.917437795623348,-0.099946526672692,-0.08256220437665217
9.900042857957127,9.917185134299329,-0.09995714204287326,-0.08281486570067031
9.900033415714447,9.908777381774645,-0.09996658428555412,-0.09122261822535531
9.900025146710082,9.889484772874644,-0.0999748532899175,-0.11051522712535594
9.900018051041084,9.903380020516694,-0.09998194895891584,-0.09661997948330633
9.900012128790728,9.911704025960752,-0.09998787120927223,-0.0882959740392485
9.90000738002852,9.913965888178272,-0.0999926199714813,-0.08603411182172897
9.90000380481019,9.879933157147699,-0.09999619518981018,-0.12006684285230124
9.9000014031777,9.936216585431815,-0.09999859682229895,-0.06378341456818593
9.900000175159239,9.895582294393911,-0.09999982484076136,-0.10441770560608822
9.900000120769215,9.927792504141118,-0.09999987923078503,-0.07220749585888225
9.900001240008269,9.892704570536788,-0.09999875999173158,-0.10729542946321198
9.900003532863263,9.906300309465877,-0.09999646713673677,-0.09369969053412316
9.90000699930729,9.910168865093288,-0.09999300069271022,-0.08983113490671234
9.900011639299665,9.896588116748296,-0.09998836070033518,-0.10341188325170457
9.900017452785931,9.90455305479162,-0.09998254721406803,-0.09544694520838048
9.900024439697862,9.921065271400542,-0.09997556030213761,-0.07893472859945902
9.900032599953455,9.897415274726178,-0.09996740004654446,-0.1025847252738221
9.90004193345694,9.896214059437556,-0.0999580665430598,-0.10378594056244479
9.900052440098776,9.891418282600076,-0.0999475599012245,-0.10858171739992357
9.900064119755653,9.934477103183829,-0.09993588024434771,-0.06552289681617195
9.900076972290494,9.891211605767408,-0.09992302770950544,-0.10878839423259269
9.90009099755246,9.869902581022782,-0.09990900244753893,-0.13009741897721772
9.900106195376948,9.869839358835492,-0.09989380462305299,-0.1301606411645081
9.900122565585587,9.85988736717965,-0.09987743441441388,-0.14011263282034966
9.900140107986253,9.892702357094674,-0.09985989201374736,-0.10729764290532576
9.900158822373063,9.858898596879087,-0.09984117762693641,-0.14110140312091374
9.900178708526381,9.927869968691487,-0.09982129147361878,-0.07213003130851275
9.900199766212815,9.899473063484365,-0.09980023378718442,-0.10052693651563507
9.900221995185227,9.911027751660349,-0.09977800481477277,-0.08897224833965188
9.900245395182731,9.87221625613479,-0.0997546048172698,-0.12778374386521044
9.900269965930695,9.893421752428912,-0.09973003406930506,-0.10657824757108858
9.900295707140751,9.906317894938839,-0.09970429285924831,-0.09368210506116015
9.900322618510794,9.860762445337311,-0.09967738148920625,-0.13923755466268806
9.900350699724981,9.882578307589425,-0.09964930027501895,-0.1174216924105754
9.900379950453743,9.931832697744335,-0.09962004954625606,-0.06816730225566546
9.900410370353788,9.901267591274259,-0.09958962964621307,-0.0987324087257415
9.900441959068093,9.912538350661814,-0.0995580409319072,-0.08746164933818697
9.900474716225927,9.87271072919116,-0.09952528377407324,-0.12728927080884042
9.90050864144284,9.910400023222076,-0.0994913585571592,-0.08959997677792333
9.900543734320678,9.866593593551142,-0.09945626567932175,-0.13340640644885782
9.900579994447579,9.92066065298111,-0.09942000555242159,-0.07933934701888964
9.900617421397982,9.870297722667866,-0.09938257860201866,-0.12970227733213385
9.900656014732633,9.910634954169316,-0.09934398526736704,-0.08936504583068486
9.90069577399859,9.923283302253767,-0.09930422600140991,-0.07671669774623394
9.900736698729226,9.89641622035921,-0.09926330127077408,-0.10358377964079032
9.900778788444235,9.916324305463915,-0.09922121155576472,-0.08367569453608542
9.90082204264964,9.9388950903579,-0.09917795735035953,-0.061104909642100344
9.900866460837797,9.867935244724844,-0.09913353916220308,-0.13206475527515626
9.900912042487398,9.89291119825899,-0.09908795751260074,-0.10708880174101132
9.900958787063487,9.893817955550686,-0.09904121293651268,-0.106182044449314
9.901006694017452,9.891304605932136,-0.09899330598254748,-0.10869539406786327
9.901055762787044,9.88228790766325,-0.09894423721295577,-0.11771209233675069
9.901105992796376,9.894560327917745,-0.0988940072036236,-0.10543967208225516
9.901157383455935,9.906941652445576,-0.09884261654406565,-0.09305834755442442
9.901209934162582,9.928189527275228,-0.0987900658374184,-0.07181047272477288
9.901263644299567,9.940982880743176,-0.09873635570043296,-0.059017119256824443
9.901318513236532,9.935342940096596,-0.09868148676346787,-0.06465705990340392
9.901374540329519,9.896605412077934,-0.0986254596704817,-0.10339458792206636
9.901431724920975,9.900515260927474,-0.09856827507902553,-0.09948473907252683
9.901490066339765,9.925820121574912,-0.09850993366023514,-0.07417987842508776
9.901549563901177,9.889492421611736,-0.0984504360988232,-0.11050757838826301
9.90161021690693,9.906291793645144,-0.09838978309307127,-0.09370820635485709
9.901672024645178,9.944771117797067,-0.09832797535482146,-0.055228882202933066
9.901734986390531,9.906223652163204,-0.09826501360946832,-0.09377634783679523
9.90179910140405,9.890733429203483,-0.09820089859595,-0.10926657079651791
9.90186436893326,9.8801356471518,-0.09813563106673995,-0.11986435284819967
9.901930788212162,9.905348816877071,-0.0980692117878377,-0.0946511831229292
9.90199835846124,9.899016591212652,-0.09800164153876023,-0.10098340878734911
9.902067078887468,9.91219606408149,-0.09793292111253254,-0.0878039359185094
9.902136948684321,9.888664177262344,-0.09786305131567856,-0.11133582273765621
9.902207967031789,9.894957344718387,-0.09779203296821148,-0.10504265528161347
9.902280133096376,9.915747277655553,-0.09771986690362432,-0.08425272234444663
9.90235344603112,9.892878407798463,-0.09764655396888,-0.10712159220153715
9.902427904975598,9.892342806514437,-0.09757209502440148,-0.10765719348556357
9.902503509055938,9.884841850531187,-0.09749649094406165,-0.11515814946881323
9.902580257384827,9.915901446637653,-0.09741974261517304,-0.08409855336234764
9.902658149061523,9.931606745071294,-0.09734185093847747,-0.06839325492870561
9.902737183171865,9.910759871733129,-0.09726281682813535,-0.08924012826687111
9.902817358788285,9.92050616745677,-0.09718264121171516,-0.07949383254322986
9.902898674969817,9.891377634520342,-0.09710132503018236,-0.1086223654796578
9.902981130762111,9.913232864559369,-0.09701886923788845,-0.08676713544063129
9.90306472519744,9.897413295664487,-0.09693527480255977,-0.10258670433551342
9.903149457294713,9.920254086039535,-0.09685054270528608,-0.07974591396046618
9.903235326059491,9.891717845287783,-0.09676467394050914,-0.10828215471221639
9.90332233048399,9.855945632223303,-0.09667766951601091,-0.1440543677766968
9.903410469547097,9.911756275896767,-0.0965895304529019,-0.0882437241032327
9.903499742214391,9.920765010392333,-0.096500257785609,-0.07923498960766731
9.903590147438136,9.898425664717122,-0.09640985256186349,-0.10157433528287799
9.903681684157311,9.904004295772822,-0.0963183158426886,-0.09599570422717878
9.903774351297614,9.894420948990396,-0.09622564870238723,-0.1055790510096045
9.90386814777147,9.869275621076756,-0.09613185222852917,-0.13072437892324323
9.903963072478062,9.906792291960194,-0.09603692752193842,-0.09320770803980515
9.90405912430332,9.924611735441832,-0.09594087569668032,-0.07538826455816673
9.90415630211995,9.946451031337261,-0.09584369788004835,-0.053548968662738436
9.904254604787448,9.907482491347572,-0.09574539521255103,-0.092517508652427
9.904354031152101,9.903251276582743,-0.0956459688478984,-0.0967487234172571
9.90445458004701,9.904088792109519,-0.09554541995298865,-0.0959112078904804
9.904556250292107,9.9115007647498,-0.09544374970789424,-0.08849923525019959
9.904659040694153,9.912677984637586,-0.09534095930584818,-0.08732201536241371
9.90476295004677,9.880124939510782,-0.09523704995322996,-0.11987506048921798
9.904867977130449,9.887832613541017,-0.09513202286955146,-0.11216738645898326
9.904974120712557,9.875273165126925,-0.09502587928744254,-0.12472683487307457
9.905081379547363,9.883855410716485,-0.0949186204526366,-0.11614458928351432
9.905189752376044,9.91469498213417,-0.09481024762395612,-0.08530501786582985
9.905299237926702,9.897866917195485,-0.09470076207329761,-0.10213308280451552
9.905409834914384,9.892633101521547,-0.09459016508561692,-0.10736689847845392
9.905521542041086,9.922646197786921,-0.09447845795891396,-0.07735380221307835
9.905634357995782,9.888046825865905,-0.09436564200421772,-0.11195317413409542
9.905748281454429,9.917505126286697,-0.09425171854557057,-0.08249487371330227
9.905863311079987,9.89224651996998,-0.094136688920013,-0.10775348003002022
9.905979445522432,9.880936472987672,-0.09402055447756774,-0.1190635270123282
9.906096683418776,9.912394201435392,-0.09390331658122408,-0.0876057985646081
9.906215023393079,9.893942149948668,-0.0937849766069217,-0.10605785005133228
9.906334464056465,9.891374373728947,-0.09366553594353456,-0.10862562627105231
9.906455004007146,9.900020106249102,-0.09354499599285482,-0.09997989375089851
9.906576641830425,9.892918386044991,-0.09342335816957598,-0.10708161395500931
9.906699376098723,9.886090895527312,-0.09330062390127675,-0.1139091044726874
9.906823205371596,9.876987425111327,-0.09317679462840381,-0.12301257488867354
9.906948128195745,9.925158564486587,-0.09305187180425536,-0.0748414355134128
9.907074143105037,9.899992577539305,-0.09292585689496369,-0.10000742246069573
9.907201248620522,9.920391173113691,-0.09279875137947828,-0.07960882688630966
9.907329443250452,9.897014494924731,-0.09267055674954815,-0.10298550507526849
9.907458725490295,9.900519995733076,-0.09254127450970462,-0.09948000426692417
9.907589093822757,9.93287259951909,-0.09241090617724346,-0.0671274004809092
9.907720546717792,9.929199453494993,-0.09227945328220712,-0.07080054650500606
9.907853082632633,9.920854136585639,-0.09214691736736697,-0.07914586341436164
9.907986700011795,9.912061278902941,-0.09201329998820482,-0.08793872109705847
9.908121397287104,9.91634859668657,-0.09187860271289505,-0.08365140331343116
9.908257172877715,9.89293936946734,-0.09174282712228593,-0.10706063053265961
9.90839402519012,9.893655755300687,-0.0916059748098812,-0.10634424469931278
9.908531952618178,9.896731181353926,-0.09146804738182131,-0.10326881864607429
9.908670953543135,9.909843249658007,-0.09132904645686468,-0.09015675034199405
9.908811026333632,9.908791087615086,-0.09118897366636845,-0.09120891238491344
9.90895216934573,9.942531175586362,-0.0910478306542697,-0.05746882441363712
9.909094380922934,9.890341708828057,-0.09090561907706585,-0.10965829117194377
9.909237659396204,9.941434256881832,-0.09076234060379523,-0.058565743118167875
9.909382003083982,9.887312067736687,-0.09061799691601785,-0.11268793226331317
9.909527410292204,9.93395154080938,-0.0904725897077951,-0.06604845919062094
9.90967387931433,9.906436141100789,-0.09032612068567045,-0.0935638588992115
9.909821408431352,9.921629888660087,-0.09017859156864888,-0.07837011133991265
9.909969995911823,9.948949243350537,-0.09003000408817723,-0.05105075664946232
9.910119640011876,9.921101251696118,-0.08988035998812335,-0.0788987483038822
9.910270338975243,9.870504181087687,-0.08972966102475616,-0.12949581891231188
9.910422091033276,9.899217504285144,-0.08957790896672456,-0.1007824957148561
9.910574894404963,9.900553541725966,-0.08942510559503697,-0.09944645827403481
9.91072874729696,9.91784648029986,-0.08927125270304043,-0.08215351970014047
9.910883647903601,9.928217564305339,-0.08911635209639931,-0.0717824356946612
9.911039594406926,9.946327954986137,-0.08896040559307446,-0.053672045013863
9.911196584976699,9.912848253996554,-0.08880341502330151,-0.0871517460034464
9.91135461777043,9.897440237618543,-0.08864538222956973,-0.10255976238145678
9.9115136909334,9.885558496061554,-0.08848630906660011,-0.11444150393844535
9.911673802598676,9.927527137535415,-0.08832619740132389,-0.07247286246458509
9.91183495088714,9.93802401957901,-0.0881650491128603,-0.06197598042098863
9.911997133907505,9.905245323451927,-0.08800286609249489,-0.0947546765480719
9.912160349756343,9.8915483132048,-0.08783965024365697,-0.10845168679520045
9.912324596518102,9.925841790198332,-0.08767540348189752,-0.07415820980166872
9.912489872265134,9.948560213048898,-0.08751012773486669,-0.051439786951101164
9.912656175057709,9.923172047982499,-0.08734382494229094,-0.07682795201750058
9.912823502944049,9.89421264690665,-0.08717649705595067,-0.10578735309334968
9.912991853960342,9.896578293321818,-0.08700814603965687,-0.10342170667818129
9.913161226130772,9.934491651850555,-0.08683877386922852,-0.0655083481494449
9.91333161746753,9.93154123690783,-0.08666838253246895,-0.06845876309216968
9.913503025970858,9.914995276944477,-0.08649697402914293,-0.08500472305552197
9.913675449629046,9.900184507862141,-0.08632455037095288,-0.09981549213785876
9.913848886418485,9.900181323955279,-0.08615111358151546,-0.09981867604472094
9.914023334303662,9.899824197787236,-0.08597666569633772,-0.10017580221276365
9.914198791237206,9.923205460125565,-0.08580120876279318,-0.07679453987443449
9.914375255159902,9.914985104194724,-0.08562474484009802,-0.08501489580527569
9.914552724000714,9.907415995545339,-0.08544727599928653,-0.0925840044546616
9.914731195676813,9.891630451742499,-0.08526880432318724,-0.10836954825750215
9.914910668093603,9.92339207238269,-0.0850893319063981,-0.07660792761731056
9.915091139144737,9.906857550377905,-0.0849088608552622,-0.09314244962209517
9.915272606712158,9.904448826928279,-0.08472739328784272,-0.09555117307172142
9.915455068666102,9.927704806987688,-0.08454493133389848,-0.07229519301231159
9.915638522865141,9.943182677300603,-0.08436147713485852,-0.056817322699396045
9.915822967156203,9.957469769455416,-0.08417703284379735,-0.04253023054458371
9.91600839937459,9.890183732760459,-0.08399160062540936,-0.10981626723954026
9.916194817344017,9.934305105243801,-0.08380518265598358,-0.06569489475619913
9.916382218876622,9.895970517569715,-0.08361778112337825,-0.1040294824302839
9.916570601773005,9.911241408646182,-0.08342939822699479,-0.08875859135381839
9.916759963822248,9.929661988634379,-0.0832400361777524,-0.07033801136562073
9.916950302801938,9.946894691093245,-0.08304969719806177,-0.053105308906754106
9.917141616478201,9.921887611332188,-0.0828583835217993,-0.07811238866781255
9.91733390260572,9.90484710790389,-0.08266609739428052,-0.0951528920961103
9.917527158927767,9.906146128239598,-0.08247284107223417,-0.09385387176040108
9.917721383176225,9.923399992229928,-0.08227861682377532,-0.07660000777007182
9.91791657307162,9.895361778210011,-0.08208342692837894,-0.10463822178998855
9.918112726323146,9.929881179103484,-0.08188727367685326,-0.0701188208965154
9.918309840628687,9.921813436642731,-0.08169015937131256,-0.07818656335726815
9.91850791367485,9.876901280264763,-0.08149208632515052,-0.12309871973523703
9.918706943136987,9.885017686586291,-0.08129305686301273,-0.11498231341370801
9.918906926679231,9.885955308244998,-0.08109307332076975,-0.11404469175500123
9.91910786195451,9.917057351172193,-0.0808921380454893,-0.08294264882780661
9.919309746604592,9.938109220903913,-0.08069025339540915,-0.061890779096087985
9.919512578260091,9.906342677494276,-0.08048742173990904,-0.09365732250572337
9.919716354540517,9.899106427459099,-0.0802836454594832,-0.10089357254090112
9.919921073054288,9.90017516184426,-0.08007892694571217,-0.09982483815574103
9.920126731398765,9.923133181741537,-0.0798732686012348,-0.07686681825846287
9.92033332716028,9.900981977506488,-0.07966667283972023,-0.09901802249351213
9.92054085791416,9.925615954364835,-0.07945914208583921,-0.0743840456351658
9.920749321224765,9.956366241686341,-0.07925067877523606,-0.04363375831365857
9.9209587146455,9.948913151836939,-0.07904128535449968,-0.05108684816306054
9.921169035718865,9.899758604869957,-0.07883096428113519,-0.10024139513004268
9.921380281976464,9.897664583922191,-0.07861971802353473,-0.10233541607780805
9.921592450939052,9.920732249282203,-0.07840754906094895,-0.0792677507177973
9.921805540116543,9.894630817078086,-0.07819445988345734,-0.10536918292191295
9.92201954700806,9.9472097356203,-0.07798045299193959,-0.05279026437970111
9.922234469101955,9.91414883972546,-0.07776553089804579,-0.08585116027454019
9.922450303875832,9.842873952918959,-0.07754969612416712,-0.15712604708104067
9.922667048796594,9.926977888549168,-0.0773329512034064,-0.07302211145083311
9.922884701320452,9.929733555792096,-0.07711529867954803,-0.07026644420790407
9.923103258892972,9.924393761147227,-0.07689674110702849,-0.07560623885277194
9.923322718949095,9.954859769178128,-0.07667728105090599,-0.04514023082187098
9.92354307891317,9.927350861363182,-0.07645692108683078,-0.07264913863681782
9.923764336198985,9.93723284035605,-0.07623566380101451,-0.0627671596439504
9.923986488209799,9.941218970524158,-0.07601351179020024,-0.05878102947584196
9.924209532338368,9.924848692311457,-0.07579046766163162,-0.07515130768854283
9.924433465966978,9.894854906717839,-0.07556653403302266,-0.10514509328216178
9.924658286467473,9.889309093634617,-0.07534171353252667,-0.1106909063653829
9.924883991201295,9.949592145192089,-0.07511600879870553,-0.05040785480791157
9.9251105775195,9.913790124860096,-0.07488942248049894,-0.08620987513990326
9.925338042762807,9.915943436629512,-0.07466195723719292,-0.08405656337048803
9.92556638426161,9.948403745361777,-0.07443361573838905,-0.05159625463822297
9.925795599336027,9.911254327713326,-0.07420440066397266,-0.0887456722866742
9.926025685295919,9.940040165239674,-0.07397431470408188,-0.0599598347603262
9.926256639440924,9.910472483519703,-0.07374336055907559,-0.0895275164802978
9.926488459060497,9.922332447649326,-0.07351154093950217,-0.07766755235067352
9.926721141433934,9.913716723784145,-0.07327885856606728,-0.08628327621585626
9.926954683830397,9.914820231533916,-0.07304531616960229,-0.08517976846608458
9.927189083508969,9.888460715883387,-0.07281091649103193,-0.11153928411661312
9.927424337718659,9.942180693862994,-0.07257566228134227,-0.057819306137006254
9.927660443698452,9.930472758936629,-0.07233955630154855,-0.0695272410633704
9.927897398677338,9.929094605032418,-0.07210260132266244,-0.07090539496758241
9.92813519987434,9.94366692290608,-0.07186480012565996,-0.05633307709391923
9.928373844498552,9.910022740891652,-0.07162615550144834,-0.08997725910834806
9.928613329749167,9.939123160429615,-0.07138667025083377,-0.06087683957038465
9.928853652815512,9.893393107648981,-0.07114634718448809,-0.10660689235101914
9.929094810877084,9.92230633857977,-0.0709051891229162,-0.07769366142022996
9.929336801103577,9.912017088115622,-0.07066319889642257,-0.08798291188437832
9.929579620654922,9.914094647800164,-0.07042037934507828,-0.08590535219983515
9.929823266681312,9.948808935622834,-0.0701767333186877,-0.05119106437716525
9.930067736323245,9.977190022831907,-0.0699322636767548,-0.022809977168093062
9.93031302671155,9.934761217649992,-0.06968697328844999,-0.06523878235000856
9.930559134967424,9.96306063921876,-0.06944086503257589,-0.03693936078123924
9.930806058202466,9.937091659519,-0.0691939417975342,-0.06290834048100089
9.931053793518709,9.933704482305421,-0.06894620648129118,-0.06629551769457821
9.931302338008656,9.95210992912488,-0.06869766199134418,-0.047890070875120316
9.931551688755313,9.914316409082033,-0.06844831124468696,-0.08568359091796703
9.931801842832224,9.93476749143577,-0.0681981571677761,-0.06523250856423021
9.932052797303504,9.94309128791367,-0.06794720269649601,-0.05690871208632958
9.932304549223876,9.920408045210124,-0.06769545077612488,-0.07959195478987538
9.9325570956387,9.950054680096605,-0.06744290436130011,-0.049945319903395194
9.932810433584017,9.883550313814911,-0.06718956641598334,-0.11644968618508811
9.933064560086574,9.927243050054821,-0.06693543991342606,-0.07275694994517796
9.933319472163866,9.929822851101033,-0.06668052783613426,-0.07017714889896663
9.933575166824166,9.91179778693664,-0.06642483317583396,-0.08820221306336047
9.933831641066565,9.932155877427213,-0.06616835893343553,-0.06784412257278667
9.934088891881,9.935709115682785,-0.06591110811899903,-0.06429088431721511
9.934346916248302,9.921987115725818,-0.06565308375169832,-0.07801288427418168
9.934605711140215,9.900088285545165,-0.0653942888597862,-0.09991171445483477
9.934865273519442,9.909000546251553,-0.06513472648055836,-0.09099945374844678
9.935125600339681,9.937550965462568,-0.06487439966031798,-0.062449034537432155
9.935386688545659,9.913504813097438,-0.06461331145434013,-0.08649518690256239
9.935648535073165,9.924472018281524,-0.06435146492683551,-0.07552798171847569
9.935911136849086,9.949417113048733,-0.0640888631509149,-0.05058288695126571
9.936174490791448,9.917600012850798,-0.06382550920855272,-0.08239998714920159
9.936438593809449,9.945654204348159,-0.06356140619055127,-0.05434579565184128
9.936703442803497,9.939046347577724,-0.063296557196504,-0.060953652422276225
9.93696903466524,9.932906101585754,-0.06303096533475955,-0.06709389841424677
9.937235366277616,9.981006406853227,-0.0627646337223849,-0.01899359314677177
9.93750243451487,9.920009003703042,-0.062497565485129206,-0.07999099629695766
9.937770236242613,9.899837435469237,-0.06222976375738666,-0.10016256453076178
9.93803876831784,9.93488404562439,-0.061961231682159945,-0.06511595437560977
9.938308027588976,9.922515841829219,-0.061691972411023525,-0.07748415817078169
9.938578010895913,9.930184208322151,-0.061421989104086167,-0.06981579167784871
9.938848715070046,9.934350060635515,-0.06115128492995442,-0.0656499393644856
9.939120136934305,9.909138731617805,-0.0608798630656949,-0.09086126838219519
9.939392273303202,9.967303157783393,-0.06060772669679751,-0.0326968422166071
9.939665120982863,9.911361368395927,-0.06033487901713752,-0.08863863160407395
9.939938676771062,9.942797137975322,-0.060061323228938646,-0.057202862024678044
9.940212937457265,9.938385366625349,-0.05978706254273496,-0.06161463337465168
9.940487899822667,9.967944701856162,-0.05951210017733344,-0.03205529814383906
9.940763560640224,9.918175936275754,-0.059236439359776405,-0.08182406372424665
9.941039916674697,9.939286302383739,-0.05896008332530313,-0.060713697616260616
9.941316964682688,9.927882904119834,-0.05868303531731244,-0.07211709588016661
9.941594701412676,9.969229678559925,-0.05840529858732411,-0.030770321440075184
9.941873123605058,9.92361189501019,-0.05812687639494122,-0.07638810498981023
9.942152227992189,9.927305815862642,-0.05784777200781141,-0.07269418413735727
9.942432011298411,9.946741747144513,-0.057567988701588996,-0.05325825285548686
9.942712470240103,9.918017125677087,-0.05728752975989604,-0.08198287432291343
9.942993601525716,9.915381603252918,-0.057006398474284375,-0.08461839674708135
9.943275401855804,9.922312153578948,-0.056724598144196385,-0.07768784642105145
9.943557867923074,9.941041674108199,-0.05644213207692664,-0.058958325891801076
9.943840996412417,9.938131884742184,-0.05615900358758317,-0.06186811525781669
9.944124784000952,9.962969667211933,-0.05587521599904813,-0.03703033278806735
9.944409227358062,9.955474102348171,-0.055590772641939325,-0.04452589765182876
9.944694323145429,9.958410845684575,-0.05530567685457061,-0.04158915431542464
9.944980068017086,9.975600277445185,-0.05501993198291321,-0.024399722554815262
9.945266458619445,9.934037391735318,-0.05473354138055595,-0.06596260826468153
9.945553491591333,9.931755380084576,-0.05444650840866641,-0.0682446199154234
9.94584116356405,9.926255281154456,-0.05415883643595091,-0.07374471884554375
9.946129471161385,9.937307918827965,-0.05387052883861563,-0.0626920811720339
9.946418410999673,9.951119061346782,-0.05358158900032635,-0.048880938653217895
9.946707979687831,9.943523274154622,-0.053292020312169064,-0.05647672584537911
9.94699817382739,9.906272713783451,-0.05300182617261034,-0.0937272862165491
9.947288990012543,9.9517428281513,-0.05271100998745694,-0.048257171848700625
9.947580424830184,9.957381673889158,-0.05241957516981645,-0.04261832611084204
9.947872474859944,9.94355971090178,-0.05212752514005661,-0.05644028909821859
9.948165136674234,9.954490740112101,-0.051834863325765784,-0.04550925988789965
9.948458406838288,9.920027517653775,-0.05154159316171211,-0.07997248234622412
9.948752281910195,9.938766298269094,-0.05124771808980382,-0.06123370173090571
9.949046758440952,9.967794955911614,-0.05095324155904823,-0.03220504408838497
9.949341832974488,9.90310464631315,-0.05065816702551185,-0.09689535368685066
9.94963750204772,9.947422572472071,-0.050362497952279296,-0.052577427527929016
9.949933762190588,9.943399407700642,-0.05006623780941293,-0.05660059229935791
9.950230609926088,9.948206863325114,-0.04976939007391226,-0.051793136674885935
9.950528041770328,9.919652880951073,-0.04947195822967268,-0.08034711904892694
9.950826054232556,9.946230223279617,-0.04917394576744519,-0.05376977672038297
9.951124643815206,9.913962853847986,-0.04887535618479474,-0.0860371461520141
9.95142380701394,9.955096557139967,-0.04857619298605989,-0.044903442860033206
9.951723540317689,9.980472245575562,-0.04827645968231102,-0.019527754424437264
9.95202384020869,9.931439196408917,-0.047976159791309744,-0.06856080359108355
9.952324703162533,9.981519477909902,-0.04767529683746699,-0.018480522090097786
9.952626125648198,9.907210714685045,-0.04737387435180229,-0.0927892853149552
9.952928104128098,9.956702215119858,-0.04707189587190178,-0.04329778488014289
9.953230635058123,9.96227448202875,-0.04676936494187691,-0.037725517971250365
9.953533714887676,9.986386411553548,-0.04646628511232308,-0.013613588446451677
9.953837340059723,9.964262362172995,-0.046162659940277434,-0.035737637827005383
9.954141507010823,9.95124221196783,-0.04585849298917774,-0.048757788032168584
9.95444621217118,9.96556226070596,-0.04555378782881994,-0.03443773929404016
9.954751451964682,9.958946948963115,-0.04524854803531686,-0.04105305103688535
9.955057222808945,9.936500463142032,-0.04494277719105565,-0.06349953685796769
9.955363521115343,9.912233917071362,-0.04463647888465633,-0.08776608292863913
9.955670343289071,9.948423733527614,-0.04432965671092916,-0.05157626647238539
9.955977685729167,9.951694700093952,-0.04402231427083265,-0.04830529990604817
9.95628554482857,9.941505356901033,-0.04371445517143155,-0.05849464309896826
9.956593916974146,9.935739969533108,-0.04340608302585399,-0.0642600304668927
9.95690279854675,10.003599530223962,-0.04309720145324965,0.003599530223961686
9.957212185921254,9.97094855698022,-0.042787814078746704,-0.029051443019779796
9.95752207546659,9.967802828516179,-0.042477924533409886,-0.03219717148382109
9.957832463545802,9.941136244576159,-0.04216753645419724,-0.05886375542384213
9.958143346516081,9.93946886169948,-0.041856653483918066,-0.060531138300521134
9.95845472072881,9.917988019645497,-0.04154527927118956,-0.0820119803545036
9.958766582529606,9.96797556240812,-0.041233417470394586,-0.0320244375918805
9.959078928258362,9.97107756930174,-0.04092107174163826,-0.028922430698260948
9.959391754249294,10.000386524228412,-0.04060824575070523,0.00038652422841181644
9.959705056830984,9.957382947693475,-0.04029494316901686,-0.04261705230652599
9.960018832326412,9.92866970368921,-0.03998116767358765,-0.07133029631079107
9.960333077053017,9.949076154105427,-0.03966692294698265,-0.05092384589457244
9.960647787322726,9.926620424318852,-0.03935221267727364,-0.07337957568114828
9.960962959442003,9.950521368337878,-0.03903704055799648,-0.049478631662122796
9.961278589711894,9.953315391132115,-0.03872141028810709,-0.046684608867885447
9.961594674428062,9.979273354664663,-0.03840532557193876,-0.020726645335336587
9.961911209880842,9.94655075650411,-0.03808879011915792,-0.053449243495889795
9.962228192355278,9.928697280986437,-0.037771807644721336,-0.07130271901356239
9.962545618131168,9.97967654024139,-0.037454381868831925,-0.02032345975860929
9.962863483483105,9.944299824389844,-0.03713651651689529,-0.05570017561015561
9.963181784680524,9.964586563542657,-0.036818215319476315,-0.035413436457343746
9.963500517987745,9.974708266716755,-0.03649948201225473,-0.025291733283244633
9.963819679664018,9.95536905612729,-0.03618032033598201,-0.04463094387271004
9.964139265963563,9.963067525107997,-0.03586073403643674,-0.036932474892002506
9.964459273135619,9.931496726205355,-0.03554072686438135,-0.06850327379464549
9.964779697424483,9.948461242911364,-0.03522030257551744,-0.05153875708863573
9.965100535069558,9.93280358181903,-0.03489946493044233,-0.06719641818096912
9.965421782305397,9.951920644313399,-0.034578217694604306,-0.04807935568660101
9.965743435361741,9.991722309910553,-0.03425656463825905,-0.00827769008944627
9.966065490463576,9.967250459310756,-0.03393450953642484,-0.032749540689242844
9.966387943831162,9.975784158344135,-0.033612056168838465,-0.02421584165586551
9.96671079168009,9.968401067213001,-0.033289208319911154,-0.03159893278699884
9.967034030221317,9.94849450338267,-0.03296596977868354,-0.05150549661732892
9.967357655661218,9.953555758893796,-0.03264234433878189,-0.04644424110620415
9.967681664201628,9.97257640573128,-0.03231833579837287,-0.02742359426871933
9.96800605203988,9.964709163925967,-0.0319939479601197,-0.03529083607403369
9.968330815368864,9.974258570741807,-0.0316691846311368,-0.02574142925819429
9.968655950377054,9.947877348529078,-0.03134404962294579,-0.0521226514709232
9.96898145324857,9.962100433150622,-0.031018546751430204,-0.03789956684937828
9.969307320163209,9.990471609442313,-0.03069267983679091,-0.009528390557686249
9.969633547296498,9.97746509803097,-0.030366452703501565,-0.022534901969028735
9.969960130819738,9.952929133022135,-0.030039869180263103,-0.04707086697786585
9.97028706690004,9.936568018475874,-0.029712933099959527,-0.06343198152412571
9.970614351700387,9.964464042726929,-0.0293856482996122,-0.035535957273071773
9.970941981379665,9.951657012220187,-0.02905801862033551,-0.0483429877798139
9.971269952092708,9.997222291155376,-0.028730047907291112,-0.0027777088446241383
9.971598259990357,9.971279930060739,-0.02840174000964348,-0.02872006993926154
9.971926901219486,10.001754874469357,-0.028073098780514047,0.0017548744693572024
9.972255871923064,9.960905906016064,-0.027744128076936655,-0.03909409398393504
9.972585168240188,9.963333613341183,-0.027414831759811728,-0.036666386658817066
9.97291478630614,9.993049547938098,-0.027085213693861174,-0.00695045206190207
9.973244722252417,9.983737342733878,-0.02675527774758329,-0.016262657266122586
9.973574972206793,9.969141612103908,-0.026425027793206792,-0.030858387896092042
9.973905532293355,9.986991580868029,-0.02609446770664602,-0.013008419131970567
9.974236398632545,9.97230342747596,-0.025763601367454786,-0.02769657252404033
9.974567567341218,9.968466767298285,-0.025432432658781513,-0.03153323270171449
9.974899034532678,9.981272707562603,-0.02510096546732298,-0.01872729243739742
9.97523079631672,9.985239671864965,-0.02476920368327939,-0.014760328135034365
9.975562848799692,9.968009333759253,-0.024437151200308052,-0.03199066624074719
9.975895188084522,9.946665445004905,-0.02410481191547833,-0.053334554995093986
9.976227810270775,9.95861931145507,-0.02377218972922533,-0.04138068854492988
9.976560711454695,9.990074409514147,-0.02343928854530437,-0.009925590485853496
9.976893887729254,9.964174500571293,-0.023106112270745438,-0.035825499428707504
9.977227335184192,10.000933401391894,-0.022772664815806722,0.0009334013918937747
9.97756104990607,9.983245712563019,-0.022438950093929405,-0.01675428743698139
9.97789502797831,9.969387987799662,-0.022104972021691056,-0.03061201220033808
9.97822926548124,9.931756888535158,-0.021770734518760354,-0.0682431114648409
9.97856375849215,10.009124339034758,-0.021436241507850375,0.009124339034757862
9.978898503085327,9.998552204564819,-0.021101496914673275,-0.0014477954351808896
9.979233495332107,9.97078886338102,-0.020766504667893503,-0.02921113661898005
9.979568731300917,9.95384718252729,-0.0204312686990824,-0.046152817472708996
9.979904207057329,9.973915935069295,-0.020095792942671428,-0.02608406493070463
9.980239918664093,9.976374013717113,-0.019760081335906288,-0.023625986282887465
9.9805758621812,9.996999638627331,-0.019424137818800945,-0.003000361372668684
9.98091203366591,9.946762864934614,-0.019087966334090777,-0.05323713506538609
9.981248429172814,9.962348310374328,-0.018751570827187022,-0.03765168962567281
9.98158504475387,9.980880442986209,-0.018414955246129763,-0.019119557013790558
9.981921876458458,9.988607197485413,-0.018078123541542267,-0.011392802514586613
9.982258920333416,10.000396749730704,-0.017741079666583975,0.00039674973070466177
9.982596172423095,9.9871000644307,-0.017403827576904753,-0.012899935569299019
9.982933628769402,10.010495831994586,-0.017066371230597788,0.010495831994586226
9.983271285411845,9.99890169638841,-0.016728714588153847,-0.0010983036115904468
9.983609138387585,9.959157830925248,-0.016390861612414168,-0.040842169074751834
9.983947183731475,9.974822792115706,-0.016052816268524207,-0.025177207884294207
9.984285417476112,9.99348078636077,-0.01571458252388738,-0.006519213639230689
9.984623835651883,9.998680150036085,-0.015376164348117886,-0.0013198499639151418
9.984962434287006,9.98960942651451,-0.015037565712994805,-0.010390573485489435
9.985301209407584,9.951619415662059,-0.014698790592414801,-0.04838058433794117
9.985640157037654,10.005003351742179,-0.014359842962346173,0.005003351742178759
9.985979273199218,9.998305957595107,-0.014020726800781489,-0.0016940424048931414
9.986318553912309,9.97580757924204,-0.01368144608769161,-0.024192420757958497
9.986657995195023,9.978283044877202,-0.013342004804978361,-0.021716955122797907
9.986997593063572,10.00601647094477,-0.013002406936428054,0.006016470944770695
9.987337343532335,9.973405379199328,-0.012662656467665016,-0.026594620800672347
9.987677242613897,9.978321523681391,-0.01232275738610417,-0.02167847631860943
9.988017286319096,9.954019415250084,-0.011982713680904967,-0.045980584749915634
9.988357470657077,9.974547393615932,-0.01164252934292385,-0.02545260638406844
9.988697791635332,9.997730275156272,-0.011302208364668123,-0.0022697248437282044
9.989038245259751,10.003054095292585,-0.01096175474024839,0.0030540952925844963
9.989378827534667,9.983731008638975,-0.010621172465332382,-0.016268991361026042
9.989719534462903,9.969673316163954,-0.010280465537097362,-0.030326683836046968
9.990060362045815,9.975846293597543,-0.00993963795418391,-0.024153706402456915
9.990401306283351,9.981674217350246,-0.009598693716648387,-0.018325782649753257
9.990742363174084,10.023930259731982,-0.009257636825916243,0.023930259731982012
9.991083528715265,9.99050916199523,-0.008916471284735331,-0.00949083800476935
9.991424798902871,9.967711178236303,-0.008575201097128301,-0.03228882176369632
9.991766169731653,10.003195714364567,-0.00823383026834632,0.0031957143645676596
9.99210763719518,10.000512164760933,-0.007892362804821355,0.0005121647609325347
9.99244919728588,9.953864156445931,-0.007550802714119867,-0.04613584355406837
9.992790845995104,10.011015280141272,-0.007209154004895059,0.011015280141271542
9.99313257931316,10.016633916995323,-0.006867420686840544,0.01663391699532351
9.993474393229357,10.007744310882565,-0.006525606770642574,0.00774431088256426
9.993816283732066,9.99502953216377,-0.006183716267933683,-0.004970467836230186
9.994158246808755,10.01206077674744,-0.005841753191244978,0.012060776747440204
9.99450027844604,10.006259006870197,-0.005499721553959319,0.006259006870196321
9.994842374629735,10.017141447020439,-0.00515762537026448,0.017141447020439005
9.995184531344895,9.972930468582685,-0.004815468655105416,-0.027069531417314475
9.995526744575862,9.971982081742238,-0.004473255424137851,-0.02801791825776181
9.99586901030632,9.991490513422558,-0.004130989693680444,-0.008509486577441572
9.996211324519331,9.974411802962202,-0.003788675480668356,-0.025588197037797668
9.996553683197394,10.009174121502307,-0.003446316802605401,0.009174121502307061
9.996896082322483,9.993718912559887,-0.003103917677517603,-0.006281087440113798
9.997238517876095,9.990894344591613,-0.002761482123905329,-0.009105655408387597
9.997580985839303,10.01428523828934,-0.002419014160696838,0.014285238289340342
9.9979234821928,10.007644185668253,-0.002076517807200491,0.007644185668253657
9.998266002916942,10.009428103236553,-0.0017339970830578461,0.00942810323655383
9.998608543991804,10.00365862679987,-0.0013914560081967498,0.00365862679987102
9.998951101397216,9.988680061263558,-0.0010488986027835355,-0.011319938736441389
9.999293671112824,10.006231908667308,-0.0007063288871765512,0.006231908667308616
9.999636249118122,10.004054832234473,-0.00036375088187826684,0.004054832234473522
9.99997883139251,10.001197075222175,-2.1168607488797664e-05,0.0011970752221747236
10.000321413915342,9.98682673086096,0.0003214139153419931,-0.01317326913903976
10.000663992665961,9.999602675720977,0.0006639926659609711,-0.000397324279021941
10.00100656362376,10.02402795138436,0.0010065636237595401,0.02402795138435938
10.00134912276822,10.011057594620016,0.0013491227682205632,0.011057594620015916
10.001691666078965,9.989962661268287,0.0016916660789652817,-0.010037338731714147
10.0020341895358,9.985429389048363,0.002034189535801121,-0.014570610951637645
10.002376689118767,10.018916847445611,0.0023766891187681637,0.01891684744561197
10.002719160808187,10.018944739167779,0.0027191608081870385,0.01894473916777972
10.003061600584706,10.015620101528564,0.0030616005847053855,0.015620101528563517
10.003404004429346,9.98610311833012,0.003404004429345739,-0.013896881669878833
10.003746368323553,9.980207888172446,0.003746368323551988,-0.019792111827554186
10.004088688249237,9.975061660045094,0.004088688249237245,-0.02493833995490583
10.00443096018883,10.002749310406545,0.004430960188830295,0.0027493104065438095
10.004773180125323,10.023119550680791,0.004773180125323371,0.023119550680791343
10.005115344042318,9.998076097319165,0.005115344042319028,-0.0019239026808345345
10.005457447924076,10.020245815969949,0.005457447924077017,0.020245815969948414
10.005799487755562,10.030687110877006,0.005799487755562036,0.03068711087700606
10.00614145952249,9.985744795192762,0.006141459522490145,-0.014255204807237914
10.006483359211376,10.003344159218654,0.006483359211376579,0.00334415921865391
10.006825182809582,10.017280895611414,0.006825182809582154,0.017280895611413504
10.007166926305361,9.995624798448754,0.007166926305361057,-0.004375201551245616
10.007508585687907,9.996262860809358,0.007508585687907236,-0.0037371391906416366
10.007850156947402,9.994538468885496,0.007850156947402166,-0.005461531114503326
10.008191636075061,10.031189157687253,0.008191636075061208,0.03118915768725225
10.008533019063181,10.021004702005557,0.008533019063181274,0.021004702005557853
10.008874301905188,10.028690469960845,0.008874301905187605,0.02869046996084377
10.00921548059568,10.004537842818186,0.009215480595680512,0.004537842818185752
10.009556551130483,10.039822037608083,0.009556551130483025,0.039822037608082166
10.009897509506688,10.012980072154035,0.009897509506687161,0.01298007215403381
10.010238351722702,10.02702029831205,0.01023835172270162,0.027020298312051293
10.010579073778299,10.064593429772566,0.010579073778298038,0.06459342977256718
10.010919671674658,10.002911617381569,0.01091967167465865,0.0029116173815686864
10.011260141414423,10.019768458965068,0.011260141414422503,0.019768458965067032
10.011600479001734,9.998465507386033,0.011600479001733081,-0.001534492613967148
10.011940680442285,10.031329991566496,0.0119406804422845,0.03132999156649646
10.01228074174337,10.00274958014017,0.012280741743368998,0.002749580140170833
10.012620658913924,10.017148258824225,0.012620658913923536,0.017148258824224417
10.012960427964577,9.987867384369721,0.012960427964576367,-0.0121326156302782
10.013300044907695,10.05346768619778,0.013300044907694479,0.05346768619778047
10.01363950575743,10.003662521946882,0.013639505757429683,0.003662521946883065
10.013978806529765,10.021713150852108,0.01397880652976611,0.021713150852107108
10.014317943242567,9.993326602228013,0.014317943242566248,-0.006673397771986823
10.014656911915619,9.998846760247538,0.014656911915618399,-0.001153239752462197
10.014995708570682,10.027976596054746,0.014995708570682668,0.027976596054745048
10.015334329231539,9.983122204939674,0.015334329231538374,-0.016877795060325926
10.01567276992403,10.047374867140883,0.01567276992403001,0.04737486714088233
10.016011026676114,10.009322311725743,0.01601102667611448,0.009322311725743536
10.016349095517908,10.028236010590621,0.016349095517907492,0.02823601059062096
10.01668697248173,10.02594784807666,0.01668697248172984,0.02594784807665925
10.017024653602155,10.035697279531513,0.01702465360215463,0.03569727953151361
10.017362134916054,10.02698541358709,0.017362134916053075,0.026985413587090452
10.017699412462642,10.018409764605972,0.01769941246264174,0.01840976460597104
10.018036482283529,10.014109008675918,0.018036482283528305,0.01410900867591781
10.018373340422759,10.039495857664072,0.018373340422758747,0.03949585766407136
10.018709982926863,10.011595824454345,0.018709982926863048,0.011595824454344678
10.019046405844902,10.034722158585616,0.019046405844902203,0.034722158585615615
10.019382605228515,10.005801373125783,0.019382605228514344,0.00580137312578193
10.019718577131961,10.042206491948365,0.019718577131960815,0.04220649194836437
10.020054317612173,10.014968200451715,0.020054317612173068,0.014968200451715867
10.020389822728799,10.041555845206842,0.02038982272879828,0.04155584520684166
10.020725088544246,10.000294339185558,0.020725088544246262,0.0002943391855587188
10.021060111123735,10.042890428994019,0.021060111123734987,0.0428904289940186
10.021394886535337,10.028674950705472,0.021394886535337485,0.02867495070547297
10.021729410850027,10.005781891667157,0.02172941085002725,0.005781891667157382
10.022063680141725,10.017325371450491,0.022063680141725096,0.017325371450490627
10.022397690487345,10.005612981648914,0.02239769048734451,0.005612981648914422
10.022731437966838,10.038976352718382,0.022731437966838297,0.038976352718383005
10.023064918663245,10.031866489334215,0.02306491866324436,0.03186648933421481
10.02339812866273,10.028438166452403,0.023398128662731374,0.028438166452402568
10.023731064054646,10.032665575985385,0.02373106405464535,0.03266557598538482
10.024063720931554,10.057668626632971,0.02406372093155483,0.0576686266329706
10.024396095389298,10.005291796098069,0.024396095389297434,0.005291796098069682
10.024728183527024,10.012913095924599,0.024728183527024994,0.012913095924598423
10.02505998144725,10.04445465410008,0.02505998144725004,0.04445465410008084
10.025391485255891,10.033763836530502,0.025391485255890817,0.033763836530502404
10.025722691062319,10.052654098833465,0.025722691062317723,0.05265409883346493
10.026053594979398,10.010332284433654,0.02605359497939822,0.010332284433653818
10.026384193123544,10.012797952319803,0.026384193123543138,0.012797952319802186
10.026714481614752,10.009009063032563,0.026714481614751918,0.009009063032563845
10.027044456576657,10.023699844287725,0.027044456576657938,0.0236998442877246
10.027374114136574,10.020722077777116,0.02737411413657459,0.02072207777711609
10.02770345042554,9.973400043217952,0.027703450425540052,-0.026599956782048163
10.028032461578363,9.995536529061766,0.028032461578363383,-0.004463470938232763
10.028361143733669,10.024230006775248,0.028361143733669186,0.024230006775248017
10.028689493033944,10.020732760486739,0.028689493033943633,0.020732760486739304
10.029017505625578,10.010946834847495,0.029017505625579032,0.010946834847493946
10.02934517765892,10.039571862486332,0.02934517765891976,0.0395718624863316
10.029672505288307,10.001346619128523,0.029672505288306734,0.0013466191285230224
10.029999484672123,10.060387380559128,0.02999948467212317,0.06038738055912779
10.030326111972839,10.048525553198216,0.03032611197283938,0.048525553198215596
10.030652383357058,10.040356942934165,0.030652383357057607,0.04035694293416561
10.030978294995558,9.993959041160535,0.03097829499555755,-0.0060409588394652255
10.031303843063341,10.056487497966394,0.03130384306334067,0.056487497966394136
10.031629023739676,9.998676110290033,0.031629023739675736,-0.0013238897099678987
10.031953833208142,10.040331394949868,0.031953833208143,0.04033139494986928
10.032278267656679,10.030841159909404,0.032278267656679654,0.03084115990940407
10.032602323277624,10.015236799759771,0.032602323277623926,0.015236799759771755
10.03292599626776,10.00726471667746,0.03292599626776029,0.007264716677460384
10.033249282828365,10.030727092768846,0.033249282828363924,0.030727092768845755
10.033572179165246,10.040735275366202,0.03357217916524501,0.040735275366203055
10.033894681488794,10.067210494215761,0.033894681488793835,0.0672104942157617
10.034216786014024,10.049393772462595,0.03421678601402461,0.04939377246259556
10.03453848896062,10.035250204030994,0.03453848896062057,0.035250204030993576
10.034859786552978,10.0359609740931,0.03485978655297767,0.03596097409310011
10.03518067502025,10.047725655089879,0.03518067502024956,0.04772565508987893
10.03550115059639,10.004851352446867,0.03550115059639116,0.0048513524468666025
10.035821209520204,10.035167958362765,0.03582120952020355,0.035167958362764914
10.036140848035377,10.050360844147573,0.036140848035377426,0.050360844147572886
10.036460062390537,10.008709523298977,0.036460062390537805,0.008709523298976712
10.036778848839289,10.03664232387443,0.03677884883928774,0.03664232387443074
10.037097203640252,10.038378339535285,0.03709720364025209,0.03837833953528456
10.037415123057121,10.059192488714856,0.037415123057121996,0.05919248871485572
10.037732603358698,10.026829610962345,0.037732603358698075,0.02682961096234429
10.038049640818935,10.023692121381558,0.03804964081893485,0.023692121381558115
10.038366231716983,10.047943027181347,0.038366231716983855,0.04794302718134653
10.038682372337238,10.049029733130867,0.038682372337237925,0.04902973313086672
10.038998058969375,10.027340548658792,0.038998058969374166,0.02734054865879237
10.039313287908397,10.052462992927914,0.03931328790839817,0.052462992927914044
10.039628055454687,10.019016122685745,0.03962805545468682,0.019016122685744905
10.039942357914033,10.028973746743175,0.03994235791403228,0.02897374674317401
10.040256191597685,10.014425162851875,0.04025619159768511,0.014425162851875107
10.040569552822397,10.04391990487714,0.04056955282239736,0.043919904877138614
10.040882437910467,10.05612230871076,0.04088243791046629,0.056122308710760044
10.041194843189777,10.002772596936536,0.04119484318977693,0.0027725969365362396
10.041506764993846,10.087208067466937,0.04150676499384583,0.08720806746693646
10.041818199661863,10.059336979017953,0.0418181996618634,0.059336979017952686
10.042129143538737,10.031526621927455,0.04212914353873756,0.031526621927454
10.042439592975136,10.027901896418609,0.04243959297513602,0.027901896418608865
10.04274954432753,10.04647520462869,0.04274954432752966,0.04647520462868998
10.043058993958235,10.041620774773891,0.04305899395823473,0.04162077477389193
10.043367938235455,10.036682954001076,0.0433679382354561,0.036682954001076025
10.04367637353333,10.054488531122907,0.043676373533329586,0.05448853112290698
10.043984296231965,10.003347273058766,0.043984296231964315,0.003347273058765754
10.044291702717485,10.019138092179055,0.04429170271748576,0.01913809217905533
10.044598589382078,10.037825103709775,0.0445985893820775,0.03782510370977403
10.044904952624025,10.017690828734581,0.04490495262402423,0.017690828734581707
10.045210788847754,10.049205723060487,0.04521078884775335,0.04920572306048606
10.045516094463878,10.045259722371142,0.04551609446387783,0.045259722371142314
10.045820865889239,10.039688279194571,0.0458208658892377,0.03968827919457149
10.046125099546943,10.049465389788837,0.046125099546942744,0.049465389788837334
10.046428791866413,10.06150301850279,0.0464287918664138,0.06150301850279
10.046731939283426,10.061450357772314,0.046731939283425304,0.06145035777231418
10.047034538240148,10.012920960042013,0.04703453824014678,0.012920960042012777
10.047336585185185,10.073716960000157,0.04733658518518446,0.07371696000015762
10.047638076573623,10.050461123738494,0.04763807657362343,0.05046112373849278
10.047939008867068,10.061562431719375,0.04793900886706866,0.06156243171937469
10.048239378533687,10.081798076947932,0.048239378533687156,0.08179807694793093
10.048539182048248,10.031594878998579,0.04853918204824875,0.031594878998579656
10.048838415892169,10.033602818859908,0.048838415892168134,0.033602818859907874
10.049137076553546,10.04903502764135,0.049137076553545496,0.04903502764134989
10.049435160527208,10.047629497154105,0.04943516052720834,0.04762949715410554
10.049732664314753,10.042950128633654,0.049732664314752296,0.04295012863365367
10.050029584424582,10.06738374390637,0.050029584424582066,0.06738374390637046
10.050325917371953,10.036193223007087,0.05032591737195285,0.03619322300708721
10.050621659679011,10.07030324425159,0.05062165967901064,0.0703032442515911
10.050916807874835,10.07892471875644,0.05091680787483369,0.07892471875644017
10.051211358495472,10.024017664841766,0.05121135849547264,0.024017664841767067
10.051505308083991,10.071591782584553,0.05150530808399171,0.07159178258455334
10.05179865319051,10.021639190582375,0.05179865319050876,0.021639190582375706
10.052091390372237,10.096580059286119,0.052091390372236306,0.09658005928611907
10.05238351619352,10.057771544323524,0.05238351619352136,0.057771544323523084
10.052675027225886,10.0387742411046,0.05267502722588629,0.03877424110460032
10.052965920048068,10.043374282858629,0.052965920048068785,0.04337428285862941
10.053256191246062,10.03682277623801,0.05325619124606184,0.03682277623800967
10.053545837413154,10.05649788798639,0.0535458374131543,0.05649788798639105
10.05383485514997,10.04661929058954,0.05383485514997027,0.04661929058954031
10.05412324106451,10.065342155226437,0.05412324106450962,0.0653421552264375
10.054410991772187,10.055889979349157,0.05441099177218716,0.05588997934915701
10.054698103895873,10.038519790713307,0.05469810389587298,0.038519790713306384
10.054984574065932,10.049587902378965,0.05498457406593149,0.04958790237896546
10.055270398920262,10.079524538379314,0.05527039892026159,0.07952453837931296
10.055555575104336,10.095162913880166,0.055555575104335446,0.0951629138801671
10.055840099271238,10.046906056430997,0.0558400992712385,0.046906056430996455
10.056123968081708,10.042688701375534,0.05612396808170842,0.04268870137553431
10.056407178204173,10.071995841887222,0.05640717820417415,0.07199584188722158
10.056689726314795,10.050749434716401,0.05668972631479546,0.05074943471640214
10.056971609097502,10.097401499774271,0.056971609097501444,0.09740149977427057
10.05725282324403,10.059493338219006,0.057252823244029916,0.05949333821900656
10.057533365453965,10.06882692823379,0.05753336545396577,0.06882692823379032
10.05781323243478,10.063962051368174,0.05781323243478023,0.06396205136817372
10.058092420901868,10.038158873141525,0.058092420901868905,0.03815887314152535
10.058370927578592,10.035123054848349,0.05837092757859097,0.035123054848348406
10.058648749196307,10.051415142934225,0.058648749196306985,0.051415142934224355
10.058925882494417,10.036403556092871,0.0589258824944178,0.03640355609287148
10.059202324220403,10.06561803029272,0.05920232422040257,0.06561803029272016
10.059478071129856,10.059249241572186,0.05947807112985679,0.05924924157218492
10.059753119986532,10.077764235458595,0.05975311998653076,0.07776423545859573
10.060027467562367,10.056389972007205,0.06002746756236709,0.05638997200720451
10.060301110637539,10.051812619554962,0.06030111063753912,0.0518126195549623
10.060574046000488,10.009738049492695,0.0605740460004881,0.009738049492694308
10.060846270447962,10.08480066441425,0.06084627044796157,0.08480066441424852
10.06111778078505,10.03524652388893,0.061117780785050216,0.03524652388892886
10.061388573825226,10.099738568943282,0.06138857382522603,0.09973856894328272
10.061658646390379,10.07905884910709,0.06165864639037936,0.07905884910708952
10.061927995310857,10.076891112721325,0.06192799531085609,0.07689111272132465
10.062196617425496,10.079182546088356,0.06219661742549531,0.07918254608835697
10.062464509581666,10.052602530776594,0.06246450958166581,0.052602530776594936
10.062731668635303,10.031372668561556,0.06273166863530369,0.031372668561556245
10.062998091450948,10.063675071757444,0.0629980914509487,0.06367507175744362
10.063263774901781,10.063561563841843,0.06326377490178157,0.06356156384184296
10.06352871586966,10.086378249962644,0.06352871586966015,0.08637824996264491
10.063792911245157,10.043087859653156,0.06379291124515661,0.04308785965315647
10.064056357927594,10.097039247490384,0.06405635792759329,0.09703924749038381
10.06431905282508,10.052859350217403,0.06431905282507969,0.052859350217403206
10.064580992854548,10.072652073889888,0.06458099285454842,0.0726520738898877
10.064842174941791,10.050699284072552,0.06484217494179133,0.05069928407255181
10.065102596021497,10.059493858420716,0.06510259602149586,0.05949385842071595
10.06536225303728,10.03902788535732,0.06536225303728074,0.03902788535732099
10.065621142941731,10.009872633015393,0.06562114294173214,0.009872633015392832
10.06587926269644,10.08679040149127,0.06587926269643911,0.08679040149126861
10.06613660927203,10.059729683682853,0.06613660927202956,0.059729683682852835
10.066393179648205,10.08521364619426,0.06639317964820553,0.08521364619426001
10.066648970813779,10.07295706658198,0.06664897081377895,0.07295706658198046
10.066903979766707,10.098865759854789,0.06690397976670656,0.0988657598547884
10.067158203514126,10.062934112219509,0.06715820351412562,0.06293411221950884
10.06741163907239,10.069646962393579,0.06741163907238874,0.06964696239357855
10.0676642834671,10.103435322213997,0.06766428346709881,0.10343532221399764
10.067916133733144,10.063375364527136,0.0679161337331443,0.06337536452713614
10.068167186914733,10.08610564077767,0.06816718691473356,0.08610564077767086
10.06841744006543,10.100725291696412,0.06841744006543002,0.1007252916964121
10.068666890248187,10.052486954061196,0.06866689024818626,0.0524869540611963
10.068915534535378,10.074295149164536,0.06891553453537899,0.07429514916453608
10.069163370008843,10.092294263367524,0.06916337000884291,0.0922942633675236
10.069410393759906,10.06652839236028,0.06941039375990546,0.0665283923602794
10.06965660288942,10.046839787358714,0.06965660288942042,0.0468397873587129
10.069901994507802,10.032396163955054,0.06990199450780246,0.03239616395505468
10.07014656573506,10.048329115592045,0.07014656573506077,0.04832911559204568
10.070390313700832,10.063457561307802,0.07039031370083271,0.0634575613078018
10.070633235544419,10.06475248051226,0.07063323554441796,0.0647524805122591
10.070875328414811,10.075243968697155,0.07087532841481153,0.07524396869715544
10.071116589470737,10.025680908978098,0.07111658947073785,0.025680908978098313
10.071357015880684,10.095752699475009,0.07135701588068342,0.09575269947500784
10.07159660482293,10.074804735606932,0.07159660482293072,0.07480473560693197
10.071835353485591,10.104929109322896,0.07183535348559075,0.10492910932289608
10.072073259066636,10.074835418623794,0.07207325906663652,0.07483541862379339
10.072310318773935,10.060741655156601,0.07231031877393543,0.06074165515660154
10.072546529825283,10.057350141621775,0.07254652982528255,0.057350141621775846
10.072781889448432,10.054710561380334,0.07278188944843302,0.05471056138033492
10.073016394881135,10.088583552209174,0.07301639488113439,0.08858355220917512
10.073250043371159,10.07617779005255,0.07325004337115952,0.07617779005255121
10.073482832176339,10.060938951955505,0.07348283217633837,0.06093895195550568
10.073714758564591,10.068029450113617,0.07371475856459063,0.06802945011361677
10.073945819813957,10.116897760352963,0.0739458198139574,0.11689776035296226
10.074176013212634,10.037152524612765,0.07417601321263348,0.03715252461276487
10.074405336058998,10.085456244273297,0.07440533605899884,0.08545624427329698
10.07463378566165,10.077155809341921,0.07463378566165069,0.07715580934192155
10.074861359339435,10.070663147467613,0.07486135933943489,0.07066314746761335
10.075088054421478,10.077404186422195,0.07508805442147722,0.07740418642219493
10.075313868247216,10.06497348481801,0.07531386824721521,0.06497348481801038
10.075538798166429,10.056386224744362,0.07553879816642882,0.05638622474436132
10.075762841539271,10.063864408068493,0.07576284153927203,0.06386440806849421
10.075985995736303,10.040486484252341,0.07598599573630338,0.04048648425234007
10.076208258138518,10.076258918316114,0.0762082581385173,0.07625891831611432
10.076429626137374,10.102926845928257,0.07642962613737432,0.1029268459282568
10.076650097134833,10.053624766762505,0.07665009713483224,0.05362476676250602
10.076869668543376,10.07230116008096,0.07686966854337607,0.07230116008095942
10.07708833778605,10.071864761328392,0.07708833778604886,0.07186476132839278
10.077306102296482,10.056246286596764,0.07730610229648176,0.05624628659676309
10.077522959518923,10.08644988605208,0.07752295951892395,0.08644988605207918
10.077738906908273,10.081748382831197,0.07773890690827305,0.08174838283119638
10.077953941930105,10.07386154444956,0.07795394193010453,0.07386154444956095
10.078168062060701,10.076586332675294,0.07816806206070194,0.07658633267529474
10.078381264787087,10.087189073414034,0.07838126478708599,0.08718907341403365
10.078593547607044,10.046216198004629,0.07859354760704458,0.04621619800462836
10.078804908029161,10.053560895533177,0.07880490802916172,0.05356089553317665
10.079015343572847,10.08057781736419,0.07901534357284712,0.08057781736419056
10.079224851768364,10.06250196269949,0.07922485176836497,0.06250196269948968
10.079433430156863,10.077350278970155,0.07943343015686324,0.0773502789701546
10.079641076290402,10.066068502129554,0.07964107629040244,0.06606850212955404
10.079847787731984,10.088792721999974,0.0798477877319841,0.08879272199997458
10.08005356205558,10.076185178162564,0.08005356205557983,0.0761851781625636
10.08025839684616,10.09853426575746,0.08025839684615929,0.09853426575745955
10.08046228969972,10.050045358156229,0.08046228969971903,0.05004535815622815
10.080665238223311,10.05244972327775,0.08066523822331023,0.052449723277749605
10.080867240035067,10.086385351819215,0.08086724003506726,0.08638535181921549
10.081068292764234,10.089600638381425,0.08106829276423512,0.08960063838142583
10.081268394051198,10.056164076993833,0.0812683940511978,0.056164076993832995
10.081467541547505,10.076579506288578,0.08146754154750546,0.07657950628857735
10.081665732915903,10.070019200196556,0.08166573291590241,0.07001920019655615
10.081862965830354,10.108413473047069,0.08186296583035436,0.10841347304706875
10.082059237976075,10.103571269695786,0.08205923797607559,0.10357126969578626
10.082254547049557,10.045257333347832,0.08225454704955643,0.04525733334783286
10.08244889075859,10.093340371666649,0.08244889075858997,0.09334037166664844
10.0826422668223,10.092492346278746,0.08264226682229922,0.09249234627874536
10.082834672971163,10.075772751510776,0.08283467297116366,0.07577275151077618
10.083026106947045,10.061357697191434,0.08302610694704615,0.06135769719143415
10.08321656650322,10.070414113527088,0.0832165665032191,0.07041411352708737
10.083406049404392,10.053588462644097,0.08340604940439107,0.05358846264409628
10.083594553426733,10.083182209518585,0.08359455342673305,0.08318220951858506
10.083782076357904,10.06332267099431,0.08378207635790424,0.06332267099430947
10.083968615997078,10.095981934769553,0.08396861599707842,0.09598193476955331
10.084154170154969,10.094941447217902,0.0841541701549694,0.09494144721790199
10.084338736653857,10.088412446125975,0.08433873665385712,0.08841244612597508
10.084522313327613,10.092851159971339,0.08452231332761276,0.09285115997133883
10.084704898021725,10.083216119508242,0.08470489802172458,0.08321611950824191
10.084886488593323,10.098742162298622,0.08488648859332285,0.09874216229862176
10.085067082911205,10.12585274376021,0.08506708291120534,0.12585274376021036
10.085246678855862,10.079174678301843,0.08524667885586196,0.07917467830184328
10.0854252743195,10.082349465713254,0.08542527431949998,0.08234946571325306
10.085602867206068,10.087009570345725,0.08560286720606865,0.0870095703457242
10.085779455431284,10.090021690849936,0.08577945543128357,0.09002169084993543
10.085955036922652,10.067793226494723,0.0859550369226516,0.06779322649472311
10.086129609619494,10.064228619345547,0.08612960961949473,0.06422861934554672
10.086303171472975,10.070592897738893,0.0863031714729746,0.07059289773889207
10.086475720446117,10.078358590917247,0.08647572044611632,0.07835859091724787
10.086647254513833,10.067225503443396,0.0866472545138326,0.06722550344339576
10.086817771662947,10.087183728652517,0.08681777166294723,0.0871837286525171
10.08698726989222,10.086027712668486,0.08698726989221903,0.08602771266848565
10.087155747212366,10.08168495079007,0.087155747212365,0.08168495079007049
10.087323201646084,10.056840962075057,0.087323201646084,0.05684096207505757
10.08748963122808,10.103309509832886,0.08748963122807976,0.10330950983288562
10.087655034005083,10.095614050293005,0.08765503400508386,0.09561405029300489
10.087819408035879,10.080605344489946,0.08781940803587897,0.08060534448994629
10.087982751391321,10.090003149978365,0.08798275139132126,0.09000314997836546
10.088145062154364,10.08824702369678,0.08814506215436337,0.0882470236967812
10.088306338420077,10.108061224734264,0.08830633842007661,0.10806122473426483
10.088466578295673,10.079503366995901,0.08846657829567361,0.07950336699590096
10.08862577990053,10.0864765191922,0.08862577990053028,0.08647651919219985
10.088783941366207,10.083756828812342,0.0887839413662081,0.08375682881234207
10.088941060836476,10.067989774356366,0.0889410608364758,0.06798977435636683
10.08909713646733,10.064388359818492,0.0890971364673314,0.06438835981849225
10.089252166427023,10.063870059550839,0.08925216642702374,0.06387005955083862
10.089406148896074,10.088964734061522,0.08940614889607386,0.08896473406152236
10.089559082067296,10.06920206422585,0.08955908206729662,0.06920206422585076
10.089710964145821,10.066729737034821,0.08971096414582164,0.06672973703482121
10.089861793349115,10.1037751704354,0.08986179334911458,0.1037751704353991
10.090011567906998,10.077586932712505,0.09001156790699782,0.07758693271250491
10.090160286061671,10.050349639362961,0.0901602860616716,0.05034963936296057
10.090307946067734,10.073550736020556,0.09030794606773421,0.07355073602055553
10.090454546192202,10.088501289652953,0.09045454619220283,0.08850128965295397
10.090600084714534,10.084856765220595,0.09060008471453368,0.08485676522059539
10.090744559926643,10.080998948174832,0.09074455992664228,0.08099894817483129
10.090887970132924,10.144081599320275,0.09088797013292353,0.14408159932027537
10.091030313650272,10.087642304490489,0.09103031365027144,0.0876423044904884
10.091171588808098,10.105205187081667,0.09117158880809915,0.1052051870816668
10.091311793948359,10.104620981726901,0.09131179394835828,0.10462098172690164
10.091450927425559,10.074271230669382,0.0914509274255586,0.07427123066938222
10.091588987606787,10.096819359185474,0.09158898760678712,0.09681935918547409
10.091725972871728,10.098174707585647,0.09172597287172753,0.09817470758564795
10.09186188161268,10.104048914940881,0.09186188161267893,0.10404891494088064
10.091996712234575,10.0555027552626,0.0919967122345749,0.055502755262599186
10.092130463155002,10.106325753228768,0.0921304631550022,0.10632575322876871
10.09226313280422,10.099006382345156,0.09226313280421916,0.09900638234515607
10.092394719625174,10.088223710306913,0.0923947196251744,0.08822371030691291
10.092525222073524,10.119660910753643,0.09252522207352479,0.11966091075364248
10.092654638617654,10.074563651596366,0.09265463861765386,0.07456365159636644
10.092782967738689,10.08921843883162,0.09278296773868953,0.08921843883162017
10.092910207930522,10.082354984926502,0.09291020793052215,0.0823549849265011
10.093036357699821,10.102943951855952,0.09303635769982199,0.10294395185595129
10.093161415566057,10.089896846007388,0.09316141556605692,0.08989684600738769
10.09328538006151,10.092831643907346,0.09328538006150966,0.09283164390734468
10.093408249731295,10.081940676469555,0.09340824973129508,0.0819406764695556
10.093530023133377,10.082990325521491,0.09353002313337733,0.08299032552149166
10.093650698838587,10.0577063080621,0.09365069883858654,0.05770630806210045
10.093770275430636,10.08503501091383,0.09377027543063593,0.08503501091382892
10.093888751506139,10.07003849537127,0.09388875150613805,0.07003849537127008
10.094006125674621,10.109977516290533,0.09400612567462163,0.10997751629053226
10.094122396558548,10.109952163614828,0.0941223965585476,0.10995216361482874
10.094237562793326,10.123937667876156,0.09423756279332543,0.12393766787615598
10.094351623027329,10.069785372923082,0.09435162302732902,0.06978537292308296
10.094464575921913,10.131526427227376,0.09446457592191276,0.13152642722737648
10.094576420151427,10.09718103943347,0.09457642015142698,0.09718103943347013
10.094687154403234,10.091597681097868,0.09468715440323366,0.0915976810978688
10.094796777377722,10.106323183872815,0.09479677737772196,0.10632318387281461
10.094905287788324,10.106083202125578,0.09490528778832313,0.10608320212557806
10.095012684361526,10.098095664966143,0.09501268436152599,0.09809566496614247
10.09511896583689,10.09707703923758,0.0951189658368915,0.09707703923758038
10.095224130967068,10.136125277880064,0.09522413096706793,0.1361252778800629
10.095328178517805,10.060914199947097,0.0953281785178052,0.06091419994709815
10.09543110726797,10.123785599328645,0.09543110726796956,0.12378559932864433
10.095532916009558,10.094075918931376,0.09553291600955778,0.09407591893137596
10.09563360354771,10.102755527420259,0.09563360354771147,0.1027555274202585
10.09573316870073,10.088100635700561,0.09573316870073091,0.08810063570056101
10.09583161030009,10.10456994277633,0.09583161030008915,0.10456994277632926
10.095928927190446,10.113903480168746,0.09592892719044557,0.11390348016874587
10.09602511822966,10.078635550713738,0.09602511822965942,0.07863555071373879
10.096120182288804,10.092178040526353,0.0961201822888034,0.09217804052635335
10.096214118252176,10.121808934336133,0.09621411825217664,0.12180893433613268
10.096306925017318,10.118279453487489,0.09630692501731809,0.11827945348748954
10.09639860149502,10.119070988694572,0.09639860149501922,0.11907098869457186
10.096489146609336,10.097660869547012,0.09648914660933698,0.09766086954701135
10.096578559297607,10.084888620230714,0.09657855929760623,0.0848886202307147
10.096666838510453,10.08831240525941,0.09666683851045242,0.08831240525941063
10.096753983211803,10.060115517261362,0.09675398321180381,0.060115517261361474
10.096839992378904,10.095271830183428,0.09683999237890359,0.09527183018342845
10.096924865002322,10.127351828469362,0.09692486500232196,0.12735182846936066
10.097008600085967,10.080208815132915,0.09700860008596791,0.08020881513291395
10.097091196647101,10.131614118265437,0.09709119664710099,0.13161411826543726
10.097172653716342,10.134974860119115,0.09717265371634275,0.13497486011911602
10.097252970337689,10.070550966934892,0.0972529703376882,0.07055096693489236
10.097332145568517,10.055541175584322,0.09733214556851695,0.055541175584322595
10.097410178479604,10.106345650395525,0.0974101784796044,0.10634565039552459
10.097487068155132,10.092770340021564,0.09748706815513246,0.09277034002156406
10.0975628136927,10.102998247730442,0.09756281369270045,0.10299824773044146
10.097637414203335,10.125606042192512,0.0976374142033357,0.12560604219251179
10.097710868811504,10.089123521434203,0.09771086881150381,0.0891235214342032
10.097783176655119,10.089228994625055,0.09778317665511913,0.08922899462505482
10.097854336885554,10.098019902524905,0.09785433688555473,0.09801990252490603
10.097924348667652,10.136059709004138,0.09792434866765248,0.1360597090041393
10.097993211179732,10.08140704655907,0.09799321117973273,0.08140704655906955
10.098060923613604,10.101201191148048,0.09806092361360406,0.10120119114804887
10.098127485174572,10.096770969480042,0.09812748517457266,0.09677096948004298
10.098192895081452,10.086878197434018,0.0981928950814518,0.08687819743401848
10.098257152566571,10.100433378041764,0.09825715256657083,0.10043337804176437
10.098320256875784,10.093040699805345,0.09832025687578433,0.09304069980534405
10.09838220726848,10.083868599772469,0.09838220726848089,0.08386859977246902
10.098443003017591,10.090603193401734,0.09844300301759178,0.09060319340173367
10.0985026434096,10.104295927196404,0.09850264340959958,0.10429592719640395
10.098561127744546,10.080919230995042,0.09856112774454642,0.08091923099504117
10.098618455336043,10.08422028662554,0.09861845533604237,0.08422028662553949
10.098674625511274,10.099003799321562,0.09867462551127329,0.09900379932156134
10.098729637611008,10.099295173974182,0.09872963761100889,0.09929517397418272
10.09878349098961,10.129404434916442,0.09878349098961038,0.12940443491644127
10.098836185015038,10.084950466160157,0.09883618501503812,0.08495046616015685
10.098887719068859,10.163668583616406,0.09888771906885892,0.16366858361640674
10.098938092546254,10.067774701661378,0.09893809254625342,0.0677747016613783
10.098987304856022,10.113557391465859,0.09898730485602315,0.11355739146585855
10.099035355420597,10.101913286875613,0.09903535542059741,0.10191328687561209
10.09908224367604,10.118011135428763,0.09908224367604013,0.11801113542876261
10.099127969072056,10.140313171100743,0.09912796907205644,0.14031317110074354
10.099172531072,10.08985238716949,0.09917253107199916,0.08985238716948915
10.099215929152875,10.1188181635673,0.09921592915287507,0.11881816356729902
10.09925816280535,10.06555632382988,0.09925816280535105,0.06555632382987912
10.09929923153376,10.098393545348356,0.09929923153376008,0.09839354534835668
10.099339134856107,10.100771924105883,0.09933913485610703,0.1007719241058835
10.099377872304075,10.087402527719641,0.09937787230407436,0.08740252771964192
10.099415443423027,10.099357154143345,0.09941544342302754,0.0993571541433453
10.09945184777202,10.096492591526285,0.09945184777202049,0.096492591526286
10.099487084923801,10.125864479149254,0.09948708492380064,0.12586447914925317
10.099521154464814,10.112274284642197,0.09952115446481406,0.11227428464219644
10.09955405599521,10.10329802613622,0.09955405599521022,0.1032980261362209
10.099585789128847,10.15103252003099,0.09958578912884672,0.15103252003098974
10.099616353493294,10.109639366055783,0.09961635349329381,0.10963936605578277
10.09964574872984,10.097812237069478,0.09964574872983883,0.09781223706947866
10.09967397449349,10.06833119049651,0.09967397449349029,0.06833119049651024
10.099701030452982,10.074985674611609,0.09970103045298201,0.07498567461160946
10.099726916290777,10.093240213718994,0.09972691629077704,0.0932402137189948
10.099751631703072,10.084458650650033,0.09975163170307125,0.0844586506500337
10.099775176399797,10.08752007885117,0.09977517639979705,0.08752007885117072
10.099797550104627,10.090647469899476,0.09979755010462671,0.09064746989947615
10.099818752554976,10.10480511789545,0.09981875255497558,0.10480511789545098
10.099838783502005,10.092643301359898,0.09983878350200523,0.092643301359897
10.099857642710626,10.079398245625123,0.0998576427106264,0.07939824562512313
10.099875329959502,10.089709959861953,0.09987532995950163,0.08970995986195174
10.099891845041048,10.08560030543594,0.09989184504104798,0.08560030543594067
10.09990718776144,10.127448492098608,0.09990718776143943,0.12744849209860773
10.099921357940609,10.105691133968142,0.09992135794060913,0.10569113396814085
10.099934355412252,10.119290512069833,0.09993435541225153,0.11929051206983302
10.099946180023824,10.087496296997157,0.09994618002382433,0.08749629699715657
10.09995683163655,10.126668231717206,0.09995683163655032,0.12666823171720612
10.099966310125419,10.072309819712824,0.09996631012541889,0.07230981971282445
10.099974615379187,10.131706197303354,0.0999746153791876,0.13170619730335337
10.099981747300383,10.114594827764867,0.09998174730038349,0.11459482776486671
10.099987705805304,10.090496100959014,0.09998770580530414,0.09049610095901407
10.099992490824018,10.11347036487525,0.0999924908240187,0.11347036487524945
10.099996102300368,10.069987626352638,0.09999610230036877,0.06998762635263903
10.099998540191969,10.074569593451626,0.09999854019196895,0.07456959345162639
10.099999804470208,10.139188247081405,0.09999980447020738,0.1391882470814057
10.099999895120247,10.11202698356521,0.09999989512024614,0.11202698356520921
10.09999881214102,10.101737458139823,0.0999988121410213,0.10173745813982218
10.099996555545243,10.093165271393783,0.09999655554524305,0.09316527139378207
10.099993125359395,10.108445609477211,0.09999312535939547,0.10844560947721198
10.099988521623736,10.086620003614726,0.0999885216237363,0.08662000361472627
10.099982744392296,10.101995078442926,0.09998274439229636,0.10199507844292592
10.09997579373288,10.101103715857263,0.099975793732879,0.10110371585726315
10.099967669727059,10.096172941515093,0.09996766972705928,0.09617294151509335
10.099958372470184,10.084033297140975,0.09995837247018304,0.08403329714097535
10.099947902071365,10.121348041872167,0.09994790207136568,0.12134804187216648
10.099936258653491,10.11823445055405,0.09993625865349101,0.11823445055405091
10.09992344235321,10.11631563580922,0.09992344235320974,0.1163156358092198
10.099909453320938,10.121223951335178,0.09990945332093787,0.12122395133517741
10.099894291720855,10.118987939880851,0.09989429172085494,0.1189879398808512
10.099877957730902,10.07745935844122,0.09987795773090213,0.07745935844122116
10.09986045154278,10.100883044052006,0.09986045154278012,0.10088304405200559
10.099841773361947,10.112850108382712,0.09984177336194687,0.1128501083827127
10.099821923407616,10.090709689921066,0.0998219234076152,0.09070968992106726
10.09980090191275,10.104080642235694,0.09980090191275025,0.10408064223569324
10.099778709124067,10.079119845638743,0.09977870912406667,0.07911984563874375
10.099755345302025,10.055439306683464,0.09975534530202579,0.05543930668346499
10.099730810720832,10.106603829644989,0.09973081072083258,0.10660382964498837
10.099705105668432,10.08738894903756,0.09970510566843234,0.08738894903756032
10.099678230446507,10.094594676972678,0.09967823044650742,0.09459467697267691
10.099650185370473,10.076616747297118,0.09965018537047363,0.07661674729711829
10.099620970769477,10.100795575057434,0.09962097076947651,0.10079557505743382
10.099590586986388,10.083057986113873,0.09959058698638751,0.08305798611387279
10.0995590343778,10.101545183306207,0.09955903437780003,0.1015451833062072
10.099526313314025,10.068464249515356,0.09952631331402506,0.0684642495153561
10.099492424179086,10.092870540347251,0.099492424179087,0.09287054034725148
10.09945736737072,10.098558465210324,0.09945736737071909,0.09855846521032421
10.099421143300358,10.113381644753904,0.09942114330035867,0.11338164475390375
10.099383752393143,10.133695087127458,0.09938375239314252,0.13369508712745887
10.099345195087901,10.085128758625993,0.09934519508790172,0.08512875862599327
10.099305471837157,10.110945948240346,0.09930547183715657,0.11094594824034512
10.09926458310711,10.103784856186225,0.09926458310711123,0.10378485618622549
10.099222529377649,10.155697218455,0.09922252937764833,0.15569721845499934
10.099179311142324,10.074687926812345,0.09917931114232324,0.07468792681234569
10.099134928908358,10.117123504488681,0.09913492890835837,0.11712350448868177
10.099089383196636,10.086765427280664,0.09908938319663713,0.08676542728066322
10.099042674541698,10.070047716485796,0.09904267454169792,0.07004771648579501
10.098994803491728,10.064433746913783,0.09899480349172773,0.06443374691378347
10.098945770608555,10.105449948277041,0.09894577060855578,0.10544994827704121
10.098895576467648,10.104181046938384,0.09889557646764696,0.10418104693838436
10.098844221658094,10.094148964625974,0.09884422165809506,0.09414896462597462
10.098791706782615,10.101686966254631,0.0987917067826157,0.10168696625463114
10.09873803245754,10.078509622153133,0.09873803245753952,0.07850962215313334
10.098683199312804,10.070037546734374,0.09868319931280477,0.07003754673437512
10.09862720799195,10.094325412635516,0.09862720799194996,0.09432541263551728
10.098570059152106,10.132456038879681,0.09857005915210627,0.13245603887968077
10.09851175346399,10.11221395598716,0.09851175346398995,0.11221395598716033
10.098452291611894,10.106133910895515,0.09845229161189434,0.1061339108955157
10.098391674293682,10.10326462283197,0.09839167429368183,0.10326462283196944
10.098329902220776,10.076428914473794,0.09832990222077576,0.07642891447379524
10.098266976118152,10.122638550641518,0.09826697611815205,0.12263855064151766
10.098202896724331,10.077743511356404,0.09820289672433062,0.07774351135640509
10.098137664791366,10.090453857514015,0.09813766479136672,0.09045385751401482
10.098071281084842,10.085963961618953,0.09807128108484227,0.08596396161895277
10.098003746383856,10.081544930546062,0.09800374638385667,0.08154493054606203
10.097935061481017,10.110168979809165,0.0979350614810178,0.11016897980916457
10.097865227182433,10.080623046988336,0.09786522718243257,0.0806230469883355
10.097794244307698,10.108439596208882,0.09779424430769762,0.10843959620888242
10.09772211368989,10.07223936662894,0.09772211368988964,0.07223936662894112
10.097648836175555,10.082505898883788,0.09764883617555553,0.08250589888378725
10.097574412624702,10.084281109796173,0.09757441262470253,0.08428110979617323
10.097498843910788,10.077927074376017,0.09749884391078817,0.07792707437601648
10.09742213092071,10.089271324083938,0.09742213092070992,0.08927132408393786
10.097344274554795,10.142312880392762,0.09734427455479477,0.14231288039276266
10.09726527572679,10.076645528801388,0.09726527572678881,0.07664552880138732
10.097185135363846,10.113454813051172,0.09718513536384638,0.11345481305117221
10.09710385440652,10.096943464246426,0.09710385440651924,0.0969434642464253
10.097021433808745,10.089963692446338,0.09702143380874542,0.08996369244633692
10.096937874537838,10.11930190358987,0.09693787453783824,0.11930190358987011
10.096853177574475,10.091430084261464,0.09685317757447481,0.09143008426146446
10.096767343912685,10.115847021603718,0.09676734391268446,0.11584702160371924
10.096680374559837,10.096514602073231,0.09668037455983723,0.09651460207323158
10.096592270536632,10.093925099420655,0.096592270536632,0.09392509942065479
10.096503032877084,10.128591020389939,0.09650303287708445,0.12859102038993941
10.096412662628515,10.080378377901416,0.09641266262851492,0.08037837790141573
10.096321160851536,10.079087659816187,0.09632116085153623,0.07908765981618639
10.096228528620042,10.101128706460827,0.09622852862004115,0.10112870646082747
10.09613476702119,10.090322548060238,0.09613476702118984,0.0903225480602368
10.096039877155397,10.071527823504528,0.0960398771553969,0.07152782350452902
10.09594386013632,10.092156030331132,0.0959438601363188,0.09215603033113291
10.09584671709084,10.085037171844718,0.09584671709084061,0.0850371718447178
10.095748449159062,10.118770076299956,0.09574844915906261,0.11877007629995676
10.095649057494287,10.105571205872321,0.0956490574942873,0.10557120587232104
10.095548543263005,10.085975045306188,0.09554854326300555,0.08597504530618774
10.095446907644883,10.10078508220694,0.09544690764488306,0.10078508220694027
10.095344151832746,10.07184073561903,0.09534415183274636,0.07184073561903018
10.09524027703257,10.11689454459006,0.09524027703256904,0.11689454459006048
10.095135284463458,10.094434991726782,0.09513528446345743,0.09443499172678162
10.095029175357636,10.067871100585188,0.0950291753576364,0.06787110058518775
10.094921950960435,10.073234032024127,0.09492195096043465,0.07323403202412637
10.09481361253027,10.111152359108356,0.09481361253027047,0.11115235910835569
10.094704161338637,10.074994209835413,0.09470416133863677,0.07499420983541386
10.094593598670086,10.094317292178376,0.09459359867008599,0.09431729217837642
10.094481925822215,10.09620727761221,0.09448192582221539,0.0962072776122101
10.094369144105652,10.08275759482024,0.09436914410565156,0.08275759482024003
10.094255254844034,10.058181082080992,0.09425525484403517,0.058181082080992465
10.094140259374004,10.099495325585268,0.09414025937400522,0.09949532558526844
10.094024159045183,10.111967581338602,0.09402415904518366,0.11196758133860124
10.09390695522016,10.081853058324372,0.09390695522015936,0.08185305832437165
10.093788649274472,10.121586806000758,0.09378864927447222,0.12158680600075766
10.093669242596597,10.08286286665728,0.09366924259659677,0.08286286665728043
10.093548736587927,10.078291177819366,0.09354873658792624,0.07829117781936669
10.093427132662756,10.086670630986152,0.09342713266275599,0.08667063098615131
10.093304432248267,10.130486371062412,0.0933044322482666,0.13048637106241212
10.093180636784508,10.081432683636862,0.09318063678450764,0.08143268363686129
10.09305574772438,10.102905933986902,0.09305574772438041,0.10290593398690262
10.09292976653362,10.11429222206704,0.0929297665336211,0.11429222206703893
10.092802694690784,10.08012926193652,0.09280269469078323,0.08012926193651933
10.092674533687221,10.079757443606745,0.09267453368722074,0.07975744360674415
10.09254528502707,10.09252578186107,0.09254528502707028,0.09252578186107022
10.092414950227234,10.104743858459598,0.09241495022723362,0.10474385845959758
10.09228353081736,10.061849215567669,0.09228353081735953,0.061849215567669584
10.092151028339826,10.108252630238251,0.0921510283398264,0.10825263023825082
10.092017444349723,10.102126661272218,0.09201744434972375,0.102126661272217
10.091882780414833,10.08594759128555,0.09188278041483389,0.0859475912855503
10.091747038115614,10.070728327876624,0.09174703811561391,0.0707283278766247
10.091610219045176,10.064503320644897,0.0916102190451768,0.06450332064489743
10.091472324809272,10.060387829429251,0.091472324809273,0.06038782942925115
10.09133335702627,10.086399718513526,0.09133335702627114,0.08639971851352674
10.09119331732714,10.080375685433447,0.09119331732713959,0.08037568543344656
10.091052207355427,10.111369159815426,0.09105220735542693,0.11136915981542575
10.090910028767244,10.090786657063777,0.09091002876724294,0.09078665706377748
10.090766783231238,10.106942234746885,0.09076678323123871,0.10694223474688533
10.090622472428588,10.088470727775054,0.0906224724285876,0.08847072777505398
10.090477098052965,10.084490003588103,0.0904770980529653,0.08449000358810232
10.09033066181053,10.090088236340836,0.09033066181052965,0.09008823634083687
10.090183165419901,10.109044245184394,0.09018316541990111,0.10904424518439533
10.090034610612141,10.094194263874032,0.09003461061214231,0.09419426387403154
10.089884999130739,10.083884723856649,0.08988499913073784,0.08388472385664879
10.089734332731574,10.096063246467944,0.08973433273157355,0.09606324646794462
10.089582613182916,10.07085703491392,0.08958261318291627,0.07085703491392044
10.089429842265393,10.103854002771174,0.08942984226539293,0.10385400277117376
10.089276021771969,10.103282600312456,0.08927602177196968,0.10328260031245534
10.08912115350793,10.09286990007393,0.08912115350793055,0.09286990007393064
10.088965239290857,10.12752902438326,0.08896523929085681,0.12752902438326152
10.088808280950605,10.087292250150181,0.08880828095060536,0.08729225015018052
10.088650280329286,10.099431401491803,0.08865028032928696,0.09943140149180309
10.088491239281245,10.075251312132934,0.08849123928124515,0.07525131213293479
10.088331159673034,10.091993874540528,0.08833115967303419,0.09199387454052753
10.088170043383398,10.09280894069707,0.08817004338339728,0.09280894069707009
10.088007892303244,10.124004063032126,0.0880078923032441,0.12400406303212677
10.087844708335629,10.065843116957454,0.08784470833562931,0.06584311695745466
10.08768049339573,10.133728042938678,0.0876804933957298,0.13372804293867877
10.087515249410822,10.099910471714304,0.08751524941082196,0.099910471714305
10.087348978320259,10.077496902258607,0.08734897832025973,0.0774969022586075
10.087181682075451,10.10416790224685,0.08718168207545132,0.10416790224685044
10.087013362639837,10.04993296216722,0.08701336263983654,0.049932962167220256
10.086844021988863,10.103375704718298,0.08684402198886344,0.10337570471829799
10.086673662109966,10.049359728328929,0.08667366210996566,0.04935972832892887
10.086502285002538,10.08045602299874,0.08650228500253866,0.08045602299874008
10.086329892677917,10.085749263514826,0.08632989267791653,0.08574926351482567
10.086156487159348,10.07986843414023,0.08615648715934798,0.07986843414023018
10.085982070481974,10.082930792525614,0.08598207048197316,0.0829307925256137
10.0858066446928,10.097739306334718,0.08580664469279947,0.09773930633471803
10.085630211850678,10.106620637427536,0.08563021185067726,0.10662063742753608
10.085452774026276,10.080639603302405,0.08545277402627627,0.0806396033024055
10.085274333302062,10.081787010048208,0.08527433330206094,0.08178701004820794
10.085094891772266,10.078383610737516,0.08509489177226609,0.07838361073751596
10.084914451542872,10.094970765663094,0.08491445154287207,0.09497076566309379
10.084733014731581,10.068206088056435,0.0847330147315805,0.06820608805643431
10.08455058346779,10.099692604405101,0.08455058346778915,0.09969260440510061
10.084367159892567,10.108763179847811,0.08436715989256705,0.10876317984781073
10.084182746158628,10.067158669971068,0.08418274615862902,0.06715866997106805
10.08399734443031,10.10576894994283,0.08399734443031097,0.10576894994283001
10.083810956883545,10.061857499199203,0.08381095688354423,0.06185749919920316
10.08362358570583,10.0498036899034,0.08362358570582967,0.04980368990339987
10.083435233096212,10.06327414040892,0.0834352330962127,0.0632741404089191
10.083245901265258,10.085237300338138,0.08324590126525695,0.08523730033813828
10.083055592435018,10.098712187131285,0.08305559243501866,0.09871218713128523
10.08286430883902,10.09378852960149,0.08286430883902007,0.09378852960149042
10.082672052722224,10.056191508799712,0.08267205272222389,0.056191508799711104
10.082478826341006,10.078172068907616,0.08247882634100655,0.07817206890761684
10.082284631963132,10.094362672611659,0.08228463196313188,0.09436267261165968
10.082089471867723,10.075948586461212,0.0820894718677241,0.075948586461213
10.081893348345242,10.104759382284257,0.08189334834524173,0.1047593822842569
10.08169626369745,10.078779469870025,0.08169626369745031,0.0787794698700241
10.081498220237394,10.114900081940617,0.0814982202373952,0.11490008194061688
10.081299220289376,10.0816757502141,0.0812992202893749,0.0816757502140997
10.081099266188913,10.077567355966686,0.08109926618891351,0.07756735596668592
10.080898360282733,10.068987438278484,0.08089836028273344,0.06898743827848394
10.080696504928728,10.103594428581708,0.08069650492872743,0.10359442858170849
10.080493702495932,10.090189894600448,0.08049370249593159,0.09018989460044845
10.080289955364497,10.076365531069342,0.08028995536449712,0.07636553106934237
10.080085265925662,10.055275067143468,0.08008526592566259,0.05527506714346751
10.079879636581726,10.08447625789686,0.07987963658172546,0.08447625789685903
10.079673069746015,10.102918039167484,0.07967306974601451,0.10291803916748407
10.079465567842862,10.088084578898291,0.07946556784286124,0.08808457889829059
10.079257133307571,10.11024601756516,0.07925713330757106,0.1102460175651595
10.079047768586396,10.062826039940488,0.0790477685863953,0.0628260399404877
10.078837476136503,10.069947866498055,0.07883747613650222,0.06994786649805398
10.078626258425949,10.097373523845736,0.0786262584259482,0.0973735238457351
10.078414117933649,10.073441849832111,0.07841411793364853,0.07344184983211062
10.078201057149348,10.071618236899088,0.07820105714934879,0.07161823689908753
10.077987078573596,10.0912031112495,0.07798707857359535,0.09120311124949965
10.077772184717706,10.079090399851498,0.07777218471770611,0.07909039985149784
10.07755637810374,10.076727084594728,0.07755637810374069,0.0767270845947275
10.077339661264471,10.066099456019483,0.07733966126447142,0.06609945601948294
10.077122036743352,10.082166019093913,0.07712203674335333,0.08216601909391372
10.076903507094494,10.082360917952883,0.07690350709449395,0.08236091795288311
10.076684074882625,10.056843382799254,0.07668407488262396,0.05684338279925352
10.076463742683067,10.074035868889732,0.07646374268306674,0.0740358688897314
10.076242513081707,10.081997110209041,0.07624251308170828,0.08199711020904187
10.076020388674966,10.05564317826532,0.07602038867496641,0.05564317826532145
10.075797372069761,10.066178219916367,0.07579737206976103,0.06617821991636622
10.075573465883483,10.083837364288343,0.07557346588348302,0.08383736428834333
10.075348672743964,10.077719110051444,0.07534867274396377,0.07771911005144341
10.075122995289444,10.065886954080199,0.07512299528944388,0.06588695408019919
10.074896436168544,10.070197494374789,0.07489643616854291,0.0701974943747888
10.074668998040227,10.083329928936704,0.0746689980402279,0.08332992893670405
10.074440683573782,10.081162435384007,0.07444068357378185,0.08116243538400786
10.074211495448774,10.090203489929653,0.07421149544877308,0.09020348992965249
10.073981436355023,10.06297578216123,0.07398143635502329,0.06297578216123044
10.073750508992577,10.095649032763736,0.0737505089925763,0.0956490327637367
10.073518716071666,10.066428485760733,0.07351871607166581,0.0664284857607339
10.073286060312684,10.097978248166473,0.07328606031268436,0.09797824816647313
10.073052544446151,10.087041397270493,0.07305254444615088,0.08704139727049362
10.07281817121268,10.067989081723372,0.07281817121267888,0.06798908172337251
10.072582943362944,10.065399072749932,0.07258294336294388,0.06539907274993198
10.072346863657652,10.090118747946317,0.07234686365765179,0.09011874794631626
10.072109934867505,10.00922696414223,0.07210993486750612,0.009226964142229621
10.071872159773175,10.09762212916593,0.07187215977317517,0.09762212916593026
10.07163354116526,10.080407648564625,0.07163354116526008,0.0804076485646253
10.07139408184426,10.076336207125022,0.07139408184426159,0.07633620712502173
10.071153784620547,10.059478379513708,0.07115378462054743,0.059478379513708074
10.07091265231432,10.106543926173615,0.07091265231431887,0.10654392617361422
10.070670687755578,10.05088178386845,0.07067068775557829,0.05088178386844973
10.070427893784096,10.095788763533502,0.07042789378409556,0.09578876353350163
10.070184273249374,10.082540568107868,0.07018427324937486,0.08254056810786797
10.069939829010622,10.043953477762262,0.06993982901062086,0.043953477762262466
10.069694563936705,10.042808135887782,0.0696945639367058,0.042808135887782255
10.069448480906136,10.079797870660817,0.0694484809061355,0.07979787066081792
10.069201582807015,10.06853472906213,0.0692015828070152,0.06853472906212936
10.068953872537016,10.064403842071766,0.06895387253701642,0.0644038420717653
10.068705353003342,10.059660101518423,0.06870535300334239,0.059660101518423644
10.068456027122695,10.066450779274932,0.06845602712269432,0.06645077927493148
10.068205897821237,10.054598313924156,0.0682058978212365,0.05459831392415694
10.067954968034563,10.079429148497702,0.06795496803456279,0.07942914849770225
10.067703240707662,10.074015308512909,0.06770324070766186,0.07401530851290851
10.067450718794882,10.053312113054739,0.06745071879488207,0.053312113054739284
10.067197405259897,10.0653587235765,0.06719740525989777,0.06535872357649915
10.066943303075673,10.046758578001494,0.06694330307567382,0.04675857800149508
10.066688415224432,10.043954366982641,0.06668841522443111,0.04395436698264069
10.066432744697611,10.079108750547842,0.06643274469761089,0.07910875054784168
10.06617629449584,10.095666109569118,0.06617629449584059,0.09566610956911736
10.065919067628897,10.064911981852863,0.06591906762889795,0.06491198185286266
10.065661067115675,10.031560470466742,0.06566106711567607,0.031560470466741625
10.065402295984148,10.076298613390192,0.06540229598414737,0.07629861339019228
10.065142757271328,10.07350709052044,0.06514275727132893,0.07350709052044009
10.064882454023246,10.046500180065344,0.06488245402324631,0.046500180065344454
10.064621389294897,10.079109635517575,0.0646213892948976,0.07910963551757597
10.064359566150218,10.063238329050591,0.06435956615021814,0.06323832905059219
10.064096987662044,10.101819912493989,0.06409698766204423,0.1018199124939882
10.063833656912077,10.046820074835507,0.0638336569120772,0.04682007483550675
10.063569576990847,10.091824584278653,0.06356957699084677,0.09182458427865353
10.063304750997675,10.046805427792625,0.06330475099767556,0.046805427792624796
10.063039182040642,10.035319385648581,0.06303918204064218,0.035319385648580094
10.062772873236545,10.061451986033138,0.06277287323654504,0.061451986033136986
10.062505827710865,10.085708345936613,0.06250582771086519,0.0857083459366133
10.062238048597731,10.083299804467769,0.06223804859773048,0.08329980446776857
10.061969539039879,10.068468634442919,0.061969539039878396,0.068468634442918
10.061700302188619,10.071133853249792,0.061700302188618716,0.07113385324979306
10.061430341203797,10.048658257940152,0.06143034120379736,0.048658257940153174
10.061159659253759,10.040341948086482,0.06115965925375877,0.04034194808648128
10.060888259515309,10.06656249894576,0.06088825951530899,0.0665624989457609
10.060616145173677,10.038085112800312,0.06061614517367783,0.03808511280031211
10.060343319422483,10.08858865656889,0.06034331942248233,0.08858865656889038
10.06006978546369,10.046319677785267,0.06006978546368871,0.046319677785267174
10.059795546507575,10.04466111476947,0.05979554650757505,0.04466111476946939
10.059520605772693,10.071382635153812,0.059520605772693094,0.07138263515381253
10.059244966485831,10.069606056583488,0.059244966485831274,0.06960605658348752
10.058968631881976,10.078211719867994,0.058968631881976485,0.07821171986799416
10.058691605204276,10.098140044242651,0.058691605204275604,0.09814004424265133
10.058413889704,10.057609157209198,0.05841388970399833,0.057609157209197445
10.058135488640499,10.077941654500153,0.05813548864049848,0.07794165450015304
10.057856405281177,10.095710085923209,0.05785640528117597,0.09571008592320927
10.057576642901438,10.088439725573393,0.057576642901437915,0.08843972557339293
10.057296204784661,10.05335912353212,0.057296204784661076,0.05335912353211969
10.057015094222153,10.032989020238062,0.0570150942221527,0.03298902023806222
10.056733314513112,10.071224380265724,0.05673331451311221,0.07122438026572323
10.056450868964593,10.091881445990635,0.05645086896459192,0.09188144599063541
10.056167760891459,10.091635825909652,0.056167760891459056,0.09163582590965114
10.055883993616357,10.053700876670046,0.05588399361635646,0.053700876670046846
10.055599570469663,10.058391338529862,0.05559957046966307,0.05839133852986274
10.055314494789457,10.043870079545393,0.05531449478945586,0.043870079545393174
10.05502876992147,10.061943982576386,0.05502876992146993,0.061943982576385295
10.054742399219059,10.070895213004365,0.054742399219059615,0.07089521300436477
10.05445538604316,10.046174240553224,0.054455386043158485,0.04617424055322414
10.054167733762242,10.06308128553283,0.05416773376224088,0.06308128553282943
10.053879445752282,10.032807785824152,0.05387944575228165,0.03280778582415217
10.053590525396716,10.049027647169371,0.05359052539671697,0.049027647169371004
10.053300976086405,10.045202975934032,0.05330097608640393,0.04520297593403193
10.053010801219582,10.058652350737237,0.05301080121958168,0.05865235073723702
10.05272000420183,10.012167498176987,0.052720004201831094,0.012167498176987604
10.052428588446034,10.037526411521034,0.052428588446034353,0.03752641152103324
10.052136557372336,9.999743596673971,0.05213655737233578,-0.00025640332602897
10.051843914408101,10.0284516152595,0.0518439144081011,0.028451615259500674
10.051550662987877,10.102254327668412,0.051550662987877555,0.10225432766841211
10.051256806553353,10.078757121372625,0.05125680655335291,0.07875712137262478
10.050962348553316,10.04203376500444,0.050962348553316064,0.04203376500444064
10.050667292443617,10.048978184976992,0.050667292443615876,0.04897818497699169
10.050371641687121,10.061790602927948,0.05037164168712101,0.06179060292794694
10.050075399753679,10.072154142445815,0.050075399753678564,0.07215414244581415
10.049778570120074,10.039532257519285,0.04977857012007437,0.03953225751928505
10.04948115626999,10.074330581669539,0.04948115626999169,0.07433058166953813
10.04918316169397,10.053238733411229,0.04918316169396984,0.05323873341122822
10.048884589889365,10.05424756309362,0.0488845898893642,0.05424756309362074
10.048585444360304,10.057971613148398,0.048585444360304514,0.05797161314839773
10.048285728617653,10.046151731600416,0.04828572861765409,0.046151731600415566
10.047985446178968,10.031594663210047,0.04798544617896796,0.031594663210047155
10.047684600568452,10.066783684982212,0.04768460056845256,0.06678368498221257
10.047383195316923,10.052693890017972,0.04738319531692372,0.0526938900179716
10.047081233961766,10.036107829845347,0.04708123396176553,0.036107829845347585
10.046778720046888,10.059722999143272,0.04677872004688823,0.05972299914327184
10.046475657122688,10.042372111831181,0.04647565712268753,0.04237211183118167
10.046172048746003,10.049473114933257,0.046172048746002475,0.04947311493325585
10.045867898480074,10.0158407632494,0.045867898480073256,0.0158407632494003
10.0455632098945,10.04338879619324,0.045563209894500294,0.04338879619323928
10.045257986565202,10.039195720045802,0.04525798656520174,0.0391957200458016
10.044952232074372,10.069423279889707,0.04495223207437182,0.06942327988970656
10.044645950010437,10.056584031131157,0.04464595001043817,0.05658403113115759
10.04433914396802,10.069506661575204,0.04433914396802065,0.06950666157520331
10.04403181754789,10.048653278960751,0.04403181754788851,0.04865327896075093
10.043723974356919,10.021139108034827,0.04372397435691852,0.02113910803482674
10.043415618008051,10.051732407687139,0.04341561800805192,0.05173240768713897
10.043106752120252,10.00973915466344,0.043106752120253,0.00973915466344158
10.042797380318467,9.998574435136227,0.04279738031846618,-0.0014255648637725507
10.042487506233574,10.053070864667403,0.04248750623357294,0.05307086466740238
10.04217713350235,10.028038774583232,0.042177133502350195,0.028038774583231937
10.041866265767426,10.063487666116528,0.04186626576742696,0.063487666116528
10.041554906677241,10.060677421195107,0.04155490667724194,0.06067742119510686
10.041243059886,10.02888719277701,0.041243059886000036,0.02888719277701038
10.040930729053631,10.024177460130723,0.04093072905363045,0.024177460130722913
10.040617917845744,10.009143398027595,0.04061791784574324,0.009143398027594563
10.040304629933585,10.061362770544145,0.04030462993358581,0.06136277054414507
10.039990868994002,10.011016837147373,0.03999086899400078,0.011016837147372702
10.039676638709382,10.046023149450296,0.039676638709382234,0.046023149450295946
10.039361942767632,9.988992568153252,0.03936194276763276,-0.01100743184674844
10.03904678486212,10.060996978321443,0.039046784862119585,0.06099697832144305
10.038731168691632,10.0219340545172,0.03873116869163215,0.02193405451719992
10.038415097960337,9.987824080506536,0.038415097960338075,-0.012175919493464464
10.03809857637774,10.02828587070351,0.03809857637774002,0.028285870703509863
10.037781607658632,9.99552216961665,0.037781607658631464,-0.004477830383349722
10.037464195523054,10.005228543128894,0.03746419552305412,0.005228543128893523
10.037146343696254,10.02061858589032,0.03714634369625377,0.0206185858903198
10.036828055908636,10.064244359659762,0.03682805590863604,0.06424435965976202
10.036509335895724,10.025440356927206,0.036509335895723645,0.025440356927204977
10.036190187398113,10.055929235648412,0.03619018739811184,0.05592923564841215
10.035870614161425,10.060267496905551,0.03587061416142489,0.06026749690555097
10.035550619936272,10.002394230309894,0.03555061993627141,0.00239423030989519
10.035230208478202,10.064028260400372,0.03523020847820138,0.06402826040037277
10.034909383547662,10.044199968144984,0.034909383547661384,0.044199968144983816
10.03458814890995,10.032499025730505,0.034588148909950794,0.032499025730505685
10.034266508335177,10.03146362513261,0.03426650833517696,0.03146362513260948
10.033944465598212,10.044271904192536,0.0339444655982119,0.04427190419253689
10.033622024478648,10.056160701847375,0.03362202447864756,0.05616070184737562
10.03329918876075,10.016644069299213,0.03329918876075091,0.016644069299212097
10.03297596223342,10.003946865022861,0.03297596223342053,0.003946865022860957
10.032652348690142,10.03419981428047,0.032652348690141546,0.03419981428046949
10.03232835192894,10.07446788890734,0.03232835192894133,0.07446788890733838
10.032003975752344,10.026565894681452,0.032003975752344344,0.02656589468145255
10.031679223967329,10.040500724940676,0.03167922396732848,0.040500724940676545
10.031354100385279,10.029987343360393,0.031354100385279714,0.029987343360392806
10.031028608821948,10.007028028587042,0.03102860882194773,0.007028028587042379
10.030702753097401,10.032050980198044,0.03070275309740042,0.03205098019804365
10.03037653703598,10.040194543561798,0.030376537035980117,0.04019454356179743
10.030049964466258,10.014775569545003,0.030049964466258162,0.014775569545003874
10.02972303922099,10.00371020305178,0.029723039220989473,0.003710203051780124
10.02939576513707,10.038025357903907,0.029395765137068604,0.03802535790390642
10.029068146055485,10.005362196877456,0.029068146055483992,0.005362196877455889
10.028740185821274,10.06748176918357,0.028740185821273263,0.06748176918356945
10.028411888283477,10.039406665137275,0.028411888283477394,0.039406665137274345
10.028083257295096,9.997718941152684,0.028083257295096573,-0.002281058847315512
10.027754296713045,10.005546138513116,0.027754296713044288,0.005546138513116607
10.027425010398103,10.008636684289254,0.02742501039810242,0.008636684289254425
10.027095402214876,10.03066782794779,0.027095402214875233,0.030667827947790258
10.026765476031745,10.059611993134371,0.026765476031745047,0.059611993134370864
10.026435235720827,10.022052575286816,0.02643523572082633,0.022052575286815694
10.02610468515792,10.009162177975403,0.02610468515791973,0.00916217797540389
10.025773828222468,9.98979464616771,0.025773828222467626,-0.010205353832289897
10.025442668797508,10.022040283550767,0.025442668797507912,0.022040283550767894
10.025111210769628,10.028799992154907,0.025111210769628745,0.028799992154907323
10.024779458028922,10.03456891644886,0.024779458028922282,0.03456891644886052
10.02444741446894,10.020617933722843,0.024447414468940023,0.020617933722843367
10.024115083986647,10.012436316912044,0.02411508398664644,0.012436316912044255
10.023782470482374,10.011652375728247,0.023782470482373592,0.011652375728245658
10.023449577859775,10.009855137736253,0.02344957785977465,0.009855137736253006
10.023116410025779,10.0129617034805,0.023116410025779115,0.012961703480500082
10.022782970890546,10.026953488019284,0.02278297089054646,0.02695348801928381
10.02244926436742,10.020709296856872,0.022449264367419713,0.020709296856871066
10.022115294372881,10.017679475776793,0.022115294372880557,0.017679475776793203
10.021781064826502,10.032370009135967,0.0217810648265027,0.03237000913596656
10.021446579650906,10.06216407263074,0.021446579650906183,0.062164072630739475
10.021111842771711,10.02144649025675,0.02111184277171069,0.021446490256749513
10.02077685811749,10.017538722159557,0.020776858117490478,0.017538722159557128
10.020441629619727,10.093598555024121,0.020441629619727605,0.0935985550241207
10.020106161212766,9.991944218640775,0.020106161212766115,-0.00805578135922562
10.019770456833765,10.004001744845416,0.019770456833765188,0.004001744845416995
10.019434520422655,10.024524395475401,0.01943452042265396,0.02452439547540159
10.019098355922084,9.991493610417567,0.01909835592208477,-0.008506389582433153
10.018761967277387,10.033330918541838,0.018761967277386358,0.03333091854183716
10.018425358436518,9.99358510522634,0.018425358436518612,-0.006414894773660463
10.018088533350026,10.068538099833072,0.018088533350025537,0.06853809983307257
10.01775149597099,10.00723153145132,0.017751495970989236,0.007231531451319637
10.017414250254983,10.028157932514617,0.017414250254982815,0.02815793251461675
10.017076800160025,10.035995592071487,0.01707680016002502,0.035995592071486816
10.016739149646533,10.051764434298589,0.016739149646533058,0.05176443429858873
10.016401302677277,10.045357706808787,0.016401302677276505,0.04535770680878709
10.01606326321733,10.016731454933726,0.01606326321733006,0.016731454933725836
10.015725035234029,10.037103984637135,0.015725035234028094,0.03710398463713431
10.015386622696917,10.001033315431044,0.015386622696917521,0.001033315431044143
10.015048029577711,10.009586552847372,0.015048029577710731,0.009586552847372122
10.01470925985024,10.018276432124402,0.014709259850239999,0.0182764321244024
10.01437031749041,9.993189071445054,0.01437031749041015,-0.006810928554945816
10.014031206476153,10.018318573472508,0.014031206476152256,0.01831857347250722
10.013691930787376,9.98896668061841,0.013691930787376237,-0.011033319381590424
10.013352494405925,10.00398675541683,0.013352494405925211,0.003986755416831375
10.013012901315529,10.036387682936358,0.013012901315528068,0.036387682936357114
10.012673155501753,10.00222369518668,0.01267315550175304,0.0022236951866799436
10.01233326095196,10.045832490017713,0.012333260951960252,0.04583249001771271
10.011993221655256,10.0318321457156,0.011993221655255971,0.03183214571559883
10.011653041602445,9.98874377873971,0.011653041602445246,-0.011256221260289277
10.011312724785984,10.019495090483652,0.011312724785984565,0.019495090483651882
10.010972275199936,10.010624522619798,0.010972275199936037,0.010624522619797504
10.01063169683992,10.002805464805256,0.010631696839919824,0.0028054648052565825
10.010290993703068,10.007520299187087,0.010290993703067592,0.007520299187086212
10.009950169787976,9.999452941104563,0.009950169787974899,-0.0005470588954370244
10.009609229094655,9.991999782241772,0.009609229094655322,-0.008000217758228012
10.009268175624493,10.029005669045844,0.00926817562449298,0.029005669045843577
10.008927013380195,10.029761468474753,0.00892701338019505,0.029761468474752913
10.008585746365746,9.966654823786762,0.008585746365745843,-0.03334517621323765
10.00824437858636,10.033519218683542,0.008244378586359109,0.033519218683541914
10.007902914048431,10.035164495430532,0.007902914048431381,0.03516449543053249
10.007561356759494,10.005056751176589,0.0075613567594942505,0.005056751176589146
10.007219710728169,10.02355262960362,0.007219710728168394,0.023552629603620322
10.006877979964116,10.026651748926813,0.006877979964115818,0.02665174892681329
10.006536168477993,9.99559501992809,0.006536168477993154,-0.0044049800719106035
10.006194280281404,10.021006226949178,0.006194280281403886,0.021006226949177774
10.005852319386852,9.988054824345207,0.00585231938685232,-0.011945175654793277
10.005510289807695,10.025146770097052,0.005510289807695973,0.025146770097051418
10.005168195558097,10.002934265829262,0.005168195558097931,0.002934265829261589
10.004826040652981,9.988359706559134,0.004826040652980805,-0.011640293440866721
10.00448382910798,10.023664439910979,0.0044838291079788975,0.02366443991097915
10.004141564939392,9.99578405044331,0.0041415649393914365,-0.0042159495566890404
10.003799252164134,10.008305332620422,0.003799252164134721,0.008305332620422384
10.003456894799696,9.997053526304997,0.003456894799696044,-0.002946473695003675
10.003114496864086,9.975573122003963,0.0031144968640858355,-0.02442687799603637
10.00277206237579,9.980290563226731,0.0027720623757908577,-0.019709436773268085
10.002429595353727,9.978152978140544,0.0024295953537263344,-0.02184702185945496
10.00208709981719,9.989021440216465,0.0020870998171898464,-0.010978559783534073
10.001744579785814,9.986021701614188,0.0017445797858136312,-0.013978298385812693
10.001402039279517,9.976575637680874,0.0014020392795168716,-0.023424362319125574
10.00105948231846,10.033590681825247,0.0010594823184595828,0.0335906818252474
10.000716912922995,10.020015756054757,0.0007169129229947208,0.020015756054756754
10.000374335113621,9.985499756501818,0.0003743351136213534,-0.0145002434981815
10.000031752910937,10.01932272328598,3.175291093676325e-05,0.019322723285979525
9.999689170335591,10.001674400888783,-0.00031082966440967256,0.0016744008887828537
9.999346591408235,9.99635933643446,-0.0006534085917643808,-0.003640663565538629
9.999004020149483,10.007411744380601,-0.000995979850516425,0.007411744380600144
9.998661460579855,9.983020873278344,-0.0013385394201454023,-0.016979126721656797
9.998318916719732,9.990764906847186,-0.001681083280267564,-0.009235093152814637
9.997976392589317,10.003410803902486,-0.002023607410683533,0.0034108039024857693
9.997633892208574,9.999915398203074,-0.0023661077914260194,-8.460179692634968e-05
9.997291419597195,9.963096145945393,-0.0027085804028059326,-0.036903854054607985
9.99694897877454,9.967097186068145,-0.0030510212254602712,-0.03290281393185546
9.996606573759601,10.009729153314707,-0.003393426240398937,0.009729153314706843
9.996264208570947,10.01739872289302,-0.0037357914290526146,0.017398722893020465
9.99592188722668,9.991435787733161,-0.004078112773318871,-0.008564212266839007
9.99557961374439,9.982010841747659,-0.00442038625561002,-0.017989158252340712
9.9952373921411,10.018910797234012,-0.004762607858899922,0.01891079723401298
9.994895226433227,9.97009263515381,-0.005104773566771835,-0.02990736484619004
9.994553120636535,9.993111588773697,-0.0054468793634644954,-0.006888411226302332
9.99421107876608,9.982241232540378,-0.00578892123391977,-0.01775876745962254
9.99386910483617,10.003135945108875,-0.006130895163830319,0.003135945108875584
9.993527202860314,9.989313035954476,-0.00647279713968564,-0.010686964045523266
9.99318537685118,10.034235265360307,-0.006814623148819883,0.03423526536030739
9.992843630820541,10.023397639118777,-0.007156369179458591,0.02339763911877603
9.992501968779234,10.00566666804609,-0.007498031220766488,0.005666668046089341
9.992160394737107,9.98605008737393,-0.007839605262893491,-0.013949912626068584
9.991818912702978,9.983317170470219,-0.008181087297022481,-0.01668282952978073
9.991477526684584,9.97670216025543,-0.008522473315415996,-0.023297839744570312
9.991136240688537,9.978238047395848,-0.008863759311463975,-0.021761952604150862
9.99079505872027,9.993863942665769,-0.009204941279729715,-0.006136057334231864
9.990453984784002,10.02909247309603,-0.00954601521599742,0.029092473096029893
9.99011302288268,9.958261442581621,-0.009886977117319718,-0.041738557418378855
9.989772177017937,9.990956138314225,-0.010227822982063586,-0.009043861685775112
9.989431451190041,9.973265445509147,-0.010568548809958013,-0.026734554490852658
9.98909084939786,9.948921073332487,-0.010909150602140604,-0.05107892666751376
9.988750375638794,10.019026147883155,-0.011249624361205217,0.01902614788315527
9.988410033908751,9.987340495227233,-0.01158996609124781,-0.012659504772767564
9.988069828202086,9.980906177240662,-0.011930171797914056,-0.01909382275933764
9.987729762511554,10.01418882937877,-0.01227023748844586,0.014188829378771257
9.987389840828271,9.977099963014453,-0.01261015917172893,-0.02290003698554729
9.987050067141661,9.970330958502473,-0.012949932858338559,-0.029669041497527755
9.986710445439414,9.995525372646874,-0.01328955456058697,-0.0044746273531260355
9.986370979707429,9.938079757857377,-0.013629020292570652,-0.06192024214262338
9.986031673929784,9.953651568565546,-0.01396832607021608,-0.046348431434454496
9.985692532088672,9.964849527996797,-0.01430746791132718,-0.035150472003202975
9.985353558164368,9.973054761672763,-0.014646441835631706,-0.02694523832723605
9.985014756135172,9.995877989421977,-0.01498524386482867,-0.00412201057802284
9.984676129977366,9.980952926687152,-0.01532387002263396,-0.019047073312847065
9.984337683665172,9.98946588030508,-0.015662316334827727,-0.010534119694921162
9.983999421170699,9.987829660407028,-0.016000578829300675,-0.01217033959297103
9.983661346463899,9.986183687930248,-0.016338653536101363,-0.013816312069751324
9.983323463512518,9.979897540445346,-0.01667653648748176,-0.020102459554652934
9.982985776282055,9.982189547660443,-0.01701422371794434,-0.01781045233955705
9.98264828873571,9.986009438232593,-0.01735171126428914,-0.013990561767406623
9.98231100483434,9.974969340398172,-0.017688995165659232,-0.025030659601827966
9.981973928536412,9.965887246080293,-0.018026071463587888,-0.03411275391970792
9.981637063797955,9.94896947773963,-0.018362936202044714,-0.051030522260370706
9.981300414572518,9.990122324592333,-0.018699585427482766,-0.009877675407666455
9.980963984811115,9.997744552892422,-0.019036015188883898,-0.002255447107578284
9.980627778462194,9.956981543270741,-0.019372221537805837,-0.04301845672925929
9.980291799471571,9.994143190388835,-0.019708200528428175,-0.0058568096111653485
9.9799560517824,9.991427772482485,-0.02004394821759937,-0.008572227517515322
9.979620539335118,9.968324674304993,-0.020379460664881985,-0.03167532569500629
9.9792852660674,10.000390906986453,-0.02071473393259945,0.00039090698645294006
9.978950235914118,9.999164180085382,-0.021049764085882806,-0.0008358199146189967
9.978615452807285,9.995761756639636,-0.021384547192715833,-0.004238243360364186
9.978280920676019,9.97048550422954,-0.021719079323981896,-0.029514495770460565
9.97794664344649,9.934878430451535,-0.022053356553509717,-0.06512156954846529
9.97761262504188,9.987842052398404,-0.02238737495812014,-0.012157947601595892
9.977278869382328,9.966214008315221,-0.022721130617671143,-0.03378599168477939
9.976945380384896,9.992356817320925,-0.023054619615104348,-0.0076431826790745415
9.976612161963509,9.967218613540911,-0.02338783803649154,-0.0327813864590884
9.976279218028921,9.969752536021334,-0.02372078197107953,-0.030247463978665977
9.975946552488663,9.962342164994723,-0.024053447511336777,-0.03765783500527748
9.975614169247,9.947232774072555,-0.024385830752998883,-0.05276722592744561
9.975282072204886,9.988198047128568,-0.024717927795115113,-0.011801952871431895
9.974950265259906,9.954945253899385,-0.02504973474009313,-0.045054746100614856
9.974618752306254,9.99066024166303,-0.025381247693745453,-0.009339758336971433
9.974287537234666,9.997952185808192,-0.025712462765334784,-0.0020478141918076655
9.973956623932379,9.989903208433427,-0.02604337606762039,-0.010096791566573698
9.973626016283097,9.960401264706919,-0.02637398371690268,-0.039598735293081506
9.97329571816693,9.975894984011383,-0.026704281833069277,-0.024105015988617768
9.97296573346036,9.978591570930215,-0.027034266539641125,-0.021408429069785198
9.972636066036182,9.992686149040921,-0.027363933963816894,-0.007313850959079549
9.97230671976348,9.924004794399837,-0.02769328023651918,-0.07599520560016285
9.97197769850756,9.956422694195622,-0.028022301492439512,-0.043577305804378
9.971649006129915,9.995247646800081,-0.02835099387008444,-0.004752353199918163
9.97132064648818,9.988248463778836,-0.028679353511819824,-0.011751536221163265
9.970992623436084,9.99627917050329,-0.029007376563916772,-0.003720829496711049
9.970664940823404,9.944684007803193,-0.02933505917659654,-0.055315992196807065
9.970337602495924,9.967410123000095,-0.029662397504076413,-0.03258987699990621
9.970010612295386,9.992242566699746,-0.029989387704613776,-0.007757433300254919
9.969683974059448,9.973865223026731,-0.030316025940551758,-0.02613477697326862
9.969357691621635,9.967923290529567,-0.030642308378364753,-0.03207670947043288
9.969031768811298,9.953065075561943,-0.030968231188702407,-0.04693492443805696
9.968706209453565,9.983686937190775,-0.031293790546435225,-0.016313062809224465
9.968381017369301,9.989399136455502,-0.03161898263069914,-0.010600863544498108
9.96805619637506,9.968876233850184,-0.03194380362494103,-0.031123766149817145
9.967731750283038,9.97509978197287,-0.032268249716962474,-0.024900218027128856
9.967407682901035,9.993722408452799,-0.0325923170989652,-0.006277591547202071
9.967083998032404,9.985912726472742,-0.03291600196759543,-0.014087273527257475
9.96676069947601,9.984407157550919,-0.033239300523989164,-0.015592842449081747
9.966437791026184,9.933719048520109,-0.033562208973815795,-0.06628095147989047
9.966115276472676,9.95695242832519,-0.03388472352732312,-0.04304757167481108
9.965793159600617,9.980039472781513,-0.03420684039938232,-0.019960527218486016
9.965471444190468,9.967138313199259,-0.034528555809531396,-0.032861686800741086
9.96515013401798,9.962669634447133,-0.03484986598202019,-0.03733036555286703
9.964829232854145,9.969447868607832,-0.035170767145854355,-0.030552131392167586
9.96450874446516,9.956805974759007,-0.035491255534840324,-0.043194025240993514
9.964188672612371,9.965049650313613,-0.035811327387628454,-0.03495034968638701
9.963869021052242,9.963589976609683,-0.03613097894775788,-0.03641002339031774
9.9635497935363,9.965056580238272,-0.03645020646370026,-0.03494341976172859
9.963230993811095,9.965551536863442,-0.03676900618890444,-0.03444846313655696
9.962912625618161,9.959521210077096,-0.037087374381839476,-0.04047878992290495
9.96259469269396,9.935396150156986,-0.037405307306038985,-0.06460384984301361
9.962277198769854,9.988479022575852,-0.03772280123014556,-0.011520977424147937
9.961960147572047,9.977847715523485,-0.038039852427953526,-0.022152284476515516
9.961643542821546,9.953447579294744,-0.038356457178453346,-0.04655242070525557
9.961327388234125,9.936260976565253,-0.03867261176587494,-0.06373902343474802
9.961011687520267,9.95643911947607,-0.038988312479732,-0.043560880523930194
9.960696444385135,9.927891510909484,-0.03930355561486452,-0.07210848909051533
9.960381662528517,9.975721084794847,-0.03961833747148292,-0.024278915205152938
9.96006734564479,9.987013339096457,-0.03993265435521118,-0.01298666090354247
9.959753497422868,9.909523456787904,-0.04024650257713083,-0.09047654321209667
9.959440121546177,9.966088071106002,-0.04055987845382328,-0.03391192889399742
9.959127221692587,9.959730465642046,-0.04087277830741351,-0.040269534357953725
9.958814801534386,9.965509485351246,-0.04118519846561373,-0.03449051464875423
9.958502864738234,9.937062544109615,-0.041497135261765544,-0.06293745589038398
9.958191414965116,9.978299351033186,-0.04180858503488359,-0.021700648966814343
9.957880455870303,9.955783002908902,-0.04211954412969819,-0.0442169970910984
9.9575699911033,9.975488507254399,-0.04243000889669891,-0.0245114927456007
9.957260024307823,9.948551375720053,-0.0427399756921764,-0.0514486242799466
9.956950559121735,9.995845120792081,-0.04304944087826583,-0.00415487920791905
9.956641599177011,9.891002983194968,-0.04335840082298925,-0.10899701680503189
9.9563331480997,9.968635168060686,-0.04366685190029884,-0.031364831939314594
9.956025209509882,9.957833805459085,-0.04397479049011856,-0.042166194540914505
9.955717787021612,9.919196625107922,-0.04428221297838703,-0.08080337489207745
9.9554108842429,9.940024671293106,-0.04458911575710052,-0.05997532870689479
9.955104504775646,9.954427694703584,-0.04489549522435426,-0.04557230529641497
9.954798652215615,9.93878285449202,-0.04520134778438539,-0.06121714550798061
9.954493330152385,9.942018805354328,-0.045506669847614846,-0.05798119464567129
9.95418854216931,9.903473489025577,-0.04581145783069011,-0.09652651097442347
9.953884291843474,9.914568937016933,-0.0461157081565263,-0.0854310629830666
9.953580582745651,9.952337547032647,-0.04641941725434881,-0.04766245296735406
9.953277418440265,9.936809163667924,-0.04672258155973491,-0.06319083633207648
9.952974802485343,9.948222435452795,-0.04702519751465616,-0.051777564547205286
9.952672738432481,9.956881548377746,-0.04732726156751929,-0.043118451622253556
9.952371229826792,9.947706267300438,-0.04762877017320831,-0.05229373269956291
9.952070280206874,9.925786803417353,-0.047929719793126574,-0.07421319658264763
9.951769893104762,9.955493126109783,-0.048230106895237435,-0.044506873890216674
9.951470072045893,9.918515520756275,-0.04852992795410624,-0.08148447924372612
9.95117082054906,9.953645956487392,-0.048829179450941465,-0.04635404351260761
9.950872142126363,9.974586386000173,-0.049127857873636605,-0.025413613999828055
9.95057404028319,9.924112973504567,-0.04942595971681046,-0.075887026495434
9.950276518518152,9.929588732271718,-0.04972348148184887,-0.07041126772828296
9.949979580323054,9.919909593614557,-0.05002041967694554,-0.08009040638544213
9.949683229182856,9.975931524450203,-0.050316770817143565,-0.024068475549797005
9.949387468575624,9.963096632416375,-0.05061253142437544,-0.03690336758362383
9.949092301972495,9.933728659785844,-0.05090769802750433,-0.0662713402141564
9.948797732837635,9.972563620833853,-0.05120226716236529,-0.027436379166146954
9.948503764628194,9.91778501793553,-0.051496235371804956,-0.08221498206446946
9.948210400794277,9.946749529718147,-0.051789599205722785,-0.05325047028185323
9.947917644778888,9.94434067927758,-0.05208235522111121,-0.055659320722419525
9.947625500017903,9.967274140630153,-0.05237449998209667,-0.03272585936984802
9.94733396994002,9.91062666578295,-0.052666030059979,-0.08937333421705129
9.947043057966727,9.942947179793027,-0.05295694203327216,-0.057052820206973796
9.946752767512255,9.941556418489697,-0.05324723248774482,-0.058443581510304245
9.946463101983541,9.959989105945366,-0.053536898016459535,-0.04001089405463283
9.946174064780188,9.90731600297075,-0.053825935219813326,-0.09268399702924937
9.945885659294422,9.941232422728467,-0.05411434070557728,-0.05876757727153261
9.945597888911063,9.905672747783491,-0.05440211108893698,-0.0943272522165085
