Actual_Level,Predicted_Level,Actual_DeltaH,Predicted_DeltaH
0.5172720660176531,0.53082437132564,0.0,0.018484949134188935
0.5139703019924904,0.5301040305176294,-0.00330176402516269,-0.005160602580336963
0.5248288985350296,0.5420490457568227,0.010858596542539178,0.007698996416638593
0.622840437863136,0.6222005308929608,0.09801153932810647,0.102907877874419
0.4468515247062044,0.4569019366433437,-0.17598891315693166,-0.1727685924208748
0.5534642938491883,0.5789948602197671,0.1066127691429839,0.10601741980687919
0.443742456722787,0.4221230843937623,-0.10972183712640127,-0.09996850752778202
0.5090353372217823,0.4991764681511153,0.06529288049899529,0.06915347392994521
0.5028416271908154,0.5115777381865685,-0.006193710030966915,-0.01261907311823034
0.4469987993639314,0.40733883517879416,-0.05584282782688399,-0.0648550241152929
0.5453154335704937,0.5513287959072131,0.09831663420656234,0.09710262278059442
0.5034977245686418,0.5060089558968432,-0.04181770900185189,-0.04718887555588651
0.5060731042988351,0.5226834736181499,0.0025753797301932835,-0.009545280896181636
0.48561269368756776,0.45450280550246136,-0.020460410611267354,-0.013440649282325284
0.4375756391628722,0.4471376099570697,-0.04803705452469559,-0.0553285234266872
0.5856173116590144,0.5780859173935968,0.14804167249614225,0.16153202712219297
0.4750141165556363,0.5027031280276278,-0.11060319510337813,-0.11892098819136068
0.5704725408179915,0.5905744726373494,0.09545842426235518,0.08591464015883277
0.5211131244991395,0.5661476377112135,-0.04935941631885199,-0.05537564218704582
0.5197139143213009,0.5006487185308133,-0.0013992101778386168,-0.0019672345958688365
0.5809551276081568,0.5860439247990041,0.061241213286855944,0.05478507467019005
0.5041031345500556,0.5111375168771803,-0.0768519930581012,-0.07971098905286306
0.4261930844495137,0.42840711598268916,-0.07791005010054192,-0.08904664499812295
0.5092023197364968,0.5346015345684878,0.08300923528698306,0.06926062941629256
0.466609408337735,0.4336812357208204,-0.04259291139876176,-0.06318254462446452
0.62338694331737,0.6123192485730233,0.15677753497963498,0.15367532517503962
0.5084686912085906,0.5240633014311914,-0.11491825210877937,-0.09611227948171833
0.5022107241262225,0.49194715116588866,-0.006257967082368143,-0.004076269750373814
0.47629084078150824,0.45225779524674553,-0.025919883344714234,-0.013610021731666309
0.45165311722920365,0.45394991440702753,-0.02463772355230459,-0.009388934614757267
0.5043646483226847,0.525814289366669,0.052711531093481034,0.04398929142705654
0.4775001061352033,0.47463090586480733,-0.02686454218748141,-0.026714951233241233
0.5155517012994011,0.5458836882326233,0.038051595164197816,0.03145953839524441
0.4065561106563682,0.40642571391373117,-0.10899559064303288,-0.10615431039448667
0.42065017486365447,0.40552730107861457,0.014094064207286261,0.0003362164649590507
0.5231613539526788,0.5069332268115436,0.10251117908902435,0.09017642160512584
0.493408829760314,0.498628574618274,-0.029752524192364793,-0.020877555628519687
0.5703062168889701,0.5811712994411398,0.07689738712865607,0.07956316657659845
0.48622196403957635,0.5072133175832121,-0.08408425284939375,-0.08840206563780913
0.576082436220216,0.5786765266131856,0.0898604721806397,0.07542632277154718
0.51145220749137,0.5036856459180322,-0.06463022872884605,-0.06995754853739024
0.4412928255098043,0.4802449048042046,-0.07015938198156568,-0.0854479185853292
0.46440671967278474,0.4537690693705622,0.02311389416298043,0.03446950210535775
0.45442956321241484,0.4195896516721249,-0.009977156460369896,0.00567668904269512
0.5247906530091078,0.5198598369593295,0.07036108979669292,0.07480975253811707
0.5275877083903443,0.5324995198305484,0.002797055381236535,0.017626216951992783
0.5359361537991265,0.5506289878862957,0.008348445408782212,-0.012808193217875845
0.6017375782394611,0.6051879648069236,0.06580142444033454,0.07364358321259173
0.5401958503587793,0.5157771054379329,-0.061541727880681796,-0.05001277548840595
0.4463176867119401,0.441367125215635,-0.09387816364683915,-0.10626400218860459
0.38907334861909915,0.40879465260114106,-0.05724433809284096,-0.039581250835772526
0.5524303584928153,0.5417152291393906,0.16335700987371615,0.16279070893927933
0.47108268237360024,0.46566772556680136,-0.08134767611921506,-0.07214429938399673
0.6028429395327117,0.6138303587255487,0.1317602571591115,0.14033691728627978
0.49792982450382856,0.5221165264557031,-0.10491311502888317,-0.08172101142933597
0.5203108908090044,0.5254271104328919,0.022381066305175834,0.011886086839237192
0.49327139147921367,0.4818483991500731,-0.027039499329790717,-0.011397900297300215
0.5222172958066637,0.4875701314803669,0.02894590432744998,0.0336889664863429
0.6110496197476147,0.6093092223794839,0.08883232394095109,0.08603701142687306
0.5065064264553589,0.5002872630786752,-0.10454319329225581,-0.1001442445148343
0.44715953768282013,0.4120242913904275,-0.0593468887725388,-0.06590338441362378
0.5286364203867315,0.5364925343134564,0.0814768827039114,0.06043253037583372
0.6584771685796449,0.6309777488046817,0.12984074819291336,0.1348862266627513
0.5308399365065953,0.543357671098215,-0.12763723207304956,-0.13024627612635387
0.5125265280405475,0.4910873887187239,-0.018313408466047787,-0.013538108309450892
0.5855868719185389,0.5695272979080118,0.07306034387799132,0.07720888842287152
0.582823875138428,0.5618649552430001,-0.002762996780110827,-0.009971679968133793
0.4614764505838629,0.47186810075853436,-0.12134742455456515,-0.131273502506406
0.5836407152347122,0.5909466909432126,0.12216426465084929,0.11707132366830865
0.39905505494870547,0.35873326946979844,-0.1845856602860067,-0.20186590164479468
0.5572245472559731,0.5945453455221034,0.15816949230726768,0.15980418719989464
0.45016356288781895,0.47720583009856143,-0.1070609843681542,-0.11340444059221452
0.47986780627960685,0.4556846345193702,0.0297042433917879,0.03534042918742469
0.5503725426978282,0.5508135277103965,0.07050473641822136,0.0856988105467843
0.45832894221969456,0.46553075816268397,-0.09204360047813365,-0.0700946415638317
0.48454593694253584,0.4781132221439865,0.02621699472284128,0.04226159012887852
0.4934662458392042,0.46099098109393044,0.008920308896668339,-0.0027033504327391936
0.5042086976864029,0.5184360752432765,0.010742451847198686,0.026125072135378777
0.5831691457095697,0.5663326819566177,0.07896044802316682,0.08487803589043337
0.5850610677054493,0.5784243604852237,0.0018919219958796196,0.029306182189457314
0.5500351025363859,0.5715849720384307,-0.03502596516906342,-0.0437131939243421
0.5861857653909407,0.6004486507687515,0.036150662854554816,0.02844316089761216
0.6112883322475118,0.5775008034634092,0.025102566856571085,0.014742339454083382
0.5274686200050697,0.5243819212272125,-0.08381971224244211,-0.06469178759556957
0.5440356610845142,0.5892557349719558,0.01656704107944451,0.0031344537590224653
0.5422495911773367,0.5327999961420354,-0.0017860699071774455,-0.01889489995500949
0.5453039236087303,0.5571461025522101,0.003054332431393525,-0.0034438496511226277
0.45400628060781945,0.47404651917074153,-0.09129764300091081,-0.1050634666691043
0.503016537316531,0.532456176590996,0.04901025670871151,0.048267882659945555
0.5057773276588166,0.5097486727977315,0.0027607903422856017,0.005099043500828746
0.6285677217978701,0.6327785831553348,0.12279039413905357,0.11643974701562028
0.5939957418796816,0.5943802368041451,-0.0345719799181885,-0.03935920702163721
0.5466525259859379,0.578805351443519,-0.047343215893743684,-0.041307794852911556
0.4961387438689514,0.47016146076191995,-0.05051378211698654,-0.05682777949167609
0.5093332858698655,0.5416199165734076,0.013194542000914078,0.0034911843266318705
0.509141359029559,0.5061438775090487,-0.00019192684030644447,-0.004889859146271955
0.5329911202295663,0.517473792158318,0.023849761200007258,0.01721973137233137
0.5911360210066188,0.6348449469153437,0.05814490077705248,0.0535462462365672
0.48240565285246056,0.45977237421823364,-0.10873036815415821,-0.11582274932965964
0.568534952192007,0.5751129650725505,0.08612929933954644,0.10055901246431548
0.5185323407875554,0.5170401273999206,-0.05000261140445161,-0.04951507739187663
0.5842982943253151,0.5528682774612015,0.06576595353775971,0.07539863711792641
0.4461998271519646,0.45427477970317504,-0.1380984671733505,-0.1288144545069319
0.5394175027304954,0.5349677489813242,0.09321767557853078,0.107395403309261
0.49549952087758353,0.4773763054156427,-0.04391798185291185,-0.0342099802512872
0.4888696543146712,0.4752299446023454,-0.006629866562912312,-0.027429893124295942
0.5337437751128336,0.5572249011474404,0.04487412079816233,0.05399506100109076
0.5466025283241461,0.5384860084091388,0.012858753211312579,0.02045867523196733
0.5883245906272275,0.5999556978376547,0.0417220623030814,0.04870873152500982
0.4703843854700881,0.48760593620539655,-0.11794020515713943,-0.11800419911592444
0.550623313585441,0.5468229501895723,0.08023892811535294,0.06122165469184348
0.6009509315143741,0.6108343156780602,0.05032761792893303,0.061752107075442354
0.5556023622470946,0.5394868180441901,-0.04534856926727948,-0.04619861961059213
0.5440647671242522,0.5728473550225327,-0.011537595122842359,-0.0063761078063837425
0.5316390912994872,0.5541444465017129,-0.012425675824765059,-0.03083751335517165
0.505649390232594,0.49230147286063236,-0.025989701066893134,-0.03891642472474279
0.5845124758709477,0.5899602441076786,0.07886308563835365,0.09645336272503154
0.5033158446521468,0.46210689318774123,-0.08119663121880083,-0.09694938783894547
0.5241848125917048,0.5397995489737292,0.020868967939557947,0.011998581600749434
0.5974220410630438,0.5952887987695349,0.07323722847133896,0.0819716787090724
0.5524310328764771,0.5439279772947943,-0.04499100818656665,-0.03616621987911467
0.5418131579734805,0.5302728761719356,-0.010617874902996594,0.008933387902605016
0.5817455194007202,0.5787834912485331,0.03993236142723966,0.031700370763153504
0.5229681349617221,0.5066578296936666,-0.05877738443899805,-0.04321103509577182
0.4607039685379115,0.4958543649910915,-0.06226416642381061,-0.05478512570196188
0.6795313902580075,0.6851660332191539,0.21882742172009595,0.23414215039477534
0.5109968527908135,0.49360577312054416,-0.16853453746719393,-0.1617585779713635
0.48212635733052084,0.4672726232481174,-0.02887049546029269,-0.022735072189536604
0.5192638430199475,0.5482108617948038,0.03713748568942671,0.05388689155923867
0.5969642157523438,0.5993797880348085,0.07770037273239627,0.08143979140994792
0.48149126670244824,0.496350248881651,-0.11547294904989558,-0.13797048977999793
0.5650685374297146,0.5420545329637914,0.0835772707272664,0.09148874060079469
0.5501839557416113,0.5639652625625894,-0.01488458168810336,-0.016341487980194826
0.4296670701082927,0.4434140482687399,-0.12051688563331858,-0.11751208827120635
0.4929821460724197,0.4874204912168165,0.063315075964127,0.07128646645433737
0.5432772137656443,0.5218347463073936,0.050295067693224615,0.05226552790164553
0.5624019032407931,0.5239274096921104,0.01912468947514878,0.026422793110796094
0.43779189436404997,0.4276166084033417,-0.12461000887674312,-0.10756587064851217
0.5629368734844674,0.5496730306059254,0.12514497912041744,0.12496889573393219
0.5521116833345646,0.5564165542767331,-0.010825190149902797,-0.002328054468347638
0.5050514349248111,0.5191130470372052,-0.047060248409753536,-0.055600622555415834
0.5870330828359862,0.5778467815916318,0.08198164791117513,0.09748259254395544
0.5479098517412737,0.5664225770426481,-0.039123231094712496,-0.048516839238907414
0.5233293420244889,0.5258775934058888,-0.024580509716784826,-0.006569551912330489
0.5090654385626165,0.532121030792826,-0.01426390346187234,-0.02654480012462882
0.483046048987472,0.49157598010010295,-0.026019389575144547,-0.03249069383445402
0.52568660927534,0.5386041069174128,0.04264056028786806,0.03922359862568199
0.5877649747522944,0.5733943784028519,0.062078365476954334,0.06018360849731449
0.5945757416673693,0.6110617419326043,0.006810766915074873,0.020889922814506315
0.5083097991198549,0.4930423636352459,-0.08626594254751441,-0.09584476438430185
0.523428053365081,0.5102567208439043,0.01511825424522617,0.02746521568924678
0.5708838761928681,0.5397494245811544,0.04745582282778704,0.05931351962281374
0.5428571379561825,0.5431436155450794,-0.028026738236685556,-0.033527083260825236
0.5826630783362241,0.5765790510129106,0.03980594038004159,0.04117393702380473
0.5549064147941203,0.5458088643783529,-0.02775666354210382,-0.0309644832298969
0.5341431288392645,0.5413463397758248,-0.02076328595485577,-0.01853157505782559
0.6038613501008341,0.6137469918522923,0.06971822126156957,0.0813342585522241
0.45546481299981034,0.46884837247430633,-0.14839653710102374,-0.1633423165047136
0.5920804534287217,0.571902970370852,0.1366156404289114,0.12841305627339625
0.5660817910915823,0.5626473393794548,-0.025998662337139433,-0.03276801595386116
0.5922624286345517,0.6265584034713692,0.0261806375429694,0.033196369725327725
0.6084217730811775,0.6035810280656662,0.016159344446625812,0.01858375656456643
0.5782257262833833,0.5920205769781293,-0.030196046797794196,-0.024264555298762563
0.5620684970317765,0.5488714096408742,-0.016157229251606786,-0.031648141894994646
0.5665707690086235,0.549296121305339,0.004502271976846939,8.944080445959148e-05
0.5643333830185009,0.5603332845254247,-0.0022373859901225757,-0.003264370725750832
0.4620365000336289,0.47547032169807935,-0.102296882984872,-0.10890500684605135
0.5385684745978858,0.5156122170856028,0.07653197456425692,0.08967225223339861
0.566936642494698,0.5521116315185961,0.02836816789681218,0.03297073052023073
0.5715035213740681,0.5794265920323257,0.004566878879370129,0.024433687248502284
0.5975498383759519,0.5974468456897097,0.026046317001883756,0.02963634740120954
0.5878772809534221,0.5681148723131535,-0.009672557422529815,-0.012815824892981385
0.5346625026125745,0.5434775000452186,-0.053214778340847535,-0.04938867492076747
0.4943982118296338,0.49215156990739434,-0.04026429078294075,-0.038799939233091905
0.658740689019259,0.6776809126901786,0.1643424771896252,0.17263796272814916
0.5663014408905874,0.5632351179254041,-0.09243924812867155,-0.09766603981424878
0.5696249187079249,0.5693481341875016,0.003323477817337439,0.0022713160135657624
0.5738323401067469,0.5505514465421146,0.00420742139882202,-0.0011176460594547032
0.5765357228133607,0.5337744039038861,0.002703382706613855,0.0005609478204179554
0.5787280235749552,0.5880626898182783,0.00219230076159449,0.009630108134400864
0.5294249070701587,0.5313389907977164,-0.049303116504796574,-0.04560064983663535
0.6465282740486895,0.6692841647316387,0.11710336697853085,0.10642469321381873
0.5729442069251763,0.572665943709095,-0.07358406712351317,-0.0731168511307785
0.5505402530483317,0.5298511058594988,-0.022403953876844684,-0.0008045627714435843
0.5067873021930684,0.5139614002918578,-0.043752950855263206,-0.03818064682737493
0.5358262271102499,0.5110603619069677,0.029038924917181408,0.029106118033589954
0.6002702237912053,0.6266771171961663,0.06444399668095546,0.06277728580556217
0.601690300532045,0.6133945241723493,0.0014200767408396597,-0.002272230873487806
0.4928509695029398,0.4414587662334585,-0.1088393310291052,-0.1039333829506857
0.5303529441036858,0.5386658808305433,0.03750197460074606,0.04377440631672628
0.5003055018261107,0.49714434825301124,-0.030047442277575165,-0.02015914259330845
0.6110454639784226,0.6410969036727429,0.11073996215231197,0.10554384444114993
0.6423851530939384,0.6469551409380055,0.03133968911551577,0.030438088488835408
0.4829322637282215,0.5041622391490743,-0.1594528893657169,-0.1377759353233108
0.4219907510988644,0.4262570986853068,-0.0609415126293571,-0.06880881722160487
0.6051036159344295,0.5886110527555378,0.1831128648355651,0.17001335904654566
0.5956213735040944,0.5845796103963744,-0.00948224243033513,-0.001621721529542432
0.5584057415702971,0.5691243780975015,-0.03721563193379729,-0.050815860166551
0.5756095157407752,0.5828610918634913,0.017203774170478137,0.016280956848882762
0.5768663238692039,0.5635072846380313,0.0012568081284286547,0.031954965603107385
0.5596756362064521,0.5571520807231436,-0.01719068766275178,-0.014433206960147318
0.5252344661243847,0.49737219892298973,-0.034441170082067374,-0.04791430050237108
0.543218980639445,0.5575179852644376,0.017984514515060224,0.020495464275259497
0.5185222733068161,0.5004985327156595,-0.024696707332628853,-0.010575110066032605
0.61065106596236,0.6210494553760788,0.09212879265554386,0.08975284349495372
0.5492675414887751,0.5279651924071251,-0.06138352447358486,-0.0659509567449822
0.4759836839900219,0.4551132117915379,-0.07328385749875321,-0.07091018831641042
0.6029873738471613,0.6125963434101375,0.1270036898571394,0.11562681147398296
0.6362090528854658,0.6315027937621621,0.03322167903830453,0.0341965687097555
0.5756249616978245,0.5616336114390571,-0.0605840911876413,-0.055085345873848654
0.5511591678271621,0.5683897056960487,-0.02446579387066239,-0.026513901154161287
0.6191258855262032,0.6279270629215848,0.06796671769904106,0.07142106475930454
0.5413417278041625,0.5732911495465651,-0.07778415772204073,-0.08261167263872973
0.5269515986123035,0.5116026669869657,-0.014390129191859002,-0.015095170692334946
0.5884235058312682,0.5859109674587942,0.06147190721896478,0.06971681252456008
0.5815826003095288,0.6000065944903716,-0.006840905521739438,-0.012746184026992732
0.5947494390776313,0.6117319707174865,0.01316683876810254,0.024424289737787992
0.565994098005863,0.572885716181067,-0.02875534107176836,-0.014801942110982682
0.5500284962556191,0.5407168568796122,-0.015965601750243863,-0.03125754298378081
0.5440361017328035,0.5609070062345934,-0.005992394522815636,-0.007256121526974382
0.7092270635983449,0.6786216451197425,0.16519096186554139,0.1495202185920354
0.6031529896349482,0.5851085245104685,-0.10607407396339663,-0.10656479776530575
0.5315152259937491,0.5644216832834207,-0.07163776364119911,-0.06087183902253834
0.4748630130696374,0.4551712107160722,-0.05665221292411171,-0.03761299896927578
0.5666425450037068,0.557474164859055,0.0917795319340694,0.08542871756543183
0.6115182144436937,0.5865792227160531,0.04487566943998689,0.0236416491328435
0.5156793073150294,0.5240493256721603,-0.09583890712866427,-0.08789623594417036
0.5605193500779515,0.5673655645437776,0.04484004276292208,0.046505203782348334
0.6215762742323865,0.606236379027318,0.06105692415443498,0.05294497564672143
0.6004537962636705,0.5730169735779644,-0.021122477968716025,-0.028086231295072824
0.6204278478193276,0.6183519260242729,0.019974051555657124,0.015947465877448472
0.6567028049098522,0.6531477786464106,0.03627495709052464,0.03770632671331888
0.558467689108988,0.5761311491268517,-0.09823511580086419,-0.0870605137257352
0.5709422284726808,0.5207830161135277,0.012474539363692805,0.021748151717642918
0.5833841307055828,0.5893573541963858,0.01244190223290198,0.01942152684003815
0.58664860804154,0.5835302877635528,0.003264477335957139,-0.0032929037702111846
0.6404476291833151,0.6308207643818877,0.05379902114177515,0.05351055852488391
0.6040423903616058,0.587477826736265,-0.03640523882170932,-0.02422388712488433
0.6728735108300768,0.6895669227181892,0.06883112046847106,0.06012530118295286
0.6019573226612526,0.5999617951866465,-0.07091618816882428,-0.07851287340547922
0.554120347157914,0.5468323760935023,-0.04783697550333854,-0.056426051960921986
0.5313049386116344,0.5339086285116856,-0.022815408546279614,-0.020332264822136452
0.6262297584310537,0.6401692374216017,0.09492481981941925,0.09762313154225594
0.648051563519928,0.6152589548224445,0.021821805088874324,0.034728945722199644
0.4837283644197697,0.4949683500572455,-0.1643231991001583,-0.154071528357544
0.5796361381132863,0.6116348655377437,0.09590777369351661,0.10933223809405467
0.6348719910104974,0.635937708304707,0.05523585289721111,0.05778694622921487
0.5604936673906755,0.5645086604557702,-0.07437832361982188,-0.0744032056523907
0.49458119623812286,0.523679045961103,-0.06591247115255267,-0.06535644787531006
0.5209401197651753,0.504515912791539,0.026358923527052436,0.03279568411931686
0.5555185579422485,0.5717089097290993,0.03457843817707318,0.04302987706074315
0.5729139036104451,0.5554254383044283,0.01739534566819667,0.01119548728132086
0.5159400936496975,0.47035826931287394,-0.056973809960747634,-0.06805965283478824
0.5917621606129289,0.6016469488032513,0.07582206696323135,0.07898677853389925
0.5024132153277666,0.4756767818560985,-0.08934894528516224,-0.09149954322890103
0.6880379043249018,0.6765930018928117,0.18562468899713513,0.17245571644974658
0.6544995143617237,0.6605184039816302,-0.03353838996317804,-0.02495829882899575
0.6606762627869938,0.6819583377704675,0.006176748425270051,0.004501981298275897
0.6153978200061979,0.6194541940743635,-0.04527844278079585,-0.045285584298187735
0.6352038652523608,0.6598127988761725,0.019806045246162918,0.02799764490555424
0.5314458428111969,0.5102091430164338,-0.10375802244116394,-0.11067101302572441
0.5504087550795569,0.5222181869459636,0.01896291226836,0.02248882773532936
0.5695568588601112,0.585109665926649,0.019148103780554315,0.017967090247867922
0.527392025598032,0.5504027404564302,-0.042164833262079204,-0.03964040354919203
0.6697463206092974,0.6410191985908061,0.1423542950112654,0.12856210757137868
0.5595367470387895,0.5275117516453237,-0.11020957357050787,-0.1136877350831095
0.6331368570617747,0.6552762451830356,0.07360011002298517,0.058178011619333656
0.6886618584987856,0.6707041076811523,0.05552500143701089,0.03982882136947484
0.6692087420341163,0.6868768148422005,-0.019453116464669296,-0.04009602554006106
0.5631726444009206,0.6102660947321936,-0.10603609763319566,-0.09335352836673763
0.5909208189180762,0.6167490541071512,0.02774817451715561,0.03661428567307224
0.6609346525305544,0.6748241301864304,0.07001383361247815,0.07973712474377172
0.631350758099233,0.5935756422791392,-0.029583894431321367,-0.03412107647165559
0.6131735032837627,0.6359511155944092,-0.01817725481547028,-0.023324349732456312
0.4903338904354854,0.4804154729669528,-0.12283961284827732,-0.11763773554335136
0.6120592871230778,0.6112593656570766,0.12172539668759236,0.12427613054907825
0.6340481704763754,0.6201152400521242,0.021988883353297628,0.03979553718783684
0.6011577141324597,0.6050956578349734,-0.03289045634391574,-0.029361535434446206
0.6192520949369306,0.6234393247153135,0.0180943808044709,0.011907100297701964
0.5893682260182915,0.6021744889224702,-0.029883868918639034,-0.030144331327162353
0.6209421945233389,0.6332270940288889,0.031573968505047345,0.011382779119479065
0.6545820393156639,0.6159223024457909,0.03363984479232507,0.04353861915182388
0.5482208508776064,0.563887499772216,-0.10636118843805753,-0.09634612401522905
0.6185821399517251,0.6103263098084193,0.07036128907411865,0.056972656912655704
0.6293182508035882,0.6179916665867481,0.010736110851863101,-0.00020180282663807836
0.5749435366148862,0.5704463804203269,-0.05437471418870199,-0.05684520022954101
0.6497256143816939,0.6871534786840382,0.07478207776680768,0.07743174819532553
0.5879634160415665,0.5818484395288319,-0.061762198340127306,-0.05769390007212088
0.6633644681339296,0.6370880162492466,0.07540105209236303,0.07289628802437467
0.6509219674840572,0.6603765095050276,-0.012442500649872401,-0.007963691502147001
0.6518052289860985,0.6444833954851977,0.0008832615020413215,-0.016214739234166265
0.6550834542430654,0.6344506029338818,0.00327822525696686,-0.0098981481444579
0.5087703494150162,0.4982102442925238,-0.14631310482804916,-0.14526999231031937
0.6300852533110308,0.6746544493298932,0.12131490389601463,0.1246815463217572
0.6360539649080404,0.6134798960431426,0.005968711597009624,-0.0031257677146401507
0.6381403011081828,0.6538831668135306,0.0020863362001423136,0.005922324392410748
0.5827267989684926,0.6034426982442468,-0.05541350213969021,-0.04213274050568915
0.6231392500698181,0.6175572912190326,0.04041245110132552,0.049877834272147696
0.6755705017809973,0.6788911848146285,0.05243125171117924,0.06508741583175412
0.6195287546198419,0.6021896657440082,-0.0560417471611554,-0.07807638777745685
0.5987956279301818,0.6073508910811002,-0.020733126689660097,-0.027048234704205497
0.5579156315287421,0.5536626669505019,-0.04087999640143969,-0.04305183734866816
0.5647055993123697,0.5463482732145241,0.006789967783627615,0.008132299662024776
0.6924508360448833,0.7315759304066343,0.1277452367325136,0.13493174866405225
0.6813153498934164,0.6752033836454142,-0.011135486151466978,0.002709690601911301
0.5923198969284894,0.562609293119115,-0.08899545296492695,-0.09613681385310455
0.5783878769778367,0.5579246064049095,-0.013932019950652741,-0.010822927656624539
0.5920120726031622,0.5942395920504535,0.013624195625325575,0.0125422421712051
0.6438547621069964,0.666487394933054,0.051842689503834194,0.03228871751173562
0.6795902195274329,0.6662914127501216,0.03573545742043649,0.024783140243945716
0.6128319741592178,0.6267483344688749,-0.06675824536821517,-0.06816590379278195
0.654223623311446,0.6574874862063284,0.04139164915222826,0.05169377760333633
0.646294727901059,0.6759327484805903,-0.007928895410386994,-0.0036968465722703216
0.6604137158098097,0.6721532300053478,0.014118987908750658,0.0174055629379386
0.6505364722031712,0.6420876395655786,-0.009877243606638442,-0.014384496490121933
0.5782074588884611,0.5529783663420836,-0.07232901331471009,-0.06655559859379487
0.6932481115182266,0.7022178913440473,0.11504065262976548,0.11834420823762434
0.6805421095639957,0.7082431147727107,-0.012706001954230883,-0.0010776071250947431
0.6189211119224657,0.6569997081140035,-0.06162099764153006,-0.058152207254600914
0.5920285041890625,0.5815577903154462,-0.026892607733403184,-0.05017310472770145
0.6902297392336455,0.6718338647116487,0.098201235044583,0.09417212014518543
0.6941354240530638,0.6825543526865379,0.0039056848194183313,0.004624494147634309
0.668592030538041,0.6683980905863829,-0.025543393515022883,-0.02272601651120154
0.6449356135421225,0.6233606371647344,-0.023656416995918472,-0.02823235206555559
0.6055042567875097,0.5813463036108658,-0.039431356754612734,-0.033446318618590626
0.5736629786461422,0.5519596931889567,-0.0318412781413675,-0.02964298706409399
0.6378831483130478,0.6318844168357644,0.06422016966690558,0.04321564286323648
0.6526684089974892,0.654198837101183,0.014785260684441415,-0.0005381721924619075
0.5522335171446254,0.5419968796344963,-0.1004348918528638,-0.10694223267084872
0.5942468422411225,0.6013345203245274,0.04201332509649702,0.045038445022815704
0.5432993719622067,0.5206460421107695,-0.050947470278915774,-0.032406187222587646
0.6209302923832345,0.6422951966925807,0.07763092042102782,0.07728152985210826
0.7127509277515149,0.7221933267464287,0.09182063536828045,0.10482652020282206
0.5617096264263146,0.5869468557291488,-0.15104130132520033,-0.14797253467665708
0.6234279983272067,0.6107067266177367,0.06171837190089213,0.06687633903557792
0.5234981119566852,0.5218489899754517,-0.09992988637052158,-0.10340913549582594
0.6789644111838006,0.6687079968264092,0.1554662992271154,0.1553439974944762
0.45561955682842004,0.4709628805838871,-0.22334485435538054,-0.22056522963470737
0.62755267544659,0.6199841753092633,0.17193311861816996,0.15626290859480682
0.5334416743651527,0.5537856481504965,-0.09411100108143733,-0.10164284248490357
0.7312384409743141,0.728826145322005,0.19779676660916146,0.18288123760540356
0.6209519575633209,0.6010989337632435,-0.11028648341099323,-0.10863381102352163
0.6252162907955485,0.6247514770117653,0.004264333232227635,-0.004682217695596517
0.5572161642607604,0.5713365044840705,-0.06800012653478815,-0.06789709580668638
0.6707716803696661,0.6842540475754738,0.11355551610890569,0.11840569098129604
0.7337070847548516,0.7229078236668093,0.06293540438518552,0.07369508722576175
0.616516952331836,0.6525712739518417,-0.11719013242301557,-0.10500507636347264
0.6316433141824004,0.6515930434161978,0.015126361850564374,0.024105667056119176
0.6761638986800586,0.6402594705744215,0.04452058449765817,0.020810618753020527
0.6522365348103972,0.6756769059805908,-0.023927363869661322,-0.004817846078153096
0.5625696696049749,0.5768540819361293,-0.08966686520542233,-0.10199372858573653
0.6805175926268501,0.6367758786910299,0.11794792302187518,0.11545898786310793
0.5617081383837623,0.5542071350421478,-0.11880945424308775,-0.1023037201950729
0.5731251778028268,0.5789344967985739,0.011417039419064468,0.020373450193485007
0.5467522701617975,0.5606993097342752,-0.026372907641029286,-0.023890075766212344
0.5081404747414529,0.5329689238564147,-0.03861179542034465,-0.03745099796514138
0.6762354172167687,0.6550185851930246,0.16809494247531587,0.17630918400432682
0.6738510883814552,0.687858002927488,-0.002384328835313476,0.028741133889425407
0.5860275238159375,0.586437234924027,-0.08782356456551776,-0.09087201626707091
0.5195065870346578,0.5239707488544753,-0.06652093678127968,-0.07542150060022228
0.6988482544679049,0.6816023689749283,0.1793416674332471,0.1894859438234215
0.6240635384925519,0.6349127610859265,-0.07478471597535297,-0.08781714079764273
0.5780615388332231,0.5475503766798747,-0.04600199965932883,-0.05135415164352106
0.6830026486003745,0.7096911548646462,0.10494110976715143,0.106002772873119
0.6460715043581807,0.6662752833404955,-0.03693114424219379,-0.03152792017302233
0.646540946517637,0.6147137206396374,0.0004694421594563236,0.007394249868220645
0.683072615008945,0.6863238033739146,0.036531668491307956,0.034327188243064584
0.5820978182033791,0.5655766619045677,-0.10097479680556587,-0.0800851373817448
0.6543153251999684,0.6307122742824712,0.07221750699658924,0.087060381419232
0.6959760021612168,0.7045802455790183,0.04166067696124842,0.024081448241122454
0.6739633063102269,0.6732345677991244,-0.02201269585098986,-0.030186113551758206
0.5350377799396366,0.5101052350824856,-0.1389255263705903,-0.13357117753055062
0.6429261859777581,0.6383387637348136,0.10788840603812144,0.10134821433986335
0.6895560299107264,0.7154256422444063,0.04662984393296832,0.03377968308652815
0.5198563473204376,0.5277874325235492,-0.16969968259028878,-0.1794910430681678
0.6336889100083778,0.621556585425033,0.11383256268794018,0.12918507132673404
0.579158495733213,0.5441925936448211,-0.05453041427516481,-0.05969932315465745
0.6194057012671899,0.6323261436562116,0.04024720553397687,0.04154298616653161
0.6417082365251378,0.6604334974134757,0.022302535257947897,0.02208427563834832
0.6026796833666652,0.6136654822483907,-0.039028553158472534,-0.02968907599990145
0.6093290196434276,0.6075891930647078,0.006649336276762341,0.011903349221920378
0.6211035821356944,0.622566704859315,0.011774562492266827,0.010538618193364591
0.7370499977075162,0.7418151778723073,0.11594641557182184,0.12079764547899376
0.6810264985473489,0.6810038725385671,-0.056023499160167356,-0.06768744278200567
0.701713637587277,0.7246104755398282,0.020687139039928137,0.015028794258036
0.6328376224798811,0.6677805005335259,-0.06887601510739594,-0.06182980176986801
0.5874567355852109,0.6132635853992261,-0.045380886894670125,-0.05994939386081611
0.6331392670475989,0.630141703208284,0.04568253146238799,0.06503468424368228
0.6163330760838068,0.6330660714037032,-0.0168061909637921,-0.00932918472461762
0.5869459164170846,0.5815222762388514,-0.02938715966672223,-0.03083868043369304
0.49134303151268977,0.46763325747879697,-0.09560288490439484,-0.08953991003441267
0.6171326416292781,0.6410341097547779,0.1257896101165883,0.1364269633760018
0.6972130180049495,0.6743112681525033,0.08008037637567145,0.08669002901476824
0.6342261939014723,0.6443066241236243,-0.06298682410347722,-0.056754586568181824
0.5451415629865101,0.5448969840237947,-0.08908463091496222,-0.11823911522889065
0.6001655166672075,0.6104087625562412,0.05502395368069746,0.057828442110413776
0.7271788474861889,0.7019420169058268,0.12701333081898136,0.11853706626496782
0.6208762511483505,0.6482815009672382,-0.10630259633783834,-0.09166833748331595
0.6880322086812429,0.6813212855675514,0.06715595753289239,0.06923445038284286
0.7663639273055824,0.7657222083241491,0.07833171862433952,0.07587971744307549
0.6415354179465061,0.6598219741768999,-0.1248285093590763,-0.11925529452815177
0.6333217412393202,0.6286864064651024,-0.00821367670718598,-0.012065933762707912
0.6585922694459472,0.6450380143876153,0.025270528206627008,0.02597611539051965
0.6531386778528847,0.6315784282284987,-0.005453591593062468,-0.010913724293931816
0.699606744311424,0.6805241183095004,0.04646806645853929,0.05005333272098487
0.6067141222494917,0.6026274052136898,-0.09289262206193227,-0.09837594786247142
0.718256182076534,0.7052203668340717,0.11154205982704224,0.11815698758413806
0.6626992091312389,0.6458468662197633,-0.05555697294529505,-0.044299255688650105
0.5853155614345962,0.574175294137568,-0.07738364769664274,-0.07679175512376954
0.6977961807147358,0.6992601793544713,0.11248061928013964,0.12201554860955904
0.7188292073049544,0.7328071454064294,0.02103302659021855,0.03500907256257379
0.6837432731019594,0.7027891616508032,-0.035085934202994995,-0.027362545732562436
0.6669089559570163,0.7010879154205683,-0.0168343171449431,-0.02162779665733494
0.5268314011986988,0.5011178083412704,-0.1400775547583175,-0.14638269141079233
0.6413696317080549,0.6549614713216836,0.11453823050935619,0.11317180638295736
0.7084236560478181,0.7287517297180355,0.06705402433976315,0.08089877740924699
0.5694377759441146,0.5916014429900263,-0.1389858801037035,-0.15413428483003222
0.6887994041051598,0.7061704532279126,0.11936162816104523,0.11022903937392256
0.6650265477774635,0.6375797171858069,-0.023772856327696323,-0.012257665468476836
0.5685221493053154,0.6015187353665818,-0.09650439847214809,-0.09625048761938589
0.597447648923852,0.5747388749291432,0.028925499618536632,0.02980853814333946
0.7173030073805824,0.7180458966506049,0.11985535845673034,0.10889110063498332
0.6416887159107091,0.6262309001220422,-0.07561429146987331,-0.10142783858199203
0.6106020475101407,0.6360156784790171,-0.031086668400568396,-0.024034432251418627
0.6539569851239994,0.6180372092836894,0.04335493761385867,0.040212702343998964
0.7390091237676071,0.7207776235153455,0.08505213864360772,0.09535615339297465
0.6105317059693705,0.597668822048908,-0.12847741779823663,-0.13100565309683526
0.6395713200686739,0.6538023288004011,0.029039614099303446,0.023439217219421184
0.5715163602550559,0.5721425068918442,-0.06805495981361798,-0.0731417410696801
0.6723115422038927,0.663335131137642,0.10079518194883674,0.10297499389773558
0.6016760959224828,0.6170097387262472,-0.07063544628140983,-0.06694615260719586
0.7630940596358956,0.7906569973692564,0.16141796371341277,0.15787465577107118
0.6570184726193589,0.6780266158554099,-0.10607558701653674,-0.11703514785082342
0.7278815138826531,0.7426717343980471,0.07086304126329424,0.076474617399284
0.6689190357803378,0.6410830777294424,-0.05896247810231525,-0.07168020439153458
0.7210758602840924,0.7287707108446565,0.052156824503754584,0.0484915829553221
0.5421869286503772,0.5161966150923548,-0.17888893163371522,-0.17912421187944336
0.6506709331224109,0.6148244882716772,0.10848400447203366,0.11657507791924654
0.6227068095092325,0.6047113429198311,-0.02796412361317835,-0.021747014343080493
0.5385427990955117,0.5321124957144058,-0.08416401041372079,-0.08618302106581174
0.7181530312230505,0.7133397694852384,0.1796102321275388,0.1765507279923903
0.6539465366439985,0.6751682799195207,-0.06420649457905203,-0.06525505114926107
0.5957020337703823,0.6198419077088285,-0.058244502873616155,-0.03886855736044048
0.599624337508837,0.6335834032790848,0.003922303738454702,-0.017074500473868767
0.6828510212354247,0.6754061399788344,0.0832266837265877,0.08808480671821947
0.6091221211167372,0.6017420721764627,-0.07372890011868749,-0.08572090479552379
0.649282623427971,0.6714064321593166,0.0401605023112338,0.0376604509793774
0.6620538656438479,0.6554375359337897,0.012771242215876888,0.014297464792572786
0.6464732129558698,0.6513143206037255,-0.015580652687978147,0.0013999122225021275
0.6513581422011845,0.6536986577760151,0.004884929245314695,0.010878054365576968
0.6212067824944385,0.6192532918818126,-0.030151359706745984,-0.037794470070330044
0.7599177111780995,0.7313936990925102,0.13871092868366097,0.15857518910100707
0.640535651928269,0.6519660007533393,-0.11938205924983047,-0.12212464069369382
0.7845662758000981,0.7838610918040464,0.14403062387182908,0.13120465381828175
0.7270608082757146,0.6905789143038796,-0.05750546752438346,-0.05368881110978544
0.6073375638592157,0.5845399327275407,-0.11972324441649895,-0.11309275084047098
0.6676415878774088,0.6771627251676373,0.060304024018193125,0.06901017498401829
0.6824614006392196,0.6829539133654987,0.014819812761810769,0.012306860072331928
0.6772168515683614,0.6970541083318268,-0.00524454907085814,-0.008244689759434137
0.7174819042449013,0.7257644951283359,0.0402650526765399,0.03710953621893647
0.5899658891994393,0.5969191325884249,-0.12751601504546206,-0.12516083176110168
0.6866202704004741,0.6770892078347114,0.09665438120103487,0.10385530630167272
0.7188737901202515,0.6891781000348005,0.03225351971977741,0.046730107354080945
0.7220460551780506,0.710288571564716,0.0031722650577991063,0.008441778142284775
0.633818755424638,0.6481784552775692,-0.0882272997534127,-0.09370663618766659
0.6324413439300425,0.623402032139484,-0.0013774114945954707,-0.011068988614088029
0.6891831688455968,0.7268327403073006,0.05674182491555435,0.04985235264760638
0.631710486248464,0.6182848018845624,-0.057472682597132785,-0.05797699218595226
0.6423040413476316,0.613947811739449,0.010593555099167595,0.006798919970599069
0.66638566838042,0.6404109766156519,0.024081627032788377,0.0244955447088171
0.5823013529398059,0.5784747414900195,-0.08408431544061412,-0.07266661637799435
0.6634266519863465,0.6614016553598437,0.08112529904654064,0.08038943936630938
0.6249843224160629,0.6242361320161101,-0.038442329570283595,-0.05679864013147794
0.7070529134805443,0.7141243050725565,0.08206859106448139,0.068315013637337
0.6322988735568869,0.6489064668712375,-0.07475403992365748,-0.0663844962390024
0.6867335248914739,0.6881917907322723,0.054434651334587025,0.0539098712656871
0.7141553052768985,0.7359776398510919,0.027421780385424643,0.03140339392661096
0.6475214849981367,0.6444395569121036,-0.06663382027876186,-0.059699430294259906
0.6299537870320369,0.62679324894177,-0.017567697966099804,-0.021244749072819542
0.7644946372826038,0.7567298682128593,0.13454085025056695,0.13217098255863852
0.6631297250414612,0.6543083677641994,-0.10136491224114264,-0.10570122389404592
0.6637497870617619,0.6749191537677475,0.0006200620203007379,-0.0015261111119555222
0.707097384351782,0.7035062512238837,0.043347597290020135,0.013381938887149142
0.6453737050677264,0.6433108425834262,-0.061723679284055644,-0.08743527354844673
0.631879159818197,0.6390398155741305,-0.013494545249529422,-0.016581538642301073
0.7469632810337682,0.7699956861240141,0.11508412121557121,0.12575144286557677
0.687818352825889,0.6587891904689497,-0.0591449282078792,-0.06640887750362429
0.5878150358343949,0.578855343024409,-0.10000331699149412,-0.10855453986483563
0.6604193123299976,0.6677488139540189,0.07260427649560275,0.0687240220641453
0.6421039525573108,0.6558279554689506,-0.018315359772686834,-0.016576297698260842
0.6880334438747722,0.6512255936677169,0.04592949131746138,0.052970105590450456
0.7020355815376763,0.7008491229101097,0.014002137662904146,0.006882009597991026
0.7179944432874583,0.7147942397410192,0.015958861749782005,0.026690731236467664
0.6429983033131026,0.6629111228344267,-0.07499613997435572,-0.07311118625758482
0.6496133707040554,0.6089062513292699,0.006615067390952856,0.014628023681395494
0.6096350253961118,0.5943556390736764,-0.03997834530794364,-0.06205520405598189
0.7052614914296969,0.7031094184975711,0.09562646603358504,0.09690990971004225
0.650781185134157,0.6543828771768399,-0.054480306295539904,-0.055919919170611544
0.6456075107565935,0.6617615910583239,-0.005173674377563442,-0.0034429245981133553
0.6433709413481683,0.6629788514614925,-0.002236569408425204,0.0002805159025726623
0.6709877260975909,0.6964482451258295,0.02761678474942264,0.04005555092980967
0.7113603505684185,0.6990811503363663,0.04037262447082757,0.04848871659201385
0.6976870907482139,0.7296427685220799,-0.01367325982020462,-0.01849894769631194
0.6179705647776615,0.6115902740555952,-0.07971652597055234,-0.0623986687636316
0.6563295658520334,0.6494431839059306,0.038359001074371846,0.044388983046412096
0.6885577495794845,0.688099691919266,0.032228183727451065,0.028811469743615915
0.6419466744882745,0.6421952932909974,-0.046611075091209986,-0.0462450289664794
0.7426896557503848,0.7188261725577393,0.10074298126211034,0.11145190628747353
0.5703903075149057,0.5682818469168052,-0.1722993482354791,-0.1972345205387543
0.6739648673659471,0.6948421886372177,0.10357455985104136,0.11836679693279512
0.6481117020086066,0.6121400570392714,-0.025853165357340502,-0.036606342658569886
0.7615634348373371,0.7488721357794395,0.11345173282873056,0.13310434334463053
0.6002687320047115,0.5970482185744609,-0.1612947028326256,-0.1739014151031943
0.744778746105582,0.7531494774718153,0.1445100141008705,0.14565595496685474
0.710996925021471,0.7196114317645503,-0.033781821084110986,-0.024226591844913225
0.6916561055525593,0.6722841733581651,-0.019340819468911752,-0.024614069951729805
0.6707705261412579,0.6881082878445138,-0.020885579411301425,-0.011092006332328196
0.6581974683314886,0.6548016432730378,-0.01257305780976925,-0.025914013544260636
0.7415142219891939,0.7556285616566788,0.0833167536577053,0.08231917941122183
0.6444153376200733,0.6280272437576232,-0.09709888436912062,-0.09350318515304262
0.7080677118071359,0.695107315439366,0.0636523741870626,0.07440640702633432
0.744311278460823,0.7475937584383814,0.03624356665368711,0.033548113297547796
0.7490816135506541,0.7125808729725863,0.004770335089831046,-0.011785523767056761
0.7139780597104445,0.6882265012609277,-0.03510355384020958,-0.038184414639959564
0.60112027523693,0.6128316016696286,-0.11285778447351447,-0.09215680562184507
0.6173648009222269,0.5988124688818928,0.016244525685296884,0.0015891557759910215
0.6283900844796344,0.6259342352974033,0.011025283557407506,0.01219517381152276
0.747134164878071,0.7432710915177931,0.11874408039843665,0.11858077356319559
0.6789094823278012,0.6799931478571639,-0.06822468255026981,-0.08029391682452103
0.7621076659340923,0.7808005744437755,0.08319818360629105,0.09283959109482856
0.6451177872236841,0.6505877212231038,-0.11698987871040822,-0.1209393431894441
0.6961941848549675,0.6922203846401249,0.051076397631283466,0.04594326612112525
0.6314074544485874,0.6328665952274879,-0.06478673040638017,-0.05197493531985299
0.6458359160294156,0.6278586886432674,0.014428461580828222,0.0013328792979943032
0.6579293587204135,0.6658906787445937,0.01209344269099788,0.018076405509513806
0.6168456474030278,0.6269583903037351,-0.04108371131738564,-0.023909344474598044
0.6824092338724361,0.6616788518100247,0.0655635864694083,0.038942480821636004
0.8178028452258433,0.8362045710521231,0.13539361135340722,0.14064911321989362
0.7245221992436824,0.7395075206754298,-0.0932806459821609,-0.10981731206650228
0.6569061979320514,0.6602338802209514,-0.06761600131163104,-0.052417238006226455
0.7286433039388017,0.7620610437214999,0.07173710600675032,0.07861903456984715
0.652321948543268,0.6390785836060688,-0.07632135539553375,-0.08495491948083721
0.6709788097313523,0.655326819456679,0.018656861188084295,0.0038410943950684395
0.7642182060045929,0.7426506664570954,0.09323939627324063,0.12311323114487388
0.6574978416993724,0.679520023693719,-0.10672036430522047,-0.11433232664017524
0.7366113654614392,0.7302674580158731,0.07911352376206682,0.06630413491874147
0.6327469956577547,0.6366489688290707,-0.10386436980368452,-0.09179605740438915
0.6375580896473216,0.6570784163019925,0.004811093989566917,0.015140993711171677
0.6019144890153878,0.5941498890324718,-0.035643600631933836,-0.039129139503050366
0.7684292017361906,0.73953793987577,0.16651471272080276,0.16333664960493915
0.644810945244951,0.6243228375010835,-0.12361825649123959,-0.13842902072182228
0.6402049896241361,0.6336635919766578,-0.004605955620814894,-0.006064289638421814
0.6712720402002409,0.6494072868398301,0.031067050576104815,0.028253684267487776
0.6870003207938064,0.6827297457549018,0.015728280593565458,0.02382790224153393
0.7053532375856595,0.7295595931015907,0.018352916791853136,0.025087219180862933
0.6875853514596733,0.6462397706469524,-0.017767886125986232,-0.022458720796262405
0.7093938642992317,0.7000486154607274,0.021808512839558425,0.023574668528984957
0.6424977505658981,0.6179454577383372,-0.0668961137333336,-0.08152915860645385
0.6521187283156477,0.6634677871141266,0.00962097774974957,0.014292440598443227
0.6866950160083789,0.7139055932585887,0.034576287692731245,0.034069779940424635
0.6607650513894653,0.6564839624057086,-0.025929964618913615,-0.019773267067224563
0.6842492971705316,0.6679591738997376,0.023484245781066337,0.03587895781033398
0.7665781269111442,0.7619366297544719,0.08232882974061262,0.07862221218980969
0.6312029093941333,0.6222343457029267,-0.13537521751701098,-0.15249378061699506
0.7224859909450461,0.7482598913148755,0.0912830815509128,0.08009982931898528
0.7488105847910508,0.7495768377599031,0.026324593846004718,0.034326724195439806
0.5653610320433003,0.5618359538890663,-0.18344955274775043,-0.1889151983013171
0.6500264749096499,0.6693115577995546,0.08466544286634958,0.0691395786486074
0.7191313028688484,0.7247325866159758,0.06910482795919848,0.06702050290605295
0.6274232235012849,0.6145798141178976,-0.09170807936756353,-0.08334773320505126
0.6867662138050342,0.6461072623064013,0.05934299030374934,0.047115884737054345
0.7806024113127725,0.7869106106684736,0.0938361975077383,0.09655738346200549
0.7193866577909506,0.710630417705945,-0.06121575352182196,-0.07149660149578953
0.6865059234922374,0.6991650942339419,-0.03288073429871319,-0.03996797895134718
0.6797469445644789,0.6605072557647957,-0.006758978927758452,0.012652176038959712
0.657271464069268,0.648380374376323,-0.022475480495210975,-0.02565311337103742
0.7445223786707268,0.7394278336173364,0.08725091460145884,0.07219585376145526
0.7464485291028871,0.7687023745665966,0.0019261504321602674,0.0034388389906709425
0.6332421665219923,0.6210760521324704,-0.11320636258089478,-0.08936445279110322
0.749225874348817,0.6948665264171654,0.11598370782682477,0.13129391841007812
0.6832514873267669,0.6811037575646413,-0.06597438702205016,-0.07623257648436621
0.7191613870713576,0.709509562161164,0.03590989974459069,0.05141456281287737
0.7315779949064577,0.749408553751072,0.012416607835100124,0.009554198072951332
0.6928109395467479,0.7217318119100619,-0.03876705535970981,-0.03192527828741334
0.7321065290427521,0.7254267528309649,0.0392955894960042,0.04083227683190799
0.6287694287425092,0.641289287827843,-0.1033371003002429,-0.10632363790714822
0.6630354809042655,0.6411188054793023,0.034266052161756266,0.03296282433566147
0.6437074429272707,0.6820921553470712,-0.019328037976994783,-0.024043365496653462
0.691287773683153,0.7142102401015623,0.047580330755882305,0.04189500498054248
0.7556383953218473,0.7891706370824715,0.06435062163869432,0.06798438218536045
0.7379910127515369,0.7519968756299382,-0.0176473825703104,-0.03379396816344378
0.6861696709275188,0.6762774810014264,-0.0518213418240181,-0.04593582798202101
0.7664494822177638,0.7883985549035537,0.08027981129024497,0.08490735125663824
0.7181719056593336,0.7237645684308329,-0.048277576558430124,-0.05013336265338919
0.6294951486819437,0.624870472621257,-0.08867675697738997,-0.06793770975991077
0.7306275968980294,0.7372988853246208,0.10113244821608569,0.09960197185397367
0.6479468482637618,0.64073386121598,-0.08268074863426755,-0.06809202438783556
0.7095358922479218,0.6884190236596219,0.061589043984159986,0.06316584266894758
0.6980144956913078,0.6644980867479999,-0.011521396556613994,-0.0010994017670029714
0.6593403531022891,0.6557742058252022,-0.03867414258901869,-0.046816103292084146
0.7536073492116335,0.7425859162204193,0.09426699610934441,0.09074855242032843
0.7117098161842459,0.7048031265610314,-0.041897533027387635,-0.02854288518094923
0.6772291617013066,0.7124145032908067,-0.034480654482939244,-0.03832154173673866
0.6554388156718868,0.6163583135205224,-0.02179034602941987,-0.017695332815841094
0.7170743383072172,0.6980614187728192,0.06163552263533045,0.08072432389291176
0.7519705040170135,0.737552116196917,0.034896165709796256,0.038999198704817835
0.682859759264987,0.6808864459889336,-0.0691107447520265,-0.04946686737215197
0.7661877983359477,0.7632750640216945,0.08332803907096076,0.09397967916136307
0.7030094044367321,0.6967237294532168,-0.06317839389921565,-0.055582879827642574
0.6414414845977402,0.681418038058426,-0.0615679198389919,-0.049218222822630865
0.7188041532465171,0.7215578985044117,0.07736266864877694,0.07982033431972001
0.7256740057992566,0.7068599510369534,0.006869852552739419,0.020128612258745654
0.6375950463958017,0.6181806420867024,-0.08807895940345489,-0.09769587680978847
0.6946954694332134,0.6880922738783325,0.057100423037411696,0.05741741131453992
0.6660727165136457,0.6577983210541837,-0.028622752919567618,-0.04319655775087289
0.6791807289763925,0.6931817910782894,0.013108012462746732,0.013031018789638877
0.721641358814564,0.6983216810051098,0.04246062983817156,0.031626921077142135
0.7261620973557459,0.7214575510554543,0.004520738541181846,0.005582574184594711
0.6884926801830212,0.6917628359897597,-0.03766941717272465,-0.02598120077415788
0.7189353364479112,0.692078759725953,0.030442656264889956,0.03136981399718851
0.7154608637688611,0.7119733914958061,-0.0034744726790501,0.00022766443038758303
0.7832522195185441,0.7712246262612712,0.06779135574968298,0.05822710393011449
0.7908776303359493,0.7905247903545924,0.007625410817405198,0.00180454617286662
0.8469043872675677,0.829261285268606,0.056026756931618404,0.05308888102464978
0.7057696797697444,0.7001800423760397,-0.1411347074978233,-0.13962732703935155
0.7253438512429677,0.7457996619829014,0.01957417147322338,0.010551250658743452
0.6846684546766202,0.6514445296075109,-0.040675396566347555,-0.061644042468588164
0.6271769060667033,0.5937642339144864,-0.0574915486099169,-0.057009098424991064
0.7241376378610969,0.7118852593370546,0.09696073179439357,0.09678235152097642
0.637037515884938,0.6567960580567949,-0.0871001219761589,-0.08719442887022454
0.6895316310411927,0.6535578954351481,0.052494115156254795,0.0443646776258187
0.6377385035785623,0.6190264066894338,-0.05179312746263043,-0.06502368074783609
0.6997536352539442,0.719566755487423,0.06201513167538186,0.05595100694176757
0.7150348823798678,0.7285755141314146,0.015281247125923603,0.03058680092024944
0.7547601564327333,0.7442900130274214,0.03972527405286552,0.02848025359707715
0.6175157755774586,0.5767568025221831,-0.13724438085527468,-0.14139479002599847
0.6810737806286614,0.6669338030530855,0.06355800505120279,0.06752105722635049
0.6231427252388735,0.6117550907976361,-0.05793105538978793,-0.05940911928793842
0.7293050310532673,0.7427577209515914,0.10616230581439379,0.10263200805385964
0.71064578372465,0.6946700089370955,-0.018659247328617234,-0.02646789272272139
0.6790730069151251,0.6876496580127829,-0.03157277680952497,-0.03508614692507224
0.6917935779268977,0.7283574030687859,0.012720571011772597,0.013993308977170502
0.73877155638315,0.7568120598538354,0.04697797845625229,0.05279258214001884
0.7291349687702784,0.7388037950635031,-0.009636587612871561,-0.00485137095780883
0.7145419518695496,0.676981463867481,-0.014593016900728784,-0.002546361257488852
0.7028819188067145,0.7207638371688484,-0.01166003306283514,-0.007036964014240077
0.7770146595051957,0.7687022223789352,0.07413274069848119,0.07123487915094937
0.7313742464129197,0.7067776858468823,-0.045640413092275955,-0.053864495449801014
0.6878362408301503,0.7104815494357761,-0.043538005582769435,-0.0423724215227757
0.7357711221047218,0.7539827606875034,0.04793488127457157,0.05975752892923575
0.7627997423927377,0.7803978357702446,0.027028620288015892,0.04138520428969909
0.8236974109054301,0.7960716155291617,0.060897668512692404,0.04048198835524789
0.6883144015654433,0.6786904875551195,-0.13538300933998682,-0.1351132659804096
0.6764496958232774,0.6733339637201483,-0.011864705742165915,-0.01320313477098861
0.7005440429541315,0.6986965264242047,0.02409434713085412,0.020942915719422295
0.7423941820017038,0.7534785507570598,0.04185013904757229,0.053389159095220115
0.7788011048967417,0.7892861956416788,0.036406922895037885,0.031114369007110284
0.7086419666320032,0.6774604183202405,-0.07015913826473852,-0.0691128196328369
0.7512305687426293,0.7754679310883378,0.042588602110626095,0.027370664064903696
0.7404521349480627,0.7230303505816591,-0.010778433794566555,-0.018011615458325587
0.7912099641333642,0.7989387564638007,0.05075782918530147,0.051271753205255184
0.8019386107624723,0.8132931830843623,0.010728646629108107,0.005899391150213314
0.650544304013955,0.6752044493364682,-0.15139430674851728,-0.14826999222387627
0.6090510881729124,0.6333117336551382,-0.0414932158410426,-0.032269190627101194
0.712247092614087,0.6911508636731286,0.1031960044411746,0.0890621585318771
0.7242513146705004,0.7656679928687226,0.012004222056413383,-0.0036437502777371227
0.766808527462478,0.7582440433334744,0.04255721279197755,0.03445728341475332
0.7595218414716068,0.7262921864250312,-0.007286685990871122,-0.017733182295368275
0.65116761616357,0.6297151406980022,-0.10835422530803684,-0.09933014787242793
0.6765052233397186,0.661413646427574,0.025337607176148635,0.018642239342281243
0.7669623105835838,0.7749898687069876,0.09045708724386514,0.09228997161708863
0.7716829268575428,0.7818767582538558,0.004720616273959033,-0.0001426065343277244
0.799599648291687,0.7917210713411903,0.027916721434144143,0.018910181046963653
0.7294613490139263,0.7066938566141376,-0.07013829927776061,-0.0608535866168132
0.7376592050206761,0.7296704632329736,0.008197856006749715,0.011673545176389473
0.702415853620454,0.6976352836101263,-0.035243351400222056,-0.030441694922503287
0.7475547485810432,0.7456863920865249,0.045138894960589204,0.05629668715352025
0.7290166141899431,0.7286245542938609,-0.01853813439110008,-0.02870358240529707
0.6896576400609121,0.7039658656516589,-0.039358974129031,-0.04309551620593417
0.8642525357706115,0.870326573110889,0.17459489570969933,0.18184542490821531
0.7871706202036082,0.7910512106456205,-0.07708191556700328,-0.09339159190140284
0.7874146206161089,0.7690669966075884,0.00024400041250072224,-0.0024519069895382046
0.7311560930128289,0.7176920738371159,-0.056258527603279984,-0.05965639708168303
0.7064915173505428,0.7031801226616904,-0.02466457566228608,-0.02572083282147053
0.6867874055668293,0.7123997559910914,-0.019704111783713563,-0.021204866623833536
0.6866264967876304,0.7297248906181991,-0.00016090877919883173,0.0008230171140729207
0.6820688454613736,0.6686215654989566,-0.004557651326256851,0.009576163497649852
0.7906831875933286,0.7829800871095118,0.10861434213195498,0.09302158867053559
0.722088593915699,0.7380949004371511,-0.06859459367762955,-0.06347671322846735
0.7341073650089563,0.7018677624688677,0.01201877109325733,0.01917924438501626
0.7477666022504923,0.7503459969570537,0.013659237241535949,0.011302132522179275
0.6957010319380816,0.7142672740835747,-0.05206557031241066,-0.04967333982673432
0.7282182540810942,0.7509467696053171,0.03251722214301256,0.02392596583727403
0.7422257692476271,0.7383007730765143,0.014007515166532869,0.0064507988935513195
0.5939005579531882,0.597842207991595,-0.14832521129443887,-0.14284996617711265
0.7510444647228682,0.7520911610781724,0.15714390676968004,0.14634613955385833
0.6532758477376762,0.6525395962776203,-0.09776861698519201,-0.08404850019948223
0.772676763575657,0.7860876308584378,0.11940091583798074,0.1284636024554548
0.7036627342726215,0.670226906120474,-0.06901402930303546,-0.07093966425827948
0.7552977446394062,0.7587804016195866,0.05163501036678475,0.0433807589147467
0.8012352235754681,0.7890647326078086,0.045937478936061815,0.03062818544965976
0.8488355017111486,0.8532093307916757,0.047600278135680574,0.04556451870685166
0.6801124624534556,0.7105435009123989,-0.16872303925769305,-0.1803257929949973
0.7562507291722551,0.7456046227148256,0.07613826671879953,0.07172832085110191
0.682370153651781,0.6907667068368185,-0.07388057552047411,-0.06224771699058106
0.6438696816266332,0.6476907165783956,-0.038500472025147836,-0.03915595788487615
0.7778756119277226,0.8045885938421125,0.13400593030108943,0.111294097626296
0.6786622229190399,0.6774715136792401,-0.0992133890086827,-0.08587510028372161
0.6507226210692935,0.6574631947589392,-0.02793960184974642,-0.027816478201524247
0.7731299992521322,0.8163739370936279,0.12240737818283876,0.10899515371686751
0.7849726559062843,0.7721134099186717,0.011842656654152073,0.012173477785991905
0.7647671248687034,0.798025577480622,-0.020205531037580937,-0.0139896797064058
0.7507923221005014,0.7523251361363833,-0.013974802768201955,-0.0034691847079006324
0.7932461090627607,0.8280209681849325,0.04245378696225932,0.037366524943101345
0.7375787265620825,0.7521593187623096,-0.055667382500678264,-0.07186775823862437
0.8051565394139102,0.8074981613837456,0.06757781285182773,0.06455862329323411
0.6815328200495513,0.6900839472611187,-0.1236237193643589,-0.11936067803038491
0.7834297135518958,0.7645618882984284,0.10189689350234454,0.09965428227959966
0.7345694845650834,0.7320507896593894,-0.048860228986812415,-0.04821180992931191
0.7703648459378293,0.7834187023963363,0.03579536137274586,0.026622560759692448
0.6993537572374094,0.6801360767254604,-0.07101108870041983,-0.06938328956477852
0.7365421399041838,0.745425199734963,0.03718838266677438,0.029337335403515487
0.7372873166394242,0.7253396279292306,0.0007451767352403271,-0.015100107324753708
0.7703178613681801,0.7371115958543459,0.033030544728755995,0.03395375715520102
0.7757610655637752,0.7837709963102815,0.005443204195595075,0.012831702285495624
0.7818239559292448,0.7778028377684919,0.0060628903654695865,-0.0029027673965749436
0.708418881403364,0.7212454245678099,-0.07340507452588085,-0.0627410846641792
0.7364492760985567,0.7317296331760259,0.02803039469519275,0.03255579514711314
0.7861672101330924,0.7703307004078296,0.04971793403453573,0.06051755815429837
0.7207098903058367,0.7599084537735608,-0.06545731982725578,-0.05309989147972327
0.7479380364581456,0.7740726808778936,0.027228146152308952,0.033264270801524456
0.7151726393895819,0.7012652292633356,-0.03276539706856374,-0.038920226144848066
0.7169987258040419,0.7420307576453814,0.0018260864144600264,-0.007433505995346262
0.6760380594944843,0.6831179666224371,-0.040960666309557636,-0.03469397560228131
0.7752041711269462,0.737098833231713,0.09916611163246192,0.095818710282889
0.8110419255673799,0.7969410855944179,0.03583775444043369,0.032055994564096454
0.7401202542659875,0.7526376267876969,-0.07092167130139237,-0.08804365574703436
0.7331256524027887,0.7401247315417478,-0.006994601863198779,-0.004471239335110186
0.6790136122271861,0.6774819855815497,-0.05411204017560256,-0.051825441487615066
0.6885932993601694,0.7078266936813824,0.009579687132983294,0.007849919290376801
0.7359026072034254,0.7390399350256521,0.04730930784325593,0.06509543454943181
0.6521568058049945,0.6684288129561028,-0.08374580139843091,-0.07854708204290207
0.7980260189871018,0.7893732983633376,0.14586921318210733,0.15812115127860019
0.8440170167845978,0.820967002524982,0.04599099779749605,0.04355737068340726
0.7622015368122902,0.7834915038646029,-0.08181547997230765,-0.09003487522079655
0.7164388646155466,0.6793211518598538,-0.04576267219674357,-0.05401762036697171
0.7463495362968419,0.7490980804440934,0.029910671681295242,0.032030708446757504
0.8286384653338487,0.8494161117954805,0.0822889290370068,0.1011429615786281
0.678069807941539,0.6571699841818429,-0.15056865739230962,-0.14883228690875086
0.7610815010952761,0.7933104954806232,0.08301169315373702,0.0694237801094169
0.7442177979089626,0.7403459187526138,-0.016863703186313472,-0.006226198190410979
0.7655418453859487,0.7484241855500428,0.02132404747698613,0.015044912702300604
0.7952605317784622,0.7608504901313787,0.029718686392513516,0.02757174233604764
0.6936536632004591,0.6861750491413432,-0.10160686857800316,-0.10824673609001348
0.7245112354187977,0.7492229250858127,0.030857572218338625,0.0376416069082801
0.8296323992116624,0.8081350986523419,0.10512116379286474,0.08652919931156398
0.8509912966191893,0.8760870729124267,0.021358897407526833,0.025181579110129457
0.8277836314115259,0.8174786689256242,-0.023207665207663375,-0.03416009380089754
0.7358702283793958,0.7270807198626702,-0.09191340303213014,-0.08302502442849918
0.7554236080812762,0.7637243296173942,0.019553379701880425,0.009565171296531099
0.7345462749702955,0.7639858040184698,-0.020877333110980723,-0.01991625415011511
0.8152288738719344,0.8150921610811874,0.08068259890163898,0.08008355054232132
0.7785730885268873,0.7987155244341395,-0.0366557853450471,-0.031260859641247224
0.7593994558399505,0.744640937551763,-0.019173632686936837,-0.009619693331489251
0.7623473228807646,0.7408475094314275,0.0029478670408140673,0.01102932164535779
0.7546707146420288,0.7581649425389938,-0.007676608238735727,0.001261218296983016
0.6604280812594644,0.6219158198986783,-0.09424263338256444,-0.09023511586302344
0.8828917469155402,0.8702008780639626,0.22246366565607578,0.22632603097093779
0.75216631418422,0.7631058217979997,-0.1307254327313202,-0.13152558272392992
0.7840186417339755,0.7697169894473662,0.03185232754975553,0.03344664278124819
0.7339462208887451,0.7112726688264469,-0.05007242084523045,-0.04609430679203555
0.8534966671158384,0.8562286252159159,0.11955044622709332,0.1090649993350615
0.6999905136152841,0.6911361636230356,-0.1535061535005543,-0.1665841839870296
0.7500061547507954,0.7280857349447822,0.05001564113551127,0.03737673071377978
0.8547831060452515,0.8480257759896767,0.10477695129445619,0.1128652154383419
0.7855122967851823,0.8060504481022649,-0.06927080926006923,-0.07410080301743116
0.6990405841935198,0.6741407192931501,-0.08647171259166253,-0.07398521046740972
0.7236889970806706,0.7109812826601045,0.024648412887150806,0.029047116397708635
0.7806883880060056,0.7821592028518717,0.056999390925335014,0.04224178007666226
0.87886265236601,0.8691190822064623,0.09817426436000443,0.09182517697554843
0.7565180514310675,0.7635787354205765,-0.12234460093494248,-0.12728771533492225
0.8096307215461716,0.8017449534117705,0.05311267011510401,0.028501882247080435
0.815277348230255,0.8292557080893636,0.0056466266840834445,0.010591198608519738
0.6715191654766404,0.6971003031873853,-0.14375818275361463,-0.12967874280335215
0.741318955256958,0.7377999784505069,0.06979978978031764,0.05062897410791617
0.7338567889975969,0.7286774065985833,-0.007462166259361136,-0.0034347895702922992
0.8113858145956538,0.7601131892996505,0.07752902559805697,0.06828262758962919
0.7687895211459582,0.7602783713327375,-0.04259629344969562,-0.043914495025561814
0.7795547662324932,0.7718961764408698,0.01076524508653498,0.013834343536368601
0.6561969282204829,0.6498586480085643,-0.12335783801201028,-0.11135043867161193
0.7540695630607478,0.7488663732938108,0.09787263484026487,0.11003098547370234
0.7834900117881722,0.7478091047743323,0.029420448727424442,0.05662469636397367
0.7433651360383836,0.7556891953343365,-0.040124875749788624,-0.038307678687185265
0.7930655941279243,0.7987387910132917,0.04970045808954071,0.030030423023342877
0.738346478994708,0.7292945662890524,-0.05471911513321637,-0.07542306069836738
0.7610627256791764,0.7414110543252744,0.022716246684468477,0.02098114235225018
0.7860254416258394,0.7675153999002045,0.024962715946662994,0.030927446589895623
0.7598720295606403,0.7754952996833162,-0.026153412065199166,-0.0016270638000658692
0.8047158101393616,0.8130977322302808,0.04484378057872129,0.04314185692552938
0.7408994221854888,0.7550612419340258,-0.06381638795387279,-0.053867198008126824
0.7365343979095264,0.7015384157491314,-0.004365024275962415,-0.0006797665844697686
0.7214268590028651,0.6949873721610008,-0.015107538906661278,-0.02092726511379745
0.7272100714676576,0.7133199762951394,0.00578321246479252,0.005902757029541022
0.8051752305098789,0.7828367712830364,0.07796515904222134,0.08137394658176617
0.7193560923084465,0.774750473222223,-0.08581913820143239,-0.0836117499347791
0.7546586415561413,0.7580648873083362,0.035302549247694714,0.03896473712986172
0.8428770370943856,0.8169246216758796,0.08821839553824429,0.0824294185228851
0.7474918153355807,0.7500433126415975,-0.09538522175880482,-0.07877541241342412
0.8135751924846372,0.7930367775621232,0.06608337714905643,0.05812327926360749
0.8145762578447977,0.8096603724816308,0.0010010653601605357,0.008541667966577234
0.8475778218651467,0.8308108151291059,0.03300156402034904,0.03827624030026526
0.887943305364546,0.883803128120069,0.04036548349939928,0.05398185404242144
0.8234963032715967,0.8519198045127249,-0.06444700209294929,-0.06484244389501928
0.7610807708025435,0.8029575648436796,-0.06241553246905318,-0.06679746785727028
0.8253562477341436,0.8516934401735123,0.06427547693160007,0.039624255186071745
0.7628072741156645,0.7631167268594383,-0.06254897361847911,-0.07564199285047973
0.8071832042611976,0.8369338885159334,0.04437593014553309,0.03393962059541519
0.8801062958230816,0.8802225555009864,0.07292309156188403,0.06909121063138422
0.8117903418983403,0.8210868744027844,-0.06831595392474132,-0.0625101640247624
0.7893617737549239,0.7927033736929046,-0.022428568143416427,-0.00984193069675934
0.7458569618253282,0.7471312329450073,-0.043504811929595655,-0.04754696759404352
0.7279386208018103,0.7149643677959532,-0.01791834102351797,-0.0073707023673285944
0.8250354916049657,0.7823187403367156,0.09709687080315543,0.10865757148004788
0.7280695969345249,0.7382254601041,-0.09696589467044081,-0.11391805766078082
0.7780941518552771,0.750599642562408,0.050024554920752196,0.051205422109144014
0.7901939415761738,0.7828647569585306,0.012099789720896759,0.005896180559336762
0.802020092936564,0.7757923752447781,0.011826151360390114,0.02091262698657817
0.8363702536345208,0.8116863679308483,0.03435016069795682,0.02834218103107669
0.8571637334359672,0.8536913679028184,0.020793479801446413,0.01490113899683445
0.7570175249684599,0.7222754358761703,-0.10014620846750732,-0.10267214646179897
0.8158961210370429,0.8149286086683362,0.05887859606858303,0.065052625669779
0.7114088746881654,0.7129717229249914,-0.10448724634887752,-0.10789681801491685
0.898624313259306,0.8915835444496746,0.18721543857114065,0.16976345248302646
0.8074101697437502,0.7527862464780866,-0.09121414351555579,-0.09436447682972308
0.8505175071953912,0.8847036583299525,0.04310733745164097,0.03777267605022191
0.7435117634311172,0.7513025489476858,-0.10700574376427396,-0.09922465788772793
0.7516449676109809,0.7560431110810172,0.008133204179863629,0.008306681389573464
0.7947190605364568,0.7894191934184406,0.043074092925475926,0.04584697650244147
0.760139679827286,0.7807136605550861,-0.03457938070917077,-0.03468167234764037
0.8249293224086763,0.8219932793075954,0.0647896425813903,0.051751035313856004
0.8015091281115192,0.8243408164661936,-0.023420194297157138,-0.013410580725757898
0.7982573357699015,0.839571493217481,-0.003251792341617654,-0.005491753450664865
0.8021390357883412,0.7886151401617184,0.003881700018439682,0.012972935679873109
0.8672845120010922,0.8676551628837735,0.06514547621275102,0.05659650495824857
0.7966220782241247,0.8140322756596557,-0.07066243377696757,-0.06445502684599022
0.831648457305257,0.847374065451643,0.035026379081132375,0.05478342491360752
0.7856659121810713,0.8219176697103271,-0.04598254512418576,-0.05614236189945783
0.7515289231725972,0.769697260502553,-0.03413698900847406,-0.019231594629350233
0.7978660357969867,0.7741875752185506,0.04633711262438944,0.03888530226517269
0.8048146357146827,0.8049653247806797,0.00694859991769603,0.01280060554880216
0.7123109184079855,0.6908287378063319,-0.09250371730669715,-0.092050936885322
0.8112466511418903,0.7794123744003584,0.09893573273390477,0.07774055036022705
0.7136367879810288,0.724483624793233,-0.09760986316086151,-0.09157052179355947
0.8364227821271408,0.8159820977015037,0.12278599414611202,0.11647887620771433
0.822836367354247,0.8526672703162611,-0.013586414772893796,-0.009725139714848242
0.8062264856558418,0.7912062726151853,-0.01660988169840527,-0.010237110906470353
0.7894941567769778,0.7586940001515106,-0.016732328878864,0.005255713508606763
0.8435664116310807,0.8689627421090714,0.05407225485410294,0.062363814035380646
0.82289214675112,0.8440961275543718,-0.020674264879960713,-0.0235745317516877
0.8263227155696987,0.8487316330070993,0.0034305688185787275,-0.002731232882561877
0.8876781469243664,0.8653705718759966,0.0613554313546677,0.06266450569106097
0.8457858684410277,0.8456565638026524,-0.04189227848333876,-0.022055297498052674
0.7906101843373111,0.8240511175834996,-0.05517568410371654,-0.05990800152677665
0.8833357068118874,0.9119736885044646,0.09272552247457633,0.091455570436838
0.9078071341650054,0.8876269896542459,0.024471427353117914,0.03464134112983737
0.7575578482140047,0.7766917039768566,-0.15024928595100062,-0.14846118663201513
0.8491152953802881,0.869780110031339,0.09155744716628333,0.10358156337671215
0.885406493691127,0.883036191231017,0.036291198310838935,0.049655004778313194
0.8377923268348597,0.8188245283324266,-0.04761416685626729,-0.040529577962892575
0.8677891088407761,0.8674447236574659,0.029996782005916378,0.026583067343114185
0.7884730458682168,0.7852893887894973,-0.07931606297255933,-0.08024081278018658
0.7685205792708235,0.8036434586340404,-0.019952466597393248,-0.01572520730083462
0.7724841920104867,0.7751180465883941,0.003963612739663169,-0.0061724720783848785
0.8079613874297493,0.8233268004396878,0.03547719541926264,0.02716618990450554
0.8646542189366005,0.8939532259364984,0.05669283150685123,0.05423569029445312
0.7332224774219812,0.760898678025461,-0.13143174151461934,-0.13817952112172907
0.8264558371295202,0.836791125238723,0.09323335970753899,0.1052885319381543
0.764332231783745,0.7782447135023425,-0.06212360534577521,-0.06755906619979213
0.8132315481109396,0.8067151134751682,0.048899316327194575,0.041061596339894334
0.7504636419438274,0.7610585611701741,-0.06276790616711214,-0.06813989915336291
0.8249093019382363,0.7984364883872604,0.07444565999440889,0.08749536090537562
0.8494689536135678,0.8356377414057515,0.024559651675331473,0.034955128727726
0.8767218859065494,0.8431441116145293,0.027252932292981646,0.012349959013759529
0.8649232021329128,0.8872445228323317,-0.011798683773636576,-0.008345584675569492
0.6453777135455059,0.6276352074924407,-0.21954548858740697,-0.22506175585589253
0.8142809397606363,0.7919658676896353,0.16890322621513043,0.1773257753689303
0.7409816851666475,0.7233969645084148,-0.07329925459398878,-0.06713621458010503
0.7741076095013499,0.7685313460195229,0.033125924334702406,0.029604191053662157
0.9087842513829484,0.8977449018450239,0.13467664188159845,0.1441310764806846
0.7710959633282176,0.7444688521712972,-0.13768828805473077,-0.1380378560352341
0.8316639588768797,0.8197524538310802,0.0605679955486621,0.06338102067607486
0.8864065351307159,0.8906273334789716,0.05474257625383616,0.0622587006665436
0.8556016354614177,0.8675794853659445,-0.030804899669298225,-0.013972870377788014
0.804471268667463,0.7920704691047967,-0.05113036679395466,-0.055569010740354724
0.9446183457773488,0.931416524777519,0.14014707710988583,0.12826783319440163
0.9102398146896713,0.8835243090615011,-0.03437853108767752,-0.03644043460078307
0.8263832049526488,0.8193073831058513,-0.08385660973702247,-0.08559355684028865
0.8142305665338487,0.8221278949221416,-0.012152638418800099,-0.0015768267180149322
0.855177016319696,0.848767983335061,0.04094644978584727,0.047260161807993986
0.9165347352262768,0.8934781933263414,0.061357718906580816,0.052451925339893686
0.7879199583918098,0.8217536940759728,-0.12861477683446698,-0.11492836251186096
0.8168049429318182,0.8237876849006693,0.02888498454000832,0.022014141117188975
0.8302897474001544,0.8509037224378522,0.01348480446833622,0.009907023164301846
0.8578575474786992,0.9037857601197236,0.02756780007854487,0.02123120867211087
0.7287757955830305,0.7595133752701718,-0.12908175189566873,-0.11590277894352996
0.9212633642806218,0.9210991612421774,0.19248756869759132,0.1975275182244467
0.7952674528748978,0.7938127181144128,-0.12599591140572408,-0.12338019649737375
0.7947835090650192,0.8187277388872263,-0.0004839438098785953,-0.00432913441571728
0.7595607143920144,0.7376127066633147,-0.03522279467300471,-0.03835207734366845
0.7601570725361123,0.7219877916172647,0.0005963581440978638,0.009598890118553135
0.9106255063711004,0.9081233683486992,0.1504684338349881,0.1521305392161665
0.6995164226550105,0.7328107739405597,-0.21110908371608994,-0.21844956869409685
0.8763210570007117,0.9082443659279593,0.17680463434570126,0.18255010182407494
0.7985912106571899,0.776017244586369,-0.07772984634352187,-0.07469246758140997
0.7615439233138154,0.7460222987292304,-0.03704728734337448,-0.03697237189979911
0.8952430493564502,0.9364946827269008,0.13369912604263479,0.14813135891020093
0.7716547725327663,0.7964032177923489,-0.1235882768236839,-0.10161567817630239
0.7977678347075139,0.7924465569096515,0.026113062174747625,0.03124507932057323
0.7398924029275316,0.730951405231107,-0.057875431779982334,-0.07611074906850421
0.806418494234239,0.8251519284013688,0.06652609130670739,0.05813128285007728
0.7641971098668944,0.7891094443473738,-0.04222138436734457,-0.057951379167479625
0.8161797363088811,0.8081671000036652,0.0519826264419867,0.05697993883873832
0.784041880658554,0.7923036554173132,-0.03213785565032712,-0.037125065702739476
0.8475424004989369,0.8483100867948805,0.06350051984038296,0.06560064851023509
0.8541889642682116,0.8540223152091784,0.006646563769274638,0.0033269179392975043
0.7343916846698249,0.756285653386513,-0.11979727959838671,-0.09802886532299446
0.8191899466637624,0.8029182554522291,0.08479826199393758,0.06771096565654025
0.7806464300037808,0.8084454980807095,-0.03854351665998168,-0.03580158787747295
0.7934179176443814,0.8397671482125921,0.012771487640600654,0.019754396402085213
0.8559561239362354,0.8444673366102937,0.06253820629185403,0.05674583852293101
0.8210754951627003,0.8194367421507087,-0.03488062877353515,-0.039776609553330365
0.8451156472618322,0.8539299495146969,0.024040152099131906,0.02535700163732302
0.8120924714921304,0.812166394100139,-0.03302317576970182,-0.018963676708462
0.6821368473989067,0.7208302156142681,-0.1299556240932237,-0.12199612041540012
0.8629372972313044,0.9014432152456363,0.18080044983239774,0.18615702406110743
0.8759388030913127,0.901091358839511,0.013001505860008256,-0.008378136619787382
0.7975445564250295,0.7981288484333283,-0.07839424666628314,-0.08099328099147116
0.8771032043351423,0.8931686913889321,0.0795586479101128,0.08771078042750809
0.8154009701036722,0.7909584196145719,-0.06170223423147014,-0.0446144718743333
0.8074655626096484,0.7887179155874553,-0.007935407494023772,0.001952787450301063
0.7679214062306047,0.7553606527059278,-0.03954415637904374,-0.032961289635848504
0.8220673279721564,0.8406330525057079,0.05414592174155175,0.062306645050123836
0.8532056580568111,0.8562760780156818,0.03113833008465472,0.03598369759178632
0.7848271589754042,0.824377245331802,-0.06837849908140692,-0.07485122262939223
0.8709310729412961,0.8567645177676867,0.0861039139658919,0.07644296620511236
0.8411466760056526,0.8418526961983738,-0.029784396935643498,-0.022229242376851935
0.8535444780355825,0.8381937926710912,0.012397802029929905,0.022745791671786912
0.749759812230538,0.7475626140379464,-0.10378466580504453,-0.09545136257017917
0.7487348474003549,0.7272499492262829,-0.001024964830183106,0.0006729613545834959
0.7994406088680641,0.7845990511786228,0.05070576146770922,0.04673497459812317
0.8684302292296112,0.8708214431942022,0.0689896203615471,0.0733560086244383
0.8511528368579726,0.8719437138188044,-0.01727739237163861,-0.018832846392806496
0.7883034284477821,0.7925387155057494,-0.06284940841019049,-0.04896971513996436
0.8606840149669059,0.8475926809496543,0.07238058651912382,0.08553178006752522
0.8071673781740776,0.7788879567640248,-0.053516636792828365,-0.04201453186521481
0.808961491326445,0.7900040960160215,0.001794113152367438,0.0057789809791447665
0.7702937207801537,0.7947976929792444,-0.038667770546291336,-0.03511646207852455
0.8341300187971313,0.8374996326015302,0.06383629801697766,0.07371508014595574
0.8147882556370964,0.798207480655417,-0.019341763160034886,-0.020816684644443757
0.8000885094108431,0.7908383601620058,-0.014699746226253363,-0.01500902330116555
0.779827660122923,0.7659369363816346,-0.020260849287920046,-0.03090424452681122
0.7792295512247198,0.7813452292340575,-0.0005981088982032201,0.008323008330051148
0.8993465718059898,0.947736957741808,0.12011702058126994,0.11682526152811007
0.882372183429339,0.9088369848310729,-0.016974388376650773,-0.013732404331323615
0.7394001424073197,0.7116854478763149,-0.14297204102201932,-0.14357818481148368
0.8231553369835162,0.8220797247689221,0.08375519457619651,0.09028187850705967
0.8299398910054875,0.7946022344847148,0.006784554021971312,0.020591051163913424
0.8388790162997208,0.8822920698422284,0.008939125294233352,0.023329970097732296
0.9095937149699148,0.8888755514368673,0.07071469867019398,0.057547283097823865
0.8645134832944582,0.8322720801881871,-0.045080231675456606,-0.05076867114559429
0.8337298669516017,0.8411675146969501,-0.030783616342856535,-0.019349808708808668
0.813491621694118,0.8037440181880172,-0.020238245257483634,-0.023781073774948147
0.9445659661514092,0.9432680582581816,0.13107434445729116,0.1263069470936031
0.7536001637540171,0.7322665582575544,-0.19096580239739214,-0.1899501515227701
0.8475460251412361,0.846976274274657,0.09394586138721905,0.07351459575114055
0.8073614959161393,0.8080787062033091,-0.040184529225096854,-0.041120056104082994
0.836702019823252,0.8470113258894535,0.029340523907112726,0.023786453849496472
0.9074943002845227,0.9176467937320968,0.07079228046127073,0.048964224292414246
0.8443829472476136,0.8390096950549184,-0.06311135303690907,-0.07126007677295076
0.8137098498277625,0.8110904129731228,-0.030673097419851136,-0.03086397918630592
0.9327987172736463,0.9269143845175022,0.11908886744588376,0.11954166849707151
0.8516713164987778,0.832859040108455,-0.08112740077486846,-0.08830889983975404
0.9106707353392933,0.9180428561941654,0.058999418840515516,0.056240543041529194
0.8716401615139375,0.8416760376622847,-0.0390305738253558,-0.05514087656901312
0.8605632533067079,0.8515301645307687,-0.011076908207229619,-0.019314275452775087
0.8195697881310308,0.8128020343038721,-0.040993465175677146,-0.03401896350674963
0.8280924640944488,0.8394683410188774,0.008522675963418047,0.0033849084197259223
0.8166103454779905,0.7898650178375275,-0.011482118616458314,-0.024893045369524008
0.8262492464211814,0.8528273541462202,0.009638900943190865,0.0027578242914066704
0.7929839463146401,0.7687112403683907,-0.03326530010654127,-0.03287564207933134
0.8145705291788482,0.8065651681538667,0.021586582864208115,0.0359229623643225
0.8511810603999971,0.8529787579840155,0.03661053122114888,0.04145239778730837
0.8363505694238711,0.8333695917632371,-0.014830490976125987,-0.0011173803497965176
0.8348610613597431,0.8180890040760032,-0.0014895080641279534,-0.006979013961200359
0.8073220540891806,0.8429558524685152,-0.027539007270562577,-0.022337732221013394
0.8371686293180524,0.8298777324711758,0.029846575228871797,0.03897471259513147
0.8502846437315635,0.8394177552005458,0.013116014413511179,0.020180859225063096
0.8069171853965768,0.7779294498860408,-0.043367458334986786,-0.04558910018188972
0.8581271484302602,0.8578007599750808,0.051209963033683414,0.06282567480304464
0.882687049054673,0.8848488127551212,0.024559900624412823,0.02307928009492214
0.8374668058806637,0.8302539842581639,-0.0452202431740093,-0.034863428292659926
0.8704274943345094,0.7995931299645838,0.0329606884538457,0.0475402363701362
0.8018567946765657,0.7735753107188944,-0.06857069965794371,-0.06252991901863852
0.7721774074457158,0.7723275436845235,-0.02967938723084984,-0.029022086912870695
0.75264278492649,0.739480328569955,-0.019534622519225886,-0.02871291334476956
0.8860514358740322,0.8929553048729538,0.13340865094754228,0.13633256734256524
0.8431498229317251,0.8558685534641519,-0.0429016129423071,-0.053296762010004696
0.8459500259715879,0.8454871104404356,0.0028002030398627253,-0.0026078536753921366
0.7514033885498581,0.7561018553431184,-0.09454663742172975,-0.10291156459192478
0.8217329722694324,0.800346679714389,0.07032958371957432,0.06388828732146466
0.800168349166753,0.7928257487250242,-0.02156462310267948,-0.03142969801003409
0.8743431689489416,0.8990682133301535,0.07417481978218865,0.059287961762760716
0.8630413721367151,0.8846502573809375,-0.011301796812226539,-0.0007674135746943093
0.8569820867832396,0.8380407232748586,-0.006059285353475441,0.015721370193286108
0.8062110239886551,0.7482710336782701,-0.05077106279458454,-0.04942394379707302
0.8208691229988008,0.849660648037196,0.014658099010145698,-0.005152219822641867
0.8915201016806574,0.9171509984416975,0.07065097868185666,0.0619333874588205
0.8846984642280254,0.8337881358328821,-0.006821637452631979,-0.009681299898077322
0.7412735885109482,0.7388635888280072,-0.1434248757170773,-0.13840885687493196
0.8957763550733587,0.8615272980510765,0.15450276656241058,0.1656209274519089
0.8716555451337615,0.8368652439404016,-0.0241208099395972,-0.025035540393673124
0.7914972185700478,0.8165807997688669,-0.08015832656371369,-0.10680895783223608
0.9135215732424624,0.9164484894544923,0.12202435467241457,0.12529964283963477
0.8424469962525798,0.8491815695113797,-0.07107457698988262,-0.06633784318702655
0.8514678847856985,0.8405795752494092,0.009020888533118665,-0.0031758144766184555
0.9358530470401911,0.9296995804485031,0.08438516225449266,0.10270593833838611
0.7815645088135824,0.7837154788865889,-0.1542885382266087,-0.16881944447328456
0.8132827809418496,0.8406991037465388,0.031718272128267166,0.02212648829873573
0.801557933176166,0.7873753246087568,-0.01172484776568361,-0.033895603267423954
0.8466755699524265,0.8230864085660848,0.04511763677626057,0.03206300351360213
0.9135122746437035,0.8997824478476201,0.066836704691277,0.07061099412965256
0.8766709087650606,0.8570238288812942,-0.03684136587864295,-0.05147418239970129
0.809075313065277,0.7931081886974531,-0.06759559569978357,-0.05809725985386511
0.8570626628396875,0.8478823324536725,0.04798734977441044,0.056365683652530724
0.8422026534373848,0.8629530075690387,-0.014860009402302699,-0.03672871740381459
0.8259637789796134,0.8041239579995162,-0.01623887445777139,-0.00012747302262017257
0.9513211363360603,0.9172193614892639,0.12535735735644693,0.11109437758851981
0.9181651481887212,0.9286838730637835,-0.03315598814733911,-0.03577190600533646
0.9576823707676172,0.9587925606323303,0.039517222578896005,0.020919528303110044
0.8246240907370905,0.84589389106715,-0.13305828003052667,-0.1390887173206909
0.8645778403131953,0.9084063265194402,0.03995374957610476,0.05070522948077614
0.8926750815762894,0.9054047262051246,0.028097241263094097,0.03436242342985229
0.8079855026600128,0.7886867931887026,-0.0846895789162766,-0.09245700985174897
0.8989124023223112,0.8879593823138034,0.09092689966229839,0.09510049057575401
0.8827792001346907,0.8660149186292961,-0.016133202187620488,-0.03470216795256436
0.9073768178811845,0.9242619670430537,0.024597617746493827,0.02072743687089112
0.7658302183428871,0.7462740412844907,-0.1415465995382974,-0.13603770912599478
0.8659065242352094,0.8453966177426447,0.1000763058923223,0.10337894651521823
0.8259804482273755,0.8275302495426509,-0.03992607600783393,-0.03623067836867231
0.8460629894445951,0.8157354470715275,0.02008254121721964,0.033260155592712816
0.8704560144197818,0.8398471854879137,0.024393024975186695,0.018763943967954146
0.8098348367933558,0.813115095758511,-0.06062117762642605,-0.05504809350144305
0.8955069577406504,0.8749892130197359,0.0856721209472946,0.08409286912703601
0.8414083590538031,0.864494030841519,-0.0540985986868473,-0.06152591136718624
0.8692323649702698,0.8926070178336061,0.02782400591646672,0.031721114702387816
0.9482869331706189,0.9348812350636289,0.07905456820034906,0.07755326864281155
0.8796816005028628,0.9121851809508641,-0.06860533266775604,-0.06690437621105134
0.9411141511406377,0.9483706749663859,0.06143255063777486,0.06478324154420424
0.8815946480459433,0.880113115884001,-0.05951950309469434,-0.04599149936318932
0.8634480918338965,0.8802013126264352,-0.01814655621204686,-0.0030824983170611216
0.7451219380506385,0.7273841706440669,-0.11832615378325795,-0.102190791790778
0.9222420045998554,0.912432382306474,0.17712006654921686,0.17627315303179605
0.8541321110899927,0.841018446004507,-0.06810989350986274,-0.07160288756671929
0.9587602104086022,0.9588222650559585,0.1046280993186095,0.10897564872480721
0.9332867819328655,0.9491718442220325,-0.025473428475736637,-0.025392665332892098
0.8790728463715802,0.9001131006192641,-0.05421393556128529,-0.0400049526743809
0.9228838266571497,0.9192221109831553,0.04381098028556951,0.036378429772632496
0.7689895797084264,0.8255814882932017,-0.15389424694872333,-0.1518492747077021
0.8346644676929222,0.8244912358082059,0.06567488798449583,0.0592965691435243
0.9310129191541924,0.9080590950585911,0.09634845146127013,0.09552288716311373
0.8264995662696768,0.8485491491282235,-0.10451335288451558,-0.09656209564011449
0.8897088138348576,0.8815440970453179,0.06320924756518076,0.05803125079172917
0.8962818845103123,0.893488467550946,0.006573070675454762,0.006741773620227425
0.8301208449615572,0.8296716839190543,-0.06616103954875507,-0.07050871821310749
0.8452469449957126,0.8460355546015889,0.015126100034155376,0.01145330280830851
0.8970713306386513,0.892637246715955,0.051824385642938675,0.06084651403595383
0.9297427245233042,0.9128226669420355,0.0326713938846529,0.018724241132761093
0.8979430684283641,0.9063807845230838,-0.031799656094940065,-0.026045407872925353
0.9493573917434978,0.9573961883352109,0.051414323315133625,0.04709297206554817
0.8210227256892448,0.7718326951234974,-0.12833466605425292,-0.12301202793474426
0.8196607631258325,0.8276434431434088,-0.0013619625634123667,-0.010216137655937494
0.943166297985106,0.9589945831245442,0.12350553485927351,0.11792026618602408
0.8322613905309992,0.8489290889191771,-0.11090490745410675,-0.11699496052273577
0.9117696348409556,0.9401639349893053,0.0795082443099564,0.07877667768559425
0.7650094331873991,0.7870942241834952,-0.14676020165355652,-0.14680107052928365
0.9080487536133429,0.9218685121780135,0.1430393204259438,0.14769596916100047
0.7709059706691315,0.7910067621064887,-0.13714278294421145,-0.1377696972940912
0.9192221642969263,0.9154918599974811,0.1483161936277948,0.14913032321686764
0.9001419595630223,0.8937945087450713,-0.019080204733903927,-0.014753917744637236
0.8606003478658503,0.8723302486754303,-0.039541611697172074,-0.033357930421360156
0.896156035617346,0.8990180889403881,0.03555568775149576,0.04632276212742315
0.8802698814055433,0.9054611136502186,-0.015886154211802728,-0.020379384192969002
0.8402220995773836,0.8675617218260621,-0.04004778182815971,-0.05659542653698401
0.9011029044127805,0.9189174828891594,0.06088080483539693,0.058277225219205024
0.9364576033651388,0.9158638940431244,0.03535469895235832,0.015928574155199774
0.9443723811629626,0.9354131548811061,0.007914777797823791,-5.23879475514636e-05
0.8558039868937973,0.8736747481774934,-0.0885683942691653,-0.07556615144177557
0.8748676407619614,0.872811919045314,0.01906365386816411,0.018596191410911452
0.8660504186049094,0.8689017021491943,-0.008817222157052051,0.01754416651455339
0.9072142695811076,0.9087760494800705,0.041163850976198235,0.04762653695110476
0.9875950855805653,0.9643431358117343,0.08038081599945768,0.09435943540777358
0.8594491693648658,0.8984410033914726,-0.12814591621569948,-0.12432271224452011
0.8899168678512002,0.8903865950377506,0.03046769848633435,0.012214897143649036
0.9065675248448107,0.9164794277129176,0.01665065699361057,0.016944051816137572
0.8322087121504221,0.8024588456263393,-0.0743588126943886,-0.06677428771737777
0.8431882075356417,0.8208934798445727,0.010979495385219584,-0.0002820854860356801
0.8674524253768071,0.8622933721985654,0.024264217841165392,0.02227120436106568
0.8928545119099272,0.8879943708738808,0.02540208653312004,0.025303683739712854
0.914118053873721,0.9123885509488788,0.021263541963793875,0.032049577200562764
0.9164534924019768,0.927553802841398,0.0023354385282557955,0.02378572722805499
0.9829910712262292,1.0046247026485629,0.06653757882425237,0.0562899608646988
0.8770385631146359,0.8578492634252219,-0.10595250811159329,-0.10892400911675995
0.8484889846942922,0.8675668050740803,-0.02854957842034367,-0.02871938211662932
0.8411920437153406,0.8299165046931002,-0.007296940978951616,-0.01356164682975951
0.7532168535968752,0.729220483234922,-0.08797519011846544,-0.09698210698116426
0.8877845481760384,0.8892812357455736,0.13456769457916318,0.1336049199386182
0.9065165415940317,0.9323265280254321,0.018731993417993364,0.009530840513779514
0.878604462061847,0.8846220473947733,-0.027912079532184775,-0.03418378973732818
0.9108415139576637,0.9355288799843035,0.032237051895816715,0.04480124184814985
0.9559618876932691,0.9676564690502467,0.0451203737356054,0.04180396999791429
0.8845278729378817,0.867223679073301,-0.07143401475538735,-0.0810259916684761
0.9145065813082901,0.9344353621620156,0.02997870837040839,0.04920431662154484
0.86867650393376,0.8829780751499127,-0.045830077374530154,-0.04071796697216551
0.8388129261689188,0.8574412939063158,-0.029863577764841165,-0.024793192849723023
0.8504670096180741,0.8311308713374034,0.011654083449155306,0.006464700596917136
0.9210045298338223,0.9101924223204665,0.07053752021574822,0.0631585927124802
0.8624873556303444,0.8075969595875051,-0.058517174203477906,-0.07141893062860633
0.957688328725694,0.9193347256403299,0.09520097309534958,0.08839481553469095
0.8686126852896913,0.8342915310255309,-0.08907564343600272,-0.07308308082894749
0.8125726219409002,0.8159245713855783,-0.05604006334879108,-0.05182975806983524
0.8892521182710649,0.9013144658064287,0.07667949633016469,0.08889207931432454
0.8522592005312339,0.8518152756754527,-0.03699291773983093,-0.0370152194690221
0.9467000541268229,0.9164279235927294,0.09444085359558896,0.10564245769952267
0.8569136646367508,0.8764075665108964,-0.08978638949007212,-0.07512034316178559
0.9270534858787675,0.9092162543962913,0.07013982124201668,0.06541141175252534
0.8277795616554782,0.8325662668806662,-0.09927392422328929,-0.10294882356530073
0.9023232966992869,0.8870460900892572,0.07454373504380873,0.0771153696002381
0.9509715540677947,0.9570344818036362,0.04864825736850775,0.053653760811703435
0.9862745294041904,0.9893345013223948,0.0353029753363957,0.03970631098518899
0.9402197975235327,0.9053836293323853,-0.04605473188065767,-0.05486008711949347
0.8714044868251363,0.8503480792731711,-0.06881531069839641,-0.08635343107911653
0.8500837672586309,0.8910452020798433,-0.021320719566505386,-0.03295704512029595
0.8898022135042299,0.906405177645042,0.03971844624559906,0.04639162676225783
0.9404669041798124,0.9361872715242595,0.050664690675582436,0.04588027246623705
0.9074905605840197,0.9190166633403445,-0.03297634359579271,-0.03654084552385073
0.868144637949713,0.8588759888635142,-0.039345922634306696,-0.0368068206710185
0.8649734798718132,0.8718114325230285,-0.003171158077899805,-0.0024684078789130254
0.8939412646982092,0.8907083557188834,0.02896778482639606,0.023714375198613427
0.915695264428707,0.9373780725851503,0.02175399973049774,0.02024986892193624
0.9239073397988913,0.8979246520384442,0.008212075370184313,0.0211504488985154
0.9072235604611818,0.9097279031825106,-0.01668377933770948,-0.023886543024632334
0.8064871661052659,0.8200618394867418,-0.10073639435591586,-0.10332400707272173
1.0251500820109223,0.9992895539979316,0.21866291590565634,0.2241873511015668
0.8961976531313568,0.9030833743662481,-0.12895242887956548,-0.14586627308494915
1.008524147347302,0.9926252610534362,0.1123264942159451,0.09868242668655253
0.8346898331868665,0.8205885707397947,-0.17383431416043538,-0.17779721131476087
0.9170378251988464,0.9072783775159585,0.08234799201197984,0.07978515953382022
0.8767357527961513,0.9055230809675185,-0.04030207240269501,-0.042613599937818915
0.8708219583389571,0.8954027029201552,-0.005913794457194199,0.007086950783192731
0.9030781160898891,0.9344493058503831,0.032256157750931935,0.04277664584993527
0.8644399183316549,0.8246901211523759,-0.03863819775823418,-0.04895242509885779
0.8342188406294277,0.8411424030606645,-0.03022107770222715,-0.02535490598782223
0.9150087638667505,0.9049717822478202,0.0807899232373227,0.0649281674913169
0.8669818688441125,0.8409531803677641,-0.048026895022637905,-0.05106923875639143
0.941891871610692,0.9423757222567046,0.07491000276657944,0.06088771481940683
0.9064169472630003,0.9074581583308877,-0.03547492434769173,-0.034573274120045516
0.9386104786918544,0.9566352774970065,0.03219353142885417,0.02731078103128009
0.8595290128793706,0.865463532960728,-0.07908146581248388,-0.08016085438463041
0.9203598022157435,0.9244573971734136,0.06083078933637298,0.059234757441112756
0.929482151044361,0.9334131504760813,0.00912234882861751,0.015622267437372009
0.980264755709403,0.9981372972207326,0.05078260466504192,0.0646570558475867
0.905341423146535,0.9132843720165219,-0.07492333256286798,-0.08532378311937037
0.8942747434509849,0.9014754499318056,-0.011066679695550086,-0.02222240492545057
0.9214117298351454,0.8966662264383152,0.02713698638416051,0.017716525637812786
0.8819738302287965,0.8802403246128567,-0.039437899606348914,-0.04027550739647785
0.8867073000831442,0.9234539816710152,0.004733469854347749,0.021730826712846735
0.8527044606141387,0.8767783120746496,-0.03400283946900551,-0.030091100903179596
0.9229167667087869,0.9379715156575178,0.07021230609464812,0.06740024865238198
0.9558021891470732,0.9794368783937066,0.032885422438286294,0.0354202592033776
0.9475788473277464,0.9317274078298343,-0.008223341819326713,-0.005819701652590123
0.9422013335045224,0.9476314932460427,-0.005377513823224045,-0.006200014921669586
0.9911127155066347,0.9845610841549118,0.048911382002112314,0.04617160780051764
0.8597997460183092,0.8842161039637972,-0.1313129694883255,-0.14248632159847227
0.8942205187372071,0.8524358593665874,0.034420772718897874,0.020106488712337757
0.8452552412091853,0.8530676463289383,-0.04896527752802182,-0.052519269026308976
0.8506007272837657,0.8653874140109342,0.005345486074580408,-0.0026539398298085735
0.8967976243851375,0.8885746364540502,0.04619689710137187,0.039025741299842
0.9460293700034296,0.9557013122887852,0.04923174561829202,0.0674069823911169
0.8957103597483435,0.8792892185644131,-0.050319010255086116,-0.06188786938506135
1.0059056841657592,0.9752360367422752,0.11019532441741575,0.11315093122176152
1.0021494207591746,0.9871893000071515,-0.0037562634065846368,-0.002277609715763274
0.9847764572606984,0.9559640223052512,-0.01737296349847617,-0.015094982162771284
0.9624841285910024,0.9479860958412449,-0.022292328669695993,-0.028880120294853664
0.8426709954893692,0.8080713951168916,-0.11981313310163322,-0.13245695754463252
0.9988023386751796,0.9780289080832436,0.15613134318581046,0.14148191232341745
0.9564342448705416,0.9784124540944301,-0.04236809380463802,-0.05108735966541962
0.9942514211936632,1.0066189073784624,0.03781717632312154,0.03534611773093774
0.8789801186665834,0.8948211277437044,-0.11527130252707973,-0.12109490657639417
0.9357464533398874,0.9533451681931296,0.05676633467330394,0.06084529828154543
0.896943207339872,0.9381948435218974,-0.03880324600001539,-0.053335083114394034
0.9190721885453063,0.9159729768367577,0.022128981205434273,0.04571604075638305
0.8778014929084632,0.8454641970703908,-0.04127069563684305,-0.03826188333299168
0.9586824578893759,0.9617451944759685,0.08088096498091268,0.08175748424430967
1.001205237214208,1.0056537960293634,0.04252277932483206,0.03043072946136604
0.939828142964815,0.9376616104024502,-0.06137709424939297,-0.0693717046342171
0.905637780663076,0.91638120199714,-0.034190362301739,-0.027999274554997365
0.8431244631743899,0.8253280266197248,-0.06251331748868605,-0.05702658234497922
0.9017499582129872,0.843356218913641,0.058625495038597264,0.04839070948120955
0.8465017884766078,0.8492745092410515,-0.05524816973637936,-0.06511299433223988
0.8950715161367484,0.8915295662212122,0.04856972766014056,0.0644866146480057
0.9091398433843163,0.8654558535613985,0.014068327247567902,0.016170915903410476
0.8934909718743632,0.8829293671465039,-0.01564887150995309,0.008913982269874231
0.9495236177081358,0.9325712583715701,0.05603264583377254,0.054857248545387746
0.9418530911802575,0.9569410721818726,-0.007670526527878252,-0.0005820412907593915
0.9163751825645087,0.9515906928722792,-0.025477908615748834,-0.0306562250871855
0.8609874317105339,0.8396319397141683,-0.05538775085397474,-0.06866802474919918
0.9587301989228068,0.9353162216823636,0.09774276721227282,0.0888466046520636
0.8872633605293606,0.9142631595084514,-0.07146683839344614,-0.06323106057753697
0.909210297618007,0.911765957717599,0.021946937088646368,0.02610616496531635
0.94163643630639,0.926983894004191,0.032426138688383066,0.0260393130177107
0.914684125076428,0.9234532180210312,-0.026952311229962,-0.03659218426897987
0.911950454534654,0.9230365677336703,-0.0027336705417740914,0.0004645333928609656
0.8837029187957932,0.8628540993399642,-0.02824753573886074,-0.03333327841810115
0.9222582686529446,0.9643084835292813,0.038555349857151366,0.04656990948651852
0.9649991460907369,0.9899519347820362,0.04274087743779231,0.04397833080437757
0.89469935129738,0.915365612975336,-0.0702997947933569,-0.06387496566331885
1.0145726266613637,0.9919445214404179,0.11987327536398373,0.12788897253871104
0.9256153327617632,0.9448813302073963,-0.0889572938996005,-0.09905209835289001
0.9804017799230904,0.9801095251310465,0.05478644716132719,0.06833245002099654
0.9971633077950999,0.9873130370494079,0.016761527872009463,0.018850581160657506
0.839201986547225,0.8282293825934178,-0.15796132124787488,-0.16370783157206023
0.9057144344088296,0.8643474478687347,0.0665124478616046,0.06020712665595519
0.9852951104970171,0.9570079893301193,0.07958067608818753,0.09045424241933431
0.9141044575895526,0.9319046551093386,-0.07119065290746451,-0.07082062477694719
0.8768729529864607,0.8864987922002421,-0.03723150460309188,-0.03953641680475898
0.9238166864597247,0.9019569434096678,0.04694373347326397,0.029470658447874644
0.939549708058869,0.9730136376185352,0.015733021599144248,0.01088721570477913
0.9590780398656061,0.9518005594466846,0.019528331806737187,0.022399326643355047
0.9521945560381666,0.9758627719157338,-0.006883483827439529,-0.009404028806402745
0.9599030180521815,1.0000944763982655,0.007708462014014872,0.0003668655685914934
0.9178207953304945,0.9434523736539668,-0.042082222721686935,-0.04501861429094569
0.9145469308658307,0.8762542067171512,-0.0032738644646638226,0.0034923241233453294
0.9341492468749725,0.9596575353721379,0.01960231600914175,0.014142207376232384
0.9366891012307672,0.9753438366207241,0.002539854355794735,0.003889900993482653
0.8034209005433973,0.7841169038950833,-0.1332682006873699,-0.12240123716627813
0.9550750479742223,0.9395875236894656,0.15165414743082495,0.14973718084275145
0.9380670458328466,0.9360880895821238,-0.017008002141375655,-0.02019480623025101
0.982049798057622,0.9909759007984179,0.043982752224775434,0.04904893745008707
0.9111944664328923,0.9223608475581836,-0.07085533162472979,-0.07378873421474814
0.979675619445218,0.9643967076985032,0.06848115301232571,0.06727846982487741
0.9029046972763518,0.9104484023583284,-0.07677092216886616,-0.07559556178715335
0.8508165064414261,0.8391284560575193,-0.05208819083492566,-0.05052273901923555
0.871292008874512,0.8489661455860493,0.020475502433085824,0.017552317986521567
0.9003800470361512,0.8700701028492389,0.029088038161639185,0.030853510817615726
0.9068451566207483,0.9175693687095383,0.006465109584597117,0.001109804976114629
0.9024969645595406,0.8860415367417994,-0.004348192061207623,-0.0036425323598342774
0.9815546237893937,0.9948314617092427,0.07905765922985308,0.08678400614546827
0.9410568244333108,0.8972177810154045,-0.040497799356082886,-0.04354120609375352
0.9829804321447125,0.9789305651472091,0.04192360771140169,0.046209506544396754
0.9504333179440473,0.9541359160816536,-0.03254711420066525,-0.03924547118949405
0.9458352500063013,0.9305868986871395,-0.0045980679377459754,-0.0032223649273995514
0.9920405830067641,0.9569567168677812,0.04620533300046281,0.04561984980903714
0.9053156511541924,0.9060656249325763,-0.08672493185257169,-0.08329328690846242
0.9755467230603571,0.9724807658896069,0.07023107190616462,0.04595279380945828
0.9616650545534704,0.9569710544311214,-0.013881668506886657,0.0032343938608227762
0.9589048568597344,0.9397797724088375,-0.002760197693736033,-0.01200681555689788
0.958146757464783,0.9333214982612201,-0.000758099394951417,0.004102960325104633
0.8719149256895727,0.8494648557101387,-0.08623183177521021,-0.07704516592011017
0.917197280837377,0.9376047726004031,0.04528235514780421,0.047347756853209584
0.9448589460120882,0.9391344251442943,0.027661665174711247,0.022666537079914107
0.9226821433485188,0.945802472304533,-0.02217680266356936,-0.009671352192994982
0.9682276537528285,0.9650722694052897,0.04554551040430965,0.03670621424330883
0.9417025725081338,0.9492384433552453,-0.02652508124469466,-0.01533540581243994
0.9936785259556882,1.0390993240008102,0.051975953447554346,0.06467714269134833
0.9550880860572459,0.9196188643596709,-0.03859043989844224,-0.025437392494133286
0.912978056539848,0.9016275845112147,-0.04211002951739795,-0.037897881355641254
0.8665316014309455,0.857719838344887,-0.04644645510890244,-0.036136210367464346
0.8779281082776516,0.8736012966225428,0.011396506846706012,0.010703739294521187
0.9493617963078087,0.968979376666328,0.07143368803015715,0.07722909574279624
1.0926339428018486,1.0706124493317601,0.14327214649403985,0.1446965884035664
1.0229810740121028,1.0177918986549794,-0.06965286878974575,-0.06326521075578813
0.9122808693525705,0.9105307655256223,-0.11070020465953234,-0.1152986863294073
0.9696236404563898,0.9746410797433679,0.05734277110381936,0.045595225907782186
0.9208029789686263,0.8898871529461234,-0.04882066148776354,-0.045764486696443854
0.9283528224437925,0.905959368263134,0.007549843475166185,-0.0016532846358522143
0.9320256643407939,0.8981248496913605,0.0036728418970014554,0.008965825548888168
0.9248697123450178,0.9235115522782563,-0.007155951995776122,-0.015555997087391563
1.0446129649971327,1.039468943466556,0.11974325265211494,0.11810624475920974
0.9556082836235161,0.9309947634756155,-0.08900468137361661,-0.07167236803515517
1.0329204089611834,1.0618913436983728,0.07731212533766729,0.07555411308942145
0.9219308551184834,0.9370518596035723,-0.11098955384270004,-0.11255069374043232
0.9768912662761591,0.9631634967480329,0.05496041115767569,0.05106584517447525
0.9014829736563801,0.9000545363630522,-0.075408292619779,-0.055904910106216996
0.9125343127513497,0.9244456170720917,0.011051339094969581,0.01050918694085021
0.945141533683418,0.9195101483956472,0.03260722093206836,0.037236342126600985
0.9699391842691429,0.978006433797269,0.024797650585724917,0.02982146344841876
0.9845596004812904,0.9846891812099444,0.014620416212147491,0.012677419890618274
0.9703042299451454,0.9469210436290413,-0.014255370536145007,-0.014577884875263153
0.9447686922611879,0.9474588831504915,-0.025535537683957554,-0.0196645686040864
0.9467299015218706,0.9695093261896423,0.0019612092606827725,0.009945885848879813
0.9578118887487708,0.9523924842117094,0.011081987226900125,0.029571004987141818
0.9591382176366338,0.9858977487335645,0.001326328887862993,-0.005218409457526483
0.9163522356618172,0.8938066102775587,-0.042785981974816534,-0.049578670783329094
0.9090596208167673,0.8878958052789113,-0.0072926148450499495,-0.014137345329728882
0.9551019214715056,0.9671993552246031,0.046042300654738355,0.03911679732969734
0.9909179901322034,0.9826217960710614,0.03581606866069775,0.055249650618521474
0.9049983189065103,0.8950225086124582,-0.0859196712256931,-0.09811442303900726
0.9218837189087673,0.93597532468413,0.016885400002257023,0.010295450238205859
1.0160631637732356,1.0068541948083338,0.09417944486446828,0.08413727130585952
0.8965693069742878,0.8835241956381212,-0.11949385679894775,-0.10468640584847533
0.9779135384260955,1.0080161527310363,0.08134423145180769,0.07863899805684663
0.903474747116284,0.9167437956115755,-0.07443879130981157,-0.08133259683736407
1.005121537617314,0.9876857425902767,0.10164679050102998,0.09448654582892611
0.9487450376118125,0.9545910772299315,-0.05637650000550143,-0.07119335486735481
0.9877315331234496,0.9695529865207979,0.03898649551163713,0.02564513114346846
0.906519228559637,0.9249209391162445,-0.08121230456381268,-0.0795491921467551
0.8939574136912121,0.8774251813484276,-0.012561814868424892,-0.0051542504295699985
1.0377889040220496,1.0326105314278786,0.14383149033083753,0.14058061539293454
0.9749757636216424,1.0080903185012702,-0.0628131404004072,-0.06322986785201905
0.9615776105715579,0.9620688449250657,-0.013398153050084516,-0.006371253525269385
0.994646921036518,0.9816535984437427,0.03306931046496009,0.040648158554616086
0.9774739436651909,0.9757710750566572,-0.01717297737132706,-0.04314555130472623
0.9938173771555728,0.9865495199027687,0.01634343349038192,0.02219687338606425
1.004589558360993,1.0437656009346252,0.010772181205420117,0.014037949493927792
0.9546004937450646,1.006322995283333,-0.049989064615928336,-0.05428252807755945
1.039667601381781,1.0221208150251364,0.08506710763671632,0.07573024907809071
1.0126712784404253,0.9889300607521216,-0.026996322941355677,-0.036424753019522374
0.9087531289732371,0.8833635665118028,-0.10391814946718814,-0.11103508641622296
0.9626805294803071,0.9793171749237876,0.05392740050707001,0.06593519902300493
0.932448990175426,0.912269165729148,-0.030231539304881094,-0.030688228928678927
0.9880977488166056,0.9943266410558718,0.055648758641179574,0.046372996275103245
1.0310885626548483,1.0437098890753962,0.04299081383824266,0.040434833717033734
1.0215002586259019,1.0235411568965789,-0.009588304028946393,-0.005881559703990254
0.988378414345142,0.9753788705827536,-0.03312184428075993,-0.047025843154272946
0.9779644843273628,0.9560295140053653,-0.010413930017779127,-0.005832145606552633
1.0255617128448642,1.0545119546467403,0.047597228517501367,0.05308990605332025
0.9245311509450459,0.9485282894177113,-0.1010305618998183,-0.08315194418541084
0.9754350224593433,0.9527361734258853,0.05090387151429743,0.05931557447650944
0.9905872695542872,1.0020605051102909,0.015152247094943894,0.013972913654693511
0.961142776865332,0.921522526425379,-0.029444492688955215,-0.03750884432052763
0.9492225280757465,0.9710843014071994,-0.01192024878958553,-0.010434881319263449
0.9461228698545837,0.9883525697727875,-0.00309965822116276,-0.015883343226904913
0.9703407464336576,0.9523298911565881,0.024217876579073927,0.009027478634610817
0.9858679946180163,0.9596821586891905,0.015527248184358688,0.009405063662828407
1.0047313289914586,1.0011441695597094,0.01886333437344223,0.020717156418933003
0.9241746689220026,0.9023723958225462,-0.08055666006945594,-0.08354989837181744
0.9592619249595218,0.9396512486136069,0.035087256037519166,0.047741436720772155
1.0006766074082563,0.9951079978118688,0.041414682448734474,0.049211182166041714
0.8941088702646456,0.917185770656237,-0.10656773714361067,-0.1120256071923705
0.954256663863758,0.9357848700148343,0.060147793599112376,0.052115758814770305
0.980443613957954,0.9785640104909915,0.026186950094196026,0.014010211910698718
0.9301767376560964,0.942505788570791,-0.050266876301857555,-0.044005710786684166
0.9905503873605649,0.9773532703033875,0.06037364970446846,0.06762341432327319
0.8876819344038747,0.8785161383573795,-0.10286845295669023,-0.10975719783592702
1.073400263417405,1.0628353850381864,0.18571832901353025,0.18929406132979001
1.027908331121853,1.0314954640848146,-0.04549193229555182,-0.0600411025993853
0.9358093115585012,0.9568686750022697,-0.09209901956335187,-0.08208213447877298
0.8679211540691248,0.8865249240898034,-0.06788815748937638,-0.05786977695064795
0.9761833943006776,0.9934735143535844,0.10826224023155273,0.12117792622097533
0.9165990391286646,0.8950427703535149,-0.05958435517201299,-0.053606588060192285
0.963660364042789,0.9504409060279277,0.0470613249141244,0.06511097562723013
0.9232822948632031,0.9163605672382775,-0.04037806917958586,-0.049425689740393144
0.9630895452276182,0.9691689231971637,0.039807250364415125,0.01894554009999453
0.9942636152037055,0.9887752292033187,0.031174069976087293,0.025737305718351134
0.9884075210213631,0.9959809981622993,-0.005856094182342453,-0.00983983515424168
0.9192012636030393,0.9069163537794861,-0.06920625741832376,-0.08219040578582013
0.9751262135168933,0.9520133778286368,0.055924949913853994,0.03790706613064895
1.0025179044354302,0.9918749426939437,0.027391690918536882,0.03151143883302254
1.0267987076914804,1.0257030539199603,0.0242808032560502,0.016463662104945855
0.9534542810541187,0.9610748296646667,-0.07334442663736174,-0.05772229297510062
1.035715751173804,1.0331203389458936,0.08226147011968532,0.10129227058532517
1.0222812338387786,1.0128933952390666,-0.013434517335025431,-0.0037668105579266083
0.9784690797978438,0.9661599441984294,-0.04381215404093475,-0.02815168862798777
0.9427077552162537,0.9262434511799486,-0.03576132458159009,-0.018051261235222278
0.9012978236016879,0.9006507552961951,-0.041409931614565854,-0.035569428759111725
0.9736847920240579,0.9552183459768974,0.07238696842237002,0.08088004131957491
0.9031499558248097,0.887694784804806,-0.07053483619924816,-0.08357069811613738
1.003613708551192,0.9753424903824289,0.1004637527263823,0.09427891227924168
0.9777207179377281,0.9680672625403968,-0.02589299061346395,-0.01663209283505275
0.9474876722166954,0.9477764760200595,-0.030233045721032692,-0.04424337210045727
1.1275816523614275,1.1608391928270478,0.1800939801447321,0.17954691140328186
1.0401050684232847,1.0328262358756084,-0.08747658393814284,-0.09300518455558764
0.9687068723792985,0.9955825019549623,-0.07139819604398612,-0.07008939331184581
1.0394987752762501,1.024408385094659,0.07079190289695159,0.08593852014634878
0.9941519856739749,0.9834407511832244,-0.04534678960227523,-0.04744512658717003
1.0686872743478946,1.0517395276912629,0.07453528867391968,0.07428828164160557
0.9951219313057448,0.9798733927116184,-0.07356534304214979,-0.06834491627463216
0.9939064042802513,1.0216065760565645,-0.0012155270254934347,-0.0030413427510151574
0.9258091151774019,0.9190133550681814,-0.0680972891028494,-0.05889144506195401
1.0212810285899718,1.0249692852386378,0.09547191341256989,0.09452907655229696
1.0724313988934537,1.0771700599368288,0.05115037030348191,0.07091607650849066
1.0538156251225055,1.0454149021999142,-0.018615773770948252,-0.039281324961220596
0.9110598904345304,0.9258049773420343,-0.1427557346879751,-0.13913373201519927
1.0471389096404258,1.052530253759053,0.13607901920589538,0.13384975723476855
1.0614361838292374,1.0581284949804268,0.01429727418881166,0.0034157838261346697
1.0030633809308418,1.0095737757439032,-0.05837280289839564,-0.06531289889499492
0.9888428677406942,0.9644453143063015,-0.01422051319014761,-0.007683133102189565
0.9689096479961004,0.9751625102569644,-0.019933219744593833,-0.021531672894283135
0.9697409256902737,0.9814602119054439,0.0008312776941733491,-0.007986113554642096
0.9758761823509018,0.9668259603063271,0.006135256660628086,0.007994324892937747
0.9461135363070002,0.9047854236692953,-0.029762646043901553,-0.02474066373578054
0.990588985610598,1.0098012951372985,0.044475449303597814,0.04781004544803585
0.9313802183067814,0.92431880239744,-0.059208767303816634,-0.060382325277331124
1.0553765274920874,1.0580410693342217,0.12399630918530602,0.1287485300571909
1.01722873337328,0.9899890890407528,-0.03814779411880753,-0.03422497041506066
0.8154611243395146,0.821933930972845,-0.20176760903376534,-0.19338958400536915
0.9770011182880574,0.9612482995893792,0.1615399939485428,0.17731707431249139
1.0191732030456084,1.0505428106667962,0.042172084757551076,0.0367883317496587
0.8980974388820236,0.8716430135419486,-0.12107576416358479,-0.1290648962263573
0.9806384234809935,1.0214507754131892,0.08254098459896986,0.08855026284879351
0.9418094573828758,0.9275024864746827,-0.0388289660981177,-0.03814307399720433
1.0082026607945709,1.0093232146110904,0.06639320341169508,0.07517315595291531
0.9597805934050828,0.9299718594547465,-0.048422067389488066,-0.04733114772917446
1.0116533099780343,1.0101333643122679,0.05187271657295145,0.05904310225633388
0.9845653570101025,1.0073936143019275,-0.02708795296793176,-0.0216135828227382
0.9636807991278674,0.971100989142789,-0.02088455788223509,-0.03236216463074011
0.974968854516894,0.9795750337006854,0.011288055389026552,0.010276677581447865
1.0765274664164393,1.0755281791498987,0.10155861189954529,0.09948009917553399
1.0368652433332821,1.0409282346050854,-0.039662223083157144,-0.025915549550520514
0.9352803800421057,0.8999677584874497,-0.10158486329117644,-0.10048199488250216
0.9143113535905043,0.9129418101412382,-0.02096902645160137,-0.0312067255375936
0.9981540838917269,0.9969869971248863,0.08384273030122258,0.07873286924670402
0.9750294677324773,0.9751382984134794,-0.023124616159249545,-0.009629149682967554
1.0275464722336103,1.030481320373629,0.05251700450113295,0.04112712932965739
1.022092782718411,1.0058732960334977,-0.0054536895151993114,-0.011174540984042667
0.9737584912220492,0.9545016430436128,-0.048334291496361814,-0.05737034766341298
1.0251736912684546,1.035688649510638,0.05141520004640543,0.05012706017429362
1.0222926625125408,1.0381747738266591,-0.0028810287559137837,-0.004284261334393799
0.9405857682826102,0.930991842763279,-0.0817068942299306,-0.07895667746321561
0.994638235635249,0.9998239586597352,0.0540524673526388,0.05376057899138613
0.992470986533527,1.013244906023052,-0.0021672491017219464,-0.0034987906049042915
0.9345068502755732,0.9787872936725784,-0.057964136257953824,-0.06295042369924135
1.0276852288667562,0.9810101179013805,0.09317837859118294,0.07713448196912084
1.0034041880139783,0.9788535868805006,-0.024281040852777824,-0.02332685671598667
1.0204951356623877,1.047705258579321,0.01709094764840935,-0.007515882774432683
0.968088250150208,0.9720660441820935,-0.052406885512179646,-0.05035045378814062
0.8554327139678234,0.8250549583132898,-0.11265553618238466,-0.1257901372327255
0.941421626239092,0.957353172870473,0.08598891227126859,0.07994510301733868
0.9975494257196483,0.9954480561524214,0.05612779948055635,0.0542833580934014
1.0303149071580486,1.036094872005386,0.0327654814384003,0.04252035902383149
1.0388253656912043,1.0389304882697623,0.008510458533155685,0.0030963918000607204
1.0732591598148769,1.0915454067171921,0.034433794123672534,0.030167005946603376
0.938443038647436,0.9533262525986589,-0.1348161211674409,-0.15671926872378872
0.9544607004101208,0.9243183143038667,0.01601766176268482,0.021117890590411772
1.0226821860131408,1.0063951443654782,0.06822148560302,0.06336519051539695
1.0690010221923898,1.0914609699425504,0.046318836179249034,0.032949935268828785
0.977223056042788,0.9819158493518199,-0.09177796614960176,-0.08229917968631016
0.9899480103016852,0.9985973979306421,0.012724954258897192,0.018197855617941336
0.9632632200639419,0.9664989763330194,-0.026684790237743283,-0.026416151689679666
1.039716899541134,1.0300365071440234,0.07645367947719217,0.05740533586441611
0.9576064128541552,0.9812804052779603,-0.08211048668697896,-0.0836420502909313
1.0390371756471837,1.0473367290621225,0.08143076279302852,0.08893013272458204
1.1936185926365723,1.1861319286282355,0.15458141698938865,0.15781456731378046
1.0345544655566628,1.055793626850119,-0.15906412707990958,-0.18161054470305513
1.0008667386362993,1.012719678323587,-0.03368772692036348,-0.024254685456220004
1.0886071745613253,1.0864858786897449,0.087740435925026,0.08347327671844428
1.044152487480159,1.0349044431665306,-0.04445468708116618,-0.04538299882297147
1.1631227128401915,1.1521241409682494,0.11897022536003243,0.11003242815249431
0.9315909561551714,0.966572526577531,-0.23153175668502013,-0.23360255989164228
0.9911776571368072,0.9816910734483998,0.059586700981635765,0.0599202420931737
0.9275840409014686,0.9372460313933125,-0.06359361623533855,-0.05282251233124702
1.0348593155637926,1.0793327897427814,0.107275274662324,0.09166314049609876
0.9594411828760449,0.9562428235642564,-0.07541813268774777,-0.0741450839439473
1.0371284312164168,1.064166270915865,0.077687248340372,0.08322412209079891
1.0204970256363546,1.0217248122730442,-0.016631405580062264,-0.024471425323820073
1.0082013343579448,1.0188765321952085,-0.012295691278409793,-0.014467122006725033
0.9502791049722147,0.9571701912045524,-0.057922229385730106,-0.06478850098700413
1.0493184613817683,1.0368836871971936,0.09903935640955364,0.110863234054215
1.022475318573089,1.0047265232009173,-0.026843142808679277,-0.02089949948447549
1.0162803803699734,0.9832457813156228,-0.006194938203115674,-0.01674016429957734
1.025064955678733,1.0213073280601908,0.008784575308759646,0.025074350848660016
1.075843431419669,1.0781544510361925,0.05077847574093597,0.05510342081256879
0.96359004578041,0.9353025914283545,-0.11225338563925902,-0.1402248877696917
0.9685220496136449,0.9480282487658771,0.004932003833234888,-0.008037530078048605
1.0860689393786804,1.093950909891308,0.11754688976503558,0.12076461696879286
0.9770606552490063,0.9735677864343111,-0.10900828412967412,-0.11113421361398147
0.9648208800669128,0.9783957599512122,-0.012239775182093515,-0.002630776199325665
1.0741272191949574,1.0799462050906488,0.10930633912804455,0.10086774253328575
1.043005728928843,1.0509350594377245,-0.031121490266114327,-0.01998269294665017
1.0557800353777398,1.0701148632721074,0.012774306448896766,0.030763579304359186
0.8967342554254518,0.906005596158393,-0.15904577995228797,-0.17767255422118391
0.9971156608797338,0.9744966844349753,0.10038140545428198,0.0910950672883188
1.0223395585503663,1.0280096952099695,0.02522389767063249,0.025045319362160517
1.0869055578746187,1.1140560377872866,0.06456599932425244,0.04891014438971793
0.9875152309982371,0.9876052179245147,-0.09939032687638161,-0.10039144571081739
1.1242847640857099,1.1386144296875904,0.13676953308747275,0.1369535292403472
1.030111149199042,1.0295285355632995,-0.09417361488666787,-0.0977014061940242
1.1081742681245892,1.1179128739382693,0.07806311892554718,0.07286580126028964
1.0953359224841606,1.1261570792450908,-0.012838345640428628,-0.01234467359990517
1.0590209575798988,1.0770265797808007,-0.03631496490426178,-0.012565451298980453
0.9601248307980428,0.9997867543953698,-0.098896126781856,-0.10842210615844776
0.9696830751737756,0.9651629361561026,0.009558244375732827,0.023465393375024297
1.0722862916102567,1.0656825950146247,0.10260321643648107,0.09657054708136631
0.9329141936294936,0.9056888039247961,-0.1393720979807631,-0.1406432970889046
0.9726614777689822,1.0143517435222806,0.03974728413948858,0.03928215352212637
0.9629008069095483,0.9832728728035413,-0.009760670859433884,0.009151519162593741
0.9149148228234405,0.9431813683868567,-0.04798598408610777,-0.05630088275126913
0.9994521348781135,0.9958204391748011,0.08453731205467296,0.09974484873535669
0.9684503695112493,0.991357271812621,-0.031001765366864165,-0.026145793654992172
1.0185134944510505,1.0135108670934696,0.05006312493980125,0.049243752690669614
0.9546117874540148,0.9927956061679793,-0.06390170699703579,-0.05757934180203305
0.9940821394889021,1.0283252355966097,0.03947035203488736,0.03402052259194264
1.0770943088460314,1.0736278898664366,0.0830121693571293,0.075113719685116
1.0399254488453546,1.0744525965004301,-0.03716886000067676,-0.04004535815071891
1.0003157702199068,0.9854126693093479,-0.03960967862544784,-0.05956470195116729
1.1364371380324563,1.1069140592629159,0.13612136781254947,0.13716136166913856
1.0204837588024118,1.0191175444913272,-0.11595337923004445,-0.1272562291317386
0.9429494774999342,0.92715088606012,-0.07753428130247764,-0.07935063223092556
1.0480809033474692,1.0124073535357225,0.10513142584753499,0.10023535255835755
0.957506265503004,0.9675801034136503,-0.09057463784446518,-0.10180100691972763
1.0273629946340221,1.0097127339279859,0.06985672913101815,0.06294886185629148
0.9782800691782727,0.9977491335303993,-0.04908292545574944,-0.061445074039746486
1.149347528962572,1.1298697483432452,0.17106745978429938,0.17330032436494797
1.0249399189075508,1.0011993999465363,-0.12440761005502132,-0.13544133698635175
1.1167283832020314,1.1611039581807896,0.09178846429448062,0.09624235227863862
0.8650044319471462,0.8658345744484066,-0.2517239512548852,-0.27081817148934967
1.096816359943175,1.0923615251074317,0.2318119279960289,0.22230444609037986
0.9862373464852777,0.9832408070173163,-0.11057901345789733,-0.11560402217653265
1.0149054503524273,0.9834945598220517,0.028668103867149575,0.025408272935089425
1.042214205720502,1.0340511200789713,0.027308755368074644,0.02156593898664951
1.0080196918133453,0.9839723406336105,-0.034194513907156665,-0.046274955529792765
0.9926928306452637,0.9983367960228539,-0.015326861168081574,-0.0177702300081993
1.122080681501276,1.1278134437650147,0.12938785085601234,0.12240635004144763
0.9839933611369867,0.9867222446873056,-0.1380873203642894,-0.14613434895531432
1.1090502142256784,1.096835490961533,0.12505685308869174,0.12489754818858452
0.9997268998877822,0.9885879907565386,-0.10932331433789622,-0.10620215710149768
1.0201278195709749,1.0008551911264136,0.020400919683192686,0.015419910335014171
1.0595772857736696,1.0757640433487308,0.03944946620269474,0.03158664247910513
1.0641600621680356,1.0466439783730093,0.004582776394365995,0.005779193525849966
0.9177945656707795,0.9229689918574183,-0.14636549649725605,-0.1592250119875765
1.0828227980493026,1.072974931350501,0.16502823237852304,0.16330621831625944
0.9810514869113259,0.9828708605664758,-0.10177131113797666,-0.09244119548408228
1.0513985360736382,0.9947849421093538,0.07034704916231227,0.08314939398877755
1.1539950697057169,1.139145826679203,0.10259653363207866,0.08521585006716567
1.0411456054283965,1.0643414457772027,-0.11284946427732034,-0.1147770101184741
0.979351071800278,0.9795534073202699,-0.061794533628118486,-0.06681499473324125
0.9800606766676261,1.0043230168182877,0.0007096048673480571,-0.009718115247752065
0.9932912959417997,0.9628949762589686,0.013230619274173572,0.010128436338027402
1.0697883960854884,1.0645446549849358,0.07649710014368871,0.07097954289086944
1.0149897851628114,0.9887711783388087,-0.054798610922677016,-0.050031307132254565
0.9901912724984161,1.0120812306051394,-0.024798512664395256,-0.010799207450966446
1.0486011232306294,1.0710528384234879,0.058409850732213275,0.06368792714476296
1.0448469327986383,1.0191717954220365,-0.0037541904319911,0.007511448275033606
1.080835215654997,1.0784715615467786,0.03598828285635869,0.03530677874725006
1.022317886091772,1.0296454257178644,-0.05851732956322486,-0.05815665061228731
1.1138577805281882,1.105420713702324,0.09153989443641608,0.0812018408781946
1.084789684655068,1.1128032277932751,-0.029068095873120203,-0.05004217366471339
1.0791880869698514,1.091589980440124,-0.005601597685216619,-0.008868936049633163
1.0597600768309656,1.0737425569860684,-0.019428010138885732,-0.03389624191721578
1.0449320233499253,1.0318093060086555,-0.014828053481040326,-0.009189507273470386
1.0957113266009388,1.1011615585260937,0.05077930325101354,0.037559836659170856
1.0803523953314254,1.0927405795698633,-0.015358931269513487,-0.011194904566236554
1.0684857444943914,1.0031496728968219,-0.011866650837033976,-0.013783769431923179
1.0587122961014594,1.0758186053036698,-0.009773448392931927,-0.004240304315927262
1.0015133811505652,1.0174889821482125,-0.05719891495089424,-0.058653378172344055
1.002496496414739,0.9801359365493837,0.0009831152641737173,0.004869073054988624
1.113021704304117,1.0817763722132774,0.11052520788937814,0.10495568451865243
1.0649257856302015,1.0840562909777247,-0.048095918673915605,-0.04848289527046655
1.0860716694700976,1.0782462009037668,0.02114588383989613,-0.00042959074071995465
1.1341247802346466,1.1302840289346692,0.04805311076454899,0.04232947877262318
1.0685042086154888,1.0722041701052807,-0.0656205716191578,-0.07299722371836892
1.1038613948908254,1.1051876759200772,0.03535718627533657,0.026980781710143315
1.0974907896057366,1.1070902808639205,-0.006370605285088704,-0.006155874322424473
1.048114240550984,1.0653163205663823,-0.04937654905475264,-0.05544144305920627
1.021354322758322,1.0069553416726544,-0.02675991779266207,-0.018155124712137045
1.036191140434112,1.0728024861323238,0.014836817675790037,0.004917736629271481
1.0671749936641253,1.07216154874945,0.030983853230013292,0.031752518858596576
0.9704873071922255,0.9802830451180695,-0.09668768647189974,-0.10393931858513664
1.0338260979309648,1.001319791681586,0.06333879073873927,0.06990357125585742
1.153552186230117,1.1757397495428428,0.11972608829915221,0.13952087936291704
0.9839535547896581,1.0172806738472433,-0.16959863144045895,-0.15978591040062687
1.0279506939329468,1.0276680013951978,0.04399713914328873,0.04297975312293443
1.016590694756804,1.0194336904335752,-0.011359999176142832,-0.014596347927929382
1.0162169134671157,1.0020068362944805,-0.0003737812896882353,-0.004812424200961907
1.014556105881518,1.0557330062986428,-0.0016608075855977233,-0.019464571762019173
1.0418923303595793,1.037145684156303,0.027336224478061277,0.03895154341393234
1.0838109117416819,1.0353531922100685,0.04191858138210258,0.028898592991567704
1.0239797073748529,1.0085785482600804,-0.05983120436682898,-0.05590176029384818
1.0171860617912436,1.0004109434821742,-0.006793645583609287,-0.027377603775066796
1.0424681252100882,1.056602699905477,0.025282063418844647,0.03442573761832786
1.0267160792232788,1.0356801054772131,-0.01575204598680946,-0.028780904196790053
1.0792033796148184,1.0851176970891339,0.05248730039153959,0.05015653709716585
1.0808326785545967,1.1097820487640064,0.0016292989397783675,0.0058385646935881245
1.0358594676515651,1.0556490081532457,-0.044973210903031635,-0.06287613233426606
0.9990684765452108,1.0149244291654025,-0.03679099110635431,-0.02683833630808357
1.0443675841875062,1.0303239667378983,0.04529910764229539,0.042705980661054896
1.1024729271075346,1.0804540190842413,0.05810534292002845,0.03931071942069523
1.0321705563241355,1.0660590196849327,-0.07030237078339918,-0.050619547427464544
1.0259083835533518,1.037332751387617,-0.006262172770783669,-0.00670992976898467
0.9342514426457265,0.9119789179679589,-0.09165694090762533,-0.09375972846219914
1.0146785514188295,1.0092137108301913,0.080427108773103,0.07602613122447142
1.1277802633114042,1.1359546957094344,0.11310171189257479,0.09599985230155648
1.0887149576120458,1.0867485076348364,-0.0390653056993584,-0.06202884525817591
1.0789787446632246,1.1092693972183323,-0.00973621294882121,-0.02019287607333778
1.0379357181927364,1.059090513645919,-0.041043026470488186,-0.05939491353528978
1.0109388146098965,1.0047564701578884,-0.026996903582839904,-0.032466420815116984
1.038937772517235,1.03291475891117,0.02799895790733853,0.026594287795563835
1.0810095477793178,1.0748631244644886,0.04207177526208272,0.04303408445477938
0.9596820062559581,0.9568467112361783,-0.12132754152335967,-0.14948760144474024
1.0728959992302125,1.0690075017240601,0.11321399297425438,0.13080883275687175
1.0833111006113783,1.0711606668378277,0.010415101381165748,0.0031587743092711534
1.075081734287548,1.0462294024018957,-0.0082293663238302,-0.004606379972278897
0.9706488300900364,1.0085485701508994,-0.10443290419751161,-0.11811733226310347
1.018050279709349,1.0311252533422117,0.047401449619312475,0.05391111032985473
0.9600803263117339,0.9198070109470142,-0.057969953397615015,-0.049696673964941526
1.0648424066719446,1.070083930864908,0.10476208036021073,0.09604372025725451
1.0608094137561026,1.0828082483804848,-0.004032992915842026,-0.007168323897513609
1.060547285163351,1.053513212839983,-0.00026212859275154266,0.00803591162985833
1.0594306692490891,1.0649717495172046,-0.0011166159142619314,-0.016334255855794656
1.088315568565399,1.1026627738840882,0.028884899316309776,0.046544700722488834
1.065244723924788,1.0830807340867883,-0.023070844640610932,-0.035794773769246974
1.129933247050845,1.0906414713888963,0.064688523126057,0.05858932147588146
1.0487783130604211,1.055658636497537,-0.08115493399042384,-0.09370846359510282
0.9979354873023822,1.0069172106862492,-0.05084282575803889,-0.06291051081739275
1.1364796451857515,1.1641389289494606,0.13854415788336927,0.13737141324309482
1.0729671154444667,1.0777572569014753,-0.06351252974128485,-0.06260209069173998
1.0705449597488788,1.0650851101785912,-0.002422155695587902,-0.005610859050962545
1.0566482293749164,1.0486646249761076,-0.01389673037396233,-0.009118667303403712
1.0992756588248997,1.0850728688575373,0.04262742944998332,0.04264952314466909
1.0674995161834715,1.0809133686148267,-0.03177614264142825,-0.03825306954754892
1.0761468969824932,1.0771896572539585,0.00864738079902172,-0.00970804750234723
1.0243140724951356,1.0071284157624534,-0.0518328244873576,-0.061389208950657505
1.1638591401212093,1.173358967809646,0.13954506762607366,0.15049119092272453
1.0422138422363403,1.0349424137411152,-0.121645297884869,-0.11907117272544172
0.9961330634460019,0.9885209751005628,-0.04608077879033834,-0.04670812595911468
1.005338825166033,0.9946370476073905,0.009205761720030958,0.01211192588934831
1.1082165519246692,1.0859904751905558,0.10287772675863627,0.09066567734149242
1.0907172402678784,1.087625427086861,-0.01749931165679075,-0.03478564969433445
1.1054623706134414,1.0901067392926982,0.014745130345563018,0.028184680244476255
1.0369487538469175,1.011235408406501,-0.0685136167665239,-0.07334801711363884
1.0912518363210624,1.0892164673286486,0.05430308247414484,0.06461501762751919
1.0092955349522996,1.00972486294967,-0.08195630136876275,-0.06424437306364678
1.0090029684949609,1.0033032851336599,-0.00029256645733877207,-0.0015138075335243547
1.0866263279077284,1.0698207459799374,0.07762335941276755,0.09127260894166836
1.100053400723354,1.0942862629484658,0.013427072815625607,0.020637555061712304
1.1490018831353315,1.1682923093815252,0.04894848241197747,0.05697376444890076
1.097930758160763,1.080230467385022,-0.05107112497456856,-0.04041496232468006
1.1048833598239514,1.1252235558631176,0.006952601663188451,0.009666400049011674
1.0440745071545037,1.051441040898847,-0.06080885266944769,-0.060923500099755806
1.0900606296847886,1.0829709868346407,0.04598612253028489,0.04810718860448664
1.133665014826282,1.1337463217146235,0.04360438514149334,0.03171660172760616
1.0027168804494588,1.0209235826031413,-0.13094813437682307,-0.13189417916512272
1.0692382306625183,1.064485795672538,0.0665213502130595,0.07498986304947125
1.087447992849598,1.08190994293586,0.018209762187079592,0.018680997933339112
1.0424081332455004,1.02776303000362,-0.04503985960409751,-0.053539421362792175
1.0442512461563338,1.0203844497752916,0.0018431129108333888,-0.01565997007198466
1.1034126394783865,1.1097165693229885,0.059161393322052724,0.06216245360001323
1.046858249403079,1.0413305299407765,-0.0565543900753076,-0.029283431927667865
1.0435259024817416,1.0402589955791601,-0.003332346921337326,-0.011443725009652827
1.0328409916819368,1.0182298087469355,-0.010684910799804825,-0.014454950467139092
1.0734399020676353,1.0634280524739497,0.04059891038569852,0.04251092675648605
1.072956515040344,1.0719455996452176,-0.00048338702729133765,-0.009009337201664634
1.1955021542885864,1.1915908903345642,0.12254563924824247,0.11672956458616958
0.9459027009292111,0.9361234855678794,-0.24959945335937528,-0.2480365523644606
1.127902297081653,1.1380286245254947,0.18199959615244188,0.1694155874330664
1.0786244037902362,1.072515447436762,-0.04927789329141685,-0.03663706073653361
1.059848880089218,1.0532023855835255,-0.018775523701018093,-0.009404039996889102
1.0679979041833876,1.0828118462973486,0.00814902409416951,0.003163427279800385
1.1252867802894948,1.1292425741601957,0.05728887610610722,0.05143249868208406
1.0181715467768802,0.9695935777751212,-0.10711523351261465,-0.10905830791947772
1.086489325533496,1.1231750016361788,0.06831777875661582,0.06777490969783748
1.007718627407932,1.0649187517679706,-0.07877069812556403,-0.06875212562606371
1.01380383422131,1.0316577603753139,0.006085206813378097,0.01666267456496536
1.0825278667374534,1.1284992476087388,0.06872403251614334,0.06028524695742823
1.0741209867244443,1.0981669065772317,-0.008406880013009044,-0.012838815073162318
1.1018458483438252,1.0735766826127764,0.027724861619380814,0.02978851838031496
1.1484682066445284,1.1429546783722948,0.04662235830070327,0.053755589379516286
1.1029652305926154,1.0840194994911356,-0.045502976051913,-0.04217220659540401
1.0292077297379338,1.0180798523370043,-0.07375750085468158,-0.07958923934782137
0.9768642548092323,0.9793450905050994,-0.052343474928701506,-0.0547880450842201
1.042885462904394,1.0417124152207122,0.06602120809516165,0.06471832313482381
1.1008882598440564,1.1395107724596893,0.05800279693966237,0.05953295466470833
1.0137451230498078,1.0362057236268787,-0.08714313679424857,-0.08845590319242626
0.9478493035251314,0.9386716147335766,-0.06589581952467638,-0.0661554243532063
1.0936795567098911,1.123453535085591,0.14583025318475973,0.13765172038840628
1.0703541861505959,1.05591027007451,-0.02332537055929529,-0.016656648415797816
1.1598745902112064,1.1733028045231852,0.08952040406061057,0.10944322989929287
1.0730890711464645,1.0954362214920617,-0.08678551906474197,-0.08293722424908576
0.9628937418109582,0.9594307358812766,-0.11019532933550624,-0.11641630486875802
1.0718762088103242,1.1343540089839004,0.10898246699936598,0.12131618851100398
1.029270263809036,1.031638057273186,-0.042605945001288115,-0.04519169608996803
1.1280349204485018,1.1244418805284093,0.09876465663946576,0.102801884072005
1.0574311918307548,1.0530932783268738,-0.070603728617747,-0.08162156854492045
1.0651987798989528,1.0517002470835533,0.007767588068197995,-0.0020948829949273395
1.0619622459742348,1.0397244380694926,-0.0032365339247180103,0.0009970830536976828
1.1041034014901097,1.0983977963645886,0.04214115551587483,0.04067788452094879
1.1048670668992666,1.1185247989015983,0.000763665409156955,-0.020121864370564367
1.0713362493055316,1.0743174019788249,-0.033530817593734996,-0.021589519384720368
1.029227918834144,0.9891263918116858,-0.04210833047138762,-0.05446129468707865
1.1143620114895585,1.1342865646823577,0.0851340926554145,0.07935123094876645
1.1150913324884348,1.1207462033959115,0.0007293209988763483,0.004595903009918223
1.1084414854617601,1.092115091756721,-0.0066498470266747045,-0.007857909546903435
1.0680760795855893,1.0558420687101195,-0.04036540587617088,-0.037008302193444774
1.1018860269837716,1.1169006236220531,0.03380994739818233,0.047971168585188906
1.117067386710912,1.1296617245664733,0.015181359727140409,0.018782233187173508
1.0501102875885957,1.0385306812276098,-0.06695709912231629,-0.04706838231927563
1.0756318989207863,1.0576863721376972,0.025521611332190552,0.03975847992092063
1.007583636407702,1.0116271725449357,-0.06804826251308427,-0.06565876025296448
1.0791263922453271,1.0622740106832145,0.07154275583762515,0.06497735537414716
1.0309592743959655,1.0366044501903922,-0.048167117849361674,-0.04734774988210536
1.0759833197239743,1.0643766435912358,0.045024045328008855,0.054557219483740094
1.1209318542476092,1.1756932176298662,0.0449485345236349,0.024546450812716586
1.1761996359587572,1.2034187890957628,0.05526778171114799,0.054731548302895984
1.056673731824337,1.0408504778238676,-0.1195259041344201,-0.12721910699749425
1.1864662561865347,1.2066961917130963,0.12979252436219757,0.09693137094856598
1.1263041146382688,1.1331666213988751,-0.060162141548265824,-0.04679232935964277
1.0677165736553451,1.0603847523081644,-0.058587540982923736,-0.0564161197566909
0.9994384895003572,0.9790831510480101,-0.06827808415498793,-0.07455088366880999
1.0386671893884036,1.0377779911307212,0.03922869988804645,0.04814710463054486
1.1263174758112124,1.1293835777605188,0.08765028642280881,0.07732306158431539
1.143145119111,1.1218084744405583,0.016827643299787587,0.031725148779199436
1.0893117164125383,1.0966680278770295,-0.05383340269846171,-0.0630211485029932
1.1182177932148785,1.1222574732810324,0.02890607680234014,0.05314120228277362
1.0678222297311388,1.0637943518474033,-0.050395563483739636,-0.05483932571340874
1.1014843267000711,1.1136279931950608,0.0336620969689323,0.027919235272922473
1.114724131741497,1.1363716079295056,0.013239805041425967,0.014792700212758343
1.140355977138978,1.1387469558039647,0.025631845397480868,0.03481471847685332
1.100251638161906,1.0948914983709739,-0.040104338977071885,-0.039902636946530526
1.1338545011190995,1.151069048832339,0.03360286295719339,0.02260454547511576
0.9800955230185096,0.974828691471454,-0.15375897810058992,-0.1605014705258564
1.1393323282492827,1.1544760295927143,0.1592368052307731,0.15551304294839613
1.0868084337935509,1.0811524057442548,-0.0525238944557318,-0.0804312557173935
1.0508752204305571,1.0696642225990238,-0.03593321336299371,-0.02356819427394935
1.1635059534458878,1.1955616852913709,0.11263073301533066,0.11468808506743124
1.0419500015383045,1.0361161205841587,-0.12155595190758328,-0.12290735174695233
1.0244382330471773,1.0123359061970894,-0.017511768491127233,-0.003797172250311511
1.1221713335271457,1.0852018724017438,0.09773310047996842,0.1178307653227231
1.1057041445740357,1.0852961269238541,-0.016467188953110057,-0.014351920028620445
1.1288345155845343,1.1292577363423366,0.02313037101049864,0.02340874799003715
1.1193153407480696,1.11450703137575,-0.009519174836464694,-0.01169008924789387
1.0403031729211942,1.0243688638393171,-0.07901216782687537,-0.07672457442996874
1.0964397712611074,1.1110379885251254,0.056136598339913135,0.027168057753449576
1.1119203803656903,1.1141650785910646,0.015480609104582932,0.039911235211441846
1.1820147915673231,1.1770648596813549,0.07009441120163284,0.07937162311959876
1.1940114322398645,1.1892918750542842,0.011996640672541359,0.020310759515185836
1.0774756324071848,1.0888228599469856,-0.1165357998326797,-0.1345872694633071
1.0406605730610243,1.0169093383098629,-0.03681505934616047,-0.035501439536488294
1.1666168102370889,1.1674661969837963,0.12595623717606452,0.13235344476560923
1.2017103795474688,1.1964430160379034,0.03509356931037999,0.02545168837168143
1.0815960323663503,1.1081903959717894,-0.12011434718111857,-0.11172210570215678
1.0190876385990852,1.0195909437459267,-0.06250839376726502,-0.04410348763584017
1.0807492473824514,1.0676280241340423,0.06166160878336613,0.058433309272873366
1.1078789693871265,1.1047374141179584,0.027129722004675116,0.015683521075448813
1.1612032925784328,1.1753369812587877,0.05332432319130631,0.057709064404086644
1.13884625403662,1.1384247360261464,-0.022357038541812813,-0.020368792817608453
1.073602680835374,1.0786521308290178,-0.06524357320124596,-0.05743818154108392
1.0863925036567434,1.1225840874024964,0.012789822821369423,-0.0009965058352685643
1.110608365163168,1.1225294519253772,0.02421586150642452,0.02146301141823219
1.1099252206959966,1.111040935566179,-0.000683144467171326,0.005626981973390097
1.1081071793984099,1.1087898210376737,-0.001818041297586781,0.005179767979454769
1.1408276360129248,1.1373043144751445,0.03272045661451495,0.03746698867230744
1.0961867440540334,1.0941674797017096,-0.04464089195889143,-0.03677553705086546
1.112693980733285,1.1074745151713825,0.01650723667925158,-0.0055495717785753705
1.0487890255400705,1.0547948499475202,-0.06390495519321449,-0.06972251055561152
1.1027902216437746,1.0875241873570451,0.05400119610370413,0.04153359662559234
1.0620373949757023,1.0607042035222483,-0.04075282666807234,-0.03378872496076582
1.1290583654767887,1.1562534676382255,0.06702097050108646,0.0851052250100362
1.0851476333374102,1.0511723382084277,-0.04391073213937857,-0.04261494242363695
1.1203392620177155,1.142592412041615,0.03519162868030534,0.04648656246467495
1.1412805101675383,1.1391155425246726,0.02094124814982279,0.027374769933281674
1.1653375293699553,1.1603547833530152,0.024057019202416985,0.01971950561084429
1.1066513303000776,1.0844117041462797,-0.05868619906987771,-0.08006907081757084
1.0521400023203706,1.0571715705800377,-0.054511327979706925,-0.045765379062604014
1.1542625628229926,1.1545359756544584,0.10212256050262192,0.11083238347123378
1.0885519710676652,1.0821221658001352,-0.06571059175532734,-0.08621553811343699
1.1211332179593398,1.1273296773587032,0.03258124689167463,0.026944901049041143
1.1013030315926913,1.0920838842745535,-0.019830186366648572,-0.006678192170342259
1.02182812549579,0.9979451336580856,-0.07947490609690133,-0.06881180655320647
1.055359056914169,1.0610874902804102,0.03353093141837915,0.0409673414660935
1.1176599018767237,1.1230607116177194,0.06230084496255461,0.06234513056499122
1.0678098446356135,1.069072703996878,-0.049850057241110246,-0.03836661516586422
1.159987058125222,1.1644741006959787,0.09217721348960861,0.08145666817493177
1.0352938205648436,1.0220537657442856,-0.12469323756037842,-0.13695799318038687
1.1265063766482493,1.1398028930731627,0.09121255608340562,0.08065654962452615
1.0468797062387982,1.0497212312980984,-0.07962667040945104,-0.06654354505814242
1.0079021644565627,0.9952039621818636,-0.03897754178223556,-0.039678247712979134
1.1594000606737775,1.1799800336317858,0.15149789621721488,0.15084325568705076
1.1614312932144377,1.1562658441751463,0.0020312325406601772,-0.002113254613835532
1.0332098268667103,1.015174197663494,-0.12822146634772746,-0.11832238036384157
1.0948703361247145,1.097461944187969,0.06166050925800426,0.060575303444601984
1.0590433568172584,1.0931867336771628,-0.03582697930745615,-0.03133962116561947
1.2127651696467647,1.2325297231180727,0.15372181282950637,0.14909466763906282
1.0836250245671772,1.0911790107306063,-0.1291401450795875,-0.14141486301169115
1.1869867177618136,1.175347597875138,0.1033616931946364,0.09815744584691322
1.199217694754183,1.2155889259760242,0.012230976992369413,0.003191485758583617
1.11512650067203,1.1222217629256273,-0.08409119408215315,-0.09589127973627651
1.099065017296044,1.1406132019846,-0.016061483375986008,-0.027612293756322015
1.2152923796472306,1.2248244150296117,0.11622736235118669,0.10855297802216796
1.125010005248604,1.1319544682284155,-0.09028237439862652,-0.07650755845054391
1.1253367685588207,1.1394648769131945,0.00032676331021663785,0.006335428759635079
1.1336868241540854,1.1431430052368623,0.008350055595264694,-0.014890382426014207
1.0788347507326335,1.0781959772752086,-0.05485207342145193,-0.05108813104354502
1.1395486924262872,1.1489992736168237,0.06071394169365374,0.06743315373039149
1.1970543783542797,1.195235433782938,0.057505685927992545,0.053984580488443804
1.0830327314266492,1.0717343246437216,-0.1140216469276305,-0.0997983279065236
1.1262919457840845,1.1540758858182691,0.043259214357435294,0.064530510705569
1.1378318409085801,1.1732421726426072,0.011539895124495603,0.02101004811982031
1.2149946206852507,1.246426786640301,0.07716277977667052,0.0676304654473451
1.20794222356316,1.2066803819612322,-0.007052397122090603,-0.005907363336762129
1.1968302891139126,1.1847071087458616,-0.011111934449247407,-0.0014570105756262376
1.1037362990682,1.1307642324948686,-0.09309399004571262,-0.09898753270737166
1.125310880072363,1.151016877809679,0.021574581004162985,0.022627884173638577
1.241386494893954,1.2251429630187307,0.1160756148215909,0.12411747472270838
1.1655605596044356,1.1529065070902649,-0.07582593528951831,-0.08920810264392906
1.1897634445056275,1.2033173342001415,0.024202884901191934,0.028552246897929883
1.0812139562391843,1.0372366931415906,-0.10854948826644328,-0.09152766413857934
1.1022042858370569,1.1450744555488555,0.020990329597872615,0.015831005192438175
1.0726899992478718,1.0409787719217525,-0.02951428658918509,-0.03809910026693086
1.0932361478286101,1.090941122429705,0.020546148580738333,0.015120058994119185
1.1884548777009363,1.205138672032654,0.09521872987232616,0.10331407187610216
1.0751118167403635,1.0738046480554475,-0.11334306096057278,-0.12082987149157279
1.2288493144892747,1.2081729404017525,0.1537374977489112,0.15078198084184738
1.155146238530566,1.1557517145335188,-0.07370307595870873,-0.06454909557685233
1.0947281331429397,1.0803003339226294,-0.060418105387626264,-0.0573547861533214
1.136775433613759,1.1316086628691424,0.04204730047081928,0.04373999480945138
1.1381628574691565,1.1507721877328974,0.0013874238553974738,0.0017889532978625608
1.0836553344510524,1.0977858218659822,-0.05450752301810402,-0.05232209495750622
1.1233048991735508,1.1176668699853054,0.039649564722498365,0.05619173748259989
1.0964667578834266,1.0827803114025414,-0.026838141290124184,-0.01699282050012718
1.1565282576250242,1.137695905785886,0.06006149974159758,0.05218277262138158
1.0916956189791196,1.1087118754987837,-0.0648326386459046,-0.07616176357856458
1.1309513538630205,1.1161096405070723,0.039255734883900884,0.03994140085686328
1.1295861090562107,1.1260546560817295,-0.0013652448068097733,-0.005494297352618556
1.1409251907157079,1.1558147514521768,0.011339081659497152,0.020841774256998014
1.1473358514448648,1.1500761581699899,0.0064106607291569695,0.017403654548616303
1.130066352426942,1.1641392226845104,-0.01726949901792274,-0.025291204669432868
1.138362937928439,1.137279583647334,0.008296585501496923,0.01643589359144052
1.1519963950211614,1.1366340702041482,0.013633457092722345,0.012145945514732467
1.113608193846188,1.1286913655851456,-0.038388201174973435,-0.06078294084621083
1.1334997603853023,1.1134338623193516,0.01989156653911439,0.014830133862983898
1.1493139710050955,1.1544646216575507,0.015814210619793156,0.016669461745251447
1.0898493644275296,1.0774143814830346,-0.059464606577565915,-0.0711761258863321
1.0829354744965918,1.0671069783908678,-0.006913889930937778,0.015800626814143414
1.1653158612331103,1.1911404332160676,0.08238038673651848,0.0962219324829876
1.1778664842075677,1.170700901272613,0.012550622974457415,-0.0025595109294620465
1.0784352490917,1.1114526577766857,-0.09943123511586771,-0.09062505773516323
1.1177198159746333,1.1367267644174417,0.03928456688293336,0.03817548044141232
1.207377755540485,1.1760499705906002,0.08965793956585166,0.09859379704966252
1.1940529836083618,1.1808181374863496,-0.013324771932123225,-0.005856348136540909
1.1323682082922488,1.1348064936015703,-0.06168477531611294,-0.05804764825569032
1.1558817529152543,1.1556951902104253,0.023513544623005478,0.029966768788020168
1.1539373503177226,1.132793917574682,-0.0019444025975317025,0.013562946616704555
1.1363546728999583,1.1538354899046237,-0.017582677417764314,-0.01291058525764702
1.0837415285599252,1.096421681028556,-0.05261314434003306,-0.0482498115413773
1.1730249922606502,1.1636470703739188,0.08928346370072493,0.09805010423184585
1.1476401311523003,1.1599472104711508,-0.02538486110834981,-0.044921956009115686
1.2513367621463038,1.2781400365629296,0.1036966309940035,0.11097095051137863
1.2727361482615218,1.2899846163401414,0.021399386115217967,0.014683131218359867
1.0593964595178789,1.06914506737017,-0.21333968874364295,-0.21399303169754189
1.1155155747659053,1.080535331242943,0.056119115248026485,0.04696624833812691
1.0873871738278287,1.0702327391990143,-0.02812840093807667,-0.03315262043419447
1.0807851939071902,1.0755052825989282,-0.00660197992063849,-0.021746960863057253
1.133190584089079,1.1307780212565286,0.05240539018188883,0.06579676953878852
1.119957485553051,1.124293606335632,-0.013233098536028054,-0.009716770432036573
1.152965365491886,1.1659726245832633,0.03300787993883514,0.03645920532645848
1.1297743286828155,1.1351275425484013,-0.023191036809070642,-0.004667606358609192
1.0548536490936868,1.0543754300014117,-0.07492067958912862,-0.06988546502896079
1.1740560048199067,1.16956092278479,0.11920235572621984,0.11911772090833528
1.1828484889442885,1.2233531110256517,0.008792484124381827,0.02319623933532179
1.1049404848969187,1.1269424363728564,-0.07790800404736986,-0.048603610906346274
1.2241633098304887,1.2126338786883988,0.11922282493357006,0.12897390351496307
1.2525438578222936,1.2953058390236247,0.028380547991804894,0.03394331386266489
1.1068022226698497,1.1066143404120794,-0.14574163515244387,-0.15920056199755536
1.1478531097994833,1.151684336922117,0.04105088712963356,0.05170685698342196
1.139738602211262,1.1296482719727734,-0.008114507588221187,-0.013446496102940967
1.1836697952613207,1.169896239849468,0.04393119305005855,0.05294690575023042
1.1157399379270025,1.125345905263605,-0.06792985733431811,-0.06944978905298953
1.216276549389029,1.243325447368644,0.10053661146202653,0.1025990289210541
1.1329813035310485,1.144467388185943,-0.08329524585798054,-0.07883973017594406
1.099220268902635,1.0839160375968058,-0.03376103462841362,-0.03489398017151396
1.0945436198197007,1.1029667826398848,-0.004676649082934192,-0.009813107730199815
1.176969376199504,1.1681903661442639,0.0824257563798032,0.091158510076565
1.1326295695946325,1.1279215051032594,-0.04433980660487147,-0.04586269311009054
1.1080519121695316,1.0783633384107179,-0.024577657425100874,-0.02387532494252798
1.2421434084115406,1.2198474147987315,0.134091496242009,0.1499705588985001
1.1572665743539614,1.2005257313295854,-0.08487683405757918,-0.07272210784558919
1.1661185394648537,1.1624057185543213,0.008851965110892257,0.01619879594868126
1.2367005730712595,1.257770599169471,0.0705820336064058,0.07787340995860252
1.168087761780711,1.1568277735040722,-0.06861281129054841,-0.0810529312675949
1.1701347865151113,1.1537888148983384,0.0020470247344002157,-0.007817262865149928
1.2115377821675295,1.2085986179838957,0.04140299565241823,0.02665675526756106
1.158569709374107,1.1633788293629526,-0.05296807279342253,-0.04739722540299776
1.2076809496027507,1.2147835963044595,0.04911124022864377,0.04086939765374596
1.1695885025300108,1.1646159851896654,-0.038092447072739954,-0.04890053400685006
1.0762951132412675,1.0862829316798783,-0.09329338928874331,-0.11166076599434183
1.2220610563274539,1.230791892533544,0.1457659430861864,0.1566621787486175
1.1756770203879254,1.1656950866897342,-0.046384035939528445,-0.026496962469885397
1.2416653589620315,1.2781412839917123,0.06598833857410602,0.0487096055352379
1.1895299098963834,1.1836075415817418,-0.05213544906564804,-0.054370744102282924
1.1617764679490024,1.1392897509146545,-0.027753441947381052,-0.0273342773036283
1.1707473716687582,1.1813754889349437,0.00897090371975584,-0.00249744735552131
1.1172768144868053,1.1340346826555256,-0.05347055718195293,-0.04428976690237713
1.1980592496083924,1.178316390154042,0.08078243512158712,0.04170728950776798
1.0872932837635123,1.0853992696017751,-0.11076596584488008,-0.11205739541666385
1.1464579722406105,1.1490627602614827,0.059164688477098215,0.05973256844718259
1.1577922954376885,1.1153602801705695,0.011334323197077945,-0.0009659283047833301
1.1515479514868718,1.200907641880853,-0.006244343950816633,-0.006480962884519225
1.1175832615567443,1.143988370460622,-0.03396468993012758,-0.03117917634205069
1.1860503355353165,1.1705523555590882,0.06846707397857221,0.07234182663434902
1.189936933795236,1.1864673570439366,0.003886598259919438,0.005619913882972052
1.1660803048427182,1.1790734078135578,-0.023856628952517722,-0.019267282704054617
1.0990895380534271,1.0835317109481757,-0.06699076678929106,-0.07952671319817456
1.2245026379020174,1.2474278870593558,0.12541309984859028,0.1295045568004675
1.1092291958511553,1.1306705150397225,-0.1152734420508621,-0.12594659077472622
1.165443525881682,1.1529490415733283,0.05621433003052667,0.07758697828442271
1.0915831329018462,1.0857417192889527,-0.07386039297983582,-0.08276462975211876
1.151968704946866,1.17060123297504,0.06038557204501993,0.06534763326910868
1.1004262890880925,1.0812167825976275,-0.051542415858773616,-0.06822383249323272
1.224487118529176,1.242338038707337,0.12406082944108343,0.11679403425306394
1.1152163532559332,1.127881281495573,-0.10927076527324275,-0.11521267315603413
1.0878742597520579,1.0704437386484624,-0.027342093503875287,-0.03407625630061807
1.1080930489795962,1.1256263726651297,0.02021878922753828,0.013319636645594178
1.145574833605202,1.1556799872570636,0.03748178462560592,0.0348776439330175
1.2116154248336708,1.1858008556480069,0.06604059122846873,0.06402613471417616
1.2445319933808223,1.2462827503112002,0.032916568547151526,0.01879584759325732
1.1924740287454219,1.1987759738997663,-0.05205796463540047,-0.053754941235987085
1.180328067471363,1.1976657236671326,-0.01214596127405887,-0.015465772213890916
1.184610269566202,1.1725595005645748,0.004282202094838983,-0.006928081250512768
1.0731637108126257,1.069297105361826,-0.11144655875357623,-0.10150186995785884
1.2550156723395618,1.2350574435858777,0.18185196152693606,0.17803246902332837
1.2473063282102852,1.1897079127112207,-0.007709344129276596,0.00434668411297455
1.0727425595943316,1.063375385045237,-0.17456376861595357,-0.17809211368923875
1.1997943500767678,1.2074954002642908,0.1270517904824362,0.12277357232217068
1.121871218168539,1.0957585417021756,-0.07792313190822875,-0.09900949940631397
1.2378295628209655,1.2279449420829387,0.11595834465242638,0.10790296727728223
1.2148706517996988,1.1768623879116002,-0.02295891102126668,-0.026626589548842346
1.1256118417358043,1.121189190119622,-0.08925881006389447,-0.08750636210156548
1.161484178860696,1.1924017585665094,0.035872337124891684,0.0334547422283151
1.2295341623134461,1.2197260298924526,0.06804998345275015,0.06261803647866071
1.2062823394584372,1.1988467476563394,-0.02325182285500893,-0.023341841094863224
1.1986761513797137,1.2187930152068656,-0.007606188078723486,-0.029580960114229855
1.1179237492868013,1.1084395826471063,-0.08075240209291246,-0.0840875788686495
1.113708251436202,1.1255848939086723,-0.00421549785059927,0.00738487676432943
1.2148639276817799,1.2356219749955484,0.10115567624557786,0.10572260871366546
1.2053159216989964,1.1941635075294514,-0.009548005982783492,-0.02242573220791351
1.1939426807378442,1.1951628857103276,-0.01137324096115222,-0.0029226841643876095
1.1879503494146393,1.183816674202343,-0.005992331323204869,-0.020293192734003755
1.086953424138574,1.1376218429399036,-0.10099692527606519,-0.0898759932375911
1.2059769768272135,1.191833530475141,0.1190235526886394,0.10532872804172995
1.1985189501118738,1.1818756488115711,-0.007458026715339683,-0.0023994142353436013
1.156211257579933,1.1500101824019568,-0.04230769253194078,-0.0396535874123415
1.1135171899229117,1.1536210485960374,-0.04269406765702133,-0.03045208030421144
1.1480863883589703,1.1598214360585788,0.034569198436058546,0.0590291355177185
1.1296714454964494,1.152966978487822,-0.018414942862520878,-0.009802481027413396
1.2390107527283487,1.2259752877664472,0.10933930723189933,0.09876612509492808
1.1845120957779567,1.1831539335828178,-0.05449865695039202,-0.049860718813965
1.1792561390831229,1.1670458167777447,-0.005255956694833808,-0.022381567057218835
1.1151537393563173,1.157243980531543,-0.06410239972680554,-0.05721879004994908
1.1985966151828122,1.1920261876649838,0.0834428758264949,0.09345646551964032
1.203079405698631,1.210601818437437,0.00448279051581868,0.00902564997995732
1.2007891986756265,1.179257975721303,-0.0022902070230044203,-0.006895586784100528
1.1224180145280678,1.086094507934081,-0.07837118414755873,-0.07519483359888714
1.2509613482831576,1.248226129601801,0.12854333375508986,0.1421994536672005
1.201646058283024,1.2055758456899028,-0.04931529000013368,-0.05431361347056941
1.1712907961912729,1.200110296415687,-0.0303552620917511,-0.030524406225626986
1.1810769413116173,1.1763345195824724,0.00978614512034448,0.013342031691001411
1.1963908358365498,1.1591468775854896,0.015313894524932481,0.0066083184365974285
1.1880329570952277,1.1927419768882863,-0.0083578787413221,0.0186397612400176
1.166867176766343,1.1969529810783819,-0.02116578032888472,-0.03297379118716855
1.155341904251365,1.1248407959776667,-0.011525272514977924,0.0014074523587713147
1.134188563869602,1.1281405053062328,-0.021153340381762975,-0.025126392436672314
1.201619604939418,1.218345373432798,0.06743104106981601,0.06239628219613715
1.1461841235037302,1.147187603814322,-0.05543548143568788,-0.06801499554417523
1.1120632917400215,1.146055756181698,-0.034120831763708726,-0.03769624887353215
1.205141641788875,1.175835431774222,0.09307835004885345,0.09306169908490779
1.125563634953702,1.1146957238936501,-0.07957800683517302,-0.0868767144909904
1.1422166822633786,1.1466987781740337,0.01665304730967665,0.010686968925652095
1.1971539656267205,1.179664684007218,0.054937283363341916,0.06762648099105867
1.2543126971697074,1.2448987621806877,0.057158731542986896,0.028306811587504525
1.172611212506626,1.1879116485720222,-0.08170148466308147,-0.08302800273381239
1.1354536357233889,1.1042118904087235,-0.037157576783237056,-0.0326550387309717
1.1415075732035074,1.1428874160838705,0.00605393748011851,0.018864524930318458
1.259125064069706,1.261239883829711,0.11761749086619866,0.12174185616541228
1.2522187599188863,1.2600678378188568,-0.00690630415081972,-0.01646158885987275
1.1440413636515308,1.1270806719679576,-0.10817739626735556,-0.10125931393356623
1.163309327302093,1.1288119819856217,0.01926796365056216,0.02725046199711812
1.1504703735243338,1.1641590051708406,-0.012838953777759121,-0.01370074814630069
1.247138986761392,1.2460379880446946,0.09666861323705822,0.09514795686889693
1.1994218985171896,1.1836798842923308,-0.0477170882442024,-0.052221851081686504
1.1462317497638,1.1546737086441923,-0.05319014875338968,-0.043207835131375286
1.1327132208850328,1.1277343569700717,-0.013518528878767144,-0.012213628877526065
1.2054771377908757,1.2175713663329621,0.07276391690584294,0.0701491802401894
1.2630496731375833,1.2296779162024418,0.05757253534670759,0.04018772156473403
1.1654331474099722,1.1806540542075712,-0.09761652572761115,-0.10212449054664047
1.1772845054999113,1.134657376525273,0.01185135808993909,0.007663695882135092
1.2335079278207441,1.2368069680033709,0.05622342232083288,0.0470207742300314
1.2099710070116514,1.2158289672992524,-0.023536920809092754,-0.028438279499651033
1.224701699510741,1.2408904211196508,0.014730692499089537,-0.0011714134159765029
1.1380369311079435,1.1343044021121893,-0.08666476840279747,-0.0821714535675154
1.1280521088641586,1.109237107174625,-0.00998482224378483,-0.009035807919968481
1.127902761246348,1.0976062629946242,-0.00014934761781071337,-0.006981364063985434
1.1538889337868559,1.185229370227332,0.025986172540507946,0.02492133194389924
1.254189561261171,1.2836242576974428,0.10030062747431523,0.09067599974779023
1.2636216563344946,1.2553503825909604,0.009432095073323543,-0.007397585477746906
1.1849375291726845,1.181067720499188,-0.07868412716181017,-0.06127560662588759
1.176979576898572,1.1497641832869037,-0.007957952274112445,-0.0065917653628322324
1.1442537039686118,1.1496768189647393,-0.03272587292996021,-0.017412132408933856
1.1503323558421847,1.1656914061027233,0.006078651873572927,0.019961749224295895
1.268119154485898,1.2684813969039104,0.11778679864371333,0.12515813009542406
1.1590160398604488,1.1537253880463787,-0.1091031146254493,-0.1312521367183598
1.1477200244452832,1.1552262298458833,-0.011296015415165561,-0.022475499354406195
1.1471486069536236,1.1441373900750746,-0.0005714174916595649,0.00818911821638422
1.1291455312982097,1.0888385224711126,-0.018003075655413925,-0.020655790955943325
1.169681898552795,1.1827749443859075,0.040536367254585315,0.04351539150543795
1.1922172462626928,1.1732474647040545,0.022535347709897735,0.03768896669483775
1.1944499777286388,1.1799402281131592,0.0022327314659460473,-0.0024315650389567798
1.0694267936699475,1.093372279833267,-0.12502318405869128,-0.11503828162972067
1.1249225722010683,1.1217640865998868,0.055495778531120754,0.07673874963223624
1.2051189851797488,1.2192726844685557,0.08019641297868052,0.08905763878584419
1.1660030148184675,1.1614109171710898,-0.03911597036128134,-0.03217669020449908
1.1765728188135993,1.1898720279281183,0.010569803995131855,0.019626156589556555
1.2046305377300908,1.2040794328133944,0.028057718916491448,0.036534503328779375
1.186300751159371,1.1833369270462075,-0.01832978657071971,-0.011265095877456097
1.260742218038132,1.2419308849699644,0.07444146687876096,0.08587494602981634
1.1226393097767142,1.1528914858735455,-0.1381029082614178,-0.1291053243927978
1.2080460948172407,1.2096387498054988,0.08540678504052646,0.09536111709247026
1.2374099526658364,1.2524865978671151,0.029363857848595742,0.035888026563460074
1.1878598069152078,1.2196328308422835,-0.04955014575062866,-0.059331599655551126
1.2018480884613487,1.254278294722818,0.013988281546140957,-0.0035661355170817227
1.2141611606008433,1.212563789407563,0.012313072139494619,0.0018084862968905917
1.1928690089804583,1.1989456842929003,-0.021292151620385003,-0.0056009410857440975
1.2116140734310072,1.2132642261782003,0.01874506445054891,0.016549053317426288
1.2691770267444162,1.2805287667342744,0.05756295331340899,0.0553162165174225
1.273819711356716,1.291033330877816,0.0046426846122997745,0.0019832974838742577
1.1613235083749927,1.1914760725385936,-0.11249620298172336,-0.11285431693927069
1.1823073831302506,1.1865767912667797,0.02098387475525798,0.04200012149726603
1.2210226130466375,1.195285974738351,0.03871522991638687,0.04062157298905458
1.125274387386166,1.1123542305825074,-0.09574822566047159,-0.09223523370190038
1.2392378147492011,1.2464612155346513,0.11396342736303522,0.10871550531614363
1.177740235600863,1.1799725189544992,-0.06149757914833809,-0.07929519895562083
1.3111105997931345,1.2941722374150835,0.13337036419227144,0.14415304882994254
1.2126812989493738,1.2253335918046933,-0.09842930084376067,-0.11728679208465559
1.1900117631610847,1.1819854425255345,-0.02266953578828912,-0.0232261057924629
1.1893384550511648,1.1476634086255415,-0.0006733081099199456,-0.012482642506688554
1.1515326523040696,1.1422940413245526,-0.03780580274709511,-0.045795810341555894
1.1314467152601448,1.1073452578641179,-0.020085937043924806,-0.020486060195644053
1.211617824866029,1.205834069099051,0.08017110960588414,0.09469509096921312
1.2745998502034088,1.2618354895085753,0.06298202533737984,0.0766793259299121
1.281598719711288,1.3162858145705731,0.006998869507879091,0.024413165415416566
1.178007838628193,1.1518868511359996,-0.103590881083095,-0.10200149546263393
1.274918614077041,1.2655336522442864,0.09691077544884807,0.08802392385006716
1.0889032048272345,1.0778872622763571,-0.18601540924980653,-0.1826176217864987
1.2582285829997972,1.2656739007194058,0.16932537817256277,0.17462516001949388
1.2616241826867243,1.2527241748120301,0.003395599686927042,0.0006738069733743827
1.2401778341394016,1.2374877655298973,-0.021446348547322636,-0.04313998683612449
1.166882920631679,1.163024398242859,-0.07329491350772255,-0.07821188279930902
1.1835036743996274,1.2124257877572053,0.01662075376794836,0.029798177861452203
1.1336796666920952,1.1680758583958755,-0.04982400770753226,-0.03829363884799638
1.1945260033618217,1.2095230990165846,0.0608463366697265,0.07511345920441291
1.1390280513300728,1.140236292993951,-0.0554979520317489,-0.06728830451971153
1.2491870205787687,1.2474506352369754,0.11015896924869595,0.11756563418533225
1.2479343968577388,1.2630262764443643,-0.0012526237210299662,-0.005812206898158218
1.2319573746817034,1.222909821090736,-0.01597702217603536,-0.01167527175855299
1.1621061845024985,1.163802408983921,-0.06985119017920494,-0.08376654476571602
1.15225338323438,1.1625628918500348,-0.009852801268118494,0.005484448182954895
1.2061027977343433,1.20710164012551,0.05384941449996328,0.05705126567920067
1.2859822567668835,1.275602467107725,0.07987945903254023,0.09238593705608351
1.183456428538758,1.1930064041438724,-0.10252582822812539,-0.0942529123779276
1.2666787253248337,1.2554471780957626,0.08322229678607562,0.08172098492327497
1.140718488452509,1.1348781299176187,-0.12596023687232472,-0.13515170010063404
1.2931559056247723,1.2704155918609619,0.15243741717226333,0.15684610613142022
1.2308070609686024,1.2624989243654148,-0.062348844656169966,-0.04767677144052943
1.2031547040488024,1.2238500991369412,-0.027652356919799947,-0.04581384155697374
1.1685230144523862,1.1670220227548977,-0.03463168959641627,-0.024300397348404463
1.1630380488896592,1.1613955028394785,-0.005484965562726929,-0.014435967187018017
1.3209432570799196,1.3347022021372887,0.15790520819026033,0.1647200121955334
1.1322692558351939,1.1174603345055663,-0.18867400124472566,-0.20634495826476656
1.2021198282849204,1.1618762745687465,0.06985057244972648,0.06904266373752573
1.2147107001503001,1.2335738205607456,0.012590871865379771,0.03390559543584662
1.2024809422717335,1.2089575867796434,-0.012229757878566616,-0.009923776930350375
1.282557173427809,1.2669214943682674,0.08007623115607543,0.1064156767673089
1.2111189372026292,1.2267085994849496,-0.07143823622517975,-0.0634459353823603
1.1726624095189273,1.17113440046058,-0.03845652768370189,-0.028503080540999627
1.2457668715442052,1.2219332532178502,0.07310446202527787,0.06905944088623552
1.2109648098413512,1.2115425083189741,-0.03480206170285394,-0.03703329296403891
1.1864036528288753,1.2036274322244955,-0.024561157012475965,-0.022443768030351363
1.2594531894296654,1.2531155144087602,0.07304953660079017,0.0736920775561457
1.2310563566204844,1.2236929611185288,-0.02839683280918104,-0.010909209406868996
1.259624082954612,1.260177346919287,0.02856772633412752,0.0025209346388861374
1.182700174643029,1.1728698479570092,-0.07692390831158291,-0.06331170895325437
1.152160536617869,1.1446900236516062,-0.03053963802515991,-0.031205564371068042
1.1635025888982393,1.1781543332453144,0.011342052280370218,0.004155093704899323
1.2150183767656377,1.2340476274636583,0.05151578786739841,0.039004523922155754
1.322773006938671,1.320839923864953,0.10775463017303322,0.12878191757433088
1.2282101160225412,1.233432555205599,-0.0945628909161298,-0.0858940039374828
1.2306323189763364,1.2166100129455597,0.0024222029537952494,-0.0022762289273800867
1.2559396479300935,1.2660947635039748,0.02530732895375709,0.004536797481809105
1.2573521328800639,1.2818200295655815,0.0014124849499703718,-0.015587740465732754
1.1922935070954195,1.2052077599428155,-0.06505862578464439,-0.06670821232446987
1.2683333066824218,1.2940068662872748,0.07603979958700235,0.07884312691860483
1.2209302804263413,1.2176108520101672,-0.047403026256080505,-0.06163998701815358
1.2911088035723808,1.3010817924902807,0.07017852314603945,0.060472769959731644
1.1856221703480414,1.1752481190377204,-0.10548663322433938,-0.09681968204469202
1.1616313855811922,1.1596498059092486,-0.023990784766849238,-0.025339807841665632
1.2159746900314174,1.249220757857379,0.05434330445022528,0.05473410891644878
1.237435037466095,1.2138635920353713,0.021460347434677507,0.01061411756029152
1.252646439063365,1.2379030999344922,0.015211401597269969,0.01799344459383789
1.2935095379639527,1.299897251270731,0.04086309890058781,0.051157898360435904
1.115488743530404,1.0869759457819392,-0.1780207944335488,-0.18919324948959274
1.233559914442839,1.2284327430205282,0.11807117091243513,0.11361284360596845
1.2005480192994387,1.1839733252371631,-0.033011895143400416,-0.03648669189913802
1.2087108287298032,1.2086608244928518,0.008162809430364515,-0.011463268359982307
1.2525301107897475,1.2564633132227674,0.04381928205994434,0.043057617750815694
1.2770659150623427,1.303469934063952,0.024535804272595163,0.021207518153430124
1.1598561542800105,1.1738016122426191,-0.11720976078233214,-0.10677169473548125
1.2534899730089932,1.2436303534352824,0.09363381872898269,0.09435581609742467
1.3035362052880803,1.3098719241534358,0.05004623227908711,0.06973720398940098
1.180746966153339,1.212040960375075,-0.12278923913474138,-0.10375219679109646
1.2382551828710373,1.2519076306360497,0.057508216717698346,0.05069685514402218
1.2677091716146958,1.2624199667921758,0.029453988743658455,0.02729044101806582
1.1644622319835836,1.1974776153438755,-0.1032469396311122,-0.10232715111226731
1.1627441846615227,1.1440179279329195,-0.0017180473220608228,0.006578697027323064
1.272904243895384,1.27077309818543,0.11016005923386119,0.10682311813367582
1.242407188964042,1.2428188427646203,-0.030497054931341916,-0.019872360934080714
1.2892046447184242,1.2944992919463345,0.04679745575438221,0.04321217588415395
1.332042379613295,1.3246368167961395,0.04283773489487075,0.03057966994029735
1.269973690558407,1.2653942731937093,-0.06206868905488805,-0.0612448158581735
1.211929568141925,1.1933272757326687,-0.058044122416481825,-0.049424643084634706
1.2949448779458144,1.3103870440562329,0.08301530980388927,0.07333078452947468
1.2576444053997653,1.287670991878068,-0.03730047254604907,-0.039629050363280384
1.2128660342014284,1.1889553404213282,-0.04477837119833694,-0.06855247175599054
1.2346902382757217,1.2159633216509083,0.021824204074293307,0.02652715511247036
1.2296893336117714,1.2396951501176583,-0.005000904663950312,-0.014573557127468193
1.193905690953741,1.152247367404032,-0.035783642658030246,-0.033476200962245545
1.185687573287908,1.1674345727782636,-0.008218117665833136,-0.009423543278325609
1.321604362761219,1.3240278658092979,0.1359167894733111,0.12653470994584612
1.2406226507307168,1.1993456651511607,-0.0809817120305023,-0.07873443745077714
1.1800156164129334,1.1676578005770153,-0.06060703431778336,-0.06933313658459506
1.2714222305101999,1.252317591863115,0.09140661409726647,0.09477151698067424
1.227862504018252,1.235455419212141,-0.04355972649194784,-0.03817110584569343
1.2700439981174414,1.2752695684982958,0.042181494099189365,0.04676044447708582
1.2072680662629802,1.1736247756698908,-0.06277593185446118,-0.05423084104051393
1.2253425148713546,1.2435477170881464,0.01807444860837437,0.00512827510638063
1.2786903619628147,1.268924054238066,0.05334784709146012,0.06607138401014744
1.2522275669014027,1.2668054226483043,-0.026462795061412026,-0.01885023302738959
1.1783368912099461,1.170465825901737,-0.07389067569145658,-0.07834794807565322
1.2970872544926841,1.2864718015331458,0.11875036328273803,0.09532295487598265
1.2464416838689278,1.2404408356476295,-0.0506455706237563,-0.05909064066892318
1.2603570563204187,1.2679391138639182,0.013915372451490882,0.030104736620807985
1.204884287738849,1.213976156379957,-0.05547276858156969,-0.06997824795036467
1.142292367920981,1.1134440655934776,-0.06259191981786794,-0.06725671373948806
1.2160545469359791,1.2296201511625415,0.07376217901499804,0.06414141736071513
1.1450296664230082,1.1298103355275415,-0.07102488051297096,-0.06907043973701726
1.3211247659712995,1.2941293326308871,0.17609509954829128,0.1708483027187072
1.2997567195362345,1.2823410172890335,-0.021368046435064958,0.004859076144917811
1.2965774905659495,1.280737182496327,-0.0031792289702849974,-0.0011755574828551142
1.2553571192207078,1.275061632042793,-0.0412203713452417,-0.04966170725811488
1.2774242018432096,1.2993526419031833,0.022067082622501788,0.010661868104984495
1.1808550413551948,1.141756273462705,-0.09656916048801478,-0.11934534997563119
1.1762307631113447,1.1806233058527789,-0.004624278243850144,-0.012206377651420797
1.2715522141427171,1.2139632677025947,0.09532145103137246,0.09706739557157384
1.3217283376547373,1.297511755613826,0.050176123512020165,0.048637823411627173
1.277675416742674,1.2892766436025105,-0.044052920912063254,-0.03978491747741869
1.2038400637046485,1.190208565001938,-0.07383535303802558,-0.07528567546426995
1.221711940228521,1.2236477709477884,0.017871876523872565,0.03166552122245371
1.2558728295569572,1.2729436298914993,0.034160889328436195,0.033796327946560185
1.2448287286831405,1.233992609547584,-0.011044100873816687,-0.02305153445862433
1.3507527999242273,1.3515863141051196,0.10592407124108671,0.10735492772594203
1.2862323367351884,1.28496883270013,-0.06452046318903881,-0.07481915205656785
1.288774410863405,1.2965623976490939,0.0025420741282164983,-0.0031607135021155496
1.202196921965289,1.2104239908056778,-0.0865774888981159,-0.07787260902154369
1.2110346005835209,1.2265198061318388,0.008837678618231815,0.004205453289600029
1.2281514679984566,1.214683664061972,0.017116867414935788,0.022403688130522015
1.2831632997123943,1.2560769607238795,0.05501183171393764,0.05727250306791701
1.2284178249306508,1.2304555942532787,-0.05474547478174352,-0.0546011525548692
1.2269444276714399,1.2141885772693641,-0.001473397259210918,-0.007203538674223106
1.2405984872582991,1.25735203086906,0.01365405958685928,0.01899225474705972
1.325463686455353,1.3523956489196494,0.08486519919705393,0.08430981834632546
1.2867491230191401,1.3118230003780014,-0.038714563436212934,-0.030572537399557974
1.3416481514032632,1.3570422110544942,0.05489902838412308,0.04468552355563021
1.25201773853559,1.2650491359150666,-0.08963041286767326,-0.10073345672435718
1.261183191265053,1.2472809739017883,0.00916545272946312,-0.0013747301324973232
1.2410488694638753,1.254364375260383,-0.0201343218011778,-0.005476452289320756
1.2786067586970102,1.2952177731880745,0.03755788923313497,0.05059050314432181
1.3129013553526028,1.3496559262003347,0.034294596655592535,0.03469250024509263
1.3321544874513407,1.3313957697723016,0.019253132098737913,0.04035288802970716
1.28130964741786,1.2811473774379925,-0.050844840033480665,-0.06123205611151671
1.2120889545283258,1.2255564805729233,-0.06922069288953425,-0.0708625125629959
1.2577712913783679,1.2527224132208685,0.04568233685004208,0.02230816573993985
1.295308356633258,1.2824715123241959,0.03753706525489009,0.0385318455349104
1.3309480294190559,1.380187627936519,0.03563967278579794,0.039454038106244704
1.2574103431892565,1.2639742895457924,-0.07353768622979939,-0.0751221659819509
1.3410250554230714,1.377395408733989,0.08361471223381489,0.08864777612888618
1.2519254501391788,1.257725660861004,-0.0890996052838926,-0.07808581354713545
1.3852069312194155,1.4125779430631438,0.13328148108023674,0.1315901692992206
1.2653796343086767,1.2519561681686806,-0.11982729691073879,-0.12134070620702626
1.3225158504988472,1.297137115450832,0.05713621619017051,0.05391068182818833
1.2990233752855085,1.2796539617674987,-0.023492475213338748,-0.012928178068890397
1.3425210893772441,1.3448686877734668,0.04349771409173564,0.04647241512827579
1.272430208055154,1.292612339002322,-0.07009088132209018,-0.07385586932646845
1.1737466481918921,1.190669782140398,-0.09868355986326183,-0.1099602650342807
1.1594929594248513,1.1730491139308776,-0.014253688767040806,-0.02377045850324061
1.203795707918782,1.239812718465339,0.04430274849393068,0.045260686316517744
1.215290216400007,1.2505066620253493,0.011494508481225019,0.013949859174670686
1.246603983118681,1.267041053999217,0.03131376671867403,0.03869559103843039
1.2189449499469491,1.235426798291338,-0.027659033171731906,-0.018715980278273217
1.2815075770753805,1.260795563317582,0.06256262712843141,0.05818013565972127
1.2174859406839136,1.2386257625194992,-0.06402163639146696,-0.06427713258065854
1.3407847367973902,1.3381741316875866,0.1232987961134766,0.13269465517293255
1.3253519003985323,1.3430715093628238,-0.015432836398857841,-0.008338137159846378
1.245531352577928,1.222034858499034,-0.07982054782060444,-0.06800475378904655
1.2743570757552338,1.2354330660233885,0.028825723177305917,0.03964211510707455
1.2628708292306743,1.2631107030359074,-0.01148624652455954,-0.02096181769772018
1.2990304618026733,1.287781074441244,0.036159632571999056,0.04200470380225042
1.2113994356193936,1.2014656248344517,-0.08763102618327978,-0.086627029582341
1.2839301264371974,1.2812342140723232,0.07253069081780383,0.07660199862985789
1.3775205953190985,1.420156678507928,0.09359046888190115,0.09564285446320495
1.3489818027742415,1.325666276311375,-0.028538792544857028,-0.020847668413065505
1.1260970529895509,1.1283313330674491,-0.22288474978469064,-0.23713913329610617
1.2386415973252178,1.222532436270902,0.11254454433566696,0.1239556925811733
1.2569190375315342,1.2448008213077366,0.018277440206316387,0.03468837231877038
1.1809054122216789,1.2279772686273596,-0.07601362530985534,-0.09336944967171219
1.3286451696540325,1.3337549693267643,0.14773975743235357,0.14808539143669947
1.224262923282518,1.2616165392290513,-0.1043822463715145,-0.10770405362877628
1.3318760235485574,1.3314466334851975,0.10761310026603943,0.08009431888519791
1.2181154023652017,1.1929151973001757,-0.11376062118335573,-0.11285750398496008
1.275502701040565,1.2806722152517358,0.05738729867536341,0.06751784999047042
1.1420789261916837,1.1593043825505909,-0.13342377484888135,-0.12170224232624022
1.2828877020993867,1.2694471616649639,0.14080877590770302,0.14818393143971081
1.2686833405258693,1.2726311795376068,-0.014204361573517454,-0.017276314865974595
1.2425819132781868,1.2158814969415574,-0.026101427247682496,-0.03630212351171959
1.3095247087473014,1.2928843909650105,0.06694279546911464,0.07382610173421515
1.277827736906801,1.261050936670581,-0.031696971840500465,-0.05023766918784506
1.2814786203463575,1.3044214824505578,0.0036508834395565515,0.004233139713414679
1.215705902445274,1.2493228210863034,-0.06577271790108341,-0.04773467169370845
1.393431393790878,1.3744566099019915,0.1777254913456039,0.17901390412697368
1.22612534349638,1.21089390965031,-0.16730605029449808,-0.17093959397618644
1.3428291904371328,1.378794252566691,0.11670384694075286,0.11627434541840545
1.1778891241762994,1.168276244622444,-0.16494006626083335,-0.16430016417686363
1.257366232070692,1.2469034945526554,0.07947710789439255,0.06872801554681125
1.3235792085261995,1.3052404700701639,0.0662129764555075,0.07310119644893459
1.351947950558528,1.3737770654051433,0.02836874203232842,0.01712534070235744
1.2093680000483982,1.2102604733030702,-0.14257995051012973,-0.142918303260403
1.3079809626332148,1.2756363602926275,0.09861296258481667,0.09027682521451251
1.2786765454240918,1.253783325660724,-0.029304417209123024,-0.023963524075516163
1.1840572745425382,1.152325361344477,-0.09461927088155364,-0.08706335832954132
1.3599627761225441,1.3884413388530987,0.17590550158000595,0.17828965244895964
1.321672327823529,1.3063377431047454,-0.03829044829901518,-0.05082584589512118
1.3010146763785346,1.295178313302019,-0.02065765144499432,-0.022704043098580373
1.221154905387557,1.2731499296238307,-0.07985977099097763,-0.0662960763898123
1.2813731996070221,1.303807812278169,0.06021829421946512,0.0627034536363915
1.2134278442726631,1.207509138945091,-0.06794535533435897,-0.06489316772246301
1.2749967438816021,1.2562765387572141,0.061568899608938965,0.06120872551661727
1.3274804535535825,1.3235559643251609,0.05248370967198035,0.038925485746690205
1.3840589120031381,1.3924802315621219,0.05657845844955567,0.056252989086115396
1.2193327157690452,1.2603964369841052,-0.1647261962340929,-0.17996768083686135
1.2322095964195594,1.2183941084684744,0.012876880650514178,0.0018359670501870012
1.3702744451866118,1.3702600003683096,0.13806484876705238,0.13718572341759602
1.2263981555289734,1.2438055601942066,-0.14387628965763843,-0.15433012444803548
1.2731539988393796,1.2575332565440214,0.046755843310406275,0.052181588123883266
1.2299247272550005,1.196599680286723,-0.04322927158437917,-0.05836593635057419
1.314609261368076,1.3379292434257728,0.08468453411307553,0.0824004824401206
1.253800333185196,1.222152773797856,-0.060808928182880084,-0.07494543459611376
1.1616492947022534,1.1544585623780104,-0.09215103848294248,-0.09055722462317878
1.3060523208427437,1.2791889781440249,0.14440302614049028,0.15100377631545633
1.247809967867118,1.2462877761174018,-0.058242352975625744,-0.05258903410090596
1.266530103001248,1.235553085035894,0.018720135134129956,0.022596091420491463
1.2831143833217402,1.3108237874925597,0.016584280320492306,0.00946680340712404
1.3087623344467054,1.2972614277851355,0.025647951124965207,0.023183150379156983
1.301994788838863,1.301180427088639,-0.006767545607842429,-0.01747569275701228
1.3129348399838408,1.3504773937263164,0.010940051144977758,0.02713573605694128
1.3217675540282054,1.316686068315629,0.008832714044364698,0.007923297751537663
1.2202710710212539,1.2150323624414665,-0.10149648300695158,-0.10828111753325666
1.2556615881867568,1.2483905995110653,0.0353905171655029,0.03337603746308538
1.2495597108496537,1.2813490529803577,-0.006101877337103101,-0.007515665945825169
1.3140143285535444,1.2967194402379458,0.06445461770389072,0.08235227274177835
1.2570954345061476,1.2594216830629075,-0.056918894047396806,-0.04575594294819987
1.2722689126800877,1.2582556078647238,0.015173478173940103,0.0122321675978915
1.2304394442442965,1.2502201999381832,-0.04182946843579116,-0.05451731112405195
1.347294153063495,1.3438246718324556,0.11685470881919846,0.10585059815949627
1.2623702965808141,1.2651944470177103,-0.08492385648268086,-0.08494991127592738
1.2176779188207731,1.2239255051051783,-0.04469237776004098,-0.055428249736029896
1.3034943302488264,1.2906262577072072,0.0858164114280533,0.10669996186507899
1.222807164094786,1.2459682602577178,-0.08068716615404048,-0.08815211523810998
1.2581615109018316,1.2400799366974782,0.035354346807045633,0.04727443904052228
1.280663703199408,1.2496675245945719,0.02250219229757633,0.017591776650170886
1.3563015474121134,1.3959867366624839,0.07563784421270547,0.0845854325878749
1.2474657546093109,1.1957413964565622,-0.10883579280280253,-0.09384656589667953
1.3272483932258683,1.3336968633364974,0.07978263861655743,0.05984429300841644
1.205265930387598,1.211671394231247,-0.12198246283827019,-0.12309548550628827
1.2304994668140012,1.1893544411379207,0.025233536426403136,0.035460481983424594
1.2940000756487382,1.3007997894077863,0.06350060883473696,0.059875542394325125
1.3275547407182904,1.3209764575749023,0.03355466506955218,0.04551252030767272
1.2665344602434945,1.2941629803484025,-0.06102028047479591,-0.05990492935375548
1.3133780244015714,1.3073531763222614,0.04684356415807689,0.0537118818697843
1.267425330309644,1.2734759555143116,-0.04595269409192726,-0.03313399284739585
1.2422455894478113,1.238906393739032,-0.025179740861832833,-0.017164274483936308
1.3347359664173866,1.3307909312015358,0.0924903769695753,0.07776297724565705
1.281400392176019,1.2604041684737248,-0.05333557424136748,-0.04739222874647663
1.332792006034107,1.3089730100320458,0.05139161385808788,0.04317672664036057
1.2740602366448306,1.3066390734558988,-0.05873176938927638,-0.07070763509892408
1.3383809270024816,1.3240498391363469,0.06432069035765098,0.046792356507038876
1.27895246446717,1.2730716977143397,-0.059428462535311644,-0.07142900677239472
1.350280469221804,1.3519294202961634,0.07132800475463408,0.05375374721686152
1.2597748182024189,1.2534322002597367,-0.09050565101938512,-0.09325914001528779
1.311415511663852,1.3229262226227292,0.051640693461433074,0.06820228059789381
1.3498499120760323,1.3344011536443543,0.03843440041218038,0.04107413423699121
1.2781798057566325,1.2828988965069064,-0.07167010631939985,-0.06641997317484989
1.349980600438181,1.3646495804017944,0.07180079468154843,0.06692586118707179
1.27189995315474,1.280163255361649,-0.078080647283441,-0.09048087040258311
1.331818015148984,1.3214857050662816,0.0599180619942441,0.03961395780771455
1.2963990060059418,1.265377674916489,-0.03541900914304219,-0.03882219309855392
1.3742838359526441,1.3769759406485995,0.07788482994670232,0.07606442123587427
1.235830329353426,1.2499401919960833,-0.13845350659921807,-0.1406768163953697
1.3422002738346184,1.3481663769766743,0.1063699444811923,0.11460034105452821
1.2949959691564583,1.30162898758171,-0.04720430467816006,-0.051259713476161775
1.334437248093205,1.332190624775118,0.03944127893674665,0.04143714784115515
1.2727211361876365,1.3189367513419192,-0.06171611190556847,-0.06421784946829379
1.3119937656090832,1.328995222750737,0.039272629421446714,0.025726559771297668
1.3044266655745649,1.286044239085471,-0.007567100034518326,-0.005778419363483523
1.233066842946732,1.2329543932918772,-0.07135982262783291,-0.08218390202879859
1.2750017009609995,1.267291135373561,0.04193485801426755,0.0321964577710325
1.2143822047737587,1.2377197007490464,-0.06061949618724083,-0.060061975517053556
1.2384336457485896,1.23261059028782,0.024051440974830918,0.02892941158266201
1.3294423724864417,1.3518034321312278,0.0910087267378521,0.09524899802452781
1.420048972019879,1.4001773134621205,0.0906065995334373,0.10012224136338965
1.4217183456754565,1.4434931412602665,0.0016693736555775107,-0.011129396885095556
1.25174360065025,1.2142866660604619,-0.1699747450252065,-0.168613504559146
1.2702503220312173,1.3067522859625713,0.018506721380967317,0.024600753579307955
1.3088427782175405,1.2916519590460063,0.03859245618632312,0.03585620350334505
1.3481243322106287,1.3596288908468004,0.03928155399308819,0.03535856923423108
1.3078179799961571,1.3089840901808092,-0.04030635221447154,-0.021175907660215865
1.272421292031209,1.299890875688998,-0.035396687964948104,-0.023909540221173482
1.368769017496287,1.341970361976025,0.09634772546507797,0.09732483464117515
1.3144875440642,1.373134253570793,-0.05428147343208689,-0.04476009318622759
1.24729869245825,1.2493399281106774,-0.06718885160595,-0.06586971794920515
1.2746472097891608,1.3156974549409433,0.027348517330910704,0.016524981249970296
1.3194986423291277,1.334965976914302,0.04485143253996693,0.029706842726699864
1.3657607240863936,1.3451204819452562,0.04626208175726587,0.04944612419702586
1.3922237838389762,1.4399823238511367,0.026463059752582563,0.03182810777007247
1.3419544443450913,1.3064664687765843,-0.0502693394938849,-0.028256806682057403
1.2642865288204772,1.3019828417132626,-0.07766791552461405,-0.06917453917937437
1.224395156025323,1.2369338511827122,-0.0398913727951542,-0.05342202117726705
1.4315992079279218,1.430574091404693,0.20720405190259883,0.2144210023512589
1.325945943121941,1.323332154215256,-0.10565326480598092,-0.11201929927624818
1.2838863023786982,1.2727710313723437,-0.042059640743242754,-0.022005238590603347
1.3277983253887284,1.3295023814944718,0.04391202301003028,0.024196135988745475
1.3521151114254382,1.3633859608862617,0.024316786036709725,0.013406732606238439
1.3719571270634385,1.3917425727072574,0.019842015638000365,0.01808879849991214
1.3702774027028757,1.3632808144841526,-0.001679724360562851,-0.0009628559265459584
1.272720376310165,1.2766974627624772,-0.09755702639271058,-0.08482938518054108
1.306068040509178,1.3135066224014071,0.033347664199012916,0.04250641891219471
1.339423245851787,1.3517378416374386,0.03335520534260894,0.024300139278510893
1.2815948834049755,1.2672194188016606,-0.05782836244681144,-0.05290720345671308
1.3379647534514274,1.3719425043543827,0.056369870046451886,0.04426409677598569
1.2925887515327226,1.291901806188333,-0.045376001918704834,-0.04454372851256743
1.4155033610336176,1.3967708700331842,0.12291460950089506,0.1345329209002241
1.4333845133934915,1.4131785183346823,0.017881152359873864,0.020193151176959995
1.2893636972251983,1.2984253187632206,-0.1440208161682932,-0.15969687894619997
1.3778051534767142,1.4115877379447286,0.0884414562515159,0.09155465893825052
1.3745062229571032,1.40365319108095,-0.003298930519610943,-0.009994539551765887
1.2902742523054564,1.273916048567527,-0.08423197065164678,-0.08537132580286039
1.3265857639457002,1.3309460544427232,0.03631151164024371,0.031750702165947026
1.3384260141035789,1.301422665869548,0.011840250157878707,0.023225338163839412
1.4397063041523013,1.454368264201679,0.10128029004872241,0.10329128231390401
1.317089312002864,1.3181360374242654,-0.12261699214943733,-0.1225434962793137
1.3898290221203597,1.398803360940608,0.0727397101174958,0.0794112106538867
1.3144043656029836,1.2906231405425572,-0.07542465651737618,-0.055486471457291714
1.2956057347677177,1.2838763069079275,-0.018798630835265895,-0.025877063951321992
1.3053138084327705,1.3086323953425216,0.009708073665052774,0.001447461738753264
1.249530915616327,1.2468695430459413,-0.05578289281644344,-0.06338818747165395
1.3428444018042867,1.3642456057556893,0.09331348618795965,0.08739799811367585
1.3076044352156895,1.2933602951674945,-0.03523996658859718,-0.024093297452899298
1.3881915215435272,1.3689252126036342,0.08058708632783773,0.09722609089092299
1.3768394546564704,1.3437442692468669,-0.011352066887056811,-0.0028118477418196137
1.3849782068152534,1.3810586378118679,0.008138752158783014,0.004359275586274289
1.3090670773442965,1.3067917089329646,-0.0759111294709569,-0.06338384683883226
1.2977859638169817,1.2586891211141977,-0.011281113527314757,0.011965333829380899
1.3119111585726917,1.323986584558592,0.014125194755709947,0.0202037751441354
1.2618993512310106,1.266925678127852,-0.05001180734168109,-0.05575467512180289
1.270393842893598,1.2810419338740027,0.008494491662587311,0.017628981474442078
1.4319602907940765,1.4427386931684365,0.16156644790047858,0.15459451026775214
1.3345585488328147,1.3661457683622684,-0.09740174196126183,-0.10015692487952756
1.3086656887212968,1.3175928676009507,-0.025892860111517813,-0.02405270772803544
1.2786744382296205,1.280025917408894,-0.02999125049167639,-0.021654643827526243
1.228330408067725,1.222971919529571,-0.05034403016189537,-0.04725346848427492
1.3159892881765671,1.2968367416049784,0.08765888010884204,0.08194139952156305
1.355371862159409,1.3634814924936525,0.03938257398284195,0.03508243118016688
1.3805511394501966,1.3934513866547855,0.025179277290787505,0.016456250705449
1.3125116592597932,1.3255592725742602,-0.0680394801904034,-0.10225392438740893
1.314496681179066,1.286939175616088,0.0019850219192727447,0.010443620456909454
1.302537905892105,1.2972348091808765,-0.011958775286960988,-0.004161268323347331
1.3026852269328502,1.261300689488941,0.00014732104074521857,-0.01999384347023665
1.2606048721531171,1.226725857061662,-0.04208035477973304,-0.022616546296371474
1.313646883166886,1.3077642256665059,0.05304201101376882,0.06041125854939442
1.2664929683843322,1.2870602257427757,-0.04715391478255371,-0.03937486670154211
1.367261597987456,1.4013498499114914,0.10076862960312383,0.1176977457953075
1.2858359163729571,1.3220298022679484,-0.08142568161449892,-0.09011708973214226
1.330717157796894,1.3402805309241126,0.04488124142393679,0.047217464930295557
1.2706575840449608,1.2354556345256904,-0.06005957375193316,-0.046685700446623554
1.3091214955463348,1.3204306777087698,0.03846391150137407,0.03754329748258663
1.291543742322132,1.244301781129801,-0.01757775322420274,-0.022493326418045002
1.4374283501025282,1.4442785345159992,0.14588460778039614,0.14935473430701657
1.215191366991898,1.210114710318759,-0.22223698311063034,-0.2167789675925672
1.2364670920630874,1.2300867353678384,0.021275725071189466,0.020067435688507232
1.3922308985029475,1.3566252586690914,0.1557638064398601,0.16444559383488566
1.34812368198743,1.3595938576029538,-0.04410721651551741,-0.02822071860959015
1.3193956339187638,1.2857611590299411,-0.028728048068666245,-0.032040153066379376
1.294184329691275,1.275320774761179,-0.02521130422748885,-0.028230386279833174
1.3519864649696156,1.332931334828391,0.05780213527834066,0.057482210486056506
1.1999824215056987,1.2098770547495787,-0.15200404346391694,-0.13973453192728608
1.3295683213769387,1.312424464371903,0.12958589987124003,0.12253628056390604
1.3368002217963575,1.3530704478847133,0.007231900419418791,0.0023340513489772605
1.3324239797642745,1.329439859728999,-0.004376242032082978,-0.008958558790175724
1.3906668156638995,1.3896746750401399,0.05824283589962498,0.0614213879570119
1.3307247453369677,1.3283317102523868,-0.05994207032693177,-0.05389906988074507
1.3549286564722616,1.330397235838043,0.024203911135293854,0.002590782311843315
1.342029745643862,1.2965748142737274,-0.012898910828399668,-0.01258352266884564
1.384198503633892,1.3779466042557689,0.04216875799003006,0.04377975987981196
1.353363610854722,1.344027983725172,-0.030834892779169953,-0.026727890902182232
1.3285150488820703,1.291131822157171,-0.024848561972651728,-0.03341753943271421
1.2963886969403595,1.271018470443688,-0.03212635194171076,-0.04240403741818354
1.3701377982468337,1.353410705545063,0.07374910130647416,0.07290582925662045
1.3667734340165918,1.347303107477436,-0.0033643642302418897,-0.0072374518016759554
1.332658856552067,1.319648257110509,-0.03411457746452484,-0.033041690361236456
1.316902344011475,1.2991746887172297,-0.01575651254059185,-0.008148980944649758
1.3288825426031876,1.320709308150692,0.01198019859171251,0.03202887803690296
1.40590771951635,1.4085892800920308,0.07702517691316246,0.07457310510381548
1.3109531240584538,1.3004213398415516,-0.09495459545789631,-0.08780267911264326
1.3215204592316019,1.3469397236119038,0.010567335173148118,0.014596391094122073
1.3183432662942414,1.3152589415272895,-0.003177192937360518,0.005851482999729011
1.3991769622493424,1.3786734440545116,0.08083369595510104,0.0942192106943502
1.3515364456181038,1.3649282711692348,-0.04764051663123858,-0.050004290995423466
1.302823741186246,1.2932490815915079,-0.04871270443185782,-0.03219244871105825
1.3372171505144392,1.3189422819684424,0.034393409328193236,0.02690280282077351
1.3552358109430784,1.3642439500676171,0.0180186604286392,0.021366068259025834
1.3685983731168347,1.3026303816737017,0.01336256217375631,-0.002439219921070216
1.3674219897999542,1.3946093945233995,-0.0011763833168805249,-0.012625278393835591
1.3043665011551056,1.3120296194588976,-0.06305548864484867,-0.06586590410191147
1.2955188406858826,1.3080033391647543,-0.008847660469222918,-0.008734788710817582
1.3942612638625158,1.4081507316088633,0.09874242317663318,0.1099322399232965
1.2820073612384317,1.2842999502356425,-0.11225390262408408,-0.12049003741400807
1.2369641234044375,1.2663331470021266,-0.04504323783399422,-0.0319098627128634
1.260954726163541,1.2306170524693898,0.023990602759103474,0.028903386758794766
1.251497525705759,1.222429400304977,-0.009457200457781978,-0.005314823291542948
1.2212753734073296,1.2017843101438266,-0.030222152298429394,-0.02440787436379949
1.349868358900327,1.3436438389909162,0.12859298549299747,0.1068246647365401
1.2244597224580378,1.2655382047802386,-0.12540863644228928,-0.12254189466370802
1.4352712837838892,1.4722218264137157,0.21081156132585144,0.21564589709732354
1.3871821090303234,1.3550469985211038,-0.04808917475356589,-0.04524882570901564
1.3118342443730522,1.3215512294434633,-0.07534786465727117,-0.06919822586803336
1.3109040139519414,1.2843179305764243,-0.0009302304211107337,-0.005567350963452012
1.3610257281099913,1.37972658837365,0.05012171415804989,0.05643229965896015
1.3804576918962133,1.399258960356437,0.019431963786221917,0.002706788469649911
1.3858230065527755,1.3961730505246632,0.005365314656562203,0.029103344302908382
1.359353896418927,1.3761872460725362,-0.02646911013384856,-0.019318021193862805
1.3351175621823312,1.3755652704278245,-0.024236334236595658,-0.0329455979711272
1.2552153674090833,1.279787710996062,-0.07990219477324789,-0.08589650188691943
1.3091759916944579,1.343328585428095,0.053960624285374514,0.07874225605530849
1.4051914719395653,1.4250834797592848,0.09601548024510742,0.09179760764456925
1.3471983801912857,1.3279341403677487,-0.0579930917482796,-0.05472899265250834
1.3463422113707422,1.3595605092568241,-0.0008561688205435125,0.001324838905007594
1.3300321134889495,1.3507459063084244,-0.016310097881792718,-0.005684617760613939
1.3321749706619022,1.3136724706591305,0.0021428571729527057,0.0014253445112963354
1.2800757502069757,1.2925591863478674,-0.05209922045492643,-0.04980609261956334
1.263002257147411,1.287001036486076,-0.017073493059564626,-0.01841111495352669
1.3199512696727043,1.3169808442941071,0.05694901252529316,0.05498752267738839
1.334461603425069,1.368806124554191,0.014510333752364657,0.008272226798386278
1.2480747866504422,1.2533658151580633,-0.08638681677462667,-0.10139495351888249
1.3256926152590303,1.3283999726661402,0.07761782860858801,0.08119508199496407
1.3929018940309577,1.3907584791726708,0.0672092787719274,0.06473418544965029
1.303843102034014,1.3049938953450757,-0.08905879199694366,-0.10524095275907691
1.3404955858309808,1.3419086485131162,0.03665248379696684,0.0446869561500272
1.412390194733386,1.3669279658829079,0.07189460890240507,0.055666261211867456
1.2925136554186554,1.2858125091595178,-0.11987653931473052,-0.13883060953039814
1.381941618220235,1.3789687953407344,0.08942796280157972,0.06746724772439087
1.357315270377038,1.360522746815188,-0.02462634784319717,-0.015760184389301622
1.4291877086352738,1.4314788937333331,0.07187243825823586,0.05559799858145824
1.3269230171667479,1.3386692432314395,-0.1022646914685259,-0.10177414673183036
1.414598358246627,1.4001570302876944,0.08767534107987918,0.08323277464884374
1.4135360712364955,1.3871602854995244,-0.0010622870101315574,0.013296637343682591
1.288903975826521,1.315004895211768,-0.12463209540997444,-0.12299550474869674
1.3918987723300527,1.4316681109225984,0.1029947965035316,0.1087849470037834
1.3975843977471736,1.369950462905582,0.005685625417120921,-0.003444252647172087
1.3586601570538088,1.3892181909364092,-0.03892424069336475,-0.03013961601797381
1.3197864799379557,1.332106948036581,-0.0388736771158531,-0.0319329598949741
1.3816742592692202,1.4063067073920483,0.061887779331264436,0.06640312512271809
1.299418712255896,1.3217256097063594,-0.08225554701332416,-0.0765310942112263
1.3717020314351822,1.3774688887767403,0.07228331917928621,0.06124197407250017
1.2719724764644762,1.2831425653061799,-0.09972955497070601,-0.09854822348593785
1.3580691636312026,1.3371218181280873,0.08609668716672636,0.07492504421820145
1.3276905857205439,1.3317488440537308,-0.030378577910658677,-0.04110391159777242
1.3032502604697875,1.3380250320702154,-0.024440325250756345,-0.024401068991523146
1.341349473361515,1.3528039368009754,0.03809921289172746,0.05282995260438972
1.3379608179196525,1.3605864221787425,-0.0033886554418625092,0.00783920337385663
1.3559885929236049,1.353125071300761,0.018027775003952362,0.018767820032612542
1.3147533065741164,1.2924285132705897,-0.041235286349488476,-0.046753844516422165
1.3553604448505532,1.3854546278716289,0.040607138276436805,0.06272284297844903
1.4260627731458506,1.4136449574892707,0.07070232829529743,0.07065109981245916
1.407964783021873,1.4285474146180257,-0.018097990123977725,-0.03717967078694652
1.337917906524829,1.3451155889393334,-0.07004687649704389,-0.07781636901044026
1.2835191520958,1.29963245643802,-0.05439875442902897,-0.04798685824774045
1.3935214453420175,1.3978944741799633,0.11000229324621746,0.09860465132618713
1.363881716859978,1.3716323491832147,-0.02963972848203955,-0.0355529029820101
1.3471153299243526,1.3391075425536125,-0.016766386935625377,-0.012085617918246087
1.3201891767061045,1.306535032555943,-0.026926153218248094,-0.04052212141669248
1.346955947226518,1.3079577354624203,0.02676677052041354,0.0353192566192039
1.4334353258125199,1.4311658380066055,0.08647937858600185,0.10267661327531125
1.3538362293046902,1.3706999205765238,-0.0795990965078297,-0.07031012186890251
1.3795913289858786,1.4061460241080994,0.025755099681188387,0.02054257842967877
1.309120483674345,1.28755475567818,-0.07047084531153347,-0.04113290180370964
1.363882985947421,1.3713854282594862,0.054762502273076,0.05245258724171205
1.3287911263069885,1.3060317703537407,-0.0350918596404326,-0.04990885994116333
1.433023627516053,1.4284883536018163,0.10423250120906458,0.09896551847546863
1.2906676415567584,1.2712323165819253,-0.14235598595929466,-0.14971136980498972
1.4022952709138072,1.3825052081187603,0.11162762935704884,0.09821152881446245
1.3951119217551349,1.3766649000298248,-0.007183349158672359,-0.005211304925154597
1.3458844319177263,1.3335502644793695,-0.049227489837408545,-0.05469201375433323
1.4176469206453728,1.4172664069216427,0.07176248872764646,0.06286114960158999
1.2755467221389825,1.2613242916477259,-0.14210019850639033,-0.13831800709899172
1.357682754569577,1.3439942263800828,0.08213603243059464,0.07230337681856733
1.4280866460278123,1.4604381127694952,0.07040389145823522,0.07138563601054689
1.309525661365398,1.287122096057674,-0.11856098466241427,-0.11844317365627217
1.4396007571045752,1.439103583628741,0.1300750957391772,0.13170601969847445
1.267361416798062,1.2376120203076737,-0.17223934030651322,-0.1789812412630986
1.40040092274162,1.397987624205636,0.13303950594355807,0.14453184069490577
1.338570205706928,1.3618155894995823,-0.06183071703469212,-0.07582615967425337
1.372621954634495,1.3840687249837287,0.03405174892756713,0.03048604299424524
1.3986001655503346,1.4170466571970206,0.025978210915839517,0.04088014753473773
1.456445602783743,1.4432084408792003,0.05784543723340829,0.0703443021191566
1.3539547279534618,1.3203773121720837,-0.10249087483028108,-0.12139469344540814
1.4259776910981827,1.414817073610959,0.0720229631447209,0.06877981582760406
1.309635001585427,1.3397346754760169,-0.11634268951275573,-0.10230203952804304
1.4602676928685239,1.449097666163345,0.15063269128309686,0.15064233290536003
1.3267346790988184,1.3471491234145994,-0.1335330137697055,-0.12844460505024863
1.3839576489494567,1.35117801396909,0.05722296985063835,0.05620754373434208
1.3965549244349946,1.3856704852466852,0.012597275485537907,0.016752043530259764
1.4207161539409672,1.4326010582500592,0.024161229505972548,0.03208010328395178
1.3293577911964476,1.3120982036322832,-0.09135836274451958,-0.09159312049027532
1.3333195528175439,1.3214678720270563,0.003961761621096294,2.21837606445242e-05
1.39727672997181,1.403651581897768,0.06395717715426619,0.06104926796459037
1.2937156654568605,1.2764148742786094,-0.10356106451494962,-0.10836699579956995
1.3353407790212035,1.3213249115130994,0.041625113564343064,0.04640082788663718
1.3364243432672471,1.3530738493367862,0.0010835642460436112,0.0048706921691096545
1.33825801985578,1.34569326918524,0.001833676588532951,-0.015143277177482446
1.4709451994873812,1.462080124351398,0.13268717963160115,0.1489669226063908
1.3796050402604512,1.3808322168527827,-0.09134015922693006,-0.08063467865888087
1.3914795568263711,1.419863038485036,0.01187451656591998,0.016096322520772102
1.3090535083446262,1.2942313158938443,-0.08242604848174495,-0.09038124853334589
1.4570821774472804,1.4923898284310464,0.14802866910265422,0.13818656401258006
1.3265147536073454,1.351251404352758,-0.13056742383993503,-0.13884064125770013
1.346336253366859,1.3363687421791104,0.01982149975951364,0.027453133048048244
1.4509232045549771,1.4425593488298947,0.10458695118811812,0.11338941747856457
1.4210695333222942,1.387807374012788,-0.0298536712326829,-0.02238413184072851
1.361487617078346,1.379335934902394,-0.05958191624394815,-0.05729966418985488
1.4114219909468497,1.4035217143649041,0.049934373868503634,0.05268771170754785
1.4546129409327877,1.4432591405218467,0.043190949985937976,0.06001464834836726
1.420261380280362,1.3917908384426554,-0.03435156065242562,-0.03392903781272261
1.4443646958072902,1.433847976640748,0.024103315526928126,0.004711756850513959
1.4310819601452613,1.4383670168703862,-0.013282735662028866,-0.014144927330384366
1.3847701030298065,1.3869910280047293,-0.046311857115454824,-0.042192924721339765
1.355900247438882,1.328516917596648,-0.028869855590924587,-0.03957621937211932
1.3848265526857897,1.3972267879405114,0.028926305246907758,0.0269274779839383
1.4400971002662075,1.432849156938519,0.05527054758041783,0.060960919563120074
1.4805163791919198,1.4520588289698664,0.04041927892571229,0.045947421630583796
1.3419354212074068,1.326841583680949,-0.13858095798451298,-0.1369860977419311
1.4417720373137368,1.4545638958744387,0.09983661610632999,0.10540446450444682
1.3610897794118453,1.3486556658246571,-0.08068225790189154,-0.09307206203099357
1.3991488244096104,1.370826014262374,0.038059044997765135,0.023324531224019267
1.3788087566293945,1.364179064841915,-0.02034006778021591,-0.022740567140337425
1.402557168900922,1.4084922862268225,0.023748412271527464,0.011277301727773017
1.436419615402453,1.463854885926842,0.03386244650153114,0.020863637912471374
1.410280928821306,1.4383825192665252,-0.02613868658114704,-0.029451104897521323
1.355703208290048,1.349323249016565,-0.05457772053125809,-0.04911524564970216
1.4912419983673306,1.4626157813378415,0.13553879007728264,0.12405724794264542
1.4646349239529641,1.484707252510316,-0.026607074414366494,-0.026031055843984012
1.4207949369956214,1.4029206381077997,-0.0438399869573427,-0.06549440455731963
1.3612625094587798,1.3848122950730426,-0.059532427536841626,-0.03699004164187235
1.413505191734947,1.4235531374503458,0.05224268227616724,0.0603587576583285
1.4590967767621574,1.504779314163222,0.04559158502721039,0.050717576781889165
1.4534874987885662,1.4042984465226531,-0.005609277973591231,0.012361513565696654
1.3901191944046043,1.371560636837974,-0.0633683043839619,-0.05567549372233401
1.276398077957645,1.2938770543543594,-0.11372111644695937,-0.11651078499303388
1.4496490867792662,1.4663247233005237,0.17325100882162126,0.18956052334189274
1.4454351547205493,1.4439948991541278,-0.004213932058716896,-0.02326555267105502
1.396914000788917,1.4003581862294758,-0.048521153931632366,-0.05367243763275225
1.4637916124044237,1.482731709441625,0.06687761161550676,0.05896397488901091
1.3393603148724142,1.3533170657882647,-0.12443129753200943,-0.12707184329296753
1.3817122605382701,1.4111357921569458,0.04235194566585587,0.0564707126654179
1.4505229733192457,1.4578637503031004,0.06881071278097561,0.06751379042551109
1.431458404494256,1.4105316542854203,-0.019064568824989747,-0.02206718744126926
1.3488032396767662,1.3639524099327103,-0.0826551648174898,-0.08097453843149947
1.450760057264259,1.4549879615021106,0.10195681758749275,0.11679419996137697
1.4733492447690917,1.4654937437353313,0.022589187504832742,0.026714455295629443
1.4289540173961042,1.4381001213256797,-0.04439522737298751,-0.040087481176435694
1.3792085066278894,1.3843131962150144,-0.04974551076821476,-0.056464218282535915
1.4211456096719954,1.4136391451728016,0.04193710304410603,0.03984081225595988
1.450882858509494,1.4563789328389887,0.02973724883749851,0.04311329202006954
1.4279258308009035,1.445727204372911,-0.022957027708590427,-0.02779805135774981
1.435672815880688,1.4054299299142634,0.007746985079784441,0.020139249470196317
1.3464277387062717,1.3424130345872929,-0.08924507717441621,-0.08497576247828059
1.3885286183861365,1.3829566216531015,0.042100879679864756,0.05179463520640298
1.5066523827529568,1.4999492357447068,0.11812376436682026,0.1061166479919893
1.4566688132441754,1.4427214796174757,-0.049983569508781356,-0.055862971597085975
1.3913614099380023,1.4150031746453962,-0.06530740330617313,-0.05355398396778467
1.2643733605310823,1.2586866353499078,-0.12698804940692,-0.1298565865318839
1.4259580655517239,1.4302181265854268,0.1615847050206416,0.18013237827039577
1.4057373069245274,1.4459014250737618,-0.020220758627196522,-0.013656152300863353
1.3993979513812058,1.4118832559042536,-0.006339355543321545,-0.01411544422317936
1.4336833830179445,1.4091262747105697,0.034285431636738695,0.03979543663950768
1.326001326057714,1.3417986126973183,-0.10768205696023059,-0.10242380688181928
1.301837861489123,1.2599097601604698,-0.024163464568590864,-0.028670463050201343
1.3772946233254932,1.3654454376945182,0.07545676183637018,0.08034696881793467
1.439978211146437,1.4724806143406897,0.06268358782094374,0.05955610137623922
1.5104060006477724,1.5299710153826418,0.07042778950133544,0.07735263700854866
1.4755242630149872,1.500868516746899,-0.03488173763278524,-0.04860947923516078
1.4705077046522488,1.4612396521510949,-0.005016558362738399,-0.006798704573462064
1.3843478097858184,1.3782466847385506,-0.08615989486643039,-0.10221036465500467
1.419193912299501,1.4015045096746368,0.034846102513682586,0.015857412666911316
1.3520594130909924,1.3577468530548704,-0.06713449920850856,-0.0689879612234227
1.3756212782664705,1.367758372770449,0.02356186517547809,0.029094102723100947
1.4314030955372457,1.4247595347209479,0.055781817270775136,0.06274193986385455
1.376994249128337,1.3462769583548808,-0.05440884640890875,-0.05458128114569373
1.4232796164795039,1.4394102843823253,0.04628536735116695,0.038718694934245936
1.4791830233836065,1.4725096659745194,0.05590340690410267,0.04521382635978013
1.4111510268282463,1.412435287723026,-0.06803199655536019,-0.08742247862946721
1.4720725378501107,1.4735432554544194,0.06092151102186438,0.0747072977128437
1.4145635534362526,1.40934450358461,-0.0575089844138581,-0.06550694154217751
1.4214704196823214,1.420497814828046,0.0069068662460687325,0.011566088408553128
1.4038313117706307,1.3970068550668986,-0.017639107911690655,-0.011436138090411954
1.3411249269630081,1.315585807296834,-0.06270638480762258,-0.06391736620696156
1.4104121867713206,1.427384009539552,0.06928725980831252,0.07103054149142608
1.3593028183995408,1.321110427014233,-0.05110936837177982,-0.047467091863725074
1.4340674307028276,1.4276528708458016,0.07476461230328679,0.07370502042779213
1.3533247205273995,1.3746353281154233,-0.08074271017542811,-0.08904297342708556
1.5013764115551382,1.4914978589998595,0.14805169102773874,0.1454938185843628
1.411358014617161,1.440032114063358,-0.09001839693797731,-0.08958537022603008
1.4116055382810784,1.4229332548265916,0.0002475236639174483,-0.01638919128380703
1.3262586286523697,1.344319720894477,-0.08534690962870872,-0.08397391350104626
1.4298366410358507,1.4180575099109973,0.10357801238348108,0.10087898209258295
1.49364432811719,1.5009630390247748,0.06380768708133933,0.061557092332831014
1.3829989037594963,1.3736995369885723,-0.11064542435769376,-0.10692695712709645
1.4702233444435828,1.4472239098347899,0.08722444068408652,0.07975611864524554
1.5498350451818834,1.5769987461614354,0.0796117007383006,0.08651634827907305
1.4162301837293303,1.4017682917119434,-0.13360486145255313,-0.13335092578035862
1.396991726545001,1.4008722036092052,-0.01923845718432937,-0.02574267021606311
1.4613619879430324,1.448324875600754,0.06437026139803148,0.05151670148987292
1.36956849552719,1.3816028318098568,-0.09179349241584234,-0.1061896110135375
1.3744609384407,1.3752150442115698,0.004892442913509987,0.002210879321664906
1.4213148859059817,1.3979319464015125,0.0468539474652816,0.050544962708459734
1.4351512444571235,1.441785378409116,0.013836358551141847,0.013548067969414832
1.3835871671126272,1.36018299866207,-0.051564077344496306,-0.06285988540895801
1.5732358181720039,1.5345732532313157,0.18964865105937667,0.18220753129652906
1.393857492103375,1.3677914007270566,-0.1793783260686288,-0.18119662261147285
1.4398071163457193,1.4619940611692888,0.04594962424234428,0.05844009546677223
1.4338478135530297,1.4192922069981295,-0.005959302792689636,-0.009094644031657422
1.4276989672671276,1.4342713247916337,-0.006148846285902065,4.482723620927772e-05
1.362565251958428,1.3657349709054503,-0.06513371530869971,-0.06657536977162667
1.445295784838825,1.4654010214389803,0.08273053288039711,0.08928895338352508
1.3729363252952962,1.3515635239897563,-0.07235945954352885,-0.06831784939446886
1.4202694091053976,1.4162141600235059,0.04733308381010137,0.036743479686416586
1.402207636506528,1.410682666722982,-0.018061772598869652,-0.01611416152327119
1.4480080667993052,1.4492003081542641,0.04580043029277725,0.06034820948244639
1.3920270814838074,1.3776318789437296,-0.05598098531549778,-0.06176856394901246
1.5460653628982934,1.5300047244011519,0.15403828141448606,0.16535806838329742
1.4640082179254126,1.469122617554429,-0.08205714497288086,-0.07321382545823174
1.4535926979841736,1.4220194551085907,-0.010415519941239015,-0.024442104431628957
1.4188911584505164,1.4046826874390848,-0.03470153953365718,-0.03387084156730964
1.338841487242555,1.3513252440155945,-0.08004967120796147,-0.08491742804112937
1.3974085161936078,1.4085991034918732,0.058567028951052924,0.07828181889004704
1.4618076990722941,1.479700037957938,0.06439918287868629,0.07583418071020183
1.3920185927299362,1.3695013363087385,-0.06978910634235791,-0.06263597237153573
1.4921935808763662,1.511583660543171,0.10017498814643,0.09269378222019536
1.411106807330893,1.4033862886725226,-0.08108677354547322,-0.06097929002710495
1.558076496950727,1.5460220027629767,0.14696968961983403,0.16141223895282378
1.4007317528225771,1.3878664346425413,-0.15734474412814992,-0.14881199104593842
1.4638404199665302,1.4123105014484734,0.06310866714395313,0.05551911586595568
1.4736847225837955,1.4687231287028413,0.00984430261726521,0.02015744041865159
1.455828585229184,1.4348659556802073,-0.017856137354611556,-0.016425964550558
1.4222611381622536,1.4425077528139798,-0.03356744706693027,-0.018833483172814487
1.4775882122539186,1.4908479401239831,0.05532707409166493,0.04662486504251055
1.3942117268361809,1.369423950716449,-0.08337648541773768,-0.08612841928517645
1.329486756146207,1.3273109419191047,-0.06472497068997396,-0.07605453733420056
1.393062005578485,1.4015652606266624,0.0635752494322781,0.06487250002504248
1.400464527616505,1.3857795674365248,0.007402522038020054,0.023361132061728587
1.4399418476578925,1.4456595496493116,0.039477320041387376,0.024219759012667777
1.45161578781613,1.4458594261845392,0.011673940158237528,0.007018028677823495
1.483750970617237,1.4528756804157523,0.03213518280110694,0.020165944882964693
1.5399060602170058,1.5596587872009864,0.05615508959976889,0.06945991312971812
1.3712052246787538,1.3931585374630646,-0.168700835538252,-0.1635315908259627
1.4071217974708514,1.4076742661936268,0.03591657279209759,0.046414881478826234
1.4151951117806327,1.4106044603126189,0.00807331430978131,0.014070793661325291
1.4588619237091003,1.4616766631851155,0.04366681192846755,0.03150368112460458
1.530779573742649,1.5247884793580893,0.07191765003354877,0.07002637535375152
1.452663893771018,1.475279582964618,-0.07811567997163116,-0.08211575562276521
1.4438683238396026,1.4413118839724248,-0.008795569931415281,-0.0041138909610457745
1.4997453034785435,1.4949450391269148,0.055876979638940893,0.058368017005859196
1.4069191406915986,1.3835182971868145,-0.09282616278694489,-0.09407530454062776
1.4231502240630682,1.4255841764161503,0.016231083371469612,0.019954909856242434
1.4369294200370204,1.466776426994978,0.013779195973952163,0.002641845437005538
1.4440873915947294,1.43771531189257,0.007157971557709031,0.008297287622740823
1.4014909774791762,1.4039370157717408,-0.04259641411555326,-0.03849591566164019
1.5023544629420338,1.5149871045874816,0.10086348546285762,0.0969611684647878
1.495905149655058,1.459237717871125,-0.006449313286975844,-0.0023452039318438015
1.5051640597832316,1.5242267125312627,0.009258910128173703,0.011448709372185516
1.4473942711144212,1.4533357695011282,-0.05776978866881044,-0.0462467232100538
1.385186628353322,1.3629651192365801,-0.062207642761099136,-0.06642992729169761
1.428755618529462,1.415606125310875,0.04356899017614002,0.04389398099723803
1.4451413758126412,1.4522627191125808,0.016385757283179148,0.0005503372896655534
1.4610842798823152,1.43559661885115,0.015942904069673913,0.026773252352349564
1.5400403182023155,1.532967911636744,0.07895603832000031,0.09178104718468355
1.5032469016445016,1.5363433006216167,-0.036793416557813874,-0.03507470927564699
1.406366348414851,1.4149673954168458,-0.09688055322965061,-0.10006604834052411
1.4463628886139293,1.4762811075397724,0.03999654019907828,0.03325708647852372
1.3978703650675186,1.4146315026613203,-0.04849252354641065,-0.05083620666790004
1.4597768507263713,1.454511442416236,0.061906485658852706,0.06635168985730834
1.4851312648999149,1.4690547871698767,0.02535441417354356,0.02521649615007876
1.5193838411739768,1.5612825733445812,0.034252576274061974,0.041297521188413205
1.3775064677961992,1.3686016970194486,-0.14187737337777762,-0.14212133119444104
1.4708210217276385,1.4350812295705804,0.09331455393143928,0.09981639392481928
1.3929976590911473,1.3928419249353035,-0.07782336263649126,-0.0883119259811403
1.5114350462387396,1.5018360615789341,0.11843738714759233,0.12134879424938902
1.5102075239627948,1.5095575612803775,-0.0012275222759448035,-0.005750055282830765
1.5035990633049638,1.4931188298445832,-0.006608460657830939,0.0025016544960485727
1.4111863586662345,1.4097244930438912,-0.0924127046387293,-0.09091027321852882
1.5211719264419212,1.5182481035744544,0.10998556777568669,0.10943029095269208
1.3574463408651596,1.3556999053832441,-0.16372558557676165,-0.15516915089812627
1.4659527944344373,1.496987843980341,0.10850645356927768,0.09530743873131814
1.4015144405250255,1.3996118681814178,-0.06443835390941177,-0.0647576054858079
1.4326565470418153,1.4234024801113043,0.031142106516789836,0.03482571367770492
1.429851350013207,1.413260214466051,-0.002805197028608264,0.006772698769208349
1.5212652086598482,1.5317795934833052,0.09141385864664109,0.09456066923200364
1.4225893346206082,1.361726135329096,-0.09867587403923994,-0.09566753277084021
1.5113184812382137,1.4990145261306385,0.08872914661760545,0.09616894354086716
1.503125490755685,1.5206012008421315,-0.00819299048252864,-0.013472532723970329
1.4388060876912765,1.4464703935638394,-0.06431940306440853,-0.06088377800079273
1.4742787054039517,1.5003647740310613,0.03547261771267518,0.019990279616838975
1.4027769540971198,1.4221156589202466,-0.0715017513068319,-0.07382272876932583
1.383994472234913,1.3833036717305949,-0.01878248186220688,-0.010252572138296999
1.4244604252969193,1.447238125097676,0.0404659530620064,0.03676617559575831
1.3986601280785362,1.4159092166087763,-0.02580029721838306,-0.040604203780908905
1.410186907569277,1.4156080373347582,0.011526779490740768,-0.0034386453108055885
1.432394241132323,1.4403186676759099,0.02220733356304594,0.024283475389930247
1.4480703283893974,1.4598641988451189,0.015676087257074478,0.013262742452489675
1.4229397663294603,1.4469540068428457,-0.025130562059937134,-0.024195692653454115
1.4566888748959703,1.440312992039024,0.03374910856651003,0.006657353033933094
1.427795223953064,1.4301111008637686,-0.0288936509429063,-0.01817487815505045
1.4764989826154937,1.46997900057349,0.04870375866242971,0.03831365405005173
1.4700505871591147,1.476774212912791,-0.006448395456378986,0.006262347792315267
1.4293040781438413,1.446840839832725,-0.040746509015273435,-0.02956514849521105
1.4265190850072091,1.3907235130936428,-0.0027849931366321634,0.00934882394495205
1.4731678967326125,1.4698317750750214,0.04664881172540336,0.042914131650084286
1.4828880517464673,1.4757413230729663,0.009720155013854814,-0.0035608403907556752
1.4236051003827759,1.4470409087761387,-0.05928295136369144,-0.07715756052894243
1.4279468382327591,1.394175761837766,0.004341737849983263,0.015130641582643895
1.4031496849812506,1.413567286913927,-0.024797153251508552,-0.018326219032895278
1.4513050241361367,1.4138966456999529,0.04815533915488612,0.061452915433755056
1.4048598697944994,1.4358514014708044,-0.04644515434163732,-0.054997275367843365
1.5126287895618888,1.5182978527575743,0.10776891976738945,0.09805783391411874
1.431452538708129,1.4211754863180512,-0.0811762508537599,-0.07334946139707396
1.520639770025432,1.5088674491232001,0.089187231317303,0.08656880105550215
1.4856117796993897,1.4890727527777108,-0.0350279903260422,-0.02864700840736627
1.3645442277771709,1.3702289183055105,-0.12106755192221885,-0.12275995994266693
1.4620477332658794,1.479277785792883,0.09750350548870856,0.09376137164559317
1.5525086059224722,1.5701900523962882,0.09046087265659275,0.08395523095226701
1.4742860521313064,1.4681894850785067,-0.07822255379116583,-0.06893868596357056
1.387514036292373,1.3854221026979794,-0.08677201583893335,-0.08598221438103833
1.5127360401744796,1.5383286928337678,0.12522200388210658,0.13680096816374007
1.4680120037533428,1.453736439277569,-0.04472403642113676,-0.033241759795443165
1.5269124550701416,1.4703819854931819,0.058900451316798774,0.05881545622344079
1.3453060083730348,1.3657837468853908,-0.1816064466971068,-0.1805360364137607
1.4459256684557562,1.4466443152110557,0.10061966008272138,0.11018187536114704
1.3438710403685856,1.369102508440399,-0.10205462808717058,-0.114053260941529
1.5438006667550581,1.5342479225831667,0.1999296263864725,0.1946639629026638
1.423646015930689,1.44093098464579,-0.12015465082436916,-0.10879857046255918
1.4525297708862974,1.4339692430943776,0.028883754955608465,0.038123580236143935
1.5073247232075309,1.497024995816773,0.05479495232123344,0.050716404709913454
1.4263322231874949,1.4397215363688394,-0.080992500020036,-0.07817277909960575
1.4161858939697654,1.4178092562551954,-0.01014632921772951,-0.007335057756933032
1.461867770768176,1.4888735943487788,0.045681876798410626,0.04030091815967183
1.4981250518666998,1.4935278992801115,0.036257281098523775,0.04599865874554192
1.5072679763465022,1.5155019098392348,0.009142924479802472,0.02580300202718014
1.4817380278669634,1.4742460433298503,-0.025529948479538822,-0.03332962145278426
1.476779596828637,1.4538709776274175,-0.004958431038326383,-0.00870472342320557
1.4728948777571653,1.4943998913958532,-0.0038847190714716984,-0.0031793701526028426
1.4550348159848374,1.4369478482694633,-0.017860061772327906,-0.01540433031536495
1.4676043959562182,1.4393973728908886,0.012569579971380751,0.02134101102568852
1.4448274895314823,1.4515342123377075,-0.022776906424735843,-0.032690339509770336
1.5335390903116777,1.551810910380116,0.08871160078019535,0.09002273398904007
1.5139488439221196,1.5175259819017588,-0.019590246389558086,-0.010025854645907394
1.5023734353109086,1.5139656825789778,-0.01157540861121098,-0.013864563427229719
1.5240709867962525,1.515616463184764,0.021697551485343913,0.012322322886227574
1.4856889835459197,1.503010505898082,-0.03838200325033281,-0.03738244919245751
1.3944407299587465,1.3896942412930773,-0.09124825358717326,-0.09563571849613292
1.5830595034546509,1.5727403679294865,0.1886187734959044,0.1850213274777627
1.3702534258208925,1.3776065677135623,-0.21280607763375836,-0.20230635015955528
1.4344820449393725,1.435773009402248,0.06422861911847999,0.05006893789919694
1.4284120216605154,1.4446070795421686,-0.006070023278857084,-0.0028851502373432375
1.4099607921030308,1.4142752730313974,-0.018451229557484572,-0.028253881295688944
1.401834573454128,1.3940384556229912,-0.008126218648902839,-0.008577026618785686
1.4645626926180884,1.4404042411851754,0.06272811916396037,0.055902823572985934
1.486908340454362,1.4774381797476273,0.022345647836273574,0.021675318815138563
1.4315706156013093,1.419010134678999,-0.05533772485305266,-0.06885572752354374
1.4856146819007876,1.5115800224641052,0.05404406629947833,0.05530295266540857
1.4306897163308852,1.4406806703352044,-0.05492496556990245,-0.05804580094688867
1.552783014710022,1.5307427588297584,0.12209329837913674,0.1239570810458141
1.4743022712236062,1.4431335923649573,-0.07848074348641565,-0.0711962376395968
1.5140851725816231,1.513551380149237,0.039782901358016876,0.02955912046129763
1.5632657735399675,1.5574620812757467,0.04918060095834442,0.043220956799949334
1.447108574914107,1.4307930774060105,-0.11615719862586049,-0.10771977592260423
1.5269143513466805,1.537657636499913,0.07980577643257347,0.06656339094761603
1.4268799999073918,1.4206744210663074,-0.10003435143928874,-0.10009668688074863
1.4190856169545594,1.3732782276966373,-0.007794382952832413,-0.019246666317598603
1.5201402079450008,1.5328622016237297,0.10105459099044145,0.10778851908366012
1.4385374459006577,1.4139962700155826,-0.08160276204434314,-0.08694978919138355
1.422717242038634,1.4162193205612008,-0.015820203862023652,-0.02977003907652096
1.5143929913656469,1.5189903343824038,0.09167574932701283,0.08924864921035552
1.508147353069889,1.510383137684596,-0.0062456382957578604,-0.008350914925936023
1.525303771694691,1.5544872523594016,0.017156418624801884,0.02512883502843078
1.4058768278075704,1.4099617901940669,-0.1194269438871205,-0.1059156772788829
1.531288735485425,1.5802309754125166,0.1254119076778546,0.13500040805959698
1.613141999249921,1.6090739308895279,0.08185326376449598,0.06926516308935583
1.5349209927666734,1.5589741070400938,-0.07822100648324759,-0.06963118316767143
1.4331096751487236,1.429530676384097,-0.10181131761794981,-0.0796647456267927
1.4337778120407654,1.4251331606435838,0.0006681368920418151,0.004203052743037291
1.535338086736422,1.5300751070471588,0.10156027469565654,0.09742749675867397
1.4307727356668385,1.386723880298604,-0.10456535106958342,-0.09144317146762301
1.4163775556424039,1.4255036574316722,-0.014395180024434628,-0.028336721666036277
1.5145888305835415,1.5039947932169748,0.09821127494113768,0.09835314276200588
1.3822039241753248,1.365975969075086,-0.13238490640821676,-0.13435579272212486
1.4258613252667252,1.4524863816599338,0.04365740109140037,0.03850142750997021
1.453389900782283,1.4426034638269585,0.027528575515557874,0.027063206300828892
1.5133047179240686,1.5192522109553903,0.05991481714178559,0.058775917069837536
1.474763902208036,1.457075778290486,-0.03854081571603252,-0.04580887297536174
1.5251039466516723,1.5194864562240396,0.050340044443636156,0.048471581941714054
1.5150910510892956,1.5254793575863,-0.010012895562376611,-0.013636104036085872
1.5069042629561318,1.4632414234810798,-0.00818678813316387,-0.009534285296568464
1.522206101729536,1.506683718216119,0.015301838773404297,0.013754724613380771
1.5257373781251462,1.5300344013747784,0.003531276395610128,0.013044451442611122
1.514163922193126,1.5176482435137506,-0.011573455932020194,-0.008381720567157759
1.5677328578734793,1.5825963606744358,0.05356893568035326,0.06382281137469788
1.488543983165643,1.473439011208601,-0.0791888747078362,-0.09786709953111611
1.416364943200239,1.3997697014521018,-0.07217903996540409,-0.08031752693493041
1.5145688631357266,1.5350579512739442,0.0982039199354876,0.10273348515856334
1.5731842090977843,1.6025660541121214,0.05861534596205775,0.04828628505405516
1.4593941887229591,1.459921490063788,-0.11379002037482522,-0.09278260772875424
1.5269222457207763,1.5345876718406848,0.06752805699781717,0.06780189984561767
1.4137773760598673,1.4272998718532128,-0.11314486966090898,-0.11143252536932306
1.5226026495305574,1.525325217420688,0.10882527347069004,0.115131046358391
1.4630135407310603,1.465370002108839,-0.05958910879949708,-0.05159321581843873
1.3805837731401749,1.3485949424566168,-0.08242976759088538,-0.08697559978961825
1.5407776682408965,1.5484517721228963,0.16019389510072157,0.14115520430546832
1.4623115156997955,1.4768142570993004,-0.07846615254110101,-0.07338946651836252
1.4202489218283867,1.4508361909698815,-0.04206259387140876,-0.047402876013850834
1.4220508953748638,1.4229510925121367,0.0018019735464771536,0.006008372436036398
1.4649046476929342,1.5002880687699918,0.042853752318070315,0.046797898788656964
1.4866495022574926,1.5019840743389243,0.021744854564558436,0.03581906812573497
1.457483657503173,1.4638256769100604,-0.029165844754319492,-0.034011989163458566
1.4833225892419044,1.4823349972874156,0.025838931738731308,0.03426799091844312
1.5444636129982465,1.5454978819066576,0.06114102375634212,0.07588717570606987
1.479457801585096,1.4983696195835707,-0.06500581141315043,-0.0674083768332095
1.4898562916828284,1.508976001285414,0.010398490097732305,0.0030708916849215076
1.4261989316026311,1.4094214169049255,-0.06365736008019729,-0.06961491770412509
1.489244793499463,1.4750895597872575,0.06304586189683192,0.046067764482033396
1.493212358976566,1.5131967737720953,0.0039675654771029745,0.00038093252920661826
1.4633848983982625,1.475308243956834,-0.029827460578303544,-0.03621311026917031
1.480279247482177,1.4816688976628614,0.016894349083914628,0.01101608478660546
1.4878285884444182,1.5107031536275666,0.007549340962241136,-0.002985344395064893
1.5044787348474493,1.5336748590005358,0.016650146403031085,0.015431287160215485
1.436037426093164,1.4696069627747106,-0.06844130875428522,-0.04565460004630112
1.480510691241826,1.4641524222420135,0.0444732651486619,0.04703867957199629
1.5022124214364125,1.4755826074614928,0.021701730194586544,0.005625433390957342
1.4025002946572755,1.4293622675816877,-0.09971212677913699,-0.0946682190321244
1.4075143053239378,1.3991533317586395,0.005014010666662294,0.007056213746691336
1.4770603468144021,1.4371713938422022,0.06954604149046428,0.07450690794906752
1.4608066236278199,1.4578131244192705,-0.016253723186582247,-0.01604590261663761
1.420765959247259,1.458731007386089,-0.040040664380560864,-0.04921269477937992
1.5226545764854889,1.500199020948923,0.10188861723822984,0.08739174985508354
1.5504806247987644,1.5057604119155976,0.02782604831327551,0.029243434146946586
1.4997188876560388,1.4784396782566793,-0.05076173714272558,-0.040184109997921935
1.4802990068330044,1.4555503828877467,-0.019419880823034363,-0.03685981074833036
1.4621835941598103,1.4763436836324537,-0.018115412673194164,-0.020002776326370233
1.4370863470066715,1.4476885956784384,-0.02509724715313877,-0.020875136465907492
1.5124602205916209,1.4826304874934024,0.0753738735849494,0.0849641531315271
1.4241964961175269,1.43873292764644,-0.08826372447409403,-0.09331610692077152
1.3792247819538996,1.3887445325294585,-0.04497171416362722,-0.06379443001735216
1.4334846279960887,1.4537705022400282,0.05425984604218903,0.06180479860407781
1.4705082079873268,1.4841768706974208,0.037023579991238176,0.03261268999934265
1.449896167730253,1.4364433794368137,-0.02061204025707375,-0.024532823704157325
1.5819197539771068,1.579979655386598,0.13202358624685373,0.12183197429670257
