Actual_Level,Predicted_Level,Actual_DeltaH,Predicted_DeltaH
10.0,9.994888747880697,0.0,-0.0051112521193023355
10.000342582406287,9.987458763100728,0.00034258240628585497,-0.012541236899273025
10.000685160791921,9.977146469715434,0.000685160791920121,-0.022853530284565767
10.001027731136299,10.021517163186271,0.0010277311362983969,0.021517163186270977
10.00137028941891,9.997890046703946,0.0013702894189106557,-0.0021099532960551096
10.001712831619388,9.97315736832914,0.0017128316193884313,-0.026842631670859176
10.002055353717552,9.9976257259968,0.002055353717552003,-0.002374274003199946
10.002397851693457,9.979254263422073,0.0023978516934575755,-0.020745736577927856
10.002740321527444,9.985674845240025,0.0027403215274444614,-0.014325154759975622
10.003082759200183,9.996485173825356,0.003082759200182254,-0.003514826174643947
10.003425160692718,10.020222212844931,0.003425160692718001,0.020222212844932055
10.003767521986523,9.990266019980874,0.0037675219865233745,-0.009733980019125763
10.004109839063542,9.9950038745718,0.004109839063541827,-0.004996125428199924
10.004452107906236,9.998820567009435,0.004452107906235755,-0.0011794329905654485
10.004794324497635,10.00377779118272,0.004794324497633649,0.0037777911827210344
10.005136484821378,9.993080392357065,0.005136484821377232,-0.006919607642935229
10.005478584861768,9.990590489472124,0.005478584861768609,-0.009409510527875881
10.005820620603817,9.975043310304203,0.00582062060381738,-0.024956689695796803
10.006162588033288,10.01026364601196,0.006162588033287777,0.010263646011960772
10.006504483136746,10.012518965431061,0.006504483136745765,0.012518965431061738
10.006846301901605,9.988770853682606,0.006846301901606152,-0.011229146317394434
10.00718804031618,10.005473321737558,0.007188040316179677,0.00547332173755759
10.00752969436972,9.993045030588313,0.007529694369720096,-0.0069549694116879
10.007871260052472,10.028725242251602,0.00787126005247125,0.028725242251601994
10.008212733355714,10.018227703796365,0.008212733355714126,0.018227703796365215
10.008554110271813,10.019032167665282,0.00855411027181391,0.01903216766528145
10.008895386794267,10.015557486027786,0.008895386794267011,0.015557486027786834
10.009236558917747,10.018044958821417,0.009236558917748093,0.01804495882141644
10.009577622638156,9.998990406076267,0.009577622638157077,-0.0010095939237331052
10.009918573952666,10.052875900520725,0.00991857395266613,0.05287590052072465
10.010259408859767,9.98238915613553,0.010259408859766657,-0.017610843864468463
10.010600123359316,10.044476458032557,0.01060012335931625,0.044476458032557675
10.010940713452586,10.022377808745553,0.010940713452585647,0.022377808745553313
10.011281175142306,10.027955057174275,0.011281175142305647,0.027955057174275145
10.011621504432714,9.995154501867482,0.011621504432714043,-0.0048454981325183714
10.011961697329603,10.008149004563691,0.011961697329602498,0.008149004563690472
10.012301749840363,10.045415384177192,0.012301749840363434,0.04541538417719212
10.012641657974036,9.997869458567909,0.012641657974036888,-0.002130541432091253
10.012981417741358,9.98917347071461,0.012981417741357349,-0.010826529285389883
10.0133210251548,9.97265699910644,0.013321025154800584,-0.027343000893559177
10.01366047622863,10.041487773731843,0.01366047622863042,0.04148777373184319
10.013999766978946,10.023100050621665,0.013999766978945546,0.0231000506216651
10.014338893423727,10.012447188162387,0.014338893423726249,0.012447188162386618
10.014677851582881,10.057192308706325,0.014677851582881164,0.05719230870632524
10.015016637478293,9.984153270885752,0.01501663747829396,-0.015846729114247983
10.01535524713387,9.996880865715193,0.015355247133870068,-0.0031191342848067728
10.015693676575584,10.005954116071667,0.015693676575583307,0.0059541160716671745
10.016031921831523,10.036445447173799,0.01603192183152255,0.03644544717379862
10.01636997893194,9.99729085189479,0.016369978931938325,-0.002709148105208753
10.01670784390929,9.989101771129137,0.016707843909289418,-0.01089822887086311
10.017045512798289,10.021036191755043,0.017045512798289416,0.021036191755042483
10.017382981635953,9.967954015736924,0.01738298163595327,-0.03204598426307702
10.017720246461645,10.00813924670767,0.017720246461643795,0.00813924670766953
10.018057303317118,10.003807169103537,0.018057303317118148,0.0038071691035372075
10.018394148246575,10.035458635559271,0.018394148246574288,0.035458635559271506
10.018730777296698,10.015220936744583,0.01873077729669741,0.015220936744582667
10.019067186516706,9.986520665378146,0.019067186516706316,-0.01347933462185457
10.0194033719584,10.018349829171967,0.019403371958399827,0.018349829171966824
10.019739329676202,10.068112423634588,0.019739329676203073,0.06811242363458798
10.020075055727213,10.03701087490008,0.020075055727213836,0.03701087490008005
10.020410546171249,10.020111469723826,0.02041054617124879,0.020111469723825368
10.020745797070889,10.036690330950181,0.020745797070889794,0.03669033095018123
10.02108080449153,10.043838920590872,0.021080804491530047,0.04383892059087137
10.021415564501421,10.012813568850959,0.021415564501420306,0.012813568850959163
10.021750073171715,10.006102361455978,0.02175007317171501,0.006102361455977794
10.022084326576518,10.00210163903624,0.02208432657651839,0.002101639036240218
10.02241832079293,10.040711122558916,0.022418320792930574,0.040711122558916096
10.022752051901094,10.025331390347153,0.022752051901093577,0.025331390347152802
10.023085515984237,10.00134789670882,0.02308551598423735,0.0013478967088196674
10.023418709128725,10.007410577671566,0.023418709128725717,0.00741057767156502
10.023751627424103,10.010117608665077,0.023751627424102337,0.010117608665077134
10.024084266963136,10.026195173029958,0.02408426696313657,0.02619517302995875
10.02441662384187,10.032820011524498,0.02441662384186935,0.032820011524498365
10.024748694159658,10.000209109051188,0.024748694159659003,0.00020910905118744563
10.025080474019227,10.014789727731879,0.025080474019227,0.014789727731879504
10.025411959526703,10.03287679874952,0.025411959526703755,0.032876798749519015
10.025743146791674,10.014210990525365,0.02574314679167425,0.014210990525365669
10.026074031927223,10.02342983065504,0.026074031927223768,0.023429830655039664
10.026404611049983,10.00546192903678,0.026404611049983436,0.0054619290367806834
10.026734880280175,10.003186870971804,0.02673488028017587,0.0031868709718044334
10.02706483574166,10.040091331780834,0.027064835741660676,0.040091331780834336
10.02739447356198,10.040741597595687,0.027394473561979937,0.04074159759568743
10.027723789872404,10.030735007716071,0.027723789872403665,0.030735007716070736
10.028052780807975,10.019033501965398,0.028052780807975228,0.019033501965397364
10.028381442507557,10.007876605734944,0.02838144250755667,0.00787660573494368
10.028709771113874,10.060803834799257,0.028709771113874072,0.0608038347992573
10.029037762773562,10.041658653958084,0.02903776277356279,0.04165865395808425
10.029365413637212,10.026865219597775,0.029365413637212668,0.026865219597774694
10.029692719859414,10.039652079720856,0.029692719859413276,0.03965207972085566
10.0300196775988,10.035572645398272,0.030019677598798967,0.03557264539827265
10.030346283018094,10.044031079141186,0.030346283018094018,0.04403107914118591
10.030672532284157,10.055766855546393,0.030672532284157616,0.055766855546393754
10.030998421568029,10.015280661676533,0.0309984215680289,0.015280661676532727
10.031323947044973,10.024673774718488,0.03132394704497186,0.02467377471848851
10.03164910489452,10.009232092550718,0.03164910489452021,0.00923209255071767
10.031973891300522,10.079853634068787,0.03197389130052229,0.07985363406878629
10.032298302451185,10.024676949866361,0.03229830245118579,0.024676949866360175
10.032622334539122,9.998165691413183,0.03262233453912252,-0.0018343085868174416
10.032945983761394,10.010349640980111,0.0329459837613931,0.010349640980110902
10.033269246319552,10.02739888905906,0.03326924631955153,0.02739888905906168
10.03359211841969,10.037414072993448,0.03359211841968988,0.037414072993448316
10.033914596272483,10.040393797674914,0.03391459627248271,0.040393797674913925
10.034236676093231,10.048623620572192,0.034236676093231604,0.048623620572191946
10.03455835410191,10.041448994720987,0.034558354101909564,0.041448994720987245
10.034879626523205,10.056102342885445,0.034879626523205386,0.056102342885445036
10.035200489586568,10.043810050832757,0.035200489586567976,0.04381005083275805
10.03552093952625,10.026371001594372,0.03552093952625057,0.02637100159437105
10.035840972581354,10.027710911175893,0.035840972581354956,0.02771091117589357
10.036160584995876,10.024756901525201,0.0361605849958756,0.02475690152520109
10.036479773018744,10.0284069627082,0.03647977301874376,0.02840696270820022
10.036798532903871,10.04144897909315,0.03679853290387144,0.04144897909314985
10.037116860910196,10.045513398276547,0.03711686091019544,0.04551339827654774
10.03743475330172,10.077888691916046,0.037434753301721205,0.0778886919160463
10.037752206347566,10.052078234605357,0.03775220634756668,0.05207823460535775
10.038069216322006,10.048356033183335,0.03806921632200612,0.04835603318333511
10.038385779504514,10.027751513491761,0.038385779504513794,0.02775151349176213
10.038701892179807,10.06057445848178,0.038701892179807657,0.06057445848178031
10.039017550637894,10.00826380085421,0.039017550637892945,0.008263800854210114
10.039332751174106,10.032076285078592,0.03933275117410576,0.0320762850785911
10.039647490089157,10.010666237401209,0.03964749008915646,0.010666237401207847
10.039961763689174,10.028861903902055,0.03996176368917318,0.02886190390205503
10.040275568285745,10.060871658375712,0.040275568285745106,0.06087165837571185
10.040588900195965,10.038630736858558,0.04058890019596581,0.038630736858557155
10.040901755742476,10.048634804107255,0.04090175574247643,0.04863480410725591
10.04121413125351,10.045093039900436,0.04121413125350888,0.045093039900436074
10.041526023062929,10.021960128625537,0.0415260230629289,0.021960128625537163
10.041837427510279,10.048213631027737,0.04183742751027911,0.04821363102773671
10.042148340940821,10.064306214535076,0.04214834094082195,0.0643062145350767
10.042458759705582,10.042501335006726,0.04245875970558258,0.04250133500672603
10.042768680161391,10.080340663441206,0.04276868016139172,0.08034066344120508
10.043078098670929,10.044311191326498,0.043078098670928405,0.044311191326498384
10.043387011602762,10.074490471942577,0.04338701160276265,0.0744904719425768
10.043695415331397,10.056096131833929,0.04369541533139806,0.0560961318339284
10.044003306237315,10.043041546075143,0.04400330623731446,0.04304154607514319
10.04431068070701,10.02563030997248,0.044310680707010275,0.025630309972479753
10.044617535133044,10.074942586842544,0.044617535133045,0.07494258684254389
10.04492386591408,9.996110693952726,0.044923865914081505,-0.0038893060472742977
10.045229669454928,10.07455447040982,0.045229669454928345,0.07455447040981963
10.045534942166581,10.07832910180779,0.04553494216658191,0.07832910180779101
10.045839680466269,10.043223563262691,0.04583968046626856,0.04322356326269119
10.046143880777487,10.030391868569003,0.04614388077748668,0.030391868569003853
10.046447539530048,10.037225216195099,0.046447539530048654,0.03722521619509886
10.046750653160123,10.009923188890518,0.04675065316012276,0.009923188890518339
10.047053218110275,10.049993719006002,0.04705321811027502,0.04999371900600155
10.047355230829512,10.055049235243853,0.04735523082951089,0.05504923524385338
10.047656687773317,10.035022261646484,0.04765668777331701,0.035022261646482956
10.047957585403703,10.030390067760083,0.04795758540370276,0.03039006776008299
10.048257920189242,10.038347567205387,0.0482579201892418,0.038347567205386186
10.048557688605113,10.070023119472697,0.04855768860511349,0.07002311947269729
10.048856887133145,10.048679155577078,0.04885688713314429,0.04867915557707743
10.04915551226185,10.073521401780834,0.049155512261849034,0.0735214017808341
10.049453560486473,10.027597809252294,0.049453560486472155,0.027597809252293066
10.049751028309029,10.063261940114893,0.0497510283090288,0.06326194011489242
10.050047912238346,9.987584033417184,0.050047912238345885,-0.012415966582816934
10.050344208790102,10.05567062235825,0.050344208790103095,0.05567062235824878
10.050639914486874,10.046254558537743,0.050639914486873716,0.04625455853774356
10.050935025858166,10.070677997235226,0.05093502585816556,0.0706779972352259
10.051229539440461,10.08196576494914,0.05122953944046155,0.08196576494914144
10.05152345177726,10.073971765064233,0.051523451777260476,0.07397176506423314
10.051816759419118,10.056315246223228,0.051816759419117536,0.056315246223227984
10.052109458923685,10.069395444578523,0.05210945892368479,0.06939544457852383
10.052401546855751,10.060112727235484,0.052401546855751616,0.060112727235483825
10.052693019787284,10.06239702381047,0.05269301978728496,0.06239702381047033
10.05298387429747,10.05689182949301,0.05298387429746959,0.05689182949300932
10.053274106972749,10.025692796837722,0.05327410697274833,0.025692796837722756
10.053563714406861,10.067086276179714,0.053563714406861966,0.06708627617971298
10.05385269320089,10.056865818434725,0.05385269320088934,0.056865818434725296
10.054141039963287,10.072394221213644,0.05414103996328721,0.07239422121364396
10.05442875130993,10.042062083436328,0.054428751309930024,0.042062083436328515
10.05471582386415,10.045295633891302,0.05471582386414972,0.045295633891302194
10.055002254256776,10.04603965019943,0.05500225425677522,0.04603965019943061
10.055288039126172,10.046936492991644,0.05528803912617211,0.04693649299164361
10.055573175118282,10.080246001372988,0.055573175118282005,0.08024600137298764
10.055857658886662,10.063047381947591,0.05585765888666196,0.06304738194759145
10.056141487092523,10.040096382513628,0.05614148709252373,0.0400963825136284
10.056424656404772,10.063080095437988,0.0564246564047729,0.0630800954379879
10.056707163500048,10.038276752866222,0.0567071635000481,0.03827675286622277
10.05698900506276,10.009093293327407,0.05698900506275992,0.009093293327407465
10.05727017778513,10.056047287230463,0.05727017778512981,0.05604728723046257
10.057550678367228,10.047620860988962,0.05755067836722896,0.04762086098896184
10.057830503517017,10.073109599236329,0.05783050351701701,0.07310959923632904
10.058109649950381,10.05232953697228,0.05810964995038066,0.05232953697228115
10.058388114391173,10.068147360652764,0.05838811439117228,0.06814736065276364
10.058665893571249,10.06667282665398,0.05866589357124823,0.06667282665397894
10.058942984230507,10.026141852269538,0.05894298423050736,0.02614185226953699
10.059219383116929,10.057567151670147,0.0592193831169292,0.05756715167014678
10.059495086986612,10.079257940614578,0.05949508698661215,0.07925794061457767
10.059770092603811,10.068699019289108,0.05977009260381149,0.06869901928910709
10.060044396740977,10.066234678319084,0.060044396740977446,0.06623467831908394
10.060317996178792,10.048303031032667,0.06031799617879302,0.04830303103266638
10.060590887706212,10.045321030149488,0.060590887706211786,0.045321030149487906
10.060863068120495,10.057375650240019,0.06086306812049555,0.057375650240017825
10.061134534227252,10.031159968322635,0.06113453422725196,0.031159968322635196
10.061405282840472,10.047050507670061,0.061405282840472024,0.047050507670061026
10.061675310782567,10.048956553202173,0.06167531078256744,0.04895655320217278
10.061944614884409,10.09069807889637,0.061944614884407945,0.0906980788963696
10.062213191985359,10.06182816731344,0.062213191985358476,0.061828167313438875
10.062481038933317,10.056713636426958,0.062481038933316274,0.05671363642695732
10.062748152584748,10.07996979611464,0.06274815258474788,0.07996979611463911
10.063014529804725,10.090640134763216,0.06301452980472602,0.09064013476321586
10.063280167466967,10.085503048844696,0.0632801674669664,0.0855030488446969
10.063545062453864,10.095367164938375,0.06354506245386445,0.09536716493837491
10.063809211656531,10.05242482993989,0.06380921165653178,0.052424829939889284
10.064072611974833,10.064405436191779,0.06407261197483283,0.06440543619177937
10.06433526031742,10.068068618815301,0.06433526031742112,0.06806861881530157
10.064597153601776,10.046673501324626,0.06459715360177562,0.046673501324625714
10.064858288754237,10.057372175904497,0.06485828875423688,0.057372175904497766
10.065118662710043,10.073718220548113,0.06511866271004312,0.0737182205481118
10.065378272413366,10.067501368364912,0.06537827241336619,0.06750136836491218
10.065637114817347,10.040544376769155,0.06563711481734745,0.040544376769154386
10.065895186884134,10.063280693677543,0.06589518688413351,0.06328069367754253
10.066152485584912,10.041296365153658,0.0661524855849119,0.04129636515365759
10.066409007899946,10.050805112876299,0.0664090078999466,0.050805112876298575
10.066664750818614,10.056654848235487,0.06666475081861349,0.056654848235487075
10.066919711339436,10.057543020370472,0.06691971133943572,0.05754302037047289
10.067173886470119,10.063114371690185,0.06717388647011883,0.06311437169018541
10.067427273227587,10.020206129970035,0.067427273227586,0.020206129970035187
10.067679868638013,10.061638286342411,0.06767986863801298,0.06163828634241139
10.067931669736863,10.070732672287264,0.06793166973686297,0.07073267228726306
10.068182673568922,10.037582436331126,0.06818267356892155,0.03758243633112622
10.06843287718833,10.073002092408133,0.06843287718833115,0.07300209240813423
10.068682277658626,10.079191102212134,0.0686822776586258,0.07919110221213334
10.068930872052766,10.076184731526164,0.06893087205276556,0.07618473152616317
10.06917865745317,10.096900230636477,0.0691786574531708,0.09690023063647747
10.069425630951756,10.051018319583205,0.06942563095175645,0.05101831958320534
10.069671789649966,10.096921716072227,0.0696717896499663,0.09692171607222769
10.069917130658807,10.07390365816269,0.06991713065880674,0.07390365816269034
10.07016165109888,10.063830726421356,0.07016165109888091,0.06383072642135632
10.070405348100422,10.038970572507424,0.07040534810042236,0.03897057250742292
10.07064821880333,10.068575901951146,0.07064821880332872,0.06857590195114585
10.070890260357196,10.067879793878452,0.07089026035719542,0.06787979387845289
10.07113146992135,10.029438980245617,0.07113146992134893,0.029438980245617065
10.07137184466488,10.108777546359379,0.07137184466488027,0.10877754635937872
10.071611381766678,10.073099654797227,0.07161138176667815,0.07309965479722705
10.071850078415462,10.069455856027014,0.0718500784154621,0.06945585602701346
10.072087931809815,10.056403160343761,0.07208793180981543,0.056403160343760535
10.072324939158218,10.093357804138646,0.07232493915821822,0.09335780413864603
10.07256109767908,10.075239312362786,0.07256109767907991,0.07523931236278593
10.072796404600773,10.052866312734078,0.07279640460077212,0.05286631273407817
10.073030857161662,10.076194786737922,0.07303085716166102,0.0761947867379214
10.07326445261014,10.06658352461427,0.0732644526101399,0.06658352461427006
10.073497188204662,10.105270560122078,0.07349718820466133,0.10527056012207833
10.07372906121377,10.050218866833093,0.0737290612137694,0.050218866833093886
10.073960068916131,10.098303575033825,0.07396006891613177,0.09830357503382399
10.074190208600571,10.095038565955319,0.0741902086005716,0.09503856595531825
10.0744194775661,10.087140685685071,0.07441947756609935,0.08714068568507076
10.074647873121945,10.051380584022462,0.07464787312194456,0.051380584022461526
10.074875392587588,10.034854193917491,0.07487539258758732,0.034854193917491505
10.07510203329279,10.036306548956414,0.0751020332927898,0.03630654895641342
10.075327792577628,10.09069785479691,0.07532779257762759,0.09069785479690909
10.07555266779252,10.049017103558441,0.07555266779252084,0.04901710355844022
10.075776656298265,10.087617466406584,0.07577665629826551,0.08761746640658495
10.075999755466064,10.083482572941278,0.07599975546606415,0.08348257294127887
10.076221962677558,10.054652803480826,0.07622196267755689,0.05465280348082603
10.076443275324852,10.08962777883654,0.07644327532485216,0.08962777883654095
10.076663690810557,10.01491728263297,0.07666369081055724,0.014917282632970486
10.076883206547809,10.065740363807732,0.07688320654780875,0.06574036380773246
10.077101819960303,10.079582138902095,0.07710181996030309,0.07958213890209548
10.077319528482327,10.081655690037845,0.07731952848232657,0.08165569003784508
10.077536329558786,10.071302373075147,0.07753632955878559,0.07130237307514636
10.077752220645237,10.091227607203018,0.07775222064523657,0.09122760720301828
10.077967199207915,10.070179523010589,0.07796719920791595,0.07017952301058979
10.07818126272377,10.061246408086133,0.07818126272376973,0.06124640808613237
10.078394408680483,10.100875165868564,0.0783944086804832,0.10087516586856402
10.078606634576511,10.082797781067113,0.0786066345765104,0.08279778106711308
10.078817937921103,10.073944931629969,0.07881793792110356,0.07394493162996904
10.079028316234343,10.084037805740435,0.07902831623434213,0.08403780574043543
10.079237767047163,10.081991693172597,0.0792377670471621,0.08199169317259637
10.079446287901385,10.098530618333172,0.07944628790138483,0.09853061833317095
10.079653876349745,10.032867309858855,0.07965387634974604,0.03286730985885446
10.079860529955925,10.07960497477229,0.07986052995592435,0.07960497477228937
10.080066246294571,10.072457928239187,0.08006624629457006,0.0724579282391869
10.080271022951333,10.108111435449214,0.08027102295133345,0.10811143544921331
10.080474857522892,10.058171879132551,0.08047485752289325,0.058171879132552166
10.080677747616985,10.029374986582576,0.08067774761698476,0.029374986582575632
10.080879690852427,10.07191592014394,0.08087969085242798,0.0719159201439405
10.081080684859156,10.083469446862422,0.0810806848591555,0.08346944686242252
10.08128072727824,10.085592282602262,0.08128072727824039,0.0855922826022613
10.081479815761924,10.058414315820537,0.08147981576192379,0.05841431582053727
10.081677947973642,10.081059617241763,0.08167794797364254,0.08105961724176242
10.081875121588057,10.098112692547122,0.08187512158805663,0.09811269254712171
10.082071334291076,10.09687636286483,0.08207133429107635,0.0968763628648297
10.082266583779889,10.099253703276169,0.0822665837798896,0.09925370327616931
10.08246086776299,10.103069770866842,0.08246086776298883,0.10306977086684209
10.082654183960198,10.075934519577473,0.08265418396019797,0.0759345195774733
10.0828465301027,10.048255755183423,0.0828465301026992,0.048255755183422476
10.083037903933059,10.078256110474731,0.0830379039330595,0.07825611047473194
10.083228303205257,10.078612598331388,0.08322830320525727,0.07861259833138717
10.083417725684708,10.083724807759,0.08341772568470858,0.08372480775900015
10.083606169148293,10.062553427412643,0.08360616914829344,0.06255342741264308
10.083793631384381,10.118608113966905,0.08379363138438191,0.11860811396690535
10.08398011019286,10.082858461038008,0.08398011019286002,0.08285846103800698
10.084165603385156,10.033005180923519,0.0841656033851556,0.03300518092351951
10.084350108784264,10.079089610577395,0.08435010878426397,0.07908961057739537
10.084533624224774,10.093418981770492,0.08453362422477351,0.09341898177049178
10.084716147552891,10.08767797597288,0.08471614755289107,0.08767797597288106
10.084897676626467,10.07040207846899,0.08489767662646719,0.0704020784689891
10.085078209315022,10.09592820097411,0.08507820931502132,0.0959282009741092
10.085257743499767,10.08932736868177,0.08525774349976675,0.08932736868177106
10.085436277073635,10.114774919568362,0.08543627707363555,0.11477491956836144
10.085613807941304,10.09151733695058,0.08561380794130327,0.09151733695058159
10.085790334019213,10.082673344132427,0.0857903340192135,0.08267334413242736
10.085965853235603,10.087759586156078,0.08596585323560235,0.08775958615607916
10.086140363530523,10.069959696029066,0.08614036353052279,0.0699596960290664
10.086313862855869,10.09759518006946,0.08631386285586877,0.09759518006946072
10.086486349175399,10.08078464010463,0.0864863491753993,0.08078464010462975
10.086657820464762,10.098794458078036,0.08665782046476234,0.09879445807803523
10.086828274711518,10.091839752990644,0.08682827471151855,0.09183975299064459
10.086997709915165,10.090682828452408,0.08699770991516492,0.09068282845240735
10.087166124087158,10.08186317150249,0.0871661240871582,0.08186317150249128
10.087333515250938,10.081255800622953,0.08733351525093833,0.08125580062295369
10.087499881441952,10.085944048682986,0.08749988144195159,0.0859440486829863
10.087665220707674,10.09186022122589,0.08766522070767357,0.09186022122588951
10.087829531107632,10.071717292179018,0.08782953110763231,0.07171729217901782
10.08799281071343,10.066254472246394,0.08799281071343078,0.06625447224639451
10.08815505760877,10.098463641422804,0.08815505760876974,0.09846364142280391
10.08831626988947,10.104854468154794,0.08831626988947021,0.10485446815479364
10.088476445663495,10.081125095317907,0.08847644566349565,0.08112509531790738
10.088635583050975,10.128460899673971,0.08863558305097434,0.1284608996739709
10.08879368018422,10.056056587492192,0.08879368018422137,0.056056587492191876
10.08895073520776,10.086721050973697,0.08895073520776059,0.08672105097369705
10.089106746278347,10.097007758145947,0.08910674627834633,0.09700775814594745
10.089261711564985,10.116236073522943,0.08926171156498512,0.11623607352294325
10.089415629248958,10.089553266700399,0.08941562924895707,0.08955326670039986
10.089568497523837,10.092078216323454,0.08956849752383733,0.09207821632345478
10.089720314595517,10.092002254823303,0.08972031459551717,0.09200225482330304
10.089871078682226,10.084567713194533,0.08987107868222519,0.08456771319453305
10.090020788014549,10.071072926341136,0.09002078801454806,0.0710729263411366
10.090169440835451,10.11000994236066,0.09016944083545142,0.11000994236066108
10.0903170354003,10.076611349964839,0.09031703540030042,0.07661134996483858
10.09046356997688,10.084031010947657,0.09046356997688025,0.08403101094765662
10.090609042845417,10.103521657076003,0.09060904284541643,0.10352165707600242
10.090753452298594,10.037937031616071,0.09075345229859501,0.03793703161607092
10.090896796641582,10.084595058654061,0.09089679664158262,0.08459505865406064
10.091039074192047,10.092148397475366,0.09103907419204632,0.09214839747536571
10.091180283280174,10.074343591518646,0.09118028328017341,0.07434359151864625
10.09132042224869,10.091331027785628,0.09132042224869097,0.09133102778562889
10.091459489452886,10.107136104874172,0.0914594894528853,0.10713610487417272
10.091597483260621,10.073983255385645,0.09159748326062134,0.07398325538564487
10.091734402052362,10.06795897418691,0.09173440205236164,0.06795897418690974
10.091870244221186,10.090486411571817,0.0918702442211855,0.09048641157181707
10.092005008172809,10.097308133769301,0.09200500817280784,0.09730813376930117
10.092138692325598,10.091091857535739,0.09213869232559779,0.0910918575357388
10.092271295110598,10.084903295551443,0.09227129511059741,0.08490329555144298
10.09240281497154,10.074317201337934,0.09240281497153995,0.0743172013379329
10.092533250364868,10.091574473423064,0.0925332503648682,0.0915744734230631
10.092662599759752,10.111547840307468,0.09266259975975265,0.11154784030746721
10.09279086163811,10.098052819665243,0.09279086163810932,0.0980528196652435
10.092918034494618,10.090987257095222,0.0929180344946177,0.09098725709522146
10.093044116836738,10.110880968413912,0.0930441168367384,0.11088096841391255
10.09316910718473,10.11454387501977,0.09316910718473055,0.11454387501976898
10.09329300407167,10.059471970101766,0.09329300407166935,0.05947197010176608
10.093415806043463,10.104705961476398,0.09341580604346314,0.10470596147639805
10.093537511658871,10.110948063573984,0.09353751165887053,0.1109480635739842
10.093658119489517,10.120606391641232,0.09365811948951731,0.12060639164123121
10.093777628119913,10.106557580631273,0.0937776281199132,0.10655758063127338
10.093896036147468,10.088500375905985,0.09389603614746847,0.08850037590598576
10.09401334218251,10.076143469588198,0.0940133421825104,0.07614346958819823
10.0941295448483,10.072642895395587,0.09412954484829957,0.07264289539558695
10.094244642781046,10.116116618508544,0.0942446427810461,0.11611661850854296
10.094358634629925,10.10695174773303,0.09435863462992551,0.10695174773302896
10.094471519057095,10.121957756366497,0.09447151905709475,0.12195775636649711
10.094583294737708,10.099147751727726,0.0945832947377077,0.09914775172772484
10.094693960359931,10.088151098264742,0.09469396035993094,0.08815109826474216
10.094803514624958,10.074902693900592,0.09480351462495895,0.07490269390059208
10.09491195624703,10.08345758788993,0.09491195624702947,0.08345758788992978
10.09501928395344,10.13088339011841,0.09501928395343856,0.13088339011840971
10.095125496484556,10.076285094337056,0.09512549648455554,0.07628509433705619
10.095230592593838,10.127460627688647,0.09523059259383773,0.12746062768864783
10.095334571047845,10.136483195262086,0.09533457104784517,0.136483195262085
10.095437430626255,10.067495382564024,0.09543743062625501,0.0674953825640247
10.095539170121876,10.091749885281388,0.09553917012187585,0.09174988528138699
10.095639788340662,10.117070942987958,0.09563978834066196,0.1170709429879572
10.095739284101727,10.06222266236248,0.09573928410172725,0.06222266236247933
10.095837656237359,10.085907888337086,0.09583765623735911,0.08590788833708551
10.095934903593033,10.092807888141426,0.09593490359303218,0.09280788814142597
10.096031025027422,10.096643651998313,0.0960310250274218,0.09664365199831418
10.096126019412418,10.099998689902005,0.09612601941241755,0.09999868990200489
10.096219885633136,10.09083137308968,0.09621988563313633,0.09083137308968
10.096312622587936,10.101486249804024,0.09631262258793556,0.10148624980402422
10.096404229188426,10.093293810280407,0.09640422918842606,0.09329381028040762
10.096494704359484,10.087173915176075,0.09649470435948483,0.08717391517607588
10.096584047039268,10.08278965549231,0.09658404703926768,0.0827896554923088
10.096672256179222,10.089231822196199,0.09667225617922165,0.08923182219619867
10.096759330744097,10.102325914458447,0.0967593307440974,0.10232591445844774
10.096845269711961,10.088421416496693,0.09684526971196128,0.08842141649669319
10.096930072074207,10.133569013311922,0.09693007207420734,0.13356901331192217
10.097013736835569,10.088801426154015,0.09701373683556921,0.08880142615401594
10.097096263014132,10.085995143364205,0.09709626301413174,0.08599514336420376
10.097177649641342,10.07754783950432,0.09717764964134253,0.0775478395043192
10.097257895762024,10.127824022399412,0.09725789576202332,0.12782402239941162
10.097337000434381,10.077611132295598,0.09733700043438112,0.07761113229559735
10.097414962730019,10.103781406234939,0.09741496273001941,0.10378140623493926
10.097491781733948,10.12051444577713,0.09749178173394892,0.12051444577713072
10.0975674565446,10.101717910386675,0.09756745654459836,0.10171791038667498
10.097641986273825,10.097090154054548,0.09764198627382512,0.09709015405454915
10.097715370046926,10.151661152211435,0.09771537004692554,0.1516611522114359
10.097787607002646,10.066295936201579,0.09778760700264527,0.06629593620157806
10.097858696293189,10.129178477509203,0.09785869629318941,0.12917847750920353
10.097928637084232,10.110699400264865,0.09792863708423233,0.11069940026486434
10.097997428554928,10.081725971698761,0.0979974285549276,0.08172597169876142
10.098065069897917,10.1179738793996,0.09806506989791755,0.11797387939960002
10.098131560319343,10.068951939297998,0.09813156031934273,0.06895193929799744
10.098196899038852,10.059164865740051,0.09819689903885127,0.05916486574005154
10.098261085289607,10.111719451943106,0.09826108528960807,0.11171945194310638
10.098324118318304,10.087101414715592,0.09832411831830368,0.08710141471559149
10.098385997385163,10.09307787246267,0.09838599738516328,0.09307787246266991
10.098446721763954,10.09311262126362,0.09844672176395526,0.09311262126361966
10.098506290742,10.11374517152493,0.09850629074199979,0.11374517152492913
10.098564703620177,10.050300535722181,0.09856470362017719,0.05030053572218159
10.098621959712936,10.078732857585361,0.0986219597129361,0.07873285758536064
10.098678058348302,10.103051131091197,0.09867805834830157,0.10305113109119717
10.098732998867883,10.091866175778947,0.09873299886788288,0.09186617577894672
10.098786780626881,10.09443334258146,0.09878678062688134,0.09443334258146067
10.098839402994098,10.10338459296765,0.09883940299409788,0.10338459296764951
10.09889086535194,10.10556326693581,0.09889086535194029,0.10556326693581013
10.09894116709643,10.084527521732195,0.09894116709643067,0.08452752173219466
10.098990307637212,10.08657124366706,0.0989903076372124,0.08657124366705848
10.099038286397557,10.092676408185246,0.09903828639755712,0.09267640818524671
10.09908510281437,10.123399357808982,0.09908510281437144,0.1233993578089808
10.099130756338203,10.09286893402575,0.09913075633820366,0.09286893402574962
10.09917524643325,10.093919638599887,0.09917524643325007,0.09391963859988708
10.099218572577362,10.084334889729345,0.09921857257736136,0.08433488972934432
10.09926073426205,10.111866199774887,0.09926073426204868,0.1118661997748875
10.09930173099249,10.084415002252204,0.09930173099248966,0.0844150022522028
10.099341562287535,10.074325647265503,0.09934156228753416,0.07432564726550353
10.09938022767971,10.109725947480388,0.09938022767970994,0.1097259474803877
10.099417726715227,10.091028225566415,0.09941772671522818,0.09102822556641534
10.099454058953988,10.08838283186261,0.09945405895398877,0.08838283186261042
10.099489223969586,10.082258483435078,0.09948922396958547,0.08225848343507824
10.099523221349312,10.087930601114603,0.09952322134931094,0.08793060111460284
10.099556050694162,10.089169064497392,0.09955605069416154,0.08916906449739322
10.099587711618842,10.071909238267265,0.09958771161884211,0.0719092382672645
10.09961820375177,10.060425289544424,0.09961820375177034,0.06042528954442368
10.099647526735081,10.074115909080225,0.09964752673508129,0.07411590908022482
10.099675680224632,10.078125404466835,0.09967568022463147,0.07812540446683446
10.099702663890003,10.112314358638697,0.09970266389000294,0.11231435863869625
10.099728477414507,10.10963016727965,0.09972847741450719,0.10963016727965155
10.099753120495189,10.127180022938989,0.09975312049518881,0.12718002293898822
10.09977659284283,10.092690670287453,0.0997765928428291,0.09269067028745413
10.09979889418195,10.086863312238446,0.09979889418194943,0.08686331223844629
10.099820024250814,10.09696653775405,0.09982002425081446,0.0969665377540493
10.099839982801436,10.102884972481345,0.0998399828014353,0.10288497248134398
10.099858769599573,10.102014836745948,0.09985876959957228,0.10201483674594834
10.099876384424737,10.116642224916335,0.09987638442473783,0.11664222491633576
10.0998928270702,10.089908440972504,0.09989282707019896,0.08990844097250457
10.09990809734298,10.067800622568598,0.0999080973429798,0.06780062256859795
10.099922195063863,10.09873817087062,0.09992219506386377,0.09873817087062053
10.099935120067396,10.116002037124172,0.09993512006739569,0.11600203712417155
10.099946872201883,10.098608092415509,0.09994687220188381,0.09860809241550829
10.099957451329402,10.132924005948034,0.09995745132940148,0.1329240059480339
10.09996685732579,10.10980496136044,0.09996685732578883,0.10980496136043995
10.099975090080655,10.08902089821889,0.09997509008065424,0.08902089821888981
10.099982149497375,10.10191552005073,0.09998214949737555,0.10191552005072954
10.099988035493102,10.094283407740757,0.09998803549310133,0.09428340774075797
10.099992747998751,10.095721834459859,0.09999274799875171,0.0957218344598596
10.09999628695902,10.126410792692724,0.09999628695901931,0.12641079269272426
10.09999865233237,10.123839717033201,0.09999865233236982,0.12383971703320049
10.099999844091043,10.097701179507284,0.09999984409104246,0.09770117950728519
10.09999986222105,10.07639010742515,0.09999986222105041,0.07639010742514984
10.09999870672218,10.099741381520174,0.09999870672218089,0.09974138152017367
10.099996377607996,10.122574583892527,0.09999637760799518,0.12257458389252716
10.099992874905828,10.091466559517517,0.09999287490582849,0.0914665595175181
10.09998819865679,10.089590419379677,0.0999881986567896,0.08959041937967711
10.099982348915761,10.11730894826986,0.09998234891576036,0.11730894826986019
10.099975325751394,10.121676384627134,0.09997532575139516,0.12167638462713368
10.09996712924612,10.06636912193011,0.09996712924611996,0.06636912193011102
10.099957759496132,10.110840141674139,0.09995775949613148,0.11084014167413914
10.099947216611396,10.086766749996919,0.09994721661139594,0.08676674999691782
10.099935500715647,10.104769175019097,0.09993550071564786,0.10476917501909742
10.099922611946388,10.123482849679549,0.09992261194638856,0.12348284967954877
10.099908550454884,10.102217414322467,0.09990855045488456,0.10221741432246727
10.099893316406165,10.07478780786093,0.09989331640616583,0.07478780786093037
10.099876909979024,10.112000409038648,0.0998769099790238,0.11200040903864773
10.099859331366009,10.10827425891746,0.09985933136600932,0.10827425891745977
10.09984058077343,10.08250951378672,0.09984058077343033,0.0825095137867202
10.099820658421349,10.077159382413607,0.0998206584213495,0.0771593824136073
10.09979956454358,10.114385965919134,0.09979956454358163,0.11438596591913411
10.099777299387691,10.11003603511174,0.09977729938769093,0.1100360351117409
10.099753863214987,10.071442935744628,0.09975386321498804,0.07144293574462772
10.099729256300527,10.107454401704011,0.09972925630052702,0.1074544017040106
10.099703478933103,10.083312636578267,0.09970347893310214,0.08331263657826748
10.099676531415245,10.103886798955676,0.09967653141524443,0.10388679895567543
10.099648414063218,10.092601177585724,0.09964841406321819,0.09260117758572414
10.099619127207017,10.088680707438666,0.09961912720701722,0.08868070743866598
10.09958867119036,10.105424788461683,0.09958867119036102,0.10542478846168304
10.099557046370691,10.080265468943876,0.09955704637069067,0.08026546894387679
10.099524253119165,10.111225743845775,0.09952425311916469,0.11122574384577613
10.099490291820654,10.098896613139162,0.0994902918206547,0.09889661313916173
10.09945516287374,10.096017603521068,0.09945516287374086,0.09601760352106824
10.099418866690707,10.0814648924975,0.09941886669070718,0.0814648924975
10.099381403697537,10.109568699052442,0.09938140369753674,0.10956869905244233
10.099342774333907,10.132309566786107,0.09934277433390667,0.13230956678610745
10.099302979053183,10.07953415837417,0.09930297905318294,0.07953415837416962
10.099262018322415,10.074173337223542,0.0992620183224151,0.0741733372235415
10.099219892622331,10.105531124126484,0.0992198926223308,0.10553112412648506
10.09917660244733,10.113097239684368,0.09917660244733008,0.11309723968436852
10.099132148305479,10.096317089585032,0.09913214830547964,0.09631708958503249
10.099086530718507,10.124188332105218,0.09908653071850684,0.12418833210521771
10.099039750221793,10.122693400505653,0.09903975022179362,0.12269340050565297
10.09899180736437,10.084515680123271,0.09899180736437012,0.08451568012327149
10.098942702708909,10.091552190602131,0.09894270270890833,0.09155219060213213
10.098892436831715,10.114701081047665,0.0988924368317155,0.11470108104766445
10.098841010322728,10.113440184566441,0.09884101032272727,0.11344018456644037
10.098788423785502,10.100254218440595,0.09878842378550082,0.10025421844059423
10.098734677837207,10.11191723237969,0.09873467783720781,0.11191723237969044
10.098679773108627,10.115150200008836,0.09867977310862708,0.11515020000883663
10.098623710244137,10.11702773983958,0.09862371024413723,0.11702773983957984
10.098566489901708,10.113720612043744,0.09856648990170917,0.11372061204374498
10.098508112752898,10.114224208127167,0.09850811275289828,0.11422420812716766
10.098448579482836,10.102412347521676,0.09844857948283658,0.10241234752167733
10.098387890790224,10.081913577490852,0.09838789079022468,0.08191357749085176
10.098326047387324,10.108025014302216,0.09832604738732359,0.1080250143022159
10.098263049999947,10.09552589776809,0.09826304999994633,0.09552589776808901
10.09819889936745,10.096674341426379,0.09819889936744944,0.09667434142637878
10.098133596242725,10.083011473194654,0.09813359624272434,0.08301147319465396
10.098067141392189,10.132282389607052,0.0980671413921884,0.1322823896070533
10.097999535595775,10.110391013680623,0.09799953559577601,0.11039101368062193
10.09793077964693,10.12185123412116,0.09793077964692941,0.12185123412115975
10.09786087435259,10.100695259395199,0.09786087435258937,0.10069525939519873
10.097789820533185,10.110085199996417,0.09778982053318579,0.1100851999964176
10.097717619022628,10.117058864707575,0.09771761902262789,0.11705886470757533
10.097644270668294,10.068856277205716,0.09764427066829467,0.06885627720571623
10.097569776331024,10.100149613690354,0.09756977633102476,0.10014961369035418
10.097494136885107,10.112259929777796,0.09749413688510644,0.1122599297777955
10.097417353218267,10.088497847166709,0.09741735321826729,0.08849784716670779
10.097339426231663,10.08175137220646,0.09733942623166386,0.08175137220645996
10.097260356839872,10.060595989314074,0.097260356839871,0.060595989314073104
10.09718014597087,10.084023015392395,0.09718014597087123,0.08402301539239468
10.097098794566044,10.066744141375525,0.09709879456604376,0.06674414137552381
10.097016303580153,10.1192014026985,0.09701630358015347,0.1192014026984998
10.096932673981339,10.157821888023564,0.09693267398133976,0.15782188802356445
10.096847906751105,10.08633649351198,0.09684790675110505,0.08633649351198049
10.096762002884303,10.089675991172761,0.09676200288430346,0.08967599117276148
10.096674963389129,10.137788221697544,0.09667496338912894,0.13778822169754373
10.096586789287104,10.096729172765427,0.09658678928710356,0.09672917276542622
10.096497481613065,10.104344263286201,0.09649748161306544,0.10434426328620178
10.096407041415157,10.049079758893035,0.09640704141515671,0.04907975889303437
10.096315469754812,10.102642838436209,0.09631546975481109,0.1026428384362092
10.096222767706742,10.126617047564759,0.09622276770674153,0.12661704756475867
10.096128936358928,10.109741970780638,0.09612893635892751,0.10974197078063846
10.096033976812603,10.105817854330347,0.09603397681260237,0.10581785433034678
10.09593789018224,10.109925715706007,0.09593789018224029,0.10992571570600657
10.095840677595543,10.06674988975221,0.09584067759554325,0.06674988975220891
10.095742340193429,10.080307228130904,0.09574234019342782,0.08030722813090316
10.095642879130011,10.091321130820049,0.09564287913001175,0.09132113082004835
10.095542295572601,10.102374150365213,0.09554229557260041,0.10237415036521302
10.095440590701672,10.056756834772576,0.0954405907016731,0.056756834772576814
10.09533776571087,10.094303883217828,0.0953377657108692,0.09430388321782784
10.095233821806975,10.10907094570474,0.09523382180697415,0.10907094570474044
10.095128760209905,10.058440139339535,0.0951287602099053,0.05844013933953463
10.095022582152698,10.116828607719503,0.0950225821526976,0.11682860771950312
10.09491528888149,10.095420396613672,0.0949152888814891,0.09542039661367224
10.094806881655506,10.092453814093632,0.09480688165550638,0.09245381409363214
10.09469736174705,10.058699068991524,0.09469736174704965,0.05869906899152487
10.094586730441478,10.106806714994175,0.094586730441478,0.10680671499417504
10.094474989037193,10.065202313745557,0.09447498903719415,0.06520231374555654
10.094362138845629,10.13251441732239,0.09436213884562929,0.13251441732239044
10.094248181191228,10.081809078748655,0.09424818119122769,0.08180907874865512
10.094133117411431,10.07051186501814,0.09413311741143111,0.07051186501814043
10.094016948856662,10.111502982421726,0.0940169488566632,0.1115029824217264
10.093899676890313,10.08626709907161,0.09389967689031352,0.08626709907161156
10.093781302888722,10.08710636781328,0.09378130288872162,0.08710636781328118
10.09366182824116,10.082391313269143,0.09366182824116091,0.08239131326914402
10.093541254349823,10.084408377810618,0.09354125434982224,0.08440837781061893
10.093419582629798,10.103229178887473,0.09341958262979762,0.10322917888747199
10.093296814509063,10.13461438138863,0.09329681450906342,0.13461438138862925
10.093172951428464,10.0685689392923,0.09317295142846377,0.06856893929229908
10.093047994841694,10.084876533181665,0.09304799484169353,0.08487653318166558
10.09292194621528,10.091732538603498,0.09292194621528133,0.091732538603499
10.092794807028572,10.08480961913066,0.09279480702857225,0.08480961913065933
10.092666578773711,10.068052615893505,0.0926665787737106,0.06805261589350498
10.092537262955622,10.056701778683163,0.09253726295562226,0.05670177868316298
10.092406861091996,10.075396899381232,0.09240686109199711,0.07539689938123172
10.092275374713271,10.11462312593551,0.09227537471327119,0.11462312593551117
10.09214280536261,10.082855269674674,0.09214280536260873,0.08285526967467467
10.092009154595884,10.097495718598879,0.09200915459588405,0.09749571859887889
10.091874423981663,10.112868880411375,0.09187442398166332,0.11286888041137419
10.091738615101185,10.118655351965069,0.09173861510118611,0.11865535196506904
10.091601729548346,10.105192316301103,0.09160172954834685,0.1051923163011037
10.091463768929676,10.093579769180087,0.09146376892967613,0.09357976918008731
10.091324734864322,10.072917555948885,0.09132473486432185,0.07291755594888522
10.09118462898403,10.096406020467667,0.09118462898403018,0.09640602046766628
10.091043452933127,10.077938400462715,0.09104345293312648,0.07793840046271543
10.090901208368496,10.058366374396874,0.09090120836849591,0.058366374396873325
10.090757896959564,10.108553388603113,0.09075789695956407,0.10855338860311355
10.090613520388278,10.075077688282665,0.09061352038827739,0.0750776882826655
10.090468080349083,10.106722362573377,0.09046808034908327,0.10672236257337633
10.09032157854891,10.11287100349488,0.09032157854891042,0.11287100349487986
10.090174016707149,10.057029207985067,0.09017401670714859,0.05702920798506674
10.090025396555628,10.118399402010105,0.09002539655562859,0.11839940201010511
10.089875719838602,10.092609131827764,0.08987571983860183,0.09260913182776379
10.08972498831272,10.08456964572091,0.08972498831271991,0.08456964572090951
10.089573203747014,10.10891580685699,0.08957320374701397,0.10891580685698951
10.089420367922873,10.081452980741169,0.08942036792287397,0.08145298074116968
10.089266482634027,10.073996728653706,0.08926648263402776,0.07399672865370488
10.08911154968652,10.11183302949229,0.08911154968651996,0.11183302949229075
10.08895557089869,10.104987199003855,0.08895557089869098,0.10498719900385492
10.088798548101156,10.10092773360396,0.08879854810115535,0.10092773360395935
10.08864048313678,10.064880184323364,0.08864048313678057,0.06488018432336476
10.088481377860665,10.110969736132624,0.0884813778606652,0.11096973613262381
10.088321234140118,10.106039142435762,0.08832123414011733,0.10603914243576146
10.088160053854633,10.0787259424334,0.08816005385463249,0.07872594243339896
10.087997838895872,10.078077216531817,0.08799783889587166,0.07807721653181712
10.087834591167638,10.104516220859262,0.08783459116763905,0.1045162208592616
10.08767031258586,10.095794579859364,0.08767031258585979,0.09579457985936397
10.087505005078558,10.05106576657773,0.08750500507855741,0.05106576657773103
10.087338670585831,10.032699645463115,0.08733867058583122,0.03269964546311466
10.087171311059834,10.09432748906734,0.08717131105983358,0.09432748906733995
10.087002928464747,10.081173046624881,0.08700292846474689,0.08117304662488134
10.086833524776761,10.060845737937596,0.08683352477676061,0.06084573793759636
10.086663101984048,10.110751224896402,0.08666310198404814,0.11075122489640221
10.086491662086743,10.086018345641278,0.0864916620867433,0.08601834564127868
10.086319207096917,10.099096112770756,0.08631920709691702,0.09909611277075644
10.086145739038553,10.080235635814798,0.08614573903855366,0.08023563581479888
10.085971259947527,10.082306430344806,0.08597125994752725,0.08230643034480581
10.085795771871577,10.111889750826602,0.08579577187157758,0.11188975082660291
10.085619276870286,10.078638402957761,0.08561927687028625,0.078638402957761
10.085441777015053,10.126007461542043,0.08544177701505244,0.12600746154204318
10.085263274389069,10.057651733573207,0.08526327438906851,0.05765173357320666
10.085083771087296,10.1116633103945,0.08508377108729577,0.11166331039449906
10.08490326921644,10.064443102699299,0.08490326921643969,0.06444310269929822
10.084721770894925,10.126760368265101,0.08472177089492526,0.12676036826510137
10.084539278252873,10.088875400553464,0.08453927825287215,0.08887540055346427
10.084355793432069,10.083865920872222,0.08435579343206963,0.08386592087222243
10.084171318585952,10.097985453861803,0.08417131858595153,0.09798545386180363
10.08398585587957,10.093810210931128,0.08398585587957089,0.09381021093112864
10.083799407489575,10.07178099332371,0.0837994074895746,0.07178099332371071
10.083611975604178,10.084014769457422,0.08361197560417781,0.08401476945742288
10.083423562423139,10.086808501626294,0.08342356242313831,0.08680850162629439
10.08323417015773,10.088943813893348,0.08323417015773059,0.08894381389334777
10.08304380103072,10.104323128665714,0.08304380103072007,0.10432312866571375
10.082852457276337,10.096928655080895,0.08285245727633687,0.09692865508089368
10.08266014114025,10.104929666719668,0.08266014114024965,0.10492966671966754
10.08246685487954,10.111204868273294,0.08246685487953921,0.11120486827329393
10.082272600762671,10.091135020444922,0.08227260076267208,0.09113502044492122
10.082077381069475,10.105463697425625,0.08207738106947378,0.1054636974256243
10.081881198091102,10.06929934952585,0.08188119809110217,0.06929934952584885
10.08168405413002,10.069988529606544,0.08168405413002051,0.06998852960654435
10.081485951499971,10.073131332900775,0.08148595149997048,0.07313133290077464
10.081286892525945,10.107632207722455,0.0812868925259449,0.1076322077224545
10.081086879544161,10.064927184392896,0.0810868795441606,0.06492718439289578
10.080885914902032,10.10285306292806,0.08088591490203095,0.10285306292806143
10.080684000958138,10.117487698579083,0.08068400095813826,0.1174876985790839
10.080481140082206,10.061917662072661,0.08048114008220615,0.061917662072660716
10.080277334655072,10.064905486283054,0.08027733465507172,0.06490548628305463
10.080072587068658,10.03266979628135,0.08007258706865764,0.03266979628135032
10.079866899725944,10.034258588552866,0.07986689972594398,0.03425858855286595
10.07966027504094,10.092432537381143,0.07966027504094014,0.09243253738114193
10.079452715438656,10.07110508823268,0.07945271543865642,0.0711050882326798
10.079244223355076,10.075147474293516,0.07924422335507564,0.07514747429351665
10.079034801237125,10.065581606898473,0.07903480123712442,0.06558160689847305
10.078824451542644,10.069686054970015,0.07882445154264463,0.06968605497001568
10.078613176740365,10.062186341935096,0.07861317674036443,0.06218634193509505
10.078400979309869,10.060441285199122,0.0784009793098693,0.06044128519912267
10.078187861741574,10.058173291495015,0.07818786174157302,0.058173291495015024
10.077973826536688,10.094985457438968,0.07797382653668837,0.09498545743896782
10.077758876207199,10.062142136463425,0.07775887620719774,0.062142136463425056
10.077543013275823,10.087901221819942,0.07754301327582379,0.08790122181994169
10.077326240276,10.066020096213606,0.07732624027599969,0.06602009621360566
10.077108559751839,10.079003945813936,0.07710855975183949,0.07900394581393613
10.076889974258108,10.04627958156391,0.07688997425810816,0.046279581563909586
10.076670486360191,10.054082347158307,0.07667048636019172,0.05408234715830692
10.076450098634067,10.061096707769886,0.0764500986340671,0.06109670776988599
10.076228813666273,10.070906944273741,0.07622881366627184,0.0709069442737408
10.076006634053874,10.095088757291487,0.07600663405387381,0.09508875729148689
10.07578356240444,10.08613257945717,0.07578356240444067,0.08613257945716908
10.075559601336009,10.07976947630436,0.07555960133600936,0.07976947630436074
10.075334753477055,10.059443001647285,0.07533475347705526,0.05944300164728465
10.075109021466462,10.079254428933648,0.07510902146646142,0.07925442893364862
10.074882407953487,10.042023293839057,0.07488240795348751,0.042023293839057355
10.074654915597739,10.078470768523022,0.07465491559773889,0.07847076852302319
10.074426547069136,10.090012758104546,0.07442654706913515,0.09001275810454651
10.074197305047878,10.076718631578307,0.07419730504787903,0.07671863157830758
10.073967192224424,10.028446511136142,0.07396719222442476,0.028446511136142265
10.073736211299448,10.054156082852755,0.07373621129944663,0.054156082852754944
10.073504364983807,10.100441616956509,0.07350436498380723,0.10044161695650963
10.073271655998525,10.081428793086907,0.07327165599852557,0.08142879308690672
10.073038087074746,10.075148269472438,0.07303808707474532,0.0751482694724369
10.072803660953703,10.050978245528308,0.07280366095370255,0.05097824552830776
10.072568380386693,10.043315806428783,0.07256838038669375,0.043315806428783625
10.072332248135043,10.082096526796187,0.0723322481350434,0.08209652679618629
10.072095266970072,10.050985983628996,0.07209526697007154,0.05098598362899503
10.071857439673062,10.121061966276805,0.07185743967306145,0.12106196627680542
10.071618769035227,10.061146561366542,0.07161876903522679,0.061146561366541965
10.071379257857679,10.079320564365316,0.07137925785767897,0.07932056436531566
10.071138908951394,10.111684197983301,0.07113890895139417,0.11168419798330037
10.070897725137181,10.075488448186412,0.0708977251371805,0.07548844818641323
10.070655709245644,10.08324158272696,0.07065570924564471,0.08324158272695943
10.07041286411716,10.097628724483629,0.07041286411715912,0.09762872448362905
10.070169192601828,10.078997180831912,0.0701691926018282,0.07899718083191155
10.069924697559456,10.029211163664124,0.06992469755945517,0.029211163664124337
10.069679381859508,10.08182676488479,0.06967938185950845,0.08182676488478986
10.069433248381088,10.085207926893267,0.06943324838108782,0.08520792689326595
10.069186300012891,10.064997573510455,0.06918630001289086,0.06499757351045524
10.068938539653178,10.104583738567927,0.06893853965317896,0.10458373856792727
10.068689970209743,10.061658496635916,0.06868997020974323,0.0616584966359156
10.06844059459987,10.065497783304666,0.06844059459987045,0.06549778330466632
10.068190415750308,10.067639466978004,0.06819041575030886,0.06763946697800378
10.067939436597234,10.075751006903966,0.0679394365972337,0.07575100690396515
10.067687660086213,10.088041818162772,0.06768766008621284,0.08804181816277103
10.067435089172172,10.110849916017411,0.06743508917217221,0.11084991601741187
10.067181726819362,10.080940675240653,0.06718172681936108,0.08094067524065264
10.066927576001317,10.052413343800854,0.06692757600131731,0.052413343800854564
10.066672639700831,10.055493958720232,0.06667263970083231,0.05549395872023191
10.066416920909916,10.081782458375217,0.06641692090991633,0.08178245837521657
10.066160422629762,10.065480434862554,0.06616042262976303,0.06548043486255399
10.065903147870715,10.095392712408648,0.06590314787071448,0.09539271240864745
10.065645099652226,10.081084712054718,0.06564509965222567,0.08108471205471815
10.06538628100283,10.046982124033878,0.06538628100282923,0.046982124033877734
10.0651266949601,10.040842851060921,0.06512669496009972,0.04084285106092109
10.064866344570618,10.064587778920636,0.0648663445706181,0.06458777892063516
10.064605232889935,10.083253797974635,0.06460523288993596,0.0832537979746351
10.06434336298254,10.097131786126399,0.0643433629825396,0.09713178612639847
10.064080737921815,10.060510541489958,0.06408073792181407,0.060510541489958374
10.063817360790008,10.07573334252122,0.0638173607900072,0.07573334252121998
10.063553234678194,10.050603772570389,0.06355323467819332,0.05060377257038855
10.063288362686237,10.0978107137411,0.06328836268623703,0.09781071374110054
10.063022747922757,10.065263612949032,0.06302274792275679,0.06526361294903167
10.062756393505088,10.077216677939825,0.06275639350508846,0.07721667793982594
10.062489302559248,10.042090698922014,0.062489302559248706,0.042090698922013225
10.062221478219898,10.055524957329279,0.062221478219898346,0.055524957329279534
10.061952923630306,10.06772067219231,0.06195292363030546,0.06772067219231111
10.06168364194231,10.063730435286221,0.061683641942308624,0.06373043528622169
10.06141363631628,10.022905210749892,0.06141363631627988,0.022905210749891984
10.061142909921088,10.047631290399549,0.06114290992108752,0.04763129039954898
10.06087146593406,10.062893384418222,0.060871465934059114,0.06289338441822312
10.060599307540944,10.081741340465603,0.06059930754094406,0.08174134046560291
10.060326437935876,10.036239953806277,0.060326437935876255,0.03623995380627672
10.060052860321337,10.053201436787733,0.0600528603213366,0.0532014367877319
10.059778577908116,10.024435739120646,0.059778577908115395,0.024435739120645714
10.059503593915275,10.052712876133809,0.05950359391527469,0.05271287613380847
10.05922791157011,10.066755442133964,0.059227911570110495,0.06675544213396371
10.058951534108115,10.092859799645174,0.05895153410811485,0.09285979964517471
10.058674464772938,10.047432785525377,0.05867446477293799,0.04743278552537649
10.05839670681635,10.06337334599447,0.058396706816350036,0.063373345994471
10.058118263498203,10.055120227750315,0.05811826349820309,0.055120227750314575
10.057839138086393,10.057267151277376,0.0578391380863929,0.057267151277376
10.05755933385682,10.095828729026136,0.057559333856820355,0.0958287290261359
10.057278854093353,10.041123324664555,0.05727885409335324,0.04112332466455615
10.056997702087788,10.06652637443686,0.05699770208778761,0.06652637443685974
10.056715881139809,10.026286778092267,0.056715881139809105,0.02628677809226703
10.056433394556954,10.067800404985762,0.056433394556954335,0.06780040498576219
10.056150245654573,10.044696062271818,0.05615024565457197,0.04469606227181792
10.055866437755784,10.061120091855946,0.055866437755783864,0.06112009185594664
10.055581974191446,10.075355594073859,0.055581974191446115,0.07535559407385933
10.05529685830011,10.058676508467267,0.055296858300109775,0.058676508467267345
10.055011093427982,10.013771513646883,0.05501109342798194,0.013771513646883525
10.054724682928887,10.054969428273807,0.054724682928886284,0.054969428273806575
10.054437630164223,10.041001935590511,0.05443763016422376,0.04100193559051069
10.054149938502933,10.0671309511625,0.05414993850293315,0.06713095116249969
10.053861611321452,10.09536631340954,0.053861611321451536,0.09536631340953969
10.053572652003675,10.0815736587797,0.053572652003674615,0.08157365877969955
10.053283063940917,10.050881247820985,0.05328306394091708,0.05088124782098602
10.052992850531872,10.060361713827321,0.05299285053187273,0.06036171382732066
10.052702015182575,10.05447179170253,0.05270201518257468,0.05447179170253114
10.052410561306354,10.016543523173203,0.05241056130635521,0.01654352317320268
10.052118492323807,10.06681849938483,0.052118492323805915,0.06681849938482991
10.051825811662738,10.033663075114456,0.051825811662737434,0.03366307511445571
10.051532522758139,10.042498276453703,0.05153252275813926,0.042498276453703354
10.05123862905214,10.08828775731654,0.05123862905213942,0.08828775731653865
10.050944133993964,10.065194756201608,0.05094413399396407,0.0651947562016088
10.050649041039897,10.071933566986308,0.050649041039897015,0.07193356698630816
10.05035335365324,10.080369248700201,0.050353353653239154,0.08036924870020071
10.050057075304268,10.026888409019795,0.05005707530426782,0.02688840901979453
10.049760209470197,10.040384237383007,0.04976020947019606,0.04038423738300772
10.049462759635132,10.062446700438333,0.04946275963513188,0.06244670043833313
10.049164729290037,10.053122277041288,0.049164729290037165,0.05312227704128849
10.048866121932686,10.04662602885563,0.048866121932686975,0.04662602885563047
10.048566941067628,10.047687178414376,0.04856694106762831,0.04768717841437584
10.04826719020614,10.056579570351898,0.04826719020613903,0.0565795703518982
10.047966872866187,10.026431112769018,0.047966872866186665,0.02643111276901691
10.047665992572387,10.063003044021583,0.04766599257238708,0.0630030440215835
10.047364552855964,10.06568432929808,0.04736455285596317,0.0656843292980796
10.047062557254703,10.067469193254755,0.047062557254703374,0.067469193254755
10.046760009312921,10.035600276035629,0.04676000931292014,0.03560027603562882
10.046456912581409,10.041316972758153,0.04645691258140843,0.04131697275815322
10.046153270617404,10.017139301365825,0.046153270617403826,0.01713930136582438
10.045849086984541,10.025982070804503,0.04584908698454105,0.025982070804501965
10.045544365252812,10.045832711872889,0.04554436525281198,0.04583271187288884
10.045239108998524,10.036586329465555,0.04523910899852379,0.03658632946555423
10.044933321804256,10.058809714645811,0.04493332180425695,0.05880971464581024
10.044627007258823,10.027082823202665,0.04462700725882324,0.027082823202664662
10.044320168957224,10.046818264229405,0.04432016895722355,0.046818264229404
10.044012810500606,10.028045447134733,0.04401281050060577,0.02804544713473378
10.043704935496223,10.011769373564043,0.04370493549622248,0.011769373564043097
10.04339654755739,10.03804133289462,0.043396547557388615,0.03804133289462056
10.04308765030344,10.045647798341742,0.04308765030343909,0.04564779834174102
10.042778247359687,10.057281588505532,0.04277824735968622,0.057281588505531514
10.042468342357378,10.046486868614108,0.042468342357377314,0.046486868614108806
10.042157938933652,10.035659574627616,0.04215793893365201,0.035659574627615674
10.041847040731499,10.032188107386538,0.04184704073149953,0.0321881073865376
10.041535651399716,10.023431115236045,0.04153565139971598,0.023431115236045203
10.041223774592861,10.035774235844215,0.04122377459286153,0.03577423584421595
10.040911413971218,10.045628531295703,0.04091141397121747,0.045628531295703455
10.040598573200743,10.03966525375374,0.04059857320074332,0.039665253753738916
10.040285255953034,10.06629062350328,0.040285255953033755,0.06629062350328045
10.039971465905275,10.033500971735615,0.03997146590527555,0.03350097173561482
10.039657206740204,10.052590997493331,0.039657206740204426,0.05259099749333059
10.039342482146061,10.032399760061761,0.039342482146061696,0.032399760061760915
10.03902729581655,10.022827724543877,0.039027295816551205,0.022827724543876226
10.038711651450797,10.03677401717265,0.038711651450795845,0.03677401717264976
10.038395552753293,10.063813416878748,0.038395552753294135,0.06381341687874856
10.038079003433877,10.062775817380082,0.03807900343387679,0.06277581738008174
10.037762007207663,10.034317778852301,0.037762007207663144,0.034317778852300945
10.037444567795017,10.024705626423302,0.03744456779501758,0.024705626423300805
10.037126688921505,10.015280350303117,0.03712668892150584,0.015280350303116662
10.036808374317852,10.03410253556247,0.036808374317851326,0.03410253556247057
10.036489627719892,10.052498473449079,0.03648962771989134,0.05249847344907825
10.036170452868532,10.062404456107688,0.036170452868533064,0.06240445610768829
10.035850853509709,10.028183961201675,0.03585085350970992,0.02818396120167435
10.035530833394338,10.026209931401457,0.03553083339433746,0.02620993140145724
10.03521039627827,10.075077480996379,0.03521039627826934,0.07507748099637984
10.034889545922253,10.008544519907215,0.03488954592225327,0.00854451990721515
10.034568286091886,10.062807149990853,0.03456828609188686,0.06280714999085289
10.034246620557573,10.014505064219145,0.03424662055757346,0.014505064219145831
10.033924553094478,10.049307880237098,0.03392455309447786,0.04930788023709854
10.033602087482482,10.027209062246955,0.03360208748248203,0.02720906224695534
10.03327922750614,10.067693183146586,0.03327922750614072,0.06769318314658643
10.032955976954637,9.97610624037267,0.03295597695463711,-0.023893759627329383
10.032632339621738,10.084859174875287,0.032632339621738164,0.08485917487528663
10.03230831930575,10.025114739761625,0.03230831930575035,0.025114739761624892
10.031983919809475,10.040959084943278,0.0319839198094749,0.04095908494327886
10.031659144940162,10.00767707195734,0.031659144940163246,0.007677071957339923
10.031333998509472,10.008064762907052,0.03133399850947227,0.00806476290705294
10.03100848433342,10.03978009686209,0.031008484333419656,0.03978009686208979
10.03068260623234,10.034996613008532,0.030682606232339024,0.034996613008533
10.030356368030835,10.066484873738988,0.030356368030835135,0.06648487373898826
10.03002977355774,9.989393194181185,0.030029773557739028,-0.010606805818814711
10.029702826646064,10.058189748582176,0.02970282664606306,0.058189748582175606
10.029375531132956,10.03116114130427,0.02937553113295581,0.031161141304269637
10.029047890859657,10.01521605380152,0.029047890859657262,0.015216053801519934
10.028719909671453,10.048301940401993,0.028719909671453582,0.04830194040199361
10.028391591417632,10.033233230705857,0.028391591417632006,0.0332332307058571
10.028062939951436,10.049192044142172,0.028062939951435686,0.04919204414217272
10.027733959130018,10.002641468050996,0.027733959130018443,0.002641468050996538
10.027404652814399,10.031208338763674,0.02740465281439952,0.031208338763675125
10.027075024869418,10.015465195712459,0.027075024869418263,0.015465195712457646
10.026745079163689,10.039720689042237,0.026745079163688748,0.039720689042237044
10.026414819569554,10.007071855292002,0.026414819569554396,0.007071855292002979
10.026084249963043,10.058563477641613,0.026084249963042552,0.058563477641613244
10.025753374223818,9.990461676895327,0.025753374223818837,-0.009538323104672872
10.025422196235143,10.036370792365746,0.025422196235141872,0.036370792365745655
10.025090719883817,10.04199502914196,0.025090719883817527,0.04199502914195971
10.024758949060153,10.041220581296638,0.024758949060153336,0.04122058129663807
10.024426887657913,9.996026815693051,0.02442688765791286,-0.003973184306948253
10.02409453957427,10.020932854315932,0.02409453957426998,0.02093285431593255
10.023761908709764,10.036965212702443,0.02376190870976315,0.03696521270244282
10.02342899896825,10.01388512852129,0.023428998968249626,0.013885128521289761
10.023095814256859,10.002929543426799,0.02309581425685966,0.002929543426797923
10.02276235848595,10.01985961032169,0.02276235848595067,0.019859610321690535
10.022428635569062,9.997382433745722,0.02242863556906118,-0.002617566254278853
10.022094649422865,9.994420181377363,0.022094649422865154,-0.005579818622637473
10.021760403967125,10.036857504752208,0.02176040396712585,0.03685750475220835
10.02142590312465,10.005569268862395,0.021425903124649866,0.005569268862394148
10.021091150821242,10.018509593069195,0.02109115082124109,0.018509593069194964
10.020756150985655,10.030469862746989,0.02075615098565464,0.030469862746988208
10.020420907549552,9.986814523361122,0.020420907549550737,-0.013185476638878191
10.020085424447448,10.036827310035285,0.020085424447448583,0.036827310035284444
10.01974970561668,10.002247191023603,0.019749705616680165,0.002247191023603691
10.019413754997345,10.026809969209419,0.01941375499734406,0.026809969209417993
10.01907757653226,10.04794558962604,0.019077576532259225,0.04794558962604078
10.018741174166918,10.027586789898047,0.018741174166918555,0.027586789898046107
10.018404551849443,10.055930845071105,0.018404551849442834,0.055930845071104636
10.018067713530534,10.031848595027242,0.018067713530534237,0.03184859502724256
10.01773066316343,10.004433571725558,0.01773066316342999,0.004433571725557932
10.017393404703856,10.028670275257245,0.017393404703855978,0.028670275257244745
10.01705594210998,10.034703661958032,0.017055942109980335,0.03470366195803175
10.016718279342367,10.020762871821185,0.016718279342366967,0.020762871821185004
10.016380420363928,10.010227166651829,0.016380420363929084,0.010227166651827935
10.016042369139882,10.001987154976533,0.016042369139882683,0.0019871549765324657
10.0157041296377,10.023853467001569,0.01570412963770006,0.023853467001568988
10.015365705827064,9.986400676940887,0.015365705827063076,-0.013599323059112373
10.015027101679816,10.029401350658787,0.01502710167981681,0.029401350658787795
10.014688321169922,10.011957825798998,0.014688321169922792,0.011957825798998269
10.014349368273413,10.001666719286733,0.014349368273412395,0.0016667192867342567
10.01401024696834,10.006791061118546,0.014010246968340176,0.0067910611185458564
10.013670961234737,9.99297396224734,0.013670961234737183,-0.007026037752659239
10.013331515054563,10.031469215563867,0.013331515054564251,0.03146921556386739
10.012991912411666,10.001963509655395,0.012991912411665259,0.001963509655394744
10.01265215729172,9.991007318798447,0.012652157291720388,-0.008992681201552184
10.012312253682198,10.0170917136036,0.01231225368219933,0.01709171360360021
10.011972205572315,10.005320711535356,0.011972205572314544,0.005320711535356253
10.011632016952975,9.9765945553108,0.011632016952974255,-0.023405444689198904
10.011291691816735,10.023499291937322,0.011291691816735882,0.023499291937321184
10.010951234157758,9.993228084195069,0.010951234157759003,-0.006771915804930301
10.010610647971758,9.988628369447573,0.010610647971758527,-0.011371630552426406
10.010269937255957,9.999640186892876,0.01026993725595779,-0.00035981310712493615
10.009929106009041,10.071442810415894,0.009929106009041655,0.07144281041589458
10.009588158231109,9.967561482625328,0.009588158231109565,-0.03243851737467114
10.009247097923629,9.972479113499805,0.009247097923628617,-0.027520886500194828
10.008905929089387,10.003514508946395,0.00890592908938658,0.0035145089463947433
10.008564655732444,10.047704905666137,0.008564655732444934,0.047704905666137366
10.008223281858092,9.962950323246039,0.008223281858091909,-0.03704967675396047
10.007881811472796,10.01317084550598,0.007881811472795305,0.013170845505979946
10.007540248584156,10.049684076071681,0.007540248584155739,0.04968407607168214
10.00719859720086,10.002027301210887,0.007198597200859427,0.002027301210887589
10.006856861332631,9.989445964516726,0.006856861332631192,-0.010554035483273366
10.006515044990188,9.991233761081409,0.006515044990187394,-0.008766238918590387
10.00617315218519,10.026960330282574,0.006173152185188859,0.02696033028257339
10.005831186930195,9.98417427987584,0.0058311869301938095,-0.015825720124161256
10.00548915323861,10.037244195699783,0.005489153238610755,0.037244195699783204
10.00514705512465,10.018945449237654,0.005147055124651404,0.01894544923765392
10.004804896603284,10.033629808818693,0.004804896603283586,0.03362980881869318
10.004462681690184,10.005435824816173,0.004462681690183959,0.005435824816173721
10.004120414401692,9.97123282301779,0.004120414401691144,-0.028767176982210773
10.003778098754758,9.977649412296639,0.0037780987547584113,-0.022350587703361673
10.003435738766907,9.9634822787532,0.0034357387669065815,-0.036517721246801575
10.003093338456177,9.995406902257445,0.0030933384561768716,-0.00459309774255571
10.002750901841084,9.982609238192342,0.002750901841083743,-0.01739076180765831
10.002408432940568,9.992711649902688,0.002408432940567734,-0.007288350097312641
10.002065935773949,9.998783465140432,0.002065935773948295,-0.0012165348595683887
10.001723414360876,9.996081853175182,0.001723414360876616,-0.003918146824817041
10.001380872721288,9.970226167860442,0.001380872721288452,-0.02977383213955792
10.001038314875357,9.988515672455302,0.0010383148753569848,-0.011484327544697913
10.000695744843446,9.980834179698688,0.0006957448434454676,-0.01916582030131281
10.000353166646061,9.994517853303543,0.0003531666460603038,-0.005482146696456191
10.000010584303803,9.95820772650341,1.058430380368548e-05,-0.041792273496589274
9.999668001837327,10.029174142728221,-0.00033199816267354994,0.029174142728221147
9.999325423267281,9.975612169823215,-0.0006745767327191071,-0.024387830176785776
9.998982852614274,9.980405884934852,-0.0010171473857264204,-0.019594115065147657
9.998640293898818,9.993705152641471,-0.001359706101181841,-0.006294847358529127
9.998297751141289,9.980125195680458,-0.0017022488587118225,-0.019874804319542142
9.99795522836187,10.000313517999318,-0.002044771638130106,0.0003135179993188461
9.997612729580515,10.004746999780835,-0.002387270419484858,0.004746999780835737
9.997270258816894,10.006480203886092,-0.0027297411831060246,0.006480203886091459
9.996927820090347,9.988098999282391,-0.0030721799096522463,-0.011901000717608298
9.996585417419842,10.004431916350455,-0.003414582580158202,0.004431916350455279
9.996243054823918,9.983204945072327,-0.003756945176081739,-0.016795054927673143
9.99590073632065,9.988618581494636,-0.004099263679351027,-0.011381418505363578
9.995558465927589,9.99435779336292,-0.0044415340724117255,-0.005642206637081285
9.995216247661725,9.963041602995373,-0.004783752338274126,-0.03695839700462699
9.99487408553944,9.994633693860955,-0.005125914460560305,-0.005366306139045223
9.994531983576449,9.983383551124671,-0.005468016423551253,-0.016616448875328902
9.994189945787767,9.962466826444022,-0.00581005421223401,-0.0375331735559782
9.99384797618765,9.974440685393917,-0.006152023812348743,-0.025559314606083173
9.993506078789563,9.98087658421485,-0.0064939212104360294,-0.019123415785151497
9.993164257606116,10.006425223643028,-0.006835742393883702,0.006425223643027481
9.992822516649026,9.984843119393219,-0.007177483350974116,-0.015156880606782035
9.992480859929069,9.985816049174135,-0.007519140070931187,-0.014183950825864372
9.992139291456033,9.965765803717794,-0.00786070854396746,-0.03423419628220698
9.99179781523867,10.002917425304236,-0.00820218476133118,0.0029174253042369112
9.991456435284647,9.988563811011751,-0.008543564715353327,-0.011436188988248065
9.991115155600506,10.032971872078091,-0.008884844399494659,0.03297187207809066
9.990773980191607,9.983008535463194,-0.009226019808392728,-0.016991464536805886
9.990432913062092,10.000249362473804,-0.009567086937908857,0.00024936247380434595
9.990091958214824,10.012580033604149,-0.009908041785175292,0.012580033604148881
9.989751119651357,9.997474912359106,-0.010248880348641928,-0.0025250876408947466
9.989410401371877,9.973320236642374,-0.01058959862812345,-0.026679763357625737
9.989069807375154,9.989914373252077,-0.010930192624846229,-0.010085626747922318
9.988729341658505,10.001066082025144,-0.011270658341495255,0.0010660820251439662
9.98838900821774,9.971494942579488,-0.011610991782261056,-0.02850505742051132
9.988048811047113,9.987378591064676,-0.01195118895288659,-0.012621408935323293
9.987708754139286,10.02106286172598,-0.012291245860714117,0.02106286172597918
9.987368841485267,9.966151642205967,-0.012631158514732073,-0.03384835779403304
9.987029077074379,9.995637695298239,-0.01297092292562189,-0.0043623047017616115
9.986689464894194,9.949529974472494,-0.013310535105804792,-0.05047002552750529
9.986350008930511,10.009995292352475,-0.013649991069488757,0.009995292352473822
9.986010713167286,9.97985162275625,-0.013989286832715034,-0.0201483772437505
9.985671581586596,9.99294559707229,-0.014328418413405083,-0.007054402927711429
9.985332618168593,9.978546348877606,-0.014667381831407256,-0.021453651122393648
9.984993826891456,9.95852359001775,-0.015006173108543512,-0.041476409982249954
9.984655211731344,9.973618820278382,-0.01534478826865611,-0.026381179721617985
9.984316776662345,9.97237146596104,-0.015683223337654272,-0.027628534038960324
9.98397852565644,9.992970853739351,-0.016021474343560823,-0.007029146260649658
9.983640462683441,9.968968116360493,-0.016359537316558814,-0.031031883639506624
9.983302591710961,9.985329682647864,-0.016697408289038058,-0.014670317352136085
9.982964916704358,9.994961500420356,-0.017035083295641875,-0.005038499579644704
9.982627441626686,9.96162209797103,-0.017372558373313373,-0.03837790202896935
9.982290170438658,10.006385229932786,-0.01770982956134213,0.006385229932786011
9.981953107098589,9.97018657986305,-0.018046892901410632,-0.02981342013694961
9.98161625556236,9.96933212236958,-0.018383744437640733,-0.030667877630418908
9.98127961978336,10.0082875471416,-0.01872038021664009,0.008287547141600047
9.980943203712451,9.986849609679107,-0.01905679628754854,-0.013150390320892543
9.980607011297916,9.961537919142286,-0.019392988702084488,-0.03846208085771377
9.98027104648541,9.965213265162609,-0.01972895351459123,-0.03478673483739081
9.979935313217917,9.962061068337198,-0.020064686782083285,-0.03793893166280306
9.979599815435707,9.988482870597059,-0.0204001845642926,-0.0115171294029404
9.979264557076284,9.957588158465517,-0.02073544292371498,-0.04241184153448334
9.978929542074344,10.00338426464548,-0.02107045792565604,0.003384264645480129
9.978594774361722,9.9888742438687,-0.021405225638277556,-0.011125756131299938
9.978260257867356,9.986755916110091,-0.021739742132643566,-0.013244083889909202
9.977925996517234,10.015315200195987,-0.022074003482766485,0.015315200195986662
9.977591994234347,10.014761756612996,-0.022408005765653174,0.014761756612997029
9.977258254938649,9.97746840277418,-0.022741745061350994,-0.022531597225820335
9.976924782547005,9.970936631904129,-0.023075217452993794,-0.029063368095871497
9.976591580973151,9.95957283108106,-0.0234084190268479,-0.04042716891894089
9.976258654127642,9.95703028068144,-0.023741345872358023,-0.042969719318559384
9.975926005917806,10.0000323958729,-0.024073994082193146,3.239587289932677e-05
9.975593640247707,9.955476270715996,-0.024406359752292522,-0.04452372928400401
9.975261561018089,9.958941018203504,-0.024738438981911255,-0.04105898179649589
9.974929772126334,9.976735396095409,-0.02507022787366623,-0.023264603904590897
9.974598277466418,9.985009811209824,-0.025401722533581847,-0.014990188790175524
9.974267080928865,9.985850564141682,-0.02573291907113568,-0.014149435858318278
9.973936186400696,10.003998368934884,-0.026063813599304177,0.003998368934883291
9.973605597765392,9.973671902200916,-0.026394402234608247,-0.026328097799083818
9.973275318902841,9.946673226157408,-0.02672468109715885,-0.05332677384259195
9.972945353689298,10.018464469763524,-0.02705464631070254,0.018464469763523464
9.972615705997333,9.982418044353013,-0.027384294002666915,-0.017581955646987845
9.972286379695793,9.949359390078623,-0.027713620304206217,-0.05064060992137689
9.971957378649753,9.988212303775455,-0.028042621350246502,-0.011787696224544522
9.97162870672047,9.99137516921136,-0.028371293279531164,-0.008624830788641534
9.971300367765334,9.99236017501161,-0.02869963223466622,-0.007639824988389457
9.970972365637834,9.967783408488616,-0.02902763436216556,-0.032216591511383154
9.970644704187503,9.958719532970521,-0.029355295812496202,-0.04128046702947945
9.970317387259877,9.977806317414158,-0.02968261274012344,-0.022193682585841305
9.969990418696444,9.946331183130443,-0.030009581303555993,-0.05366881686955713
9.969663802334608,9.930588775012206,-0.03033619766539111,-0.06941122498779424
9.96933754200764,10.004835238100684,-0.03066245799235955,0.004835238100684262
9.969011641544629,9.994056139302769,-0.030988358455370596,-0.005943860697230519
9.968686104770443,9.969175477752547,-0.031313895229557104,-0.03082452224745338
9.96836093550568,10.001769321366199,-0.03163906449432019,0.0017693213661992488
9.968036137566626,9.988469348439281,-0.0319638624333742,-0.01153065156071912
9.967711714765208,9.974330758861612,-0.032288285234791485,-0.02566924113838761
9.967387670908954,9.967529071770045,-0.032612329091047096,-0.03247092822995433
9.967064009800936,9.945765144450785,-0.032935990199063535,-0.05423485554921509
9.966740735239744,9.984910789895933,-0.033259264760255335,-0.015089210104067111
9.966417851019425,9.974475882369983,-0.03358214898057366,-0.025524117630016094
9.96609536092945,9.997176769706996,-0.03390463907055086,-0.002823230293003104
9.965773268754655,9.970619386289716,-0.03422673124534483,-0.02938061371028373
9.965451578275216,9.977538073940611,-0.03454842172478368,-0.022461926059388168
9.96513029326659,9.97351520893645,-0.034869706733409805,-0.026484791063550814
9.964809417499476,9.96415998960857,-0.03519058250052437,-0.03584001039143078
9.96448895473977,9.9668335676841,-0.03551104526023152,-0.033166432315900204
9.964168908748517,9.981634002503878,-0.03583109125148259,-0.018365997496122048
9.96384928328188,9.946567546114803,-0.03615071671812022,-0.0534324538851969
9.963530082091077,9.948814678517577,-0.03646991790892247,-0.05118532148242348
9.963211308922354,9.944713699140712,-0.03678869107764683,-0.05528630085928761
9.962892967516925,9.977815668768264,-0.037107032483074176,-0.02218433123173645
9.962575061610947,9.960177933281345,-0.0374249383890527,-0.039822066718655444
9.962257594935458,9.94331185537053,-0.03774240506454171,-0.056688144629470485
9.961940571216344,9.968771703892994,-0.03805942878365557,-0.03122829610700545
9.961623994174293,9.959620632503066,-0.038376005825707195,-0.04037936749693422
9.961307867524749,10.003644458334584,-0.038692132475251884,0.00364445833458385
9.96099219497787,9.943921420835602,-0.03900780502213088,-0.05607857916439708
9.960676980238485,9.986389918156156,-0.0393230197615149,-0.013610081843844435
9.960362227006053,9.963003986234403,-0.03963777299394765,-0.03699601376559723
9.960047938974611,9.943802693379734,-0.0399520610253892,-0.05619730662026606
9.95973411983274,9.95514348438415,-0.04026588016725939,-0.04485651561584937
9.959420773263519,9.979611105843333,-0.04057922673648106,-0.02038889415666816
9.959107902944476,9.946971993636625,-0.04089209705552328,-0.053028006363375166
9.958795512547555,9.934526311171608,-0.04120448745244466,-0.06547368882839255
9.958483605739064,9.955350496585009,-0.04151639426093621,-0.04464950341499141
9.958172186179635,9.929532172494303,-0.04182781382036449,-0.07046782750569602
9.957861257524186,9.94288819566129,-0.0421387424758146,-0.057111804338709354
9.957550823421867,9.924546298274572,-0.042449176578133026,-0.07545370172542683
9.95724088751603,9.948546576986287,-0.04275911248397047,-0.05145342301371408
9.956931453444176,9.97082550361937,-0.04306854655582463,-0.029174496380630813
9.956622524837917,9.960005197663172,-0.043377475162082874,-0.03999480233682761
9.956314105322935,9.947835310815409,-0.043685894677064886,-0.05216468918459173
9.956006198518935,9.936215260226513,-0.04399380148106517,-0.06378473977348678
9.955698808039605,9.94680987846509,-0.04430119196039555,-0.05319012153491119
9.955391937492573,9.98679443454625,-0.04460806250742771,-0.013205565453751393
9.955085590479365,9.96659633472547,-0.04491440952063527,-0.03340366527452955
9.954779770595364,9.94130831020942,-0.045220229404636283,-0.05869168979058047
9.954474481429765,9.963721450070315,-0.04552551857023532,-0.03627854992968548
9.954169726565535,9.970120409909788,-0.045830273434465656,-0.02987959009021246
9.95386550957937,9.971967494567343,-0.046134490420631245,-0.02803250543265797
9.95356183404165,9.97475504330311,-0.04643816595834879,-0.0252449566968889
9.953258703516411,9.957966641620066,-0.04674129648358956,-0.04203335837993403
9.952956121561279,9.960537596649456,-0.047043878438721286,-0.039462403350545155
9.95265409172745,9.92384925546484,-0.04734590827254982,-0.07615074453516024
9.952352617559638,9.935600988624254,-0.04764738244036102,-0.06439901137574588
9.952051702596037,9.97384727352355,-0.04794829740396207,-0.026152726476450783
9.951751350368276,9.95129719360229,-0.048248649631723206,-0.04870280639771058
9.951451564401381,9.96499352786251,-0.04854843559861908,-0.035006472137489426
9.95115234821373,9.977863057063312,-0.04884765178627018,-0.02213694293668858
9.950853705317016,9.92991271459306,-0.049146294682984065,-0.07008728540694065
9.950555639216203,9.945868586943693,-0.049444360783796645,-0.05413141305630742
9.950258153409488,9.935206700799244,-0.04974184659051326,-0.06479329920075591
9.94996125138825,9.945083800406426,-0.05003874861174978,-0.054916199593574785
9.949664936637026,9.93505729697932,-0.05033506336297351,-0.06494270302068089
9.949369212633457,9.926982584964058,-0.05063078736654417,-0.07301741503594134
9.949074082848245,9.935118760807574,-0.050925917151754735,-0.06488123919242594
9.948779550745128,9.969796037628454,-0.05122044925487201,-0.030203962371546027
9.948485619780822,9.919113719311866,-0.051514380219177404,-0.0808862806881344
9.948192293404993,9.941106596494462,-0.05180770659500751,-0.05889340350553725
9.947899575060205,9.95460753718151,-0.05210042493979451,-0.045392462818490874
9.947607468181893,9.968808609297314,-0.05239253181810667,-0.031191390702685742
9.947315976198311,9.934753485746645,-0.05268402380168859,-0.06524651425335429
9.947025102530498,9.896698217059575,-0.05297489746950143,-0.10330178294042558
9.946734850592238,9.93991079397001,-0.05326514940776316,-0.06008920602998989
9.946445223790011,9.953641287347157,-0.05355477620998849,-0.04635871265284285
9.946156225522971,9.941766752431699,-0.05384377447702894,-0.05823324756830133
9.945867859182886,9.894246925457864,-0.054132140817112775,-0.10575307454213578
9.945580128154115,9.928549005276263,-0.054419871845884676,-0.07145099472373731
9.945293035813554,9.886629626945584,-0.05470696418644552,-0.11337037305441634
9.945006585530608,9.947204879666568,-0.05499341446939206,-0.05279512033343233
9.944720780667144,9.96274965476145,-0.055279219332856434,-0.03725034523855063
9.944435624577455,9.95749657973841,-0.0555643754225456,-0.042503420261591665
9.94415112060822,9.918223423447285,-0.05584887939178074,-0.08177657655271463
9.943867272098464,9.987006728545797,-0.056132727901536505,-0.012993271454202482
9.94358408237952,9.970595977265742,-0.05641591762048023,-0.029404022734258593
9.943301554774989,9.929197183566052,-0.056698445225010975,-0.07080281643394776
9.943019692600702,9.946539991679009,-0.056980307399298706,-0.053460008320992
9.942738499164678,9.958199327974757,-0.05726150083532294,-0.04180067202524243
9.942457977767088,9.93276616868887,-0.05754202223291177,-0.0672338313111292
9.942178131700219,9.936210371976092,-0.05782186829978053,-0.06378962802390896
9.941898964248429,9.952770058994462,-0.05810103575157044,-0.04722994100553747
9.941620478688113,9.96046727566933,-0.058379521311887166,-0.03953272433067005
9.941342678287661,9.929979433961512,-0.05865732171233923,-0.07002056603848848
9.941065566307424,9.931622747836897,-0.05893443369257643,-0.06837725216310245
9.940789145999672,9.945711472754066,-0.059210854000328064,-0.054288527245933596
9.940513420608559,9.944649565098349,-0.0594865793914411,-0.05535043490165199
9.940238393370082,9.950117557026369,-0.05976160662991823,-0.049882442973631064
9.939964067512044,9.937000760696684,-0.060035932487956,-0.06299923930331573
9.939690446254017,9.92913838912021,-0.06030955374598244,-0.07086161087979005
9.939417532807305,9.89656835832185,-0.06058246719269503,-0.10343164167814894
9.939145330374902,9.945691426789507,-0.06085466962509833,-0.05430857321049354
9.938873842151459,9.932457620741346,-0.061126157848541585,-0.06754237925865339
9.938603071323243,9.933325676443623,-0.061396928676756224,-0.06667432355637672
9.938333021068107,9.94321014010888,-0.06166697893189324,-0.056789859891119975
9.93806369455544,9.919126345643821,-0.06193630544456048,-0.08087365435617849
9.93779509494614,9.928985761268436,-0.062204905053859866,-0.07101423873156476
9.937527225392575,9.951772316589949,-0.06247277460742443,-0.048227683410051334
9.937260089038544,9.96093928569326,-0.06273991096145548,-0.03906071430673945
9.936993689019241,9.979166552108152,-0.06300631098075929,-0.020833447891847115
9.936728028461216,9.970431554080578,-0.06327197153878397,-0.029568445919420802
9.936463110482343,9.942395912932591,-0.06353688951765621,-0.05760408706740825
9.936198938191783,9.9153579173657,-0.0638010618082178,-0.08464208263429972
9.935935514689938,9.901999589692744,-0.06406448531006223,-0.09800041030725559
9.93567284306843,9.928213903204963,-0.06432715693157091,-0.07178609679503777
9.93541092641005,9.942085697435118,-0.06458907358994961,-0.05791430256488224
9.935149767788735,9.950500594372695,-0.06485023221126456,-0.049499405627305294
9.934889370269522,9.961933142753033,-0.06511062973047853,-0.03806685724696754
9.934629736908514,9.939451918741357,-0.06537026309148677,-0.06054808125864326
9.934370870752847,9.969121195764304,-0.0656291292471531,-0.030878804235695924
9.934112774840655,9.935026535183942,-0.06588722515934531,-0.06497346481605792
9.933855452201028,9.91696793227674,-0.0661445477989711,-0.08303206772325875
9.933598905853987,9.926977594101459,-0.06640109414601346,-0.07302240589854156
9.933343138810434,9.935726397347757,-0.06665686118956625,-0.06427360265224298
9.93308815407213,9.933566194909742,-0.06691184592786945,-0.06643380509025748
9.932833954631656,9.927295321249048,-0.0671660453683444,-0.07270467875095186
9.93258054347237,9.920072394009386,-0.067419456527629,-0.07992760599061334
9.932327923568387,9.94796677053181,-0.06767207643161255,-0.05203322946818939
9.93207609788453,9.928018881838401,-0.06792390211547082,-0.07198111816159904
9.931825069376298,9.943385792777422,-0.06817493062370086,-0.056614207222578775
9.931574840989844,9.922940027387614,-0.06842515901015549,-0.07705997261238579
9.931325415661922,9.9361979773073,-0.06867458433807809,-0.06380202269269966
9.931076796319863,9.930227616513966,-0.06892320368013692,-0.06977238348603514
9.93082898588154,9.909982592499931,-0.06917101411845959,-0.09001740750006938
9.930581987255334,9.98563191440375,-0.06941801274466723,-0.014368085596249844
9.93033580334009,9.937176333595193,-0.06966419665990861,-0.0628236664048067
9.930090437025106,9.906894535784401,-0.06990956297489426,-0.09310546421559895
9.92984589119007,9.941757986541264,-0.07015410880993027,-0.05824201345873704
9.929602168705047,9.940424262883496,-0.07039783129495217,-0.05957573711650436
9.92935927243044,9.912735038202708,-0.07064072756955848,-0.08726496179729137
9.929117205216956,9.917241745907212,-0.07088279478304454,-0.08275825409278724
9.928875969905564,9.955513910409042,-0.07112403009443569,-0.04448608959095847
9.92863556932748,9.889340232977945,-0.07136443067252074,-0.11065976702205452
9.928396006304116,9.943589799004751,-0.0716039936958852,-0.05641020099524837
9.928157283647055,9.94101652627946,-0.07184271635294437,-0.05898347372053886
9.927919404158024,9.947608648090155,-0.07208059584197636,-0.052391351909845646
9.927682370628846,9.903212298808342,-0.07231762937115493,-0.09678770119165928
9.927446185841418,9.932977604082971,-0.07255381415858234,-0.06702239591702934
9.927210852567677,9.95422264158335,-0.07278914743232183,-0.04577735841665093
9.92697637356957,9.928858175956522,-0.07302362643043037,-0.07114182404347845
9.92674275159901,9.9546754880654,-0.07325724840099096,-0.04532451193460063
9.926509989397855,9.950896862194579,-0.07349001060214491,-0.049103137805420694
9.926278089697876,9.942864946428124,-0.07372191030212402,-0.057135053571876565
9.926047055220717,9.938033650176557,-0.0739529447792827,-0.06196634982344383
9.92581688867787,9.923414551529616,-0.07418311132212989,-0.07658544847038491
9.92558759277064,9.9142777069244,-0.07441240722936085,-0.08572229307560014
9.925359170190111,9.923690874152632,-0.07464082980988887,-0.07630912584736806
9.925131623617123,9.933827704476917,-0.07486837638287691,-0.06617229552308387
9.924904955722232,9.928222327875417,-0.07509504427776899,-0.07177767212458323
9.924679169165678,9.921625105360247,-0.07532083083432158,-0.07837489463975258
9.924454266597365,9.937897410464041,-0.07554573340263476,-0.062102589535958236
9.924230250656816,9.965673253044868,-0.0757697493431835,-0.034326746955132804
9.924007123973151,9.95291509785651,-0.07599287602684832,-0.04708490214348987
9.923784889165054,9.967348251256102,-0.07621511083494648,-0.032651748743897625
9.923563548840738,9.923550035574097,-0.07643645115926243,-0.07644996442590339
9.92334310559792,9.932818254624218,-0.07665689440207867,-0.06718174537578257
9.923123562023793,9.911527560541872,-0.07687643797620612,-0.08847243945812777
9.922904920694986,9.907170634072465,-0.07709507930501436,-0.09282936592753524
9.922687184177537,9.924061395609387,-0.07731281582246219,-0.07593860439061212
9.922470355026872,9.921881600901898,-0.07752964497312732,-0.0781183990981018
9.922254435787764,9.906831440975735,-0.07774556421223683,-0.09316855902426464
9.922039428994303,9.889936005000203,-0.07796057100569659,-0.11006399499979697
9.921825337169878,9.908747232141955,-0.0781746628301214,-0.09125276785804408
9.921612162827136,9.924450016411695,-0.07838783717286421,-0.07554998358830409
9.921399908467954,9.887637574310128,-0.07860009153204606,-0.11236242568987233
9.921188576583415,9.93962962661168,-0.07881142341658492,-0.06037037338832066
9.920978169653775,9.914121302426054,-0.07902183034622544,-0.08587869757394642
9.920768690148432,9.927154682390192,-0.07923130985156776,-0.07284531760980827
9.920560140525904,9.910749416486887,-0.07943985947409643,-0.08925058351311337
9.92035252323379,9.919521731913228,-0.07964747676620959,-0.08047826808677178
9.920145840708752,9.945904101954467,-0.07985415929124727,-0.05409589804553321
9.919940095376479,9.935544486381486,-0.08005990462352044,-0.06445551361851332
9.91973528965166,9.951097912988986,-0.08026471034833906,-0.04890208701101406
9.91953142593796,9.929795077727444,-0.08046857406204076,-0.07020492227255574
9.91932850662798,9.928546242723135,-0.08067149337201873,-0.07145375727686556
9.919126534103249,9.93093421592768,-0.0808734658967502,-0.06906578407232078
9.918925510734176,9.915245318709417,-0.08107448926582389,-0.08475468129058392
9.918725438880031,9.921026890451445,-0.0812745611199683,-0.07897310954855416
9.91852632088892,9.91132256440994,-0.08147367911107921,-0.08867743559006036
9.918328159097753,9.88369813814662,-0.08167184090224704,-0.11630186185337946
9.918130955832215,9.9108482735025,-0.08186904416778468,-0.08915172649750021
9.917934713406746,9.915746639192285,-0.08206528659325435,-0.08425336080771459
9.917739434124504,9.890440598326489,-0.08226056587549524,-0.10955940167351108
9.91754512027735,9.96046932941378,-0.08245487972265003,-0.039530670586221
9.917351774145807,9.89336078825941,-0.08264822585419225,-0.10663921174059098
9.917159397999047,9.921562473519364,-0.08284060200095265,-0.07843752648063561
9.916967994094854,9.928057938557936,-0.0830320059051462,-0.07194206144206412
9.916777564679602,9.907062599889574,-0.08322243532039819,-0.09293740011042603
9.91658811198823,9.908060490573147,-0.08341188801177103,-0.09193950942685246
9.91639963824421,9.912893667389882,-0.08360036175579018,-0.08710633261011831
9.91621214565953,9.951544029548128,-0.0837878543404702,-0.048455970451872284
9.916025636434659,9.955305076117481,-0.08397436356534108,-0.044694923882518854
9.915840112758527,9.921118668711355,-0.08415988724147354,-0.07888133128864626
9.915655576808495,9.92084421708393,-0.08434442319150524,-0.07915578291606955
9.915472030750333,9.928090364094617,-0.08452796924966594,-0.07190963590538244
9.915289476738197,9.92408830442994,-0.08471052326180319,-0.0759116955700596
9.915107916914593,9.900310197533548,-0.08489208308540735,-0.09968980246645234
9.914927353410363,9.904135281541025,-0.08507264658963708,-0.09586471845897494
9.914747788344656,9.924624533458964,-0.08525221165534391,-0.0753754665410361
9.914569223824902,9.935083318830218,-0.08543077617509752,-0.06491668116978164
9.91439166194679,9.903904760971063,-0.08560833805321032,-0.09609523902893749
9.914215104794238,9.917612057076346,-0.08578489520576185,-0.08238794292365498
9.914039554439377,9.942740286270539,-0.08596044556062363,-0.05725971372946158
9.913865012942518,9.919330447621597,-0.08613498705748307,-0.08066955237840294
9.913691482352132,9.888469550945583,-0.08630851764786801,-0.1115304490544162
9.91351896470483,9.913644913715183,-0.08648103529517047,-0.08635508628481765
9.91334746202533,9.927099502065603,-0.08665253797467079,-0.07290049793439679
9.913176976326438,9.911825884333137,-0.08682302367356115,-0.08817411566686326
9.91300750960903,9.900668177475083,-0.08699249039096944,-0.09933182252491668
9.912839063862018,9.903145895513836,-0.08716093613798265,-0.09685410448616356
9.91267164106233,9.944233371981362,-0.08732835893766999,-0.05576662801863868
9.912505243174893,9.928516787721549,-0.08749475682510656,-0.07148321227845153
9.912339872152604,9.919543525005418,-0.08766012784739591,-0.08045647499458147
9.912175529936306,9.905787862757553,-0.08782447006369337,-0.09421213724244729
9.912012218454771,9.902472531558773,-0.08798778154522852,-0.09752746844122645
9.911849939624672,9.924280653948319,-0.08815006037532806,-0.07571934605168115
9.911688695350563,9.916724548306295,-0.08831130464943808,-0.08327545169370533
9.911528487524853,9.905711685550626,-0.0884715124751467,-0.09428831444937422
9.911369318027795,9.921725135687586,-0.08863068197220594,-0.07827486431241323
9.911211188727446,9.917431611453786,-0.08878881127255407,-0.08256838854621378
9.911054101479662,9.913856543073766,-0.08894589852033746,-0.08614345692623306
9.910898058128067,9.896770437077002,-0.0891019418719322,-0.10322956292299729
9.910743060504034,9.924913617687617,-0.08925693949596597,-0.07508638231238338
9.910589110426661,9.851101590466206,-0.08941088957333933,-0.14889840953379466
9.910436209702752,9.883335777722557,-0.08956379029724731,-0.11666422227744261
9.9102843601268,9.898242038651992,-0.0897156398732003,-0.10175796134800817
9.910133563480954,9.923708308206114,-0.08986643651904545,-0.07629169179388637
9.909983821535013,9.933231526819137,-0.09001617846498727,-0.06676847318086322
9.909835136046391,9.882332517408202,-0.09016486395360868,-0.11766748259179849
9.909687508760108,9.934703842254187,-0.09031249123989138,-0.06529615774581332
9.909540941408764,9.916982542060428,-0.09045905859123657,-0.08301745793957188
9.909395435712515,9.916352557321241,-0.09060456428748515,-0.08364744267875796
9.909250993379063,9.889984542596098,-0.0907490066209378,-0.11001545740390277
9.909107616103624,9.90473710266218,-0.09089238389637534,-0.09526289733781967
9.908965305568922,9.879221648180419,-0.09103469443107827,-0.12077835181958188
9.908824063445152,9.921555261711593,-0.09117593655484685,-0.07844473828840766
9.90868389138998,9.926457999160336,-0.09131610861002032,-0.0735420008396641
9.908544791048504,9.915400956628924,-0.09145520895149682,-0.08459904337107703
9.908406764053248,9.91993819729004,-0.09159323594675223,-0.08006180270995888
9.908269812024141,9.892330183395332,-0.09173018797585972,-0.10766981660466793
9.908133936568492,9.933827043129057,-0.09186606343150844,-0.06617295687094318
9.907999139280978,9.921856893699639,-0.09200086071902264,-0.07814310630036131
9.907865421743619,9.91532121747613,-0.09213457825638027,-0.08467878252386926
9.907732785525768,9.927513488618109,-0.09226721447423149,-0.07248651138189101
9.907601232184083,9.89480102691413,-0.09239876781591727,-0.10519897308586929
9.907470763262513,9.984170338139561,-0.09252923673748739,-0.015829661860438188
9.907341380292282,9.908635227188872,-0.09265861970771888,-0.09136477281112827
9.907213084791866,9.960081093900406,-0.09278691520813366,-0.03991890609959301
9.907085878266983,9.900026479049936,-0.09291412173301672,-0.09997352095006426
9.906959762210567,9.90088706193205,-0.09304023778943339,-0.0991129380679499
9.906834738102752,9.913129701309828,-0.09316526189724722,-0.0868702986901726
9.906710807410862,9.886107320620155,-0.0932891925891372,-0.11389267937984393
9.906587971589385,9.917227816989692,-0.09341202841061484,-0.08277218301030757
9.906466232079959,9.95435226196065,-0.09353376792004159,-0.04564773803935019
9.906345590311355,9.892283465851648,-0.09365440968864533,-0.10771653414835233
9.906226047699462,9.919048050614576,-0.09377395230053759,-0.08095194938542423
9.90610760564727,9.887042186735048,-0.09389239435272971,-0.11295781326495194
9.905990265544851,9.871471580610496,-0.09400973445514973,-0.1285284193895039
9.905874028769341,9.875626798097942,-0.09412597123065838,-0.12437320190205733
9.905758896684935,9.884409128036646,-0.09424110331506547,-0.11559087196335398
9.905644870642854,9.871216274581686,-0.09435512935714568,-0.12878372541831373
9.905531951981345,9.910361915491373,-0.09446804801865463,-0.08963808450862641
9.905420142025655,9.914326330858433,-0.09457985797434454,-0.08567366914156695
9.90530944208802,9.887458141058941,-0.09469055791197956,-0.11254185894105921
9.905199853467648,9.890394613591326,-0.09480014653235158,-0.10960538640867483
9.905091377450704,9.924560300872267,-0.09490862254929504,-0.07543969912773352
9.904984015310298,9.91854575521792,-0.09501598468970238,-0.08145424478207959
9.904877768306461,9.91947323314008,-0.09512223169353874,-0.08052676685992109
9.904772637686143,9.919966463516062,-0.09522736231385694,-0.08003353648393785
9.904668624683188,9.882540117418163,-0.0953313753168119,-0.11745988258183723
9.904565730518325,9.844992906204888,-0.09543426948167537,-0.15500709379511116
9.90446395639915,9.916213204788672,-0.09553604360084997,-0.08378679521132823
9.904363303520116,9.867216733775816,-0.09563669647988364,-0.13278326622418346
9.904263773062516,9.915861511896223,-0.09573622693748353,-0.08413848810377669
9.904165366194471,9.894514772493302,-0.0958346338055298,-0.10548522750669809
9.90406808407091,9.889011365297344,-0.09593191592908945,-0.11098863470265495
9.90397192783357,9.888244681679012,-0.09602807216642979,-0.11175531832098769
9.903876898610967,9.89116611632914,-0.09612310138903196,-0.10883388367085946
9.903782997518396,9.901553927100467,-0.09621700248160393,-0.09844607289953236
9.903690225657906,9.926019782661992,-0.09630977434209394,-0.07398021733800705
9.903598584118297,9.902723670240066,-0.09640141588170306,-0.09727632975993443
9.903508073975102,9.905719384392322,-0.09649192602489831,-0.0942806156076782
9.903418696290576,9.912409961882616,-0.09658130370942498,-0.0875900381173842
9.90333045211368,9.955705866674574,-0.09666954788631936,-0.04429413332542591
9.90324334248008,9.917670758013779,-0.09675665751992087,-0.08232924198622069
9.903157368412115,9.897238174472013,-0.09684263158788425,-0.10276182552798693
9.903072530918807,9.908991480490881,-0.0969274690811917,-0.09100851950911946
9.902988830995836,9.90814491093238,-0.09701116900416444,-0.09185508906761937
9.902906269625525,9.905653584717761,-0.09709373037447472,-0.09434641528223912
9.902824847776843,9.905250240982696,-0.09717515222315705,-0.0947497590173051
9.90274456640538,9.927561932800923,-0.09725543359461986,-0.0724380671990774
9.902665426453343,9.91181593593577,-0.09733457354665642,-0.08818406406423031
9.902587428849543,9.892874204295534,-0.09741257115045619,-0.10712579570446498
9.902510574509385,9.939758499063643,-0.09748942549061546,-0.06024150093635746
9.902434864334852,9.916079239521034,-0.09756513566514825,-0.08392076047896627
9.902360299214504,9.8841230986319,-0.09763970078549693,-0.11587690136810098
9.902286880023457,9.905658700654357,-0.09771311997654243,-0.09434129934564425
9.902214607623385,9.889791868887736,-0.0977853923766148,-0.11020813111226459
9.902143482862497,9.89996062538285,-0.09785651713750305,-0.10003937461714962
9.902073506575535,9.895419981303034,-0.09792649342446537,-0.10458001869696663
9.902004679583762,9.921411623621005,-0.09799532041623865,-0.07858837637899616
9.901937002694952,9.883804880732587,-0.09806299730504836,-0.1161951192674125
9.901870476703381,9.856504265023093,-0.0981295232966179,-0.1434957349769078
9.901805102389822,9.905810080202839,-0.09819489761017791,-0.0941899197971617
9.901740880521524,9.88902339626157,-0.09825911947847556,-0.11097660373843031
9.901677811852217,9.899271217387652,-0.09832218814778339,-0.10072878261234793
9.901615897122092,9.875817263667459,-0.09838410287790827,-0.1241827363325414
9.9015551370578,9.91087802531382,-0.09844486294220005,-0.08912197468617893
9.90149553237244,9.890662900699233,-0.09850446762756009,-0.10933709930076659
9.90143708376555,9.87039948479113,-0.0985629162344496,-0.12960051520886867
9.901379791923102,9.89677906024016,-0.09862020807689795,-0.10322093975984063
9.901323657517489,9.908668001814409,-0.09867634248251056,-0.09133199818559068
9.901268681207522,9.919255473533246,-0.09873131879247697,-0.08074452646675348
9.90121486363842,9.907680475359069,-0.0987851363615784,-0.0923195246409319
9.901162205441805,9.898444415881302,-0.09883779455819547,-0.10155558411869692
9.901110707235684,9.874712910032681,-0.09888929276431556,-0.1252870899673192
9.90106036962446,9.910833894816246,-0.09893963037553995,-0.08916610518375294
9.901011193198908,9.894839101740262,-0.09898880680109114,-0.10516089825973808
9.90096317853618,9.910805941372379,-0.09903682146381958,-0.08919405862762136
9.90091632619979,9.889508184388166,-0.09908367380021055,-0.11049181561183449
9.90087063673961,9.902901698333693,-0.09912936326039073,-0.09709830166630717
9.900826110691865,9.896422238850096,-0.0991738893081347,-0.10357776114990287
9.900782748579129,9.878592726266094,-0.09921725142087118,-0.12140727373390697
9.90074055091031,9.937747230621428,-0.0992594490896892,-0.062252769378571646
9.900699518180655,9.908913276482595,-0.09930048181934403,-0.09108672351740559
9.900659650871736,9.910830046714088,-0.09934034912826306,-0.08916995328591314
9.900620949451449,9.893349778064144,-0.09937905054855141,-0.10665022193585573
9.900583414374003,9.926184116542794,-0.09941658562599737,-0.07381588345720634
9.900547046079922,9.921001617333689,-0.09945295392007786,-0.0789983826663106
9.900511844996036,9.906826866683843,-0.09948815500396346,-0.09317313331615633
9.900477811535476,9.881894262467027,-0.09952218846452354,-0.11810573753297303
9.90044494609767,9.895048389910677,-0.099555053902331,-0.10495161008932348
9.900413249068333,9.925030607168694,-0.09958675093166708,-0.07496939283130671
9.900382720819474,9.893998518960077,-0.09961727918052575,-0.10600148103992418
9.900353361709382,9.852242683242135,-0.09964663829061819,-0.14775731675786397
9.900325172082622,9.931536873081079,-0.0996748279173769,-0.06846312691892126
9.90029815227004,9.889300344209023,-0.09970184772995985,-0.1106996557909777
9.900272302588746,9.910686561184281,-0.09972769741125428,-0.08931343881571795
9.90024762334212,9.890253778953513,-0.09975237665788043,-0.10974622104648699
9.900224114819805,9.86542850870403,-0.09977588518019516,-0.13457149129596951
9.900201777297704,9.919450901385131,-0.09979822270229527,-0.08054909861486828
9.90018061103798,9.915321140471763,-0.09981938896202079,-0.08467885952823642
9.900160616289043,9.874313773768533,-0.09983938371095802,-0.12568622623146813
9.900141793285558,9.934140804904288,-0.09985820671444254,-0.06585919509571206
9.900124142248439,9.918607414218105,-0.09987585775156178,-0.08139258578189584
9.900107663384842,9.905941497318555,-0.09989233661515784,-0.09405850268144557
9.90009235688817,9.864604412354986,-0.09990764311182973,-0.13539558764501375
9.900078222938065,9.892517322291681,-0.09992177706193572,-0.10748267770831954
9.900065261700405,9.902192892357434,-0.09993473829959548,-0.09780710764256569
9.900053473327308,9.907040008539694,-0.099946526672692,-0.09295999146030673
9.900042857957127,9.918359675865892,-0.09995714204287326,-0.08164032413410884
9.900033415714447,9.911769830839406,-0.09996658428555412,-0.08823016916059469
9.900025146710082,9.9513602977377,-0.0999748532899175,-0.0486397022622999
9.900018051041084,9.895781227769703,-0.09998194895891584,-0.1042187722302971
9.900012128790728,9.929146996105834,-0.09998787120927223,-0.07085300389416577
9.90000738002852,9.872846639023201,-0.0999926199714813,-0.1271533609767991
9.90000380481019,9.902806951173064,-0.09999619518981018,-0.09719304882693654
9.9000014031777,9.900197034123172,-0.09999859682229895,-0.0998029658768286
9.900000175159239,9.892829015928088,-0.09999982484076136,-0.10717098407191145
9.900000120769215,9.8924085077335,-0.09999987923078503,-0.10759149226650136
9.900001240008269,9.904662538279828,-0.09999875999173158,-0.0953374617201725
9.900003532863263,9.906769054861925,-0.09999646713673677,-0.09323094513807442
9.90000699930729,9.902423969682282,-0.09999300069271022,-0.097576030317718
9.900011639299665,9.846613077355748,-0.09998836070033518,-0.15338692264425138
9.900017452785931,9.899469993923663,-0.09998254721406803,-0.1005300060763364
9.900024439697862,9.922037733385684,-0.09997556030213761,-0.07796226661431596
9.900032599953455,9.893512344637568,-0.09996740004654446,-0.10648765536243275
9.90004193345694,9.918042762926431,-0.0999580665430598,-0.0819572370735694
9.900052440098776,9.928681546176339,-0.0999475599012245,-0.07131845382366117
9.900064119755653,9.878761922970185,-0.09993588024434771,-0.12123807702981575
9.900076972290494,9.88727541283898,-0.09992302770950544,-0.11272458716102106
9.90009099755246,9.86754277475326,-0.09990900244753893,-0.1324572252467409
9.900106195376948,9.896278042938674,-0.09989380462305299,-0.10372195706132639
9.900122565585587,9.909042109019266,-0.09987743441441388,-0.090957890980734
9.900140107986253,9.919383315922005,-0.09985989201374736,-0.08061668407799427
9.900158822373063,9.916994528714612,-0.09984117762693641,-0.08300547128538747
9.900178708526381,9.924894182715619,-0.09982129147361878,-0.07510581728438183
9.900199766212815,9.923402345503607,-0.09980023378718442,-0.07659765449639283
9.900221995185227,9.873657824635044,-0.09977800481477277,-0.12634217536495507
9.900245395182731,9.897650580581903,-0.0997546048172698,-0.10234941941809783
9.900269965930695,9.899446908538149,-0.09973003406930506,-0.10055309146185143
9.900295707140751,9.897568119464525,-0.09970429285924831,-0.10243188053547564
9.900322618510794,9.904034944099662,-0.09967738148920625,-0.09596505590033752
9.900350699724981,9.941029925845077,-0.09964930027501895,-0.05897007415492246
9.900379950453743,9.904678982197595,-0.09962004954625606,-0.09532101780240515
9.900410370353788,9.904662011317267,-0.09958962964621307,-0.09533798868273322
9.900441959068093,9.87468808924225,-0.0995580409319072,-0.12531191075775072
9.900474716225927,9.901894439593939,-0.09952528377407324,-0.09810556040606158
9.90050864144284,9.894618579403843,-0.0994913585571592,-0.10538142059615706
9.900543734320678,9.911546645481147,-0.09945626567932175,-0.08845335451885288
9.900579994447579,9.900555965499766,-0.09942000555242159,-0.09944403450023354
9.900617421397982,9.90801941201498,-0.09938257860201866,-0.09198058798501947
9.900656014732633,9.88131942442477,-0.09934398526736704,-0.11868057557522975
9.90069577399859,9.879083328635412,-0.09930422600140991,-0.12091667136458772
9.900736698729226,9.92178233967458,-0.09926330127077408,-0.07821766032541994
9.900778788444235,9.870875952837821,-0.09922121155576472,-0.1291240471621797
9.90082204264964,9.909940984052659,-0.09917795735035953,-0.09005901594734157
9.900866460837797,9.888000205386064,-0.09913353916220308,-0.1119997946139369
9.900912042487398,9.913568210945506,-0.09908795751260074,-0.08643178905449403
9.900958787063487,9.89291077291128,-0.09904121293651268,-0.10708922708871998
9.901006694017452,9.912599533272166,-0.09899330598254748,-0.08740046672783375
9.901055762787044,9.91984161603642,-0.09894423721295577,-0.08015838396357955
9.901105992796376,9.910811871975787,-0.0988940072036236,-0.08918812802421323
9.901157383455935,9.905235315429968,-0.09884261654406565,-0.09476468457003243
9.901209934162582,9.885210368680278,-0.0987900658374184,-0.1147896313197227
9.901263644299567,9.875495174003197,-0.09873635570043296,-0.12450482599680351
9.901318513236532,9.919599081047977,-0.09868148676346787,-0.08040091895202331
9.901374540329519,9.879238278461555,-0.0986254596704817,-0.1207617215384443
9.901431724920975,9.860343431041661,-0.09856827507902553,-0.13965656895833828
9.901490066339765,9.883633111085526,-0.09850993366023514,-0.11636688891447292
9.901549563901177,9.92051387440646,-0.0984504360988232,-0.07948612559354029
9.90161021690693,9.925498287578328,-0.09838978309307127,-0.07450171242167158
9.901672024645178,9.885254369299354,-0.09832797535482146,-0.11474563070064675
9.901734986390531,9.903915184965234,-0.09826501360946832,-0.09608481503476611
9.90179910140405,9.883904458437456,-0.09820089859595,-0.11609554156254376
9.90186436893326,9.9236990521426,-0.09813563106673995,-0.07630094785739878
9.901930788212162,9.902210495949369,-0.0980692117878377,-0.09778950405063083
9.90199835846124,9.893038925275931,-0.09800164153876023,-0.10696107472406928
9.902067078887468,9.869156658686485,-0.09793292111253254,-0.13084334131351566
9.902136948684321,9.914548696810986,-0.09786305131567856,-0.08545130318901517
9.902207967031789,9.88407470430497,-0.09779203296821148,-0.1159252956950305
9.902280133096376,9.926810533313912,-0.09771986690362432,-0.07318946668608838
9.90235344603112,9.915257029970647,-0.09764655396888,-0.08474297002935402
9.902427904975598,9.894003646518962,-0.09757209502440148,-0.10599635348103711
9.902503509055938,9.90123801807725,-0.09749649094406165,-0.09876198192275086
9.902580257384827,9.90441998213256,-0.09741974261517304,-0.09558001786744037
9.902658149061523,9.923865620313112,-0.09734185093847747,-0.07613437968688712
9.902737183171865,9.880417657280177,-0.09726281682813535,-0.11958234271982261
9.902817358788285,9.910772599290295,-0.09718264121171516,-0.089227400709704
9.902898674969817,9.854445640710003,-0.09710132503018236,-0.14555435928999708
9.902981130762111,9.893056942192642,-0.09701886923788845,-0.10694305780735884
9.90306472519744,9.93595860401976,-0.09693527480255977,-0.06404139598024013
9.903149457294713,9.894713882335418,-0.09685054270528608,-0.10528611766458208
9.903235326059491,9.904630991662787,-0.09676467394050914,-0.09536900833721307
9.90332233048399,9.896763154783416,-0.09667766951601091,-0.10323684521658412
9.903410469547097,9.884955003435191,-0.0965895304529019,-0.11504499656480816
9.903499742214391,9.940536881155385,-0.096500257785609,-0.05946311884461567
9.903590147438136,9.934006861972104,-0.09640985256186349,-0.06599313802789473
9.903681684157311,9.92726246593483,-0.0963183158426886,-0.07273753406517053
9.903774351297614,9.925877920120493,-0.09622564870238723,-0.07412207987950728
9.90386814777147,9.888542784397744,-0.09613185222852917,-0.11145721560225644
9.903963072478062,9.902650448139626,-0.09603692752193842,-0.09734955186037351
9.90405912430332,9.890810403809434,-0.09594087569668032,-0.1091895961905667
9.90415630211995,9.8865055930284,-0.09584369788004835,-0.11349440697160067
9.904254604787448,9.92488089397518,-0.09574539521255103,-0.0751191060248203
9.904354031152101,9.900710446523307,-0.0956459688478984,-0.09928955347669234
9.90445458004701,9.913396084989266,-0.09554541995298865,-0.08660391501073325
9.904556250292107,9.910311840028502,-0.09544374970789424,-0.08968815997149848
9.904659040694153,9.937534404373915,-0.09534095930584818,-0.06246559562608472
9.90476295004677,9.915617433740021,-0.09523704995322996,-0.08438256625997989
9.904867977130449,9.904931013957206,-0.09513202286955146,-0.09506898604279412
9.904974120712557,9.921855490164385,-0.09502587928744254,-0.07814450983561519
9.905081379547363,9.902787287853606,-0.0949186204526366,-0.09721271214639371
9.905189752376044,9.924737933383028,-0.09481024762395612,-0.07526206661697216
9.905299237926702,9.912651307068412,-0.09470076207329761,-0.08734869293158766
9.905409834914384,9.921664243875103,-0.09459016508561692,-0.0783357561248974
9.905521542041086,9.92652790362789,-0.09447845795891396,-0.07347209637210837
9.905634357995782,9.868975132842914,-0.09436564200421772,-0.13102486715708642
9.905748281454429,9.888573003617783,-0.09425171854557057,-0.11142699638221827
9.905863311079987,9.890227376081578,-0.094136688920013,-0.10977262391842159
9.905979445522432,9.882501570568303,-0.09402055447756774,-0.11749842943169617
9.906096683418776,9.899128730622436,-0.09390331658122408,-0.1008712693775636
9.906215023393079,9.904559958304926,-0.0937849766069217,-0.09544004169507468
9.906334464056465,9.8939362228788,-0.09366553594353456,-0.10606377712119965
9.906455004007146,9.915603305162579,-0.09354499599285482,-0.08439669483742046
9.906576641830425,9.886428675015809,-0.09342335816957598,-0.11357132498419124
9.906699376098723,9.889879258511296,-0.09330062390127675,-0.11012074148870428
9.906823205371596,9.885088828911814,-0.09317679462840381,-0.11491117108818698
9.906948128195745,9.903148975205589,-0.09305187180425536,-0.0968510247944116
9.907074143105037,9.930665984882248,-0.09292585689496369,-0.06933401511775124
9.907201248620522,9.881420715430856,-0.09279875137947828,-0.11857928456914349
9.907329443250452,9.911830425872338,-0.09267055674954815,-0.08816957412766084
9.907458725490295,9.917390222518865,-0.09254127450970462,-0.08260977748113527
9.907589093822757,9.912019205583874,-0.09241090617724346,-0.08798079441612595
9.907720546717792,9.936441701807084,-0.09227945328220712,-0.06355829819291671
9.907853082632633,9.910281579383023,-0.09214691736736697,-0.08971842061697685
9.907986700011795,9.92533379859812,-0.09201329998820482,-0.0746662014018811
9.908121397287104,9.91550737916038,-0.09187860271289505,-0.08449262083962056
9.908257172877715,9.880402466088118,-0.09174282712228593,-0.11959753391188188
9.90839402519012,9.865884994448331,-0.0916059748098812,-0.13411500555166844
9.908531952618178,9.960186086889058,-0.09146804738182131,-0.03981391311094293
9.908670953543135,9.892291521417544,-0.09132904645686468,-0.10770847858245608
9.908811026333632,9.90161617426568,-0.09118897366636845,-0.09838382573431928
9.90895216934573,9.942465911150252,-0.0910478306542697,-0.05753408884974798
9.909094380922934,9.89876872052196,-0.09090561907706585,-0.10123127947803977
9.909237659396204,9.911200743059903,-0.09076234060379523,-0.08879925694009784
9.909382003083982,9.93149439412704,-0.09061799691601785,-0.0685056058729602
9.909527410292204,9.891111244459786,-0.0904725897077951,-0.10888875554021361
9.90967387931433,9.910822230673954,-0.09032612068567045,-0.08917776932604574
9.909821408431352,9.93024970360665,-0.09017859156864888,-0.06975029639334927
9.909969995911823,9.920098551453668,-0.09003000408817723,-0.0799014485463321
9.910119640011876,9.884885588273429,-0.08988035998812335,-0.11511441172657072
9.910270338975243,9.938306082239576,-0.08972966102475616,-0.06169391776042424
9.910422091033276,9.927885257164943,-0.08957790896672456,-0.07211474283505705
9.910574894404963,9.910049515445307,-0.08942510559503697,-0.0899504845546937
9.91072874729696,9.926160465528286,-0.08927125270304043,-0.07383953447171422
9.910883647903601,9.90113307207032,-0.08911635209639931,-0.0988669279296812
9.911039594406926,9.95031258103622,-0.08896040559307446,-0.049687418963779685
9.911196584976699,9.926063247019155,-0.08880341502330151,-0.07393675298084473
9.91135461777043,9.918114255485749,-0.08864538222956973,-0.08188574451425008
9.9115136909334,9.939055967438913,-0.08848630906660011,-0.060944032561087685
9.911673802598676,9.91364581540671,-0.08832619740132389,-0.0863541845932896
9.91183495088714,9.908919412196214,-0.0881650491128603,-0.09108058780378636
9.911997133907505,9.880308432882575,-0.08800286609249489,-0.11969156711742451
9.912160349756343,9.908090734741583,-0.08783965024365697,-0.0919092652584179
9.912324596518102,9.930814508483255,-0.08767540348189752,-0.0691854915167438
9.912489872265134,9.906686858718205,-0.08751012773486669,-0.09331314128179587
9.912656175057709,9.947369611003452,-0.08734382494229094,-0.05263038899654712
9.912823502944049,9.901140918241424,-0.08717649705595067,-0.09885908175857558
9.912991853960342,9.924890085640023,-0.08700814603965687,-0.0751099143599769
9.913161226130772,9.883434982099086,-0.08683877386922852,-0.11656501790091366
9.91333161746753,9.916325005272096,-0.08666838253246895,-0.083674994727903
9.913503025970858,9.942408688941946,-0.08649697402914293,-0.05759131105805525
9.913675449629046,9.925401565818767,-0.08632455037095288,-0.07459843418123256
9.913848886418485,9.921801214305003,-0.08615111358151546,-0.07819878569499795
9.914023334303662,9.911371422904,-0.08597666569633772,-0.08862857709599938
9.914198791237206,9.860913640895367,-0.08580120876279318,-0.1390863591046328
9.914375255159902,9.907610854395047,-0.08562474484009802,-0.0923891456049528
9.914552724000714,9.90248329754459,-0.08544727599928653,-0.09751670245541039
9.914731195676813,9.911849887800164,-0.08526880432318724,-0.08815011219983516
9.914910668093603,9.910616668545654,-0.0850893319063981,-0.08938333145434599
9.915091139144737,9.93341914596385,-0.0849088608552622,-0.06658085403615105
9.915272606712158,9.9021678855077,-0.08472739328784272,-0.09783211449230014
9.915455068666102,9.909212000344901,-0.08454493133389848,-0.09078799965509848
9.915638522865141,9.967191894020068,-0.08436147713485852,-0.032808105979931106
9.915822967156203,9.91137596440969,-0.08417703284379735,-0.08862403559031125
9.91600839937459,9.899805459235854,-0.08399160062540936,-0.10019454076414608
9.916194817344017,9.918043596525274,-0.08380518265598358,-0.08195640347472606
9.916382218876622,9.898773345489065,-0.08361778112337825,-0.10122665451093528
9.916570601773005,9.916998354091213,-0.08342939822699479,-0.08300164590878686
9.916759963822248,9.930056343237865,-0.0832400361777524,-0.06994365676213511
9.916950302801938,9.9240884311533,-0.08304969719806177,-0.07591156884669835
9.917141616478201,9.900168220937339,-0.0828583835217993,-0.09983177906266144
9.91733390260572,9.91167145134554,-0.08266609739428052,-0.08832854865445965
9.917527158927767,9.91116480561519,-0.08247284107223417,-0.08883519438481015
9.917721383176225,9.89472350823975,-0.08227861682377532,-0.10527649176025057
9.91791657307162,9.912354437746517,-0.08208342692837894,-0.08764556225348341
9.918112726323146,9.961187816513151,-0.08188727367685326,-0.03881218348684901
9.918309840628687,9.87794890787624,-0.08169015937131256,-0.12205109212376086
9.91850791367485,9.865433110701456,-0.08149208632515052,-0.13456688929854388
9.918706943136987,9.904393873790598,-0.08129305686301273,-0.09560612620940188
9.918906926679231,9.924628564704916,-0.08109307332076975,-0.07537143529508354
9.91910786195451,9.915666787102223,-0.0808921380454893,-0.08433321289777641
9.919309746604592,9.914161622894486,-0.08069025339540915,-0.0858383771055139
9.919512578260091,9.900148954319008,-0.08048742173990904,-0.09985104568099197
9.919716354540517,9.90382464950147,-0.0802836454594832,-0.09617535049853047
9.919921073054288,9.900406258743873,-0.08007892694571217,-0.09959374125612677
9.920126731398765,9.954559289993819,-0.0798732686012348,-0.04544071000618095
9.92033332716028,9.916707383270763,-0.07966667283972023,-0.08329261672923717
9.92054085791416,9.936098640946254,-0.07945914208583921,-0.06390135905374575
9.920749321224765,9.939840643161856,-0.07925067877523606,-0.060159356838143135
9.9209587146455,9.91784654674383,-0.07904128535449968,-0.08215345325617117
9.921169035718865,9.93939111934011,-0.07883096428113519,-0.06060888065989062
9.921380281976464,9.910228512796106,-0.07861971802353473,-0.08977148720389432
9.921592450939052,9.913302613513206,-0.07840754906094895,-0.08669738648679282
9.921805540116543,9.91329131343574,-0.07819445988345734,-0.08670868656425912
9.92201954700806,9.915493741574714,-0.07798045299193959,-0.08450625842528559
9.922234469101955,9.897738676491196,-0.07776553089804579,-0.10226132350880329
9.922450303875832,9.884917008519064,-0.07754969612416712,-0.11508299148093616
9.922667048796594,9.925364619087416,-0.0773329512034064,-0.07463538091258334
9.922884701320452,9.923045254688313,-0.07711529867954803,-0.07695474531168699
9.923103258892972,9.953534764909058,-0.07689674110702849,-0.04646523509094241
9.923322718949095,9.909894216135834,-0.07667728105090599,-0.09010578386416519
9.92354307891317,9.940976215275743,-0.07645692108683078,-0.059023784724256484
9.923764336198985,9.959343278540747,-0.07623566380101451,-0.040656721459253455
9.923986488209799,9.910238309717771,-0.07601351179020024,-0.08976169028222883
9.924209532338368,9.933767244300421,-0.07579046766163162,-0.06623275569957826
9.924433465966978,9.899749221909273,-0.07556653403302266,-0.1002507780907271
9.924658286467473,9.92459478322347,-0.07534171353252667,-0.07540521677652842
9.924883991201295,9.959201131963429,-0.07511600879870553,-0.0407988680365716
9.9251105775195,9.910805102619369,-0.07488942248049894,-0.08919489738063062
9.925338042762807,9.896832490974917,-0.07466195723719292,-0.10316750902508166
9.92556638426161,9.905508775715408,-0.07443361573838905,-0.09449122428459163
9.925795599336027,9.921100803332763,-0.07420440066397266,-0.07889919666723645
9.926025685295919,9.959942541078105,-0.07397431470408188,-0.040057458921895585
9.926256639440924,9.943312648607654,-0.07374336055907559,-0.05668735139234622
9.926488459060497,9.947992487027607,-0.07351154093950217,-0.052007512972392526
9.926721141433934,9.92871886293495,-0.07327885856606728,-0.07128113706505043
9.926954683830397,9.934699652332881,-0.07304531616960229,-0.06530034766711816
9.927189083508969,9.914244600122696,-0.07281091649103193,-0.08575539987730306
9.927424337718659,9.920559428400047,-0.07257566228134227,-0.0794405715999536
9.927660443698452,9.913634553799623,-0.07233955630154855,-0.08636544620037628
9.927897398677338,9.886749043243933,-0.07210260132266244,-0.11325095675606721
9.92813519987434,9.953142199278004,-0.07186480012565996,-0.046857800721997106
9.928373844498552,9.915578042320758,-0.07162615550144834,-0.08442195767924084
9.928613329749167,9.942440445528943,-0.07138667025083377,-0.05755955447105621
9.928853652815512,9.940518363835114,-0.07114634718448809,-0.059481636164885346
9.929094810877084,9.920683018864912,-0.0709051891229162,-0.07931698113508891
9.929336801103577,9.95148134700898,-0.07066319889642257,-0.04851865299102083
9.929579620654922,9.909516616424149,-0.07042037934507828,-0.09048338357585028
9.929823266681312,9.92696894637596,-0.0701767333186877,-0.07303105362404025
9.930067736323245,9.935715018919948,-0.0699322636767548,-0.06428498108005157
9.93031302671155,9.947832369800699,-0.06968697328844999,-0.05216763019930186
9.930559134967424,9.942023711594292,-0.06944086503257589,-0.05797628840570823
9.930806058202466,9.937873427206302,-0.0691939417975342,-0.062126572793697446
9.931053793518709,9.938292173043088,-0.06894620648129118,-0.061707826956912126
9.931302338008656,9.931061332858016,-0.06869766199134418,-0.06893866714198321
9.931551688755313,9.910764047322012,-0.06844831124468696,-0.08923595267798885
9.931801842832224,9.940466278646669,-0.0681981571677761,-0.05953372135333049
9.932052797303504,9.946211207759028,-0.06794720269649601,-0.05378879224097314
9.932304549223876,9.933862716371138,-0.06769545077612488,-0.0661372836288628
9.9325570956387,9.93338031550276,-0.06744290436130011,-0.06661968449724047
9.932810433584017,9.933255397036403,-0.06718956641598334,-0.0667446029635973
9.933064560086574,9.942669813101519,-0.06693543991342606,-0.05733018689848123
9.933319472163866,9.937672739753552,-0.06668052783613426,-0.06232726024644901
9.933575166824166,9.93844344906961,-0.06642483317583396,-0.061556550930390155
9.933831641066565,9.936609188505786,-0.06616835893343553,-0.0633908114942138
9.934088891881,9.986974981565856,-0.06591110811899903,-0.013025018434143006
9.934346916248302,9.922498736454612,-0.06565308375169832,-0.07750126354538789
9.934605711140215,9.895572245410124,-0.0653942888597862,-0.10442775458987544
9.934865273519442,9.929454403899184,-0.06513472648055836,-0.07054559610081582
9.935125600339681,9.941692679755914,-0.06487439966031798,-0.05830732024408643
9.935386688545659,9.9108879571872,-0.06461331145434013,-0.08911204281280011
9.935648535073165,9.92781623229945,-0.06435146492683551,-0.07218376770055004
9.935911136849086,9.957593697789793,-0.0640888631509149,-0.04240630221020601
9.936174490791448,9.94029332673686,-0.06382550920855272,-0.05970667326313927
9.936438593809449,9.946039643499194,-0.06356140619055127,-0.05396035650080543
9.936703442803497,9.949032935219112,-0.063296557196504,-0.050967064780888555
9.93696903466524,9.95028913892287,-0.06303096533475955,-0.049710861077130145
9.937235366277616,9.94386157859072,-0.0627646337223849,-0.056138421409278855
9.93750243451487,9.928691137854614,-0.062497565485129206,-0.07130886214538573
9.937770236242613,9.890827227331389,-0.06222976375738666,-0.10917277266861106
9.93803876831784,9.906673962314134,-0.061961231682159945,-0.09332603768586549
9.938308027588976,9.925578866488413,-0.061691972411023525,-0.07442113351158611
9.938578010895913,9.938266812167853,-0.061421989104086167,-0.06173318783214673
9.938848715070046,9.929104044430769,-0.06115128492995442,-0.07089595556923113
9.939120136934305,9.932008306206841,-0.0608798630656949,-0.06799169379315848
9.939392273303202,9.942012776926054,-0.06060772669679751,-0.05798722307394491
9.939665120982863,9.930126408316982,-0.06033487901713752,-0.06987359168301797
9.939938676771062,9.971263297482778,-0.060061323228938646,-0.02873670251722077
9.940212937457265,9.94518200583038,-0.05978706254273496,-0.05481799416961857
9.940487899822667,9.934577166679725,-0.05951210017733344,-0.06542283332027474
9.940763560640224,9.8997622016138,-0.059236439359776405,-0.10023779838619915
9.941039916674697,9.923734548513584,-0.05896008332530313,-0.07626545148641566
9.941316964682688,9.965067689301483,-0.05868303531731244,-0.03493231069851731
9.941594701412676,9.937209541417571,-0.05840529858732411,-0.06279045858242889
9.941873123605058,9.96572037064948,-0.05812687639494122,-0.03427962935051989
9.942152227992189,9.931978185172401,-0.05784777200781141,-0.06802181482759889
9.942432011298411,9.927031531905287,-0.057567988701588996,-0.07296846809471313
9.942712470240103,9.953607604845347,-0.05728752975989604,-0.04639239515465315
9.942993601525716,9.949329227695907,-0.057006398474284375,-0.05067077230409374
9.943275401855804,9.956352894142585,-0.056724598144196385,-0.04364710585741606
9.943557867923074,9.921971854764603,-0.05644213207692664,-0.0780281452353973
9.943840996412417,9.963938358204658,-0.05615900358758317,-0.03606164179534153
9.944124784000952,9.94928320329507,-0.05587521599904813,-0.050716796704928936
9.944409227358062,9.950414098508459,-0.055590772641939325,-0.04958590149154086
9.944694323145429,9.967405838339909,-0.05530567685457061,-0.03259416166009054
9.944980068017086,9.966571272763748,-0.05501993198291321,-0.03342872723625319
9.945266458619445,9.949331468457894,-0.05473354138055595,-0.0506685315421065
9.945553491591333,9.953783618116562,-0.05444650840866641,-0.046216381883437956
9.94584116356405,9.9553598902749,-0.05415883643595091,-0.04464010972509922
9.946129471161385,9.961222160506804,-0.05387052883861563,-0.03877783949319571
9.946418410999673,9.942809761295289,-0.05358158900032635,-0.05719023870471094
9.946707979687831,9.915734897320956,-0.053292020312169064,-0.08426510267904438
9.94699817382739,9.954568145006073,-0.05300182617261034,-0.045431854993926504
9.947288990012543,9.949610740338843,-0.05271100998745694,-0.05038925966115681
9.947580424830184,9.96146680038629,-0.05241957516981645,-0.038533199613710434
9.947872474859944,9.958357299891492,-0.05212752514005661,-0.04164270010850814
9.948165136674234,9.952750060925846,-0.051834863325765784,-0.04724993907415397
9.948458406838288,9.999725844029227,-0.05154159316171211,-0.00027415597077241893
9.948752281910195,9.981793835950295,-0.05124771808980382,-0.018206164049704737
9.949046758440952,9.950944631217174,-0.05095324155904823,-0.04905536878282623
9.949341832974488,9.924918459888808,-0.05065816702551185,-0.07508154011119243
9.94963750204772,9.986498048136278,-0.050362497952279296,-0.013501951863721773
9.949933762190588,9.921392740892834,-0.05006623780941293,-0.07860725910716607
9.950230609926088,9.942962164751107,-0.04976939007391226,-0.05703783524889253
9.950528041770328,9.934203433908928,-0.04947195822967268,-0.06579656609107071
9.950826054232556,9.928924440226233,-0.04917394576744519,-0.07107555977376812
9.951124643815206,9.92779891760658,-0.04887535618479474,-0.07220108239341935
9.95142380701394,9.930694064119955,-0.04857619298605989,-0.06930593588004526
9.951723540317689,9.970841013267597,-0.04827645968231102,-0.029158986732403754
9.95202384020869,9.964684208202682,-0.047976159791309744,-0.03531579179731843
9.952324703162533,9.97773177249777,-0.04767529683746699,-0.022268227502229912
9.952626125648198,9.9404225389522,-0.04737387435180229,-0.05957746104780052
9.952928104128098,9.952738295818886,-0.04707189587190178,-0.04726170418111404
9.953230635058123,9.959281474489403,-0.04676936494187691,-0.04071852551059719
9.953533714887676,9.965443267308311,-0.04646628511232308,-0.03455673269168863
9.953837340059723,9.954395902286397,-0.046162659940277434,-0.045604097713603124
9.954141507010823,10.012495478597437,-0.04585849298917774,0.012495478597437527
9.95444621217118,9.958796518861732,-0.04555378782881994,-0.04120348113826758
9.954751451964682,9.946602984766297,-0.04524854803531686,-0.05339701523370256
9.955057222808945,9.939501517724574,-0.04494277719105565,-0.06049848227542607
9.955363521115343,9.95398938410279,-0.04463647888465633,-0.046010615897210054
9.955670343289071,9.966161937115476,-0.04432965671092916,-0.033838062884523484
9.955977685729167,9.959596380682813,-0.04402231427083265,-0.04040361931718773
9.95628554482857,9.978195166111114,-0.04371445517143155,-0.02180483388888652
9.956593916974146,9.935052692551821,-0.04340608302585399,-0.06494730744817948
9.95690279854675,9.921820968067426,-0.04309720145324965,-0.07817903193257425
9.957212185921254,9.965438723870102,-0.042787814078746704,-0.034561276129898
9.95752207546659,9.973382229230966,-0.042477924533409886,-0.026617770769033443
9.957832463545802,9.971071721897701,-0.04216753645419724,-0.02892827810229911
9.958143346516081,9.977866632501405,-0.041856653483918066,-0.022133367498596106
9.95845472072881,9.96898715503037,-0.04154527927118956,-0.0310128449696309
9.958766582529606,9.955957865418432,-0.041233417470394586,-0.044042134581569005
9.959078928258362,9.951416949278071,-0.04092107174163826,-0.0485830507219284
9.959391754249294,9.949707590886561,-0.04060824575070523,-0.050292409113438394
9.959705056830984,9.957816913715051,-0.04029494316901686,-0.042183086284947865
9.960018832326412,9.979431167241064,-0.03998116767358765,-0.02056883275893656
9.960333077053017,9.945774769487155,-0.03966692294698265,-0.054225230512845696
9.960647787322726,9.975118467834008,-0.03935221267727364,-0.024881532165991475
9.960962959442003,9.969885684551839,-0.03903704055799648,-0.030114315448160678
9.961278589711894,9.92112875820337,-0.03872141028810709,-0.07887124179662966
9.961594674428062,9.940621860650387,-0.03840532557193876,-0.05937813934961385
9.961911209880842,9.946395002591156,-0.03808879011915792,-0.053604997408843544
9.962228192355278,9.970296815081944,-0.037771807644721336,-0.02970318491805596
9.962545618131168,10.010975252774083,-0.037454381868831925,0.01097525277408342
9.962863483483105,10.007788970930537,-0.03713651651689529,0.007788970930537764
9.963181784680524,9.966317858503091,-0.036818215319476315,-0.033682141496908395
9.963500517987745,9.974089116014154,-0.03649948201225473,-0.025910883985846775
9.963819679664018,9.98120191081717,-0.03618032033598201,-0.018798089182830758
9.964139265963563,9.94337732846551,-0.03586073403643674,-0.05662267153448888
9.964459273135619,9.97303641337091,-0.03554072686438135,-0.026963586629089986
9.964779697424483,10.019704173049346,-0.03522030257551744,0.019704173049346053
9.965100535069558,9.960661071813838,-0.03489946493044233,-0.039338928186161165
9.965421782305397,9.965007518808147,-0.034578217694604306,-0.034992481191854274
9.965743435361741,9.971718585042664,-0.03425656463825905,-0.028281414957336184
9.966065490463576,9.971919799950724,-0.03393450953642484,-0.02808020004927671
9.966387943831162,10.009248155082187,-0.033612056168838465,0.009248155082187001
9.96671079168009,9.987058141731723,-0.033289208319911154,-0.012941858268276665
9.967034030221317,9.959699085630676,-0.03296596977868354,-0.0403009143693242
9.967357655661218,9.961612389101358,-0.03264234433878189,-0.03838761089864253
9.967681664201628,9.957375057441574,-0.03231833579837287,-0.0426249425584258
9.96800605203988,9.979987486134712,-0.0319939479601197,-0.020012513865286935
9.968330815368864,9.952961579758597,-0.0316691846311368,-0.04703842024140227
9.968655950377054,9.97456327419588,-0.03134404962294579,-0.025436725804119754
9.96898145324857,9.955616369093685,-0.031018546751430204,-0.04438363090631609
9.969307320163209,9.946075557390127,-0.03069267983679091,-0.05392444260987236
9.969633547296498,9.97924202282031,-0.030366452703501565,-0.02075797717968952
9.969960130819738,9.976721506528095,-0.030039869180263103,-0.023278493471905047
9.97028706690004,9.98865822890414,-0.029712933099959527,-0.011341771095860022
9.970614351700387,9.987578424804267,-0.0293856482996122,-0.01242157519573307
9.970941981379665,9.959439153507276,-0.02905801862033551,-0.04056084649272403
9.971269952092708,9.99048824582641,-0.028730047907291112,-0.00951175417358903
9.971598259990357,9.959336122093914,-0.02840174000964348,-0.040663877906086054
9.971926901219486,9.97818004427995,-0.028073098780514047,-0.021819955720048988
9.972255871923064,9.991978556981755,-0.027744128076936655,-0.008021443018245575
9.972585168240188,9.986239996878068,-0.027414831759811728,-0.013760003121932811
9.97291478630614,9.961514018120806,-0.027085213693861174,-0.03848598187919466
9.973244722252417,9.981192526727263,-0.02675527774758329,-0.0188074732727368
9.973574972206793,9.995390973801248,-0.026425027793206792,-0.004609026198751694
9.973905532293355,9.98363309730378,-0.02609446770664602,-0.016366902696218936
9.974236398632545,10.005020384358659,-0.025763601367454786,0.00502038435865786
9.974567567341218,9.958711603133604,-0.025432432658781513,-0.041288396866396196
9.974899034532678,9.996369518994262,-0.02510096546732298,-0.0036304810057375195
9.97523079631672,9.985501427324907,-0.02476920368327939,-0.014498572675093123
9.975562848799692,9.96953398650626,-0.024437151200308052,-0.030466013493740646
9.975895188084522,9.985371002472395,-0.02410481191547833,-0.014628997527604616
9.976227810270775,9.976597263829973,-0.02377218972922533,-0.02340273617002693
9.976560711454695,9.986059086466918,-0.02343928854530437,-0.013940913533082692
9.976893887729254,9.98418898258059,-0.023106112270745438,-0.015811017419409573
9.977227335184192,9.962241591602478,-0.022772664815806722,-0.037758408397522994
9.97756104990607,9.992643907839867,-0.022438950093929405,-0.007356092160132666
9.97789502797831,9.965081338971187,-0.022104972021691056,-0.03491866102881383
9.97822926548124,9.986138811907878,-0.021770734518760354,-0.013861188092122046
9.97856375849215,10.01731779328312,-0.021436241507850375,0.017317793283119838
9.978898503085327,10.015049281667679,-0.021101496914673275,0.015049281667679191
9.979233495332107,10.037084926948474,-0.020766504667893503,0.0370849269484741
9.979568731300917,9.990355309447914,-0.0204312686990824,-0.00964469055208723
9.979904207057329,9.965978093687964,-0.020095792942671428,-0.03402190631203663
9.980239918664093,9.991278639087978,-0.019760081335906288,-0.008721360912022367
9.9805758621812,9.979535044164535,-0.019424137818800945,-0.020464955835465135
9.98091203366591,9.976786712873059,-0.019087966334090777,-0.023213287126940475
9.981248429172814,9.98624223569517,-0.018751570827187022,-0.013757764304828394
9.98158504475387,9.974904175370089,-0.018414955246129763,-0.025095824629911754
9.981921876458458,9.980261522467263,-0.018078123541542267,-0.019738477532736658
9.982258920333416,9.96749752760964,-0.017741079666583975,-0.03250247239036105
9.982596172423095,9.956784351431716,-0.017403827576904753,-0.04321564856828318
9.982933628769402,9.98445640594126,-0.017066371230597788,-0.015543594058739094
9.983271285411845,9.944243261978617,-0.016728714588153847,-0.05575673802138317
9.983609138387585,9.980812424554307,-0.016390861612414168,-0.01918757544569253
9.983947183731475,9.993713364670603,-0.016052816268524207,-0.006286635329396769
9.984285417476112,9.976780098411492,-0.01571458252388738,-0.023219901588507428
9.984623835651883,9.960936294913866,-0.015376164348117886,-0.03906370508613397
9.984962434287006,9.982269601564024,-0.015037565712994805,-0.01773039843597685
9.985301209407584,10.015074830364535,-0.014698790592414801,0.01507483036453534
9.985640157037654,9.980343343151825,-0.014359842962346173,-0.01965665684817535
9.985979273199218,9.986604752223457,-0.014020726800781489,-0.013395247776543105
9.986318553912309,9.996566953190635,-0.01368144608769161,-0.0034330468093653425
9.986657995195023,10.009159454927932,-0.013342004804978361,0.009159454927931495
9.986997593063572,9.963221807626912,-0.013002406936428054,-0.036778192373087305
9.987337343532335,9.974466357756086,-0.012662656467665016,-0.02553364224391494
9.987677242613897,9.994221180174288,-0.01232275738610417,-0.005778819825711644
9.988017286319096,9.980378572990169,-0.011982713680904967,-0.0196214270098316
9.988357470657077,9.960535247443719,-0.01164252934292385,-0.039464752556281804
9.988697791635332,9.979660798100982,-0.011302208364668123,-0.02033920189901854
9.989038245259751,9.974189963464282,-0.01096175474024839,-0.02581003653571827
9.989378827534667,9.975997762608268,-0.010621172465332382,-0.024002237391732954
9.989719534462903,9.987351353013523,-0.010280465537097362,-0.012648646986476943
9.990060362045815,10.02292223552894,-0.00993963795418391,0.022922235528940158
9.990401306283351,9.978882962513978,-0.009598693716648387,-0.02111703748602122
9.990742363174084,9.97505787331807,-0.009257636825916243,-0.024942126681930764
9.991083528715265,9.952654420232177,-0.008916471284735331,-0.04734557976782222
9.991424798902871,10.020148474336413,-0.008575201097128301,0.020148474336412814
9.991766169731653,9.989115602649978,-0.00823383026834632,-0.010884397350022123
9.99210763719518,9.95565919469816,-0.007892362804821355,-0.04434080530183934
9.99244919728588,9.98784104081075,-0.007550802714119867,-0.01215895918925021
9.992790845995104,10.017510876678704,-0.007209154004895059,0.017510876678703595
9.99313257931316,9.993411180172712,-0.006867420686840544,-0.006588819827287491
9.993474393229357,9.990317972195001,-0.006525606770642574,-0.009682027804998942
9.993816283732066,9.98242370114964,-0.006183716267933683,-0.017576298850360297
9.994158246808755,9.985220070422592,-0.005841753191244978,-0.014779929577408105
9.99450027844604,9.999720168565043,-0.005499721553959319,-0.00027983143495691545
9.994842374629735,9.99944056613377,-0.00515762537026448,-0.0005594338662288176
9.995184531344895,9.964651112887594,-0.004815468655105416,-0.03534888711240536
9.995526744575862,9.986321580902937,-0.004473255424137851,-0.013678419097063011
9.99586901030632,10.000164491764945,-0.004130989693680444,0.00016449176494537626
9.996211324519331,10.012367573061532,-0.003788675480668356,0.012367573061532423
9.996553683197394,10.003230019375858,-0.003446316802605401,0.00323001937585794
9.996896082322483,10.005118761736053,-0.003103917677517603,0.005118761736053142
9.997238517876095,9.988087255578941,-0.002761482123905329,-0.01191274442105876
9.997580985839303,9.981667275512573,-0.002419014160696838,-0.018332724487426958
9.9979234821928,10.051687714213763,-0.002076517807200491,0.05168771421376357
9.998266002916942,9.994123973659299,-0.0017339970830578461,-0.00587602634070146
9.998608543991804,9.96256036485147,-0.0013914560081967498,-0.03743963514852977
9.998951101397216,10.023614269270128,-0.0010488986027835355,0.023614269270128677
9.999293671112824,9.982872233816096,-0.0007063288871765512,-0.017127766183903364
9.999636249118122,9.972958327230772,-0.00036375088187826684,-0.02704167276922676
9.99997883139251,10.045667008797487,-2.1168607488797664e-05,0.04566700879748623
10.000321413915342,10.008522049456289,0.0003214139153419931,0.008522049456289855
10.000663992665961,9.990403117440415,0.0006639926659609711,-0.009596882559584286
10.00100656362376,10.02007270019721,0.0010065636237595401,0.020072700197209203
10.00134912276822,10.011032664527251,0.0013491227682205632,0.011032664527250312
10.001691666078965,10.010878110122276,0.0016916660789652817,0.010878110122275788
10.0020341895358,9.996437463736187,0.002034189535801121,-0.003562536263812974
10.002376689118767,9.955963315462604,0.0023766891187681637,-0.04403668453739568
10.002719160808187,9.99998403770517,0.0027191608081870385,-1.5962294829134204e-05
10.003061600584706,9.979613817400425,0.0030616005847053855,-0.020386182599573976
10.003404004429346,9.97390837125212,0.003404004429345739,-0.0260916287478801
10.003746368323553,10.017251291682992,0.003746368323551988,0.017251291682992848
10.004088688249237,10.026124503049472,0.004088688249237245,0.02612450304947085
10.00443096018883,9.993817041477131,0.004430960188830295,-0.006182958522869357
10.004773180125323,9.970931314915731,0.004773180125323371,-0.029068685084269026
10.005115344042318,10.01598709420323,0.005115344042319028,0.015987094203228493
10.005457447924076,9.99036448866317,0.005457447924077017,-0.009635511336829576
10.005799487755562,9.98632318017312,0.005799487755562036,-0.013676819826879797
10.00614145952249,10.01224558948633,0.006141459522490145,0.012245589486330203
10.006483359211376,9.981205439499181,0.006483359211376579,-0.018794560500819263
10.006825182809582,10.023706264840968,0.006825182809582154,0.023706264840968477
10.007166926305361,9.98385789985442,0.007166926305361057,-0.01614210014557979
10.007508585687907,10.035113817944387,0.007508585687907236,0.03511381794438627
10.007850156947402,9.994249181184868,0.007850156947402166,-0.005750818815131408
10.008191636075061,10.018902614825771,0.008191636075061208,0.018902614825772
10.008533019063181,9.992821108339315,0.008533019063181274,-0.007178891660684533
10.008874301905188,9.98387710457666,0.008874301905187605,-0.016122895423340236
10.00921548059568,10.033064458066107,0.009215480595680512,0.03306445806610783
10.009556551130483,9.99411922848101,0.009556551130483025,-0.005880771518990413
10.009897509506688,9.965309691267318,0.009897509506687161,-0.0346903087326808
10.010238351722702,10.02898991144753,0.01023835172270162,0.028989911447529746
10.010579073778299,9.973810830224684,0.010579073778298038,-0.02618916977531542
10.010919671674658,9.989871904966876,0.01091967167465865,-0.010128095033124531
10.011260141414423,10.021371809198655,0.011260141414422503,0.021371809198654987
10.011600479001734,10.044999745917936,0.011600479001733081,0.04499974591793674
10.011940680442285,10.014328865844892,0.0119406804422845,0.014328865844891504
10.01228074174337,10.01328763377272,0.012280741743368998,0.013287633772720357
10.012620658913924,10.037437699673756,0.012620658913923536,0.0374376996737563
10.012960427964577,10.01779577332546,0.012960427964576367,0.017795773325459775
10.013300044907695,10.03591658321323,0.013300044907694479,0.035916583213230754
10.01363950575743,10.028716763853248,0.013639505757429683,0.02871676385324754
10.013978806529765,10.057330826699003,0.01397880652976611,0.057330826699003364
10.014317943242567,10.018218296738143,0.014317943242566248,0.018218296738143104
10.014656911915619,10.004606244859575,0.014656911915618399,0.004606244859575765
10.014995708570682,10.031377790204493,0.014995708570682668,0.03137779020449217
10.015334329231539,10.031033036729172,0.015334329231538374,0.031033036729171792
10.01567276992403,10.003247016931164,0.01567276992403001,0.0032470169311637574
10.016011026676114,10.043001930104587,0.01601102667611448,0.043001930104587846
10.016349095517908,10.02443170387551,0.016349095517907492,0.024431703875510836
10.01668697248173,9.962241145002741,0.01668697248172984,-0.03775885499725844
10.017024653602155,10.050673036055125,0.01702465360215463,0.0506730360551243
10.017362134916054,10.020169768790636,0.017362134916053075,0.020169768790635482
10.017699412462642,10.029037190412447,0.01769941246264174,0.02903719041244798
10.018036482283529,10.003092354068725,0.018036482283528305,0.003092354068725711
10.018373340422759,10.037442146017739,0.018373340422758747,0.03744214601773809
10.018709982926863,10.026587304337994,0.018709982926863048,0.02658730433799418
10.019046405844902,9.984625418721203,0.019046405844902203,-0.015374581278796508
10.019382605228515,10.012680273329169,0.019382605228514344,0.012680273329169177
10.019718577131961,10.03305553637975,0.019718577131960815,0.03305553637975034
10.020054317612173,9.993784691875987,0.020054317612173068,-0.006215308124012952
10.020389822728799,10.016417521385009,0.02038982272879828,0.01641752138500832
10.020725088544246,9.975393479325163,0.020725088544246262,-0.024606520674836256
10.021060111123735,9.993736207648098,0.021060111123734987,-0.006263792351901994
10.021394886535337,10.032295861527082,0.021394886535337485,0.032295861527081485
10.021729410850027,10.018882447972883,0.02172941085002725,0.018882447972883888
10.022063680141725,10.023294147453807,0.022063680141725096,0.023294147453807843
10.022397690487345,10.018139166957882,0.02239769048734451,0.018139166957882574
10.022731437966838,10.007446048936739,0.022731437966838297,0.007446048936738114
10.023064918663245,10.00954699478789,0.02306491866324436,0.009546994787889989
10.02339812866273,10.005817638841515,0.023398128662731374,0.005817638841515101
10.023731064054646,10.006248927172559,0.02373106405464535,0.006248927172558986
10.024063720931554,9.995890519656779,0.02406372093155483,-0.004109480343221526
10.024396095389298,10.022118686773027,0.024396095389297434,0.022118686773027613
10.024728183527024,10.018214928020454,0.024728183527024994,0.01821492802045347
10.02505998144725,10.012865480098858,0.02505998144725004,0.012865480098857388
10.025391485255891,10.023619901885358,0.025391485255890817,0.023619901885356728
10.025722691062319,10.050293720341527,0.025722691062317723,0.05029372034152749
10.026053594979398,10.04006976274521,0.02605359497939822,0.04006976274520997
10.026384193123544,10.060353387524565,0.026384193123543138,0.06035338752456483
10.026714481614752,10.041375926869737,0.026714481614751918,0.04137592686973767
10.027044456576657,9.988539645845101,0.027044456576657938,-0.011460354154897961
10.027374114136574,10.046630394481696,0.02737411413657459,0.04663039448169494
10.02770345042554,10.035413796561249,0.027703450425540052,0.0354137965612484
10.028032461578363,10.0370046788533,0.028032461578363383,0.03700467885330086
10.028361143733669,10.02676420966188,0.028361143733669186,0.02676420966188023
10.028689493033944,9.987402377616334,0.028689493033943633,-0.012597622383666632
10.029017505625578,10.020122946062408,0.029017505625579032,0.020122946062408203
10.02934517765892,10.026524656539126,0.02934517765891976,0.026524656539125068
10.029672505288307,10.03910287649151,0.029672505288306734,0.039102876491510945
10.029999484672123,10.06129959244055,0.02999948467212317,0.061299592440550554
10.030326111972839,10.036427741234348,0.03032611197283938,0.03642774123434754
10.030652383357058,10.0119920023955,0.030652383357057607,0.011992002395500419
10.030978294995558,10.031272724505662,0.03097829499555755,0.03127272450566148
10.031303843063341,10.03393789747907,0.03130384306334067,0.033937897479069765
10.031629023739676,10.008387752659235,0.031629023739675736,0.008387752659235779
10.031953833208142,10.01572812678876,0.031953833208143,0.01572812678875938
10.032278267656679,10.03859039180057,0.032278267656679654,0.03859039180056954
10.032602323277624,10.032663366778676,0.032602323277623926,0.0326633667786756
10.03292599626776,10.054567183789977,0.03292599626776029,0.054567183789977214
10.033249282828365,10.046690693478324,0.033249282828363924,0.046690693478323095
10.033572179165246,10.033604308752551,0.03357217916524501,0.0336043087525503
10.033894681488794,10.01320671143882,0.033894681488793835,0.013206711438819838
10.034216786014024,10.044193075462582,0.03421678601402461,0.04419307546258122
10.03453848896062,10.003754830887008,0.03453848896062057,0.0037548308870079643
10.034859786552978,10.073618214336562,0.03485978655297767,0.07361821433656332
10.03518067502025,10.036564875782323,0.03518067502024956,0.03656487578232412
10.03550115059639,10.06320746254509,0.03550115059639116,0.06320746254509119
10.035821209520204,10.02561210712247,0.03582120952020355,0.025612107122470477
10.036140848035377,10.042974181337252,0.036140848035377426,0.04297418133725157
10.036460062390537,10.065066147597175,0.036460062390537805,0.0650661475971753
10.036778848839289,10.036068520852858,0.03677884883928774,0.03606852085285743
10.037097203640252,10.010102907696707,0.03709720364025209,0.010102907696706884
10.037415123057121,10.054832027163343,0.037415123057121996,0.05483202716334332
10.037732603358698,10.025297703060978,0.037732603358698075,0.025297703060978456
10.038049640818935,10.06171018332745,0.03804964081893485,0.061710183327451054
10.038366231716983,10.030685119686655,0.038366231716983855,0.030685119686655594
10.038682372337238,10.033632146617949,0.038682372337237925,0.033632146617948694
10.038998058969375,10.033954820193228,0.038998058969374166,0.033954820193227965
10.039313287908397,10.075848304526394,0.03931328790839817,0.0758483045263939
10.039628055454687,10.041149195450451,0.03962805545468682,0.041149195450450836
10.039942357914033,10.0705102892589,0.03994235791403228,0.0705102892588996
10.040256191597685,10.047701552325766,0.04025619159768511,0.04770155232576555
10.040569552822397,10.069857610259454,0.04056955282239736,0.06985761025945429
10.040882437910467,10.039799805393027,0.04088243791046629,0.03979980539302749
10.041194843189777,10.036462345266694,0.04119484318977693,0.036462345266692876
10.041506764993846,10.029050634418619,0.04150676499384583,0.029050634418618326
10.041818199661863,10.00289540003427,0.0418181996618634,0.00289540003427001
10.042129143538737,10.074545704239249,0.04212914353873756,0.0745457042392492
10.042439592975136,10.03993190221874,0.04243959297513602,0.03993190221874072
10.04274954432753,10.020948055059344,0.04274954432752966,0.020948055059344325
10.043058993958235,10.066728919580015,0.04305899395823473,0.06672891958001595
10.043367938235455,10.051990144352787,0.0433679382354561,0.051990144352787676
10.04367637353333,10.068235530212638,0.043676373533329586,0.06823553021263809
10.043984296231965,10.035738952429005,0.043984296231964315,0.03573895242900543
10.044291702717485,10.050169667264964,0.04429170271748576,0.05016966726496426
10.044598589382078,10.055534171547901,0.0445985893820775,0.0555341715479001
10.044904952624025,10.04417974420859,0.04490495262402423,0.04417974420858888
10.045210788847754,10.001533635456136,0.04521078884775335,0.0015336354561358498
10.045516094463878,10.012151594779453,0.04551609446387783,0.012151594779453503
10.045820865889239,10.068858670566332,0.0458208658892377,0.06885867056633221
10.046125099546943,10.056167430356268,0.046125099546942744,0.05616743035626796
10.046428791866413,10.05675581787075,0.0464287918664138,0.05675581787074907
10.046731939283426,10.051204649879493,0.046731939283425304,0.051204649879492026
10.047034538240148,10.033723124735737,0.04703453824014678,0.033723124735736985
10.047336585185185,10.080153766216938,0.04733658518518446,0.08015376621693718
10.047638076573623,10.051102056594907,0.04763807657362343,0.051102056594907
10.047939008867068,10.06367289737556,0.04793900886706866,0.06367289737555992
10.048239378533687,10.06454529326981,0.048239378533687156,0.06454529326980882
10.048539182048248,10.060063011166106,0.04853918204824875,0.06006301116610616
10.048838415892169,10.01897799766015,0.048838415892168134,0.01897799766014946
10.049137076553546,10.04323096566655,0.049137076553545496,0.043230965666549985
10.049435160527208,10.036177440534631,0.04943516052720834,0.03617744053463109
10.049732664314753,10.039416596365658,0.049732664314752296,0.03941659636565874
10.050029584424582,10.049472261305743,0.050029584424582066,0.049472261305743524
10.050325917371953,10.022383868828484,0.05032591737195285,0.022383868828484282
10.050621659679011,10.07311535482526,0.05062165967901064,0.07311535482525969
10.050916807874835,10.075107133077605,0.05091680787483369,0.07510713307760411
10.051211358495472,10.042168443781922,0.05121135849547264,0.04216844378192087
10.051505308083991,10.054079159623994,0.05150530808399171,0.05407915962399435
10.05179865319051,10.063537155590987,0.05179865319050876,0.06353715559098712
10.052091390372237,10.038042603444886,0.052091390372236306,0.0380426034448852
10.05238351619352,10.052531699696203,0.05238351619352136,0.05253169969620242
10.052675027225886,10.041198320018157,0.05267502722588629,0.041198320018156945
10.052965920048068,10.044860180218832,0.052965920048068785,0.044860180218831196
10.053256191246062,10.061100531919774,0.05325619124606184,0.06110053191977362
10.053545837413154,10.043786219391807,0.0535458374131543,0.04378621939180706
10.05383485514997,10.064771160936866,0.05383485514997027,0.06477116093686668
10.05412324106451,10.049909586584107,0.05412324106450962,0.04990958658410661
10.054410991772187,10.052033649161043,0.05441099177218716,0.05203364916104297
10.054698103895873,10.046426349429138,0.05469810389587298,0.046426349429138154
10.054984574065932,10.077232894631367,0.05498457406593149,0.07723289463136694
10.055270398920262,10.071319348577472,0.05527039892026159,0.07131934857747083
10.055555575104336,10.045904000320354,0.055555575104335446,0.045904000320353806
10.055840099271238,10.054574831732408,0.0558400992712385,0.05457483173240747
10.056123968081708,10.057774493617629,0.05612396808170842,0.05777449361762937
10.056407178204173,10.08899613486428,0.05640717820417415,0.08899613486427885
10.056689726314795,10.07576946684769,0.05668972631479546,0.07576946684768998
10.056971609097502,10.054097738597948,0.056971609097501444,0.05409773859794851
10.05725282324403,10.055008916821162,0.057252823244029916,0.055008916821161914
10.057533365453965,10.061081721462438,0.05753336545396577,0.06108172146243849
10.05781323243478,10.05904013214286,0.05781323243478023,0.05904013214285926
10.058092420901868,10.052386096261326,0.058092420901868905,0.05238609626132583
10.058370927578592,10.090542123034437,0.05837092757859097,0.09054212303443646
10.058648749196307,10.044023452609837,0.058648749196306985,0.044023452609836866
10.058925882494417,10.090038064554847,0.0589258824944178,0.09003806455484692
10.059202324220403,10.053820738795414,0.05920232422040257,0.05382073879541459
10.059478071129856,10.073067658005156,0.05947807112985679,0.07306765800515655
10.059753119986532,10.045011035968344,0.05975311998653076,0.04501103596834348
10.060027467562367,10.057557354738979,0.06002746756236709,0.057557354738978564
10.060301110637539,10.061132895299375,0.06030111063753912,0.06113289529937559
10.060574046000488,10.053709790954887,0.0605740460004881,0.05370979095488729
10.060846270447962,10.075627403943665,0.06084627044796157,0.07562740394366504
10.06111778078505,10.059997597177425,0.061117780785050216,0.05999759717742475
10.061388573825226,10.041294299794078,0.06138857382522603,0.041294299794079004
10.061658646390379,10.049571282561152,0.06165864639037936,0.04957128256115212
10.061927995310857,10.043450995058842,0.06192799531085609,0.04345099505884163
10.062196617425496,10.065219253266404,0.06219661742549531,0.06521925326640388
10.062464509581666,10.07056907315021,0.06246450958166581,0.07056907315020947
10.062731668635303,10.074227067664745,0.06273166863530369,0.0742270676647449
10.062998091450948,10.04812190221312,0.0629980914509487,0.04812190221312092
10.063263774901781,10.084552279829074,0.06326377490178157,0.08455227982907333
10.06352871586966,10.037368879775935,0.06352871586966015,0.03736887977593411
10.063792911245157,10.031863532524202,0.06379291124515661,0.03186353252420197
10.064056357927594,10.086072005569712,0.06405635792759329,0.08607200556971158
10.06431905282508,10.039832319707177,0.06431905282507969,0.03983231970717715
10.064580992854548,10.063383004708852,0.06458099285454842,0.06338300470885244
10.064842174941791,10.07119355582529,0.06484217494179133,0.07119355582529142
10.065102596021497,10.073390611662635,0.06510259602149586,0.07339061166263434
10.06536225303728,10.081949647228951,0.06536225303728074,0.08194964722895087
10.065621142941731,10.054853850343905,0.06562114294173214,0.05485385034390568
10.06587926269644,10.054681471900453,0.06587926269643911,0.05468147190045333
10.06613660927203,10.073409937597924,0.06613660927202956,0.07340993759792463
10.066393179648205,10.060078414652772,0.06639317964820553,0.06007841465277196
10.066648970813779,10.081852216226089,0.06664897081377895,0.08185221622608925
10.066903979766707,10.09113741703518,0.06690397976670656,0.09113741703517966
10.067158203514126,10.055150924452686,0.06715820351412562,0.05515092445268682
10.06741163907239,10.04324442968268,0.06741163907238874,0.04324442968268033
10.0676642834671,10.056171101401812,0.06766428346709881,0.05617110140181189
10.067916133733144,10.04802230294952,0.0679161337331443,0.04802230294951942
10.068167186914733,10.079723519623425,0.06816718691473356,0.07972351962342486
10.06841744006543,10.088046105315984,0.06841744006543002,0.08804610531598438
10.068666890248187,10.06377458088093,0.06866689024818626,0.06377458088092933
10.068915534535378,10.070842241226387,0.06891553453537899,0.07084224122638683
10.069163370008843,10.094022810168758,0.06916337000884291,0.09402281016875848
10.069410393759906,10.02353673775427,0.06941039375990546,0.023536737754269697
10.06965660288942,10.081852687582634,0.06965660288942042,0.08185268758263407
10.069901994507802,10.100793015757649,0.06990199450780246,0.10079301575764901
10.07014656573506,10.085997561378965,0.07014656573506077,0.08599756137896532
10.070390313700832,10.069735334310892,0.07039031370083271,0.06973533431089084
10.070633235544419,10.053367745995233,0.07063323554441796,0.053367745995234
10.070875328414811,10.031828134461557,0.07087532841481153,0.031828134461556745
10.071116589470737,10.078781161257005,0.07111658947073785,0.07878116125700517
10.071357015880684,10.120650953811218,0.07135701588068342,0.12065095381121872
10.07159660482293,10.074931722263996,0.07159660482293072,0.07493172226399543
10.071835353485591,10.037945622013787,0.07183535348559075,0.03794562201378644
10.072073259066636,10.062240816319434,0.07207325906663652,0.06224081631943447
10.072310318773935,10.077839327821675,0.07231031877393543,0.07783932782167521
10.072546529825283,10.063471917181007,0.07254652982528255,0.06347191718100596
10.072781889448432,10.09510617422437,0.07278188944843302,0.09510617422437034
10.073016394881135,10.068454475153336,0.07301639488113439,0.06845447515333658
10.073250043371159,10.117701412240068,0.07325004337115952,0.11770141224006886
10.073482832176339,10.09589204056986,0.07348283217633837,0.09589204056985996
10.073714758564591,10.064175990208847,0.07371475856459063,0.0641759902088471
10.073945819813957,10.07442520579227,0.0739458198139574,0.07442520579226934
10.074176013212634,10.067409517362805,0.07417601321263348,0.06740951736280426
10.074405336058998,10.090745130682905,0.07440533605899884,0.0907451306829043
10.07463378566165,10.06770291975413,0.07463378566165069,0.06770291975412955
10.074861359339435,10.052472470624595,0.07486135933943489,0.05247247062459456
10.075088054421478,10.078395040952568,0.07508805442147722,0.07839504095256786
10.075313868247216,10.069151797165311,0.07531386824721521,0.06915179716531147
10.075538798166429,10.057642419165186,0.07553879816642882,0.05764241916518642
10.075762841539271,10.074906604545172,0.07576284153927203,0.07490660454517091
10.075985995736303,10.094286729101729,0.07598599573630338,0.09428672910172825
10.076208258138518,10.067709151323937,0.0762082581385173,0.06770915132393746
10.076429626137374,10.09541711287277,0.07642962613737432,0.09541711287276947
10.076650097134833,10.067598165093266,0.07665009713483224,0.06759816509326495
10.076869668543376,10.0845288334137,0.07686966854337607,0.08452883341370034
10.07708833778605,10.073612516924676,0.07708833778604886,0.07361251692467614
10.077306102296482,10.075035096014767,0.07730610229648176,0.07503509601476757
10.077522959518923,10.07208399414056,0.07752295951892395,0.07208399414055983
10.077738906908273,10.059264832278602,0.07773890690827305,0.05926483227860141
10.077953941930105,10.13033431176084,0.07795394193010453,0.13033431176084054
10.078168062060701,10.075993015304617,0.07816806206070194,0.07599301530461741
10.078381264787087,10.081901494557439,0.07838126478708599,0.08190149455743906
10.078593547607044,10.114345496830634,0.07859354760704458,0.11434549683063361
10.078804908029161,10.046905651215885,0.07880490802916172,0.04690565121588465
10.079015343572847,10.069860035213393,0.07901534357284712,0.0698600352133928
10.079224851768364,10.082364394990947,0.07922485176836497,0.08236439499094586
10.079433430156863,10.083649939565664,0.07943343015686324,0.08364993956566312
10.079641076290402,10.097633134496874,0.07964107629040244,0.09763313449687455
10.079847787731984,10.095434839716892,0.0798477877319841,0.09543483971689312
10.08005356205558,10.071665394199512,0.08005356205557983,0.07166539419951069
10.08025839684616,10.095665442052951,0.08025839684615929,0.09566544205295077
10.08046228969972,10.057038469174566,0.08046228969971903,0.05703846917456576
10.080665238223311,10.104319042100911,0.08066523822331023,0.10431904210091214
10.080867240035067,10.020701809074335,0.08086724003506726,0.020701809074336067
10.081068292764234,10.048279563741708,0.08106829276423512,0.048279563741708165
10.081268394051198,10.048493108081999,0.0812683940511978,0.0484931080819992
10.081467541547505,10.094315168822176,0.08146754154750546,0.09431516882217601
10.081665732915903,10.083481509026894,0.08166573291590241,0.08348150902689426
10.081862965830354,10.078804279359641,0.08186296583035436,0.0788042793596403
10.082059237976075,10.098916783374943,0.08205923797607559,0.09891678337494218
10.082254547049557,10.067280841628437,0.08225454704955643,0.06728084162843655
10.08244889075859,10.079859386372291,0.08244889075858997,0.07985938637229177
10.0826422668223,10.097800022782396,0.08264226682229922,0.09780002278239618
10.082834672971163,10.109031955745971,0.08283467297116366,0.10903195574597091
10.083026106947045,10.097060007795887,0.08302610694704615,0.0970600077958878
10.08321656650322,10.084532181844226,0.0832165665032191,0.0845321818442268
10.083406049404392,10.089961637034481,0.08340604940439107,0.08996163703448146
10.083594553426733,10.097872968539681,0.08359455342673305,0.09787296853968105
10.083782076357904,10.083303494684005,0.08378207635790424,0.08330349468400487
10.083968615997078,10.109040387176535,0.08396861599707842,0.10904038717653386
10.084154170154969,10.0754118444099,0.0841541701549694,0.07541184440989876
10.084338736653857,10.087706007564528,0.08433873665385712,0.08770600756452725
10.084522313327613,10.038532330225953,0.08452231332761276,0.03853233022595409
10.084704898021725,10.066522760159117,0.08470489802172458,0.06652276015911678
10.084886488593323,10.100677332595804,0.08488648859332285,0.10067733259580419
10.085067082911205,10.108932542469644,0.08506708291120534,0.10893254246964411
10.085246678855862,10.087233494143502,0.08524667885586196,0.08723349414350215
10.0854252743195,10.091419467954829,0.08542527431949998,0.09141946795482875
10.085602867206068,10.065643712749063,0.08560286720606865,0.06564371274906257
10.085779455431284,10.081068397175834,0.08577945543128357,0.08106839717583444
10.085955036922652,10.119259109544549,0.0859550369226516,0.11925910954454899
10.086129609619494,10.08072034036254,0.08612960961949473,0.08072034036254012
10.086303171472975,10.071451778725026,0.0863031714729746,0.07145177872502606
10.086475720446117,10.088659749502055,0.08647572044611632,0.08865974950205537
10.086647254513833,10.084720750111796,0.0866472545138326,0.08472075011179499
10.086817771662947,10.065432461162253,0.08681777166294723,0.06543246116225365
10.08698726989222,10.066814412475614,0.08698726989221903,0.06681441247561419
10.087155747212366,10.075674756235987,0.087155747212365,0.07567475623598698
10.087323201646084,10.093724996827758,0.087323201646084,0.09372499682775803
10.08748963122808,10.071608493220456,0.08748963122807976,0.07160849322045651
10.087655034005083,10.082670371677903,0.08765503400508386,0.08267037167790262
10.087819408035879,10.060842516203255,0.08781940803587897,0.0608425162032553
10.087982751391321,10.065138480712784,0.08798275139132126,0.06513848071278494
10.088145062154364,10.09875884001647,0.08814506215436337,0.09875884001647076
10.088306338420077,10.126060091777248,0.08830633842007661,0.12606009177724814
10.088466578295673,10.084664604087646,0.08846657829567361,0.08466460408764587
10.08862577990053,10.116733453699759,0.08862577990053028,0.11673345369975893
10.088783941366207,10.082782002755232,0.0887839413662081,0.08278200275523286
10.088941060836476,10.100242638879681,0.0889410608364758,0.10024263887968196
10.08909713646733,10.077440581721413,0.0890971364673314,0.07744058172141272
10.089252166427023,10.068256259956737,0.08925216642702374,0.06825625995673633
10.089406148896074,10.100175067448475,0.08940614889607386,0.10017506744847529
10.089559082067296,10.074024470077672,0.08955908206729662,0.07402447007767286
10.089710964145821,10.103827152369933,0.08971096414582164,0.10382715236993309
10.089861793349115,10.11283189167356,0.08986179334911458,0.11283189167355932
10.090011567906998,10.109876842688996,0.09001156790699782,0.10987684268899493
10.090160286061671,10.10624794999724,0.0901602860616716,0.10624794999724012
10.090307946067734,10.067222575730975,0.09030794606773421,0.06722257573097451
10.090454546192202,10.115004296914224,0.09045454619220283,0.11500429691422413
10.090600084714534,10.081492878408927,0.09060008471453368,0.08149287840892736
10.090744559926643,10.126186390999665,0.09074455992664228,0.12618639099966544
10.090887970132924,10.072453233898006,0.09088797013292353,0.07245323389800691
10.091030313650272,10.073763529821182,0.09103031365027144,0.0737635298211827
10.091171588808098,10.094172372121005,0.09117158880809915,0.0941723721210044
10.091311793948359,10.118462632866324,0.09131179394835828,0.11846263286632376
10.091450927425559,10.07991686128524,0.0914509274255586,0.07991686128523862
10.091588987606787,10.071636402101332,0.09158898760678712,0.07163640210133157
10.091725972871728,10.10593710114545,0.09172597287172753,0.10593710114545035
10.09186188161268,10.094297651777111,0.09186188161267893,0.09429765177711218
10.091996712234575,10.095616366866144,0.0919967122345749,0.09561636686614425
10.092130463155002,10.096355708517509,0.0921304631550022,0.09635570851750778
10.09226313280422,10.10736346463041,0.09226313280421916,0.10736346463040979
10.092394719625174,10.103668637186098,0.0923947196251744,0.10366863718609838
10.092525222073524,10.10014961773005,0.09252522207352479,0.10014961773004938
10.092654638617654,10.076937836687813,0.09265463861765386,0.07693783668781266
10.092782967738689,10.112853205556304,0.09278296773868953,0.1128532055563043
10.092910207930522,10.077568710359923,0.09291020793052215,0.0775687103599224
10.093036357699821,10.116599356780172,0.09303635769982199,0.116599356780173
10.093161415566057,10.103778774210971,0.09316141556605692,0.10377877421097138
10.09328538006151,10.102066911505263,0.09328538006150966,0.10206691150526379
10.093408249731295,10.120302613609011,0.09340824973129508,0.12030261360901195
10.093530023133377,10.084867421579156,0.09353002313337733,0.0848674215791557
10.093650698838587,10.111747112480714,0.09365069883858654,0.11174711248071308
10.093770275430636,10.10198051946661,0.09377027543063593,0.10198051946660976
10.093888751506139,10.099842148772122,0.09388875150613805,0.09984214877212208
10.094006125674621,10.0953767294679,0.09400612567462163,0.09537672946789999
10.094122396558548,10.112964965404823,0.0941223965585476,0.11296496540482195
10.094237562793326,10.093168547298863,0.09423756279332543,0.09316854729886205
10.094351623027329,10.061822229373258,0.09435162302732902,0.061822229373257494
10.094464575921913,10.117351082276025,0.09446457592191276,0.1173510822760257
10.094576420151427,10.119440405117789,0.09457642015142698,0.11944040511778972
10.094687154403234,10.083007654540657,0.09468715440323366,0.08300765454065591
10.094796777377722,10.072996800165123,0.09479677737772196,0.07299680016512253
10.094905287788324,10.118342346576616,0.09490528778832313,0.11834234657661566
10.095012684361526,10.10525403951922,0.09501268436152599,0.10525403951921987
10.09511896583689,10.119220158548424,0.0951189658368915,0.11922015854842528
10.095224130967068,10.095847203651504,0.09522413096706793,0.0958472036515045
10.095328178517805,10.126597468742599,0.0953281785178052,0.12659746874259922
10.09543110726797,10.087152110968105,0.09543110726796956,0.08715211096810635
10.095532916009558,10.108799737011864,0.09553291600955778,0.10879973701186367
10.09563360354771,10.100376285783808,0.09563360354771147,0.1003762857838072
10.09573316870073,10.079176469847635,0.09573316870073091,0.07917646984763564
10.09583161030009,10.10067845727977,0.09583161030008915,0.10067845727976954
10.095928927190446,10.078463578854777,0.09592892719044557,0.07846357885477682
10.09602511822966,10.061535258681952,0.09602511822965942,0.061535258681950825
10.096120182288804,10.107748638321121,0.0961201822888034,0.10774863832112137
10.096214118252176,10.058392050324615,0.09621411825217664,0.05839205032461547
10.096306925017318,10.09434609906496,0.09630692501731809,0.09434609906495989
10.09639860149502,10.088546675483116,0.09639860149501922,0.08854667548311529
10.096489146609336,10.067096251471426,0.09648914660933698,0.06709625147142667
10.096578559297607,10.06409944338998,0.09657855929760623,0.06409944338998033
10.096666838510453,10.102386373680522,0.09666683851045242,0.10238637368052131
10.096753983211803,10.07881087150859,0.09675398321180381,0.0788108715085901
10.096839992378904,10.099868959590772,0.09683999237890359,0.09986895959077113
10.096924865002322,10.099727707028814,0.09692486500232196,0.09972770702881417
10.097008600085967,10.080186902614507,0.09700860008596791,0.08018690261450614
10.097091196647101,10.085383230546112,0.09709119664710099,0.08538323054611302
10.097172653716342,10.092679449476146,0.09717265371634275,0.09267944947614547
10.097252970337689,10.111389083515125,0.0972529703376882,0.11138908351512489
10.097332145568517,10.087393982766809,0.09733214556851695,0.08739398276680856
10.097410178479604,10.08528467595423,0.0974101784796044,0.08528467595422937
10.097487068155132,10.091862544536594,0.09748706815513246,0.09186254453659379
10.0975628136927,10.087681200929026,0.09756281369270045,0.0876812009290264
10.097637414203335,10.047376304713486,0.0976374142033357,0.047376304713487
10.097710868811504,10.114309727199249,0.09771086881150381,0.11430972719924799
10.097783176655119,10.112654313956108,0.09778317665511913,0.11265431395610746
10.097854336885554,10.083200713618615,0.09785433688555473,0.08320071361861504
10.097924348667652,10.069210217201286,0.09792434866765248,0.06921021720128577
10.097993211179732,10.08903818157986,0.09799321117973273,0.08903818157986033
10.098060923613604,10.094761462345641,0.09806092361360406,0.09476146234564178
10.098127485174572,10.086582963052638,0.09812748517457266,0.08658296305263855
10.098192895081452,10.107997651088999,0.0981928950814518,0.10799765108899832
10.098257152566571,10.106142880667585,0.09825715256657083,0.10614288066758547
10.098320256875784,10.08443857803824,0.09832025687578433,0.08443857803823994
10.09838220726848,10.080479562340717,0.09838220726848089,0.08047956234071696
10.098443003017591,10.104682958349827,0.09844300301759178,0.1046829583498263
10.0985026434096,10.050501839585332,0.09850264340959958,0.05050183958533203
10.098561127744546,10.09714288728585,0.09856112774454642,0.09714288728585065
10.098618455336043,10.11112608000229,0.09861845533604237,0.11112608000229056
10.098674625511274,10.119658695117382,0.09867462551127329,0.11965869511738178
10.098729637611008,10.088708361473035,0.09872963761100889,0.08870836147303457
10.09878349098961,10.072233347838665,0.09878349098961038,0.07223334783866543
10.098836185015038,10.08480998598518,0.09883618501503812,0.08480998598517905
10.098887719068859,10.071848031160007,0.09888771906885892,0.07184803116000792
10.098938092546254,10.101649476483313,0.09893809254625342,0.10164947648331332
10.098987304856022,10.12248322005677,0.09898730485602315,0.1224832200567696
10.099035355420597,10.104929051112114,0.09903535542059741,0.10492905111211467
10.09908224367604,10.080157298586311,0.09908224367604013,0.08015729858631124
10.099127969072056,10.123577249471145,0.09912796907205644,0.12357724947114573
10.099172531072,10.084394915268934,0.09917253107199916,0.08439491526893377
10.099215929152875,10.09424427466218,0.09921592915287507,0.09424427466218119
10.09925816280535,10.088178079693074,0.09925816280535105,0.08817807969307513
10.09929923153376,10.10136588391835,0.09929923153376008,0.10136588391835015
10.099339134856107,10.088950464211072,0.09933913485610703,0.08895046421107144
10.099377872304075,10.091907194787774,0.09937787230407436,0.0919071947877738
10.099415443423027,10.105116648754645,0.09941544342302754,0.10511664875464477
10.09945184777202,10.07380091697883,0.09945184777202049,0.0738009169788293
10.099487084923801,10.116474939096557,0.09948708492380064,0.11647493909655629
10.099521154464814,10.097252373239668,0.09952115446481406,0.0972523732396677
10.09955405599521,10.109697643459878,0.09955405599521022,0.10969764345987858
10.099585789128847,10.112621100697789,0.09958578912884672,0.11262110069778854
10.099616353493294,10.119310064138636,0.09961635349329381,0.11931006413863557
10.09964574872984,10.103726796988724,0.09964574872983883,0.10372679698872424
10.09967397449349,10.111571190342286,0.09967397449349029,0.11157119034228508
10.099701030452982,10.112026781827483,0.09970103045298201,0.11202678182748264
10.099726916290777,10.094838209236725,0.09972691629077704,0.09483820923672578
10.099751631703072,10.112537089731623,0.09975163170307125,0.1125370897316222
10.099775176399797,10.131260068178786,0.09977517639979705,0.13126006817878721
10.099797550104627,10.067277735768831,0.09979755010462671,0.06727773576883225
10.099818752554976,10.081520225605876,0.09981875255497558,0.08152022560587624
10.099838783502005,10.108303953265306,0.09983878350200523,0.10830395326530688
10.099857642710626,10.099021960494118,0.0998576427106264,0.0990219604941186
10.099875329959502,10.103775022438626,0.09987532995950163,0.10377502243862598
10.099891845041048,10.089394472151103,0.09989184504104798,0.08939447215110313
10.09990718776144,10.071631431514584,0.09990718776143943,0.07163143151458355
10.099921357940609,10.1184478621398,0.09992135794060913,0.11844786213979877
10.099934355412252,10.094506595351403,0.09993435541225153,0.09450659535140238
10.099946180023824,10.11162439555719,0.09994618002382433,0.11162439555718941
10.09995683163655,10.092230376318557,0.09995683163655032,0.09223037631855674
10.099966310125419,10.107728114531778,0.09996631012541889,0.10772811453177837
10.099974615379187,10.101079524341998,0.0999746153791876,0.1010795243419977
10.099981747300383,10.104138125668976,0.09998174730038349,0.10413812566897553
10.099987705805304,10.095254560394286,0.09998770580530414,0.09525456039428591
10.099992490824018,10.117004124497324,0.0999924908240187,0.11700412449732495
10.099996102300368,10.130929680088068,0.09999610230036877,0.13092968008806696
10.099998540191969,10.112866779264994,0.09999854019196895,0.11286677926499464
10.099999804470208,10.091800733070649,0.09999980447020738,0.09180073307064787
10.099999895120247,10.08343693441161,0.09999989512024614,0.08343693441161024
10.09999881214102,10.12380382529838,0.0999988121410213,0.12380382529838035
10.099996555545243,10.109548944769783,0.09999655554524305,0.10954894476978198
10.099993125359395,10.124046096155398,0.09999312535939547,0.12404609615539888
10.099988521623736,10.116039339068678,0.0999885216237363,0.11603933906867839
10.099982744392296,10.072549561335885,0.09998274439229636,0.0725495613358844
10.09997579373288,10.096101418175419,0.099975793732879,0.09610141817541823
10.099967669727059,10.097772501515502,0.09996766972705928,0.09777250151550239
10.099958372470184,10.089792541015528,0.09995837247018304,0.08979254101552782
10.099947902071365,10.117215172257675,0.09994790207136568,0.11721517225767461
10.099936258653491,10.109071013851457,0.09993625865349101,0.10907101385145672
10.09992344235321,10.087610290445095,0.09992344235320974,0.0876102904450951
10.099909453320938,10.080249546612103,0.09990945332093787,0.08024954661210362
10.099894291720855,10.092660652613294,0.09989429172085494,0.0926606526132934
10.099877957730902,10.094125158806023,0.09987795773090213,0.0941251588060217
10.09986045154278,10.105343927655735,0.09986045154278012,0.10534392765573511
10.099841773361947,10.129338728056124,0.09984177336194687,0.12933872805612504
10.099821923407616,10.098931601000174,0.0998219234076152,0.098931601000175
10.09980090191275,10.101692928733708,0.09980090191275025,0.10169292873370847
10.099778709124067,10.096958191314927,0.09977870912406667,0.09695819131492708
10.099755345302025,10.091538969196828,0.09975534530202579,0.09153896919682819
10.099730810720832,10.107539595958402,0.09973081072083258,0.10753959595840254
10.099705105668432,10.109836535989794,0.09970510566843234,0.10983653598979498
10.099678230446507,10.12903097749869,0.09967823044650742,0.12903097749868986
10.099650185370473,10.112579298521089,0.09965018537047363,0.11257929852108887
10.099620970769477,10.10290233930089,0.09962097076947651,0.10290233930088923
10.099590586986388,10.13384926475692,0.09959058698638751,0.13384926475691966
10.0995590343778,10.106608667874786,0.09955903437780003,0.10660866787478694
10.099526313314025,10.110852088830034,0.09952631331402506,0.1108520888300344
10.099492424179086,10.097018365161597,0.099492424179087,0.09701836516159745
10.09945736737072,10.095382454365444,0.09945736737071909,0.0953824543654431
10.099421143300358,10.11718958429942,0.09942114330035867,0.11718958429942003
10.099383752393143,10.129482689022554,0.09938375239314252,0.1294826890225535
10.099345195087901,10.11731325464224,0.09934519508790172,0.11731325464224171
10.099305471837157,10.121640951692296,0.09930547183715657,0.12164095169229654
10.09926458310711,10.121759555499574,0.09926458310711123,0.12175955549957446
10.099222529377649,10.095684093650398,0.09922252937764833,0.09568409365039861
10.099179311142324,10.130657934072932,0.09917931114232324,0.13065793407293233
10.099134928908358,10.114237675201288,0.09913492890835837,0.11423767520128858
10.099089383196636,10.109392975233696,0.09908938319663713,0.10939297523369679
10.099042674541698,10.133397867301754,0.09904267454169792,0.13339786730175376
10.098994803491728,10.098903501440288,0.09899480349172773,0.09890350144028867
10.098945770608555,10.097786953412607,0.09894577060855578,0.09778695341260663
10.098895576467648,10.036438899961471,0.09889557646764696,0.03643889996147184
10.098844221658094,10.100118965223364,0.09884422165809506,0.10011896522336491
10.098791706782615,10.115351230584691,0.0987917067826157,0.11535123058469077
10.09873803245754,10.083626672425254,0.09873803245753952,0.08362667242525433
10.098683199312804,10.095556685187876,0.09868319931280477,0.09555668518787583
10.09862720799195,10.127662727674442,0.09862720799194996,0.1276627276744416
10.098570059152106,10.108423931223285,0.09857005915210627,0.10842393122328453
10.09851175346399,10.09001199604725,0.09851175346398995,0.09001199604725091
10.098452291611894,10.064017740723497,0.09845229161189434,0.06401774072349616
10.098391674293682,10.081899961938932,0.09839167429368183,0.08189996193893284
10.098329902220776,10.075820517734543,0.09832990222077576,0.0758205177345439
10.098266976118152,10.114285819433766,0.09826697611815205,0.11428581943376648
10.098202896724331,10.068881665075835,0.09820289672433062,0.06888166507583487
10.098137664791366,10.127640772213843,0.09813766479136672,0.12764077221384285
10.098071281084842,10.102230618741778,0.09807128108484227,0.10223061874177782
10.098003746383856,10.053217733476506,0.09800374638385667,0.05321773347650605
10.097935061481017,10.09084475234014,0.0979350614810178,0.09084475234013945
10.097865227182433,10.081969648531512,0.09786522718243257,0.08196964853151287
10.097794244307698,10.122541907362734,0.09779424430769762,0.12254190736273429
10.09772211368989,10.11368349238409,0.09772211368988964,0.11368349238409042
10.097648836175555,10.073596006967206,0.09764883617555553,0.07359600696720496
10.097574412624702,10.065023742288307,0.09757441262470253,0.06502374228830783
10.097498843910788,10.090815010515266,0.09749884391078817,0.09081501051526605
10.09742213092071,10.122230456586836,0.09742213092070992,0.12223045658683598
10.097344274554795,10.085550868639848,0.09734427455479477,0.08555086863984802
10.09726527572679,10.080589668056017,0.09726527572678881,0.080589668056018
10.097185135363846,10.112548008267906,0.09718513536384638,0.11254800826790567
10.09710385440652,10.085058515097959,0.09710385440651924,0.0850585150979585
10.097021433808745,10.107467115456538,0.09702143380874542,0.10746711545653757
10.096937874537838,10.081821220264656,0.09693787453783824,0.08182122026465516
10.096853177574475,10.088638586116069,0.09685317757447481,0.08863858611606953
10.096767343912685,10.116359691757193,0.09676734391268446,0.1163596917571922
10.096680374559837,10.1121267918045,0.09668037455983723,0.11212679180449933
10.096592270536632,10.102344811161847,0.096592270536632,0.10234481116184688
10.096503032877084,10.055169028253363,0.09650303287708445,0.05516902825336278
10.096412662628515,10.097207060531465,0.09641266262851492,0.09720706053146509
10.096321160851536,10.122544757149873,0.09632116085153623,0.12254475714987231
10.096228528620042,10.098027542494613,0.09622852862004115,0.09802754249461239
10.09613476702119,10.120365126373713,0.09613476702118984,0.12036512637371373
10.096039877155397,10.138593715483069,0.0960398771553969,0.1385937154830691
10.09594386013632,10.107088693803254,0.0959438601363188,0.1070886938032535
10.09584671709084,10.091129552181934,0.09584671709084061,0.09112955218193433
10.095748449159062,10.098359100561018,0.09574844915906261,0.0983591005610176
10.095649057494287,10.104207745492491,0.0956490574942873,0.10420774549249157
10.095548543263005,10.074516436930937,0.09554854326300555,0.07451643693093592
10.095446907644883,10.102147756498411,0.09544690764488306,0.10214775649841114
10.095344151832746,10.079358125234025,0.09534415183274636,0.07935812523402427
10.09524027703257,10.09643914547854,0.09524027703256904,0.09643914547853948
10.095135284463458,10.124656848850922,0.09513528446345743,0.12465684885092099
10.095029175357636,10.099734251995121,0.0950291753576364,0.09973425199512172
10.094921950960435,10.12487483386353,0.09492195096043465,0.12487483386353014
10.09481361253027,10.102502265941816,0.09481361253027047,0.10250226594181545
10.094704161338637,10.099691042593172,0.09470416133863677,0.0996910425931713
10.094593598670086,10.095795825776237,0.09459359867008599,0.09579582577623795
10.094481925822215,10.086202361363965,0.09448192582221539,0.08620236136396407
10.094369144105652,10.0877831020636,0.09436914410565156,0.08778310206359931
10.094255254844034,10.082127185560475,0.09425525484403517,0.0821271855604755
10.094140259374004,10.131363117465103,0.09414025937400522,0.13136311746510207
10.094024159045183,10.083834662125561,0.09402415904518366,0.08383466212556148
10.09390695522016,10.088680041041716,0.09390695522015936,0.0886800410417152
10.093788649274472,10.111409926611547,0.09378864927447222,0.11140992661154674
10.093669242596597,10.133113862519323,0.09366924259659677,0.13311386251932256
10.093548736587927,10.094292564993797,0.09354873658792624,0.09429256499379737
10.093427132662756,10.07039041208414,0.09342713266275599,0.07039041208414037
10.093304432248267,10.07396436204879,0.0933044322482666,0.07396436204878983
10.093180636784508,10.134567120584428,0.09318063678450764,0.13456712058442827
10.09305574772438,10.069841791667201,0.09305574772438041,0.06984179166720131
10.09292976653362,10.120849418509744,0.0929297665336211,0.12084941850974336
10.092802694690784,10.074105935280908,0.09280269469078323,0.07410593528090778
10.092674533687221,10.073725333905191,0.09267453368722074,0.07372533390519118
10.09254528502707,10.113365749908839,0.09254528502707028,0.11336574990883887
10.092414950227234,10.125021978617218,0.09241495022723362,0.12502197861721856
10.09228353081736,10.060210404591114,0.09228353081735953,0.060210404591114465
10.092151028339826,10.08159340020004,0.0921510283398264,0.0815934002000403
10.092017444349723,10.077551418886566,0.09201744434972375,0.07755141888656654
10.091882780414833,10.120266044519626,0.09188278041483389,0.12026604451962548
10.091747038115614,10.109629421452635,0.09174703811561391,0.10962942145263388
10.091610219045176,10.083623501725645,0.0916102190451768,0.08362350172564609
10.091472324809272,10.124701105891921,0.091472324809273,0.12470110589192183
10.09133335702627,10.086328710564663,0.09133335702627114,0.08632871056466349
10.09119331732714,10.055000046910854,0.09119331732713959,0.055000046910852925
10.091052207355427,10.11321660503667,0.09105220735542693,0.1132166050366686
10.090910028767244,10.118765376312036,0.09091002876724294,0.11876537631203508
10.090766783231238,10.108974964412237,0.09076678323123871,0.10897496441223731
10.090622472428588,10.093097289384062,0.0906224724285876,0.0930972893840613
10.090477098052965,10.123494538986652,0.0904770980529653,0.12349453898665218
10.09033066181053,10.095146498106121,0.09033066181052965,0.09514649810612187
10.090183165419901,10.081345270033303,0.09018316541990111,0.08134527003330347
10.090034610612141,10.080269061986936,0.09003461061214231,0.08026906198693658
10.089884999130739,10.10497128807989,0.08988499913073784,0.10497128807988976
10.089734332731574,10.094897485504093,0.08973433273157355,0.0948974855040931
10.089582613182916,10.113896440123172,0.08958261318291627,0.11389644012317163
10.089429842265393,10.102661287416069,0.08942984226539293,0.10266128741606899
10.089276021771969,10.072342779331477,0.08927602177196968,0.07234277933147598
10.08912115350793,10.121223304052043,0.08912115350793055,0.12122330405204296
10.088965239290857,10.111177892802163,0.08896523929085681,0.11117789280216228
10.088808280950605,10.108049374108214,0.08880828095060536,0.10804937410821372
10.088650280329286,10.098374189037083,0.08865028032928696,0.09837418903708288
10.088491239281245,10.116513252274949,0.08849123928124515,0.11651325227494884
10.088331159673034,10.089111095278271,0.08833115967303419,0.08911109527827196
10.088170043383398,10.090274061332149,0.08817004338339728,0.09027406133214898
10.088007892303244,10.106556263952907,0.0880078923032441,0.10655626395290708
10.087844708335629,10.068004216247184,0.08784470833562931,0.06800421624718317
10.08768049339573,10.116060230098178,0.0876804933957298,0.11606023009817797
10.087515249410822,10.087500241350144,0.08751524941082196,0.08750024135014305
10.087348978320259,10.11830175679299,0.08734897832025973,0.11830175679298974
10.087181682075451,10.058005135397119,0.08718168207545132,0.05800513539711838
10.087013362639837,10.089860600939295,0.08701336263983654,0.08986060093929506
10.086844021988863,10.06782536865428,0.08684402198886344,0.06782536865428009
10.086673662109966,10.119781898904684,0.08667366210996566,0.11978189890468349
10.086502285002538,10.095556146723442,0.08650228500253866,0.09555614672344165
10.086329892677917,10.099761591486471,0.08632989267791653,0.09976159148647169
10.086156487159348,10.094846819492087,0.08615648715934798,0.09484681949208676
10.085982070481974,10.097038426171677,0.08598207048197316,0.09703842617167618
10.0858066446928,10.093625000359566,0.08580664469279947,0.0936250003595659
10.085630211850678,10.108575777902274,0.08563021185067726,0.10857577790227486
10.085452774026276,10.08197861028729,0.08545277402627627,0.08197861028729106
10.085274333302062,10.088315341697893,0.08527433330206094,0.08831534169789258
10.085094891772266,10.096799639245354,0.08509489177226609,0.09679963924535413
10.084914451542872,10.096985334552485,0.08491445154287207,0.09698533455248459
10.084733014731581,10.09924301399744,0.0847330147315805,0.0992430139974393
10.08455058346779,10.089600120467605,0.08455058346778915,0.08960012046760393
10.084367159892567,10.070700642071783,0.08436715989256705,0.07070064207178339
10.084182746158628,10.080559315478817,0.08418274615862902,0.08055931547881737
10.08399734443031,10.108468214990232,0.08399734443031097,0.10846821499023154
10.083810956883545,10.069931415577452,0.08381095688354423,0.06993141557745268
10.08362358570583,10.065421493330193,0.08362358570582967,0.0654214933301925
10.083435233096212,10.090775602077334,0.0834352330962127,0.0907756020773346
10.083245901265258,10.122312972342383,0.08324590126525695,0.12231297234238361
10.083055592435018,10.055348618733921,0.08305559243501866,0.05534861873392111
10.08286430883902,10.049146120030727,0.08286430883902007,0.049146120030726194
10.082672052722224,10.096069210094287,0.08267205272222389,0.09606921009428734
10.082478826341006,10.09739254738115,0.08247882634100655,0.0973925473811503
10.082284631963132,10.098258727599925,0.08228463196313188,0.09825872759992502
10.082089471867723,10.110297694133429,0.0820894718677241,0.11029769413342948
10.081893348345242,10.092447832024407,0.08189334834524173,0.09244783202440596
10.08169626369745,10.120134612514473,0.08169626369745031,0.12013461251447369
10.081498220237394,10.099361087559451,0.0814982202373952,0.09936108755945211
10.081299220289376,10.066999098459606,0.0812992202893749,0.06699909845960669
10.081099266188913,10.077017266885862,0.08109926618891351,0.07701726688586157
10.080898360282733,10.065127231321952,0.08089836028273344,0.06512723132195157
10.080696504928728,10.082266176802463,0.08069650492872743,0.08226617680246301
10.080493702495932,10.058743463376965,0.08049370249593159,0.05874346337696418
10.080289955364497,10.089568389396584,0.08028995536449712,0.0895683893965848
10.080085265925662,10.10834756733155,0.08008526592566259,0.10834756733155106
10.079879636581726,10.061802317154344,0.07987963658172546,0.061802317154343756
10.079673069746015,10.09037210562891,0.07967306974601451,0.09037210562891018
10.079465567842862,10.100776196516877,0.07946556784286124,0.10077619651687764
10.079257133307571,10.124956479343014,0.07925713330757106,0.12495647934301504
10.079047768586396,10.064914830453374,0.0790477685863953,0.06491483045337383
10.078837476136503,10.103951180995121,0.07883747613650222,0.10395118099512124
10.078626258425949,10.035516048134888,0.0786262584259482,0.03551604813488752
10.078414117933649,10.089980767825717,0.07841411793364853,0.0899807678257157
10.078201057149348,10.089363151833613,0.07820105714934879,0.08936315183361264
10.077987078573596,10.08327757306835,0.07798707857359535,0.08327757306835047
10.077772184717706,10.05756879823106,0.07777218471770611,0.057568798231059044
10.07755637810374,10.053008232591068,0.07755637810374069,0.053008232591068835
10.077339661264471,10.067980804113724,0.07733966126447142,0.06798080411372383
10.077122036743352,10.090115729242461,0.07712203674335333,0.0901157292424616
10.076903507094494,10.079576659416885,0.07690350709449395,0.07957665941688567
10.076684074882625,10.08445055311888,0.07668407488262396,0.08445055311888058
10.076463742683067,10.07758012481609,0.07646374268306674,0.07758012481608922
10.076242513081707,10.057407789014837,0.07624251308170828,0.057407789014836265
10.076020388674966,10.067438932326365,0.07602038867496641,0.06743893232636543
10.075797372069761,10.118387886695826,0.07579737206976103,0.11838788669582642
10.075573465883483,10.06921876467782,0.07557346588348302,0.0692187646778214
10.075348672743964,10.066120941697354,0.07534867274396377,0.066120941697355
10.075122995289444,10.099657194770083,0.07512299528944388,0.09965719477008295
10.074896436168544,10.050463928681806,0.07489643616854291,0.05046392868180559
10.074668998040227,10.064648031212482,0.0746689980402279,0.06464803121248151
10.074440683573782,10.080054656564133,0.07444068357378185,0.08005465656413381
10.074211495448774,10.074334723721611,0.07421149544877308,0.07433472372161155
10.073981436355023,10.107555480031662,0.07398143635502329,0.10755548003166286
10.073750508992577,10.070604997803489,0.0737505089925763,0.07060499780348979
10.073518716071666,10.05787691900305,0.07351871607166581,0.05787691900304974
10.073286060312684,10.077035596444606,0.07328606031268436,0.07703559644460661
10.073052544446151,10.067874096645209,0.07305254444615088,0.06787409664520908
10.07281817121268,10.045127897846157,0.07281817121267888,0.045127897846157755
10.072582943362944,10.063321257011665,0.07258294336294388,0.0633212570116661
10.072346863657652,10.076548354967459,0.07234686365765179,0.07654835496745933
10.072109934867505,10.093924466745094,0.07210993486750612,0.0939244667450928
10.071872159773175,10.07449386648445,0.07187215977317517,0.07449386648445039
10.07163354116526,10.078911353743836,0.07163354116526008,0.07891135374383595
10.07139408184426,10.070948760785088,0.07139408184426159,0.07094876078508795
10.071153784620547,10.081828545464916,0.07115378462054743,0.08182854546491633
10.07091265231432,10.055334173484692,0.07091265231431887,0.055334173484691156
10.070670687755578,10.042812384949434,0.07067068775557829,0.042812384949434255
10.070427893784096,10.070644636882758,0.07042789378409556,0.07064463688275768
10.070184273249374,10.08974224407763,0.07018427324937486,0.08974224407762996
10.069939829010622,10.06121802227385,0.06993982901062086,0.06121802227385108
10.069694563936705,10.04250746761111,0.0696945639367058,0.04250746761110878
10.069448480906136,10.074888165406024,0.0694484809061355,0.07488816540602371
10.069201582807015,10.043405243207989,0.0692015828070152,0.04340524320798875
10.068953872537016,10.033842491187178,0.06895387253701642,0.03384249118717854
10.068705353003342,10.079873107820381,0.06870535300334239,0.0798731078203811
10.068456027122695,10.048921835437257,0.06845602712269432,0.04892183543725736
10.068205897821237,10.072068820355812,0.0682058978212365,0.07206882035581219
10.067954968034563,10.019311075853551,0.06795496803456279,0.019311075853551296
10.067703240707662,10.054631677312415,0.06770324070766186,0.05463167731241407
10.067450718794882,10.039404164142175,0.06745071879488207,0.03940416414217485
10.067197405259897,10.067733874793653,0.06719740525989777,0.06773387479365309
10.066943303075673,10.090519418044103,0.06694330307567382,0.0905194180441035
10.066688415224432,10.062148044237157,0.06668841522443111,0.06214804423715582
10.066432744697611,10.076685730615036,0.06643274469761089,0.0766857306150357
10.06617629449584,10.06259271291446,0.06617629449584059,0.06259271291445959
10.065919067628897,10.075746855983821,0.06591906762889795,0.07574685598382078
10.065661067115675,10.04412388453192,0.06566106711567607,0.044123884531920815
10.065402295984148,10.06918261250482,0.06540229598414737,0.06918261250482
10.065142757271328,10.03736424580331,0.06514275727132893,0.03736424580331077
10.064882454023246,10.066218804395252,0.06488245402324631,0.06621880439525255
10.064621389294897,10.064720598879106,0.0646213892948976,0.06472059887910607
10.064359566150218,10.046245422798082,0.06435956615021814,0.046245422798081096
10.064096987662044,10.033553096737005,0.06409698766204423,0.03355309673700506
10.063833656912077,10.050187619719905,0.0638336569120772,0.050187619719904486
10.063569576990847,10.076764448978839,0.06356957699084677,0.07676444897883937
10.063304750997675,10.092063034385056,0.06330475099767556,0.09206303438505703
10.063039182040642,10.084059780646964,0.06303918204064218,0.0840597806469642
10.062772873236545,10.075300355781664,0.06277287323654504,0.07530035578166347
10.062505827710865,10.065095796238944,0.06250582771086519,0.06509579623894372
10.062238048597731,10.045427324321047,0.06223804859773048,0.04542732432104692
10.061969539039879,10.06746305572682,0.061969539039878396,0.06746305572682118
10.061700302188619,10.070594256637422,0.061700302188618716,0.0705942566374217
10.061430341203797,10.04764207573302,0.06143034120379736,0.047642075733019706
10.061159659253759,10.05351225859134,0.06115965925375877,0.0535122585913396
10.060888259515309,10.040427610311099,0.06088825951530899,0.04042761031109881
10.060616145173677,10.090218999948624,0.06061614517367783,0.09021899994862392
10.060343319422483,10.071260535817713,0.06034331942248233,0.07126053581771208
10.06006978546369,10.070460682719814,0.06006978546368871,0.07046068271981319
10.059795546507575,10.072278354114967,0.05979554650757505,0.07227835411496664
10.059520605772693,10.028437952153277,0.059520605772693094,0.028437952153277955
10.059244966485831,10.057608600474456,0.059244966485831274,0.057608600474456505
10.058968631881976,10.043086995749508,0.058968631881976485,0.043086995749508694
10.058691605204276,10.100915654765052,0.058691605204275604,0.10091565476505227
10.058413889704,10.054392713585294,0.05841388970399833,0.05439271358529359
10.058135488640499,10.045278583913555,0.05813548864049848,0.04527858391355624
10.057856405281177,10.064853388657246,0.05785640528117597,0.06485338865724666
10.057576642901438,10.009252421279358,0.057576642901437915,0.009252421279357749
10.057296204784661,10.070884164538908,0.057296204784661076,0.070884164538908
10.057015094222153,10.062137922839904,0.0570150942221527,0.062137922839904665
10.056733314513112,10.049317963896248,0.05673331451311221,0.04931796389624794
10.056450868964593,10.055717506034862,0.05645086896459192,0.05571750603486185
10.056167760891459,10.04338675158632,0.056167760891459056,0.04338675158632015
10.055883993616357,10.043221470190577,0.05588399361635646,0.043221470190576664
10.055599570469663,10.054539015443131,0.05559957046966307,0.054539015443130556
10.055314494789457,10.071640237704393,0.05531449478945586,0.0716402377043932
10.05502876992147,10.07062440622361,0.05502876992146993,0.07062440622361053
10.054742399219059,10.0582968862842,0.054742399219059615,0.05829688628420014
10.05445538604316,10.039403627188795,0.054455386043158485,0.03940362718879539
10.054167733762242,10.067417540836972,0.05416773376224088,0.06741754083697299
10.053879445752282,10.029833720990235,0.05387944575228165,0.02983372099023515
10.053590525396716,10.067743903389498,0.05359052539671697,0.06774390338949866
10.053300976086405,10.063084508554054,0.05330097608640393,0.06308450855405368
10.053010801219582,10.027706520179823,0.05301080121958168,0.027706520179822905
10.05272000420183,10.063472816886804,0.052720004201831094,0.06347281688680358
10.052428588446034,10.07986796084012,0.052428588446034353,0.07986796084012063
10.052136557372336,10.058298697080843,0.05213655737233578,0.05829869708084377
10.051843914408101,10.040823928769923,0.0518439144081011,0.04082392876992193
10.051550662987877,10.06952937786898,0.051550662987877555,0.06952937786897913
10.051256806553353,10.088586680310561,0.05125680655335291,0.0885866803105613
10.050962348553316,10.038224597845506,0.050962348553316064,0.038224597845505165
10.050667292443617,10.060503129499414,0.050667292443615876,0.06050312949941402
10.050371641687121,10.029597209234232,0.05037164168712101,0.029597209234231762
10.050075399753679,10.037147437875278,0.050075399753678564,0.037147437875277606
10.049778570120074,10.059541585619908,0.04977857012007437,0.05954158561990755
10.04948115626999,10.017007555685193,0.04948115626999169,0.01700755568519413
10.04918316169397,10.051102121848238,0.04918316169396984,0.051102121848238105
10.048884589889365,10.027449480645583,0.0488845898893642,0.02744948064558249
10.048585444360304,10.01908314923771,0.048585444360304514,0.019083149237710602
10.048285728617653,10.070203815814327,0.04828572861765409,0.07020381581432815
10.047985446178968,10.015262798297053,0.04798544617896796,0.015262798297052758
10.047684600568452,10.061662477430271,0.04768460056845256,0.06166247743027216
10.047383195316923,10.01700975806803,0.04738319531692372,0.017009758068028777
10.047081233961766,10.041382939508967,0.04708123396176553,0.041382939508966494
10.046778720046888,10.057646151869204,0.04677872004688823,0.05764615186920309
10.046475657122688,10.059662149551809,0.04647565712268753,0.059662149551809436
10.046172048746003,10.021941450182805,0.046172048746002475,0.02194145018280433
10.045867898480074,10.037948906523027,0.045867898480073256,0.037948906523028125
10.0455632098945,10.024932775757208,0.045563209894500294,0.024932775757207995
10.045257986565202,10.054063184550605,0.04525798656520174,0.054063184550605645
10.044952232074372,10.019234391202572,0.04495223207437182,0.01923439120257142
10.044645950010437,10.045923825363172,0.04464595001043817,0.04592382536317112
10.04433914396802,10.020338068760763,0.04433914396802065,0.020338068760763196
10.04403181754789,10.03133742912958,0.04403181754788851,0.03133742912958125
10.043723974356919,10.09969217571404,0.04372397435691852,0.09969217571403952
10.043415618008051,10.07638777035506,0.04341561800805192,0.07638777035505961
10.043106752120252,10.040109598561012,0.043106752120253,0.04010959856101191
10.042797380318467,10.030093160009049,0.04279738031846618,0.030093160009049352
10.042487506233574,10.070243462134943,0.04248750623357294,0.07024346213494317
10.04217713350235,10.028421719462006,0.042177133502350195,0.028421719462005682
10.041866265767426,10.04585146744018,0.04186626576742696,0.04585146744017987
10.041554906677241,10.047626210895633,0.04155490667724194,0.04762621089563204
10.041243059886,10.021052689333542,0.041243059886000036,0.021052689333542908
10.040930729053631,10.016004563815892,0.04093072905363045,0.01600456381589218
10.040617917845744,10.012017422661854,0.04061791784574324,0.012017422661854831
10.040304629933585,10.027145773595151,0.04030462993358581,0.027145773595152092
10.039990868994002,10.078674494117381,0.03999086899400078,0.0786744941173819
10.039676638709382,10.028800187373156,0.039676638709382234,0.028800187373155053
10.039361942767632,10.063247518816464,0.03936194276763276,0.06324751881646334
10.03904678486212,10.031776546736028,0.039046784862119585,0.03177654673602788
10.038731168691632,10.08655895580459,0.03873116869163215,0.08655895580458908
10.038415097960337,10.070060777556566,0.038415097960338075,0.07006077755656696
10.03809857637774,10.021762853784598,0.03809857637774002,0.021762853784596765
10.037781607658632,10.00566797491344,0.037781607658631464,0.005667974913438963
10.037464195523054,10.03804846642851,0.03746419552305412,0.03804846642851033
10.037146343696254,10.024329987757366,0.03714634369625377,0.024329987757365834
10.036828055908636,10.007201705906741,0.03682805590863604,0.007201705906740619
10.036509335895724,10.032251711680601,0.036509335895723645,0.03225171168060167
10.036190187398113,10.068485084686342,0.03619018739811184,0.06848508468634283
10.035870614161425,10.00628272915808,0.03587061416142489,0.0062827291580809345
10.035550619936272,10.063506785396514,0.03555061993627141,0.06350678539651379
10.035230208478202,10.035241970038859,0.03523020847820138,0.03524197003885952
10.034909383547662,10.045457500973878,0.034909383547661384,0.04545750097387747
10.03458814890995,10.033457765633173,0.034588148909950794,0.033457765633172834
10.034266508335177,10.0456629306102,0.03426650833517696,0.04566293061020063
10.033944465598212,10.04464582891601,0.0339444655982119,0.04464582891601039
10.033622024478648,10.030992723779613,0.03362202447864756,0.030992723779613315
10.03329918876075,10.04445463765246,0.03329918876075091,0.044454637652460875
10.03297596223342,10.062349585175955,0.03297596223342053,0.06234958517595491
10.032652348690142,10.040340896821176,0.032652348690141546,0.040340896821175504
10.03232835192894,10.01933843123589,0.03232835192894133,0.01933843123589032
10.032003975752344,10.047117422609626,0.032003975752344344,0.047117422609625016
10.031679223967329,10.023047775295277,0.03167922396732848,0.02304777529527633
10.031354100385279,9.99554321325451,0.031354100385279714,-0.004456786745489993
10.031028608821948,10.012670557069587,0.03102860882194773,0.012670557069586325
10.030702753097401,9.999794083183176,0.03070275309740042,-0.00020591681682517737
10.03037653703598,10.040046482113906,0.030376537035980117,0.04004648211390569
10.030049964466258,9.9978296010752,0.030049964466258162,-0.002170398924799498
10.02972303922099,10.049498365329944,0.029723039220989473,0.04949836532994384
10.02939576513707,10.036728986959952,0.029395765137068604,0.03672898695995285
10.029068146055485,10.043810606262289,0.029068146055483992,0.04381060626228975
10.028740185821274,10.024101966141759,0.028740185821273263,0.024101966141758684
10.028411888283477,9.998957559477013,0.028411888283477394,-0.001042440522987697
10.028083257295096,10.045252360764177,0.028083257295096573,0.045252360764176894
10.027754296713045,10.033799716664827,0.027754296713044288,0.03379971666482677
10.027425010398103,10.040008943455073,0.02742501039810242,0.04000894345507232
10.027095402214876,9.993765446397411,0.027095402214875233,-0.0062345536025885315
10.026765476031745,10.020435174597589,0.026765476031745047,0.020435174597589312
10.026435235720827,10.062093387163682,0.02643523572082633,0.06209338716368076
10.02610468515792,10.038385321082734,0.02610468515791973,0.03838532108273282
10.025773828222468,10.037045420673401,0.025773828222467626,0.03704542067340187
10.025442668797508,9.986241258447166,0.025442668797507912,-0.013758741552833856
10.025111210769628,10.037444237027808,0.025111210769628745,0.03744423702780704
10.024779458028922,10.027170401936063,0.024779458028922282,0.027170401936063248
10.02444741446894,10.004731926545226,0.024447414468940023,0.00473192654522514
10.024115083986647,10.050159311163988,0.02411508398664644,0.050159311163987794
10.023782470482374,10.031650671599483,0.023782470482373592,0.03165067159948308
10.023449577859775,10.026174829866637,0.02344957785977465,0.0261748298666364
10.023116410025779,10.04350988170037,0.023116410025779115,0.04350988170037061
10.022782970890546,10.012675645138224,0.02278297089054646,0.012675645138224279
10.02244926436742,10.014017475190146,0.022449264367419713,0.014017475190145469
10.022115294372881,10.032060730205702,0.022115294372880557,0.03206073020570079
10.021781064826502,10.045476793897326,0.0217810648265027,0.045476793897324896
10.021446579650906,9.975917679636689,0.021446579650906183,-0.02408232036331099
10.021111842771711,10.022255133469693,0.02111184277171069,0.02225513346969401
10.02077685811749,10.017539830211035,0.020776858117490478,0.017539830211035026
10.020441629619727,10.049686664171132,0.020441629619727605,0.04968666417113135
10.020106161212766,10.036671455509099,0.020106161212766115,0.036671455509099435
10.019770456833765,10.045560915962627,0.019770456833765188,0.0455609159626268
10.019434520422655,10.02248911181586,0.01943452042265396,0.02248911181586032
10.019098355922084,10.052100533480251,0.01909835592208477,0.052100533480252176
10.018761967277387,10.001643445807096,0.018761967277386358,0.0016434458070956892
10.018425358436518,10.046558079986932,0.018425358436518612,0.04655807998693115
10.018088533350026,10.019766850513006,0.018088533350025537,0.01976685051300707
10.01775149597099,10.001530035813733,0.017751495970989236,0.0015300358137324277
10.017414250254983,10.036864029932742,0.017414250254982815,0.036864029932741266
10.017076800160025,9.988352814931103,0.01707680016002502,-0.011647185068897857
10.016739149646533,10.02022309806988,0.016739149646533058,0.02022309806988162
10.016401302677277,10.050261248347065,0.016401302677276505,0.050261248347064566
10.01606326321733,10.006380367018835,0.01606326321733006,0.006380367018835698
10.015725035234029,10.028151097117235,0.015725035234028094,0.028151097117235055
10.015386622696917,9.986530043262709,0.015386622696917521,-0.013469956737290364
10.015048029577711,10.014746682056076,0.015048029577710731,0.01474668205607609
10.01470925985024,10.023586289198679,0.014709259850239999,0.02358628919867986
10.01437031749041,10.019135221102859,0.01437031749041015,0.01913522110285858
10.014031206476153,10.039644443407825,0.014031206476152256,0.03964444340782564
10.013691930787376,10.028926828683213,0.013691930787376237,0.02892682868321371
10.013352494405925,9.992475796897553,0.013352494405925211,-0.007524203102447705
10.013012901315529,9.988444305737598,0.013012901315528068,-0.011555694262402173
10.012673155501753,10.030757848665363,0.01267315550175304,0.030757848665363623
10.01233326095196,9.961635006675637,0.012333260951960252,-0.0383649933243634
10.011993221655256,10.017340497115597,0.011993221655255971,0.017340497115597132
10.011653041602445,9.99275914906395,0.011653041602445246,-0.007240850936049325
10.011312724785984,10.012737369417149,0.011312724785984565,0.012737369417149598
10.010972275199936,10.053095373466201,0.010972275199936037,0.05309537346620039
10.01063169683992,9.973185556483072,0.010631696839919824,-0.02681444351692827
10.010290993703068,9.986420053389034,0.010290993703067592,-0.013579946610965177
10.009950169787976,10.018161641810673,0.009950169787974899,0.018161641810672806
10.009609229094655,10.01523465813804,0.009609229094655322,0.015234658138039332
10.009268175624493,10.008216065516427,0.00926817562449298,0.00821606551642724
10.008927013380195,10.014492935063931,0.00892701338019505,0.014492935063931064
10.008585746365746,10.015035590435389,0.008585746365745843,0.015035590435389191
10.00824437858636,10.004153326961424,0.008244378586359109,0.004153326961422915
10.007902914048431,10.022910800384446,0.007902914048431381,0.02291080038444543
10.007561356759494,9.99476107854449,0.0075613567594942505,-0.005238921455509117
10.007219710728169,10.017361968851912,0.007219710728168394,0.017361968851910912
10.006877979964116,9.99874872696026,0.006877979964115818,-0.0012512730397406663
10.006536168477993,10.048992697651666,0.006536168477993154,0.04899269765166652
10.006194280281404,10.005983916537646,0.006194280281403886,0.005983916537646043
10.005852319386852,10.024251762415572,0.00585231938685232,0.024251762415571622
10.005510289807695,9.949658037100656,0.005510289807695973,-0.050341962899344214
10.005168195558097,10.016557198466794,0.005168195558097931,0.016557198466792954
10.004826040652981,10.001847212878864,0.004826040652980805,0.001847212878863681
10.00448382910798,10.00944309700136,0.0044838291079788975,0.00944309700136121
10.004141564939392,10.033702753986958,0.0041415649393914365,0.03370275398695832
10.003799252164134,9.985538253593585,0.003799252164134721,-0.014461746406414901
10.003456894799696,10.017081913258389,0.003456894799696044,0.01708191325838988
10.003114496864086,9.991124428950695,0.0031144968640858355,-0.008875571049305088
10.00277206237579,9.992698351949443,0.0027720623757908577,-0.007301648050557771
10.002429595353727,10.03022684526978,0.0024295953537263344,0.030226845269780755
10.00208709981719,10.001878295899017,0.0020870998171898464,0.001878295899017336
10.001744579785814,9.989731905357303,0.0017445797858136312,-0.010268094642697411
10.001402039279517,9.994640533817558,0.0014020392795168716,-0.005359466182442091
10.00105948231846,10.025319667578026,0.0010594823184595828,0.02531966757802684
10.000716912922995,10.010056186876426,0.0007169129229947208,0.010056186876425682
10.000374335113621,10.031360547507001,0.0003743351136213534,0.031360547507000174
10.000031752910937,9.968007185912233,3.175291093676325e-05,-0.03199281408776607
9.999689170335591,9.983816689539752,-0.00031082966440967256,-0.016183310460247
9.999346591408235,9.983501094573922,-0.0006534085917643808,-0.016498905426077907
9.999004020149483,9.986347000488704,-0.000995979850516425,-0.013652999511295168
9.998661460579855,10.044018075131863,-0.0013385394201454023,0.044018075131863045
9.998318916719732,9.996703064157506,-0.001681083280267564,-0.0032969358424939843
9.997976392589317,10.03462447776435,-0.002023607410683533,0.03462447776434977
9.997633892208574,9.996776443338149,-0.0023661077914260194,-0.003223556661850275
9.997291419597195,9.970372654050191,-0.0027085804028059326,-0.029627345949808793
9.99694897877454,9.971240948065615,-0.0030510212254602712,-0.02875905193438484
9.996606573759601,10.020635018140895,-0.003393426240398937,0.02063501814089574
9.996264208570947,10.011656066228975,-0.0037357914290526146,0.011656066228973772
9.99592188722668,10.000808850665416,-0.004078112773318871,0.0008088506654167294
9.99557961374439,9.962401010227007,-0.00442038625561002,-0.0375989897729935
9.9952373921411,10.01078533008646,-0.004762607858899922,0.01078533008646013
9.994895226433227,9.988659403594845,-0.005104773566771835,-0.011340596405154653
9.994553120636535,10.024684664782377,-0.0054468793634644954,0.024684664782377998
9.99421107876608,10.012585114655126,-0.00578892123391977,0.012585114655126161
9.99386910483617,10.031973301580532,-0.006130895163830319,0.031973301580531514
9.993527202860314,9.959396881226587,-0.00647279713968564,-0.04060311877341285
9.99318537685118,10.00950762260925,-0.006814623148819883,0.00950762260925139
9.992843630820541,10.001877817548845,-0.007156369179458591,0.0018778175488453827
9.992501968779234,9.964986294491181,-0.007498031220766488,-0.03501370550881891
9.992160394737107,10.015859869097318,-0.007839605262893491,0.01585986909731804
9.991818912702978,10.007485426019374,-0.008181087297022481,0.007485426019373033
9.991477526684584,9.991264128015558,-0.008522473315415996,-0.00873587198444098
9.991136240688537,10.04794754247263,-0.008863759311463975,0.047947542472628474
9.99079505872027,9.988827173262642,-0.009204941279729715,-0.011172826737358353
9.990453984784002,10.005177079664906,-0.00954601521599742,0.005177079664905935
9.99011302288268,9.972054622802535,-0.009886977117319718,-0.027945377197465284
9.989772177017937,9.96408971281768,-0.010227822982063586,-0.03591028718232008
9.989431451190041,9.945835555804885,-0.010568548809958013,-0.05416444419511518
9.98909084939786,9.964431945032095,-0.010909150602140604,-0.03556805496790463
9.988750375638794,9.97417509693453,-0.011249624361205217,-0.02582490306546984
9.988410033908751,9.963745682736588,-0.01158996609124781,-0.03625431726341131
9.988069828202086,10.030981009537653,-0.011930171797914056,0.03098100953765346
9.987729762511554,9.980603300220672,-0.01227023748844586,-0.019396699779328157
9.987389840828271,10.005375377305342,-0.01261015917172893,0.005375377305341751
9.987050067141661,9.986191781050438,-0.012949932858338559,-0.013808218949561501
9.986710445439414,9.994934041669303,-0.01328955456058697,-0.005065958330696563
9.986370979707429,9.969318945406398,-0.013629020292570652,-0.030681054593601688
9.986031673929784,9.978519847798797,-0.01396832607021608,-0.021480152201202703
9.985692532088672,9.976595656883134,-0.01430746791132718,-0.023404343116865223
9.985353558164368,10.027133034683636,-0.014646441835631706,0.027133034683637293
9.985014756135172,10.014710755970153,-0.01498524386482867,0.014710755970153776
9.984676129977366,9.983067309392451,-0.01532387002263396,-0.01693269060754852
9.984337683665172,9.979677444129575,-0.015662316334827727,-0.020322555870425495
9.983999421170699,10.002205705269537,-0.016000578829300675,0.0022057052695370304
9.983661346463899,9.972258138291858,-0.016338653536101363,-0.027741861708141392
9.983323463512518,9.954183607340212,-0.01667653648748176,-0.045816392659787465
9.982985776282055,9.991348795985282,-0.01701422371794434,-0.008651204014718025
9.98264828873571,9.93715776901603,-0.01735171126428914,-0.06284223098396874
9.98231100483434,9.983788012495836,-0.017688995165659232,-0.016211987504163965
9.981973928536412,10.01116882418593,-0.018026071463587888,0.011168824185928919
9.981637063797955,10.022130888618577,-0.018362936202044714,0.022130888618576875
9.981300414572518,9.99559529143979,-0.018699585427482766,-0.004404708560210888
9.980963984811115,9.943606153959253,-0.019036015188883898,-0.05639384604074651
9.980627778462194,9.969678562189516,-0.019372221537805837,-0.03032143781048423
9.980291799471571,9.972519650835407,-0.019708200528428175,-0.027480349164592424
9.9799560517824,9.97534303370861,-0.02004394821759937,-0.024656966291390164
9.979620539335118,9.973925243563015,-0.020379460664881985,-0.026074756436985414
9.9792852660674,10.006510016402686,-0.02071473393259945,0.006510016402685004
9.978950235914118,9.959867156055155,-0.021049764085882806,-0.04013284394484386
9.978615452807285,9.98416694905126,-0.021384547192715833,-0.015833050948739213
9.978280920676019,9.98252402831831,-0.021719079323981896,-0.01747597168168997
9.97794664344649,9.970251482407496,-0.022053356553509717,-0.029748517592503507
9.97761262504188,9.944603733413617,-0.02238737495812014,-0.05539626658638406
9.977278869382328,9.963692319544839,-0.022721130617671143,-0.03630768045516154
9.976945380384896,9.968875036359181,-0.023054619615104348,-0.03112496364081812
9.976612161963509,9.960249134574987,-0.02338783803649154,-0.039750865425013576
9.976279218028921,9.988182793456092,-0.02372078197107953,-0.01181720654390759
9.975946552488663,10.001097946253024,-0.024053447511336777,0.0010979462530241874
9.975614169247,9.949820874334613,-0.024385830752998883,-0.05017912566538808
9.975282072204886,9.988715346426268,-0.024717927795115113,-0.01128465357373109
9.974950265259906,9.956202666083682,-0.02504973474009313,-0.04379733391631885
9.974618752306254,9.998378831548983,-0.025381247693745453,-0.001621168451016678
9.974287537234666,9.995266002813946,-0.025712462765334784,-0.004733997186055109
9.973956623932379,9.993387389846898,-0.02604337606762039,-0.006612610153102747
9.973626016283097,9.972799090206955,-0.02637398371690268,-0.02720090979304422
9.97329571816693,9.996146443543914,-0.026704281833069277,-0.003853556456086777
9.97296573346036,9.990319547009259,-0.027034266539641125,-0.00968045299074156
9.972636066036182,9.972567780183866,-0.027363933963816894,-0.027432219816133866
9.97230671976348,9.965244369648364,-0.02769328023651918,-0.03475563035163562
9.97197769850756,9.978809373845946,-0.028022301492439512,-0.021190626154054152
9.971649006129915,9.97755853557416,-0.02835099387008444,-0.022441464425840177
9.97132064648818,9.965062340713644,-0.028679353511819824,-0.034937659286356844
9.970992623436084,9.967001364666011,-0.029007376563916772,-0.0329986353339886
9.970664940823404,9.964445074197448,-0.02933505917659654,-0.0355549258025524
9.970337602495924,9.964764326931704,-0.029662397504076413,-0.03523567306829638
9.970010612295386,9.969862029803942,-0.029989387704613776,-0.030137970196058392
9.969683974059448,9.986904385705683,-0.030316025940551758,-0.013095614294316327
9.969357691621635,9.963813523831693,-0.030642308378364753,-0.03618647616830726
9.969031768811298,9.988382971721544,-0.030968231188702407,-0.011617028278455756
9.968706209453565,9.989284241147134,-0.031293790546435225,-0.010715758852866394
9.968381017369301,9.983163845099023,-0.03161898263069914,-0.016836154900976744
9.96805619637506,9.939964284485061,-0.03194380362494103,-0.060035715514938345
9.967731750283038,9.954393931217188,-0.032268249716962474,-0.045606068782812224
9.967407682901035,9.929420695309178,-0.0325923170989652,-0.07057930469082192
9.967083998032404,9.99448371493153,-0.03291600196759543,-0.005516285068469441
9.96676069947601,9.982949214594939,-0.033239300523989164,-0.01705078540506132
9.966437791026184,9.95336098829256,-0.033562208973815795,-0.04663901170743846
9.966115276472676,9.962259121165822,-0.03388472352732312,-0.037740878834178454
9.965793159600617,9.990571426920019,-0.03420684039938232,-0.009428573079980962
9.965471444190468,9.963354528855344,-0.034528555809531396,-0.03664547114465642
9.96515013401798,9.976250703689015,-0.03484986598202019,-0.023749296310985463
9.964829232854145,9.928710981820187,-0.035170767145854355,-0.07128901817981334
9.96450874446516,9.967924888151552,-0.035491255534840324,-0.03207511184844817
9.964188672612371,9.998528511330973,-0.035811327387628454,-0.0014714886690276804
9.963869021052242,9.927290732646519,-0.03613097894775788,-0.0727092673534811
9.9635497935363,9.953606212195577,-0.03645020646370026,-0.04639378780442312
9.963230993811095,9.930598102658555,-0.03676900618890444,-0.06940189734144546
9.962912625618161,9.918194966789532,-0.037087374381839476,-0.08180503321046889
9.96259469269396,9.962302217381534,-0.037405307306038985,-0.03769778261846626
9.962277198769854,10.00078731173151,-0.03772280123014556,0.0007873117315113365
9.961960147572047,9.931890750469835,-0.038039852427953526,-0.06810924953016491
9.961643542821546,9.965847157402747,-0.038356457178453346,-0.03415284259725312
9.961327388234125,9.981960307570763,-0.03867261176587494,-0.01803969242923759
9.961011687520267,9.937391842487342,-0.038988312479732,-0.06260815751265791
9.960696444385135,9.944124490233893,-0.03930355561486452,-0.05587550976610754
9.960381662528517,9.970554409521977,-0.03961833747148292,-0.029445590478022945
9.96006734564479,9.954533991906422,-0.03993265435521118,-0.04546600809357934
9.959753497422868,9.966047630059615,-0.04024650257713083,-0.033952369940384794
9.959440121546177,9.969494428840948,-0.04055987845382328,-0.030505571159052974
9.959127221692587,9.973391855748984,-0.04087277830741351,-0.026608144251015896
9.958814801534386,9.994680255007687,-0.04118519846561373,-0.0053197449923129345
9.958502864738234,9.960062380538796,-0.041497135261765544,-0.03993761946120501
9.958191414965116,9.96039244437057,-0.04180858503488359,-0.03960755562943111
9.957880455870303,9.975609906463783,-0.04211954412969819,-0.024390093536217117
9.9575699911033,9.964371992908527,-0.04243000889669891,-0.03562800709147243
9.957260024307823,9.956439065496491,-0.0427399756921764,-0.04356093450350873
9.956950559121735,9.97817386022412,-0.04304944087826583,-0.02182613977588056
9.956641599177011,9.963061264399398,-0.04335840082298925,-0.03693873560060181
9.9563331480997,9.935035164631493,-0.04366685190029884,-0.06496483536850692
9.956025209509882,9.994208564863841,-0.04397479049011856,-0.005791435136158554
9.955717787021612,9.970622867037305,-0.04428221297838703,-0.029377132962694882
9.9554108842429,9.997017469523128,-0.04458911575710052,-0.0029825304768732602
9.955104504775646,9.963441910672344,-0.04489549522435426,-0.0365580893276562
9.954798652215615,9.940065279492927,-0.04520134778438539,-0.05993472050707341
9.954493330152385,9.983162817079844,-0.045506669847614846,-0.016837182920156
9.95418854216931,9.922767968647031,-0.04581145783069011,-0.07723203135296895
9.953884291843474,9.957438418877292,-0.0461157081565263,-0.04256158112270855
9.953580582745651,9.966611744831793,-0.04641941725434881,-0.03338825516820708
9.953277418440265,9.972361287515424,-0.04672258155973491,-0.027638712484575046
9.952974802485343,9.947043354082655,-0.04702519751465616,-0.052956645917345314
9.952672738432481,9.950226198456432,-0.04732726156751929,-0.04977380154356822
9.952371229826792,9.965684682505481,-0.04762877017320831,-0.034315317494518806
9.952070280206874,9.957863906029297,-0.047929719793126574,-0.042136093970702546
9.951769893104762,9.96366974658148,-0.048230106895237435,-0.036330253418520336
9.951470072045893,9.960304594941489,-0.04852992795410624,-0.039695405058511546
9.95117082054906,9.920551658341449,-0.048829179450941465,-0.0794483416585508
9.950872142126363,9.939043505685204,-0.049127857873636605,-0.06095649431479686
9.95057404028319,9.941834400585995,-0.04942595971681046,-0.05816559941400507
9.950276518518152,9.956949306555762,-0.04972348148184887,-0.043050693444237675
9.949979580323054,9.968604438823197,-0.05002041967694554,-0.03139556117680188
9.949683229182856,9.928871211301228,-0.050316770817143565,-0.07112878869877107
9.949387468575624,9.931048154431577,-0.05061253142437544,-0.06895184556842307
9.949092301972495,9.9392583701999,-0.05090769802750433,-0.06074162980009937
9.948797732837635,9.937212265997475,-0.05120226716236529,-0.06278773400252508
9.948503764628194,9.993440970551852,-0.051496235371804956,-0.006559029448148741
9.948210400794277,9.9460268230712,-0.051789599205722785,-0.05397317692879984
9.947917644778888,9.925638161913424,-0.05208235522111121,-0.07436183808657527
9.947625500017903,9.997467892290505,-0.05237449998209667,-0.0025321077094954056
9.94733396994002,9.967296022910459,-0.052666030059979,-0.03270397708954176
9.947043057966727,9.917058865716962,-0.05295694203327216,-0.08294113428303869
9.946752767512255,9.940325209902328,-0.05324723248774482,-0.05967479009767113
9.946463101983541,9.950807746374666,-0.053536898016459535,-0.04919225362533406
9.946174064780188,9.929654547331989,-0.053825935219813326,-0.07034545266801108
9.945885659294422,9.98849284765656,-0.05411434070557728,-0.011507152343439589
9.945597888911063,9.965473876034194,-0.05440211108893698,-0.03452612396580665
