Actual_Level,Predicted_Level,Actual_DeltaH,Predicted_DeltaH
10.0,9.98787855247683,0.0,-0.012121447523169666
10.000342582406287,10.008396986113228,0.00034258240628585497,0.008396986113226998
10.000685160791921,9.971281353665969,0.000685160791920121,-0.028718646334030904
10.001027731136299,10.011531286186115,0.0010277311362983969,0.011531286186115328
10.00137028941891,9.991724903677419,0.0013702894189106557,-0.008275096322580881
10.001712831619388,9.986587909335809,0.0017128316193884313,-0.013412090664191497
10.002055353717552,9.975825700340053,0.002055353717552003,-0.024174299659947163
10.002397851693457,10.002383391241741,0.0023978516934575755,0.0023833912417414193
10.002740321527444,10.019873481355573,0.0027403215274444614,0.019873481355571997
10.003082759200183,10.000074139833407,0.003082759200182254,7.413983340669216e-05
10.003425160692718,10.041394301993034,0.003425160692718001,0.04139430199303307
10.003767521986523,9.965381647092538,0.0037675219865233745,-0.0346183529074612
10.004109839063542,9.975052040737877,0.004109839063541827,-0.02494795926212244
10.004452107906236,9.96956971285615,0.004452107906235755,-0.030430287143850515
10.004794324497635,10.007661373142668,0.004794324497633649,0.0076613731426669295
10.005136484821378,9.996349165620485,0.005136484821377232,-0.0036508343795150517
10.005478584861768,10.001226551663574,0.005478584861768609,0.001226551663574299
10.005820620603817,10.012834937764378,0.00582062060381738,0.012834937764377205
10.006162588033288,9.985006284640868,0.006162588033287777,-0.014993715359131835
10.006504483136746,9.96518258628089,0.006504483136745765,-0.034817413719111144
10.006846301901605,10.001018143296989,0.006846301901606152,0.0010181432969878163
10.00718804031618,10.010154309438375,0.007188040316179677,0.010154309438374948
10.00752969436972,10.00027781622147,0.007529694369720096,0.0002778162214695989
10.007871260052472,10.016913395964913,0.00787126005247125,0.01691339596491342
10.008212733355714,10.017939418912725,0.008212733355714126,0.017939418912724485
10.008554110271813,10.0282546152019,0.00855411027181391,0.028254615201901277
10.008895386794267,9.988370563918213,0.008895386794267011,-0.011629436081786296
10.009236558917747,10.01678121222954,0.009236558917748093,0.01678121222954082
10.009577622638156,10.023033738944987,0.009577622638157077,0.023033738944987323
10.009918573952666,10.020727349351617,0.00991857395266613,0.020727349351616853
10.010259408859767,10.014409157430883,0.010259408859766657,0.014409157430883794
10.010600123359316,10.008004295977017,0.01060012335931625,0.008004295977017281
10.010940713452586,9.99118269941701,0.010940713452585647,-0.008817300582989743
10.011281175142306,9.999950030430853,0.011281175142305647,-4.9969569147115256e-05
10.011621504432714,10.005563759761849,0.011621504432714043,0.005563759761848144
10.011961697329603,10.022869426573163,0.011961697329602498,0.022869426573162342
10.012301749840363,9.992064058392511,0.012301749840363434,-0.007935941607488168
10.012641657974036,9.997289261749287,0.012641657974036888,-0.0027107382507128887
10.012981417741358,10.029451923871369,0.012981417741357349,0.029451923871368434
10.0133210251548,10.024284624005917,0.013321025154800584,0.024284624005916595
10.01366047622863,10.043423020741765,0.01366047622863042,0.04342302074176378
10.013999766978946,10.002738845769109,0.013999766978945546,0.002738845769108565
10.014338893423727,10.007396857685888,0.014338893423726249,0.007396857685888734
10.014677851582881,10.036055368929789,0.014677851582881164,0.03605536892978966
10.015016637478293,10.01124767140808,0.01501663747829396,0.011247671408079446
10.01535524713387,9.958517003370497,0.015355247133870068,-0.04148299662950189
10.015693676575584,10.014092760671915,0.015693676575583307,0.014092760671914341
10.016031921831523,10.013218252431024,0.01603192183152255,0.013218252431023748
10.01636997893194,10.018900898651703,0.016369978931938325,0.018900898651702067
10.01670784390929,10.01964302337043,0.016707843909289418,0.019643023370429516
10.017045512798289,10.04726939178951,0.017045512798289416,0.04726939178950848
10.017382981635953,10.035743938699852,0.01738298163595327,0.03574393869985233
10.017720246461645,10.011139892602515,0.017720246461643795,0.011139892602513753
10.018057303317118,10.006635711309462,0.018057303317118148,0.006635711309462966
10.018394148246575,10.009117969772213,0.018394148246574288,0.009117969772211751
10.018730777296698,10.027896515863642,0.01873077729669741,0.027896515863642612
10.019067186516706,10.021022548005657,0.019067186516706316,0.021022548005657168
10.0194033719584,9.978442425230195,0.019403371958399827,-0.021557574769804008
10.019739329676202,10.01660753833902,0.019739329676203073,0.01660753833901946
10.020075055727213,10.015503404083434,0.020075055727213836,0.015503404083433427
10.020410546171249,10.012023218291775,0.02041054617124879,0.0120232182917747
10.020745797070889,10.01649619597248,0.020745797070889794,0.01649619597247949
10.02108080449153,10.056988257643455,0.021080804491530047,0.056988257643455706
10.021415564501421,10.011140800440335,0.021415564501420306,0.01114080044033495
10.021750073171715,9.991945489148556,0.02175007317171501,-0.008054510851443417
10.022084326576518,10.022280970543003,0.02208432657651839,0.022280970543002866
10.02241832079293,10.009991768413407,0.022418320792930574,0.009991768413407069
10.022752051901094,10.020245029829244,0.022752051901093577,0.02024502982924366
10.023085515984237,10.026073564332908,0.02308551598423735,0.026073564332908233
10.023418709128725,9.992537551482146,0.023418709128725717,-0.0074624485178534025
10.023751627424103,10.00673889311778,0.023751627424102337,0.00673889311777939
10.024084266963136,10.014801681336417,0.02408426696313657,0.014801681336416428
10.02441662384187,10.044484190824269,0.02441662384186935,0.04448419082426904
10.024748694159658,10.050625531909933,0.024748694159659003,0.05062553190993253
10.025080474019227,10.058580721383565,0.025080474019227,0.0585807213835659
10.025411959526703,10.019307708099335,0.025411959526703755,0.019307708099335068
10.025743146791674,10.021174441502358,0.02574314679167425,0.02117444150235863
10.026074031927223,10.039309998035268,0.026074031927223768,0.03930999803526878
10.026404611049983,10.064288647046455,0.026404611049983436,0.06428864704645423
10.026734880280175,9.993821298028704,0.02673488028017587,-0.006178701971296205
10.02706483574166,10.017846385030785,0.027064835741660676,0.01784638503078382
10.02739447356198,9.998608848074568,0.027394473561979937,-0.001391151925431395
10.027723789872404,10.0054918930535,0.027723789872403665,0.0054918930535007605
10.028052780807975,10.02258834839694,0.028052780807975228,0.022588348396940613
10.028381442507557,10.024425387817246,0.02838144250755667,0.024425387817245747
10.028709771113874,10.016221820021466,0.028709771113874072,0.01622182002146503
10.029037762773562,10.021107305998674,0.02903776277356279,0.02110730599867365
10.029365413637212,10.03945348098056,0.029365413637212668,0.039453480980559945
10.029692719859414,10.027631357938915,0.029692719859413276,0.027631357938916117
10.0300196775988,10.001395157867035,0.030019677598798967,0.0013951578670361037
10.030346283018094,10.002154803307947,0.030346283018094018,0.0021548033079479556
10.030672532284157,10.027111094757243,0.030672532284157616,0.027111094757244363
10.030998421568029,10.043737555215591,0.0309984215680289,0.04373755521559091
10.031323947044973,10.010685782802483,0.03132394704497186,0.010685782802482845
10.03164910489452,10.0445309408547,0.03164910489452021,0.044530940854700364
10.031973891300522,9.997142154712984,0.03197389130052229,-0.0028578452870153745
10.032298302451185,10.043522600972278,0.03229830245118579,0.04352260097227772
10.032622334539122,10.028560647659424,0.03262233453912252,0.028560647659423177
10.032945983761394,10.013517322933145,0.0329459837613931,0.01351732293314446
10.033269246319552,10.057210065050562,0.03326924631955153,0.05721006505056112
10.03359211841969,10.04519924401166,0.03359211841968988,0.045199244011661616
10.033914596272483,10.091383995309249,0.03391459627248271,0.09138399530924833
10.034236676093231,10.029141283243256,0.034236676093231604,0.02914128324325583
10.03455835410191,10.021646038331966,0.034558354101909564,0.021646038331966176
10.034879626523205,9.99655202992935,0.034879626523205386,-0.00344797007064844
10.035200489586568,10.02030558040317,0.035200489586567976,0.020305580403169488
10.03552093952625,10.05094138885256,0.03552093952625057,0.05094138885256106
10.035840972581354,10.056712372357953,0.035840972581354956,0.056712372357953664
10.036160584995876,10.057010731526448,0.0361605849958756,0.05701073152644914
10.036479773018744,10.061619376809366,0.03647977301874376,0.06161937680936684
10.036798532903871,10.024661305779972,0.03679853290387144,0.024661305779971956
10.037116860910196,10.06274091253839,0.03711686091019544,0.06274091253838962
10.03743475330172,10.040650381578812,0.037434753301721205,0.040650381578811665
10.037752206347566,10.042489881825711,0.03775220634756668,0.04248988182571067
10.038069216322006,10.018602764656256,0.03806921632200612,0.01860276465625611
10.038385779504514,10.054835886743398,0.038385779504513794,0.05483588674339671
10.038701892179807,10.053196994064853,0.038701892179807657,0.05319699406485305
10.039017550637894,10.018839880470289,0.039017550637892945,0.018839880470289325
10.039332751174106,10.035470171619757,0.03933275117410576,0.03547017161975624
10.039647490089157,10.031477052248205,0.03964749008915646,0.031477052248205004
10.039961763689174,10.061735933238841,0.03996176368917318,0.061735933238842015
10.040275568285745,10.059168392380045,0.040275568285745106,0.05916839238004459
10.040588900195965,10.064823376388258,0.04058890019596581,0.06482337638825725
10.040901755742476,10.033864286450529,0.04090175574247643,0.033864286450528074
10.04121413125351,10.030226259206156,0.04121413125350888,0.030226259206156347
10.041526023062929,10.029236962911702,0.0415260230629289,0.029236962911701463
10.041837427510279,10.042877318231664,0.04183742751027911,0.04287731823166333
10.042148340940821,10.067342873367146,0.04214834094082195,0.06734287336714566
10.042458759705582,10.054034477553362,0.04245875970558258,0.05403447755336248
10.042768680161391,10.0525240181774,0.04276868016139172,0.05252401817739839
10.043078098670929,10.072836739957875,0.043078098670928405,0.07283673995787515
10.043387011602762,10.029395292009605,0.04338701160276265,0.029395292009604383
10.043695415331397,10.037744286365388,0.04369541533139806,0.03774428636538909
10.044003306237315,10.030553998092564,0.04400330623731446,0.03055399809256458
10.04431068070701,10.033547770670737,0.044310680707010275,0.03354777067073605
10.044617535133044,10.05571647300162,0.044617535133045,0.05571647300161993
10.04492386591408,10.056776522414971,0.044923865914081505,0.05677652241497081
10.045229669454928,10.077805274135143,0.045229669454928345,0.0778052741351424
10.045534942166581,10.059835495979177,0.04553494216658191,0.0598354959791775
10.045839680466269,10.028064201704115,0.04583968046626856,0.028064201704115502
10.046143880777487,10.03347994507587,0.04614388077748668,0.0334799450758692
10.046447539530048,10.063856309586457,0.046447539530048654,0.0638563095864576
10.046750653160123,10.054366363216996,0.04675065316012276,0.05436636321699552
10.047053218110275,10.076868827878478,0.04705321811027502,0.07686882787847746
10.047355230829512,10.065141056141742,0.04735523082951089,0.06514105614174183
10.047656687773317,10.047498541725984,0.04765668777331701,0.04749854172598409
10.047957585403703,10.029059468580051,0.04795758540370276,0.02905946858005157
10.048257920189242,10.04614842869585,0.0482579201892418,0.046148428695849286
10.048557688605113,10.051406764246803,0.04855768860511349,0.051406764246803426
10.048856887133145,10.044993378830526,0.04885688713314429,0.04499337883052631
10.04915551226185,10.085022579983656,0.049155512261849034,0.08502257998365609
10.049453560486473,10.026368738171557,0.049453560486472155,0.02636873817155699
10.049751028309029,10.057307655337308,0.0497510283090288,0.05730765533730864
10.050047912238346,10.034080270774941,0.050047912238345885,0.0340802707749421
10.050344208790102,10.054132054046098,0.050344208790103095,0.05413205404609745
10.050639914486874,10.044121837921091,0.050639914486873716,0.0441218379210921
10.050935025858166,10.077679731731902,0.05093502585816556,0.07767973173190242
10.051229539440461,10.07166874412867,0.05122953944046155,0.07166874412867028
10.05152345177726,10.050198374613721,0.051523451777260476,0.050198374613720745
10.051816759419118,10.05629473093071,0.051816759419117536,0.05629473093070991
10.052109458923685,10.07682970113108,0.05210945892368479,0.0768297011310809
10.052401546855751,10.012455901008003,0.052401546855751616,0.012455901008003964
10.052693019787284,10.072165525429854,0.05269301978728496,0.07216552542985377
10.05298387429747,10.063445311478757,0.05298387429746959,0.0634453114787574
10.053274106972749,10.044230866106581,0.05327410697274833,0.044230866106580696
10.053563714406861,10.048162465491849,0.053563714406861966,0.04816246549184986
10.05385269320089,10.080914843527243,0.05385269320088934,0.08091484352724243
10.054141039963287,10.054617271534047,0.05414103996328721,0.05461727153404656
10.05442875130993,10.053371164004409,0.054428751309930024,0.0533711640044081
10.05471582386415,10.041048341622144,0.05471582386414972,0.041048341622143124
10.055002254256776,10.049375048155365,0.05500225425677522,0.04937504815536609
10.055288039126172,10.076276983699415,0.05528803912617211,0.07627698369941452
10.055573175118282,10.053501851154664,0.055573175118282005,0.053501851154663486
10.055857658886662,10.044710095383417,0.05585765888666196,0.04471009538341711
10.056141487092523,10.057312304103453,0.05614148709252373,0.05731230410345228
10.056424656404772,10.054739640155367,0.0564246564047729,0.054739640155366184
10.056707163500048,10.060763448478854,0.0567071635000481,0.06076344847885425
10.05698900506276,10.058369360277657,0.05698900506275992,0.05836936027765717
10.05727017778513,10.064844512821447,0.05727017778512981,0.06484451282144665
10.057550678367228,10.065274176750586,0.05755067836722896,0.0652741767505859
10.057830503517017,10.076621924048865,0.05783050351701701,0.07662192404886566
10.058109649950381,10.03458821001017,0.05810964995038066,0.03458821001017093
10.058388114391173,10.086733609408578,0.05838811439117228,0.08673360940857684
10.058665893571249,10.077041537728245,0.05866589357124823,0.07704153772824623
10.058942984230507,10.032355241789649,0.05894298423050736,0.03235524178964906
10.059219383116929,10.01880748197721,0.0592193831169292,0.01880748197721062
10.059495086986612,10.075175663837854,0.05949508698661215,0.0751756638378532
10.059770092603811,10.071059227415093,0.05977009260381149,0.0710592274150921
10.060044396740977,10.08500067965075,0.060044396740977446,0.08500067965075156
10.060317996178792,10.058341919599195,0.06031799617879302,0.05834191959919491
10.060590887706212,10.077986225664,0.060590887706211786,0.077986225664001
10.060863068120495,10.031846243543228,0.06086306812049555,0.03184624354322844
10.061134534227252,10.070331755442997,0.06113453422725196,0.07033175544299576
10.061405282840472,10.052332326806425,0.061405282840472024,0.05233232680642502
10.061675310782567,10.066101996778736,0.06167531078256744,0.06610199677873656
10.061944614884409,10.05914089985583,0.061944614884407945,0.05914089985582953
10.062213191985359,10.069821229076757,0.062213191985358476,0.06982122907675689
10.062481038933317,10.060225903091833,0.062481038933316274,0.06022590309183332
10.062748152584748,10.046026364548018,0.06274815258474788,0.046026364548017604
10.063014529804725,10.086747726127538,0.06301452980472602,0.0867477261275372
10.063280167466967,10.0924868620173,0.0632801674669664,0.09248686201729968
10.063545062453864,10.029620465866993,0.06354506245386445,0.02962046586699281
10.063809211656531,10.056402564561827,0.06380921165653178,0.056402564561826254
10.064072611974833,10.071079141506504,0.06407261197483283,0.0710791415065038
10.06433526031742,10.08049325381844,0.06433526031742112,0.08049325381844069
10.064597153601776,10.023356932140052,0.06459715360177562,0.023356932140052848
10.064858288754237,10.03881418313405,0.06485828875423688,0.03881418313405123
10.065118662710043,10.054850873546021,0.06511866271004312,0.05485087354602129
10.065378272413366,10.07410894918281,0.06537827241336619,0.07410894918281012
10.065637114817347,10.095874554015579,0.06563711481734745,0.09587455401557934
10.065895186884134,10.035015668385439,0.06589518688413351,0.035015668385438264
10.066152485584912,10.078556298974888,0.0661524855849119,0.07855629897488839
10.066409007899946,10.090808811408003,0.0664090078999466,0.09080881140800295
10.066664750818614,10.076825508855826,0.06666475081861349,0.07682550885582617
10.066919711339436,10.068157511456617,0.06691971133943572,0.06815751145661657
10.067173886470119,10.060676173907446,0.06717388647011883,0.060676173907445084
10.067427273227587,10.088009564325434,0.067427273227586,0.08800956432543477
10.067679868638013,10.118602175318541,0.06767986863801298,0.11860217531854125
10.067931669736863,10.07663902657849,0.06793166973686297,0.07663902657849067
10.068182673568922,10.055266208439484,0.06818267356892155,0.05526620843948367
10.06843287718833,10.072428013158332,0.06843287718833115,0.0724280131583325
10.068682277658626,10.074213959822389,0.0686822776586258,0.0742139598223896
10.068930872052766,10.09302319672738,0.06893087205276556,0.09302319672737916
10.06917865745317,10.072261848085196,0.0691786574531708,0.07226184808519662
10.069425630951756,10.061038438958851,0.06942563095175645,0.06103843895885104
10.069671789649966,10.0615972861642,0.0696717896499663,0.06159728616420099
10.069917130658807,10.050999539699108,0.06991713065880674,0.050999539699107435
10.07016165109888,10.060002296674801,0.07016165109888091,0.06000229667480126
10.070405348100422,10.08406314470511,0.07040534810042236,0.08406314470510987
10.07064821880333,10.084177971019457,0.07064821880332872,0.0841779710194569
10.070890260357196,10.080357397867933,0.07089026035719542,0.08035739786793428
10.07113146992135,10.087997082802866,0.07113146992134893,0.087997082802866
10.07137184466488,10.087138933516814,0.07137184466488027,0.08713893351681287
10.071611381766678,10.089302519113536,0.07161138176667815,0.0893025191135359
10.071850078415462,10.070446404175058,0.0718500784154621,0.07044640417505851
10.072087931809815,10.040555046528324,0.07208793180981543,0.04055504652832459
10.072324939158218,10.062098519689737,0.07232493915821822,0.06209851968973697
10.07256109767908,10.086004996513317,0.07256109767907991,0.08600499651331774
10.072796404600773,10.046085179158489,0.07279640460077212,0.046085179158487935
10.073030857161662,10.064508200219594,0.07303085716166102,0.06450820021959364
10.07326445261014,10.080890263575846,0.0732644526101399,0.08089026357584558
10.073497188204662,10.050839745914537,0.07349718820466133,0.050839745914537146
10.07372906121377,10.067383694949573,0.0737290612137694,0.06738369494957226
10.073960068916131,10.084776866883177,0.07396006891613177,0.08477686688317648
10.074190208600571,10.091488234977719,0.0741902086005716,0.09148823497771927
10.0744194775661,10.084111638680236,0.07441947756609935,0.0841116386802367
10.074647873121945,10.067106448362047,0.07464787312194456,0.06710644836204634
10.074875392587588,10.065560275946515,0.07487539258758732,0.06556027594651449
10.07510203329279,10.069268285316294,0.0751020332927898,0.06926828531629393
10.075327792577628,10.073195158069375,0.07532779257762759,0.07319515806937481
10.07555266779252,10.085599339086553,0.07555266779252084,0.08559933908655264
10.075776656298265,10.117088939419805,0.07577665629826551,0.11708893941980497
10.075999755466064,10.071810774810828,0.07599975546606415,0.0718107748108279
10.076221962677558,10.112655718549336,0.07622196267755689,0.11265571854933526
10.076443275324852,10.072342005720085,0.07644327532485216,0.07234200572008437
10.076663690810557,10.073831363194213,0.07666369081055724,0.07383136319421284
10.076883206547809,10.061811466553534,0.07688320654780875,0.061811466553533964
10.077101819960303,10.122295333487045,0.07710181996030309,0.12229533348704463
10.077319528482327,10.08773411334957,0.07731952848232657,0.08773411334957139
10.077536329558786,10.063976015958756,0.07753632955878559,0.06397601595875603
10.077752220645237,10.101616442471078,0.07775222064523657,0.1016164424710779
10.077967199207915,10.074060567563585,0.07796719920791595,0.07406056756358499
10.07818126272377,10.112216706020295,0.07818126272376973,0.11221670602029443
10.078394408680483,10.049582630443634,0.0783944086804832,0.04958263044363406
10.078606634576511,10.115949609979099,0.0786066345765104,0.11594960997909859
10.078817937921103,10.103564121961085,0.07881793792110356,0.10356412196108465
10.079028316234343,10.076266171290456,0.07902831623434213,0.07626617129045614
10.079237767047163,10.076178861335872,0.0792377670471621,0.07617886133587184
10.079446287901385,10.110837793650642,0.07944628790138483,0.11083779365064277
10.079653876349745,10.082541531395652,0.07965387634974604,0.08254153139565185
10.079860529955925,10.073744140004816,0.07986052995592435,0.07374414000481681
10.080066246294571,10.063305189593015,0.08006624629457006,0.0633051895930146
10.080271022951333,10.069053755460073,0.08027102295133345,0.06905375546007367
10.080474857522892,10.052937264303639,0.08047485752289325,0.05293726430363769
10.080677747616985,10.044283540676519,0.08067774761698476,0.04428354067651844
10.080879690852427,10.069972139542653,0.08087969085242798,0.06997213954265269
10.081080684859156,10.058667566751375,0.0810806848591555,0.05866756675137451
10.08128072727824,10.066183551348058,0.08128072727824039,0.06618355134805755
10.081479815761924,10.073881442858957,0.08147981576192379,0.07388144285895709
10.081677947973642,10.070901706073514,0.08167794797364254,0.07090170607351298
10.081875121588057,10.073644954171398,0.08187512158805663,0.07364495417139802
10.082071334291076,10.140880738518408,0.08207133429107635,0.14088073851840896
10.082266583779889,10.08548821460736,0.0822665837798896,0.08548821460735923
10.08246086776299,10.082082551351268,0.08246086776298883,0.08208255135126838
10.082654183960198,10.118706569527067,0.08265418396019797,0.11870656952706689
10.0828465301027,10.101588550869764,0.0828465301026992,0.10158855086976387
10.083037903933059,10.09766078824037,0.0830379039330595,0.09766078824037017
10.083228303205257,10.098661637383428,0.08322830320525727,0.09866163738342817
10.083417725684708,10.066884535188516,0.08341772568470858,0.06688453518851588
10.083606169148293,10.071278496950585,0.08360616914829344,0.07127849695058595
10.083793631384381,10.097046318053572,0.08379363138438191,0.0970463180535725
10.08398011019286,10.055913359889843,0.08398011019286002,0.055913359889842376
10.084165603385156,10.077486956410995,0.0841656033851556,0.07748695641099522
10.084350108784264,10.085585422799523,0.08435010878426397,0.08558542279952373
10.084533624224774,10.057593270964379,0.08453362422477351,0.05759327096437887
10.084716147552891,10.124205363917953,0.08471614755289107,0.12420536391795355
10.084897676626467,10.079382394873576,0.08489767662646719,0.07938239487357672
10.085078209315022,10.077421577205772,0.08507820931502132,0.0774215772057725
10.085257743499767,10.109802587860072,0.08525774349976675,0.10980258786007234
10.085436277073635,10.08303329369423,0.08543627707363555,0.08303329369423011
10.085613807941304,10.083418618818978,0.08561380794130327,0.08341861881897814
10.085790334019213,10.104211564176964,0.0857903340192135,0.10421156417696331
10.085965853235603,10.06231697316127,0.08596585323560235,0.062316973161269065
10.086140363530523,10.095505505689426,0.08614036353052279,0.0955055056894253
10.086313862855869,10.104212989539757,0.08631386285586877,0.10421298953975636
10.086486349175399,10.09296985521172,0.0864863491753993,0.09296985521171933
10.086657820464762,10.086666210449172,0.08665782046476234,0.08666621044917254
10.086828274711518,10.089444187964295,0.08682827471151855,0.08944418796429508
10.086997709915165,10.078277063370273,0.08699770991516492,0.07827706337027165
10.087166124087158,10.096258801403836,0.0871661240871582,0.09625880140383689
10.087333515250938,10.089011427075043,0.08733351525093833,0.08901142707504335
10.087499881441952,10.087560447820161,0.08749988144195159,0.08756044782016192
10.087665220707674,10.12142694071876,0.08766522070767357,0.12142694071875917
10.087829531107632,10.11013163514914,0.08782953110763231,0.11013163514913923
10.08799281071343,10.054940040031784,0.08799281071343078,0.054940040031784855
10.08815505760877,10.057217544321762,0.08815505760876974,0.05721754432176254
10.08831626988947,10.076420811048047,0.08831626988947021,0.0764208110480478
10.088476445663495,10.100092706176335,0.08847644566349565,0.10009270617633528
10.088635583050975,10.098535068987287,0.08863558305097434,0.09853506898728706
10.08879368018422,10.0901193816771,0.08879368018422137,0.09011938167710086
10.08895073520776,10.091666404521735,0.08895073520776059,0.09166640452173601
10.089106746278347,10.084178334134087,0.08910674627834633,0.0841783341340878
10.089261711564985,10.080811464747253,0.08926171156498512,0.08081146474725204
10.089415629248958,10.059766334176082,0.08941562924895707,0.05976633417608274
10.089568497523837,10.098665176573906,0.08956849752383733,0.09866517657390543
10.089720314595517,10.072928801960115,0.08972031459551717,0.07292880196011482
10.089871078682226,10.084679083999152,0.08987107868222519,0.0846790839991516
10.090020788014549,10.07382963579164,0.09002078801454806,0.07382963579163963
10.090169440835451,10.087109748860414,0.09016944083545142,0.08710974886041416
10.0903170354003,10.089675009614808,0.09031703540030042,0.08967500961480819
10.09046356997688,10.117183056253543,0.09046356997688025,0.11718305625354249
10.090609042845417,10.08955126555557,0.09060904284541643,0.0895512655555701
10.090753452298594,10.061966022458444,0.09075345229859501,0.061966022458444625
10.090896796641582,10.100218607857816,0.09089679664158262,0.10021860785781574
10.091039074192047,10.074079809171657,0.09103907419204632,0.07407980917165616
10.091180283280174,10.070517514040892,0.09118028328017341,0.07051751404089189
10.09132042224869,10.111033805902249,0.09132042224869097,0.11103380590224883
10.091459489452886,10.123567850218567,0.0914594894528853,0.12356785021856687
10.091597483260621,10.091170499839171,0.09159748326062134,0.09117049983917148
10.091734402052362,10.080774736066799,0.09173440205236164,0.08077473606679828
10.091870244221186,10.095412387678527,0.0918702442211855,0.09541238767852729
10.092005008172809,10.09609996544561,0.09200500817280784,0.09609996544561039
10.092138692325598,10.070178904141265,0.09213869232559779,0.07017890414126603
10.092271295110598,10.098029302296496,0.09227129511059741,0.0980293022964953
10.09240281497154,10.048104532741153,0.09240281497153995,0.04810453274115222
10.092533250364868,10.063167921984197,0.0925332503648682,0.06316792198419767
10.092662599759752,10.087679381284929,0.09266259975975265,0.08767938128492819
10.09279086163811,10.090253741452306,0.09279086163810932,0.09025374145230548
10.092918034494618,10.150070193909297,0.0929180344946177,0.15007019390929713
10.093044116836738,10.101488409078431,0.0930441168367384,0.10148840907843054
10.09316910718473,10.09556335405956,0.09316910718473055,0.09556335405955975
10.09329300407167,10.107433296334756,0.09329300407166935,0.10743329633475555
10.093415806043463,10.100573033062396,0.09341580604346314,0.10057303306239629
10.093537511658871,10.07442601638876,0.09353751165887053,0.07442601638875976
10.093658119489517,10.057978037996731,0.09365811948951731,0.057978037996732054
10.093777628119913,10.09867662591645,0.0937776281199132,0.09867662591644992
10.093896036147468,10.052362725472573,0.09389603614746847,0.05236272547257326
10.09401334218251,10.104333611133987,0.0940133421825104,0.10433361113398694
10.0941295448483,10.098883186851477,0.09412954484829957,0.09888318685147678
10.094244642781046,10.085795233133455,0.0942446427810461,0.08579523313345518
10.094358634629925,10.078637997976632,0.09435863462992551,0.07863799797663226
10.094471519057095,10.109108659578965,0.09447151905709475,0.10910865957896543
10.094583294737708,10.089760375586255,0.0945832947377077,0.08976037558625566
10.094693960359931,10.101154839109446,0.09469396035993094,0.10115483910944643
10.094803514624958,10.064813462632832,0.09480351462495895,0.06481346263283336
10.09491195624703,10.057726142481123,0.09491195624702947,0.05772614248112262
10.09501928395344,10.121338312467705,0.09501928395343856,0.12133831246770521
10.095125496484556,10.123984592589316,0.09512549648455554,0.12398459258931677
10.095230592593838,10.080361404053972,0.09523059259383773,0.08036140405397199
10.095334571047845,10.103373566339808,0.09533457104784517,0.10337356633980782
10.095437430626255,10.05591787154001,0.09543743062625501,0.055917871540011335
10.095539170121876,10.105045382136455,0.09553917012187585,0.10504538213645417
10.095639788340662,10.110786116305167,0.09563978834066196,0.1107861163051679
10.095739284101727,10.098498217199568,0.09573928410172725,0.098498217199567
10.095837656237359,10.11714729511157,0.09583765623735911,0.11714729511157
10.095934903593033,10.088370675817206,0.09593490359303218,0.08837067581720538
10.096031025027422,10.135147986239197,0.0960310250274218,0.1351479862391975
10.096126019412418,10.108040596462665,0.09612601941241755,0.10804059646266555
10.096219885633136,10.114252234400778,0.09621988563313633,0.11425223440077875
10.096312622587936,10.08153349401637,0.09631262258793556,0.08153349401636908
10.096404229188426,10.131319417772513,0.09640422918842606,0.13131941777251252
10.096494704359484,10.085313234282937,0.09649470435948483,0.08531323428293709
10.096584047039268,10.09070738697513,0.09658404703926768,0.09070738697512974
10.096672256179222,10.106241533155492,0.09667225617922165,0.10624153315549224
10.096759330744097,10.102827607955525,0.0967593307440974,0.10282760795552622
10.096845269711961,10.128800991250722,0.09684526971196128,0.12880099125072186
10.096930072074207,10.10957683464027,0.09693007207420734,0.10957683464027111
10.097013736835569,10.088650455511056,0.09701373683556921,0.08865045551105637
10.097096263014132,10.073631809302375,0.09709626301413174,0.07363180930237545
10.097177649641342,10.101992465510593,0.09717764964134253,0.10199246551059221
10.097257895762024,10.104647731362174,0.09725789576202332,0.10464773136217485
10.097337000434381,10.067884409727139,0.09733700043438112,0.06788440972713958
10.097414962730019,10.0971757858081,0.09741496273001941,0.09717578580809973
10.097491781733948,10.097545420804842,0.09749178173394892,0.09754542080484248
10.0975674565446,10.141044792353087,0.09756745654459836,0.14104479235308703
10.097641986273825,10.119423434041238,0.09764198627382512,0.11942343404123855
10.097715370046926,10.13983767931005,0.09771537004692554,0.13983767931004917
10.097787607002646,10.077468076252842,0.09778760700264527,0.07746807625284158
10.097858696293189,10.092379245159252,0.09785869629318941,0.0923792451592531
10.097928637084232,10.120922418160951,0.09792863708423233,0.1209224181609516
10.097997428554928,10.12309725727832,0.0979974285549276,0.12309725727832083
10.098065069897917,10.132916000554408,0.09806506989791755,0.13291600055440853
10.098131560319343,10.116455187682432,0.09813156031934273,0.11645518768243186
10.098196899038852,10.069618506812525,0.09819689903885127,0.06961850681252418
10.098261085289607,10.148735295279769,0.09826108528960807,0.14873529527976842
10.098324118318304,10.113772192216963,0.09832411831830368,0.11377219221696386
10.098385997385163,10.115901899864248,0.09838599738516328,0.11590189986424754
10.098446721763954,10.124871933113031,0.09844672176395526,0.12487193311303033
10.098506290742,10.114635334281935,0.09850629074199979,0.11463533428193527
10.098564703620177,10.102635991648256,0.09856470362017719,0.10263599164825633
10.098621959712936,10.116721764414848,0.0986219597129361,0.11672176441484709
10.098678058348302,10.090734822163252,0.09867805834830157,0.09073482216325227
10.098732998867883,10.093698998499116,0.09873299886788288,0.09369899849911574
10.098786780626881,10.05976084257057,0.09878678062688134,0.05976084257057043
10.098839402994098,10.094429722100838,0.09883940299409788,0.09442972210083714
10.09889086535194,10.09175841989047,0.09889086535194029,0.09175841989046923
10.09894116709643,10.127441964197885,0.09894116709643067,0.12744196419788442
10.098990307637212,10.100658351149132,0.0989903076372124,0.10065835114913285
10.099038286397557,10.131367635692962,0.09903828639755712,0.13136763569296267
10.09908510281437,10.115275998379817,0.09908510281437144,0.11527599837981638
10.099130756338203,10.07681558037314,0.09913075633820366,0.07681558037313958
10.09917524643325,10.069941196070536,0.09917524643325007,0.06994119607053574
10.099218572577362,10.094817760527738,0.09921857257736136,0.09481776052773841
10.09926073426205,10.1047182371443,0.09926073426204868,0.10471823714430134
10.09930173099249,10.064711491479304,0.09930173099248966,0.06471149147930488
10.099341562287535,10.081269069884687,0.09934156228753416,0.08126906988468684
10.09938022767971,10.124976246624653,0.09938022767970994,0.1249762466246537
10.099417726715227,10.073596311478648,0.09941772671522818,0.07359631147864787
10.099454058953988,10.106818485216635,0.09945405895398877,0.10681848521663571
10.099489223969586,10.074480581568297,0.09948922396958547,0.07448058156829697
10.099523221349312,10.095390773222507,0.09952322134931094,0.09539077322250568
10.099556050694162,10.081105635528111,0.09955605069416154,0.08110563552811022
10.099587711618842,10.107711741751315,0.09958771161884211,0.10771174175131479
10.09961820375177,10.078902025724325,0.09961820375177034,0.07890202572432488
10.099647526735081,10.095258675614001,0.09964752673508129,0.09525867561400128
10.099675680224632,10.121598152367822,0.09967568022463147,0.1215981523678227
10.099702663890003,10.115132345575567,0.09970266389000294,0.11513234557556648
10.099728477414507,10.102179798332452,0.09972847741450719,0.102179798332453
10.099753120495189,10.094030522965129,0.09975312049518881,0.09403052296512972
10.09977659284283,10.088813660212194,0.0997765928428291,0.088813660212195
10.09979889418195,10.094289181661695,0.09979889418194943,0.09428918166169524
10.099820024250814,10.09964012166296,0.09982002425081446,0.09964012166295985
10.099839982801436,10.13226257944389,0.0998399828014353,0.1322625794438893
10.099858769599573,10.111878969801593,0.09985876959957228,0.11187896980159324
10.099876384424737,10.145009313160012,0.09987638442473783,0.1450093131600113
10.0998928270702,10.118358976941671,0.09989282707019896,0.11835897694167055
10.09990809734298,10.111005793629914,0.0999080973429798,0.1110057936299145
10.099922195063863,10.109740627842292,0.09992219506386377,0.10974062784229205
10.099935120067396,10.099203179070077,0.09993512006739569,0.09920317907007715
10.099946872201883,10.105350490717973,0.09994687220188381,0.10535049071797188
10.099957451329402,10.092641481295173,0.09995745132940148,0.09264148129517304
10.09996685732579,10.09433416640287,0.09996685732578883,0.09433416640286943
10.099975090080655,10.101426054556358,0.09997509008065424,0.10142605455635782
10.099982149497375,10.106951983182283,0.09998214949737555,0.10695198318228277
10.099988035493102,10.079300688700126,0.09998803549310133,0.07930068870012637
10.099992747998751,10.099340265052463,0.09999274799875171,0.09934026505246278
10.09999628695902,10.104085158471333,0.09999628695901931,0.10408515847133333
10.09999865233237,10.085875673536325,0.09999865233236982,0.08587567353632547
10.099999844091043,10.100151942216439,0.09999984409104246,0.10015194221643871
10.09999986222105,10.111620768103606,0.09999986222105041,0.11162076810360658
10.09999870672218,10.143696213054211,0.09999870672218089,0.14369621305421085
10.099996377607996,10.11666844678212,0.09999637760799518,0.11666844678212027
10.099992874905828,10.112085086377524,0.09999287490582849,0.11208508637752342
10.09998819865679,10.121068800437133,0.0999881986567896,0.12106880043713224
10.099982348915761,10.08809230655333,0.09998234891576036,0.08809230655333017
10.099975325751394,10.11491094998321,0.09997532575139516,0.1149109499832107
10.09996712924612,10.088208604069916,0.09996712924611996,0.08820860406991544
10.099957759496132,10.061874156834413,0.09995775949613148,0.061874156834413226
10.099947216611396,10.124583132933468,0.09994721661139594,0.12458313293346751
10.099935500715647,10.106312599046209,0.09993550071564786,0.10631259904620913
10.099922611946388,10.102149597095229,0.09992261194638856,0.10214959709522939
10.099908550454884,10.092890680725098,0.09990855045488456,0.09289068072509857
10.099893316406165,10.077585174498516,0.09989331640616583,0.07758517449851583
10.099876909979024,10.055071277793276,0.0998769099790238,0.05507127779327617
10.099859331366009,10.118784703315292,0.09985933136600932,0.11878470331529244
10.09984058077343,10.10128926111339,0.09984058077343033,0.10128926111338987
10.099820658421349,10.087395456944595,0.0998206584213495,0.08739545694459452
10.09979956454358,10.085784369100503,0.09979956454358163,0.08578436910050362
10.099777299387691,10.073235531920824,0.09977729938769093,0.07323553192082366
10.099753863214987,10.083755925533739,0.09975386321498804,0.08375592553373783
10.099729256300527,10.098917629263028,0.09972925630052702,0.09891762926302737
10.099703478933103,10.087189300373261,0.09970347893310214,0.08718930037326086
10.099676531415245,10.102819863073202,0.09967653141524443,0.10281986307320168
10.099648414063218,10.127431863088423,0.09964841406321819,0.1274318630884238
10.099619127207017,10.095963082736658,0.09961912720701722,0.09596308273665696
10.09958867119036,10.130652983078733,0.09958867119036102,0.13065298307873197
10.099557046370691,10.09151834921796,0.09955704637069067,0.0915183492179604
10.099524253119165,10.088354478091658,0.09952425311916469,0.08835447809165742
10.099490291820654,10.103622337477443,0.0994902918206547,0.10362233747744233
10.09945516287374,10.127287538409396,0.09945516287374086,0.12728753840939533
10.099418866690707,10.14908373129909,0.09941886669070718,0.1490837312990907
10.099381403697537,10.083262948914271,0.09938140369753674,0.08326294891427173
10.099342774333907,10.088016374737066,0.09934277433390667,0.08801637473706575
10.099302979053183,10.11263732499238,0.09930297905318294,0.11263732499238101
10.099262018322415,10.120892109227283,0.0992620183224151,0.12089210922728286
10.099219892622331,10.102617813006772,0.0992198926223308,0.10261781300677102
10.09917660244733,10.102975135765705,0.09917660244733008,0.10297513576570543
10.099132148305479,10.13061547860133,0.09913214830547964,0.13061547860133016
10.099086530718507,10.08850467579422,0.09908653071850684,0.088504675794219
10.099039750221793,10.082045051752113,0.09903975022179362,0.0820450517521127
10.09899180736437,10.121332007505856,0.09899180736437012,0.12133200750585654
10.098942702708909,10.115802986144164,0.09894270270890833,0.11580298614416362
10.098892436831715,10.102462531802784,0.0988924368317155,0.10246253180278472
10.098841010322728,10.153209645020866,0.09884101032272727,0.153209645020866
10.098788423785502,10.091449322738333,0.09878842378550082,0.09144932273833277
10.098734677837207,10.078410769462968,0.09873467783720781,0.07841076946296845
10.098679773108627,10.100593318414743,0.09867977310862708,0.10059331841474414
10.098623710244137,10.109801586847396,0.09862371024413723,0.10980158684739669
10.098566489901708,10.0885016795694,0.09856648990170917,0.08850167956940047
10.098508112752898,10.059032541756673,0.09850811275289828,0.059032541756674106
10.098448579482836,10.088786791938185,0.09844857948283658,0.08878679193818494
10.098387890790224,10.084489538936399,0.09838789079022468,0.08448953893639953
10.098326047387324,10.0885221756064,0.09832604738732359,0.08852217560639991
10.098263049999947,10.093317505727082,0.09826304999994633,0.09331750572708294
10.09819889936745,10.079965224741176,0.09819889936744944,0.07996522474117686
10.098133596242725,10.117266095129319,0.09813359624272434,0.11726609512931845
10.098067141392189,10.102153242310091,0.0980671413921884,0.10215324231009157
10.097999535595775,10.109204520561072,0.09799953559577601,0.10920452056107097
10.09793077964693,10.107813569570284,0.09793077964692941,0.10781356957028529
10.09786087435259,10.108432494031282,0.09786087435258937,0.10843249403128209
10.097789820533185,10.104880428987421,0.09778982053318579,0.10488042898742045
10.097717619022628,10.10100064712601,0.09771761902262789,0.10100064712601042
10.097644270668294,10.088860215806255,0.09764427066829467,0.08886021580625506
10.097569776331024,10.100272804467432,0.09756977633102476,0.10027280446743196
10.097494136885107,10.098573488109547,0.09749413688510644,0.09857348810954786
10.097417353218267,10.09492005762736,0.09741735321826729,0.09492005762736049
10.097339426231663,10.07555468191751,0.09733942623166386,0.07555468191750914
10.097260356839872,10.103335730957676,0.097260356839871,0.1033357309576754
10.09718014597087,10.094560920952025,0.09718014597087123,0.09456092095202465
10.097098794566044,10.095408647619116,0.09709879456604376,0.0954086476191162
10.097016303580153,10.089400086094322,0.09701630358015347,0.08940008609432203
10.096932673981339,10.056652782079313,0.09693267398133976,0.0566527820793128
10.096847906751105,10.095128896120555,0.09684790675110505,0.09512889612055438
10.096762002884303,10.116506368688082,0.09676200288430346,0.11650636868808179
10.096674963389129,10.090942835001552,0.09667496338912894,0.09094283500155304
10.096586789287104,10.100370376521205,0.09658678928710356,0.1003703765212053
10.096497481613065,10.115956302748323,0.09649748161306544,0.11595630274832247
10.096407041415157,10.07239348793795,0.09640704141515671,0.0723934879379499
10.096315469754812,10.076839095451916,0.09631546975481109,0.07683909545191706
10.096222767706742,10.117243435228703,0.09622276770674153,0.11724343522870345
10.096128936358928,10.095536456621288,0.09612893635892751,0.09553645662128671
10.096033976812603,10.110745660359955,0.09603397681260237,0.1107456603599541
10.09593789018224,10.119812358480516,0.09593789018224029,0.11981235848051675
10.095840677595543,10.126299555311412,0.09584067759554325,0.12629955531141307
10.095742340193429,10.09577235226562,0.09574234019342782,0.09577235226561867
10.095642879130011,10.090797133368683,0.09564287913001175,0.09079713336868295
10.095542295572601,10.08817163174972,0.09554229557260041,0.08817163174972069
10.095440590701672,10.101881133183076,0.0954405907016731,0.10188113318307634
10.09533776571087,10.105259428823867,0.0953377657108692,0.1052594288238669
10.095233821806975,10.083934914667987,0.09523382180697415,0.08393491466798711
10.095128760209905,10.051292759216736,0.0951287602099053,0.051292759216736566
10.095022582152698,10.077835256868429,0.0950225821526976,0.07783525686842988
10.09491528888149,10.120711973356434,0.0949152888814891,0.12071197335643304
10.094806881655506,10.093899191861754,0.09480688165550638,0.09389919186175351
10.09469736174705,10.090635402567196,0.09469736174704965,0.09063540256719659
10.094586730441478,10.115401240113188,0.094586730441478,0.11540124011318861
10.094474989037193,10.079091034627249,0.09447498903719415,0.07909103462724891
10.094362138845629,10.072600661929814,0.09436213884562929,0.07260066192981382
10.094248181191228,10.084480168981695,0.09424818119122769,0.08448016898169607
10.094133117411431,10.081084758583607,0.09413311741143111,0.08108475858360732
10.094016948856662,10.049015884209483,0.0940169488566632,0.04901588420948386
10.093899676890313,10.123520349833015,0.09389967689031352,0.12352034983301571
10.093781302888722,10.091555239023151,0.09378130288872162,0.09155523902315107
10.09366182824116,10.13234010319483,0.09366182824116091,0.13234010319483033
10.093541254349823,10.094771345986505,0.09354125434982224,0.09477134598650544
10.093419582629798,10.135063213653995,0.09341958262979762,0.1350632136539946
10.093296814509063,10.085285018952261,0.09329681450906342,0.08528501895226043
10.093172951428464,10.096922395300677,0.09317295142846377,0.09692239530067596
10.093047994841694,10.103915806237763,0.09304799484169353,0.10391580623776428
10.09292194621528,10.079551825378593,0.09292194621528133,0.07955182537859244
10.092794807028572,10.102092333746997,0.09279480702857225,0.10209233374699722
10.092666578773711,10.109171317500586,0.0926665787737106,0.10917131750058649
10.092537262955622,10.047890459121556,0.09253726295562226,0.04789045912155579
10.092406861091996,10.094683529898468,0.09240686109199711,0.0946835298984676
10.092275374713271,10.068733213285146,0.09227537471327119,0.06873321328514603
10.09214280536261,10.13075749212534,0.09214280536260873,0.13075749212534132
10.092009154595884,10.112255846490262,0.09200915459588405,0.1122558464902618
10.091874423981663,10.084196555992873,0.09187442398166332,0.08419655599287326
10.091738615101185,10.060013254621243,0.09173861510118611,0.06001325462124278
10.091601729548346,10.06723545833818,0.09160172954834685,0.06723545833818019
10.091463768929676,10.118431082942893,0.09146376892967613,0.11843108294289323
10.091324734864322,10.074076718503445,0.09132473486432185,0.07407671850344483
10.09118462898403,10.10082915032888,0.09118462898403018,0.10082915032887918
10.091043452933127,10.083816138906323,0.09104345293312648,0.08381613890632335
10.090901208368496,10.110327741375935,0.09090120836849591,0.11032774137593435
10.090757896959564,10.11473409365324,0.09075789695956407,0.11473409365324082
10.090613520388278,10.087427985805686,0.09061352038827739,0.0874279858056862
10.090468080349083,10.109536799222768,0.09046808034908327,0.10953679922276854
10.09032157854891,10.10180438615069,0.09032157854891042,0.10180438615068942
10.090174016707149,10.09422567045986,0.09017401670714859,0.09422567045986058
10.090025396555628,10.093859949022958,0.09002539655562859,0.09385994902295898
10.089875719838602,10.10419423453051,0.08987571983860183,0.10419423453051081
10.08972498831272,10.129591619197065,0.08972498831271991,0.12959161919706413
10.089573203747014,10.114878352148567,0.08957320374701397,0.11487835214856658
10.089420367922873,10.093213613164993,0.08942036792287397,0.09321361316499235
10.089266482634027,10.1085465619847,0.08926648263402776,0.10854656198469965
10.08911154968652,10.107073320149754,0.08911154968651996,0.10707332014975274
10.08895557089869,10.109836868415803,0.08895557089869098,0.10983686841580317
10.088798548101156,10.090739442652188,0.08879854810115535,0.09073944265218858
10.08864048313678,10.04586468643906,0.08864048313678057,0.04586468643906025
10.088481377860665,10.083326820413848,0.0884813778606652,0.08332682041384828
10.088321234140118,10.083435997510652,0.08832123414011733,0.08343599751065124
10.088160053854633,10.087975495409655,0.08816005385463249,0.08797549540965388
10.087997838895872,10.076254476046476,0.08799783889587166,0.07625447604647632
10.087834591167638,10.06558605653959,0.08783459116763905,0.06558605653958992
10.08767031258586,10.116085979212233,0.08767031258585979,0.1160859792122336
10.087505005078558,10.097125675717862,0.08750500507855741,0.09712567571786275
10.087338670585831,10.098553190211167,0.08733867058583122,0.09855319021116608
10.087171311059834,10.090163949221267,0.08717131105983358,0.09016394922126754
10.087002928464747,10.085064569579698,0.08700292846474689,0.08506456957969741
10.086833524776761,10.085305717133616,0.08683352477676061,0.08530571713361593
10.086663101984048,10.119275049408865,0.08666310198404814,0.11927504940886471
10.086491662086743,10.092690727071188,0.0864916620867433,0.0926907270711889
10.086319207096917,10.090842056228915,0.08631920709691702,0.09084205622891561
10.086145739038553,10.077504430141639,0.08614573903855366,0.07750443014163926
10.085971259947527,10.071017432437143,0.08597125994752725,0.07101743243714256
10.085795771871577,10.092796599523261,0.08579577187157758,0.09279659952326198
10.085619276870286,10.100120966594364,0.08561927687028625,0.10012096659436444
10.085441777015053,10.082156108429563,0.08544177701505244,0.08215610842956413
10.085263274389069,10.090708258865511,0.08526327438906851,0.09070825886551206
10.085083771087296,10.051510490456673,0.08508377108729577,0.05151049045667268
10.08490326921644,10.057808091583464,0.08490326921643969,0.05780809158346396
10.084721770894925,10.053058537178709,0.08472177089492526,0.05305853717870916
10.084539278252873,10.14353144309739,0.08453927825287215,0.14353144309738872
10.084355793432069,10.091343891319855,0.08435579343206963,0.091343891319856
10.084171318585952,10.05378195924362,0.08417131858595153,0.053781959243620905
10.08398585587957,10.07371875389439,0.08398585587957089,0.07371875389438981
10.083799407489575,10.077712431312086,0.0837994074895746,0.07771243131208706
10.083611975604178,10.049124763784155,0.08361197560417781,0.049124763784154486
10.083423562423139,10.068356313780233,0.08342356242313831,0.06835631378023314
10.08323417015773,10.075273518767482,0.08323417015773059,0.0752735187674815
10.08304380103072,10.060021637314929,0.08304380103072007,0.06002163731492803
10.082852457276337,10.06679169807874,0.08285245727633687,0.06679169807874057
10.08266014114025,10.06816910110265,0.08266014114024965,0.06816910110265098
10.08246685487954,10.051153077363118,0.08246685487953921,0.051153077363117236
10.082272600762671,10.06133154619529,0.08227260076267208,0.06133154619529077
10.082077381069475,10.097330841143332,0.08207738106947378,0.09733084114333274
10.081881198091102,10.11218396252731,0.08188119809110217,0.11218396252730935
10.08168405413002,10.080791580086307,0.08168405413002051,0.08079158008630781
10.081485951499971,10.034579838477638,0.08148595149997048,0.03457983847763787
10.081286892525945,10.094845327061813,0.0812868925259449,0.09484532706181345
10.081086879544161,10.03807502112707,0.0810868795441606,0.038075021127070494
10.080885914902032,10.090221211414669,0.08088591490203095,0.09022121141466902
10.080684000958138,10.058803152846483,0.08068400095813826,0.058803152846484075
10.080481140082206,10.092692976358434,0.08048114008220615,0.09269297635843288
10.080277334655072,10.060152079605354,0.08027733465507172,0.06015207960535458
10.080072587068658,10.091110096015514,0.08007258706865764,0.09111009601551356
10.079866899725944,10.110208480545468,0.07986689972594398,0.11020848054546788
10.07966027504094,10.09912616567105,0.07966027504094014,0.09912616567104957
10.079452715438656,10.052637591227914,0.07945271543865642,0.052637591227913325
10.079244223355076,10.08622262984928,0.07924422335507564,0.08622262984928043
10.079034801237125,10.091711973995634,0.07903480123712442,0.09171197399563431
10.078824451542644,10.076149191529963,0.07882445154264463,0.07614919152996172
10.078613176740365,10.084181668080758,0.07861317674036443,0.08418166808075793
10.078400979309869,10.099537747547549,0.0784009793098693,0.09953774754754949
10.078187861741574,10.076178308469062,0.07818786174157302,0.07617830846906236
10.077973826536688,10.082486210825433,0.07797382653668837,0.08248621082543334
10.077758876207199,10.071163061802686,0.07775887620719774,0.07116306180268538
10.077543013275823,10.099499509771999,0.07754301327582379,0.09949950977199926
10.077326240276,10.087847682158104,0.07732624027599969,0.08784768215810412
10.077108559751839,10.070891450401005,0.07710855975183949,0.07089145040100549
10.076889974258108,10.096243273663156,0.07688997425810816,0.09624327366315572
10.076670486360191,10.070086671490323,0.07667048636019172,0.07008667149032294
10.076450098634067,10.118262807098853,0.0764500986340671,0.11826280709885334
10.076228813666273,10.070395298480298,0.07622881366627184,0.07039529848029866
10.076006634053874,10.08465373863582,0.07600663405387381,0.08465373863582042
10.07578356240444,10.084592000690112,0.07578356240444067,0.0845920006901123
10.075559601336009,10.065309408323552,0.07555960133600936,0.06530940832355267
10.075334753477055,10.080673800343334,0.07533475347705526,0.08067380034333346
10.075109021466462,10.058005299986213,0.07510902146646142,0.0580052999862139
10.074882407953487,10.061226778294158,0.07488240795348751,0.06122677829415774
10.074654915597739,10.097087361334614,0.07465491559773889,0.09708736133461385
10.074426547069136,10.082231149721794,0.07442654706913515,0.08223114972179389
10.074197305047878,10.071891284793338,0.07419730504787903,0.07189128479333823
10.073967192224424,10.110709091844436,0.07396719222442476,0.11070909184443599
10.073736211299448,10.083840542300052,0.07373621129944663,0.08384054230005228
10.073504364983807,10.093301974298363,0.07350436498380723,0.09330197429836284
10.073271655998525,10.109019039934392,0.07327165599852557,0.10901903993439124
10.073038087074746,10.086696727079923,0.07303808707474532,0.08669672707992304
10.072803660953703,10.084382352741354,0.07280366095370255,0.08438235274135436
10.072568380386693,10.05902144443955,0.07256838038669375,0.05902144443954956
10.072332248135043,10.09187004107841,0.0723322481350434,0.0918700410784109
10.072095266970072,10.075543073175588,0.07209526697007154,0.07554307317558727
10.071857439673062,10.058669704695653,0.07185743967306145,0.05866970469565369
10.071618769035227,10.099550273010305,0.07161876903522679,0.09955027301030492
10.071379257857679,10.111527252562052,0.07137925785767897,0.11152725256205274
10.071138908951394,10.06008987034034,0.07113890895139417,0.060089870340339045
10.070897725137181,10.092696517581375,0.0708977251371805,0.09269651758137512
10.070655709245644,10.066574028258385,0.07065570924564471,0.06657402825838465
10.07041286411716,10.0799439839735,0.07041286411715912,0.07994398397349975
10.070169192601828,10.1044891165864,0.0701691926018282,0.10448911658640059
10.069924697559456,10.036817382470943,0.06992469755945517,0.03681738247094387
10.069679381859508,10.053630894638953,0.06967938185950845,0.053630894638952514
10.069433248381088,10.044578373083992,0.06943324838108782,0.04457837308399186
10.069186300012891,10.045331254768714,0.06918630001289086,0.04533125476871423
10.068938539653178,10.060776366380296,0.06893853965317896,0.060776366380294794
10.068689970209743,10.110070606288387,0.06868997020974323,0.11007060628838627
10.06844059459987,10.055406664801168,0.06844059459987045,0.05540666480116771
10.068190415750308,10.05772403162751,0.06819041575030886,0.05772403162750959
10.067939436597234,10.080534777586754,0.0679394365972337,0.08053477758675348
10.067687660086213,10.053097301487696,0.06768766008621284,0.05309730148769589
10.067435089172172,10.082539364885212,0.06743508917217221,0.08253936488521325
10.067181726819362,10.101011771109274,0.06718172681936108,0.10101177110927406
10.066927576001317,10.059213006064663,0.06692757600131731,0.05921300606466381
10.066672639700831,10.042574451295012,0.06667263970083231,0.042574451295012736
10.066416920909916,10.08413572360821,0.06641692090991633,0.08413572360821053
10.066160422629762,10.049030109890571,0.06616042262976303,0.04903010989057131
10.065903147870715,10.045412982229612,0.06590314787071448,0.04541298222961272
10.065645099652226,10.03400158597045,0.06564509965222567,0.03400158597045048
10.06538628100283,10.085422341299,0.06538628100282923,0.08542234129899844
10.0651266949601,10.067522657540204,0.06512669496009972,0.06752265754020477
10.064866344570618,10.057007422791738,0.0648663445706181,0.057007422791737525
10.064605232889935,10.081131013367326,0.06460523288993596,0.08113101336732678
10.06434336298254,10.064460477372187,0.0643433629825396,0.06446047737218602
10.064080737921815,10.079070133357835,0.06408073792181407,0.07907013335783533
10.063817360790008,10.049909637497548,0.0638173607900072,0.0499096374975479
10.063553234678194,10.063725014794947,0.06355323467819332,0.06372501479494767
10.063288362686237,10.071886881653384,0.06328836268623703,0.07188688165338342
10.063022747922757,10.079225040839573,0.06302274792275679,0.07922504083957216
10.062756393505088,10.033587451098935,0.06275639350508846,0.03358745109893502
10.062489302559248,10.06761399601212,0.062489302559248706,0.06761399601212008
10.062221478219898,10.060841933595709,0.062221478219898346,0.06084193359570886
10.061952923630306,10.065716769551953,0.06195292363030546,0.06571676955195282
10.06168364194231,10.037062744149864,0.061683641942308624,0.037062744149863366
10.06141363631628,10.06187616540035,0.06141363631627988,0.061876165400350104
10.061142909921088,10.06307879262527,0.06114290992108752,0.06307879262526983
10.06087146593406,10.058313366540803,0.060871465934059114,0.058313366540803636
10.060599307540944,10.040081203708965,0.06059930754094406,0.04008120370896426
10.060326437935876,10.03612818305454,0.060326437935876255,0.036128183054539825
10.060052860321337,10.065119731865138,0.0600528603213366,0.06511973186513889
10.059778577908116,10.059156764239926,0.059778577908115395,0.0591567642399262
10.059503593915275,10.057386433880957,0.05950359391527469,0.05738643388095625
10.05922791157011,10.09693192087584,0.059227911570110495,0.09693192087583999
10.058951534108115,10.042333931898892,0.05895153410811485,0.04233393189889197
10.058674464772938,10.030392591654865,0.05867446477293799,0.030392591654864264
10.05839670681635,10.108216514528278,0.058396706816350036,0.10821651452827857
10.058118263498203,10.061324771868275,0.05811826349820309,0.061324771868274806
10.057839138086393,10.052941340182668,0.0578391380863929,0.052941340182668724
10.05755933385682,10.084769182011508,0.057559333856820355,0.08476918201150788
10.057278854093353,10.051754614075206,0.05727885409335324,0.051754614075204874
10.056997702087788,10.038440443459647,0.05699770208778761,0.038440443459646825
10.056715881139809,10.070040928447908,0.056715881139809105,0.07004092844790706
10.056433394556954,10.054538034691062,0.056433394556954335,0.05453803469106102
10.056150245654573,10.067727647348178,0.05615024565457197,0.06772764734817889
10.055866437755784,10.05621536918564,0.055866437755783864,0.05621536918563979
10.055581974191446,10.079294619845829,0.055581974191446115,0.07929461984582971
10.05529685830011,10.074007944634868,0.055296858300109775,0.0740079446348688
10.055011093427982,10.04720795614746,0.05501109342798194,0.04720795614745926
10.054724682928887,10.042424210409282,0.054724682928886284,0.042424210409281266
10.054437630164223,10.083162577082025,0.05443763016422376,0.08316257708202443
10.054149938502933,10.056876315954284,0.05414993850293315,0.05687631595428454
10.053861611321452,10.027200467095124,0.053861611321451536,0.027200467095124692
10.053572652003675,10.093144494285923,0.053572652003674615,0.09314449428592311
10.053283063940917,10.07550081031338,0.05328306394091708,0.07550081031338145
10.052992850531872,10.06592708834876,0.05299285053187273,0.06592708834875938
10.052702015182575,10.04042504554795,0.05270201518257468,0.04042504554795027
10.052410561306354,10.056064863760337,0.05241056130635521,0.05606486376033634
10.052118492323807,10.027326735234753,0.052118492323805915,0.027326735234753305
10.051825811662738,10.079226029691807,0.051825811662737434,0.0792260296918073
10.051532522758139,10.056172364666772,0.05153252275813926,0.05617236466677096
10.05123862905214,10.091155428854401,0.05123862905213942,0.09115542885440057
10.050944133993964,10.03875037683289,0.05094413399396407,0.03875037683288986
10.050649041039897,10.055510629500072,0.050649041039897015,0.055510629500071434
10.05035335365324,10.072071919723175,0.050353353653239154,0.07207191972317525
10.050057075304268,10.047841928567792,0.05005707530426782,0.047841928567791625
10.049760209470197,10.079052499620296,0.04976020947019606,0.07905249962029673
10.049462759635132,10.068596205968541,0.04946275963513188,0.06859620596854189
10.049164729290037,10.061173217307148,0.049164729290037165,0.061173217307149176
10.048866121932686,10.05989177337495,0.048866121932686975,0.05989177337494972
10.048566941067628,10.02063110114528,0.04856694106762831,0.020631101145279766
10.04826719020614,10.032825398402215,0.04826719020613903,0.03282539840221482
10.047966872866187,10.074622147127895,0.047966872866186665,0.0746221471278953
10.047665992572387,10.070481066733024,0.04766599257238708,0.07048106673302426
10.047364552855964,10.020397490742718,0.04736455285596317,0.02039749074271911
10.047062557254703,10.013257742691982,0.047062557254703374,0.013257742691982245
10.046760009312921,10.020623102506187,0.04676000931292014,0.020623102506186358
10.046456912581409,10.026231117459414,0.04645691258140843,0.026231117459414418
10.046153270617404,10.052545909383184,0.046153270617403826,0.05254590938318399
10.045849086984541,10.077398677840927,0.04584908698454105,0.07739867784092719
10.045544365252812,10.042825958153765,0.04554436525281198,0.04282595815376566
10.045239108998524,10.048438303780374,0.04523910899852379,0.04843830378037337
10.044933321804256,10.038444170585976,0.04493332180425695,0.03844417058597548
10.044627007258823,10.039815043481767,0.04462700725882324,0.03981504348176628
10.044320168957224,10.039236297929419,0.04432016895722355,0.03923629792941818
10.044012810500606,10.03753667290882,0.04401281050060577,0.03753667290882
10.043704935496223,10.042493604716675,0.04370493549622248,0.0424936047166756
10.04339654755739,10.052045428819111,0.043396547557388615,0.05204542881911132
10.04308765030344,10.038743282807344,0.04308765030343909,0.03874328280734308
10.042778247359687,10.030410915664039,0.04277824735968622,0.03041091566403807
10.042468342357378,10.07048427098508,0.042468342357377314,0.07048427098507984
10.042157938933652,10.045848970951965,0.04215793893365201,0.045848970951965475
10.041847040731499,10.058086809878342,0.04184704073149953,0.058086809878342284
10.041535651399716,10.055153532433627,0.04153565139971598,0.05515353243362645
10.041223774592861,10.032605887238432,0.04122377459286153,0.03260588723843234
10.040911413971218,10.040042758918792,0.04091141397121747,0.04004275891879273
10.040598573200743,10.058619332766467,0.04059857320074332,0.058619332766467136
10.040285255953034,10.023246250948713,0.040285255953033755,0.023246250948713545
10.039971465905275,10.054274718122585,0.03997146590527555,0.05427471812258569
10.039657206740204,10.030692425159248,0.039657206740204426,0.03069242515924875
10.039342482146061,10.060928650527844,0.039342482146061696,0.060928650527843464
10.03902729581655,10.026353655491851,0.039027295816551205,0.026353655491851702
10.038711651450797,10.010743454191374,0.038711651450795845,0.010743454191374686
10.038395552753293,10.009179767172338,0.038395552753294135,0.009179767172337639
10.038079003433877,10.04500193488709,0.03807900343387679,0.04500193488709023
10.037762007207663,10.059400986478382,0.037762007207663144,0.059400986478382385
10.037444567795017,10.037657327682735,0.03744456779501758,0.03765732768273558
10.037126688921505,10.055539203182853,0.03712668892150584,0.05553920318285383
10.036808374317852,10.027045004658325,0.036808374317851326,0.02704500465832403
10.036489627719892,10.04456466872801,0.03648962771989134,0.0445646687280101
10.036170452868532,10.055250701202581,0.036170452868533064,0.05525070120258086
10.035850853509709,10.062921589257872,0.03585085350970992,0.06292158925787136
10.035530833394338,10.041313531601407,0.03553083339433746,0.04131353160140654
10.03521039627827,10.034121383314982,0.03521039627826934,0.03412138331498225
10.034889545922253,10.025864793002862,0.03488954592225327,0.025864793002861264
10.034568286091886,10.027975276933322,0.03456828609188686,0.02797527693332175
10.034246620557573,10.02600491614743,0.03424662055757346,0.02600491614743082
10.033924553094478,10.038401701623949,0.03392455309447786,0.03840170162394775
10.033602087482482,10.057756131973923,0.03360208748248203,0.05775613197392298
10.03327922750614,10.029824477165706,0.03327922750614072,0.02982447716570585
10.032955976954637,10.04403474631186,0.03295597695463711,0.04403474631186004
10.032632339621738,10.02544447475491,0.032632339621738164,0.025444474754909407
10.03230831930575,10.028220789968621,0.03230831930575035,0.028220789968621318
10.031983919809475,10.027599131878246,0.0319839198094749,0.027599131878245135
10.031659144940162,10.017973271806717,0.031659144940163246,0.017973271806716797
10.031333998509472,10.029327860469115,0.03133399850947227,0.02932786046911486
10.03100848433342,10.00913021206206,0.031008484333419656,0.009130212062059023
10.03068260623234,10.033287193520636,0.030682606232339024,0.03328719352063623
10.030356368030835,10.009326405281174,0.030356368030835135,0.009326405281173938
10.03002977355774,10.065647783319868,0.030029773557739028,0.0656477833198676
10.029702826646064,10.043497940871246,0.02970282664606306,0.043497940871246255
10.029375531132956,10.055442160255488,0.02937553113295581,0.055442160255487996
10.029047890859657,10.047250222691874,0.029047890859657262,0.04725022269187314
10.028719909671453,10.0010749464168,0.028719909671453582,0.0010749464167996957
10.028391591417632,10.02855816092178,0.028391591417632006,0.02855816092177897
10.028062939951436,10.03040911994504,0.028062939951435686,0.03040911994504011
10.027733959130018,10.003888565439022,0.027733959130018443,0.0038885654390221347
10.027404652814399,10.018446672826393,0.02740465281439952,0.018446672826392674
10.027075024869418,10.028754939391062,0.027075024869418263,0.028754939391061437
10.026745079163689,10.024752255595693,0.026745079163688748,0.024752255595694137
10.026414819569554,10.04666406404112,0.026414819569554396,0.04666406404112078
10.026084249963043,10.02253179179993,0.026084249963042552,0.02253179179992986
10.025753374223818,10.07166237560416,0.025753374223818837,0.07166237560415945
10.025422196235143,10.013156328415311,0.025422196235141872,0.013156328415311905
10.025090719883817,10.03144965112411,0.025090719883817527,0.031449651124109704
10.024758949060153,9.971482426068095,0.024758949060153336,-0.028517573931904655
10.024426887657913,10.042066570102575,0.02442688765791286,0.04206657010257522
10.02409453957427,9.999257898316628,0.02409453957426998,-0.0007421016833719131
10.023761908709764,10.003342717295988,0.02376190870976315,0.0033427172959882637
10.02342899896825,10.057911738226743,0.023428998968249626,0.05791173822674208
10.023095814256859,10.03954712234012,0.02309581425685966,0.039547122340118625
10.02276235848595,10.003216157581631,0.02276235848595067,0.0032161575816319204
10.022428635569062,10.044454113299391,0.02242863556906118,0.04445411329939101
10.022094649422865,10.039315982240058,0.022094649422865154,0.039315982240057556
10.021760403967125,10.049709994473808,0.02176040396712585,0.04970999447380748
10.02142590312465,10.01799421086592,0.021425903124649866,0.017994210865919562
10.021091150821242,10.012292152532318,0.02109115082124109,0.012292152532317057
10.020756150985655,10.0308693898798,0.02075615098565464,0.03086938987980031
10.020420907549552,10.029461833607247,0.020420907549550737,0.029461833607246087
10.020085424447448,10.031481832845744,0.020085424447448583,0.03148183284574352
10.01974970561668,10.034040219306984,0.019749705616680165,0.034040219306984455
10.019413754997345,10.037553148978729,0.01941375499734406,0.03755314897872885
10.01907757653226,10.030747079900568,0.019077576532259225,0.03074707990056848
10.018741174166918,10.014525765305303,0.018741174166918555,0.014525765305302488
10.018404551849443,10.01071475773238,0.018404551849442834,0.010714757732380918
10.018067713530534,10.027266777768757,0.018067713530534237,0.027266777768757165
10.01773066316343,9.998029936897789,0.01773066316342999,-0.0019700631022110497
10.017393404703856,10.048772107201438,0.017393404703855978,0.04877210720143843
10.01705594210998,10.023685001787936,0.017055942109980335,0.023685001787936293
10.016718279342367,10.01391057990603,0.016718279342366967,0.01391057990603023
10.016380420363928,10.009225100279838,0.016380420363929084,0.009225100279839336
10.016042369139882,10.025733894447397,0.016042369139882683,0.025733894447396405
10.0157041296377,10.006185520787913,0.01570412963770006,0.006185520787912346
10.015365705827064,10.015523808022632,0.015365705827063076,0.015523808022632497
10.015027101679816,10.007512924908731,0.01502710167981681,0.007512924908731045
10.014688321169922,9.987528494144561,0.014688321169922792,-0.01247150585543981
10.014349368273413,10.01703910925029,0.014349368273412395,0.017039109250289623
10.01401024696834,10.015277065881747,0.014010246968340176,0.01527706588174738
10.013670961234737,9.997807840821796,0.013670961234737183,-0.0021921591782033886
10.013331515054563,10.022067362445295,0.013331515054564251,0.022067362445295745
10.012991912411666,9.99697928633578,0.012991912411665259,-0.0030207136642207456
10.01265215729172,9.992766105061094,0.012652157291720388,-0.007233894938907168
10.012312253682198,10.000122420725585,0.01231225368219933,0.0001224207255855793
10.011972205572315,9.952898171097411,0.011972205572314544,-0.04710182890258887
10.011632016952975,10.012580474737865,0.011632016952974255,0.012580474737864038
10.011291691816735,10.009481548857844,0.011291691816735882,0.009481548857844248
10.010951234157758,9.99804070918048,0.010951234157759003,-0.00195929081952027
10.010610647971758,10.03820850721171,0.010610647971758527,0.03820850721170976
10.010269937255957,10.017344963773017,0.01026993725595779,0.01734496377301658
10.009929106009041,10.040356396865754,0.009929106009041655,0.040356396865753506
10.009588158231109,9.98752138991751,0.009588158231109565,-0.012478610082488493
10.009247097923629,10.031475052064485,0.009247097923628617,0.03147505206448481
10.008905929089387,10.017993572380465,0.00890592908938658,0.017993572380465252
10.008564655732444,10.00739627303329,0.008564655732444934,0.007396273033289797
10.008223281858092,9.99271173834205,0.008223281858091909,-0.007288261657948967
10.007881811472796,10.044777508107568,0.007881811472795305,0.044777508107567775
10.007540248584156,10.01820469843419,0.007540248584155739,0.01820469843419017
10.00719859720086,10.043444143630952,0.007198597200859427,0.04344414363095077
10.006856861332631,9.984909063424535,0.006856861332631192,-0.015090936575464155
10.006515044990188,9.991873702065666,0.006515044990187394,-0.008126297934333455
10.00617315218519,10.043065041946875,0.006173152185188859,0.04306504194687566
10.005831186930195,10.009239328823785,0.0058311869301938095,0.009239328823785423
10.00548915323861,10.007260631364183,0.005489153238610755,0.00726063136418342
10.00514705512465,9.991597652060463,0.005147055124651404,-0.008402347939537789
10.004804896603284,9.985239640334683,0.004804896603283586,-0.014760359665316337
10.004462681690184,10.00116935053251,0.004462681690183959,0.0011693505325110955
10.004120414401692,10.005004941455573,0.004120414401691144,0.005004941455572642
10.003778098754758,9.974545062561878,0.0037780987547584113,-0.025454937438121043
10.003435738766907,9.99655826249172,0.0034357387669065815,-0.0034417375082814823
10.003093338456177,9.998365517087855,0.0030933384561768716,-0.0016344829121451472
10.002750901841084,9.977366705474864,0.002750901841083743,-0.02263329452513536
10.002408432940568,9.994359167971176,0.002408432940567734,-0.0056408320288236675
10.002065935773949,10.036938156655568,0.002065935773948295,0.036938156655566996
10.001723414360876,9.99843356414578,0.001723414360876616,-0.0015664358542209834
10.001380872721288,9.949744386689401,0.001380872721288452,-0.05025561331059811
10.001038314875357,10.008177700366083,0.0010383148753569848,0.008177700366082676
10.000695744843446,9.986811256123666,0.0006957448434454676,-0.013188743876334452
10.000353166646061,9.98791042131809,0.0003531666460603038,-0.012089578681910273
10.000010584303803,9.988198063157386,1.058430380368548e-05,-0.01180193684261414
9.999668001837327,9.998533845496407,-0.00033199816267354994,-0.0014661545035922902
9.999325423267281,9.987062769956056,-0.0006745767327191071,-0.012937230043944556
9.998982852614274,9.990761845169216,-0.0010171473857264204,-0.0092381548307853
9.998640293898818,10.032802772825766,-0.001359706101181841,0.0328027728257659
9.998297751141289,10.015692225176217,-0.0017022488587118225,0.01569222517621709
9.99795522836187,9.970500167504065,-0.002044771638130106,-0.029499832495934273
9.997612729580515,10.00831084297985,-0.002387270419484858,0.008310842979849738
9.997270258816894,10.020946935527995,-0.0027297411831060246,0.02094693552799537
9.996927820090347,9.993050691949888,-0.0030721799096522463,-0.006949308050111468
9.996585417419842,9.988059069226443,-0.003414582580158202,-0.011940930773556206
9.996243054823918,9.994038940433407,-0.003756945176081739,-0.005961059566591933
9.99590073632065,9.996919672380397,-0.004099263679351027,-0.003080327619603988
9.995558465927589,9.991443377208842,-0.0044415340724117255,-0.008556622791158043
9.995216247661725,10.00927070011783,-0.004783752338274126,0.009270700117828497
9.99487408553944,9.976192438030761,-0.005125914460560305,-0.023807561969239707
9.994531983576449,9.997828271782256,-0.005468016423551253,-0.0021717282177451365
9.994189945787767,10.019043322115735,-0.00581005421223401,0.019043322115734996
9.99384797618765,9.967538470585747,-0.006152023812348743,-0.032461529414251976
9.993506078789563,10.005380760152944,-0.0064939212104360294,0.0053807601529446344
9.993164257606116,9.987635911298778,-0.006835742393883702,-0.012364088701221469
9.992822516649026,10.000667425300197,-0.007177483350974116,0.0006674253001965197
9.992480859929069,10.00053260454812,-0.007519140070931187,0.0005326045481196615
9.992139291456033,10.013878946818771,-0.00786070854396746,0.013878946818770303
9.99179781523867,10.021796403615832,-0.00820218476133118,0.02179640361583168
9.991456435284647,9.983688729161685,-0.008543564715353327,-0.016311270838316114
9.991115155600506,9.998495297117001,-0.008884844399494659,-0.0015047028829983343
9.990773980191607,10.014104612584743,-0.009226019808392728,0.014104612584743359
9.990432913062092,10.014800430736296,-0.009567086937908857,0.014800430736295122
9.990091958214824,9.974567136638774,-0.009908041785175292,-0.025432863361226188
9.989751119651357,9.95577447253233,-0.010248880348641928,-0.044225527467670805
9.989410401371877,9.930011986329399,-0.01058959862812345,-0.06998801367060058
9.989069807375154,9.994316165721376,-0.010930192624846229,-0.0056838342786234225
9.988729341658505,9.971798085435065,-0.011270658341495255,-0.028201914564935218
9.98838900821774,10.006154197361646,-0.011610991782261056,0.006154197361645301
9.988048811047113,9.982387840653823,-0.01195118895288659,-0.017612159346177225
9.987708754139286,9.981260069426902,-0.012291245860714117,-0.018739930573097776
9.987368841485267,9.958749399344443,-0.012631158514732073,-0.0412506006555568
9.987029077074379,10.028250290145762,-0.01297092292562189,0.02825029014576104
9.986689464894194,10.000313403652337,-0.013310535105804792,0.00031340365233751936
9.986350008930511,9.985434838456827,-0.013649991069488757,-0.014565161543173649
9.986010713167286,9.969063769466397,-0.013989286832715034,-0.030936230533602747
9.985671581586596,9.993400964509663,-0.014328418413405083,-0.006599035490337519
9.985332618168593,9.998458888819025,-0.014667381831407256,-0.0015411111809743808
9.984993826891456,10.004554404152623,-0.015006173108543512,0.00455440415262396
9.984655211731344,9.976610357844981,-0.01534478826865611,-0.023389642155019215
9.984316776662345,9.986405335202326,-0.015683223337654272,-0.013594664797674634
9.98397852565644,10.024108247738914,-0.016021474343560823,0.024108247738914488
9.983640462683441,9.970315482488342,-0.016359537316558814,-0.029684517511658393
9.983302591710961,10.005801406856907,-0.016697408289038058,0.005801406856908033
9.982964916704358,9.961543149615341,-0.017035083295641875,-0.038456850384657924
9.982627441626686,10.019719148161519,-0.017372558373313373,0.01971914816151844
9.982290170438658,9.964381325281877,-0.01770982956134213,-0.03561867471812297
9.981953107098589,10.003952317332276,-0.018046892901410632,0.0039523173322752354
9.98161625556236,9.966363494343383,-0.018383744437640733,-0.03363650565661742
9.98127961978336,9.98825035351075,-0.01872038021664009,-0.011749646489249067
9.980943203712451,9.991466749433945,-0.01905679628754854,-0.008533250566055382
9.980607011297916,9.972735281746845,-0.019392988702084488,-0.027264718253154747
9.98027104648541,9.97393549160492,-0.01972895351459123,-0.026064508395080975
9.979935313217917,9.993194947246698,-0.020064686782083285,-0.006805052753301337
9.979599815435707,9.995155569713438,-0.0204001845642926,-0.004844430286561827
9.979264557076284,9.968149386263017,-0.02073544292371498,-0.03185061373698398
9.978929542074344,9.990581402207173,-0.02107045792565604,-0.009418597792826312
9.978594774361722,9.997049942673069,-0.021405225638277556,-0.0029500573269308113
9.978260257867356,9.997989677550715,-0.021739742132643566,-0.0020103224492858673
9.977925996517234,10.00707917534744,-0.022074003482766485,0.007079175347440982
9.977591994234347,9.983252847711297,-0.022408005765653174,-0.016747152288702785
9.977258254938649,9.993248124754006,-0.022741745061350994,-0.006751875245994354
9.976924782547005,9.977122401817597,-0.023075217452993794,-0.022877598182403043
9.976591580973151,9.9972699277626,-0.0234084190268479,-0.002730072237399645
9.976258654127642,9.970302242207708,-0.023741345872358023,-0.029697757792292397
9.975926005917806,9.979837237152537,-0.024073994082193146,-0.02016276284746242
9.975593640247707,9.990596947246278,-0.024406359752292522,-0.009403052753721622
9.975261561018089,9.992743802343485,-0.024738438981911255,-0.007256197656514599
9.974929772126334,10.027915664045958,-0.02507022787366623,0.02791566404595852
9.974598277466418,9.9384297786759,-0.025401722533581847,-0.06157022132409964
9.974267080928865,9.959469839807808,-0.02573291907113568,-0.04053016019219242
9.973936186400696,9.95852164995601,-0.026063813599304177,-0.04147835004398982
9.973605597765392,9.97098834225936,-0.026394402234608247,-0.02901165774063879
9.973275318902841,9.940967084818789,-0.02672468109715885,-0.05903291518121036
9.972945353689298,9.954579364017158,-0.02705464631070254,-0.04542063598284191
9.972615705997333,10.003917240434644,-0.027384294002666915,0.003917240434644819
9.972286379695793,9.992991758140704,-0.027713620304206217,-0.007008241859296157
9.971957378649753,9.953084329585375,-0.028042621350246502,-0.0469156704146253
9.97162870672047,9.997637497241769,-0.028371293279531164,-0.0023625027582314558
9.971300367765334,9.942570104977731,-0.02869963223466622,-0.05742989502226806
9.970972365637834,10.00501680717047,-0.02902763436216556,0.005016807170469737
9.970644704187503,9.965911333379541,-0.029355295812496202,-0.03408866662045924
9.970317387259877,9.978961369202818,-0.02968261274012344,-0.02103863079718269
9.969990418696444,9.95703303536969,-0.030009581303555993,-0.04296696463030904
9.969663802334608,9.973905470089687,-0.03033619766539111,-0.026094529910314326
9.96933754200764,9.988157431858607,-0.03066245799235955,-0.011842568141392826
9.969011641544629,9.976973027461197,-0.030988358455370596,-0.02302697253880342
9.968686104770443,9.992596123105157,-0.031313895229557104,-0.007403876894842953
9.96836093550568,9.988631215864698,-0.03163906449432019,-0.011368784135301378
9.968036137566626,9.970807722203942,-0.0319638624333742,-0.029192277796057795
9.967711714765208,9.966951100404797,-0.032288285234791485,-0.033048899595202394
9.967387670908954,9.953531272166428,-0.032612329091047096,-0.04646872783357189
9.967064009800936,9.941825735419052,-0.032935990199063535,-0.05817426458094759
9.966740735239744,9.960464612581314,-0.033259264760255335,-0.039535387418686806
9.966417851019425,9.986890997623966,-0.03358214898057366,-0.013109002376033001
9.96609536092945,9.935438080368556,-0.03390463907055086,-0.06456191963144377
9.965773268754655,9.947139341581439,-0.03422673124534483,-0.05286065841856073
9.965451578275216,9.95063416885068,-0.03454842172478368,-0.049365831149319056
9.96513029326659,9.952171620519911,-0.034869706733409805,-0.047828379480088536
9.964809417499476,9.95928043874788,-0.03519058250052437,-0.04071956125211939
9.96448895473977,9.95830257674405,-0.03551104526023152,-0.041697423255950224
9.964168908748517,9.961152775983244,-0.03583109125148259,-0.03884722401675551
9.96384928328188,9.984102856597342,-0.03615071671812022,-0.015897143402656792
9.963530082091077,9.95643320665437,-0.03646991790892247,-0.04356679334562874
9.963211308922354,9.963020900611943,-0.03678869107764683,-0.03697909938805721
9.962892967516925,9.967068388567842,-0.037107032483074176,-0.032931611432157684
9.962575061610947,9.962678640057538,-0.0374249383890527,-0.037321359942462086
9.962257594935458,9.962841518079511,-0.03774240506454171,-0.03715848192048827
9.961940571216344,9.972426059747763,-0.03805942878365557,-0.027573940252237472
9.961623994174293,9.959980089780583,-0.038376005825707195,-0.04001991021941747
9.961307867524749,9.93714986364348,-0.038692132475251884,-0.06285013635652018
9.96099219497787,9.953110317804917,-0.03900780502213088,-0.046889682195082806
9.960676980238485,9.937335958007303,-0.0393230197615149,-0.06266404199269769
9.960362227006053,9.9585758903488,-0.03963777299394765,-0.04142410965119954
9.960047938974611,9.940049002658244,-0.0399520610253892,-0.05995099734175732
9.95973411983274,9.935560154570137,-0.04026588016725939,-0.06443984542986315
9.959420773263519,9.96913035779509,-0.04057922673648106,-0.030869642204911417
9.959107902944476,9.971695225461149,-0.04089209705552328,-0.028304774538851923
9.958795512547555,9.982670917392545,-0.04120448745244466,-0.017329082607454405
9.958483605739064,9.949572793209773,-0.04151639426093621,-0.05042720679022709
9.958172186179635,9.973941782807193,-0.04182781382036449,-0.02605821719280589
9.957861257524186,9.940251171639046,-0.0421387424758146,-0.05974882836095469
9.957550823421867,9.981639270474457,-0.042449176578133026,-0.018360729525542626
9.95724088751603,9.970920967343334,-0.04275911248397047,-0.029079032656666226
9.956931453444176,9.96948039103377,-0.04306854655582463,-0.03051960896623044
9.956622524837917,9.947609360438573,-0.043377475162082874,-0.05239063956142744
9.956314105322935,9.949647043739752,-0.043685894677064886,-0.05035295626024781
9.956006198518935,9.956907279333358,-0.04399380148106517,-0.043092720666642305
9.955698808039605,9.926894460266858,-0.04430119196039555,-0.07310553973314084
9.955391937492573,9.953994324380805,-0.04460806250742771,-0.04600567561919532
9.955085590479365,9.956370419828204,-0.04491440952063527,-0.04362958017179591
9.954779770595364,9.953523465536767,-0.045220229404636283,-0.04647653446323341
9.954474481429765,9.94316832360618,-0.04552551857023532,-0.05683167639381926
9.954169726565535,9.94260275196668,-0.045830273434465656,-0.05739724803332019
9.95386550957937,9.988773967497535,-0.046134490420631245,-0.011226032502464983
9.95356183404165,9.942819158969964,-0.04643816595834879,-0.057180841030035304
9.953258703516411,9.974347854272088,-0.04674129648358956,-0.025652145727912575
9.952956121561279,9.925808697114404,-0.047043878438721286,-0.07419130288559658
9.95265409172745,9.955579378613798,-0.04734590827254982,-0.04442062138620125
9.952352617559638,9.909724472414984,-0.04764738244036102,-0.09027552758501581
9.952051702596037,9.940705464572925,-0.04794829740396207,-0.059294535427074205
9.951751350368276,9.963021800030647,-0.048248649631723206,-0.036978199969352504
9.951451564401381,9.96793278249306,-0.04854843559861908,-0.03206721750693939
9.95115234821373,9.92766165341308,-0.04884765178627018,-0.07233834658691976
9.950853705317016,9.924244530029629,-0.049146294682984065,-0.07575546997037197
9.950555639216203,9.927718475778256,-0.049444360783796645,-0.07228152422174296
9.950258153409488,9.965219946925231,-0.04974184659051326,-0.034780053074769945
9.94996125138825,9.955830495465989,-0.05003874861174978,-0.04416950453401156
9.949664936637026,9.939499805421859,-0.05033506336297351,-0.060500194578141125
9.949369212633457,9.952254510829153,-0.05063078736654417,-0.047745489170847734
9.949074082848245,9.9462780360875,-0.050925917151754735,-0.05372196391249988
9.948779550745128,9.937955639452733,-0.05122044925487201,-0.0620443605472677
9.948485619780822,9.967170130370484,-0.051514380219177404,-0.032829869629516964
9.948192293404993,9.960335693259356,-0.05180770659500751,-0.039664306740642856
9.947899575060205,9.965675554402415,-0.05210042493979451,-0.034324445597584755
9.947607468181893,9.929623319972531,-0.05239253181810667,-0.07037668002746872
9.947315976198311,9.949312757049531,-0.05268402380168859,-0.05068724295046792
9.947025102530498,9.92061512724583,-0.05297489746950143,-0.07938487275417083
9.946734850592238,9.946229245909889,-0.05326514940776316,-0.0537707540901118
9.946445223790011,9.895531514531513,-0.05355477620998849,-0.10446848546848658
9.946156225522971,9.956821145830899,-0.05384377447702894,-0.04317885416910054
9.945867859182886,9.973121108186799,-0.054132140817112775,-0.026878891813201168
9.945580128154115,9.992529782870328,-0.054419871845884676,-0.0074702171296720105
9.945293035813554,9.932873252630763,-0.05470696418644552,-0.06712674736923749
9.945006585530608,9.964733776817011,-0.05499341446939206,-0.03526622318298789
9.944720780667144,9.90098566209761,-0.055279219332856434,-0.0990143379023889
9.944435624577455,9.944206551696851,-0.0555643754225456,-0.05579344830314957
9.94415112060822,9.954587626543066,-0.05584887939178074,-0.04541237345693444
9.943867272098464,9.978456213939447,-0.056132727901536505,-0.021543786060552274
9.94358408237952,9.953081215216587,-0.05641591762048023,-0.04691878478341323
9.943301554774989,9.93137431687056,-0.056698445225010975,-0.06862568312944009
9.943019692600702,9.943842060530363,-0.056980307399298706,-0.056157939469636674
9.942738499164678,9.938345235099021,-0.05726150083532294,-0.061654764900979576
9.942457977767088,9.954940569118026,-0.05754202223291177,-0.045059430881973964
9.942178131700219,9.918554924561361,-0.05782186829978053,-0.08144507543863921
9.941898964248429,9.937128884349713,-0.05810103575157044,-0.06287111565028664
9.941620478688113,9.923495053577806,-0.058379521311887166,-0.07650494642219413
9.941342678287661,9.943897982972725,-0.05865732171233923,-0.05610201702727469
9.941065566307424,9.961734029571609,-0.05893443369257643,-0.03826597042839029
9.940789145999672,9.933522973100974,-0.059210854000328064,-0.06647702689902583
9.940513420608559,9.945150718653256,-0.0594865793914411,-0.05484928134674387
9.940238393370082,9.939483965696454,-0.05976160662991823,-0.06051603430354644
9.939964067512044,9.933259608780235,-0.060035932487956,-0.06674039121976519
9.939690446254017,9.919641372198248,-0.06030955374598244,-0.08035862780175317
9.939417532807305,9.931680207764119,-0.06058246719269503,-0.06831979223588054
9.939145330374902,9.917600310382452,-0.06085466962509833,-0.0823996896175472
9.938873842151459,9.93782807267716,-0.061126157848541585,-0.06217192732283975
9.938603071323243,9.923304820283846,-0.061396928676756224,-0.076695179716154
9.938333021068107,9.954799139087363,-0.06166697893189324,-0.045200860912636566
9.93806369455544,9.949293154563819,-0.06193630544456048,-0.05070684543618113
9.93779509494614,9.967141672065987,-0.062204905053859866,-0.03285832793401397
9.937527225392575,9.94595416519823,-0.06247277460742443,-0.05404583480177004
9.937260089038544,9.93069734638452,-0.06273991096145548,-0.06930265361548109
9.936993689019241,9.93240294255941,-0.06300631098075929,-0.0675970574405904
9.936728028461216,9.94213274201352,-0.06327197153878397,-0.05786725798648035
9.936463110482343,9.901115074866045,-0.06353688951765621,-0.0988849251339548
9.936198938191783,9.935345954313188,-0.0638010618082178,-0.06465404568681118
9.935935514689938,9.920721842013851,-0.06406448531006223,-0.07927815798614829
9.93567284306843,9.923557224261902,-0.06432715693157091,-0.07644277573809703
9.93541092641005,9.973002536889359,-0.06458907358994961,-0.026997463110641176
9.935149767788735,9.913825618262953,-0.06485023221126456,-0.08617438173704661
9.934889370269522,9.932020623515365,-0.06511062973047853,-0.06797937648463494
9.934629736908514,9.94072386184344,-0.06537026309148677,-0.059276138156560076
9.934370870752847,9.92630233988768,-0.0656291292471531,-0.07369766011231965
9.934112774840655,9.919526931091871,-0.06588722515934531,-0.08047306890812785
9.933855452201028,9.944815131229461,-0.0661445477989711,-0.05518486877053944
9.933598905853987,9.924627276981143,-0.06640109414601346,-0.07537272301885772
9.933343138810434,9.91921937611107,-0.06665686118956625,-0.0807806238889301
9.93308815407213,9.963675300349443,-0.06691184592786945,-0.03632469965055607
9.932833954631656,9.943817700597362,-0.0671660453683444,-0.05618229940263722
9.93258054347237,9.945538709152745,-0.067419456527629,-0.05446129084725608
9.932327923568387,9.919902998673233,-0.06767207643161255,-0.08009700132676714
9.93207609788453,9.948479072620824,-0.06792390211547082,-0.0515209273791766
9.931825069376298,9.939930787621545,-0.06817493062370086,-0.060069212378455535
9.931574840989844,9.916475987920192,-0.06842515901015549,-0.08352401207980831
9.931325415661922,9.906839433694874,-0.06867458433807809,-0.09316056630512584
9.931076796319863,9.934082291545273,-0.06892320368013692,-0.06591770845472619
9.93082898588154,9.933831861044316,-0.06917101411845959,-0.0661681389556838
9.930581987255334,9.917367655581568,-0.06941801274466723,-0.08263234441843106
9.93033580334009,9.9394595392473,-0.06966419665990861,-0.060540460752698935
9.930090437025106,9.911967243857447,-0.06990956297489426,-0.08803275614255256
9.92984589119007,9.94223070202821,-0.07015410880993027,-0.057769297971789944
9.929602168705047,9.870567417275707,-0.07039783129495217,-0.12943258272429325
9.92935927243044,9.942223419752091,-0.07064072756955848,-0.05777658024790931
9.929117205216956,9.898186547261478,-0.07088279478304454,-0.10181345273852271
9.928875969905564,9.947126193697164,-0.07112403009443569,-0.05287380630283607
9.92863556932748,9.979566107630703,-0.07136443067252074,-0.02043389236929654
9.928396006304116,9.913635501976216,-0.0716039936958852,-0.08636449802378299
9.928157283647055,9.88332093325866,-0.07184271635294437,-0.11667906674134101
9.927919404158024,9.923093639786858,-0.07208059584197636,-0.07690636021314147
9.927682370628846,9.93056629869634,-0.07231762937115493,-0.06943370130366089
9.927446185841418,9.947183699974145,-0.07255381415858234,-0.052816300025854926
9.927210852567677,9.917780413647021,-0.07278914743232183,-0.08221958635297956
9.92697637356957,9.941961112916555,-0.07302362643043037,-0.058038887083444436
9.92674275159901,9.914846427400159,-0.07325724840099096,-0.08515357259984196
9.926509989397855,9.932510211310449,-0.07349001060214491,-0.06748978868955083
9.926278089697876,9.919002865125233,-0.07372191030212402,-0.08099713487476724
9.926047055220717,9.902300420036664,-0.0739529447792827,-0.09769957996333722
9.92581688867787,9.900224735026367,-0.07418311132212989,-0.0997752649736339
9.92558759277064,9.92772794504545,-0.07441240722936085,-0.07227205495454993
9.925359170190111,9.935799253173533,-0.07464082980988887,-0.06420074682646648
9.925131623617123,9.899106275306389,-0.07486837638287691,-0.10089372469361177
9.924904955722232,9.900591767437081,-0.07509504427776899,-0.09940823256291836
9.924679169165678,9.928493287636927,-0.07532083083432158,-0.07150671236307228
9.924454266597365,9.947706677184694,-0.07554573340263476,-0.052293322815305784
9.924230250656816,9.924927037707436,-0.0757697493431835,-0.07507296229256492
9.924007123973151,9.924605059532842,-0.07599287602684832,-0.07539494046715851
9.923784889165054,9.912326653105291,-0.07621511083494648,-0.08767334689470982
9.923563548840738,9.882795448916987,-0.07643645115926243,-0.11720455108301267
9.92334310559792,9.963244489323575,-0.07665689440207867,-0.03675551067642548
9.923123562023793,9.936363190554617,-0.07687643797620612,-0.06363680944538268
9.922904920694986,9.925661835403512,-0.07709507930501436,-0.07433816459648772
9.922687184177537,9.938653162002748,-0.07731281582246219,-0.06134683799725212
9.922470355026872,9.907173341084974,-0.07752964497312732,-0.0928266589150255
9.922254435787764,9.940586434598032,-0.07774556421223683,-0.05941356540196853
9.922039428994303,9.914945151041374,-0.07796057100569659,-0.08505484895862522
9.921825337169878,9.93994139217652,-0.0781746628301214,-0.06005860782348034
9.921612162827136,9.958388456804297,-0.07838783717286421,-0.041611543195703114
9.921399908467954,9.882103864090643,-0.07860009153204606,-0.11789613590935741
9.921188576583415,9.913744923412649,-0.07881142341658492,-0.08625507658735124
9.920978169653775,9.909629392946805,-0.07902183034622544,-0.09037060705319618
9.920768690148432,9.915135119541231,-0.07923130985156776,-0.08486488045876907
9.920560140525904,9.933830751077075,-0.07943985947409643,-0.06616924892292454
9.92035252323379,9.932992997061543,-0.07964747676620959,-0.06700700293845693
9.920145840708752,9.900665184314262,-0.07985415929124727,-0.09933481568573906
9.919940095376479,9.938616961513452,-0.08005990462352044,-0.06138303848654902
9.91973528965166,9.902607936000598,-0.08026471034833906,-0.09739206399940273
9.91953142593796,9.930388454922804,-0.08046857406204076,-0.0696115450771958
9.91932850662798,9.903061322281426,-0.08067149337201873,-0.0969386777185747
9.919126534103249,9.954498935202688,-0.0808734658967502,-0.04550106479731232
9.918925510734176,9.910522843740889,-0.08107448926582389,-0.0894771562591109
9.918725438880031,9.914383014265825,-0.0812745611199683,-0.08561698573417476
9.91852632088892,9.929918589324872,-0.08147367911107921,-0.07008141067512763
9.918328159097753,9.911154144852777,-0.08167184090224704,-0.08884585514722243
9.918130955832215,9.934745835221001,-0.08186904416778468,-0.06525416477899848
9.917934713406746,9.920142274791779,-0.08206528659325435,-0.07985772520822103
9.917739434124504,9.940291871547686,-0.08226056587549524,-0.05970812845231421
9.91754512027735,9.896585511781739,-0.08245487972265003,-0.10341448821826174
9.917351774145807,9.902377421787495,-0.08264822585419225,-0.09762257821250472
9.917159397999047,9.926007653192162,-0.08284060200095265,-0.07399234680783762
9.916967994094854,9.935205555881723,-0.0830320059051462,-0.06479444411827678
9.916777564679602,9.933827962501088,-0.08322243532039819,-0.06617203749891293
9.91658811198823,9.89252052369195,-0.08341188801177103,-0.10747947630805112
9.91639963824421,9.931330235010202,-0.08360036175579018,-0.06866976498979727
9.91621214565953,9.899220036266678,-0.0837878543404702,-0.10077996373332204
9.916025636434659,9.927318206641711,-0.08397436356534108,-0.07268179335828949
9.915840112758527,9.919286179658245,-0.08415988724147354,-0.08071382034175438
9.915655576808495,9.932480003054497,-0.08434442319150524,-0.06751999694550269
9.915472030750333,9.925725722216535,-0.08452796924966594,-0.07427427778346392
9.915289476738197,9.939051002006424,-0.08471052326180319,-0.060948997993575754
9.915107916914593,9.885769450019234,-0.08489208308540735,-0.11423054998076515
9.914927353410363,9.89623613387954,-0.08507264658963708,-0.10376386612045942
9.914747788344656,9.935388182302285,-0.08525221165534391,-0.06461181769771535
9.914569223824902,9.92526752100054,-0.08543077617509752,-0.07473247899945994
9.91439166194679,9.895496278562607,-0.08560833805321032,-0.10450372143739353
9.914215104794238,9.923746279829867,-0.08578489520576185,-0.0762537201701331
9.914039554439377,9.876913068895364,-0.08596044556062363,-0.1230869311046355
9.913865012942518,9.887825589632488,-0.08613498705748307,-0.1121744103675121
9.913691482352132,9.920389266149444,-0.08630851764786801,-0.07961073385055548
9.91351896470483,9.916649856046671,-0.08648103529517047,-0.08335014395332928
9.91334746202533,9.930315721536745,-0.08665253797467079,-0.06968427846325415
9.913176976326438,9.921349517434027,-0.08682302367356115,-0.07865048256597212
9.91300750960903,9.886186410690598,-0.08699249039096944,-0.1138135893094022
9.912839063862018,9.929854760230732,-0.08716093613798265,-0.07014523976926727
9.91267164106233,9.902684831860862,-0.08732835893766999,-0.09731516813913829
9.912505243174893,9.917414807114643,-0.08749475682510656,-0.08258519288535776
9.912339872152604,9.892484586237387,-0.08766012784739591,-0.10751541376261241
9.912175529936306,9.925543870525077,-0.08782447006369337,-0.07445612947492229
9.912012218454771,9.905191000282285,-0.08798778154522852,-0.09480899971771506
9.911849939624672,9.937405101563435,-0.08815006037532806,-0.06259489843656496
9.911688695350563,9.8932187269113,-0.08831130464943808,-0.10678127308870046
9.911528487524853,9.88877249203483,-0.0884715124751467,-0.11122750796516934
9.911369318027795,9.892500767914777,-0.08863068197220594,-0.10749923208522343
9.911211188727446,9.941686063311371,-0.08878881127255407,-0.05831393668862944
9.911054101479662,9.886758121028532,-0.08894589852033746,-0.11324187897146917
9.910898058128067,9.938140646838017,-0.0891019418719322,-0.06185935316198293
9.910743060504034,9.894183490255903,-0.08925693949596597,-0.10581650974409681
9.910589110426661,9.904716996816127,-0.08941088957333933,-0.09528300318387342
9.910436209702752,9.909357833149208,-0.08956379029724731,-0.09064216685079174
9.9102843601268,9.915618623616734,-0.0897156398732003,-0.08438137638326636
9.910133563480954,9.913069971020747,-0.08986643651904545,-0.08693002897925314
9.909983821535013,9.866461827985779,-0.09001617846498727,-0.1335381720142207
9.909835136046391,9.91668240736734,-0.09016486395360868,-0.08331759263266018
9.909687508760108,9.91914486332861,-0.09031249123989138,-0.08085513667138992
9.909540941408764,9.870496411369494,-0.09045905859123657,-0.129503588630505
9.909395435712515,9.89797153385753,-0.09060456428748515,-0.10202846614246974
9.909250993379063,9.906734540563228,-0.0907490066209378,-0.09326545943677148
9.909107616103624,9.898059013585373,-0.09089238389637534,-0.10194098641462752
9.908965305568922,9.902559757509005,-0.09103469443107827,-0.09744024249099563
9.908824063445152,9.912158557058673,-0.09117593655484685,-0.08784144294132716
9.90868389138998,9.931710830255284,-0.09131610861002032,-0.06828916974471522
9.908544791048504,9.900304290744968,-0.09145520895149682,-0.09969570925503247
9.908406764053248,9.909709033836549,-0.09159323594675223,-0.09029096616345163
9.908269812024141,9.923736284925802,-0.09173018797585972,-0.07626371507419828
9.908133936568492,9.906937345122866,-0.09186606343150844,-0.09306265487713349
9.907999139280978,9.919180957304567,-0.09200086071902264,-0.08081904269543275
9.907865421743619,9.905309013524299,-0.09213457825638027,-0.09469098647570039
9.907732785525768,9.914600373641505,-0.09226721447423149,-0.08539962635849464
9.907601232184083,9.923925268711942,-0.09239876781591727,-0.07607473128805842
9.907470763262513,9.899318787135455,-0.09252923673748739,-0.10068121286454489
9.907341380292282,9.938588436245398,-0.09265861970771888,-0.06141156375460243
9.907213084791866,9.887728551189598,-0.09278691520813366,-0.11227144881040282
9.907085878266983,9.925027687530317,-0.09291412173301672,-0.07497231246968243
9.906959762210567,9.864553666527787,-0.09304023778943339,-0.13544633347221385
9.906834738102752,9.900232151152117,-0.09316526189724722,-0.0997678488478828
9.906710807410862,9.932529176657646,-0.0932891925891372,-0.06747082334235435
9.906587971589385,9.89700223060898,-0.09341202841061484,-0.10299776939102123
9.906466232079959,9.915710265568977,-0.09353376792004159,-0.08428973443102286
9.906345590311355,9.885115362836235,-0.09365440968864533,-0.11488463716376557
9.906226047699462,9.93117272959095,-0.09377395230053759,-0.06882727040905093
9.90610760564727,9.870651746312394,-0.09389239435272971,-0.1293482536876055
9.905990265544851,9.901681631812716,-0.09400973445514973,-0.09831836818728434
9.905874028769341,9.908333108972622,-0.09412597123065838,-0.09166689102737854
9.905758896684935,9.910132205533303,-0.09424110331506547,-0.08986779446669724
9.905644870642854,9.918242413661865,-0.09435512935714568,-0.08175758633813551
9.905531951981345,9.926600473528826,-0.09446804801865463,-0.07339952647117366
9.905420142025655,9.934627433093146,-0.09457985797434454,-0.06537256690685356
9.90530944208802,9.89789428538001,-0.09469055791197956,-0.10210571461998937
9.905199853467648,9.907055096005855,-0.09480014653235158,-0.0929449039941443
9.905091377450704,9.9005050740654,-0.09490862254929504,-0.09949492593459958
9.904984015310298,9.908838891319697,-0.09501598468970238,-0.09116110868030304
9.904877768306461,9.903671965557473,-0.09512223169353874,-0.09632803444252669
9.904772637686143,9.918905417571,-0.09522736231385694,-0.08109458242899936
9.904668624683188,9.869858733335878,-0.0953313753168119,-0.13014126666412112
9.904565730518325,9.915751959011475,-0.09543426948167537,-0.08424804098852509
9.90446395639915,9.917444721706943,-0.09553604360084997,-0.08255527829305667
9.904363303520116,9.915444208680704,-0.09563669647988364,-0.08455579131929714
9.904263773062516,9.942906686020116,-0.09573622693748353,-0.05709331397988359
9.904165366194471,9.874014569102638,-0.0958346338055298,-0.12598543089736292
9.90406808407091,9.934311262203252,-0.09593191592908945,-0.06568873779674855
9.90397192783357,9.917170980047983,-0.09602807216642979,-0.08282901995201686
9.903876898610967,9.903300479711477,-0.09612310138903196,-0.09669952028852172
9.903782997518396,9.92823284330395,-0.09621700248160393,-0.07176715669604941
9.903690225657906,9.923848117592266,-0.09630977434209394,-0.07615188240773324
9.903598584118297,9.91809339233359,-0.09640141588170306,-0.08190660766640978
9.903508073975102,9.891602690432444,-0.09649192602489831,-0.10839730956755513
9.903418696290576,9.909487865228028,-0.09658130370942498,-0.09051213477197208
9.90333045211368,9.902062081967523,-0.09666954788631936,-0.09793791803247653
9.90324334248008,9.90700555070161,-0.09675665751992087,-0.09299444929838901
9.903157368412115,9.884749962811949,-0.09684263158788425,-0.11525003718805202
9.903072530918807,9.935358111294212,-0.0969274690811917,-0.0646418887057883
9.902988830995836,9.882327757661407,-0.09701116900416444,-0.11767224233859291
9.902906269625525,9.924371154331542,-0.09709373037447472,-0.07562884566845712
9.902824847776843,9.941457391945477,-0.09717515222315705,-0.05854260805452353
9.90274456640538,9.878637257978692,-0.09725543359461986,-0.12136274202130756
9.902665426453343,9.885862825986804,-0.09733457354665642,-0.11413717401319608
9.902587428849543,9.922789945802784,-0.09741257115045619,-0.07721005419721651
9.902510574509385,9.908114416650468,-0.09748942549061546,-0.09188558334953141
9.902434864334852,9.91917227699104,-0.09756513566514825,-0.08082772300896035
9.902360299214504,9.878965679630106,-0.09763970078549693,-0.12103432036989448
9.902286880023457,9.909233387094426,-0.09771311997654243,-0.09076661290557325
9.902214607623385,9.886331495642388,-0.0977853923766148,-0.11366850435761208
9.902143482862497,9.91810335489099,-0.09785651713750305,-0.08189664510901068
9.902073506575535,9.905070060927162,-0.09792649342446537,-0.09492993907283775
9.902004679583762,9.900597177972125,-0.09799532041623865,-0.0994028220278747
9.901937002694952,9.889347053610729,-0.09806299730504836,-0.11065294638927008
9.901870476703381,9.884932970521408,-0.0981295232966179,-0.11506702947859244
9.901805102389822,9.914513554557734,-0.09819489761017791,-0.08548644544226626
9.901740880521524,9.913772663404949,-0.09825911947847556,-0.08622733659505133
9.901677811852217,9.918100804446096,-0.09832218814778339,-0.08189919555390368
9.901615897122092,9.952228451138739,-0.09838410287790827,-0.047771548861261004
9.9015551370578,9.919747451936871,-0.09844486294220005,-0.08025254806312912
9.90149553237244,9.897167801232786,-0.09850446762756009,-0.10283219876721317
9.90143708376555,9.866785255784713,-0.0985629162344496,-0.13321474421528723
9.901379791923102,9.92152658769795,-0.09862020807689795,-0.07847341230204978
9.901323657517489,9.908228363601722,-0.09867634248251056,-0.09177163639827811
9.901268681207522,9.902070996967241,-0.09873131879247697,-0.09792900303275935
9.90121486363842,9.89556479141065,-0.0987851363615784,-0.10443520858935113
9.901162205441805,9.929042885670688,-0.09883779455819547,-0.07095711432931245
9.901110707235684,9.879590053005662,-0.09888929276431556,-0.12040994699433766
9.90106036962446,9.931584770288538,-0.09893963037553995,-0.06841522971146206
9.901011193198908,9.888617717578814,-0.09898880680109114,-0.11138228242118585
9.90096317853618,9.896668997391595,-0.09903682146381958,-0.10333100260840491
9.90091632619979,9.90036171265115,-0.09908367380021055,-0.09963828734884925
9.90087063673961,9.907469012659162,-0.09912936326039073,-0.09253098734083813
9.900826110691865,9.92057571316761,-0.0991738893081347,-0.07942428683238997
9.900782748579129,9.919116092004872,-0.09921725142087118,-0.0808839079951279
9.90074055091031,9.900800945249358,-0.0992594490896892,-0.09919905475064189
9.900699518180655,9.891135896698438,-0.09930048181934403,-0.10886410330156217
9.900659650871736,9.900148086985729,-0.09934034912826306,-0.09985191301427118
9.900620949451449,9.907934030073294,-0.09937905054855141,-0.09206596992670563
9.900583414374003,9.906301679997286,-0.09941658562599737,-0.09369832000271482
9.900547046079922,9.925547053883863,-0.09945295392007786,-0.07445294611613713
9.900511844996036,9.912372568145614,-0.09948815500396346,-0.08762743185438618
9.900477811535476,9.902609467909874,-0.09952218846452354,-0.09739053209012632
9.90044494609767,9.920955284332303,-0.099555053902331,-0.07904471566769708
9.900413249068333,9.91519272342306,-0.09958675093166708,-0.08480727657694026
9.900382720819474,9.900260107820005,-0.09961727918052575,-0.09973989217999546
9.900353361709382,9.898810368046858,-0.09964663829061819,-0.10118963195314114
9.900325172082622,9.925788777483314,-0.0996748279173769,-0.07421122251668544
9.90029815227004,9.91591538434423,-0.09970184772995985,-0.08408461565577038
9.900272302588746,9.875610453345796,-0.09972769741125428,-0.12438954665420342
9.90024762334212,9.917688505324127,-0.09975237665788043,-0.08231149467587309
9.900224114819805,9.883815098132546,-0.09977588518019516,-0.11618490186745489
9.900201777297704,9.877197335755204,-0.09979822270229527,-0.12280266424479677
9.90018061103798,9.910469030077897,-0.09981938896202079,-0.08953096992210396
9.900160616289043,9.914890152840528,-0.09983938371095802,-0.08510984715947181
9.900141793285558,9.877358296142386,-0.09985820671444254,-0.12264170385761375
9.900124142248439,9.859660746247119,-0.09987585775156178,-0.14033925375288162
9.900107663384842,9.893191343305372,-0.09989233661515784,-0.10680865669462934
9.90009235688817,9.892845533408263,-0.09990764311182973,-0.10715446659173748
9.900078222938065,9.898769069500938,-0.09992177706193572,-0.10123093049906254
9.900065261700405,9.878366519928504,-0.09993473829959548,-0.12163348007149641
9.900053473327308,9.885192002148761,-0.099946526672692,-0.11480799785123955
9.900042857957127,9.89234226110014,-0.09995714204287326,-0.10765773889986038
9.900033415714447,9.903010394346214,-0.09996658428555412,-0.09698960565378513
9.900025146710082,9.898869321965403,-0.0999748532899175,-0.10113067803459759
9.900018051041084,9.910987525803938,-0.09998194895891584,-0.08901247419606188
9.900012128790728,9.906300632529746,-0.09998787120927223,-0.09369936747025337
9.90000738002852,9.885344226955393,-0.0999926199714813,-0.11465577304460609
9.90000380481019,9.902551607590645,-0.09999619518981018,-0.0974483924093545
9.9000014031777,9.882789277960166,-0.09999859682229895,-0.11721072203983475
9.900000175159239,9.915769366036244,-0.09999982484076136,-0.08423063396375667
9.900000120769215,9.910228153846967,-0.09999987923078503,-0.08977184615303319
9.900001240008269,9.914043141525154,-0.09999875999173158,-0.0859568584748465
9.900003532863263,9.895043482777634,-0.09999646713673677,-0.10495651722236599
9.90000699930729,9.882882409919569,-0.09999300069271022,-0.11711759008043163
9.900011639299665,9.884504088043053,-0.09998836070033518,-0.11549591195694672
9.900017452785931,9.896215026344162,-0.09998254721406803,-0.1037849736558379
9.900024439697862,9.888415980615216,-0.09997556030213761,-0.1115840193847848
9.900032599953455,9.887117968115403,-0.09996740004654446,-0.11288203188459629
9.90004193345694,9.878343381330998,-0.0999580665430598,-0.12165661866900176
9.900052440098776,9.906168011972712,-0.0999475599012245,-0.09383198802728786
9.900064119755653,9.885807030607147,-0.09993588024434771,-0.11419296939285371
9.900076972290494,9.876578344349062,-0.09992302770950544,-0.12342165565093839
9.90009099755246,9.886371579112671,-0.09990900244753893,-0.11362842088732912
9.900106195376948,9.903238680749569,-0.09989380462305299,-0.09676131925043106
9.900122565585587,9.90368133260095,-0.09987743441441388,-0.09631866739904996
9.900140107986253,9.92506336480137,-0.09985989201374736,-0.0749366351986314
9.900158822373063,9.897587727394583,-0.09984117762693641,-0.10241227260541694
9.900178708526381,9.883908860097097,-0.09982129147361878,-0.11609113990290187
9.900199766212815,9.889345566109743,-0.09980023378718442,-0.11065443389025673
9.900221995185227,9.928808462869304,-0.09977800481477277,-0.07119153713069558
9.900245395182731,9.877835247811534,-0.0997546048172698,-0.12216475218846633
9.900269965930695,9.877630133243537,-0.09973003406930506,-0.1223698667564622
9.900295707140751,9.868677966577902,-0.09970429285924831,-0.13132203342209725
9.900322618510794,9.88981281473788,-0.09967738148920625,-0.11018718526211947
9.900350699724981,9.896851626415453,-0.09964930027501895,-0.10314837358454715
9.900379950453743,9.884744297368517,-0.09962004954625606,-0.11525570263148295
9.900410370353788,9.855343852560818,-0.09958962964621307,-0.14465614743918262
9.900441959068093,9.873223630789086,-0.0995580409319072,-0.12677636921091348
9.900474716225927,9.926665447597887,-0.09952528377407324,-0.0733345524021129
9.90050864144284,9.891545540057352,-0.0994913585571592,-0.10845445994264824
9.900543734320678,9.928944614115084,-0.09945626567932175,-0.07105538588491671
9.900579994447579,9.911874652258952,-0.09942000555242159,-0.08812534774104817
9.900617421397982,9.887243534066586,-0.09938257860201866,-0.11275646593341299
9.900656014732633,9.88972410099793,-0.09934398526736704,-0.1102758990020709
9.90069577399859,9.86915560007343,-0.09930422600140991,-0.13084439992657004
9.900736698729226,9.929432308198377,-0.09926330127077408,-0.07056769180162288
9.900778788444235,9.913736481187275,-0.09922121155576472,-0.08626351881272491
9.90082204264964,9.902312415700644,-0.09917795735035953,-0.09768758429935676
9.900866460837797,9.90880681210452,-0.09913353916220308,-0.09119318789547914
9.900912042487398,9.912116043262175,-0.09908795751260074,-0.08788395673782425
9.900958787063487,9.910090184270176,-0.09904121293651268,-0.08990981572982411
9.901006694017452,9.905305933992155,-0.09899330598254748,-0.09469406600784466
9.901055762787044,9.927298180283302,-0.09894423721295577,-0.07270181971669838
9.901105992796376,9.929420267241541,-0.0988940072036236,-0.07057973275845919
9.901157383455935,9.922313644126646,-0.09884261654406565,-0.07768635587335304
9.901209934162582,9.871037025587727,-0.0987900658374184,-0.12896297441227242
9.901263644299567,9.877921780683506,-0.09873635570043296,-0.12207821931649393
9.901318513236532,9.894006960957164,-0.09868148676346787,-0.10599303904283588
9.901374540329519,9.90028544226461,-0.0986254596704817,-0.09971455773539152
9.901431724920975,9.918726690873607,-0.09856827507902553,-0.08127330912639354
9.901490066339765,9.891261944880041,-0.09850993366023514,-0.1087380551199592
9.901549563901177,9.906237595115957,-0.0984504360988232,-0.0937624048840429
9.90161021690693,9.928822029250929,-0.09838978309307127,-0.07117797074907109
9.901672024645178,9.900488591272483,-0.09832797535482146,-0.09951140872751692
9.901734986390531,9.923332859835503,-0.09826501360946832,-0.0766671401644975
9.90179910140405,9.915384141392046,-0.09820089859595,-0.08461585860795352
9.90186436893326,9.873847735274227,-0.09813563106673995,-0.12615226472577326
9.901930788212162,9.864105554860009,-0.0980692117878377,-0.13589444513999188
9.90199835846124,9.87556594789834,-0.09800164153876023,-0.12443405210165984
9.902067078887468,9.896473762339486,-0.09793292111253254,-0.10352623766051393
9.902136948684321,9.910422764336046,-0.09786305131567856,-0.08957723566395503
9.902207967031789,9.910079743799162,-0.09779203296821148,-0.08992025620083705
9.902280133096376,9.889914536356812,-0.09771986690362432,-0.11008546364318846
9.90235344603112,9.901920757270585,-0.09764655396888,-0.098079242729416
9.902427904975598,9.894297867884427,-0.09757209502440148,-0.10570213211557233
9.902503509055938,9.870494825578147,-0.09749649094406165,-0.12950517442185294
9.902580257384827,9.894952040803142,-0.09741974261517304,-0.10504795919685801
9.902658149061523,9.91107820998745,-0.09734185093847747,-0.08892179001254995
9.902737183171865,9.909762783318955,-0.09726281682813535,-0.09023721668104431
9.902817358788285,9.883093905321134,-0.09718264121171516,-0.11690609467886637
9.902898674969817,9.913971810847809,-0.09710132503018236,-0.0860281891521923
9.902981130762111,9.91227252570498,-0.09701886923788845,-0.08772747429502072
9.90306472519744,9.89495797364325,-0.09693527480255977,-0.10504202635675139
9.903149457294713,9.922406895712117,-0.09685054270528608,-0.0775931042878836
9.903235326059491,9.93716759268192,-0.09676467394050914,-0.06283240731808064
9.90332233048399,9.900598213683809,-0.09667766951601091,-0.09940178631619043
9.903410469547097,9.908566911663762,-0.0965895304529019,-0.09143308833623787
9.903499742214391,9.88159633853185,-0.096500257785609,-0.1184036614681496
9.903590147438136,9.933688302037533,-0.09640985256186349,-0.06631169796246653
9.903681684157311,9.90169381003885,-0.0963183158426886,-0.09830618996115006
9.903774351297614,9.905068257321044,-0.09622564870238723,-0.09493174267895467
9.90386814777147,9.884171895879996,-0.09613185222852917,-0.115828104120004
9.903963072478062,9.890084210585817,-0.09603692752193842,-0.10991578941418333
9.90405912430332,9.867754245720734,-0.09594087569668032,-0.13224575427926583
9.90415630211995,9.921403079950586,-0.09584369788004835,-0.07859692004941288
9.904254604787448,9.904539605784965,-0.09574539521255103,-0.09546039421503566
9.904354031152101,9.895149612344543,-0.0956459688478984,-0.104850387655457
9.90445458004701,9.888980626472817,-0.09554541995298865,-0.11101937352718289
9.904556250292107,9.940576001239139,-0.09544374970789424,-0.05942399876086121
9.904659040694153,9.903510372914068,-0.09534095930584818,-0.09648962708593244
9.90476295004677,9.906217056558686,-0.09523704995322996,-0.09378294344131288
9.904867977130449,9.928761226558436,-0.09513202286955146,-0.0712387734415651
9.904974120712557,9.941389140933827,-0.09502587928744254,-0.058610859066172485
9.905081379547363,9.89100601951662,-0.0949186204526366,-0.10899398048337992
9.905189752376044,9.948926226121035,-0.09481024762395612,-0.05107377387896569
9.905299237926702,9.904106178936562,-0.09470076207329761,-0.09589382106343766
9.905409834914384,9.906924688756119,-0.09459016508561692,-0.09307531124388199
9.905521542041086,9.903321859911657,-0.09447845795891396,-0.09667814008834362
9.905634357995782,9.906154767226788,-0.09436564200421772,-0.09384523277321173
9.905748281454429,9.936162874403413,-0.09425171854557057,-0.06383712559658607
9.905863311079987,9.855633035863379,-0.094136688920013,-0.14436696413662037
9.905979445522432,9.920734254249261,-0.09402055447756774,-0.07926574575073861
9.906096683418776,9.877879141813517,-0.09390331658122408,-0.12212085818648204
9.906215023393079,9.930318732747464,-0.0937849766069217,-0.06968126725253639
9.906334464056465,9.922336812450817,-0.09366553594353456,-0.07766318754918314
9.906455004007146,9.868127570394156,-0.09354499599285482,-0.13187242960584428
9.906576641830425,9.883878258741632,-0.09342335816957598,-0.11612174125836834
9.906699376098723,9.913647161350521,-0.09330062390127675,-0.08635283864947915
9.906823205371596,9.922339077515693,-0.09317679462840381,-0.0776609224843069
9.906948128195745,9.90359996708092,-0.09305187180425536,-0.09640003291907957
9.907074143105037,9.875392233158163,-0.09292585689496369,-0.12460776684183814
9.907201248620522,9.900324023815934,-0.09279875137947828,-0.09967597618406714
9.907329443250452,9.91459751795591,-0.09267055674954815,-0.08540248204408984
9.907458725490295,9.930234781655207,-0.09254127450970462,-0.06976521834479316
9.907589093822757,9.931809819799515,-0.09241090617724346,-0.0681901802004847
9.907720546717792,9.938484984925681,-0.09227945328220712,-0.06151501507431811
9.907853082632633,9.86541178830613,-0.09214691736736697,-0.13458821169387075
9.907986700011795,9.911347596785651,-0.09201329998820482,-0.08865240321434843
9.908121397287104,9.917324305004088,-0.09187860271289505,-0.0826756949959118
9.908257172877715,9.915739550948457,-0.09174282712228593,-0.08426044905154337
9.90839402519012,9.897654344012771,-0.0916059748098812,-0.10234565598722892
9.908531952618178,9.899796931732357,-0.09146804738182131,-0.10020306826764232
9.908670953543135,9.918897474542817,-0.09132904645686468,-0.08110252545718334
9.908811026333632,9.906188157310815,-0.09118897366636845,-0.09381184268918412
9.90895216934573,9.915427858018049,-0.0910478306542697,-0.0845721419819504
9.909094380922934,9.931295462738554,-0.09090561907706585,-0.06870453726144662
9.909237659396204,9.91253693972549,-0.09076234060379523,-0.0874630602745104
9.909382003083982,9.903784688490052,-0.09061799691601785,-0.0962153115099476
9.909527410292204,9.901980806299312,-0.0904725897077951,-0.09801919370068791
9.90967387931433,9.926122743593364,-0.09032612068567045,-0.07387725640663606
9.909821408431352,9.909276111170442,-0.09017859156864888,-0.0907238888295579
9.909969995911823,9.927952986323442,-0.09003000408817723,-0.07204701367655819
9.910119640011876,9.914361910496648,-0.08988035998812335,-0.08563808950335132
9.910270338975243,9.893523409797176,-0.08972966102475616,-0.10647659020282434
9.910422091033276,9.878890347413142,-0.08957790896672456,-0.1211096525868582
9.910574894404963,9.917988328371711,-0.08942510559503697,-0.08201167162828882
9.91072874729696,9.911285947063739,-0.08927125270304043,-0.08871405293626118
9.910883647903601,9.899343900859204,-0.08911635209639931,-0.10065609914079655
9.911039594406926,9.921606397954628,-0.08896040559307446,-0.07839360204537242
9.911196584976699,9.874678129209663,-0.08880341502330151,-0.12532187079033796
9.91135461777043,9.886498696910422,-0.08864538222956973,-0.11350130308957718
9.9115136909334,9.913962682955836,-0.08848630906660011,-0.0860373170441638
9.911673802598676,9.922106618193608,-0.08832619740132389,-0.07789338180639213
9.91183495088714,9.912336317208519,-0.0881650491128603,-0.08766368279148205
9.911997133907505,9.911290324088617,-0.08800286609249489,-0.08870967591138348
9.912160349756343,9.931609745262096,-0.08783965024365697,-0.06839025473790449
9.912324596518102,9.931719967894018,-0.08767540348189752,-0.06828003210598123
9.912489872265134,9.913263931055456,-0.08751012773486669,-0.08673606894454525
9.912656175057709,9.9288055042468,-0.08734382494229094,-0.07119449575320104
9.912823502944049,9.917002235867542,-0.08717649705595067,-0.08299776413245763
9.912991853960342,9.895716497203873,-0.08700814603965687,-0.10428350279612691
9.913161226130772,9.901983148673349,-0.08683877386922852,-0.0980168513266514
9.91333161746753,9.922487259783079,-0.08666838253246895,-0.07751274021692083
9.913503025970858,9.925587494752119,-0.08649697402914293,-0.07441250524788226
9.913675449629046,9.927455351711838,-0.08632455037095288,-0.07254464828816123
9.913848886418485,9.928193108166672,-0.08615111358151546,-0.07180689183332704
9.914023334303662,9.949477198652303,-0.08597666569633772,-0.050522801347696815
9.914198791237206,9.908520823274078,-0.08580120876279318,-0.09147917672592264
9.914375255159902,9.890248967502082,-0.08562474484009802,-0.10975103249791825
9.914552724000714,9.922526455857199,-0.08544727599928653,-0.07747354414280068
9.914731195676813,9.926799043763342,-0.08526880432318724,-0.07320095623665837
9.914910668093603,9.91932595091042,-0.0850893319063981,-0.08067404908957998
9.915091139144737,9.898225754983399,-0.0849088608552622,-0.10177424501660143
9.915272606712158,9.894537341062957,-0.08472739328784272,-0.10546265893704264
9.915455068666102,9.935802055320734,-0.08454493133389848,-0.06419794467926618
9.915638522865141,9.918433502436772,-0.08436147713485852,-0.08156649756322898
9.915822967156203,9.923717752672552,-0.08417703284379735,-0.07628224732744787
9.91600839937459,9.934184365138714,-0.08399160062540936,-0.0658156348612865
9.916194817344017,9.888961590266556,-0.08380518265598358,-0.11103840973344371
9.916382218876622,9.930048454532624,-0.08361778112337825,-0.06995154546737561
9.916570601773005,9.915287769919892,-0.08342939822699479,-0.08471223008010799
9.916759963822248,9.883956149550736,-0.0832400361777524,-0.1160438504492636
9.916950302801938,9.93773241288419,-0.08304969719806177,-0.06226758711581022
9.917141616478201,9.95282900027037,-0.0828583835217993,-0.04717099972963071
9.91733390260572,9.931876543841062,-0.08266609739428052,-0.06812345615893858
9.917527158927767,9.95315628471039,-0.08247284107223417,-0.04684371528961053
9.917721383176225,9.901846197007446,-0.08227861682377532,-0.09815380299255405
9.91791657307162,9.895715885668634,-0.08208342692837894,-0.10428411433136572
9.918112726323146,9.952253025687101,-0.08188727367685326,-0.047746974312899426
9.918309840628687,9.92826589263451,-0.08169015937131256,-0.07173410736548942
9.91850791367485,9.896396920885982,-0.08149208632515052,-0.10360307911401805
9.918706943136987,9.944238489114825,-0.08129305686301273,-0.05576151088517503
9.918906926679231,9.91504454914114,-0.08109307332076975,-0.084955450858861
9.91910786195451,9.93727548701008,-0.0808921380454893,-0.06272451298992048
9.919309746604592,9.918953005064644,-0.08069025339540915,-0.08104699493535643
9.919512578260091,9.928971844787254,-0.08048742173990904,-0.07102815521274518
9.919716354540517,9.927111185327258,-0.0802836454594832,-0.07288881467274166
9.919921073054288,9.94546601627271,-0.08007892694571217,-0.054533983727289265
9.920126731398765,9.93660678334961,-0.0798732686012348,-0.06339321665039055
9.92033332716028,9.940098205950203,-0.07966667283972023,-0.05990179404979702
9.92054085791416,9.921337767455032,-0.07945914208583921,-0.07866223254496747
9.920749321224765,9.931137105497946,-0.07925067877523606,-0.06886289450205337
9.9209587146455,9.91366033917833,-0.07904128535449968,-0.08633966082167056
9.921169035718865,9.897034152436442,-0.07883096428113519,-0.10296584756355778
9.921380281976464,9.905569199074293,-0.07861971802353473,-0.09443080092570746
9.921592450939052,9.928546869226194,-0.07840754906094895,-0.07145313077380533
9.921805540116543,9.941511451363732,-0.07819445988345734,-0.05848854863626714
9.92201954700806,9.967028357966507,-0.07798045299193959,-0.03297164203349351
9.922234469101955,9.924440387511918,-0.07776553089804579,-0.07555961248808252
9.922450303875832,9.941798106085754,-0.07754969612416712,-0.05820189391424656
9.922667048796594,9.927031790035166,-0.0773329512034064,-0.07296820996483483
9.922884701320452,9.9214461733756,-0.07711529867954803,-0.07855382662440046
9.923103258892972,9.890145594308114,-0.07689674110702849,-0.10985440569188494
9.923322718949095,9.961673009467303,-0.07667728105090599,-0.03832699053269653
9.92354307891317,9.9482401140221,-0.07645692108683078,-0.051759885977899885
9.923764336198985,9.934929055995607,-0.07623566380101451,-0.06507094400439374
9.923986488209799,9.895181468149465,-0.07601351179020024,-0.10481853185053583
9.924209532338368,9.949129586862224,-0.07579046766163162,-0.050870413137775516
9.924433465966978,9.921380663630867,-0.07556653403302266,-0.07861933636913375
9.924658286467473,9.92158016602361,-0.07534171353252667,-0.07841983397639098
9.924883991201295,9.907116791062842,-0.07511600879870553,-0.09288320893715789
9.9251105775195,9.922939140789103,-0.07488942248049894,-0.07706085921089738
9.925338042762807,9.89270751207813,-0.07466195723719292,-0.10729248792187007
9.92556638426161,9.963026029338707,-0.07443361573838905,-0.036973970661293015
9.925795599336027,9.905756736125038,-0.07420440066397266,-0.09424326387496139
9.926025685295919,9.908336094466716,-0.07397431470408188,-0.09166390553328432
9.926256639440924,9.968826128751326,-0.07374336055907559,-0.031173871248673622
9.926488459060497,9.926891727097608,-0.07351154093950217,-0.0731082729023909
9.926721141433934,9.936678942198977,-0.07327885856606728,-0.06332105780102201
9.926954683830397,9.926118407071952,-0.07304531616960229,-0.07388159292804741
9.927189083508969,9.925641131765644,-0.07281091649103193,-0.0743588682343553
9.927424337718659,9.913919350123672,-0.07257566228134227,-0.0860806498763279
9.927660443698452,9.900218547998701,-0.07233955630154855,-0.09978145200129904
9.927897398677338,9.911742278014843,-0.07210260132266244,-0.08825772198515602
9.92813519987434,9.987933467293164,-0.07186480012565996,-0.012066532706835637
9.928373844498552,9.914603690579838,-0.07162615550144834,-0.08539630942016105
9.928613329749167,9.933478876519809,-0.07138667025083377,-0.06652112348019153
9.928853652815512,9.934130954281104,-0.07114634718448809,-0.06586904571889604
9.929094810877084,9.91568423074552,-0.0709051891229162,-0.08431576925448042
9.929336801103577,9.924158604068833,-0.07066319889642257,-0.07584139593116673
9.929579620654922,9.947783652204178,-0.07042037934507828,-0.05221634779582145
9.929823266681312,9.949750638514562,-0.0701767333186877,-0.050249361485438265
9.930067736323245,9.926003869554332,-0.0699322636767548,-0.0739961304456678
9.93031302671155,9.945811590462078,-0.06968697328844999,-0.05418840953792114
9.930559134967424,9.926339665496176,-0.06944086503257589,-0.07366033450382342
9.930806058202466,9.92972644968381,-0.0691939417975342,-0.07027355031618972
9.931053793518709,9.956085765293816,-0.06894620648129118,-0.04391423470618473
9.931302338008656,9.907610318260703,-0.06869766199134418,-0.09238968173929676
9.931551688755313,9.922721649546824,-0.06844831124468696,-0.07727835045317631
9.931801842832224,9.931672124875089,-0.0681981571677761,-0.06832787512491091
9.932052797303504,9.955907093020025,-0.06794720269649601,-0.04409290697997467
9.932304549223876,9.929732841172072,-0.06769545077612488,-0.07026715882792758
9.9325570956387,9.930887379695676,-0.06744290436130011,-0.06911262030432308
9.932810433584017,9.937863436407353,-0.06718956641598334,-0.062136563592646965
9.933064560086574,9.935233147600242,-0.06693543991342606,-0.06476685239975877
9.933319472163866,9.95127940685555,-0.06668052783613426,-0.048720593144449625
9.933575166824166,9.912705983952767,-0.06642483317583396,-0.08729401604723357
9.933831641066565,9.93470223400187,-0.06616835893343553,-0.06529776599813022
9.934088891881,9.921286103446255,-0.06591110811899903,-0.07871389655374474
9.934346916248302,9.940719658318976,-0.06565308375169832,-0.05928034168102377
9.934605711140215,9.950785682320506,-0.0653942888597862,-0.04921431767949353
9.934865273519442,9.959470563136811,-0.06513472648055836,-0.04052943686318926
9.935125600339681,9.918393017785048,-0.06487439966031798,-0.08160698221495225
9.935386688545659,9.930835339221003,-0.06461331145434013,-0.06916466077899706
9.935648535073165,9.924078756074639,-0.06435146492683551,-0.07592124392536173
9.935911136849086,9.94302197613309,-0.0640888631509149,-0.05697802386690958
9.936174490791448,9.938216639029005,-0.06382550920855272,-0.06178336097099567
9.936438593809449,9.956745386935783,-0.06356140619055127,-0.04325461306421645
9.936703442803497,9.92993893704505,-0.063296557196504,-0.07006106295495096
9.93696903466524,9.926014215669548,-0.06303096533475955,-0.0739857843304525
9.937235366277616,9.924994409740034,-0.0627646337223849,-0.0750055902599664
9.93750243451487,9.957315588057988,-0.062497565485129206,-0.042684411942012446
9.937770236242613,9.913326258109198,-0.06222976375738666,-0.08667374189080196
9.93803876831784,9.930742963512666,-0.061961231682159945,-0.06925703648733447
9.938308027588976,9.906961638885246,-0.061691972411023525,-0.09303836111475355
9.938578010895913,9.942044664848062,-0.061421989104086167,-0.05795533515193795
9.938848715070046,9.902402089403974,-0.06115128492995442,-0.09759791059602481
9.939120136934305,9.924683532748316,-0.0608798630656949,-0.0753164672516834
9.939392273303202,9.968040248195871,-0.06060772669679751,-0.03195975180412906
9.939665120982863,9.905669193316529,-0.06033487901713752,-0.09433080668347113
9.939938676771062,9.947815064946633,-0.060061323228938646,-0.05218493505336615
9.940212937457265,9.916699589285095,-0.05978706254273496,-0.08330041071490475
9.940487899822667,9.952367167893025,-0.05951210017733344,-0.047632832106976025
9.940763560640224,9.912790490069327,-0.059236439359776405,-0.08720950993067393
9.941039916674697,9.949486096202161,-0.05896008332530313,-0.050513903797839474
9.941316964682688,9.959870564689044,-0.05868303531731244,-0.04012943531095611
9.941594701412676,9.934974976624082,-0.05840529858732411,-0.0650250233759177
9.941873123605058,9.939726980714513,-0.05812687639494122,-0.06027301928548707
9.942152227992189,9.932058414746978,-0.05784777200781141,-0.06794158525302278
9.942432011298411,9.972392905123591,-0.057567988701588996,-0.027607094876409225
9.942712470240103,9.951538673802226,-0.05728752975989604,-0.048461326197774116
9.942993601525716,9.932447725693278,-0.057006398474284375,-0.06755227430672173
9.943275401855804,9.940482209606753,-0.056724598144196385,-0.05951779039324761
9.943557867923074,9.95655811768817,-0.05644213207692664,-0.04344188231183092
9.943840996412417,9.900680170788613,-0.05615900358758317,-0.09931982921138618
9.944124784000952,9.90761159924516,-0.05587521599904813,-0.0923884007548409
9.944409227358062,9.962943619765525,-0.055590772641939325,-0.03705638023447479
9.944694323145429,9.896594252913268,-0.05530567685457061,-0.103405747086733
9.944980068017086,9.947495580074659,-0.05501993198291321,-0.05250441992534175
9.945266458619445,9.911125389800986,-0.05473354138055595,-0.0888746101990133
9.945553491591333,9.921110338024167,-0.05444650840866641,-0.07888966197583203
9.94584116356405,9.932524685190593,-0.05415883643595091,-0.06747531480940641
9.946129471161385,9.9117101467385,-0.05387052883861563,-0.08828985326149996
9.946418410999673,9.914352042514926,-0.05358158900032635,-0.08564795748507392
9.946707979687831,9.972506724451533,-0.053292020312169064,-0.027493275548467127
9.94699817382739,9.929516865995645,-0.05300182617261034,-0.07048313400435556
9.947288990012543,9.945034298150128,-0.05271100998745694,-0.054965701849871575
9.947580424830184,9.963495801300018,-0.05241957516981645,-0.03650419869998221
9.947872474859944,9.938991307715275,-0.05212752514005661,-0.061008692284725524
9.948165136674234,9.941701352347337,-0.051834863325765784,-0.05829864765266309
9.948458406838288,9.929471525832756,-0.05154159316171211,-0.0705284741672434
9.948752281910195,9.938355962129265,-0.05124771808980382,-0.061644037870736065
9.949046758440952,9.992497303504138,-0.05095324155904823,-0.007502696495863048
9.949341832974488,9.955832000440543,-0.05065816702551185,-0.044167999559456585
9.94963750204772,9.928240209293936,-0.050362497952279296,-0.07175979070606504
9.949933762190588,9.93429265620321,-0.05006623780941293,-0.06570734379679039
9.950230609926088,9.949983094360885,-0.04976939007391226,-0.05001690563911429
9.950528041770328,9.948113045474111,-0.04947195822967268,-0.0518869545258888
9.950826054232556,9.977858078057537,-0.04917394576744519,-0.022141921942462634
9.951124643815206,9.9526944886404,-0.04887535618479474,-0.04730551135959893
9.95142380701394,9.910448129179864,-0.04857619298605989,-0.08955187082013684
9.951723540317689,9.944035516800298,-0.04827645968231102,-0.055964483199702764
9.95202384020869,9.918615400563736,-0.047976159791309744,-0.08138459943626399
9.952324703162533,9.944783379835306,-0.04767529683746699,-0.05521662016469437
9.952626125648198,9.930810097409239,-0.04737387435180229,-0.06918990259076038
9.952928104128098,9.940547469142881,-0.04707189587190178,-0.05945253085711806
9.953230635058123,9.988635097890164,-0.04676936494187691,-0.011364902109836927
9.953533714887676,9.978408168093242,-0.04646628511232308,-0.021591831906758212
9.953837340059723,9.953150808475442,-0.046162659940277434,-0.046849191524558007
9.954141507010823,9.96708886244389,-0.04585849298917774,-0.03291113755611126
9.95444621217118,9.964837402225829,-0.04555378782881994,-0.035162597774171425
9.954751451964682,9.975419325247705,-0.04524854803531686,-0.02458067475229481
9.955057222808945,9.92995821936092,-0.04494277719105565,-0.07004178063908058
9.955363521115343,9.971508608871883,-0.04463647888465633,-0.028491391128116713
9.955670343289071,9.977711508665738,-0.04432965671092916,-0.02228849133426141
9.955977685729167,9.942543142771319,-0.04402231427083265,-0.05745685722868192
9.95628554482857,9.919274104481762,-0.04371445517143155,-0.08072589551823911
9.956593916974146,9.915960634254297,-0.04340608302585399,-0.08403936574570274
9.95690279854675,9.99655687893971,-0.04309720145324965,-0.0034431210602889964
9.957212185921254,9.949904047754803,-0.042787814078746704,-0.0500959522451971
9.95752207546659,9.961491966577752,-0.042477924533409886,-0.03850803342224756
9.957832463545802,9.960739728636984,-0.04216753645419724,-0.03926027136301656
9.958143346516081,10.000084752079587,-0.041856653483918066,8.475207958677511e-05
9.95845472072881,9.949715037256519,-0.04154527927118956,-0.050284962743481085
9.958766582529606,9.982177901241037,-0.041233417470394586,-0.017822098758962457
9.959078928258362,10.010134210833963,-0.04092107174163826,0.010134210833963014
9.959391754249294,9.98149452623383,-0.04060824575070523,-0.01850547376617137
9.959705056830984,9.95950336158526,-0.04029494316901686,-0.04049663841474133
9.960018832326412,9.960688567629372,-0.03998116767358765,-0.03931143237062803
9.960333077053017,9.938417048359021,-0.03966692294698265,-0.06158295164097963
9.960647787322726,9.965639720756378,-0.03935221267727364,-0.034360279243621054
9.960962959442003,9.96318049275862,-0.03903704055799648,-0.03681950724138104
9.961278589711894,9.922718098325657,-0.03872141028810709,-0.07728190167434343
9.961594674428062,9.933527245125099,-0.03840532557193876,-0.06647275487490051
9.961911209880842,9.978029046164012,-0.03808879011915792,-0.02197095383598843
9.962228192355278,10.00413559469205,-0.037771807644721336,0.004135594692049688
9.962545618131168,9.973844585797705,-0.037454381868831925,-0.026155414202294225
9.962863483483105,9.947831578155519,-0.03713651651689529,-0.052168421844481436
9.963181784680524,9.981909860356343,-0.036818215319476315,-0.01809013964365669
9.963500517987745,9.990176551151848,-0.03649948201225473,-0.009823448848151763
9.963819679664018,9.946419968012453,-0.03618032033598201,-0.053580031987546864
9.964139265963563,10.005074497614789,-0.03586073403643674,0.005074497614789064
9.964459273135619,9.964320460466652,-0.03554072686438135,-0.03567953953334796
9.964779697424483,9.984959752877156,-0.03522030257551744,-0.015040247122843915
9.965100535069558,9.977004366085616,-0.03489946493044233,-0.02299563391438344
9.965421782305397,9.983721524319025,-0.034578217694604306,-0.016278475680976033
9.965743435361741,9.96776979597303,-0.03425656463825905,-0.03223020402697056
9.966065490463576,9.96719723895103,-0.03393450953642484,-0.03280276104897025
9.966387943831162,9.945854130732183,-0.033612056168838465,-0.054145869267816255
9.96671079168009,10.005598623839079,-0.033289208319911154,0.0055986238390794835
9.967034030221317,10.000867455591012,-0.03296596977868354,0.000867455591012381
9.967357655661218,10.003033483768098,-0.03264234433878189,0.0030334837680976792
9.967681664201628,9.992408835040314,-0.03231833579837287,-0.007591164959686342
9.96800605203988,9.969377591253552,-0.0319939479601197,-0.03062240874644714
9.968330815368864,9.999694521978375,-0.0316691846311368,-0.00030547802162488036
9.968655950377054,9.94945233573118,-0.03134404962294579,-0.05054766426881868
9.96898145324857,9.962293504628114,-0.031018546751430204,-0.0377064953718854
9.969307320163209,9.965018544176782,-0.03069267983679091,-0.034981455823218134
9.969633547296498,9.964409348187829,-0.030366452703501565,-0.035590651812171255
9.969960130819738,9.977863350266615,-0.030039869180263103,-0.02213664973338589
9.97028706690004,9.990847889202326,-0.029712933099959527,-0.009152110797673262
9.970614351700387,9.979527069736873,-0.0293856482996122,-0.020472930263127187
9.970941981379665,9.991649866694537,-0.02905801862033551,-0.008350133305462366
9.971269952092708,9.993211409038357,-0.028730047907291112,-0.006788590961641666
9.971598259990357,9.987861148221224,-0.02840174000964348,-0.01213885177877638
9.971926901219486,9.97324262513768,-0.028073098780514047,-0.026757374862320406
9.972255871923064,10.008380465189784,-0.027744128076936655,0.008380465189784237
9.972585168240188,9.980495531514658,-0.027414831759811728,-0.019504468485342406
9.97291478630614,9.949770844572152,-0.027085213693861174,-0.050229155427848296
9.973244722252417,9.991494265182745,-0.02675527774758329,-0.00850573481725618
9.973574972206793,9.960670386019139,-0.026425027793206792,-0.03932961398086046
9.973905532293355,9.99870005263917,-0.02609446770664602,-0.0012999473608297507
9.974236398632545,9.974466135094557,-0.025763601367454786,-0.025533864905441912
9.974567567341218,9.949482731885317,-0.025432432658781513,-0.0505172681146828
9.974899034532678,9.95426048334005,-0.02510096546732298,-0.04573951665994931
9.97523079631672,9.990309205200443,-0.02476920368327939,-0.009690794799556762
9.975562848799692,9.941991833298108,-0.024437151200308052,-0.058008166701891496
9.975895188084522,9.981770959399439,-0.02410481191547833,-0.018229040600561245
9.976227810270775,9.97202141728683,-0.02377218972922533,-0.027978582713168925
9.976560711454695,9.9678583748843,-0.02343928854530437,-0.0321416251157004
9.976893887729254,9.97652592565817,-0.023106112270745438,-0.023474074341830287
9.977227335184192,9.958651800615895,-0.022772664815806722,-0.04134819938410433
9.97756104990607,10.003732563899835,-0.022438950093929405,0.0037325638998355164
9.97789502797831,9.963128510937583,-0.022104972021691056,-0.03687148906241626
9.97822926548124,9.982190438763297,-0.021770734518760354,-0.017809561236702205
9.97856375849215,10.01190484954229,-0.021436241507850375,0.011904849542290027
9.978898503085327,9.98892206626519,-0.021101496914673275,-0.011077933734810455
9.979233495332107,9.998695845898414,-0.020766504667893503,-0.0013041541015853565
9.979568731300917,9.969896425666468,-0.0204312686990824,-0.030103574333532612
9.979904207057329,9.962419117492908,-0.020095792942671428,-0.03758088250709085
9.980239918664093,9.999820806398029,-0.019760081335906288,-0.00017919360197042253
9.9805758621812,9.991864129299667,-0.019424137818800945,-0.008135870700332644
9.98091203366591,9.994739193555075,-0.019087966334090777,-0.005260806444924935
9.981248429172814,9.978794158339468,-0.018751570827187022,-0.021205841660531095
9.98158504475387,9.979417134185807,-0.018414955246129763,-0.0205828658141922
9.981921876458458,9.977438129326003,-0.018078123541542267,-0.022561870673996665
9.982258920333416,9.957270860067057,-0.017741079666583975,-0.04272913993294347
9.982596172423095,9.962993920891048,-0.017403827576904753,-0.037006079108952136
9.982933628769402,10.003699070822961,-0.017066371230597788,0.0036990708229602993
9.983271285411845,9.985400604345013,-0.016728714588153847,-0.014599395654986377
9.983609138387585,9.955502266336367,-0.016390861612414168,-0.044497733663631994
9.983947183731475,10.00655223769924,-0.016052816268524207,0.006552237699240942
9.984285417476112,9.987153006042037,-0.01571458252388738,-0.01284699395796336
9.984623835651883,10.036388186534305,-0.015376164348117886,0.03638818653430484
9.984962434287006,9.975216940980392,-0.015037565712994805,-0.02478305901960827
9.985301209407584,10.02492077489754,-0.014698790592414801,0.024920774897540382
9.985640157037654,9.986840644346044,-0.014359842962346173,-0.013159355653956645
9.985979273199218,9.989709068877326,-0.014020726800781489,-0.010290931122673949
9.986318553912309,9.951861913636757,-0.01368144608769161,-0.04813808636324308
9.986657995195023,9.987100271953187,-0.013342004804978361,-0.012899728046812364
9.986997593063572,10.001283881725097,-0.013002406936428054,0.0012838817250964904
9.987337343532335,9.980634535283453,-0.012662656467665016,-0.019365464716547133
9.987677242613897,10.002450776677843,-0.01232275738610417,0.0024507766778442495
9.988017286319096,9.998016876622906,-0.011982713680904967,-0.0019831233770939306
9.988357470657077,10.030469220186891,-0.01164252934292385,0.030469220186891417
9.988697791635332,10.006502839578769,-0.011302208364668123,0.006502839578768547
9.989038245259751,10.008019224702506,-0.01096175474024839,0.008019224702506848
9.989378827534667,10.026293992327517,-0.010621172465332382,0.02629399232751762
9.989719534462903,9.99227300124631,-0.010280465537097362,-0.0077269987536889
9.990060362045815,9.978896733772372,-0.00993963795418391,-0.021103266227628842
9.990401306283351,9.964460795716498,-0.009598693716648387,-0.035539204283501394
9.990742363174084,10.00876894153815,-0.009257636825916243,0.008768941538150955
9.991083528715265,10.00166049911448,-0.008916471284735331,0.0016604991144800463
9.991424798902871,9.98325069185645,-0.008575201097128301,-0.01674930814355001
9.991766169731653,9.99489968894097,-0.00823383026834632,-0.0051003110590295015
9.99210763719518,10.026381609712939,-0.007892362804821355,0.026381609712938958
9.99244919728588,10.004599471529936,-0.007550802714119867,0.00459947152993639
9.992790845995104,10.008766422843541,-0.007209154004895059,0.008766422843541566
9.99313257931316,9.973049373539023,-0.006867420686840544,-0.026950626460977026
9.993474393229357,9.994153836020141,-0.006525606770642574,-0.005846163979859098
9.993816283732066,9.99705258010471,-0.006183716267933683,-0.0029474198952914683
9.994158246808755,9.986759400925594,-0.005841753191244978,-0.013240599074405938
9.99450027844604,9.992299020055366,-0.005499721553959319,-0.007700979944633063
9.994842374629735,9.949265720587832,-0.00515762537026448,-0.05073427941216752
9.995184531344895,9.991912145429652,-0.004815468655105416,-0.008087854570348775
9.995526744575862,9.987808606379899,-0.004473255424137851,-0.012191393620102223
9.99586901030632,10.002077819175131,-0.004130989693680444,0.002077819175130725
9.996211324519331,10.008655435084759,-0.003788675480668356,0.008655435084757886
9.996553683197394,9.99166235002047,-0.003446316802605401,-0.00833764997953109
9.996896082322483,9.9653742354336,-0.003103917677517603,-0.03462576456639946
9.997238517876095,10.006445640146536,-0.002761482123905329,0.006445640146535524
9.997580985839303,9.980816258914855,-0.002419014160696838,-0.01918374108514468
9.9979234821928,10.014108813652527,-0.002076517807200491,0.014108813652526087
9.998266002916942,10.02855574999036,-0.0017339970830578461,0.02855574999036059
9.998608543991804,10.001335428406092,-0.0013914560081967498,0.0013354284060927229
9.998951101397216,9.983197164740595,-0.0010488986027835355,-0.01680283525940517
9.999293671112824,10.012551581330442,-0.0007063288871765512,0.012551581330442534
9.999636249118122,10.003382605974263,-0.00036375088187826684,0.0033826059742637755
9.99997883139251,9.986004443577093,-2.1168607488797664e-05,-0.01399555642290798
10.000321413915342,9.99418228247988,0.0003214139153419931,-0.005817717520120782
10.000663992665961,10.010834310251893,0.0006639926659609711,0.010834310251893069
10.00100656362376,10.016982638643368,0.0010065636237595401,0.01698263864336755
10.00134912276822,9.994327993135062,0.0013491227682205632,-0.005672006864938002
10.001691666078965,10.019657227576666,0.0016916660789652817,0.019657227576665083
10.0020341895358,9.981581942735273,0.002034189535801121,-0.018418057264726617
10.002376689118767,10.004652270890327,0.0023766891187681637,0.004652270890326337
10.002719160808187,9.993240524184941,0.0027191608081870385,-0.006759475815059141
10.003061600584706,9.991731066987903,0.0030616005847053855,-0.008268933012097348
10.003404004429346,10.03382292610963,0.003404004429345739,0.03382292610963128
10.003746368323553,10.028343068949475,0.003746368323551988,0.028343068949475844
10.004088688249237,10.002599566460045,0.004088688249237245,0.002599566460044711
10.00443096018883,10.005217359593447,0.004430960188830295,0.0052173595934472345
10.004773180125323,10.003247287071225,0.004773180125323371,0.0032472870712260435
10.005115344042318,9.986955703462575,0.005115344042319028,-0.013044296537424782
10.005457447924076,10.018537109981214,0.005457447924077017,0.01853710998121368
10.005799487755562,9.996310850601217,0.005799487755562036,-0.0036891493987819537
10.00614145952249,10.052250687956553,0.006141459522490145,0.05225068795655217
10.006483359211376,9.998567920952286,0.006483359211376579,-0.0014320790477138703
10.006825182809582,10.006882294950838,0.006825182809582154,0.006882294950838025
10.007166926305361,9.985302581148762,0.007166926305361057,-0.014697418851238094
10.007508585687907,10.026626597325425,0.007508585687907236,0.026626597325425716
10.007850156947402,10.009379119068797,0.007850156947402166,0.009379119068796208
10.008191636075061,9.994562463817358,0.008191636075061208,-0.005437536182641952
10.008533019063181,9.990285580641665,0.008533019063181274,-0.009714419358335504
10.008874301905188,10.009950636026824,0.008874301905187605,0.009950636026824673
10.00921548059568,10.006741254183984,0.009215480595680512,0.006741254183984845
10.009556551130483,10.00946878010077,0.009556551130483025,0.009468780100770267
10.009897509506688,10.014287911693488,0.009897509506687161,0.014287911693487499
10.010238351722702,9.996825359819455,0.01023835172270162,-0.0031746401805439004
10.010579073778299,9.978127432925778,0.010579073778298038,-0.021872567074222575
10.010919671674658,10.01779094919482,0.01091967167465865,0.01779094919481961
10.011260141414423,9.996980191787445,0.011260141414422503,-0.003019808212555297
10.011600479001734,10.025311991589867,0.011600479001733081,0.025311991589867244
10.011940680442285,10.016347479380043,0.0119406804422845,0.0163474793800424
10.01228074174337,10.001682945844676,0.012280741743368998,0.001682945844676216
10.012620658913924,9.990576701890692,0.012620658913923536,-0.00942329810930846
10.012960427964577,10.01404756985349,0.012960427964576367,0.014047569853490057
10.013300044907695,9.977515906101326,0.013300044907694479,-0.022484093898673577
10.01363950575743,10.039588023204693,0.013639505757429683,0.03958802320469327
10.013978806529765,10.012272429452253,0.01397880652976611,0.012272429452252273
10.014317943242567,10.008708697010055,0.014317943242566248,0.008708697010055394
10.014656911915619,10.01665653768253,0.014656911915618399,0.016656537682531204
10.014995708570682,9.99113739787657,0.014995708570682668,-0.008862602123430673
10.015334329231539,10.057851794596594,0.015334329231538374,0.05785179459659443
10.01567276992403,9.99620163177718,0.01567276992403001,-0.003798368222821518
10.016011026676114,10.002680885445578,0.01601102667611448,0.002680885445577725
10.016349095517908,10.008677352886753,0.016349095517907492,0.00867735288675307
10.01668697248173,9.991750626586475,0.01668697248172984,-0.008249373413524445
10.017024653602155,10.032325843139224,0.01702465360215463,0.03232584313922513
10.017362134916054,10.038273559764102,0.017362134916053075,0.03827355976410231
10.017699412462642,10.00709012267871,0.01769941246264174,0.007090122678709523
10.018036482283529,10.045842420088633,0.018036482283528305,0.045842420088632596
10.018373340422759,10.035506649608497,0.018373340422758747,0.035506649608497295
10.018709982926863,9.986486767361212,0.018709982926863048,-0.01351323263878745
10.019046405844902,9.977305082787144,0.019046405844902203,-0.022694917212855544
10.019382605228515,10.031522216848307,0.019382605228514344,0.03152221684830661
10.019718577131961,10.043696696429375,0.019718577131960815,0.043696696429375306
10.020054317612173,10.03206913880986,0.020054317612173068,0.03206913880985937
10.020389822728799,9.99944759057551,0.02038982272879828,-0.0005524094244890934
10.020725088544246,10.024467396514007,0.020725088544246262,0.024467396514007558
10.021060111123735,10.01672989878294,0.021060111123734987,0.016729898782939095
10.021394886535337,10.02626113687147,0.021394886535337485,0.026261136871469762
10.021729410850027,10.048678537210053,0.02172941085002725,0.048678537210053135
10.022063680141725,10.019072605961226,0.022063680141725096,0.019072605961224905
10.022397690487345,10.069098922404658,0.02239769048734451,0.0690989224046587
10.022731437966838,10.01931436931148,0.022731437966838297,0.01931436931148077
10.023064918663245,10.0325223383121,0.02306491866324436,0.032522338312099414
10.02339812866273,10.03460315900399,0.023398128662731374,0.0346031590039898
10.023731064054646,10.044891348791865,0.02373106405464535,0.04489134879186382
10.024063720931554,10.046492898103889,0.02406372093155483,0.0464928981038886
10.024396095389298,10.044100688024237,0.024396095389297434,0.04410068802423645
10.024728183527024,10.018689668464994,0.024728183527024994,0.01868966846499435
10.02505998144725,10.032725489426323,0.02505998144725004,0.03272548942632193
10.025391485255891,10.009905717241654,0.025391485255890817,0.00990571724165442
10.025722691062319,10.003947273647643,0.025722691062317723,0.003947273647644103
10.026053594979398,10.045188901214745,0.02605359497939822,0.04518890121474515
10.026384193123544,10.036361679283205,0.026384193123543138,0.036361679283204704
10.026714481614752,10.04235364705457,0.026714481614751918,0.042353647054569725
10.027044456576657,10.014298985792113,0.027044456576657938,0.014298985792112476
10.027374114136574,10.012163189572126,0.02737411413657459,0.01216318957212663
10.02770345042554,10.013308547228771,0.027703450425540052,0.01330854722877093
10.028032461578363,10.069785824289378,0.028032461578363383,0.06978582428937821
10.028361143733669,10.001741046732276,0.028361143733669186,0.0017410467322752435
10.028689493033944,10.04247280500581,0.028689493033943633,0.04247280500580984
10.029017505625578,10.021368823599328,0.029017505625579032,0.021368823599327756
10.02934517765892,10.025657788442127,0.02934517765891976,0.025657788442126253
10.029672505288307,10.016346264434102,0.029672505288306734,0.016346264434102413
10.029999484672123,9.988542873062562,0.02999948467212317,-0.011457126937438673
10.030326111972839,10.021855986353481,0.03032611197283938,0.021855986353480628
10.030652383357058,10.034601013072367,0.030652383357057607,0.03460101307236602
10.030978294995558,10.020946465970402,0.03097829499555755,0.020946465970401625
10.031303843063341,10.033378916090367,0.03130384306334067,0.0333789160903672
10.031629023739676,10.050471997339509,0.031629023739675736,0.050471997339509175
10.031953833208142,10.039479127422025,0.031953833208143,0.039479127422024245
10.032278267656679,10.018733411020046,0.032278267656679654,0.01873341102004624
10.032602323277624,10.034279685033999,0.032602323277623926,0.03427968503399945
10.03292599626776,10.022154169650936,0.03292599626776029,0.022154169650935727
10.033249282828365,10.054187034499225,0.033249282828363924,0.05418703449922567
10.033572179165246,9.998190790643651,0.03357217916524501,-0.0018092093563495185
10.033894681488794,10.031452612474016,0.033894681488793835,0.031452612474015526
10.034216786014024,10.012236181352428,0.03421678601402461,0.012236181352428738
10.03453848896062,10.032684633425918,0.03453848896062057,0.032684633425916994
10.034859786552978,10.024438138245797,0.03485978655297767,0.024438138245797818
10.03518067502025,10.04184532075018,0.03518067502024956,0.041845320750179965
10.03550115059639,10.019286479296134,0.03550115059639116,0.01928647929613495
10.035821209520204,10.03684228941015,0.03582120952020355,0.03684228941014891
10.036140848035377,10.047807357221131,0.036140848035377426,0.04780735722113195
10.036460062390537,10.047608155374421,0.036460062390537805,0.04760815537442117
10.036778848839289,10.040946958256868,0.03677884883928774,0.04094695825686734
10.037097203640252,10.04530499180867,0.03709720364025209,0.045304991808670404
10.037415123057121,10.02138272785587,0.037415123057121996,0.02138272785587028
10.037732603358698,10.013379228298108,0.037732603358698075,0.01337922829810781
10.038049640818935,10.077563403698054,0.03804964081893485,0.07756340369805335
10.038366231716983,10.027195521530864,0.038366231716983855,0.027195521530863985
10.038682372337238,10.036377554166,0.038682372337237925,0.03637755416600039
10.038998058969375,10.020199561991252,0.038998058969374166,0.020199561991252148
10.039313287908397,10.05275280309298,0.03931328790839817,0.052752803092979736
10.039628055454687,10.00152780547898,0.03962805545468682,0.001527805478981556
10.039942357914033,10.02698776630445,0.03994235791403228,0.026987766304450125
10.040256191597685,10.032758306411388,0.04025619159768511,0.032758306411387245
10.040569552822397,10.030861714760325,0.04056955282239736,0.030861714760325544
10.040882437910467,9.999906739665665,0.04088243791046629,-9.326033433480069e-05
10.041194843189777,10.047978697506714,0.04119484318977693,0.047978697506714955
10.041506764993846,10.062425466853425,0.04150676499384583,0.06242546685342441
10.041818199661863,10.043862875105859,0.0418181996618634,0.043862875105858234
10.042129143538737,10.01086633642629,0.04212914353873756,0.010866336426289792
10.042439592975136,10.040260353383955,0.04243959297513602,0.0402603533839552
10.04274954432753,10.021691119917639,0.04274954432752966,0.02169111991763883
10.043058993958235,10.09311658109359,0.04305899395823473,0.09311658109358917
10.043367938235455,10.061873029594167,0.0433679382354561,0.06187302959416731
10.04367637353333,10.060107930263763,0.043676373533329586,0.060107930263763584
10.043984296231965,10.061128888704367,0.043984296231964315,0.06112888870436679
10.044291702717485,10.029915937531545,0.04429170271748576,0.029915937531544635
10.044598589382078,10.055194832733939,0.0445985893820775,0.05519483273393834
10.044904952624025,10.027063686080927,0.04490495262402423,0.02706368608092704
10.045210788847754,10.0097129040009,0.04521078884775335,0.009712904000898775
10.045516094463878,10.0144454572761,0.04551609446387783,0.014445457276100596
10.045820865889239,10.071854665654845,0.0458208658892377,0.0718546656548446
10.046125099546943,10.086237771789492,0.046125099546942744,0.08623777178949163
10.046428791866413,10.066293671458775,0.0464287918664138,0.06629367145877496
10.046731939283426,10.03717565216947,0.046731939283425304,0.03717565216947025
10.047034538240148,10.057932875646838,0.04703453824014678,0.057932875646837224
10.047336585185185,10.036408879582583,0.04733658518518446,0.036408879582583195
10.047638076573623,10.037811646978804,0.04763807657362343,0.037811646978803695
10.047939008867068,10.054186156378151,0.04793900886706866,0.054186156378150586
10.048239378533687,10.043974316397938,0.048239378533687156,0.04397431639793813
10.048539182048248,10.028612013042903,0.04853918204824875,0.02861201304290208
10.048838415892169,10.046616782702728,0.048838415892168134,0.04661678270272691
10.049137076553546,10.051393710313254,0.049137076553545496,0.051393710313253786
10.049435160527208,10.04535720256909,0.04943516052720834,0.045357202569089296
10.049732664314753,10.043404483798167,0.049732664314752296,0.04340448379816657
10.050029584424582,10.025666512355242,0.050029584424582066,0.025666512355242838
10.050325917371953,10.020773227407739,0.05032591737195285,0.020773227407739143
10.050621659679011,10.02585098406624,0.05062165967901064,0.025850984066240982
10.050916807874835,10.032182667041189,0.05091680787483369,0.03218266704118876
10.051211358495472,10.014968910016936,0.05121135849547264,0.014968910016936045
10.051505308083991,10.02602633131774,0.05150530808399171,0.026026331317740056
10.05179865319051,10.072698028330185,0.05179865319050876,0.07269802833018503
10.052091390372237,10.026593347629696,0.052091390372236306,0.026593347629695847
10.05238351619352,10.02234961351564,0.05238351619352136,0.02234961351564092
10.052675027225886,10.030449722600862,0.05267502722588629,0.030449722600861998
10.052965920048068,10.078239413989719,0.052965920048068785,0.07823941398971826
10.053256191246062,10.060508999493733,0.05325619124606184,0.06050899949373249
10.053545837413154,10.057975865388766,0.0535458374131543,0.05797586538876626
10.05383485514997,10.072235801043167,0.05383485514997027,0.07223580104316644
10.05412324106451,10.07181165919689,0.05412324106450962,0.07181165919688895
10.054410991772187,10.07360611255227,0.05441099177218716,0.07360611255226879
10.054698103895873,10.030762670434033,0.05469810389587298,0.03076267043403372
10.054984574065932,10.05659458702762,0.05498457406593149,0.056594587027619436
10.055270398920262,10.056052229832027,0.05527039892026159,0.05605222983202672
10.055555575104336,10.073350571716091,0.055555575104335446,0.07335057171609151
10.055840099271238,10.057060463096878,0.0558400992712385,0.05706046309687756
10.056123968081708,10.03688229161761,0.05612396808170842,0.03688229161761104
10.056407178204173,10.052627170604696,0.05640717820417415,0.05262717060469558
10.056689726314795,10.065607945931186,0.05668972631479546,0.06560794593118639
10.056971609097502,10.077875782542176,0.056971609097501444,0.07787578254217586
10.05725282324403,10.009389100950173,0.057252823244029916,0.00938910095017232
10.057533365453965,10.045134181073816,0.05753336545396577,0.045134181073817184
10.05781323243478,10.063628343860518,0.05781323243478023,0.06362834386051865
10.058092420901868,10.043755392793008,0.058092420901868905,0.04375539279300848
10.058370927578592,10.039219795867409,0.05837092757859097,0.039219795867407876
10.058648749196307,10.090897296186313,0.058648749196306985,0.09089729618631312
10.058925882494417,10.061288068083552,0.0589258824944178,0.06128806808355276
10.059202324220403,10.047116204087633,0.05920232422040257,0.04711620408763208
10.059478071129856,10.012500820758632,0.05947807112985679,0.012500820758631105
10.059753119986532,10.074429954610736,0.05975311998653076,0.07442995461073587
10.060027467562367,10.005674412372764,0.06002746756236709,0.005674412372764344
10.060301110637539,10.06997490745364,0.06030111063753912,0.0699749074536398
10.060574046000488,10.085610910025165,0.0605740460004881,0.08561091002516583
10.060846270447962,10.040273881876002,0.06084627044796157,0.040273881876002754
10.06111778078505,10.048801006389706,0.061117780785050216,0.0488010063897064
10.061388573825226,10.064271191231203,0.06138857382522603,0.0642711912312033
10.061658646390379,10.054725703941232,0.06165864639037936,0.0547257039412326
10.061927995310857,10.039255563208828,0.06192799531085609,0.03925556320882709
10.062196617425496,10.032093529183754,0.06219661742549531,0.032093529183754244
10.062464509581666,10.059777310754585,0.06246450958166581,0.059777310754585124
10.062731668635303,10.091373230785154,0.06273166863530369,0.09137323078515402
10.062998091450948,10.079881680084911,0.0629980914509487,0.07988168008491205
10.063263774901781,10.063801609683823,0.06326377490178157,0.063801609683823
10.06352871586966,10.061489192565814,0.06352871586966015,0.06148919256581336
10.063792911245157,10.03196753804751,0.06379291124515661,0.03196753804751004
10.064056357927594,10.057108654768111,0.06405635792759329,0.05710865476811171
10.06431905282508,10.059770974054098,0.06431905282507969,0.05977097405409861
10.064580992854548,10.047767285727636,0.06458099285454842,0.04776728572763537
10.064842174941791,10.08521541549582,0.06484217494179133,0.08521541549582137
10.065102596021497,10.091919718979218,0.06510259602149586,0.09191971897921895
10.06536225303728,10.046252569685851,0.06536225303728074,0.04625256968585123
10.065621142941731,10.077963627116478,0.06562114294173214,0.0779636271164782
10.06587926269644,10.058915578366301,0.06587926269643911,0.05891557836630047
10.06613660927203,10.084735626345442,0.06613660927202956,0.08473562634544167
10.066393179648205,10.021788882595954,0.06639317964820553,0.021788882595954337
10.066648970813779,10.077690525137173,0.06664897081377895,0.07769052513717246
10.066903979766707,10.081095446805548,0.06690397976670656,0.08109544680554828
10.067158203514126,10.052170716337129,0.06715820351412562,0.05217071633712808
10.06741163907239,10.074909065590928,0.06741163907238874,0.07490906559092862
10.0676642834671,10.034654960047042,0.06766428346709881,0.03465496004704311
10.067916133733144,10.066805181044414,0.0679161337331443,0.06680518104441385
10.068167186914733,10.083827441831067,0.06816718691473356,0.08382744183106672
10.06841744006543,10.076010303361528,0.06841744006543002,0.07601030336152806
10.068666890248187,10.078686251617372,0.06866689024818626,0.07868625161737099
10.068915534535378,10.079873390561268,0.06891553453537899,0.07987339056126719
10.069163370008843,10.06506209492386,0.06916337000884291,0.06506209492386089
10.069410393759906,10.061155718689985,0.06941039375990546,0.06115571868998496
10.06965660288942,10.048837720466164,0.06965660288942042,0.04883772046616315
10.069901994507802,10.088266000168389,0.06990199450780246,0.08826600016838801
10.07014656573506,10.084383634134387,0.07014656573506077,0.08438363413438724
10.070390313700832,10.084010652651898,0.07039031370083271,0.08401065265189835
10.070633235544419,10.059720963261304,0.07063323554441796,0.059720963261304674
10.070875328414811,10.082763749712523,0.07087532841481153,0.08276374971252295
10.071116589470737,10.079096393697663,0.07111658947073785,0.07909639369766247
10.071357015880684,10.083852395830796,0.07135701588068342,0.0838523958307961
10.07159660482293,10.061260776346659,0.07159660482293072,0.061260776346659204
10.071835353485591,10.04886344721833,0.07183535348559075,0.048863447218331024
10.072073259066636,10.053991921521524,0.07207325906663652,0.05399192152152315
10.072310318773935,10.09368110487013,0.07231031877393543,0.09368110487013062
10.072546529825283,10.09127493394343,0.07254652982528255,0.09127493394342981
10.072781889448432,10.065301809576466,0.07278188944843302,0.06530180957646635
10.073016394881135,10.070975812873288,0.07301639488113439,0.07097581287328798
10.073250043371159,10.107794423316841,0.07325004337115952,0.10779442331684055
10.073482832176339,10.040955694754574,0.07348283217633837,0.040955694754574765
10.073714758564591,10.074156244202749,0.07371475856459063,0.07415624420274919
10.073945819813957,10.094418511916862,0.0739458198139574,0.09441851191686254
10.074176013212634,10.080513865396497,0.07417601321263348,0.0805138653964977
10.074405336058998,10.104185071324087,0.07440533605899884,0.10418507132408689
10.07463378566165,10.07984582863425,0.07463378566165069,0.07984582863424913
10.074861359339435,10.05491377780337,0.07486135933943489,0.05491377780336934
10.075088054421478,10.06438233796771,0.07508805442147722,0.0643823379677116
10.075313868247216,10.055213369554876,0.07531386824721521,0.05521336955487602
10.075538798166429,10.102928815458197,0.07553879816642882,0.10292881545819725
10.075762841539271,10.059270701276146,0.07576284153927203,0.05927070127614702
10.075985995736303,10.082036208622204,0.07598599573630338,0.0820362086222046
10.076208258138518,10.09642479689301,0.0762082581385173,0.09642479689300834
10.076429626137374,10.056762271893419,0.07642962613737432,0.05676227189341828
10.076650097134833,10.031278929980736,0.07665009713483224,0.03127892998073706
10.076869668543376,10.090507122090933,0.07686966854337607,0.09050712209093267
10.07708833778605,10.06887360755973,0.07708833778604886,0.06887360755973065
10.077306102296482,10.055434947968312,0.07730610229648176,0.05543494796831101
10.077522959518923,10.10564375717439,0.07752295951892395,0.10564375717438963
10.077738906908273,10.098732121970501,0.07773890690827305,0.09873212197050164
10.077953941930105,10.08932395550428,0.07795394193010453,0.08932395550427973
10.078168062060701,10.12666682130429,0.07816806206070194,0.12666682130429
10.078381264787087,10.082231825811988,0.07838126478708599,0.08223182581198743
10.078593547607044,10.083879225518356,0.07859354760704458,0.0838792255183556
10.078804908029161,10.073559640321482,0.07880490802916172,0.07355964032148238
10.079015343572847,10.107420661481655,0.07901534357284712,0.10742066148165541
10.079224851768364,10.081695788992533,0.07922485176836497,0.08169578899253267
10.079433430156863,10.119909784684356,0.07943343015686324,0.11990978468435619
10.079641076290402,10.086647112168897,0.07964107629040244,0.08664711216889814
10.079847787731984,10.082482774023433,0.0798477877319841,0.08248277402343282
10.08005356205558,10.0782945451742,0.08005356205557983,0.07829454517420084
10.08025839684616,10.091981189382263,0.08025839684615929,0.09198118938226357
10.08046228969972,10.069030985119195,0.08046228969971903,0.06903098511919482
10.080665238223311,10.095808216003567,0.08066523822331023,0.09580821600356765
10.080867240035067,10.104352917223478,0.08086724003506726,0.10435291722347804
10.081068292764234,10.078045851884912,0.08106829276423512,0.07804585188491232
10.081268394051198,10.07528577026387,0.0812683940511978,0.07528577026387015
10.081467541547505,10.126452531244752,0.08146754154750546,0.1264525312447509
10.081665732915903,10.072041948601367,0.08166573291590241,0.07204194860136684
10.081862965830354,10.100753389297623,0.08186296583035436,0.10075338929762233
10.082059237976075,10.112974312889788,0.08205923797607559,0.11297431288978907
10.082254547049557,10.057013976515481,0.08225454704955643,0.05701397651548092
10.08244889075859,10.082403498641456,0.08244889075858997,0.08240349864145684
10.0826422668223,10.048567615119651,0.08264226682229922,0.04856761511965159
10.082834672971163,10.092241575200259,0.08283467297116366,0.0922415752002584
10.083026106947045,10.072788533418446,0.08302610694704615,0.07278853341844577
10.08321656650322,10.08647233714539,0.0832165665032191,0.086472337145389
10.083406049404392,10.07067506335923,0.08340604940439107,0.07067506335922999
10.083594553426733,10.103015949609683,0.08359455342673305,0.10301594960968258
10.083782076357904,10.118634579655405,0.08378207635790424,0.118634579655404
10.083968615997078,10.09524451708458,0.08396861599707842,0.09524451708458058
10.084154170154969,10.074754137721598,0.0841541701549694,0.07475413772159806
10.084338736653857,10.060690961175931,0.08433873665385712,0.0606909611759304
10.084522313327613,10.095830857694473,0.08452231332761276,0.09583085769447254
10.084704898021725,10.069443821858581,0.08470489802172458,0.06944382185858015
10.084886488593323,10.089325253434176,0.08488648859332285,0.08932525343417562
10.085067082911205,10.07498684370393,0.08506708291120534,0.07498684370392993
10.085246678855862,10.093434267693068,0.08524667885586196,0.09343426769306881
10.0854252743195,10.052992576439392,0.08542527431949998,0.05299257643939231
10.085602867206068,10.105404618235827,0.08560286720606865,0.10540461823582639
10.085779455431284,10.074583501241198,0.08577945543128357,0.07458350124119754
10.085955036922652,10.07846918217055,0.0859550369226516,0.07846918217055016
10.086129609619494,10.068031691321952,0.08612960961949473,0.0680316913219528
10.086303171472975,10.085317905357797,0.0863031714729746,0.0853179053577967
10.086475720446117,10.097378439238687,0.08647572044611632,0.09737843923868748
10.086647254513833,10.10339463104489,0.0866472545138326,0.10339463104489127
10.086817771662947,10.06387217578337,0.08681777166294723,0.0638721757833695
10.08698726989222,10.150826906347437,0.08698726989221903,0.15082690634743623
10.087155747212366,10.073060125982312,0.087155747212365,0.07306012598231224
10.087323201646084,10.087607639094108,0.087323201646084,0.08760763909410794
10.08748963122808,10.121158678333508,0.08748963122807976,0.1211586783335071
10.087655034005083,10.123380137250006,0.08765503400508386,0.12338013725000552
10.087819408035879,10.06619404886816,0.08781940803587897,0.06619404886816027
10.087982751391321,10.048805788238543,0.08798275139132126,0.04880578823854184
10.088145062154364,10.101355484904548,0.08814506215436337,0.10135548490454907
10.088306338420077,10.075685713922404,0.08830633842007661,0.07568571392240389
10.088466578295673,10.10943696800488,0.08846657829567361,0.10943696800487962
10.08862577990053,10.098851854172677,0.08862577990053028,0.09885185417267653
10.088783941366207,10.095346124725424,0.0887839413662081,0.0953461247254233
10.088941060836476,10.101440878349603,0.0889410608364758,0.10144087834960219
10.08909713646733,10.067863241575319,0.0890971364673314,0.06786324157531828
10.089252166427023,10.10910762339913,0.08925216642702374,0.10910762339912972
10.089406148896074,10.054979050769045,0.08940614889607386,0.05497905076904499
10.089559082067296,10.094850940942784,0.08955908206729662,0.09485094094278357
10.089710964145821,10.085541641227833,0.08971096414582164,0.08554164122783324
10.089861793349115,10.061340940800127,0.08986179334911458,0.06134094080012779
10.090011567906998,10.106006544493304,0.09001156790699782,0.10600654449330502
10.090160286061671,10.083145025948426,0.0901602860616716,0.08314502594842477
10.090307946067734,10.098472932754131,0.09030794606773421,0.09847293275413016
10.090454546192202,10.074399886570532,0.09045454619220283,0.07439988657053213
10.090600084714534,10.088105851562197,0.09060008471453368,0.08810585156219794
10.090744559926643,10.100757016863103,0.09074455992664228,0.1007570168631026
10.090887970132924,10.079550403110867,0.09088797013292353,0.0795504031108674
10.091030313650272,10.075207872864125,0.09103031365027144,0.07520787286412411
10.091171588808098,10.08231235201018,0.09117158880809915,0.08231235201017872
10.091311793948359,10.10137262299558,0.09131179394835828,0.1013726229955802
10.091450927425559,10.0726179242376,0.0914509274255586,0.07261792423759914
10.091588987606787,10.090529110113504,0.09158898760678712,0.0905291101135044
10.091725972871728,10.076654861168505,0.09172597287172753,0.07665486116850487
10.09186188161268,10.103158915562808,0.09186188161267893,0.10315891556280846
10.091996712234575,10.075410037549943,0.0919967122345749,0.07541003754994288
10.092130463155002,10.102001907370592,0.0921304631550022,0.10200190737059223
10.09226313280422,10.079574359173588,0.09226313280421916,0.07957435917358824
10.092394719625174,10.054994331845261,0.0923947196251744,0.05499433184526113
10.092525222073524,10.093639841690552,0.09252522207352479,0.09363984169055102
10.092654638617654,10.098229692270468,0.09265463861765386,0.09822969227046888
10.092782967738689,10.113875660171797,0.09278296773868953,0.11387566017179701
10.092910207930522,10.101930069980064,0.09291020793052215,0.10193006998006374
10.093036357699821,10.088712337893469,0.09303635769982199,0.08871233789346858
10.093161415566057,10.109101938909504,0.09316141556605692,0.10910193890950305
10.09328538006151,10.110935882599694,0.09328538006150966,0.11093588259969481
10.093408249731295,10.100870266366867,0.09340824973129508,0.10087026636686745
10.093530023133377,10.05746216964079,0.09353002313337733,0.05746216964079006
10.093650698838587,10.145563370774218,0.09365069883858654,0.14556337077421852
10.093770275430636,10.100298414363495,0.09377027543063593,0.10029841436349554
10.093888751506139,10.095505939601534,0.09388875150613805,0.09550593960153327
10.094006125674621,10.117718799281482,0.09400612567462163,0.11771879928148268
10.094122396558548,10.064532557669633,0.0941223965585476,0.064532557669633
10.094237562793326,10.103799752593611,0.09423756279332543,0.10379975259361121
10.094351623027329,10.111147638276663,0.09435162302732902,0.1111476382766619
10.094464575921913,10.081585837892733,0.09446457592191276,0.08158583789273352
10.094576420151427,10.078465104591277,0.09457642015142698,0.07846510459127685
10.094687154403234,10.086749501610822,0.09468715440323366,0.08674950161082162
10.094796777377722,10.062913287206298,0.09479677737772196,0.0629132872062981
10.094905287788324,10.073332975321742,0.09490528778832313,0.07333297532174192
10.095012684361526,10.094022656266603,0.09501268436152599,0.09402265626660264
10.09511896583689,10.105274130382194,0.0951189658368915,0.10527413038219431
10.095224130967068,10.08826503937644,0.09522413096706793,0.08826503937643963
10.095328178517805,10.08136290296737,0.0953281785178052,0.08136290296737068
10.09543110726797,10.130899727067769,0.09543110726796956,0.13089972706776873
10.095532916009558,10.089028276124393,0.09553291600955778,0.0890282761243934
10.09563360354771,10.081637785210361,0.09563360354771147,0.08163778521036147
10.09573316870073,10.152833540070914,0.09573316870073091,0.15283354007091365
10.09583161030009,10.086507843378957,0.09583161030008915,0.08650784337895694
10.095928927190446,10.129112165917672,0.09592892719044557,0.12911216591767097
10.09602511822966,10.1347278379563,0.09602511822965942,0.13472783795629964
10.096120182288804,10.104928160835513,0.0961201822888034,0.10492816083551297
10.096214118252176,10.093612540972753,0.09621411825217664,0.0936125409727537
10.096306925017318,10.118448261775862,0.09630692501731809,0.11844826177586204
10.09639860149502,10.085784645940626,0.09639860149501922,0.08578464594062497
10.096489146609336,10.104488324254751,0.09648914660933698,0.10448832425475157
10.096578559297607,10.102794525773259,0.09657855929760623,0.10279452577325841
10.096666838510453,10.079371442939127,0.09666683851045242,0.07937144293912811
10.096753983211803,10.112115415376248,0.09675398321180381,0.11211541537624867
10.096839992378904,10.103058944631199,0.09683999237890359,0.10305894463119811
10.096924865002322,10.100420231610462,0.09692486500232196,0.10042023161046176
10.097008600085967,10.094036385993611,0.09700860008596791,0.09403638599361173
10.097091196647101,10.13733968574664,0.09709119664710099,0.1373396857466405
10.097172653716342,10.03030358388258,0.09717265371634275,0.030303583882579796
10.097252970337689,10.103754008380205,0.0972529703376882,0.10375400838020578
10.097332145568517,10.106625792107566,0.09733214556851695,0.10662579210756717
10.097410178479604,10.087867457024206,0.0974101784796044,0.08786745702420592
10.097487068155132,10.126116732231647,0.09748706815513246,0.12611673223164727
10.0975628136927,10.099249276073756,0.09756281369270045,0.09924927607375542
10.097637414203335,10.083395911290369,0.0976374142033357,0.08339591129036963
10.097710868811504,10.114670821682852,0.09771086881150381,0.1146708216828515
10.097783176655119,10.09499630778772,0.09778317665511913,0.09499630778772113
10.097854336885554,10.113253787931933,0.09785433688555473,0.11325378793193416
10.097924348667652,10.089667986442949,0.09792434866765248,0.08966798644294854
10.097993211179732,10.108475767151019,0.09799321117973273,0.10847576715101902
10.098060923613604,10.105934962918852,0.09806092361360406,0.10593496291885175
10.098127485174572,10.108955479502587,0.09812748517457266,0.10895547950258722
10.098192895081452,10.100234348233766,0.0981928950814518,0.10023434823376595
10.098257152566571,10.0882531184653,0.09825715256657083,0.08825311846529901
10.098320256875784,10.062551356322391,0.09832025687578433,0.0625513563223912
10.09838220726848,10.120633221224386,0.09838220726848089,0.12063322122438569
10.098443003017591,10.101649038884398,0.09844300301759178,0.10164903888439865
10.0985026434096,10.08611282852741,0.09850264340959958,0.08611282852740999
10.098561127744546,10.102653488359099,0.09856112774454642,0.10265348835909885
10.098618455336043,10.134252439675413,0.09861845533604237,0.1342524396754125
10.098674625511274,10.105480278206006,0.09867462551127329,0.1054802782060057
10.098729637611008,10.101217412831,0.09872963761100889,0.10121741283099893
10.09878349098961,10.117400490618428,0.09878349098961038,0.11740049061842688
10.098836185015038,10.094915676003593,0.09883618501503812,0.09491567600359352
10.098887719068859,10.115814215018982,0.09888771906885892,0.1158142150189828
10.098938092546254,10.103131650254285,0.09893809254625342,0.103131650254285
10.098987304856022,10.100856752112724,0.09898730485602315,0.10085675211272449
10.099035355420597,10.088900897482363,0.09903535542059741,0.0889008974823637
10.09908224367604,10.11480409800949,0.09908224367604013,0.11480409800948949
10.099127969072056,10.075768346727205,0.09912796907205644,0.07576834672720571
10.099172531072,10.081979094138708,0.09917253107199916,0.08197909413870874
10.099215929152875,10.099311429645047,0.09921592915287507,0.09931142964504754
10.09925816280535,10.072103012556616,0.09925816280535105,0.07210301255661491
10.09929923153376,10.108415598692712,0.09929923153376008,0.10841559869271263
10.099339134856107,10.10895453972374,0.09933913485610703,0.10895453972373938
10.099377872304075,10.121679039246231,0.09937787230407436,0.1216790392462321
10.099415443423027,10.10124303226753,0.09941544342302754,0.1012430322675292
10.09945184777202,10.094555361532505,0.09945184777202049,0.0945553615325046
10.099487084923801,10.080596716981276,0.09948708492380064,0.08059671698127618
10.099521154464814,10.052564450352254,0.09952115446481406,0.05256445035225417
10.09955405599521,10.132342756635543,0.09955405599521022,0.1323427566355431
10.099585789128847,10.084894151525987,0.09958578912884672,0.08489415152598603
10.099616353493294,10.138291342924305,0.09961635349329381,0.13829134292430525
10.09964574872984,10.12549693463266,0.09964574872983883,0.1254969346326587
10.09967397449349,10.089001500752094,0.09967397449349029,0.08900150075209315
10.099701030452982,10.074725614757835,0.09970103045298201,0.07472561475783512
10.099726916290777,10.110417026139128,0.09972691629077704,0.11041702613912797
10.099751631703072,10.096251391200578,0.09975163170307125,0.09625139120057898
10.099775176399797,10.119777702644507,0.09977517639979705,0.11977770264450689
10.099797550104627,10.116092473489328,0.09979755010462671,0.116092473489328
10.099818752554976,10.13132276395869,0.09981875255497558,0.13132276395868975
10.099838783502005,10.11018742928365,0.09983878350200523,0.11018742928365055
10.099857642710626,10.135288242228029,0.0998576427106264,0.13528824222802924
10.099875329959502,10.05421706953046,0.09987532995950163,0.054217069530458566
10.099891845041048,10.09767012770944,0.09989184504104798,0.09767012770944102
10.09990718776144,10.129164295325744,0.09990718776143943,0.12916429532574283
10.099921357940609,10.117987540834566,0.09992135794060913,0.11798754083456654
10.099934355412252,10.142552509509525,0.09993435541225153,0.1425525095095252
10.099946180023824,10.080645191882576,0.09994618002382433,0.08064519188257668
10.09995683163655,10.133935287832884,0.09995683163655032,0.13393528783288391
10.099966310125419,10.088422331650861,0.09996631012541889,0.08842233165086177
10.099974615379187,10.088546538849528,0.0999746153791876,0.08854653884952746
10.099981747300383,10.114394475977017,0.09998174730038349,0.11439447597701596
10.099987705805304,10.077554610006265,0.09998770580530414,0.0775546100062649
10.099992490824018,10.081960769017345,0.0999924908240187,0.08196076901734463
10.099996102300368,10.106483926412281,0.09999610230036877,0.10648392641228037
10.099998540191969,10.098579154996377,0.09999854019196895,0.098579154996377
10.099999804470208,10.08406223678855,0.09999980447020738,0.08406223678855154
10.099999895120247,10.082233405073094,0.09999989512024614,0.08223340507309315
10.09999881214102,10.088342393373232,0.0999988121410213,0.08834239337323248
10.099996555545243,10.056615276288161,0.09999655554524305,0.05661527628816109
10.099993125359395,10.123973638199878,0.09999312535939547,0.12397363819987837
10.099988521623736,10.10033631490084,0.0999885216237363,0.10033631490084025
10.099982744392296,10.126823498046512,0.09998274439229636,0.12682349804651258
10.09997579373288,10.111197119321394,0.099975793732879,0.11119711932139383
10.099967669727059,10.099259602534199,0.09996766972705928,0.09925960253419792
10.099958372470184,10.09566858013348,0.09995837247018304,0.09566858013348033
10.099947902071365,10.091575770645719,0.09994790207136568,0.09157577064571822
10.099936258653491,10.08462564921677,0.09993625865349101,0.08462564921676925
10.09992344235321,10.096502448060653,0.09992344235320974,0.096502448060652
10.099909453320938,10.103654951467018,0.09990945332093787,0.1036549514670181
10.099894291720855,10.136247745156798,0.09989429172085494,0.1362477451567971
10.099877957730902,10.126848087358699,0.09987795773090213,0.12684808735869946
10.09986045154278,10.123950080353774,0.09986045154278012,0.12395008035377421
10.099841773361947,10.092435624146209,0.09984177336194687,0.0924356241462078
10.099821923407616,10.089690608495308,0.0998219234076152,0.089690608495308
10.09980090191275,10.099675898192142,0.09980090191275025,0.09967589819214179
10.099778709124067,10.131832978068983,0.09977870912406667,0.13183297806898409
10.099755345302025,10.088394668795837,0.09975534530202579,0.08839466879583767
10.099730810720832,10.123666866755588,0.09973081072083258,0.12366686675558745
10.099705105668432,10.117025596093693,0.09970510566843234,0.117025596093694
10.099678230446507,10.099140030946813,0.09967823044650742,0.09914003094681309
10.099650185370473,10.132556977771577,0.09965018537047363,0.132556977771576
10.099620970769477,10.090424800847403,0.09962097076947651,0.09042480084740392
10.099590586986388,10.118220451512093,0.09959058698638751,0.11822045151209205
10.0995590343778,10.078863100536026,0.09955903437780003,0.07886310053602621
10.099526313314025,10.099203735431047,0.09952631331402506,0.09920373543104623
10.099492424179086,10.120149409449631,0.099492424179087,0.12014940944963064
10.09945736737072,10.109209924980787,0.09945736737071909,0.10920992498078645
10.099421143300358,10.083877221775445,0.09942114330035867,0.08387722177544531
10.099383752393143,10.108074461426996,0.09938375239314252,0.10807446142699564
10.099345195087901,10.10800678784602,0.09934519508790172,0.10800678784601969
10.099305471837157,10.107109349955678,0.09930547183715657,0.10710934995567724
10.09926458310711,10.083273498914552,0.09926458310711123,0.08327349891455336
10.099222529377649,10.09436538015128,0.09922252937764833,0.0943653801512797
10.099179311142324,10.095785209032869,0.09917931114232324,0.09578520903286943
10.099134928908358,10.079272997861743,0.09913492890835837,0.07927299786174347
10.099089383196636,10.128481307974203,0.09908938319663713,0.1284813079742034
10.099042674541698,10.095262532532391,0.09904267454169792,0.09526253253239093
10.098994803491728,10.114393447002925,0.09899480349172773,0.11439344700292435
10.098945770608555,10.07239489752499,0.09894577060855578,0.07239489752499043
10.098895576467648,10.09648322308259,0.09889557646764696,0.09648322308258948
10.098844221658094,10.097077921139663,0.09884422165809506,0.09707792113966207
10.098791706782615,10.107827033098161,0.0987917067826157,0.10782703309816101
10.09873803245754,10.084665952151703,0.09873803245753952,0.08466595215170232
10.098683199312804,10.07077664589749,0.09868319931280477,0.07077664589749136
10.09862720799195,10.098761732239417,0.09862720799194996,0.09876173223941648
10.098570059152106,10.084990527547928,0.09857005915210627,0.08499052754792842
10.09851175346399,10.13410022621007,0.09851175346398995,0.13410022621006862
10.098452291611894,10.071276654996659,0.09845229161189434,0.07127665499665893
10.098391674293682,10.127690798060264,0.09839167429368183,0.127690798060264
10.098329902220776,10.09386398019986,0.09832990222077576,0.09386398019985934
10.098266976118152,10.100604101440156,0.09826697611815205,0.10060410144015695
10.098202896724331,10.118144827298185,0.09820289672433062,0.11814482729818487
10.098137664791366,10.093918222114567,0.09813766479136672,0.09391822211456696
10.098071281084842,10.118793728490353,0.09807128108484227,0.11879372849035266
10.098003746383856,10.113024525372062,0.09800374638385667,0.11302452537206095
10.097935061481017,10.10835450471191,0.0979350614810178,0.10835450471191026
10.097865227182433,10.075323589279833,0.09786522718243257,0.0753235892798335
10.097794244307698,10.101040125196779,0.09779424430769762,0.10104012519677923
10.09772211368989,10.102614540207572,0.09772211368988964,0.10261454020757148
10.097648836175555,10.10617767234567,0.09764883617555553,0.1061776723456693
10.097574412624702,10.11252109463452,0.09757441262470253,0.11252109463451908
10.097498843910788,10.134118204406983,0.09749884391078817,0.13411820440698294
10.09742213092071,10.11502642519937,0.09742213092070992,0.11502642519936947
10.097344274554795,10.058834934473126,0.09734427455479477,0.058834934473124816
10.09726527572679,10.101216441669722,0.09726527572678881,0.10121644166972152
10.097185135363846,10.093328128954068,0.09718513536384638,0.09332812895406815
10.09710385440652,10.08598795383169,0.09710385440651924,0.08598795383168945
10.097021433808745,10.058080668358294,0.09702143380874542,0.05808066835829301
10.096937874537838,10.10078304051223,0.09693787453783824,0.10078304051222968
10.096853177574475,10.102623950321407,0.09685317757447481,0.10262395032140731
10.096767343912685,10.090128141351544,0.09676734391268446,0.09012814135154297
10.096680374559837,10.119374694981541,0.09668037455983723,0.11937469498154205
10.096592270536632,10.086712803303037,0.096592270536632,0.08671280330303685
10.096503032877084,10.103248929735958,0.09650303287708445,0.10324892973595784
10.096412662628515,10.096841038914441,0.09641266262851492,0.09684103891444056
10.096321160851536,10.07976224842372,0.09632116085153623,0.07976224842371958
10.096228528620042,10.078810617392252,0.09622852862004115,0.07881061739225174
10.09613476702119,10.05682032945453,0.09613476702118984,0.05682032945453005
10.096039877155397,10.058749109963767,0.0960398771553969,0.05874910996376595
10.09594386013632,10.080095522981624,0.0959438601363188,0.08009552298162426
10.09584671709084,10.087169143351451,0.09584671709084061,0.08716914335145044
10.095748449159062,10.073008135235337,0.09574844915906261,0.07300813523533797
10.095649057494287,10.067715114071927,0.0956490574942873,0.06771511407192737
10.095548543263005,10.087419786842831,0.09554854326300555,0.08741978684283083
10.095446907644883,10.09408022186701,0.09544690764488306,0.09408022186701064
10.095344151832746,10.078711439960044,0.09534415183274636,0.0787114399600444
10.09524027703257,10.082252201933578,0.09524027703256904,0.08225220193357739
10.095135284463458,10.113228144030034,0.09513528446345743,0.11322814403003278
10.095029175357636,10.103738713409587,0.0950291753576364,0.10373871340958814
10.094921950960435,10.09855356151282,0.09492195096043465,0.09855356151281956
10.09481361253027,10.09213028497866,0.09481361253027047,0.09213028497865958
10.094704161338637,10.103087949342365,0.09470416133863677,0.10308794934236579
10.094593598670086,10.10862696671019,0.09459359867008599,0.10862696671018945
10.094481925822215,10.107618843487622,0.09448192582221539,0.10761884348762235
10.094369144105652,10.106396957621026,0.09436914410565156,0.10639695762102558
10.094255254844034,10.05272714686567,0.09425525484403517,0.0527271468656705
10.094140259374004,10.11106005621366,0.09414025937400522,0.11106005621365965
10.094024159045183,10.154114568601978,0.09402415904518366,0.15411456860197698
10.09390695522016,10.115815675084237,0.09390695522015936,0.11581567508423674
10.093788649274472,10.08118603546206,0.09378864927447222,0.08118603546206145
10.093669242596597,10.069402262766857,0.09366924259659677,0.06940226276685653
10.093548736587927,10.059056803648362,0.09354873658792624,0.0590568036483613
10.093427132662756,10.074659114369394,0.09342713266275599,0.07465911436939468
10.093304432248267,10.096951453004207,0.0933044322482666,0.09695145300420706
10.093180636784508,10.09998749166453,0.09318063678450764,0.09998749166453007
10.09305574772438,10.099286909975794,0.09305574772438041,0.09928690997579286
10.09292976653362,10.090614572516596,0.0929297665336211,0.09061457251659634
10.092802694690784,10.07276275928458,0.09280269469078323,0.0727627592845786
10.092674533687221,10.078993716402705,0.09267453368722074,0.07899371640270515
10.09254528502707,10.107530330840248,0.09254528502707028,0.10753033084024809
10.092414950227234,10.08750013846923,0.09241495022723362,0.08750013846922873
10.09228353081736,10.080938880443819,0.09228353081735953,0.08093888044381903
10.092151028339826,10.1047678916981,0.0921510283398264,0.1047678916980991
10.092017444349723,10.0922050153227,0.09201744434972375,0.09220501532270003
10.091882780414833,10.086005721372556,0.09188278041483389,0.08600572137255691
10.091747038115614,10.089922441189337,0.09174703811561391,0.08992244118933719
10.091610219045176,10.090953128033867,0.0916102190451768,0.09095312803386646
10.091472324809272,10.09044823574131,0.091472324809273,0.09044823574130934
10.09133335702627,10.067921323683212,0.09133335702627114,0.06792132368321188
10.09119331732714,10.073817983296575,0.09119331732713959,0.07381798329657445
10.091052207355427,10.08114718355476,0.09105220735542693,0.08114718355476036
10.090910028767244,10.083595782603277,0.09091002876724294,0.08359578260327671
10.090766783231238,10.071696470665817,0.09076678323123871,0.07169647066581761
10.090622472428588,10.077236158679762,0.0906224724285876,0.07723615867976225
10.090477098052965,10.089059957136778,0.0904770980529653,0.08905995713677704
10.09033066181053,10.100083158963699,0.09033066181052965,0.10008315896369889
10.090183165419901,10.098379003502915,0.09018316541990111,0.09837900350291402
10.090034610612141,10.10062295046772,0.09003461061214231,0.10062295046771928
10.089884999130739,10.052428185254684,0.08988499913073784,0.05242818525468272
10.089734332731574,10.066308670707375,0.08973433273157355,0.0663086707073758
10.089582613182916,10.096340004068066,0.08958261318291627,0.09634000406806695
10.089429842265393,10.110201923413447,0.08942984226539293,0.11020192341344681
10.089276021771969,10.070984624111386,0.08927602177196968,0.07098462411138505
10.08912115350793,10.077751821623789,0.08912115350793055,0.07775182162378823
10.088965239290857,10.084201410304956,0.08896523929085681,0.08420141030495668
10.088808280950605,10.095880262259326,0.08880828095060536,0.09588026225932612
10.088650280329286,10.100597710796173,0.08865028032928696,0.100597710796173
10.088491239281245,10.106918955172596,0.08849123928124515,0.10691895517259545
10.088331159673034,10.0766255614889,0.08833115967303419,0.0766255614889003
10.088170043383398,10.105417242784823,0.08817004338339728,0.105417242784822
10.088007892303244,10.0781012247924,0.0880078923032441,0.07810122479240038
10.087844708335629,10.07870264182445,0.08784470833562931,0.07870264182444903
10.08768049339573,10.101767299253318,0.0876804933957298,0.10176729925331847
10.087515249410822,10.062803966678523,0.08751524941082196,0.0628039666785229
10.087348978320259,10.10016883289846,0.08734897832025973,0.10016883289845951
10.087181682075451,10.073643554382661,0.08718168207545132,0.07364355438266051
10.087013362639837,10.089622576584992,0.08701336263983654,0.08962257658499109
10.086844021988863,10.077430171109285,0.08684402198886344,0.07743017110928546
10.086673662109966,10.10668094816099,0.08667366210996566,0.10668094816098987
10.086502285002538,10.130388499396549,0.08650228500253866,0.13038849939654928
10.086329892677917,10.09445961305428,0.08632989267791653,0.09445961305427998
10.086156487159348,10.078911581454594,0.08615648715934798,0.07891158145459476
10.085982070481974,10.100325357833439,0.08598207048197316,0.10032535783343943
10.0858066446928,10.077525831850705,0.08580664469279947,0.0775258318507061
10.085630211850678,10.088118885729807,0.08563021185067726,0.08811888572980739
10.085452774026276,10.081321413883584,0.08545277402627627,0.08132141388358428
10.085274333302062,10.084585918089173,0.08527433330206094,0.0845859180891731
10.085094891772266,10.076166686965642,0.08509489177226609,0.07616668696564316
10.084914451542872,10.093308701181162,0.08491445154287207,0.09330870118116087
10.084733014731581,10.089878232176668,0.0847330147315805,0.0898782321766682
10.08455058346779,10.028945658739342,0.08455058346778915,0.028945658739342912
10.084367159892567,10.08855485866348,0.08436715989256705,0.08855485866348015
10.084182746158628,10.09644391387168,0.08418274615862902,0.09644391387167893
10.08399734443031,10.104026962779034,0.08399734443031097,0.10402696277903521
10.083810956883545,10.124136718541513,0.08381095688354423,0.12413671854151276
10.08362358570583,10.07572992605977,0.08362358570582967,0.07572992605977007
10.083435233096212,10.116842719524248,0.0834352330962127,0.11684271952424755
10.083245901265258,10.061710250194544,0.08324590126525695,0.06171025019454378
10.083055592435018,10.092175353532513,0.08305559243501866,0.09217535353251334
10.08286430883902,10.070258402026043,0.08286430883902007,0.07025840202604385
10.082672052722224,10.113036061582282,0.08267205272222389,0.11303606158228098
10.082478826341006,10.111174403335529,0.08247882634100655,0.11117440333552805
10.082284631963132,10.089927194577646,0.08228463196313188,0.08992719457764599
10.082089471867723,10.053860987794028,0.0820894718677241,0.053860987794028745
10.081893348345242,10.062707173428104,0.08189334834524173,0.06270717342810421
10.08169626369745,10.088218637031208,0.08169626369745031,0.08821863703120827
10.081498220237394,10.054463981602016,0.0814982202373952,0.054463981602014974
10.081299220289376,10.10521156116717,0.0812992202893749,0.10521156116716983
10.081099266188913,10.102773748276473,0.08109926618891351,0.1027737482764734
10.080898360282733,10.079813903466004,0.08089836028273344,0.0798139034660039
10.080696504928728,10.107004733874424,0.08069650492872743,0.10700473387442407
10.080493702495932,10.066626364413278,0.08049370249593159,0.06662636441327846
10.080289955364497,10.098132327654465,0.08028995536449712,0.09813232765446449
10.080085265925662,10.050909042420061,0.08008526592566259,0.05090904242006079
10.079879636581726,10.082324628815044,0.07987963658172546,0.08232462881504371
10.079673069746015,10.079566921100566,0.07967306974601451,0.07956692110056558
10.079465567842862,10.088145545997701,0.07946556784286124,0.08814554599770034
10.079257133307571,10.069812563067801,0.07925713330757106,0.06981256306780154
10.079047768586396,10.072099355651348,0.0790477685863953,0.07209935565134752
10.078837476136503,10.103433212811877,0.07883747613650222,0.10343321281187684
10.078626258425949,10.052738966527093,0.0786262584259482,0.05273896652709292
10.078414117933649,10.05100820116282,0.07841411793364853,0.05100820116281922
10.078201057149348,10.08192681521047,0.07820105714934879,0.08192681521047061
10.077987078573596,10.090342502090664,0.07798707857359535,0.09034250209066444
10.077772184717706,10.08838966194421,0.07777218471770611,0.08838966194421147
10.07755637810374,10.075490205159396,0.07755637810374069,0.07549020515939574
10.077339661264471,10.062925920043451,0.07733966126447142,0.0629259200434509
10.077122036743352,10.08978881730249,0.07712203674335333,0.08978881730248994
10.076903507094494,10.103909847492128,0.07690350709449395,0.10390984749212857
10.076684074882625,10.100979232743168,0.07668407488262396,0.10097923274316765
10.076463742683067,10.09648995473823,0.07646374268306674,0.09648995473822997
10.076242513081707,10.070012008306099,0.07624251308170828,0.07001200830609916
10.076020388674966,10.093067488498225,0.07602038867496641,0.09306748849822499
10.075797372069761,10.106480887801288,0.07579737206976103,0.10648088780128817
10.075573465883483,10.11385849904253,0.07557346588348302,0.11385849904253072
10.075348672743964,10.038716103768786,0.07534867274396377,0.03871610376878686
10.075122995289444,10.059666390703775,0.07512299528944388,0.059666390703775996
10.074896436168544,10.074291645965486,0.07489643616854291,0.07429164596548696
10.074668998040227,10.074452223838486,0.0746689980402279,0.07445222383848565
10.074440683573782,10.086966147494755,0.07444068357378185,0.0869661474947543
10.074211495448774,10.049183253771599,0.07421149544877308,0.04918325377159933
10.073981436355023,10.090866022889807,0.07398143635502329,0.09086602288980702
10.073750508992577,10.045809936106505,0.0737505089925763,0.04580993610650517
10.073518716071666,10.04282617129088,0.07351871607166581,0.04282617129088068
10.073286060312684,10.043532507715556,0.07328606031268436,0.04353250771555528
10.073052544446151,10.067475702410214,0.07305254444615088,0.06747570241021394
10.07281817121268,10.045875880378311,0.07281817121267888,0.04587588037831068
10.072582943362944,10.092331965373672,0.07258294336294388,0.09233196537367179
10.072346863657652,10.03356732501434,0.07234686365765179,0.0335673250143402
10.072109934867505,10.068875020558655,0.07210993486750612,0.06887502055865512
10.071872159773175,10.013775679429504,0.07187215977317517,0.013775679429503987
10.07163354116526,10.082650495521357,0.07163354116526008,0.08265049552135739
10.07139408184426,10.06291278798739,0.07139408184426159,0.0629127879873898
10.071153784620547,10.027630719783275,0.07115378462054743,0.027630719783275186
10.07091265231432,10.073705698791729,0.07091265231431887,0.0737056987917297
10.070670687755578,10.072488351146372,0.07067068775557829,0.07248835114637318
10.070427893784096,10.05689157082577,0.07042789378409556,0.056891570825769865
10.070184273249374,10.070677455653707,0.07018427324937486,0.07067745565370621
10.069939829010622,10.08029704981604,0.06993982901062086,0.08029704981603976
10.069694563936705,10.06314297344952,0.0696945639367058,0.06314297344951975
10.069448480906136,10.043940208785267,0.0694484809061355,0.04394020878526771
10.069201582807015,10.091056832919454,0.0692015828070152,0.09105683291945509
10.068953872537016,10.033268200617483,0.06895387253701642,0.03326820061748256
10.068705353003342,10.090190906841638,0.06870535300334239,0.09019090684163852
10.068456027122695,10.046249750112489,0.06845602712269432,0.046249750112488656
10.068205897821237,10.066544060027514,0.0682058978212365,0.06654406002751487
10.067954968034563,10.089900454009802,0.06795496803456279,0.08990045400980189
10.067703240707662,10.073158936920771,0.06770324070766186,0.07315893692077213
10.067450718794882,10.068684573542276,0.06745071879488207,0.06868457354227644
10.067197405259897,10.089998970611193,0.06719740525989777,0.08999897061119244
10.066943303075673,10.093492245367903,0.06694330307567382,0.0934922453679026
10.066688415224432,10.060430888460994,0.06668841522443111,0.06043088846099327
10.066432744697611,10.091263872471034,0.06643274469761089,0.09126387247103346
10.06617629449584,10.097853682408312,0.06617629449584059,0.09785368240831263
10.065919067628897,10.069754456169973,0.06591906762889795,0.06975445616997293
10.065661067115675,10.071126804862537,0.06566106711567607,0.07112680486253785
10.065402295984148,10.085825232464309,0.06540229598414737,0.08582523246430823
10.065142757271328,10.070855651215433,0.06514275727132893,0.07085565121543412
10.064882454023246,10.078444907066245,0.06488245402324631,0.07844490706624488
10.064621389294897,10.09198982746094,0.0646213892948976,0.09198982746094064
10.064359566150218,10.039178515341808,0.06435956615021814,0.039178515341808884
10.064096987662044,10.082058503845792,0.06409698766204423,0.08205850384579194
10.063833656912077,10.059542816365914,0.0638336569120772,0.059542816365913485
10.063569576990847,10.071939233642413,0.06356957699084677,0.07193923364241309
10.063304750997675,10.048861615999302,0.06330475099767556,0.04886161599930219
10.063039182040642,10.056943273044679,0.06303918204064218,0.05694327304467907
10.062772873236545,10.066275500176506,0.06277287323654504,0.06627550017650582
10.062505827710865,10.063855847812903,0.06250582771086519,0.06385584781290309
10.062238048597731,10.062573754936198,0.06223804859773048,0.06257375493619785
10.061969539039879,10.05742680272841,0.061969539039878396,0.05742680272840997
10.061700302188619,10.031431484701105,0.061700302188618716,0.03143148470110539
10.061430341203797,10.08096838082709,0.06143034120379736,0.08096838082708907
10.061159659253759,10.060506441811828,0.06115965925375877,0.060506441811828134
10.060888259515309,10.037158950644262,0.06088825951530899,0.03715895064426224
10.060616145173677,10.010858718011733,0.06061614517367783,0.010858718011732917
10.060343319422483,10.075125325344722,0.06034331942248233,0.0751253253447216
10.06006978546369,10.042790575350542,0.06006978546368871,0.042790575350541725
10.059795546507575,10.067629119380857,0.05979554650757505,0.0676291193808565
10.059520605772693,10.105217198912165,0.059520605772693094,0.10521719891216441
10.059244966485831,10.065301805167158,0.059244966485831274,0.06530180516715846
10.058968631881976,10.068451305081128,0.058968631881976485,0.0684513050811278
10.058691605204276,10.05189933793048,0.058691605204275604,0.05189933793048097
10.058413889704,10.067787318549385,0.05841388970399833,0.06778731854938479
10.058135488640499,10.070624577785793,0.05813548864049848,0.07062457778579283
10.057856405281177,10.06146764189399,0.05785640528117597,0.061467641893991634
10.057576642901438,10.056563327335704,0.057576642901437915,0.0565633273357042
10.057296204784661,10.041694927949733,0.057296204784661076,0.04169492794973287
10.057015094222153,10.070631557157617,0.0570150942221527,0.0706315571576174
10.056733314513112,10.05105115962014,0.05673331451311221,0.051051159620140556
10.056450868964593,10.078087644617902,0.05645086896459192,0.07808764461790184
10.056167760891459,10.040001372595293,0.056167760891459056,0.04000137259529363
10.055883993616357,10.047514674413815,0.05588399361635646,0.04751467441381542
10.055599570469663,10.073667028491055,0.05559957046966307,0.07366702849105586
10.055314494789457,10.004054742168892,0.05531449478945586,0.004054742168892442
10.05502876992147,10.05980135330726,0.05502876992146993,0.05980135330725851
10.054742399219059,10.051889775088766,0.054742399219059615,0.05188977508876584
10.05445538604316,10.03623630522323,0.054455386043158485,0.03623630522323014
10.054167733762242,10.076228656368501,0.05416773376224088,0.07622865636850211
10.053879445752282,10.086767025350243,0.05387944575228165,0.08676702535024361
10.053590525396716,10.059508021230158,0.05359052539671697,0.05950802123015746
10.053300976086405,10.06619811765351,0.05330097608640393,0.06619811765350937
10.053010801219582,10.070133595945945,0.05301080121958168,0.0701335959459444
10.05272000420183,10.062002420493464,0.052720004201831094,0.062002420493464154
10.052428588446034,10.087724986967153,0.052428588446034353,0.0877249869671532
10.052136557372336,10.04854406805822,0.05213655737233578,0.04854406805822028
10.051843914408101,10.084957773724208,0.0518439144081011,0.08495777372420799
10.051550662987877,10.025140109634899,0.051550662987877555,0.0251401096348983
10.051256806553353,10.035923401740554,0.05125680655335291,0.03592340174055384
10.050962348553316,10.062852877004817,0.050962348553316064,0.06285287700481716
10.050667292443617,10.047000107595853,0.050667292443615876,0.04700010759585355
10.050371641687121,10.044903434842228,0.05037164168712101,0.044903434842227766
10.050075399753679,10.089775041494958,0.050075399753678564,0.08977504149495769
10.049778570120074,10.032304932832526,0.04977857012007437,0.032304932832526626
10.04948115626999,10.093106342286845,0.04948115626999169,0.09310634228684411
10.04918316169397,10.01901141304974,0.04918316169396984,0.019011413049739037
10.048884589889365,10.011331941618922,0.0488845898893642,0.011331941618922432
10.048585444360304,10.026634598344705,0.048585444360304514,0.026634598344704996
10.048285728617653,10.019171179096368,0.04828572861765409,0.019171179096367962
10.047985446178968,10.066352450615703,0.04798544617896796,0.06635245061570338
10.047684600568452,10.064964666768915,0.04768460056845256,0.06496466676891577
10.047383195316923,10.025189357044272,0.04738319531692372,0.025189357044273143
10.047081233961766,10.057230004260555,0.04708123396176553,0.05723000426055474
10.046778720046888,10.039104577304153,0.04677872004688823,0.039104577304152476
10.046475657122688,10.075449615865532,0.04647565712268753,0.07544961586553206
10.046172048746003,10.050431508244476,0.046172048746002475,0.050431508244475814
10.045867898480074,10.05104901133975,0.045867898480073256,0.051049011339749734
10.0455632098945,10.04050615118379,0.045563209894500294,0.040506151183789814
10.045257986565202,10.047410699747898,0.04525798656520174,0.04741069974789756
10.044952232074372,10.069642068841842,0.04495223207437182,0.06964206884184213
10.044645950010437,10.065535379196131,0.04464595001043817,0.06553537919613059
10.04433914396802,10.047927451610617,0.04433914396802065,0.04792745161061777
10.04403181754789,10.061203109668053,0.04403181754788851,0.061203109668052334
10.043723974356919,10.0184226631062,0.04372397435691852,0.018422663106200842
10.043415618008051,10.03584499239202,0.04341561800805192,0.03584499239202071
10.043106752120252,10.041107194705171,0.043106752120253,0.041107194705171005
10.042797380318467,10.053823419869827,0.04279738031846618,0.05382341986982643
10.042487506233574,10.069491567321533,0.04248750623357294,0.06949156732153364
10.04217713350235,10.049911270936143,0.042177133502350195,0.049911270936142726
10.041866265767426,10.011814682435235,0.04186626576742696,0.011814682435235584
10.041554906677241,10.046840546589486,0.04155490667724194,0.04684054658948694
10.041243059886,10.04920367342157,0.041243059886000036,0.049203673421570254
10.040930729053631,10.074744219833095,0.04093072905363045,0.07474421983309537
10.040617917845744,10.035415769354715,0.04061791784574324,0.03541576935471626
10.040304629933585,10.032581494085951,0.04030462993358581,0.032581494085951665
10.039990868994002,10.051208447473234,0.03999086899400078,0.05120844747323484
10.039676638709382,10.02938714806822,0.039676638709382234,0.02938714806822005
10.039361942767632,10.081266831689952,0.03936194276763276,0.08126683168995263
10.03904678486212,10.056966677277495,0.039046784862119585,0.05696667727749598
10.038731168691632,10.053306582862403,0.03873116869163215,0.053306582862402
10.038415097960337,10.045160465919567,0.038415097960338075,0.045160465919566156
10.03809857637774,10.022430229038868,0.03809857637774002,0.022430229038867565
10.037781607658632,10.026657973604662,0.037781607658631464,0.02665797360466272
10.037464195523054,10.049249745306463,0.03746419552305412,0.049249745306462665
10.037146343696254,10.033076969480565,0.03714634369625377,0.03307696948056532
10.036828055908636,10.04823934060122,0.03682805590863604,0.048239340601220135
10.036509335895724,10.023481252605919,0.036509335895723645,0.023481252605917928
10.036190187398113,10.064313564490835,0.03619018739811184,0.06431356449083454
10.035870614161425,10.007984722800094,0.03587061416142489,0.007984722800093609
10.035550619936272,10.030535967578302,0.03555061993627141,0.030535967578303014
10.035230208478202,10.042703662226133,0.03523020847820138,0.04270366222613269
10.034909383547662,10.059209929469421,0.034909383547661384,0.05920992946942168
10.03458814890995,10.052960421232907,0.034588148909950794,0.05296042123290676
10.034266508335177,10.020179804287814,0.03426650833517696,0.02017980428781341
10.033944465598212,10.064598382138458,0.0339444655982119,0.06459838213845831
10.033622024478648,10.00418443559929,0.03362202447864756,0.004184435599290506
10.03329918876075,10.059121355649987,0.03329918876075091,0.05912135564998648
10.03297596223342,10.042523536678365,0.03297596223342053,0.042523536678365614
10.032652348690142,10.044699059864225,0.032652348690141546,0.04469905986422597
10.03232835192894,10.041347085503409,0.03232835192894133,0.04134708550340945
10.032003975752344,10.039021494314968,0.032003975752344344,0.039021494314967015
10.031679223967329,10.054429229434337,0.03167922396732848,0.054429229434337534
10.031354100385279,10.05475902032191,0.031354100385279714,0.054759020321909664
10.031028608821948,10.023919105299028,0.03102860882194773,0.023919105299027115
10.030702753097401,10.065307856057892,0.03070275309740042,0.06530785605789206
10.03037653703598,10.014628709563098,0.030376537035980117,0.014628709563097437
10.030049964466258,10.06924994867063,0.030049964466258162,0.06924994867062984
10.02972303922099,10.03724307354828,0.029723039220989473,0.037243073548281165
10.02939576513707,10.055182639505803,0.029395765137068604,0.05518263950580239
10.029068146055485,10.032634174993365,0.029068146055483992,0.032634174993365246
10.028740185821274,10.0694025246238,0.028740185821273263,0.06940252462380136
10.028411888283477,10.025134315581832,0.028411888283477394,0.025134315581831622
10.028083257295096,10.026895808953045,0.028083257295096573,0.02689580895304461
10.027754296713045,10.034149740892982,0.027754296713044288,0.034149740892982096
10.027425010398103,10.016562940906335,0.02742501039810242,0.016562940906335463
10.027095402214876,10.027795411553807,0.027095402214875233,0.027795411553808047
10.026765476031745,10.050097056940789,0.026765476031745047,0.05009705694078854
10.026435235720827,10.013628184460845,0.02643523572082633,0.013628184460846234
10.02610468515792,10.005603029549755,0.02610468515791973,0.005603029549755584
10.025773828222468,9.992971120382045,0.025773828222467626,-0.0070288796179548
10.025442668797508,10.012784231946926,0.025442668797507912,0.012784231946926105
10.025111210769628,10.026236278851215,0.025111210769628745,0.026236278851214923
10.024779458028922,10.015257485434612,0.024779458028922282,0.015257485434610989
10.02444741446894,10.014809904728104,0.024447414468940023,0.014809904728104064
10.024115083986647,10.038807718203733,0.02411508398664644,0.038807718203733396
10.023782470482374,10.05151350600545,0.023782470482373592,0.051513506005451175
10.023449577859775,10.025214962861822,0.02344957785977465,0.025214962861822673
10.023116410025779,10.026465817372614,0.023116410025779115,0.026465817372613495
10.022782970890546,10.019911933360406,0.02278297089054646,0.0199119333604061
10.02244926436742,9.99289490731951,0.022449264367419713,-0.007105092680490862
10.022115294372881,10.022164796540922,0.022115294372880557,0.022164796540922644
10.021781064826502,10.015357703531343,0.0217810648265027,0.015357703531342765
10.021446579650906,10.013784223638403,0.021446579650906183,0.01378422363840297
10.021111842771711,10.026702177070545,0.02111184277171069,0.026702177070544814
10.02077685811749,10.022379998203618,0.020776858117490478,0.022379998203618176
10.020441629619727,10.010383461350683,0.020441629619727605,0.010383461350682233
10.020106161212766,10.0385179227933,0.020106161212766115,0.03851792279330069
10.019770456833765,10.0418246669401,0.019770456833765188,0.04182466694009901
10.019434520422655,10.0225153375206,0.01943452042265396,0.022515337520599827
10.019098355922084,10.00794058227268,0.01909835592208477,0.007940582272680281
10.018761967277387,10.038374073622133,0.018761967277386358,0.03837407362213306
10.018425358436518,9.983751470719689,0.018425358436518612,-0.016248529280310956
10.018088533350026,10.044924645455698,0.018088533350025537,0.044924645455697264
10.01775149597099,10.016515163569094,0.017751495970989236,0.01651516356909491
10.017414250254983,10.052672961606175,0.017414250254982815,0.052672961606175975
10.017076800160025,10.010404795509618,0.01707680016002502,0.010404795509618064
10.016739149646533,10.017667744347959,0.016739149646533058,0.017667744347959587
10.016401302677277,10.073069603418633,0.016401302677276505,0.07306960341863192
10.01606326321733,10.030286958771843,0.01606326321733006,0.03028695877184335
10.015725035234029,9.994069949318115,0.015725035234028094,-0.005930050681885426
10.015386622696917,9.972300916193628,0.015386622696917521,-0.02769908380637169
10.015048029577711,10.035612373212702,0.015048029577710731,0.035612373212701866
10.01470925985024,10.043157113708368,0.014709259850239999,0.04315711370836767
10.01437031749041,10.003790134344326,0.01437031749041015,0.0037901343443264793
10.014031206476153,10.007814239191887,0.014031206476152256,0.007814239191887371
10.013691930787376,10.031320264661408,0.013691930787376237,0.03132026466140868
10.013352494405925,10.009387894682389,0.013352494405925211,0.009387894682388874
10.013012901315529,10.0369452470179,0.013012901315528068,0.03694524701789999
10.012673155501753,10.025412513101573,0.01267315550175304,0.025412513101572436
10.01233326095196,10.005658827032315,0.012333260951960252,0.005658827032315368
10.011993221655256,10.023017656625004,0.011993221655255971,0.02301765662500356
10.011653041602445,9.999554785979598,0.011653041602445246,-0.0004452140204029408
10.011312724785984,10.017766536052282,0.011312724785984565,0.01776653605228238
10.010972275199936,10.01486202150969,0.010972275199936037,0.014862021509690525
10.01063169683992,10.007280899364014,0.010631696839919824,0.007280899364014965
10.010290993703068,10.015135139226105,0.010290993703067592,0.015135139226105803
10.009950169787976,10.020789259838498,0.009950169787974899,0.020789259838497644
10.009609229094655,10.021815715308097,0.009609229094655322,0.021815715308097176
10.009268175624493,10.020544975092887,0.00926817562449298,0.020544975092887354
10.008927013380195,9.98757923833194,0.00892701338019505,-0.01242076166806036
10.008585746365746,10.01285139556071,0.008585746365745843,0.012851395560711194
10.00824437858636,10.005661553609706,0.008244378586359109,0.005661553609706363
10.007902914048431,9.993270027115246,0.007902914048431381,-0.006729972884754291
10.007561356759494,9.997063069961762,0.0075613567594942505,-0.0029369300382380663
10.007219710728169,9.997660508142102,0.007219710728168394,-0.0023394918578973113
10.006877979964116,10.028312321478067,0.006877979964115818,0.028312321478067632
10.006536168477993,10.016126401115928,0.006536168477993154,0.016126401115927377
10.006194280281404,10.042092488896111,0.006194280281403886,0.0420924888961107
10.005852319386852,10.050786434083419,0.00585231938685232,0.050786434083418805
10.005510289807695,9.995245328473548,0.005510289807695973,-0.004754671526451585
10.005168195558097,9.98890237245905,0.005168195558097931,-0.011097627540950504
10.004826040652981,9.974315715108578,0.004826040652980805,-0.025684284891422066
10.00448382910798,9.974135473259649,0.0044838291079788975,-0.02586452674035074
10.004141564939392,10.008577876420715,0.0041415649393914365,0.00857787642071495
10.003799252164134,9.990465485547515,0.003799252164134721,-0.009534514452484164
10.003456894799696,10.01873926361242,0.003456894799696044,0.01873926361242125
10.003114496864086,10.00401516923523,0.0031144968640858355,0.004015169235229533
10.00277206237579,9.994860057656362,0.0027720623757908577,-0.005139942343637814
10.002429595353727,9.995152318889907,0.0024295953537263344,-0.004847681110092049
10.00208709981719,10.038614397858167,0.0020870998171898464,0.038614397858167664
10.001744579785814,10.009964556005546,0.0017445797858136312,0.009964556005545026
10.001402039279517,9.993226910232979,0.0014020392795168716,-0.0067730897670214936
10.00105948231846,9.979990740598904,0.0010594823184595828,-0.020009259401096623
10.000716912922995,9.982450052010426,0.0007169129229947208,-0.017549947989574443
10.000374335113621,10.014552185547561,0.0003743351136213534,0.014552185547560853
10.000031752910937,9.966120161436923,3.175291093676325e-05,-0.033879838563077073
9.999689170335591,9.98717295408079,-0.00031082966440967256,-0.012827045919209416
9.999346591408235,10.017735897854646,-0.0006534085917643808,0.017735897854645202
9.999004020149483,10.013458794761522,-0.000995979850516425,0.013458794761521623
9.998661460579855,10.01439927861357,-0.0013385394201454023,0.014399278613569677
9.998318916719732,9.994119743962589,-0.001681083280267564,-0.005880256037411334
9.997976392589317,10.002056187694691,-0.002023607410683533,0.002056187694691744
9.997633892208574,10.011127435053224,-0.0023661077914260194,0.01112743505322402
9.997291419597195,10.014494592344166,-0.0027085804028059326,0.014494592344166397
9.99694897877454,9.973635207933679,-0.0030510212254602712,-0.026364792066320704
9.996606573759601,10.042869302314605,-0.003393426240398937,0.04286930231460468
9.996264208570947,9.982289246435503,-0.0037357914290526146,-0.017710753564497646
9.99592188722668,9.975439080834665,-0.004078112773318871,-0.024560919165335655
9.99557961374439,9.979253557811429,-0.00442038625561002,-0.020746442188571784
9.9952373921411,9.998752730681321,-0.004762607858899922,-0.0012472693186789566
9.994895226433227,9.983082047414282,-0.005104773566771835,-0.016917952585718123
9.994553120636535,10.022661109493908,-0.0054468793634644954,0.022661109493908337
9.99421107876608,10.006030067515102,-0.00578892123391977,0.006030067515101245
9.99386910483617,9.991847277665556,-0.006130895163830319,-0.00815272233444403
9.993527202860314,9.944954410680447,-0.00647279713968564,-0.05504558931955268
9.99318537685118,9.982901524151325,-0.006814623148819883,-0.017098475848674896
9.992843630820541,10.010903504052944,-0.007156369179458591,0.010903504052943392
9.992501968779234,9.978346673865763,-0.007498031220766488,-0.021653326134236286
9.992160394737107,10.015001649320135,-0.007839605262893491,0.015001649320135865
9.991818912702978,9.996952023140668,-0.008181087297022481,-0.003047976859331872
9.991477526684584,9.99371086098137,-0.008522473315415996,-0.006289139018630516
9.991136240688537,9.994829061214013,-0.008863759311463975,-0.005170938785987467
9.99079505872027,10.02302239494317,-0.009204941279729715,0.023022394943171466
9.990453984784002,9.9990520007719,-0.00954601521599742,-0.0009479992281001843
9.99011302288268,10.011023391832165,-0.009886977117319718,0.011023391832164785
9.989772177017937,9.989112249196253,-0.010227822982063586,-0.010887750803746352
9.989431451190041,9.98565185212602,-0.010568548809958013,-0.014348147873979764
9.98909084939786,10.022528313754433,-0.010909150602140604,0.022528313754432757
9.988750375638794,9.996955992609399,-0.011249624361205217,-0.0030440073906018612
9.988410033908751,9.968978449632852,-0.01158996609124781,-0.031021550367147432
9.988069828202086,10.008195014121126,-0.011930171797914056,0.008195014121126302
9.987729762511554,9.968557926952679,-0.01227023748844586,-0.031442073047321474
9.987389840828271,9.992112153128394,-0.01261015917172893,-0.007887846871605356
9.987050067141661,10.000016940727043,-0.012949932858338559,1.694072704286169e-05
9.986710445439414,9.998301912560462,-0.01328955456058697,-0.0016980874395375947
9.986370979707429,9.9476653107907,-0.013629020292570652,-0.05233468920929977
9.986031673929784,10.020604587791162,-0.01396832607021608,0.020604587791162178
9.985692532088672,9.993633025114894,-0.01430746791132718,-0.006366974885105018
9.985353558164368,9.994367787808663,-0.014646441835631706,-0.00563221219133736
9.985014756135172,9.997452035960178,-0.01498524386482867,-0.0025479640398214203
9.984676129977366,9.968302964796814,-0.01532387002263396,-0.03169703520318598
9.984337683665172,9.982897228094979,-0.015662316334827727,-0.01710277190502128
9.983999421170699,9.959341991184727,-0.016000578829300675,-0.040658008815272255
9.983661346463899,9.990946683576713,-0.016338653536101363,-0.009053316423287317
9.983323463512518,10.00565604861197,-0.01667653648748176,0.005656048611970277
9.982985776282055,10.00289845345545,-0.01701422371794434,0.0028984534554487643
9.98264828873571,10.015656430642752,-0.01735171126428914,0.015656430642751486
9.98231100483434,10.009008580642503,-0.017688995165659232,0.009008580642502005
9.981973928536412,9.984260408973268,-0.018026071463587888,-0.015739591026731066
9.981637063797955,9.998856164967785,-0.018362936202044714,-0.0011438350322145983
9.981300414572518,9.965773262521012,-0.018699585427482766,-0.03422673747898889
9.980963984811115,9.989102404371172,-0.019036015188883898,-0.01089759562882727
9.980627778462194,9.995611455371629,-0.019372221537805837,-0.0043885446283718245
9.980291799471571,9.9645120125064,-0.019708200528428175,-0.03548798749359887
9.9799560517824,9.976136319092422,-0.02004394821759937,-0.023863680907578056
9.979620539335118,9.96278920643637,-0.020379460664881985,-0.03721079356363163
9.9792852660674,9.988040158898391,-0.02071473393259945,-0.01195984110160873
9.978950235914118,9.980871092802866,-0.021049764085882806,-0.019128907197133775
9.978615452807285,9.973822133967857,-0.021384547192715833,-0.026177866032142658
9.978280920676019,9.966418043056327,-0.021719079323981896,-0.03358195694367339
9.97794664344649,10.00351943403467,-0.022053356553509717,0.003519434034670848
9.97761262504188,9.944203892245154,-0.02238737495812014,-0.05579610775484507
9.977278869382328,9.99415060436768,-0.022721130617671143,-0.005849395632319419
9.976945380384896,9.99945537642062,-0.023054619615104348,-0.0005446235793792539
9.976612161963509,9.96541992407459,-0.02338783803649154,-0.03458007592541013
9.976279218028921,9.98848866215485,-0.02372078197107953,-0.011511337845150005
9.975946552488663,9.99433414426119,-0.024053447511336777,-0.005665855738810569
9.975614169247,9.991689065914457,-0.024385830752998883,-0.008310934085543148
9.975282072204886,9.955591157104886,-0.024717927795115113,-0.04440884289511521
9.974950265259906,9.949785964482508,-0.02504973474009313,-0.05021403551749138
9.974618752306254,9.97346520749879,-0.025381247693745453,-0.026534792501209374
9.974287537234666,10.001629929711651,-0.025712462765334784,0.001629929711651875
9.973956623932379,9.972157102943592,-0.02604337606762039,-0.02784289705640694
9.973626016283097,9.975264876082875,-0.02637398371690268,-0.024735123917124593
9.97329571816693,9.973167822762692,-0.026704281833069277,-0.026832177237307932
9.97296573346036,9.955419199767055,-0.027034266539641125,-0.04458080023294535
9.972636066036182,9.960172705085078,-0.027363933963816894,-0.03982729491492212
9.97230671976348,9.97725597087145,-0.02769328023651918,-0.022744029128549635
9.97197769850756,9.98401941257101,-0.028022301492439512,-0.015980587428990094
9.971649006129915,9.984449297632326,-0.02835099387008444,-0.015550702367674356
9.97132064648818,10.000259566940334,-0.028679353511819824,0.0002595669403351909
9.970992623436084,9.944401465584889,-0.029007376563916772,-0.055598534415111076
9.970664940823404,9.985757162965863,-0.02933505917659654,-0.014242837034137007
9.970337602495924,9.987387870263843,-0.029662397504076413,-0.012612129736156427
9.970010612295386,10.00729721272727,-0.029989387704613776,0.00729721272727054
9.969683974059448,10.003804685341997,-0.030316025940551758,0.003804685341997828
9.969357691621635,9.95570525565086,-0.030642308378364753,-0.0442947443491396
9.969031768811298,9.970001418708314,-0.030968231188702407,-0.029998581291685637
9.968706209453565,10.000075211468891,-0.031293790546435225,7.521146889091085e-05
9.968381017369301,9.944830323772864,-0.03161898263069914,-0.055169676227136324
9.96805619637506,9.998803156962259,-0.03194380362494103,-0.0011968430377402896
9.967731750283038,9.983946429240259,-0.032268249716962474,-0.01605357075974162
9.967407682901035,10.007730156379614,-0.0325923170989652,0.007730156379614189
9.967083998032404,9.98148751921429,-0.03291600196759543,-0.018512480785710075
9.96676069947601,9.985396267679398,-0.033239300523989164,-0.014603732320600988
9.966437791026184,9.988612558839387,-0.033562208973815795,-0.011387441160613836
9.966115276472676,9.989836717036582,-0.03388472352732312,-0.010163282963418476
9.965793159600617,9.9602962497388,-0.03420684039938232,-0.039703750261199586
9.965471444190468,9.963932151413427,-0.034528555809531396,-0.03606784858657322
9.96515013401798,9.96427606259083,-0.03484986598202019,-0.03572393740917067
9.964829232854145,9.970313810943246,-0.035170767145854355,-0.029686189056754724
9.96450874446516,9.97111557895361,-0.035491255534840324,-0.028884421046391162
9.964188672612371,9.982013631375677,-0.035811327387628454,-0.017986368624323148
9.963869021052242,9.93377153662482,-0.03613097894775788,-0.06622846337518032
9.9635497935363,9.952106445156213,-0.03645020646370026,-0.04789355484378647
9.963230993811095,9.949013644450094,-0.03676900618890444,-0.0509863555499052
9.962912625618161,9.953640952777317,-0.037087374381839476,-0.04635904722268294
9.96259469269396,9.956697150491687,-0.037405307306038985,-0.043302849508313104
9.962277198769854,9.954505314905228,-0.03772280123014556,-0.045494685094771885
9.961960147572047,9.943391331458656,-0.038039852427953526,-0.05660866854134432
9.961643542821546,9.925681257074075,-0.038356457178453346,-0.07431874292592458
9.961327388234125,9.98156078392224,-0.03867261176587494,-0.018439216077758943
9.961011687520267,9.956805521465787,-0.038988312479732,-0.04319447853421285
9.960696444385135,10.003220375318763,-0.03930355561486452,0.0032203753187627915
9.960381662528517,9.968738183877361,-0.03961833747148292,-0.031261816122639036
9.96006734564479,9.949892734289483,-0.03993265435521118,-0.05010726571051787
9.959753497422868,9.977189776312693,-0.04024650257713083,-0.0228102236873064
9.959440121546177,9.940214247103292,-0.04055987845382328,-0.05978575289670783
9.959127221692587,9.963720134527804,-0.04087277830741351,-0.036279865472195
9.958814801534386,9.96605833173378,-0.04118519846561373,-0.03394166826621945
9.958502864738234,9.953156423471041,-0.041497135261765544,-0.046843576528959055
9.958191414965116,9.927331057010322,-0.04180858503488359,-0.07266894298967727
9.957880455870303,9.943898755695194,-0.04211954412969819,-0.056101244304805516
9.9575699911033,9.991441549788012,-0.04243000889669891,-0.00855845021198711
9.957260024307823,9.95568878440451,-0.0427399756921764,-0.044311215595491095
9.956950559121735,9.953298881356051,-0.04304944087826583,-0.04670111864394801
9.956641599177011,9.95462736272878,-0.04335840082298925,-0.04537263727121878
9.9563331480997,9.96405210261153,-0.04366685190029884,-0.03594789738846943
9.956025209509882,9.936008878339289,-0.04397479049011856,-0.06399112166071162
9.955717787021612,9.959137964441668,-0.04428221297838703,-0.040862035558331164
9.9554108842429,9.96083322964344,-0.04458911575710052,-0.03916677035656118
9.955104504775646,9.964728240515427,-0.04489549522435426,-0.035271759484572535
9.954798652215615,9.947025473994994,-0.04520134778438539,-0.05297452600500485
9.954493330152385,9.91392104636098,-0.045506669847614846,-0.08607895363902035
9.95418854216931,9.940068617445093,-0.04581145783069011,-0.05993138255490757
9.953884291843474,9.91666714756414,-0.0461157081565263,-0.08333285243585978
9.953580582745651,9.952200446293666,-0.04641941725434881,-0.0477995537063342
9.953277418440265,9.973555003849949,-0.04672258155973491,-0.026444996150050467
9.952974802485343,9.94526260163407,-0.04702519751465616,-0.054737398365929876
9.952672738432481,9.959841612713927,-0.04732726156751929,-0.040158387286073086
9.952371229826792,9.982759910732181,-0.04762877017320831,-0.017240089267818323
9.952070280206874,9.969718557101508,-0.047929719793126574,-0.030281442898491537
9.951769893104762,9.960441033596856,-0.048230106895237435,-0.039558966403144144
9.951470072045893,9.945114421595923,-0.04852992795410624,-0.05488557840407736
9.95117082054906,9.952531811871648,-0.048829179450941465,-0.047468188128352705
9.950872142126363,9.970152536798777,-0.049127857873636605,-0.029847463201222977
9.95057404028319,9.945404796198297,-0.04942595971681046,-0.05459520380170343
9.950276518518152,9.94115990700078,-0.04972348148184887,-0.05884009299922076
9.949979580323054,9.931823301686569,-0.05002041967694554,-0.06817669831343066
9.949683229182856,9.96062793995866,-0.050316770817143565,-0.03937206004133839
9.949387468575624,9.955040812190123,-0.05061253142437544,-0.044959187809876976
9.949092301972495,9.946260514537734,-0.05090769802750433,-0.05373948546226547
9.948797732837635,9.948128444003434,-0.05120226716236529,-0.05187155599656714
9.948503764628194,9.927952999801827,-0.051496235371804956,-0.07204700019817281
9.948210400794277,9.928602798845507,-0.051789599205722785,-0.07139720115449347
9.947917644778888,9.952326866284688,-0.05208235522111121,-0.047673133715312885
9.947625500017903,9.942019309935953,-0.05237449998209667,-0.05798069006404674
9.94733396994002,9.945368703067746,-0.052666030059979,-0.054631296932253624
9.947043057966727,9.95224323673225,-0.05295694203327216,-0.04775676326774903
9.946752767512255,9.957400992202267,-0.05324723248774482,-0.04259900779773358
9.946463101983541,9.946553877374136,-0.053536898016459535,-0.05344612262586359
9.946174064780188,9.959521578660736,-0.053825935219813326,-0.04047842133926363
9.945885659294422,9.913731761398742,-0.05411434070557728,-0.0862682386012584
9.945597888911063,9.937439172010198,-0.05440211108893698,-0.0625608279898018
