Actual_Level,Predicted_Level,Actual_DeltaH,Predicted_DeltaH
10.0,10.053542787975882,0.0,0.05354278797588262
10.000342582406287,9.964337006344739,0.00034258240628585497,-0.03566299365526142
10.000685160791921,9.953011169026931,0.000685160791920121,-0.046988830973069357
10.001027731136299,9.969019985954967,0.0010277311362983969,-0.03098001404503303
10.00137028941891,10.001696753103529,0.0013702894189106557,0.0016967531035295138
10.001712831619388,9.976758065169124,0.0017128316193884313,-0.023241934830876963
10.002055353717552,9.989065475334643,0.002055353717552003,-0.010934524665357851
10.002397851693457,9.941488937854501,0.0023978516934575755,-0.05851106214549945
10.002740321527444,9.994954769924377,0.0027403215274444614,-0.005045230075623037
10.003082759200183,10.013747905966392,0.003082759200182254,0.013747905966392072
10.003425160692718,9.981206456641537,0.003425160692718001,-0.018793543358463095
10.003767521986523,9.995890960995828,0.0037675219865233745,-0.004109039004171602
10.004109839063542,10.012467057561132,0.004109839063541827,0.012467057561131844
10.004452107906236,9.976638887396266,0.004452107906235755,-0.023361112603733553
10.004794324497635,10.054580683139909,0.004794324497633649,0.0545806831399082
10.005136484821378,10.007864154342494,0.005136484821377232,0.007864154342494357
10.005478584861768,9.999041402159824,0.005478584861768609,-0.0009585978401764981
10.005820620603817,10.033202004802972,0.00582062060381738,0.03320200480297186
10.006162588033288,9.99595189367403,0.006162588033287777,-0.004048106325968626
10.006504483136746,9.99689953621154,0.006504483136745765,-0.003100463788459411
10.006846301901605,10.010994246897347,0.006846301901606152,0.010994246897346384
10.00718804031618,10.008923260492043,0.007188040316179677,0.00892326049204361
10.00752969436972,10.000183782393194,0.007529694369720096,0.00018378239319419027
10.007871260052472,10.003625088916497,0.00787126005247125,0.0036250889164967095
10.008212733355714,10.02276787977052,0.008212733355714126,0.02276787977052016
10.008554110271813,10.02162285274749,0.00855411027181391,0.02162285274748857
10.008895386794267,10.00941772282478,0.008895386794267011,0.00941772282478121
10.009236558917747,10.008939255481069,0.009236558917748093,0.008939255481069643
10.009577622638156,10.008796210536138,0.009577622638157077,0.00879621053613743
10.009918573952666,10.031760842551652,0.00991857395266613,0.031760842551652166
10.010259408859767,9.979594762107785,0.010259408859766657,-0.020405237892214344
10.010600123359316,9.984663674673213,0.01060012335931625,-0.015336325326787411
10.010940713452586,10.00509416922144,0.010940713452585647,0.005094169221440814
10.011281175142306,9.990013784575407,0.011281175142305647,-0.009986215424593436
10.011621504432714,9.9885793588846,0.011621504432714043,-0.011420641115400521
10.011961697329603,10.054331910152417,0.011961697329602498,0.054331910152416986
10.012301749840363,10.01025172917348,0.012301749840363434,0.010251729173478899
10.012641657974036,9.998665454272206,0.012641657974036888,-0.0013345457277944336
10.012981417741358,10.044324506389842,0.012981417741357349,0.04432450638984099
10.0133210251548,9.984904738087403,0.013321025154800584,-0.015095261912596894
10.01366047622863,10.001750060505298,0.01366047622863042,0.0017500605052987034
10.013999766978946,9.986392113395512,0.013999766978945546,-0.013607886604488698
10.014338893423727,10.007671748388226,0.014338893423726249,0.007671748388226929
10.014677851582881,9.991807725801818,0.014677851582881164,-0.008192274198180997
10.015016637478293,9.994375898616319,0.01501663747829396,-0.005624101383680316
10.01535524713387,10.062738765383942,0.015355247133870068,0.0627387653839426
10.015693676575584,10.023314431293654,0.015693676575583307,0.023314431293653674
10.016031921831523,10.020563833522438,0.01603192183152255,0.020563833522437545
10.01636997893194,10.039520435572921,0.016369978931938325,0.039520435572921904
10.01670784390929,10.019947484023003,0.016707843909289418,0.019947484023003847
10.017045512798289,10.03137755655157,0.017045512798289416,0.03137755655156934
10.017382981635953,10.023854898100955,0.01738298163595327,0.02385489810095493
10.017720246461645,9.990805193839906,0.017720246461643795,-0.009194806160094653
10.018057303317118,10.02130437122667,0.018057303317118148,0.0213043712266688
10.018394148246575,10.003197125698932,0.018394148246574288,0.0031971256989317322
10.018730777296698,10.0267493380438,0.01873077729669741,0.026749338043800308
10.019067186516706,10.017187868324513,0.019067186516706316,0.017187868324512887
10.0194033719584,10.019199304523568,0.019403371958399827,0.019199304523567638
10.019739329676202,10.01448677565679,0.019739329676203073,0.014486775656790442
10.020075055727213,10.04501738044233,0.020075055727213836,0.04501738044233046
10.020410546171249,10.02819066558649,0.02041054617124879,0.028190665586489812
10.020745797070889,10.026344994506305,0.020745797070889794,0.02634499450630482
10.02108080449153,9.98564485420236,0.021080804491530047,-0.014355145797640058
10.021415564501421,10.06017385460256,0.021415564501420306,0.060173854602559605
10.021750073171715,9.984777210097151,0.02175007317171501,-0.015222789902848675
10.022084326576518,10.03603068135408,0.02208432657651839,0.03603068135407961
10.02241832079293,10.020837059656897,0.022418320792930574,0.020837059656896126
10.022752051901094,10.074130377587313,0.022752051901093577,0.07413037758731228
10.023085515984237,10.024361412531915,0.02308551598423735,0.024361412531914386
10.023418709128725,10.047583809399615,0.023418709128725717,0.04758380939961605
10.023751627424103,10.02079462606081,0.023751627424102337,0.02079462606081084
10.024084266963136,10.033156821893137,0.02408426696313657,0.03315682189313713
10.02441662384187,10.033067371792963,0.02441662384186935,0.03306737179296305
10.024748694159658,10.038500871950665,0.024748694159659003,0.03850087195066504
10.025080474019227,10.023358335678823,0.025080474019227,0.02335833567882273
10.025411959526703,10.031292565149641,0.025411959526703755,0.031292565149641786
10.025743146791674,10.024038414333987,0.02574314679167425,0.02403841433398629
10.026074031927223,10.046159195036674,0.026074031927223768,0.04615919503667345
10.026404611049983,10.039458038335678,0.026404611049983436,0.039458038335678285
10.026734880280175,10.006630671866061,0.02673488028017587,0.006630671866060502
10.02706483574166,10.002495893779306,0.027064835741660676,0.002495893779305685
10.02739447356198,10.036577444470625,0.027394473561979937,0.036577444470624984
10.027723789872404,10.045137845188009,0.027723789872403665,0.04513784518800808
10.028052780807975,10.023158183582174,0.028052780807975228,0.023158183582174734
10.028381442507557,10.026417124763789,0.02838144250755667,0.026417124763788474
10.028709771113874,9.998662400822456,0.028709771113874072,-0.0013375991775449111
10.029037762773562,10.021072046171588,0.02903776277356279,0.02107204617158763
10.029365413637212,10.03317403819591,0.029365413637212668,0.03317403819590967
10.029692719859414,10.017012492202431,0.029692719859413276,0.017012492202430486
10.0300196775988,10.01559238975665,0.030019677598798967,0.015592389756649649
10.030346283018094,10.015490637385877,0.030346283018094018,0.015490637385876482
10.030672532284157,10.041669509870463,0.030672532284157616,0.041669509870462786
10.030998421568029,10.021357910884095,0.0309984215680289,0.02135791088409515
10.031323947044973,10.035763788741983,0.03132394704497186,0.03576378874198374
10.03164910489452,10.047506302478746,0.03164910489452021,0.04750630247874678
10.031973891300522,10.039563520926237,0.03197389130052229,0.039563520926236995
10.032298302451185,10.04479184851526,0.03229830245118579,0.04479184851525998
10.032622334539122,10.057673349198515,0.03262233453912252,0.057673349198514356
10.032945983761394,10.04093275091754,0.0329459837613931,0.04093275091754017
10.033269246319552,10.046231200539822,0.03326924631955153,0.04623120053982122
10.03359211841969,10.011314529915255,0.03359211841968988,0.011314529915255306
10.033914596272483,10.015009751088972,0.03391459627248271,0.015009751088972335
10.034236676093231,10.0324700312255,0.034236676093231604,0.032470031225500726
10.03455835410191,10.050723047123089,0.034558354101909564,0.05072304712308902
10.034879626523205,10.049055910743373,0.034879626523205386,0.04905591074337275
10.035200489586568,10.054562139002996,0.035200489586567976,0.05456213900299614
10.03552093952625,10.04243583724459,0.03552093952625057,0.04243583724458968
10.035840972581354,10.038614928694795,0.035840972581354956,0.03861492869479563
10.036160584995876,10.007078735350568,0.0361605849958756,0.007078735350568573
10.036479773018744,10.032792942968566,0.03647977301874376,0.032792942968566344
10.036798532903871,10.034402893437205,0.03679853290387144,0.034402893437205234
10.037116860910196,10.002651188097685,0.03711686091019544,0.0026511880976844773
10.03743475330172,10.025893371146436,0.037434753301721205,0.025893371146436195
10.037752206347566,10.035376123064465,0.03775220634756668,0.035376123064465574
10.038069216322006,10.010876607587551,0.03806921632200612,0.01087660758755113
10.038385779504514,10.003977605272741,0.038385779504513794,0.003977605272741339
10.038701892179807,9.999663001052376,0.038701892179807657,-0.0003369989476240398
10.039017550637894,10.081372744768874,0.039017550637892945,0.08137274476887371
10.039332751174106,10.053137804340233,0.03933275117410576,0.05313780434023373
10.039647490089157,10.034391166151163,0.03964749008915646,0.03439116615116361
10.039961763689174,10.008366126593536,0.03996176368917318,0.008366126593535923
10.040275568285745,10.032902285595805,0.040275568285745106,0.0329022855958039
10.040588900195965,10.027802321402156,0.04058890019596581,0.027802321402156608
10.040901755742476,10.051320655753686,0.04090175574247643,0.05132065575368711
10.04121413125351,10.026704367639718,0.04121413125350888,0.02670436763971866
10.041526023062929,10.053428816588418,0.0415260230629289,0.053428816588418054
10.041837427510279,10.065541391208018,0.04183742751027911,0.06554139120801838
10.042148340940821,10.030782202709053,0.04214834094082195,0.03078220270905358
10.042458759705582,10.056782949333051,0.04245875970558258,0.05678294933305209
10.042768680161391,10.063973614179767,0.04276868016139172,0.06397361417976766
10.043078098670929,10.009770138643061,0.043078098670928405,0.009770138643061303
10.043387011602762,10.023419113555335,0.04338701160276265,0.02341911355533496
10.043695415331397,10.031927495609114,0.04369541533139806,0.03192749560911366
10.044003306237315,10.036919925051157,0.04400330623731446,0.03691992505115721
10.04431068070701,10.04207321263274,0.044310680707010275,0.04207321263274054
10.044617535133044,10.049430665141879,0.044617535133045,0.04943066514187925
10.04492386591408,10.03661924798365,0.044923865914081505,0.03661924798364902
10.045229669454928,10.093528665430284,0.045229669454928345,0.09352866543028338
10.045534942166581,10.040162907706137,0.04553494216658191,0.04016290770613612
10.045839680466269,10.020824082364536,0.04583968046626856,0.020824082364536645
10.046143880777487,10.023083579260945,0.04614388077748668,0.02308357926094516
10.046447539530048,10.053228098814351,0.046447539530048654,0.053228098814351275
10.046750653160123,10.080838238932747,0.04675065316012276,0.08083823893274664
10.047053218110275,10.016290438683342,0.04705321811027502,0.016290438683342248
10.047355230829512,10.032449293060921,0.04735523082951089,0.032449293060921654
10.047656687773317,10.064339201914558,0.04765668777331701,0.0643392019145585
10.047957585403703,10.029351497496373,0.04795758540370276,0.02935149749637274
10.048257920189242,10.072121809405548,0.0482579201892418,0.07212180940554727
10.048557688605113,10.048930634398792,0.04855768860511349,0.04893063439879176
10.048856887133145,10.034755611991786,0.04885688713314429,0.034755611991786395
10.04915551226185,10.024649658161797,0.049155512261849034,0.024649658161796692
10.049453560486473,10.021659751643265,0.049453560486472155,0.021659751643264776
10.049751028309029,10.042705121532121,0.0497510283090288,0.042705121532120985
10.050047912238346,10.058303234998265,0.050047912238345885,0.05830323499826514
10.050344208790102,10.063722434703346,0.050344208790103095,0.06372243470334564
10.050639914486874,10.040832151353081,0.050639914486873716,0.04083215135308148
10.050935025858166,10.023163758009627,0.05093502585816556,0.02316375800962664
10.051229539440461,10.037523885178134,0.05122953944046155,0.03752388517813397
10.05152345177726,10.054170126017446,0.051523451777260476,0.05417012601744632
10.051816759419118,10.072069859933379,0.051816759419117536,0.07206985993337908
10.052109458923685,10.047191279469963,0.05210945892368479,0.047191279469962946
10.052401546855751,10.054712128540576,0.052401546855751616,0.05471212854057568
10.052693019787284,10.071687416103066,0.05269301978728496,0.07168741610306602
10.05298387429747,10.06388320474691,0.05298387429746959,0.06388320474690974
10.053274106972749,10.072899151762979,0.05327410697274833,0.07289915176297834
10.053563714406861,10.01442620758635,0.053563714406861966,0.01442620758634993
10.05385269320089,10.056162033415275,0.05385269320088934,0.05616203341527417
10.054141039963287,10.028995683559073,0.05414103996328721,0.02899568355907197
10.05442875130993,10.067919913502825,0.054428751309930024,0.06791991350282543
10.05471582386415,10.016926519111895,0.05471582386414972,0.01692651911189503
10.055002254256776,10.087553633620221,0.05500225425677522,0.08755363362022031
10.055288039126172,10.069463293273913,0.05528803912617211,0.069463293273913
10.055573175118282,10.065491949764256,0.055573175118282005,0.0654919497642559
10.055857658886662,10.05083306054252,0.05585765888666196,0.05083306054251895
10.056141487092523,10.07746035045832,0.05614148709252373,0.07746035045831973
10.056424656404772,10.077031912263838,0.0564246564047729,0.07703191226383746
10.056707163500048,10.074364723510469,0.0567071635000481,0.07436472351046834
10.05698900506276,10.020601386852027,0.05698900506275992,0.02060138685202617
10.05727017778513,10.02252715296729,0.05727017778512981,0.02252715296729081
10.057550678367228,10.062640232889963,0.05755067836722896,0.06264023288996395
10.057830503517017,10.039792204350444,0.05783050351701701,0.039792204350444914
10.058109649950381,10.03304165053458,0.05810964995038066,0.03304165053457915
10.058388114391173,10.03810934597007,0.05838811439117228,0.03810934597007047
10.058665893571249,10.012691834788043,0.05866589357124823,0.012691834788042491
10.058942984230507,10.050516089281203,0.05894298423050736,0.05051608928120201
10.059219383116929,10.059828473901485,0.0592193831169292,0.05982847390148471
10.059495086986612,10.056507557506828,0.05949508698661215,0.05650755750682756
10.059770092603811,10.057036085293435,0.05977009260381149,0.05703608529343454
10.060044396740977,10.055841780155358,0.060044396740977446,0.055841780155358636
10.060317996178792,10.044633775167066,0.06031799617879302,0.04463377516706581
10.060590887706212,10.04789476890677,0.060590887706211786,0.04789476890677043
10.060863068120495,10.059594110253288,0.06086306812049555,0.05959411025328879
10.061134534227252,10.071626464179976,0.06113453422725196,0.07162646417997559
10.061405282840472,10.052862199484492,0.061405282840472024,0.05286219948449175
10.061675310782567,10.059483324824626,0.06167531078256744,0.05948332482462669
10.061944614884409,10.07604395183115,0.061944614884407945,0.07604395183114886
10.062213191985359,10.068150296441738,0.062213191985358476,0.06815029644173819
10.062481038933317,10.079019013956055,0.062481038933316274,0.07901901395605548
10.062748152584748,10.026650992895544,0.06274815258474788,0.02665099289554286
10.063014529804725,10.083334317768895,0.06301452980472602,0.08333431776889424
10.063280167466967,9.988055456007977,0.0632801674669664,-0.011944543992022577
10.063545062453864,10.073794127718347,0.06354506245386445,0.07379412771834662
10.063809211656531,10.046559042906317,0.06380921165653178,0.0465590429063174
10.064072611974833,10.04545670239443,0.06407261197483283,0.045456702394431205
10.06433526031742,10.046888540641595,0.06433526031742112,0.04688854064159518
10.064597153601776,10.046229988916233,0.06459715360177562,0.046229988916233096
10.064858288754237,10.071274538091993,0.06485828875423688,0.0712745380919937
10.065118662710043,10.087185089994284,0.06511866271004312,0.08718508999428445
10.065378272413366,10.048424313349452,0.06537827241336619,0.04842431334945117
10.065637114817347,10.07482787271039,0.06563711481734745,0.07482787271039061
10.065895186884134,10.0510451830213,0.06589518688413351,0.051045183021299984
10.066152485584912,10.054611554203538,0.0661524855849119,0.05461155420353773
10.066409007899946,10.063286389042506,0.0664090078999466,0.06328638904250643
10.066664750818614,10.051048754860402,0.06666475081861349,0.05104875486040182
10.066919711339436,10.07698314932963,0.06691971133943572,0.0769831493296303
10.067173886470119,10.080616963179391,0.06717388647011883,0.08061696317939193
10.067427273227587,10.059694924692693,0.067427273227586,0.05969492469269168
10.067679868638013,10.049069977250417,0.06767986863801298,0.04906997725041696
10.067931669736863,10.064443389444822,0.06793166973686297,0.0644433894448228
10.068182673568922,10.088910219312615,0.06818267356892155,0.08891021931261534
10.06843287718833,10.050677085194973,0.06843287718833115,0.05067708519497312
10.068682277658626,10.091739203255855,0.0686822776586258,0.09173920325585473
10.068930872052766,10.099558378504254,0.06893087205276556,0.09955837850425397
10.06917865745317,10.07421079978104,0.0691786574531708,0.07421079978104056
10.069425630951756,10.067506585962834,0.06942563095175645,0.06750658596283293
10.069671789649966,10.078556189831826,0.0696717896499663,0.07855618983182568
10.069917130658807,10.085867282971059,0.06991713065880674,0.08586728297105906
10.07016165109888,10.102237557130486,0.07016165109888091,0.10223755713048693
10.070405348100422,10.079623567628579,0.07040534810042236,0.0796235676285785
10.07064821880333,10.072206736943441,0.07064821880332872,0.0722067369434411
10.070890260357196,10.059827051534835,0.07089026035719542,0.059827051534834835
10.07113146992135,10.060250646432475,0.07113146992134893,0.06025064643247632
10.07137184466488,10.095450509630677,0.07137184466488027,0.09545050963067665
10.071611381766678,10.0777029090796,0.07161138176667815,0.07770290907959966
10.071850078415462,10.06703619725346,0.0718500784154621,0.06703619725346001
10.072087931809815,10.057898238265631,0.07208793180981543,0.05789823826563044
10.072324939158218,10.064943791681479,0.07232493915821822,0.06494379168147905
10.07256109767908,10.07076610309981,0.07256109767907991,0.07076610309980981
10.072796404600773,10.064050194935579,0.07279640460077212,0.06405019493557877
10.073030857161662,10.086602185325086,0.07303085716166102,0.08660218532508669
10.07326445261014,10.075883585526913,0.0732644526101399,0.07588358552691282
10.073497188204662,10.073547417173595,0.07349718820466133,0.07354741717359496
10.07372906121377,10.104646685425324,0.0737290612137694,0.10464668542532456
10.073960068916131,10.056186443338323,0.07396006891613177,0.05618644333832222
10.074190208600571,10.088716867717137,0.0741902086005716,0.08871686771713774
10.0744194775661,10.058229672474763,0.07441947756609935,0.058229672474762045
10.074647873121945,10.05439270945309,0.07464787312194456,0.05439270945309034
10.074875392587588,10.11692802516681,0.07487539258758732,0.1169280251668108
10.07510203329279,10.062043829092373,0.0751020332927898,0.06204382909237201
10.075327792577628,10.045410230414017,0.07532779257762759,0.045410230414018
10.07555266779252,10.103585276454272,0.07555266779252084,0.10358527645427124
10.075776656298265,10.108917686870509,0.07577665629826551,0.10891768687050872
10.075999755466064,10.087590826291217,0.07599975546606415,0.08759082629121652
10.076221962677558,10.074689130708247,0.07622196267755689,0.07468913070824701
10.076443275324852,10.062247008362181,0.07644327532485216,0.062247008362181076
10.076663690810557,10.078547022890408,0.07666369081055724,0.07854702289040753
10.076883206547809,10.05361153921296,0.07688320654780875,0.05361153921296024
10.077101819960303,10.08204468874061,0.07710181996030309,0.08204468874060988
10.077319528482327,10.060116374854283,0.07731952848232657,0.060116374854284095
10.077536329558786,10.068180559502133,0.07753632955878559,0.06818055950213324
10.077752220645237,10.068870823102,0.07775222064523657,0.06887082310199993
10.077967199207915,10.067603952129323,0.07796719920791595,0.06760395212932237
10.07818126272377,10.043216730786401,0.07818126272376973,0.04321673078640208
10.078394408680483,10.090016584283697,0.0783944086804832,0.09001658428369741
10.078606634576511,10.09243282638226,0.0786066345765104,0.09243282638225905
10.078817937921103,10.104786354997039,0.07881793792110356,0.10478635499703817
10.079028316234343,10.093268784388664,0.07902831623434213,0.09326878438866501
10.079237767047163,10.105163496483675,0.0792377670471621,0.1051634964836754
10.079446287901385,10.067466062125822,0.07944628790138483,0.06746606212582153
10.079653876349745,10.097706512696178,0.07965387634974604,0.09770651269617756
10.079860529955925,10.065755705313979,0.07986052995592435,0.0657557053139797
10.080066246294571,10.07553102700381,0.08006624629457006,0.07553102700381095
10.080271022951333,10.093985435725566,0.08027102295133345,0.09398543572556546
10.080474857522892,10.065164373247669,0.08047485752289325,0.06516437324766872
10.080677747616985,10.06924462764457,0.08067774761698476,0.06924462764457029
10.080879690852427,10.063460453724247,0.08087969085242798,0.0634604537242463
10.081080684859156,10.106011724139115,0.0810806848591555,0.10601172413911544
10.08128072727824,10.091579872178269,0.08128072727824039,0.0915798721782679
10.081479815761924,10.094213705374427,0.08147981576192379,0.09421370537442786
10.081677947973642,10.130389302710308,0.08167794797364254,0.13038930271030813
10.081875121588057,10.092220916182775,0.08187512158805663,0.09222091618277503
10.082071334291076,10.068700166065645,0.08207133429107635,0.06870016606564408
10.082266583779889,10.058580529560558,0.0822665837798896,0.05858052956055734
10.08246086776299,10.081948609063868,0.08246086776298883,0.08194860906386915
10.082654183960198,10.093158014405299,0.08265418396019797,0.09315801440529929
10.0828465301027,10.101196727856484,0.0828465301026992,0.10119672785648463
10.083037903933059,10.072696811986328,0.0830379039330595,0.07269681198632733
10.083228303205257,10.086348983839487,0.08322830320525727,0.08634898383948668
10.083417725684708,10.104606326133323,0.08341772568470858,0.104606326133324
10.083606169148293,10.08010542792008,0.08360616914829344,0.08010542792007957
10.083793631384381,10.095250216583478,0.08379363138438191,0.09525021658347887
10.08398011019286,10.080840666349104,0.08398011019286002,0.08084066634910457
10.084165603385156,10.108692328245349,0.0841656033851556,0.10869232824534801
10.084350108784264,10.065926472464232,0.08435010878426397,0.06592647246423147
10.084533624224774,10.090331081750824,0.08453362422477351,0.09033108175082376
10.084716147552891,10.098058817041215,0.08471614755289107,0.0980588170412159
10.084897676626467,10.077662882587,0.08489767662646719,0.07766288258699866
10.085078209315022,10.078010661337512,0.08507820931502132,0.0780106613375115
10.085257743499767,10.110258069228,0.08525774349976675,0.11025806922799955
10.085436277073635,10.103791523063265,0.08543627707363555,0.1037915230632655
10.085613807941304,10.077350525568358,0.08561380794130327,0.07735052556835784
10.085790334019213,10.102665104742698,0.0857903340192135,0.10266510474269872
10.085965853235603,10.082413180485316,0.08596585323560235,0.08241318048531607
10.086140363530523,10.098021705990824,0.08614036353052279,0.09802170599082342
10.086313862855869,10.118280454658137,0.08631386285586877,0.11828045465813779
10.086486349175399,10.085019313884766,0.0864863491753993,0.08501931388476563
10.086657820464762,10.08951438070915,0.08665782046476234,0.08951438070915162
10.086828274711518,10.08226942663369,0.08682827471151855,0.08226942663369113
10.086997709915165,10.093771719201728,0.08699770991516492,0.09377171920172768
10.087166124087158,10.076704762286296,0.0871661240871582,0.07670476228629636
10.087333515250938,10.087783112007115,0.08733351525093833,0.0877831120071142
10.087499881441952,10.084893677320052,0.08749988144195159,0.0848936773200514
10.087665220707674,10.073140259349875,0.08766522070767357,0.07314025934987452
10.087829531107632,10.071200934797703,0.08782953110763231,0.07120093479770352
10.08799281071343,10.075830003250289,0.08799281071343078,0.07583000325028894
10.08815505760877,10.074675843511935,0.08815505760876974,0.07467584351193422
10.08831626988947,10.08465852820415,0.08831626988947021,0.0846585282041506
10.088476445663495,10.117513952100781,0.08847644566349565,0.11751395210078087
10.088635583050975,10.090761659100783,0.08863558305097434,0.09076165910078421
10.08879368018422,10.075656126793074,0.08879368018422137,0.07565612679307418
10.08895073520776,10.092297558932867,0.08895073520776059,0.09229755893286619
10.089106746278347,10.108164326533979,0.08910674627834633,0.10816432653397923
10.089261711564985,10.100874545518948,0.08926171156498512,0.10087454551894785
10.089415629248958,10.145014114359677,0.08941562924895707,0.14501411435967732
10.089568497523837,10.091741404344951,0.08956849752383733,0.09174140434495165
10.089720314595517,10.097567893323916,0.08972031459551717,0.09756789332391648
10.089871078682226,10.098212954663342,0.08987107868222519,0.09821295466334255
10.090020788014549,10.092783410021527,0.09002078801454806,0.09278341002152639
10.090169440835451,10.102089689374218,0.09016944083545142,0.10208968937421714
10.0903170354003,10.133301468946293,0.09031703540030042,0.13330146894629277
10.09046356997688,10.094823274459683,0.09046356997688025,0.09482327445968246
10.090609042845417,10.090904054072713,0.09060904284541643,0.09090405407271249
10.090753452298594,10.0653771923197,0.09075345229859501,0.06537719231969864
10.090896796641582,10.101154707676805,0.09089679664158262,0.10115470767680546
10.091039074192047,10.099133925669715,0.09103907419204632,0.09913392566971473
10.091180283280174,10.11589841722289,0.09118028328017341,0.11589841722289063
10.09132042224869,10.096853572807415,0.09132042224869097,0.09685357280741508
10.091459489452886,10.068761179026728,0.0914594894528853,0.06876117902672775
10.091597483260621,10.073534698753122,0.09159748326062134,0.07353469875312099
10.091734402052362,10.08823052643913,0.09173440205236164,0.08823052643913011
10.091870244221186,10.10477377797031,0.0918702442211855,0.10477377797031064
10.092005008172809,10.077116860765699,0.09200500817280784,0.0771168607656987
10.092138692325598,10.1032173641156,0.09213869232559779,0.10321736411560031
10.092271295110598,10.117415155876412,0.09227129511059741,0.11741515587641217
10.09240281497154,10.068301806115354,0.09240281497153995,0.06830180611535426
10.092533250364868,10.070743300198599,0.0925332503648682,0.07074330019859834
10.092662599759752,10.119183159771463,0.09266259975975265,0.11918315977146404
10.09279086163811,10.054306294154006,0.09279086163810932,0.0543062941540057
10.092918034494618,10.10104804269266,0.0929180344946177,0.1010480426926599
10.093044116836738,10.100454127375002,0.0930441168367384,0.1004541273750026
10.09316910718473,10.114470982498975,0.09316910718473055,0.11447098249897555
10.09329300407167,10.089533068262979,0.09329300407166935,0.0895330682629789
10.093415806043463,10.078925414860642,0.09341580604346314,0.0789254148606424
10.093537511658871,10.076444959592198,0.09353751165887053,0.07644495959219726
10.093658119489517,10.122603624478025,0.09365811948951731,0.12260362447802546
10.093777628119913,10.068703424916153,0.0937776281199132,0.06870342491615235
10.093896036147468,10.120067108427142,0.09389603614746847,0.12006710842714227
10.09401334218251,10.108989685009988,0.0940133421825104,0.1089896850099873
10.0941295448483,10.09062446190247,0.09412954484829957,0.09062446190247044
10.094244642781046,10.088542139650189,0.0942446427810461,0.08854213965018896
10.094358634629925,10.11167518930994,0.09435863462992551,0.11167518930993942
10.094471519057095,10.090743803726259,0.09447151905709475,0.09074380372625895
10.094583294737708,10.085764575697619,0.0945832947377077,0.0857645756976189
10.094693960359931,10.082122906783685,0.09469396035993094,0.08212290678368415
10.094803514624958,10.076183702943089,0.09480351462495895,0.07618370294308936
10.09491195624703,10.055415882946129,0.09491195624702947,0.05541588294612885
10.09501928395344,10.09748928595582,0.09501928395343856,0.09748928595582089
10.095125496484556,10.109135721527108,0.09512549648455554,0.1091357215271089
10.095230592593838,10.113604982470816,0.09523059259383773,0.11360498247081638
10.095334571047845,10.080637057436679,0.09533457104784517,0.08063705743667939
10.095437430626255,10.109247831680138,0.09543743062625501,0.10924783168013807
10.095539170121876,10.12353916853163,0.09553917012187585,0.12353916853163081
10.095639788340662,10.081656971282676,0.09563978834066196,0.08165697128267636
10.095739284101727,10.101247205273019,0.09573928410172725,0.1012472052730189
10.095837656237359,10.083744227667053,0.09583765623735911,0.08374422766705311
10.095934903593033,10.084193809280722,0.09593490359303218,0.0841938092807216
10.096031025027422,10.091415799663228,0.0960310250274218,0.09141579966322805
10.096126019412418,10.116448821148973,0.09612601941241755,0.11644882114897342
10.096219885633136,10.062980440256482,0.09621988563313633,0.06298044025648156
10.096312622587936,10.095967960203994,0.09631262258793556,0.09596796020399469
10.096404229188426,10.090789007003234,0.09640422918842606,0.09078900700323518
10.096494704359484,10.117514817838309,0.09649470435948483,0.11751481783830985
10.096584047039268,10.099000567942992,0.09658404703926768,0.09900056794299239
10.096672256179222,10.084648239861798,0.09667225617922165,0.08464823986179817
10.096759330744097,10.115089620342289,0.0967593307440974,0.11508962034228926
10.096845269711961,10.057178951635063,0.09684526971196128,0.05717895163506199
10.096930072074207,10.130148215553671,0.09693007207420734,0.1301482155536704
10.097013736835569,10.071457141676568,0.09701373683556921,0.07145714167656758
10.097096263014132,10.114921940833252,0.09709626301413174,0.1149219408332523
10.097177649641342,10.089692969128684,0.09717764964134253,0.08969296912868363
10.097257895762024,10.043567870170158,0.09725789576202332,0.043567870170157924
10.097337000434381,10.093927594313447,0.09733700043438112,0.09392759431344737
10.097414962730019,10.106206571651247,0.09741496273001941,0.10620657165124812
10.097491781733948,10.092674776111112,0.09749178173394892,0.09267477611111202
10.0975674565446,10.09943545333538,0.09756745654459836,0.09943545333537993
10.097641986273825,10.118964031442044,0.09764198627382512,0.1189640314420432
10.097715370046926,10.124568865356153,0.09771537004692554,0.12456886535615333
10.097787607002646,10.126001565686444,0.09778760700264527,0.12600156568644305
10.097858696293189,10.125617078386101,0.09785869629318941,0.1256170783861021
10.097928637084232,10.092564320975525,0.09792863708423233,0.0925643209755251
10.097997428554928,10.074865360504884,0.0979974285549276,0.07486536050488327
10.098065069897917,10.126023516701673,0.09806506989791755,0.12602351670167417
10.098131560319343,10.079560015649808,0.09813156031934273,0.07956001564980796
10.098196899038852,10.080631584807655,0.09819689903885127,0.08063158480765548
10.098261085289607,10.101957487231559,0.09826108528960807,0.10195748723155941
10.098324118318304,10.108923209955968,0.09832411831830368,0.10892320995596735
10.098385997385163,10.123058578055918,0.09838599738516328,0.12305857805591777
10.098446721763954,10.101754073635114,0.09844672176395526,0.10175407363511359
10.098506290742,10.06778994591385,0.09850629074199979,0.06778994591384996
10.098564703620177,10.081055306681721,0.09856470362017719,0.08105530668172123
10.098621959712936,10.112271255378383,0.0986219597129361,0.11227125537838363
10.098678058348302,10.079843225299992,0.09867805834830157,0.0798432252999917
10.098732998867883,10.102181152427148,0.09873299886788288,0.1021811524271478
10.098786780626881,10.089251377368486,0.09878678062688134,0.08925137736848501
10.098839402994098,10.078439601548151,0.09883940299409788,0.07843960154815109
10.09889086535194,10.085425729773135,0.09889086535194029,0.08542572977313524
10.09894116709643,10.092609307537737,0.09894116709643067,0.09260930753773639
10.098990307637212,10.08266810384355,0.0989903076372124,0.08266810384355136
10.099038286397557,10.065679591497869,0.09903828639755712,0.06567959149786887
10.09908510281437,10.103512548652878,0.09908510281437144,0.10351254865287814
10.099130756338203,10.110629984795803,0.09913075633820366,0.11062998479580355
10.09917524643325,10.100141296363295,0.09917524643325007,0.10014129636329518
10.099218572577362,10.072491951831408,0.09921857257736136,0.07249195183140744
10.09926073426205,10.092047474840841,0.09926073426204868,0.09204747484084112
10.09930173099249,10.100366203602007,0.09930173099248966,0.10036620360200665
10.099341562287535,10.07866138353705,0.09934156228753416,0.07866138353705003
10.09938022767971,10.081221856518875,0.09938022767970994,0.0812218565188751
10.099417726715227,10.123219412680182,0.09941772671522818,0.1232194126801823
10.099454058953988,10.073384372266215,0.09945405895398877,0.07338437226621419
10.099489223969586,10.08405325721735,0.09948922396958547,0.08405325721735002
10.099523221349312,10.099616117723084,0.09952322134931094,0.09961611772308304
10.099556050694162,10.122420415051202,0.09955605069416154,0.1224204150512024
10.099587711618842,10.074141058661096,0.09958771161884211,0.0741410586610966
10.09961820375177,10.10495424966868,0.09961820375177034,0.10495424966868
10.099647526735081,10.092395990880673,0.09964752673508129,0.09239599088067331
10.099675680224632,10.098456138062167,0.09967568022463147,0.09845613806216719
10.099702663890003,10.123008660747061,0.09970266389000294,0.12300866074706046
10.099728477414507,10.118123254136636,0.09972847741450719,0.1181232541366356
10.099753120495189,10.083761542981609,0.09975312049518881,0.08376154298160823
10.09977659284283,10.103530560643312,0.0997765928428291,0.1035305606433123
10.09979889418195,10.105757577235737,0.09979889418194943,0.10575757723573681
10.099820024250814,10.07222250773794,0.09982002425081446,0.07222250773793998
10.099839982801436,10.072237289211978,0.0998399828014353,0.0722372892119777
10.099858769599573,10.090757585821246,0.09985876959957228,0.0907575858212453
10.099876384424737,10.107463628626485,0.09987638442473783,0.10746362862648433
10.0998928270702,10.095061025606803,0.09989282707019896,0.09506102560680295
10.09990809734298,10.084206245297242,0.0999080973429798,0.08420624529724166
10.099922195063863,10.094672410578568,0.09992219506386377,0.09467241057856692
10.099935120067396,10.093482275863197,0.09993512006739569,0.09348227586319786
10.099946872201883,10.111698803432382,0.09994687220188381,0.1116988034323828
10.099957451329402,10.050764001034622,0.09995745132940148,0.050764001034623085
10.09996685732579,10.142015257378,0.09996685732578883,0.1420152573779997
10.099975090080655,10.084779820709448,0.09997509008065424,0.08477982070944881
10.099982149497375,10.115564129235773,0.09998214949737555,0.1155641292357724
10.099988035493102,10.099817262600494,0.09998803549310133,0.09981726260049355
10.099992747998751,10.098641433731576,0.09999274799875171,0.09864143373157623
10.09999628695902,10.113192227824081,0.09999628695901931,0.11319222782408155
10.09999865233237,10.106519064482018,0.09999865233236982,0.1065190644820178
10.099999844091043,10.10871030327033,0.09999984409104246,0.10871030327033065
10.09999986222105,10.109843594959843,0.09999986222105041,0.10984359495984314
10.09999870672218,10.07294498165682,0.09999870672218089,0.07294498165681865
10.099996377607996,10.098447325700512,0.09999637760799518,0.09844732570051204
10.099992874905828,10.144052895873271,0.09999287490582849,0.14405289587327105
10.09998819865679,10.122893703851185,0.0999881986567896,0.12289370385118442
10.099982348915761,10.09247981201845,0.09998234891576036,0.0924798120184491
10.099975325751394,10.094826853895013,0.09997532575139516,0.09482685389501301
10.09996712924612,10.081388890963812,0.09996712924611996,0.08138889096381087
10.099957759496132,10.10164427745392,0.09995775949613148,0.10164427745392032
10.099947216611396,10.058181142257009,0.09994721661139594,0.058181142257009065
10.099935500715647,10.13830425630104,0.09993550071564786,0.13830425630104065
10.099922611946388,10.120084666609738,0.09992261194638856,0.12008466660973888
10.099908550454884,10.089938416139427,0.09990855045488456,0.08993841613942712
10.099893316406165,10.084414699100291,0.09989331640616583,0.08441469910029184
10.099876909979024,10.084908383753701,0.0998769099790238,0.08490838375370077
10.099859331366009,10.105107068038864,0.09985933136600932,0.10510706803886354
10.09984058077343,10.082681458585899,0.09984058077343033,0.08268145858589902
10.099820658421349,10.101146604162214,0.0998206584213495,0.10114660416221423
10.09979956454358,10.099576314804176,0.09979956454358163,0.09957631480417682
10.099777299387691,10.078794816525082,0.09977729938769093,0.07879481652508269
10.099753863214987,10.110880685697136,0.09975386321498804,0.11088068569713584
10.099729256300527,10.105051800335518,0.09972925630052702,0.10505180033551768
10.099703478933103,10.109769770855682,0.09970347893310214,0.10976977085568121
10.099676531415245,10.089901765282185,0.09967653141524443,0.0899017652821858
10.099648414063218,10.084966794249546,0.09964841406321819,0.0849667942495466
10.099619127207017,10.080138185649846,0.09961912720701722,0.08013818564984512
10.09958867119036,10.146110326673329,0.09958867119036102,0.1461103266733277
10.099557046370691,10.102408632390642,0.09955704637069067,0.10240863239064203
10.099524253119165,10.078934472465015,0.09952425311916469,0.07893447246501482
10.099490291820654,10.106928437357995,0.0994902918206547,0.10692843735799466
10.09945516287374,10.110329406665628,0.09945516287374086,0.11032940666562671
10.099418866690707,10.090321419643496,0.09941886669070718,0.09032141964349674
10.099381403697537,10.062648248383997,0.09938140369753674,0.06264824838399785
10.099342774333907,10.085549911049508,0.09934277433390667,0.08554991104950802
10.099302979053183,10.119902429125112,0.09930297905318294,0.11990242912511243
10.099262018322415,10.132824275787929,0.0992620183224151,0.13282427578792944
10.099219892622331,10.106723975927975,0.0992198926223308,0.10672397592797549
10.09917660244733,10.0798079374302,0.09917660244733008,0.07980793743019982
10.099132148305479,10.124022702860156,0.09913214830547964,0.1240227028601551
10.099086530718507,10.074222657204473,0.09908653071850684,0.07422265720447341
10.099039750221793,10.087621567024915,0.09903975022179362,0.08762156702491376
10.09899180736437,10.121162804050469,0.09899180736437012,0.12116280405046938
10.098942702708909,10.101256858573553,0.09894270270890833,0.10125685857355264
10.098892436831715,10.116310057950606,0.0988924368317155,0.11631005795060559
10.098841010322728,10.097026126718841,0.09884101032272727,0.09702612671884156
10.098788423785502,10.074013605941246,0.09878842378550082,0.07401360594124654
10.098734677837207,10.101320336931556,0.09873467783720781,0.10132033693155595
10.098679773108627,10.120381828882559,0.09867977310862708,0.12038182888255919
10.098623710244137,10.113732350518168,0.09862371024413723,0.11373235051816802
10.098566489901708,10.116678603570026,0.09856648990170917,0.11667860357002542
10.098508112752898,10.055366750757985,0.09850811275289828,0.05536675075798494
10.098448579482836,10.075436465328432,0.09844857948283658,0.07543646532843151
10.098387890790224,10.063229616885764,0.09838789079022468,0.06322961688576284
10.098326047387324,10.087349962392887,0.09832604738732359,0.08734996239288678
10.098263049999947,10.080393662830025,0.09826304999994633,0.08039366283002441
10.09819889936745,10.124679509311807,0.09819889936744944,0.1246795093118074
10.098133596242725,10.117006891329016,0.09813359624272434,0.11700689132901602
10.098067141392189,10.062941455263372,0.0980671413921884,0.06294145526337244
10.097999535595775,10.122942262601384,0.09799953559577601,0.12294226260138402
10.09793077964693,10.124409322786056,0.09793077964692941,0.12440932278605507
10.09786087435259,10.121851663363222,0.09786087435258937,0.12185166336322166
10.097789820533185,10.120404400419547,0.09778982053318579,0.12040440041954674
10.097717619022628,10.113160577300956,0.09771761902262789,0.11316057730095679
10.097644270668294,10.097339604669148,0.09764427066829467,0.0973396046691485
10.097569776331024,10.089989963269234,0.09756977633102476,0.0899899632692337
10.097494136885107,10.107324191403448,0.09749413688510644,0.10732419140344832
10.097417353218267,10.132041865093129,0.09741735321826729,0.13204186509312954
10.097339426231663,10.101894015848922,0.09733942623166386,0.10189401584892188
10.097260356839872,10.07668113957407,0.097260356839871,0.07668113957407098
10.09718014597087,10.066580573712114,0.09718014597087123,0.06658057371211437
10.097098794566044,10.115736792294967,0.09709879456604376,0.11573679229496807
10.097016303580153,10.068448171889202,0.09701630358015347,0.06844817188920217
10.096932673981339,10.0841577428338,0.09693267398133976,0.08415774283379843
10.096847906751105,10.084699964493113,0.09684790675110505,0.08469996449311287
10.096762002884303,10.048144267652358,0.09676200288430346,0.04814426765235776
10.096674963389129,10.140324887440277,0.09667496338912894,0.14032488744027707
10.096586789287104,10.120572798397744,0.09658678928710356,0.12057279839774432
10.096497481613065,10.09432402810305,0.09649748161306544,0.09432402810305124
10.096407041415157,10.102538876646447,0.09640704141515671,0.102538876646447
10.096315469754812,10.114604279979652,0.09631546975481109,0.11460427997965242
10.096222767706742,10.111296795329308,0.09622276770674153,0.11129679532930803
10.096128936358928,10.113012929002425,0.09612893635892751,0.11301292900242463
10.096033976812603,10.088768063266212,0.09603397681260237,0.08876806326621199
10.09593789018224,10.080541513659094,0.09593789018224029,0.08054151365909373
10.095840677595543,10.105645463021204,0.09584067759554325,0.10564546302120452
10.095742340193429,10.112110684808053,0.09574234019342782,0.11211068480805304
10.095642879130011,10.101198089536433,0.09564287913001175,0.10119808953643294
10.095542295572601,10.093889539027105,0.09554229557260041,0.09388953902710377
10.095440590701672,10.065657058694402,0.0954405907016731,0.06565705869440273
10.09533776571087,10.09843250161843,0.0953377657108692,0.09843250161843017
10.095233821806975,10.119978517735351,0.09523382180697415,0.1199785177353519
10.095128760209905,10.087214605596696,0.0951287602099053,0.08721460559669565
10.095022582152698,10.115606989485215,0.0950225821526976,0.11560698948521488
10.09491528888149,10.091138652230596,0.0949152888814891,0.09113865223059504
10.094806881655506,10.112043598195536,0.09480688165550638,0.11204359819553517
10.09469736174705,10.100965102302764,0.09469736174704965,0.10096510230276316
10.094586730441478,10.116654701101433,0.094586730441478,0.11665470110143325
10.094474989037193,10.086455050553536,0.09447498903719415,0.08645505055353638
10.094362138845629,10.128044146845937,0.09436213884562929,0.12804414684593646
10.094248181191228,10.076011154191885,0.09424818119122769,0.0760111541918846
10.094133117411431,10.062977830174212,0.09413311741143111,0.0629778301742128
10.094016948856662,10.064312876615018,0.0940169488566632,0.06431287661501886
10.093899676890313,10.106697895730276,0.09389967689031352,0.10669789573027552
10.093781302888722,10.066280946228295,0.09378130288872162,0.06628094622829532
10.09366182824116,10.118154961150292,0.09366182824116091,0.11815496115029217
10.093541254349823,10.110201591678344,0.09354125434982224,0.11020159167834345
10.093419582629798,10.067679735218267,0.09341958262979762,0.06767973521826628
10.093296814509063,10.086622795311838,0.09329681450906342,0.0866227953118379
10.093172951428464,10.08737978129617,0.09317295142846377,0.08737978129616862
10.093047994841694,10.05139794894008,0.09304799484169353,0.051397948940080866
10.09292194621528,10.065990404762102,0.09292194621528133,0.06599040476210181
10.092794807028572,10.082995702981432,0.09279480702857225,0.0829957029814318
10.092666578773711,10.08244556595772,0.0926665787737106,0.08244556595771994
10.092537262955622,10.069251353516854,0.09253726295562226,0.06925135351685506
10.092406861091996,10.108131764184686,0.09240686109199711,0.10813176418468545
10.092275374713271,10.094080116726579,0.09227537471327119,0.09408011672657865
10.09214280536261,10.094232505380281,0.09214280536260873,0.09423250538028206
10.092009154595884,10.120134289812523,0.09200915459588405,0.12013428981252239
10.091874423981663,10.109670423660058,0.09187442398166332,0.10967042366005711
10.091738615101185,10.086231736797918,0.09173861510118611,0.08623173679791905
10.091601729548346,10.082219518489863,0.09160172954834685,0.08221951848986263
10.091463768929676,10.09718077641667,0.09146376892967613,0.09718077641666913
10.091324734864322,10.090884410950485,0.09132473486432185,0.09088441095048538
10.09118462898403,10.091345556860242,0.09118462898403018,0.09134555686024133
10.091043452933127,10.117553318647781,0.09104345293312648,0.11755331864778101
10.090901208368496,10.094346515424826,0.09090120836849591,0.0943465154248269
10.090757896959564,10.094796857967602,0.09075789695956407,0.09479685796760155
10.090613520388278,10.079100496008207,0.09061352038827739,0.0791004960082068
10.090468080349083,10.104845589301743,0.09046808034908327,0.10484558930174337
10.09032157854891,10.079547325240856,0.09032157854891042,0.07954732524085609
10.090174016707149,10.082050388463763,0.09017401670714859,0.08205038846376304
10.090025396555628,10.086125280840207,0.09002539655562859,0.08612528084020649
10.089875719838602,10.069817635590054,0.08987571983860183,0.06981763559005341
10.08972498831272,10.076890252577778,0.08972498831271991,0.07689025257777801
10.089573203747014,10.041482634967222,0.08957320374701397,0.04148263496722253
10.089420367922873,10.087590224583797,0.08942036792287397,0.08759022458379742
10.089266482634027,10.060463537716572,0.08926648263402776,0.06046353771657133
10.08911154968652,10.082367415988294,0.08911154968651996,0.08236741598829357
10.08895557089869,10.082528575824687,0.08895557089869098,0.08252857582468774
10.088798548101156,10.063113290585356,0.08879854810115535,0.06311329058535586
10.08864048313678,10.100818949413027,0.08864048313678057,0.10081894941302678
10.088481377860665,10.093252289456716,0.0884813778606652,0.09325228945671575
10.088321234140118,10.059754206654134,0.08832123414011733,0.059754206654133196
10.088160053854633,10.08308217127465,0.08816005385463249,0.08308217127465127
10.087997838895872,10.098335153934922,0.08799783889587166,0.09833515393492284
10.087834591167638,10.069073628239407,0.08783459116763905,0.06907362823940688
10.08767031258586,10.07599277376744,0.08767031258585979,0.07599277376744046
10.087505005078558,10.099040356939728,0.08750500507855741,0.09904035693972867
10.087338670585831,10.083615170519979,0.08733867058583122,0.08361517051997867
10.087171311059834,10.08687713279766,0.08717131105983358,0.08687713279766071
10.087002928464747,10.064628826084768,0.08700292846474689,0.06462882608476733
10.086833524776761,10.074002944825413,0.08683352477676061,0.07400294482541246
10.086663101984048,10.104152830271573,0.08666310198404814,0.10415283027157399
10.086491662086743,10.083540280007597,0.0864916620867433,0.08354028000759664
10.086319207096917,10.057869878610013,0.08631920709691702,0.05786987861001368
10.086145739038553,10.094371289126833,0.08614573903855366,0.09437128912683335
10.085971259947527,10.09231488286366,0.08597125994752725,0.09231488286365894
10.085795771871577,10.086068916464242,0.08579577187157758,0.08606891646424142
10.085619276870286,10.052299296400284,0.08561927687028625,0.05229929640028288
10.085441777015053,10.074690107966585,0.08544177701505244,0.0746901079665857
10.085263274389069,10.059466524398829,0.08526327438906851,0.05946652439882914
10.085083771087296,10.089611310051938,0.08508377108729577,0.08961131005193752
10.08490326921644,10.080500289695514,0.08490326921643969,0.08050028969551438
10.084721770894925,10.07921684561728,0.08472177089492526,0.0792168456172796
10.084539278252873,10.09394360787439,0.08453927825287215,0.09394360787439081
10.084355793432069,10.060068992616433,0.08435579343206963,0.060068992616432546
10.084171318585952,10.077404969360629,0.08417131858595153,0.07740496936062903
10.08398585587957,10.084441841372053,0.08398585587957089,0.08444184137205363
10.083799407489575,10.080150544313618,0.0837994074895746,0.08015054431361711
10.083611975604178,10.115914471769026,0.08361197560417781,0.11591447176902483
10.083423562423139,10.097010912945416,0.08342356242313831,0.09701091294541646
10.08323417015773,10.070676173491629,0.08323417015773059,0.07067617349162861
10.08304380103072,10.105263590689429,0.08304380103072007,0.10526359068942857
10.082852457276337,10.078751872017547,0.08285245727633687,0.0787518720175475
10.08266014114025,10.11747723036251,0.08266014114024965,0.11747723036251051
10.08246685487954,10.071455775785987,0.08246685487953921,0.07145577578598736
10.082272600762671,10.051748540539986,0.08227260076267208,0.051748540539985496
10.082077381069475,10.08352712725294,0.08207738106947378,0.08352712725294162
10.081881198091102,10.074809506099347,0.08188119809110217,0.0748095060993475
10.08168405413002,10.084270262875291,0.08168405413002051,0.08427026287529132
10.081485951499971,10.05696896556269,0.08148595149997048,0.05696896556269039
10.081286892525945,10.078909006762718,0.0812868925259449,0.07890900676271807
10.081086879544161,10.106670756695355,0.0810868795441606,0.10667075669535468
10.080885914902032,10.090846017674819,0.08088591490203095,0.09084601767481854
10.080684000958138,10.058872409196319,0.08068400095813826,0.058872409196318434
10.080481140082206,10.099821337844071,0.08048114008220615,0.09982133784407218
10.080277334655072,10.11324177673777,0.08027733465507172,0.11324177673776976
10.080072587068658,10.09793738240687,0.08007258706865764,0.09793738240687003
10.079866899725944,10.075808663263606,0.07986689972594398,0.07580866326360633
10.07966027504094,10.094935201464988,0.07966027504094014,0.09493520146498882
10.079452715438656,10.076789535774758,0.07945271543865642,0.07678953577475685
10.079244223355076,10.091709341602881,0.07924422335507564,0.0917093416028809
10.079034801237125,10.070188009176594,0.07903480123712442,0.07018800917659358
10.078824451542644,10.085922752025256,0.07882445154264463,0.08592275202525584
10.078613176740365,10.061176334621596,0.07861317674036443,0.06117633462159623
10.078400979309869,10.098328933941056,0.0784009793098693,0.09832893394105637
10.078187861741574,10.102793483290533,0.07818786174157302,0.10279348329053357
10.077973826536688,10.074715017433169,0.07797382653668837,0.07471501743316909
10.077758876207199,10.092751057896253,0.07775887620719774,0.09275105789625238
10.077543013275823,10.049576751776344,0.07754301327582379,0.04957675177634458
10.077326240276,10.094597161729673,0.07732624027599969,0.09459716172967263
10.077108559751839,10.063323096074711,0.07710855975183949,0.06332309607471068
10.076889974258108,10.112673696380641,0.07688997425810816,0.11267369638064076
10.076670486360191,10.107241539317277,0.07667048636019172,0.10724153931727722
10.076450098634067,10.076917303773007,0.0764500986340671,0.07691730377300607
10.076228813666273,10.080645323968572,0.07622881366627184,0.08064532396857219
10.076006634053874,10.079038545720536,0.07600663405387381,0.07903854572053548
10.07578356240444,10.107186867307323,0.07578356240444067,0.10718686730732321
10.075559601336009,10.09576136927483,0.07555960133600936,0.095761369274831
10.075334753477055,10.061522676139521,0.07533475347705526,0.061522676139521164
10.075109021466462,10.096923257111913,0.07510902146646142,0.09692325711191335
10.074882407953487,10.092855303246672,0.07488240795348751,0.09285530324667307
10.074654915597739,10.074686797702961,0.07465491559773889,0.07468679770296106
10.074426547069136,10.069807436833646,0.07442654706913515,0.06980743683364654
10.074197305047878,10.076926815464464,0.07419730504787903,0.07692681546446384
10.073967192224424,10.084932792438519,0.07396719222442476,0.08493279243851877
10.073736211299448,10.058736098739924,0.07373621129944663,0.058736098739924095
10.073504364983807,10.07808578517374,0.07350436498380723,0.07808578517374053
10.073271655998525,10.04415927658382,0.07327165599852557,0.04415927658382035
10.073038087074746,10.073392296663402,0.07303808707474532,0.07339229666340197
10.072803660953703,10.087429306676512,0.07280366095370255,0.08742930667651198
10.072568380386693,10.093650099129116,0.07256838038669375,0.09365009912911551
10.072332248135043,10.106519124077519,0.0723322481350434,0.10651912407751897
10.072095266970072,10.077231346856305,0.07209526697007154,0.07723134685630458
10.071857439673062,10.047574880049892,0.07185743967306145,0.04757488004989219
10.071618769035227,10.06969444323451,0.07161876903522679,0.06969444323451031
10.071379257857679,10.073418426304054,0.07137925785767897,0.07341842630405326
10.071138908951394,10.070673557736464,0.07113890895139417,0.07067355773646468
10.070897725137181,10.051353118886617,0.0708977251371805,0.05135311888661706
10.070655709245644,10.109441615826546,0.07065570924564471,0.10944161582654593
10.07041286411716,10.086200345654547,0.07041286411715912,0.08620034565454737
10.070169192601828,10.08847518706752,0.0701691926018282,0.08847518706751942
10.069924697559456,10.029527181505603,0.06992469755945517,0.02952718150560312
10.069679381859508,10.057259298222727,0.06967938185950845,0.05725929822272595
10.069433248381088,10.09898937242674,0.06943324838108782,0.09898937242673964
10.069186300012891,10.059802212445256,0.06918630001289086,0.059802212445254646
10.068938539653178,10.0573999574878,0.06893853965317896,0.057399957487799046
10.068689970209743,10.05618697557899,0.06868997020974323,0.056186975578991
10.06844059459987,10.076987537290524,0.06844059459987045,0.07698753729052397
10.068190415750308,10.077602507812042,0.06819041575030886,0.07760250781204243
10.067939436597234,10.044636587757251,0.0679394365972337,0.04463658775725131
10.067687660086213,10.042110723102645,0.06768766008621284,0.04211072310264569
10.067435089172172,10.070905005256135,0.06743508917217221,0.07090500525613552
10.067181726819362,10.056184763274885,0.06718172681936108,0.05618476327488469
10.066927576001317,10.072934500207174,0.06692757600131731,0.07293450020717343
10.066672639700831,10.055429894587832,0.06667263970083231,0.055429894587831596
10.066416920909916,10.021594877267813,0.06641692090991633,0.021594877267813187
10.066160422629762,10.048583099125967,0.06616042262976303,0.04858309912596767
10.065903147870715,10.04666137706965,0.06590314787071448,0.046661377069649665
10.065645099652226,10.075186316053438,0.06564509965222567,0.0751863160534375
10.06538628100283,10.066060585530996,0.06538628100282923,0.06606058553099643
10.0651266949601,10.122406254101865,0.06512669496009972,0.1224062541018647
10.064866344570618,10.061937466139451,0.0648663445706181,0.061937466139451516
10.064605232889935,10.056050492729032,0.06460523288993596,0.05605049272903104
10.06434336298254,10.075640067345322,0.0643433629825396,0.07564006734532149
10.064080737921815,10.042840874637317,0.06408073792181407,0.042840874637317526
10.063817360790008,10.07203866462838,0.0638173607900072,0.07203866462838046
10.063553234678194,10.037094197901041,0.06355323467819332,0.037094197901040626
10.063288362686237,10.054216074546453,0.06328836268623703,0.054216074546453386
10.063022747922757,10.068572753334738,0.06302274792275679,0.06857275333473747
10.062756393505088,10.085639054636248,0.06275639350508846,0.08563905463624844
10.062489302559248,10.035074911373103,0.062489302559248706,0.03507491137310253
10.062221478219898,10.078798007537188,0.062221478219898346,0.078798007537187
10.061952923630306,10.05703826506293,0.06195292363030546,0.05703826506293007
10.06168364194231,10.08924156752632,0.061683641942308624,0.08924156752631993
10.06141363631628,10.057281694439377,0.06141363631627988,0.05728169443937688
10.061142909921088,10.037974886659493,0.06114290992108752,0.037974886659492835
10.06087146593406,10.085309684673941,0.060871465934059114,0.08530968467394029
10.060599307540944,10.080373413282812,0.06059930754094406,0.08037341328281145
10.060326437935876,10.054665008533068,0.060326437935876255,0.05466500853306677
10.060052860321337,10.051407045798507,0.0600528603213366,0.05140704579850685
10.059778577908116,10.033523871855898,0.059778577908115395,0.0335238718558992
10.059503593915275,10.05037164434303,0.05950359391527469,0.05037164434303088
10.05922791157011,10.055498123323796,0.059227911570110495,0.05549812332379599
10.058951534108115,10.060934768641678,0.05895153410811485,0.06093476864167721
10.058674464772938,10.06525372848788,0.05867446477293799,0.06525372848788023
10.05839670681635,10.084991248086599,0.058396706816350036,0.08499124808659951
10.058118263498203,10.037793765422853,0.05811826349820309,0.03779376542285244
10.057839138086393,10.059440264341642,0.0578391380863929,0.05944026434164169
10.05755933385682,10.076600400411566,0.057559333856820355,0.07660040041156584
10.057278854093353,10.026776443538221,0.05727885409335324,0.026776443538220975
10.056997702087788,10.067058177155676,0.05699770208778761,0.06705817715567623
10.056715881139809,10.105437173783022,0.056715881139809105,0.10543717378302254
10.056433394556954,10.05657354802098,0.056433394556954335,0.05657354802098057
10.056150245654573,10.07927321516584,0.05615024565457197,0.07927321516583916
10.055866437755784,10.061971927738627,0.055866437755783864,0.06197192773862638
10.055581974191446,10.054195949706674,0.055581974191446115,0.05419594970667445
10.05529685830011,10.084960544933166,0.055296858300109775,0.08496054493316513
10.055011093427982,10.060929137534563,0.05501109342798194,0.060929137534562666
10.054724682928887,10.077803484154597,0.054724682928886284,0.0778034841545972
10.054437630164223,10.058822513947105,0.05443763016422376,0.05882251394710411
10.054149938502933,10.039823601795392,0.05414993850293315,0.039823601795392266
10.053861611321452,10.053779258305765,0.053861611321451536,0.05377925830576549
10.053572652003675,10.036032730939185,0.053572652003674615,0.03603273093918471
10.053283063940917,10.054796640122639,0.05328306394091708,0.05479664012263893
10.052992850531872,10.058968516677846,0.05299285053187273,0.058968516677845945
10.052702015182575,10.074144531978337,0.05270201518257468,0.07414453197833815
10.052410561306354,10.067409613491531,0.05241056130635521,0.06740961349153025
10.052118492323807,10.048952860035643,0.052118492323805915,0.04895286003564234
10.051825811662738,10.040990061373476,0.051825811662737434,0.040990061373476744
10.051532522758139,10.046335775601364,0.05153252275813926,0.04633577560136272
10.05123862905214,10.078763468042201,0.05123862905213942,0.0787634680422005
10.050944133993964,10.053931835894252,0.05094413399396407,0.05393183589425187
10.050649041039897,10.025709599740079,0.050649041039897015,0.025709599740079112
10.05035335365324,10.063987559705392,0.050353353653239154,0.06398755970539258
10.050057075304268,10.039840009756999,0.05005707530426782,0.039840009756999
10.049760209470197,10.033698504189307,0.04976020947019606,0.0336985041893073
10.049462759635132,10.04413096717716,0.04946275963513188,0.04413096717716088
10.049164729290037,10.040624682311327,0.049164729290037165,0.04062468231132733
10.048866121932686,10.050122840602567,0.048866121932686975,0.05012284060256761
10.048566941067628,10.040617472262912,0.04856694106762831,0.040617472262911854
10.04826719020614,10.063297265294176,0.04826719020613903,0.06329726529417652
10.047966872866187,10.06191586480074,0.047966872866186665,0.06191586480074092
10.047665992572387,10.019719557462716,0.04766599257238708,0.01971955746271606
10.047364552855964,10.072446570833305,0.04736455285596317,0.07244657083330591
10.047062557254703,10.034965092544427,0.047062557254703374,0.03496509254442627
10.046760009312921,10.052212381232795,0.04676000931292014,0.0522123812327949
10.046456912581409,10.066590708727363,0.04645691258140843,0.06659070872736254
10.046153270617404,10.033181106631837,0.046153270617403826,0.03318110663183716
10.045849086984541,10.049166075482319,0.04584908698454105,0.0491660754823193
10.045544365252812,10.06533697748326,0.04554436525281198,0.06533697748326078
10.045239108998524,10.008541854033743,0.04523910899852379,0.008541854033741698
10.044933321804256,10.036922295857917,0.04493332180425695,0.03692229585791597
10.044627007258823,10.077100926213474,0.04462700725882324,0.07710092621347336
10.044320168957224,10.0321517592572,0.04432016895722355,0.03215175925719936
10.044012810500606,10.032483809959526,0.04401281050060577,0.032483809959525545
10.043704935496223,10.051116976102879,0.04370493549622248,0.051116976102878936
10.04339654755739,10.089318375095264,0.043396547557388615,0.08931837509526397
10.04308765030344,10.031784839189374,0.04308765030343909,0.03178483918937322
10.042778247359687,10.029290681874587,0.04277824735968622,0.029290681874586513
10.042468342357378,10.038115100859006,0.042468342357377314,0.03811510085900613
10.042157938933652,10.038229021197374,0.04215793893365201,0.03822902119737334
10.041847040731499,10.080077159091099,0.04184704073149953,0.08007715909109824
10.041535651399716,10.034886661646832,0.04153565139971598,0.034886661646832136
10.041223774592861,10.021247386989241,0.04122377459286153,0.02124738698924052
10.040911413971218,10.067584136616523,0.04091141397121747,0.06758413661652271
10.040598573200743,10.051319009528633,0.04059857320074332,0.05131900952863401
10.040285255953034,10.021798795294496,0.040285255953033755,0.021798795294496194
10.039971465905275,10.020035396026941,0.03997146590527555,0.02003539602694087
10.039657206740204,10.075733759797158,0.039657206740204426,0.07573375979715746
10.039342482146061,10.075392124576597,0.039342482146061696,0.07539212457659619
10.03902729581655,10.041001645859797,0.039027295816551205,0.04100164585979689
10.038711651450797,10.01245732765827,0.038711651450795845,0.012457327658268957
10.038395552753293,10.002150015863212,0.038395552753294135,0.0021500158632110564
10.038079003433877,10.01519831969117,0.03807900343387679,0.015198319691168635
10.037762007207663,10.065845861443274,0.037762007207663144,0.06584586144327423
10.037444567795017,10.017168367970724,0.03744456779501758,0.017168367970723346
10.037126688921505,10.048492940638624,0.03712668892150584,0.04849294063862518
10.036808374317852,10.016432838961336,0.036808374317851326,0.016432838961335877
10.036489627719892,10.066338216749765,0.03648962771989134,0.06633821674976462
10.036170452868532,10.04920700128532,0.036170452868533064,0.04920700128531864
10.035850853509709,10.005798119349487,0.03585085350970992,0.005798119349486902
10.035530833394338,10.07901282730221,0.03553083339433746,0.07901282730220963
10.03521039627827,10.03440052418625,0.03521039627826934,0.03440052418624927
10.034889545922253,10.01125990986669,0.03488954592225327,0.011259909866688712
10.034568286091886,10.040751645179176,0.03456828609188686,0.04075164517917554
10.034246620557573,10.06973352139402,0.03424662055757346,0.0697335213940201
10.033924553094478,10.049903012638051,0.03392455309447786,0.04990301263805193
10.033602087482482,10.0359543839844,0.03360208748248203,0.035954383984400394
10.03327922750614,10.015509095550177,0.03327922750614072,0.015509095550177942
10.032955976954637,9.992075975638983,0.03295597695463711,-0.007924024361017766
10.032632339621738,9.98432603199722,0.032632339621738164,-0.01567396800278041
10.03230831930575,10.009319276124478,0.03230831930575035,0.009319276124478373
10.031983919809475,10.019950006292206,0.0319839198094749,0.019950006292206397
10.031659144940162,10.038199345082823,0.031659144940163246,0.03819934508282352
10.031333998509472,10.003864919758804,0.03133399850947227,0.0038649197588037157
10.03100848433342,10.033153883824973,0.031008484333419656,0.033153883824972606
10.03068260623234,10.0274236066198,0.030682606232339024,0.027423606619800107
10.030356368030835,10.028939760687015,0.030356368030835135,0.02893976068701568
10.03002977355774,10.023570570265603,0.030029773557739028,0.023570570265602404
10.029702826646064,10.029747500244275,0.02970282664606306,0.0297475002442752
10.029375531132956,10.026968215767209,0.02937553113295581,0.02696821576720802
10.029047890859657,10.04577441168837,0.029047890859657262,0.04577441168837055
10.028719909671453,10.047241987020533,0.028719909671453582,0.04724198702053184
10.028391591417632,9.998498360402166,0.028391591417632006,-0.0015016395978335977
10.028062939951436,10.065827039243219,0.028062939951435686,0.06582703924321888
10.027733959130018,10.039765632479112,0.027733959130018443,0.039765632479111024
10.027404652814399,10.014891307915107,0.02740465281439952,0.014891307915106509
10.027075024869418,10.006524148499535,0.027075024869418263,0.0065241484995350214
10.026745079163689,10.03474157002509,0.026745079163688748,0.03474157002509011
10.026414819569554,10.039797244699129,0.026414819569554396,0.039797244699128806
10.026084249963043,10.06217417219385,0.026084249963042552,0.062174172193848694
10.025753374223818,10.002451864592599,0.025753374223818837,0.002451864592599294
10.025422196235143,10.02082398710583,0.025422196235141872,0.020823987105829344
10.025090719883817,10.026983291788026,0.025090719883817527,0.02698329178802547
10.024758949060153,10.03371058547162,0.024758949060153336,0.03371058547162148
10.024426887657913,10.018291712076975,0.02442688765791286,0.018291712076974546
10.02409453957427,10.03519540853015,0.02409453957426998,0.035195408530150865
10.023761908709764,10.036055737964025,0.02376190870976315,0.036055737964024365
10.02342899896825,10.04399279112305,0.023428998968249626,0.04399279112305003
10.023095814256859,10.029016887380644,0.02309581425685966,0.029016887380643477
10.02276235848595,9.993547459199858,0.02276235848595067,-0.006452540800142025
10.022428635569062,10.029751420175094,0.02242863556906118,0.029751420175094197
10.022094649422865,10.017113449518869,0.022094649422865154,0.017113449518868243
10.021760403967125,10.020861181040056,0.02176040396712585,0.020861181040056315
10.02142590312465,10.052718052328945,0.021425903124649866,0.052718052328945456
10.021091150821242,9.984180213121702,0.02109115082124109,-0.015819786878297288
10.020756150985655,10.007222479412277,0.02075615098565464,0.007222479412277695
10.020420907549552,10.020292913012282,0.020420907549550737,0.02029291301228266
10.020085424447448,10.0177951746271,0.020085424447448583,0.01779517462709902
10.01974970561668,10.040498892953272,0.019749705616680165,0.04049889295327139
10.019413754997345,10.029359119596874,0.01941375499734406,0.029359119596874914
10.01907757653226,9.987927251048292,0.019077576532259225,-0.012072748951706787
10.018741174166918,10.023050413601473,0.018741174166918555,0.023050413601472315
10.018404551849443,10.02984097144398,0.018404551849442834,0.029840971443980006
10.018067713530534,10.023069593037151,0.018067713530534237,0.023069593037151826
10.01773066316343,10.00542724081942,0.01773066316342999,0.005427240819419733
10.017393404703856,10.070705641491259,0.017393404703855978,0.07070564149125926
10.01705594210998,10.012850088370385,0.017055942109980335,0.012850088370384646
10.016718279342367,10.02742960912131,0.016718279342366967,0.027429609121309227
10.016380420363928,10.040163155345507,0.016380420363929084,0.040163155345506206
10.016042369139882,9.994471331991996,0.016042369139882683,-0.005528668008005326
10.0157041296377,9.982063710352136,0.01570412963770006,-0.017936289647862768
10.015365705827064,10.033730638323002,0.015365705827063076,0.03373063832300113
10.015027101679816,10.031220793955674,0.01502710167981681,0.03122079395567414
10.014688321169922,10.043776207693378,0.014688321169922792,0.04377620769337876
10.014349368273413,9.992903419048062,0.014349368273412395,-0.007096580951938446
10.01401024696834,9.981148112478158,0.014010246968340176,-0.018851887521841755
10.013670961234737,10.019246340549449,0.013670961234737183,0.019246340549448945
10.013331515054563,9.993660557167871,0.013331515054564251,-0.006339442832128353
10.012991912411666,9.998783501273317,0.012991912411665259,-0.001216498726682327
10.01265215729172,10.006748677386147,0.012652157291720388,0.006748677386147639
10.012312253682198,10.025516369864397,0.01231225368219933,0.025516369864396177
10.011972205572315,10.040931677841503,0.011972205572314544,0.040931677841502
10.011632016952975,10.01775549873538,0.011632016952974255,0.017755498735378652
10.011291691816735,10.004042868752244,0.011291691816735882,0.004042868752243236
10.010951234157758,10.013837632506714,0.010951234157759003,0.013837632506713996
10.010610647971758,9.97092751578854,0.010610647971758527,-0.02907248421145997
10.010269937255957,10.049874209882633,0.01026993725595779,0.0498742098826336
10.009929106009041,10.010837244185659,0.009929106009041655,0.010837244185658457
10.009588158231109,9.977180346627778,0.009588158231109565,-0.022819653372222897
10.009247097923629,10.010255331177001,0.009247097923628617,0.010255331177001949
10.008905929089387,10.004962457089354,0.00890592908938658,0.004962457089353599
10.008564655732444,10.003341019562848,0.008564655732444934,0.003341019562848213
10.008223281858092,10.009161142973692,0.008223281858091909,0.009161142973692792
10.007881811472796,9.976411492816926,0.007881811472795305,-0.02358850718307423
10.007540248584156,9.97633013147748,0.007540248584155739,-0.023669868522519413
10.00719859720086,9.981569605362855,0.007198597200859427,-0.018430394637144184
10.006856861332631,9.992652819713726,0.006856861332631192,-0.007347180286274018
10.006515044990188,10.011822525859674,0.006515044990187394,0.011822525859674249
10.00617315218519,9.997572322368875,0.006173152185188859,-0.002427677631124745
10.005831186930195,9.989600920966026,0.0058311869301938095,-0.010399079033973843
10.00548915323861,10.024352677965338,0.005489153238610755,0.024352677965336966
10.00514705512465,10.045008600624266,0.005147055124651404,0.04500860062426616
10.004804896603284,10.02970913717676,0.004804896603283586,0.02970913717675932
10.004462681690184,10.024844017485314,0.004462681690183959,0.02484401748531404
10.004120414401692,10.002356004477337,0.004120414401691144,0.002356004477336396
10.003778098754758,10.002622260256265,0.0037780987547584113,0.0026222602562643075
10.003435738766907,9.984232260062802,0.0034357387669065815,-0.015767739937198478
10.003093338456177,10.029407876339668,0.0030933384561768716,0.029407876339668935
10.002750901841084,10.008737131123468,0.002750901841083743,0.008737131123468378
10.002408432940568,10.004184516901628,0.002408432940567734,0.0041845169016282244
10.002065935773949,10.00088549977633,0.002065935773948295,0.000885499776330815
10.001723414360876,10.017851829061042,0.001723414360876616,0.017851829061042927
10.001380872721288,10.004376305569396,0.001380872721288452,0.004376305569396295
10.001038314875357,9.996675408787876,0.0010383148753569848,-0.0033245912121233276
10.000695744843446,9.979889051856993,0.0006957448434454676,-0.020110948143006638
10.000353166646061,10.041011539628471,0.0003531666460603038,0.041011539628471566
10.000010584303803,9.996171954351821,1.058430380368548e-05,-0.003828045648178141
9.999668001837327,10.024081921983674,-0.00033199816267354994,0.02408192198367492
9.999325423267281,10.012136241971813,-0.0006745767327191071,0.012136241971813887
9.998982852614274,10.008162102852658,-0.0010171473857264204,0.00816210285265764
9.998640293898818,9.979742774072573,-0.001359706101181841,-0.02025722592742619
9.998297751141289,9.9673918475969,-0.0017022488587118225,-0.032608152403099236
9.99795522836187,9.99091298884374,-0.002044771638130106,-0.009087011156261275
9.997612729580515,9.98779072626585,-0.002387270419484858,-0.012209273734149598
9.997270258816894,9.982660568664572,-0.0027297411831060246,-0.017339431335427622
9.996927820090347,10.03346057081631,-0.0030721799096522463,0.033460570816309
9.996585417419842,9.993666281544876,-0.003414582580158202,-0.0063337184551239415
9.996243054823918,9.970085181188637,-0.003756945176081739,-0.029914818811364048
9.99590073632065,9.982592592894171,-0.004099263679351027,-0.017407407105828714
9.995558465927589,9.993465329298184,-0.0044415340724117255,-0.0065346707018169164
9.995216247661725,9.940943791235323,-0.004783752338274126,-0.059056208764676286
9.99487408553944,10.003303411025302,-0.005125914460560305,0.0033034110253019446
9.994531983576449,9.976895875764148,-0.005468016423551253,-0.023104124235852317
9.994189945787767,9.961985248325748,-0.00581005421223401,-0.038014751674252514
9.99384797618765,9.990538772912805,-0.006152023812348743,-0.009461227087195004
9.993506078789563,10.008431688456831,-0.0064939212104360294,0.008431688456831787
9.993164257606116,9.96790384500263,-0.006835742393883702,-0.03209615499736989
9.992822516649026,10.006263590227867,-0.007177483350974116,0.006263590227866822
9.992480859929069,9.988072225930926,-0.007519140070931187,-0.01192777406907389
9.992139291456033,10.002032105769887,-0.00786070854396746,0.002032105769886392
9.99179781523867,9.98663709454408,-0.00820218476133118,-0.013362905455921215
9.991456435284647,9.997781922469768,-0.008543564715353327,-0.002218077530232603
9.991115155600506,10.006124337111885,-0.008884844399494659,0.006124337111885311
9.990773980191607,9.979152243455117,-0.009226019808392728,-0.020847756544883668
9.990432913062092,9.967380999883048,-0.009567086937908857,-0.03261900011695289
9.990091958214824,9.985476891197377,-0.009908041785175292,-0.014523108802623275
9.989751119651357,9.997434030283031,-0.010248880348641928,-0.002565969716968446
9.989410401371877,9.975055127096637,-0.01058959862812345,-0.02494487290336378
9.989069807375154,9.981170924220777,-0.010930192624846229,-0.018829075779222222
9.988729341658505,9.992892004952337,-0.011270658341495255,-0.007107995047662951
9.98838900821774,9.983810141093764,-0.011610991782261056,-0.01618985890623509
9.988048811047113,9.982559538624615,-0.01195118895288659,-0.0174404613753849
9.987708754139286,10.006366242735243,-0.012291245860714117,0.006366242735243402
9.987368841485267,9.975641252216988,-0.012631158514732073,-0.0243587477830121
9.987029077074379,9.990232922953174,-0.01297092292562189,-0.009767077046825454
9.986689464894194,9.98286976067671,-0.013310535105804792,-0.017130239323290764
9.986350008930511,9.983459391135382,-0.013649991069488757,-0.016540608864618864
9.986010713167286,9.97549848185368,-0.013989286832715034,-0.02450151814632035
9.985671581586596,9.968205494796274,-0.014328418413405083,-0.031794505203725135
9.985332618168593,9.990109169994899,-0.014667381831407256,-0.00989083000510231
9.984993826891456,9.961092748277148,-0.015006173108543512,-0.03890725172285159
9.984655211731344,9.98885340807822,-0.01534478826865611,-0.011146591921779811
9.984316776662345,9.973556509863476,-0.015683223337654272,-0.026443490136523126
9.98397852565644,9.95382791884932,-0.016021474343560823,-0.046172081150679514
9.983640462683441,9.978630275884992,-0.016359537316558814,-0.021369724115007403
9.983302591710961,9.975230788942353,-0.016697408289038058,-0.024769211057646734
9.982964916704358,9.96509866837056,-0.017035083295641875,-0.034901331629440493
9.982627441626686,9.927556703435942,-0.017372558373313373,-0.07244329656405783
9.982290170438658,9.977301260320596,-0.01770982956134213,-0.022698739679403335
9.981953107098589,9.989794717931307,-0.018046892901410632,-0.010205282068692952
9.98161625556236,9.979722552686386,-0.018383744437640733,-0.020277447313613153
9.98127961978336,9.987019776946493,-0.01872038021664009,-0.012980223053506587
9.980943203712451,9.982366020921233,-0.01905679628754854,-0.017633979078766227
9.980607011297916,9.958725422405404,-0.019392988702084488,-0.041274577594594894
9.98027104648541,9.971808801141922,-0.01972895351459123,-0.028191198858077516
9.979935313217917,9.969486834290928,-0.020064686782083285,-0.03051316570907231
9.979599815435707,9.982042308622953,-0.0204001845642926,-0.017957691377047322
9.979264557076284,9.976753567980424,-0.02073544292371498,-0.02324643201957615
9.978929542074344,9.973118584610425,-0.02107045792565604,-0.026881415389573983
9.978594774361722,10.007643020725762,-0.021405225638277556,0.007643020725763075
9.978260257867356,9.997464394835182,-0.021739742132643566,-0.002535605164817406
9.977925996517234,9.962083387643595,-0.022074003482766485,-0.03791661235640492
9.977591994234347,9.965065393398923,-0.022408005765653174,-0.0349346066010768
9.977258254938649,9.949207609357966,-0.022741745061350994,-0.050792390642034176
9.976924782547005,9.980345926579664,-0.023075217452993794,-0.0196540734203355
9.976591580973151,9.97353533759074,-0.0234084190268479,-0.02646466240925992
9.976258654127642,9.995985138410624,-0.023741345872358023,-0.0040148615893762195
9.975926005917806,9.998566279862779,-0.024073994082193146,-0.0014337201372212269
9.975593640247707,9.984076615262156,-0.024406359752292522,-0.01592338473784355
9.975261561018089,9.929408930178594,-0.024738438981911255,-0.07059106982140523
9.974929772126334,9.985836707026115,-0.02507022787366623,-0.014163292973884915
9.974598277466418,9.955223055975257,-0.025401722533581847,-0.044776944024742915
9.974267080928865,9.97861901170908,-0.02573291907113568,-0.02138098829092014
9.973936186400696,9.984624659348526,-0.026063813599304177,-0.015375340651473723
9.973605597765392,9.96692072658861,-0.026394402234608247,-0.03307927341139115
9.973275318902841,9.970692973089148,-0.02672468109715885,-0.029307026910851727
9.972945353689298,9.982020499877471,-0.02705464631070254,-0.017979500122529544
9.972615705997333,9.978895533756928,-0.027384294002666915,-0.021104466243072734
9.972286379695793,9.97871852109008,-0.027713620304206217,-0.0212814789099205
9.971957378649753,9.953446357320889,-0.028042621350246502,-0.04655364267911058
9.97162870672047,10.000460901984708,-0.028371293279531164,0.00046090198470829374
9.971300367765334,10.003638735741745,-0.02869963223466622,0.003638735741745308
9.970972365637834,9.996931651801953,-0.02902763436216556,-0.0030683481980477295
9.970644704187503,9.98790876238006,-0.029355295812496202,-0.012091237619938869
9.970317387259877,9.975145286107542,-0.02968261274012344,-0.024854713892457643
9.969990418696444,9.945365539888803,-0.030009581303555993,-0.054634460111196395
9.969663802334608,9.964254649750899,-0.03033619766539111,-0.035745350249101956
9.96933754200764,9.98298465178502,-0.03066245799235955,-0.017015348214979877
9.969011641544629,9.946323217333635,-0.030988358455370596,-0.05367678266636555
9.968686104770443,9.967893929923125,-0.031313895229557104,-0.03210607007687419
9.96836093550568,9.971284536905072,-0.03163906449432019,-0.02871546309492858
9.968036137566626,9.94491514828667,-0.0319638624333742,-0.05508485171332986
9.967711714765208,9.960343811796163,-0.032288285234791485,-0.039656188203836894
9.967387670908954,9.966493470827752,-0.032612329091047096,-0.03350652917224765
9.967064009800936,9.986672627939955,-0.032935990199063535,-0.013327372060046142
9.966740735239744,9.933081536214896,-0.033259264760255335,-0.06691846378510473
9.966417851019425,9.98808236607178,-0.03358214898057366,-0.011917633928219831
9.96609536092945,9.967012126331658,-0.03390463907055086,-0.032987873668341196
9.965773268754655,9.959524633032451,-0.03422673124534483,-0.04047536696754826
9.965451578275216,9.965210745657131,-0.03454842172478368,-0.0347892543428693
9.96513029326659,9.995739493604976,-0.034869706733409805,-0.004260506395023931
9.964809417499476,9.994973612303893,-0.03519058250052437,-0.005026387696106367
9.96448895473977,10.026216537406517,-0.03551104526023152,0.02621653740651682
9.964168908748517,9.954138597163404,-0.03583109125148259,-0.0458614028365965
9.96384928328188,9.958043391730993,-0.03615071671812022,-0.04195660826900693
9.963530082091077,9.96923190502938,-0.03646991790892247,-0.030768094970620177
9.963211308922354,9.980970156395196,-0.03678869107764683,-0.019029843604804208
9.962892967516925,9.916401672660001,-0.037107032483074176,-0.08359832733999956
9.962575061610947,9.968466260381398,-0.0374249383890527,-0.031533739618603195
9.962257594935458,9.944218501736215,-0.03774240506454171,-0.05578149826378541
9.961940571216344,9.950543588557078,-0.03805942878365557,-0.04945641144292125
9.961623994174293,9.944264587209094,-0.038376005825707195,-0.05573541279090595
9.961307867524749,9.954484791379219,-0.038692132475251884,-0.04551520862078122
9.96099219497787,9.981653708310281,-0.03900780502213088,-0.01834629168971896
9.960676980238485,9.942643357908072,-0.0393230197615149,-0.05735664209192798
9.960362227006053,9.970612774706979,-0.03963777299394765,-0.029387225293021166
9.960047938974611,9.976295050429504,-0.0399520610253892,-0.023704949570496122
9.95973411983274,9.980554919021024,-0.04026588016725939,-0.019445080978975505
9.959420773263519,9.955281644668482,-0.04057922673648106,-0.044718355331518994
9.959107902944476,9.950711730451745,-0.04089209705552328,-0.049288269548254035
9.958795512547555,9.966595243268761,-0.04120448745244466,-0.03340475673123849
9.958483605739064,10.000045953291714,-0.04151639426093621,4.595329171450807e-05
9.958172186179635,9.962142356283543,-0.04182781382036449,-0.037857643716457015
9.957861257524186,9.927789440096484,-0.0421387424758146,-0.07221055990351583
9.957550823421867,9.964604071590202,-0.042449176578133026,-0.035395928409798404
9.95724088751603,9.979549697912457,-0.04275911248397047,-0.02045030208754311
9.956931453444176,9.954935770556903,-0.04306854655582463,-0.045064229443097695
9.956622524837917,9.943825779707174,-0.043377475162082874,-0.05617422029282611
9.956314105322935,9.948736512672136,-0.043685894677064886,-0.05126348732786455
9.956006198518935,9.968800042109978,-0.04399380148106517,-0.031199957890021956
9.955698808039605,9.9567652179683,-0.04430119196039555,-0.04323478203169961
9.955391937492573,9.967996161689976,-0.04460806250742771,-0.032003838310023174
9.955085590479365,9.955766426922057,-0.04491440952063527,-0.04423357307794179
9.954779770595364,9.921755008147949,-0.045220229404636283,-0.078244991852051
9.954474481429765,9.971558780320555,-0.04552551857023532,-0.028441219679445837
9.954169726565535,9.955432251489432,-0.045830273434465656,-0.044567748510567905
9.95386550957937,9.938787804213531,-0.046134490420631245,-0.061212195786468415
9.95356183404165,9.961289270380435,-0.04643816595834879,-0.03871072961956527
9.953258703516411,9.981282108843347,-0.04674129648358956,-0.018717891156653874
9.952956121561279,9.931370605878787,-0.047043878438721286,-0.06862939412121356
9.95265409172745,9.934922991672357,-0.04734590827254982,-0.06507700832764239
9.952352617559638,9.946031128374603,-0.04764738244036102,-0.05396887162539675
9.952051702596037,9.979503481347258,-0.04794829740396207,-0.0204965186527409
9.951751350368276,9.919854257478322,-0.048248649631723206,-0.08014574252167742
9.951451564401381,9.962910562118449,-0.04854843559861908,-0.03708943788155225
9.95115234821373,9.937258911320002,-0.04884765178627018,-0.06274108867999832
9.950853705317016,9.938770863702667,-0.049146294682984065,-0.061229136297333224
9.950555639216203,9.9302102662558,-0.049444360783796645,-0.06978973374419914
9.950258153409488,9.969679394311061,-0.04974184659051326,-0.030320605688938806
9.94996125138825,9.956444842103721,-0.05003874861174978,-0.04355515789627902
9.949664936637026,9.939035839315414,-0.05033506336297351,-0.06096416068458593
9.949369212633457,9.969364416884943,-0.05063078736654417,-0.03063558311505665
9.949074082848245,9.905598811958445,-0.050925917151754735,-0.0944011880415545
9.948779550745128,9.947458932083611,-0.05122044925487201,-0.052541067916389475
9.948485619780822,9.9473430477555,-0.051514380219177404,-0.05265695224450105
9.948192293404993,9.94693024611248,-0.05180770659500751,-0.05306975388752056
9.947899575060205,9.946421002894704,-0.05210042493979451,-0.05357899710529639
9.947607468181893,9.958521204153143,-0.05239253181810667,-0.04147879584685678
9.947315976198311,9.952644630060862,-0.05268402380168859,-0.04735536993913835
9.947025102530498,9.931033525559034,-0.05297489746950143,-0.06896647444096546
9.946734850592238,9.936585313069319,-0.05326514940776316,-0.0634146869306802
9.946445223790011,9.943818549821929,-0.05355477620998849,-0.05618145017807094
9.946156225522971,9.958706865308665,-0.05384377447702894,-0.04129313469133445
9.945867859182886,9.940704654667337,-0.054132140817112775,-0.05929534533266243
9.945580128154115,9.962797934032125,-0.054419871845884676,-0.0372020659678762
9.945293035813554,9.973263877301454,-0.05470696418644552,-0.026736122698545865
9.945006585530608,9.94077091490288,-0.05499341446939206,-0.05922908509712108
9.944720780667144,9.897626774035425,-0.055279219332856434,-0.10237322596457485
9.944435624577455,9.919269715612016,-0.0555643754225456,-0.08073028438798492
9.94415112060822,9.93978125973494,-0.05584887939178074,-0.06021874026506075
9.943867272098464,9.937479906295103,-0.056132727901536505,-0.06252009370489771
9.94358408237952,9.942967166694302,-0.05641591762048023,-0.057032833305698624
9.943301554774989,9.928318579537951,-0.056698445225010975,-0.07168142046204877
9.943019692600702,9.94174525716414,-0.056980307399298706,-0.058254742835860865
9.942738499164678,9.936435499382144,-0.05726150083532294,-0.06356450061785532
9.942457977767088,9.894582162126156,-0.05754202223291177,-0.10541783787384404
9.942178131700219,9.917032112948517,-0.05782186829978053,-0.08296788705148234
9.941898964248429,9.960894100524463,-0.05810103575157044,-0.03910589947553719
9.941620478688113,9.914071036262273,-0.058379521311887166,-0.0859289637377274
9.941342678287661,9.956092114767179,-0.05865732171233923,-0.04390788523282161
9.941065566307424,9.947858906257284,-0.05893443369257643,-0.052141093742715736
9.940789145999672,9.932310604167133,-0.059210854000328064,-0.06768939583286639
9.940513420608559,9.98520272411797,-0.0594865793914411,-0.014797275882030371
9.940238393370082,9.947755067620632,-0.05976160662991823,-0.05224493237936802
9.939964067512044,9.923113640519148,-0.060035932487956,-0.07688635948085251
9.939690446254017,9.950412061210985,-0.06030955374598244,-0.04958793878901587
9.939417532807305,9.966365441784276,-0.06058246719269503,-0.03363455821572439
9.939145330374902,9.962282714604097,-0.06085466962509833,-0.03771728539590252
9.938873842151459,9.916784913611101,-0.061126157848541585,-0.08321508638889848
9.938603071323243,9.91584571366661,-0.061396928676756224,-0.0841542863333905
9.938333021068107,9.905629594915807,-0.06166697893189324,-0.09437040508419269
9.93806369455544,9.932542034063063,-0.06193630544456048,-0.06745796593693629
9.93779509494614,9.956803650503366,-0.062204905053859866,-0.04319634949663353
9.937527225392575,9.943931765770126,-0.06247277460742443,-0.05606823422987373
9.937260089038544,9.923300675572158,-0.06273991096145548,-0.07669932442784162
9.936993689019241,9.929695127419967,-0.06300631098075929,-0.07030487258003329
9.936728028461216,9.924959040500271,-0.06327197153878397,-0.07504095949972887
9.936463110482343,9.939810700695796,-0.06353688951765621,-0.060189299304204365
9.936198938191783,9.929895923690188,-0.0638010618082178,-0.07010407630981298
9.935935514689938,9.965028913006904,-0.06406448531006223,-0.034971086993096416
9.93567284306843,9.90824752505901,-0.06432715693157091,-0.09175247494098875
9.93541092641005,9.933123404215534,-0.06458907358994961,-0.06687659578446599
9.935149767788735,9.934208844411033,-0.06485023221126456,-0.0657911555889667
9.934889370269522,9.952654943254448,-0.06511062973047853,-0.04734505674555188
9.934629736908514,9.906696423719184,-0.06537026309148677,-0.09330357628081551
9.934370870752847,9.958684084275781,-0.0656291292471531,-0.041315915724219665
9.934112774840655,9.959787525120788,-0.06588722515934531,-0.040212474879211056
9.933855452201028,9.927058976164352,-0.0661445477989711,-0.07294102383564759
9.933598905853987,9.928026610215202,-0.06640109414601346,-0.07197338978479802
9.933343138810434,9.953213443325794,-0.06665686118956625,-0.04678655667420638
9.93308815407213,9.930017679368966,-0.06691184592786945,-0.06998232063103363
9.932833954631656,9.921884554105965,-0.0671660453683444,-0.07811544589403512
9.93258054347237,9.957636376817415,-0.067419456527629,-0.04236362318258395
9.932327923568387,9.967908188004925,-0.06767207643161255,-0.032091811995075485
9.93207609788453,9.941563313844673,-0.06792390211547082,-0.05843668615532645
9.931825069376298,9.925599182741077,-0.06817493062370086,-0.07440081725892227
9.931574840989844,9.932969476597686,-0.06842515901015549,-0.06703052340231404
9.931325415661922,9.90503474225541,-0.06867458433807809,-0.09496525774459073
9.931076796319863,9.91698643151503,-0.06892320368013692,-0.08301356848497123
9.93082898588154,9.900604215146995,-0.06917101411845959,-0.09939578485300535
9.930581987255334,9.942564007278323,-0.06941801274466723,-0.0574359927216774
9.93033580334009,9.958407918476352,-0.06966419665990861,-0.04159208152364833
9.930090437025106,9.929359099145119,-0.06990956297489426,-0.07064090085488063
9.92984589119007,9.953111760985477,-0.07015410880993027,-0.04688823901452313
9.929602168705047,9.933875171245878,-0.07039783129495217,-0.06612482875412191
9.92935927243044,9.92081897745224,-0.07064072756955848,-0.07918102254775858
9.929117205216956,9.95197875259444,-0.07088279478304454,-0.0480212474055591
9.928875969905564,9.916420229268882,-0.07112403009443569,-0.08357977073111855
9.92863556932748,9.916842226826475,-0.07136443067252074,-0.08315777317352448
9.928396006304116,9.904948811691101,-0.0716039936958852,-0.0950511883088985
9.928157283647055,9.929923998575708,-0.07184271635294437,-0.070076001424292
9.927919404158024,9.932148559575946,-0.07208059584197636,-0.0678514404240545
9.927682370628846,9.913313098125537,-0.07231762937115493,-0.08668690187446383
9.927446185841418,9.928307633582204,-0.07255381415858234,-0.07169236641779586
9.927210852567677,9.931837783890096,-0.07278914743232183,-0.06816221610990394
9.92697637356957,9.936054851069844,-0.07302362643043037,-0.06394514893015525
9.92674275159901,9.916455609234092,-0.07325724840099096,-0.08354439076590899
9.926509989397855,9.963901410722825,-0.07349001060214491,-0.036098589277176296
9.926278089697876,9.91134149576431,-0.07372191030212402,-0.08865850423568952
9.926047055220717,9.910993074685999,-0.0739529447792827,-0.08900692531400062
9.92581688867787,9.914287844743427,-0.07418311132212989,-0.08571215525657311
9.92558759277064,9.928202603564442,-0.07441240722936085,-0.07179739643555799
9.925359170190111,9.9616062522331,-0.07464082980988887,-0.038393747766900146
9.925131623617123,9.946769332225458,-0.07486837638287691,-0.05323066777454263
9.924904955722232,9.939406571424438,-0.07509504427776899,-0.06059342857556155
9.924679169165678,9.940903855197075,-0.07532083083432158,-0.05909614480292563
9.924454266597365,9.901244020530878,-0.07554573340263476,-0.09875597946912172
9.924230250656816,9.937268688292066,-0.0757697493431835,-0.06273131170793432
9.924007123973151,9.908908177522338,-0.07599287602684832,-0.09109182247766089
9.923784889165054,9.899764274987241,-0.07621511083494648,-0.10023572501275865
9.923563548840738,9.910999374761746,-0.07643645115926243,-0.08900062523825518
9.92334310559792,9.919979828404696,-0.07665689440207867,-0.08002017159530471
9.923123562023793,9.941020339442185,-0.07687643797620612,-0.05897966055781472
9.922904920694986,9.917113466583837,-0.07709507930501436,-0.08288653341616377
9.922687184177537,9.95001139833889,-0.07731281582246219,-0.049988601661109855
9.922470355026872,9.921326139856506,-0.07752964497312732,-0.07867386014349505
9.922254435787764,9.930352590229642,-0.07774556421223683,-0.06964740977035874
9.922039428994303,9.909487333841183,-0.07796057100569659,-0.09051266615881785
9.921825337169878,9.914812314652172,-0.0781746628301214,-0.08518768534782785
9.921612162827136,9.928153371341425,-0.07838783717286421,-0.0718466286585753
9.921399908467954,9.896007561781351,-0.07860009153204606,-0.1039924382186495
9.921188576583415,9.903936953011735,-0.07881142341658492,-0.09606304698826529
9.920978169653775,9.927179360205692,-0.07902183034622544,-0.07282063979430903
9.920768690148432,9.897740295084796,-0.07923130985156776,-0.10225970491520311
9.920560140525904,9.955180521275027,-0.07943985947409643,-0.044819478724972495
9.92035252323379,9.921806485350233,-0.07964747676620959,-0.0781935146497666
9.920145840708752,9.912259751363834,-0.07985415929124727,-0.08774024863616621
9.919940095376479,9.911545585981713,-0.08005990462352044,-0.08845441401828742
9.91973528965166,9.901070397803183,-0.08026471034833906,-0.09892960219681682
9.91953142593796,9.925260628147566,-0.08046857406204076,-0.07473937185243498
9.91932850662798,9.888198538584884,-0.08067149337201873,-0.11180146141511657
9.919126534103249,9.903331149985425,-0.0808734658967502,-0.09666885001457562
9.918925510734176,9.918979579220718,-0.08107448926582389,-0.08102042077928301
9.918725438880031,9.949976875004488,-0.0812745611199683,-0.05002312499551153
9.91852632088892,9.925244150495432,-0.08147367911107921,-0.0747558495045673
9.918328159097753,9.947496764913579,-0.08167184090224704,-0.05250323508642121
9.918130955832215,9.938680123157305,-0.08186904416778468,-0.06131987684269595
9.917934713406746,9.926354792448263,-0.08206528659325435,-0.07364520755173735
9.917739434124504,9.904597009070269,-0.08226056587549524,-0.09540299092973113
9.91754512027735,9.922011369301753,-0.08245487972265003,-0.07798863069824769
9.917351774145807,9.925523280105859,-0.08264822585419225,-0.07447671989414067
9.917159397999047,9.933402419126365,-0.08284060200095265,-0.0665975808736344
9.916967994094854,9.911169623520117,-0.0830320059051462,-0.08883037647988382
9.916777564679602,9.918287182152698,-0.08322243532039819,-0.08171281784730249
9.91658811198823,9.886573260813488,-0.08341188801177103,-0.11342673918651136
9.91639963824421,9.89934651775684,-0.08360036175579018,-0.10065348224316087
9.91621214565953,9.955471031323459,-0.0837878543404702,-0.04452896867654116
9.916025636434659,9.908679475370631,-0.08397436356534108,-0.09132052462936857
9.915840112758527,9.94280933921298,-0.08415988724147354,-0.05719066078702026
9.915655576808495,9.903974732667963,-0.08434442319150524,-0.09602526733203595
9.915472030750333,9.925415730615844,-0.08452796924966594,-0.07458426938415508
9.915289476738197,9.912251859791857,-0.08471052326180319,-0.0877481402081435
9.915107916914593,9.906859533945342,-0.08489208308540735,-0.09314046605465735
9.914927353410363,9.944123890160439,-0.08507264658963708,-0.05587610983956107
9.914747788344656,9.927186302204674,-0.08525221165534391,-0.07281369779532612
9.914569223824902,9.91511421303398,-0.08543077617509752,-0.0848857869660191
9.91439166194679,9.928168282013111,-0.08560833805321032,-0.07183171798688934
9.914215104794238,9.921458356833948,-0.08578489520576185,-0.07854164316605111
9.914039554439377,9.902968478102053,-0.08596044556062363,-0.09703152189794716
9.913865012942518,9.944107108888666,-0.08613498705748307,-0.05589289111133398
9.913691482352132,9.920232562814537,-0.08630851764786801,-0.0797674371854634
9.91351896470483,9.92796432042277,-0.08648103529517047,-0.07203567957722908
9.91334746202533,9.89908429424682,-0.08665253797467079,-0.10091570575318118
9.913176976326438,9.909879190792216,-0.08682302367356115,-0.09012080920778359
9.91300750960903,9.909727300230818,-0.08699249039096944,-0.0902726997691823
9.912839063862018,9.907837282224987,-0.08716093613798265,-0.09216271777501202
9.91267164106233,9.903821995665062,-0.08732835893766999,-0.0961780043349374
9.912505243174893,9.943345012370411,-0.08749475682510656,-0.05665498762958815
9.912339872152604,9.908411589229095,-0.08766012784739591,-0.09158841077090572
9.912175529936306,9.909498176757966,-0.08782447006369337,-0.09050182324203358
9.912012218454771,9.941022590072304,-0.08798778154522852,-0.05897740992769554
9.911849939624672,9.913162908042942,-0.08815006037532806,-0.08683709195705827
9.911688695350563,9.915022772298833,-0.08831130464943808,-0.08497722770116597
9.911528487524853,9.91221083791296,-0.0884715124751467,-0.08778916208704013
9.911369318027795,9.916191773293473,-0.08863068197220594,-0.08380822670652674
9.911211188727446,9.93444584316019,-0.08878881127255407,-0.06555415683980939
9.911054101479662,9.890491714946538,-0.08894589852033746,-0.10950828505346091
9.910898058128067,9.897413129369466,-0.0891019418719322,-0.10258687063053369
9.910743060504034,9.942497700393345,-0.08925693949596597,-0.057502299606654664
9.910589110426661,9.922669584826977,-0.08941088957333933,-0.07733041517302243
9.910436209702752,9.934692839940002,-0.08956379029724731,-0.06530716005999737
9.9102843601268,9.883982179581977,-0.0897156398732003,-0.11601782041802325
9.910133563480954,9.904228211071777,-0.08986643651904545,-0.09577178892822298
9.909983821535013,9.914613798985094,-0.09001617846498727,-0.08538620101490611
9.909835136046391,9.8869476811883,-0.09016486395360868,-0.11305231881169983
9.909687508760108,9.890477974718156,-0.09031249123989138,-0.10952202528184515
9.909540941408764,9.905275001794056,-0.09045905859123657,-0.09472499820594406
9.909395435712515,9.8740785882241,-0.09060456428748515,-0.12592141177590072
9.909250993379063,9.896511291952251,-0.0907490066209378,-0.1034887080477487
9.909107616103624,9.915255624175794,-0.09089238389637534,-0.08474437582420659
9.908965305568922,9.91931422546765,-0.09103469443107827,-0.08068577453235083
9.908824063445152,9.900219788115656,-0.09117593655484685,-0.09978021188434384
9.90868389138998,9.885665111696559,-0.09131610861002032,-0.1143348883034414
9.908544791048504,9.883645306076433,-0.09145520895149682,-0.1163546939235663
9.908406764053248,9.90875747379164,-0.09159323594675223,-0.09124252620836032
9.908269812024141,9.908545625128047,-0.09173018797585972,-0.09145437487195202
9.908133936568492,9.913346988564532,-0.09186606343150844,-0.08665301143546865
9.907999139280978,9.90297956047833,-0.09200086071902264,-0.09702043952166865
9.907865421743619,9.873933655832012,-0.09213457825638027,-0.12606634416798798
9.907732785525768,9.891143434015575,-0.09226721447423149,-0.10885656598442484
9.907601232184083,9.906924920279167,-0.09239876781591727,-0.09307507972083344
9.907470763262513,9.913057575789367,-0.09252923673748739,-0.08694242421063415
9.907341380292282,9.896590780404159,-0.09265861970771888,-0.10340921959584068
9.907213084791866,9.940884825647911,-0.09278691520813366,-0.059115174352088934
9.907085878266983,9.911593121694743,-0.09291412173301672,-0.0884068783052576
9.906959762210567,9.88692189728078,-0.09304023778943339,-0.11307810271921911
9.906834738102752,9.872297828134577,-0.09316526189724722,-0.12770217186542343
9.906710807410862,9.922287367035498,-0.0932891925891372,-0.07771263296450241
9.906587971589385,9.883485950865921,-0.09341202841061484,-0.11651404913407819
9.906466232079959,9.883978750344923,-0.09353376792004159,-0.11602124965507775
9.906345590311355,9.877679694840864,-0.09365440968864533,-0.12232030515913565
9.906226047699462,9.912723957906483,-0.09377395230053759,-0.08727604209351685
9.90610760564727,9.904573612296561,-0.09389239435272971,-0.09542638770343864
9.905990265544851,9.910286537492834,-0.09400973445514973,-0.0897134625071673
9.905874028769341,9.931106024835014,-0.09412597123065838,-0.0688939751649859
9.905758896684935,9.893371817581409,-0.09424110331506547,-0.10662818241859058
9.905644870642854,9.914697989822448,-0.09435512935714568,-0.08530201017755229
9.905531951981345,9.88531492928297,-0.09446804801865463,-0.11468507071702952
9.905420142025655,9.897379757304947,-0.09457985797434454,-0.1026202426950529
9.90530944208802,9.912691198788991,-0.09469055791197956,-0.08730880121100965
9.905199853467648,9.889560184757839,-0.09480014653235158,-0.1104398152421616
9.905091377450704,9.889760542472782,-0.09490862254929504,-0.11023945752721787
9.904984015310298,9.902115728196948,-0.09501598468970238,-0.0978842718030514
9.904877768306461,9.89061241585192,-0.09512223169353874,-0.10938758414807838
9.904772637686143,9.895855314189856,-0.09522736231385694,-0.10414468581014412
9.904668624683188,9.868641384973754,-0.0953313753168119,-0.13135861502624574
9.904565730518325,9.893984205560878,-0.09543426948167537,-0.10601579443912208
9.90446395639915,9.88876007298751,-0.09553604360084997,-0.11123992701248892
9.904363303520116,9.94343008527299,-0.09563669647988364,-0.05656991472701096
9.904263773062516,9.914947626428017,-0.09573622693748353,-0.085052373571983
9.904165366194471,9.901981655477279,-0.0958346338055298,-0.0980183445227207
9.90406808407091,9.908278950566322,-0.09593191592908945,-0.09172104943367772
9.90397192783357,9.879616458672313,-0.09602807216642979,-0.12038354132768789
9.903876898610967,9.922186363098016,-0.09612310138903196,-0.07781363690198419
9.903782997518396,9.91893966317171,-0.09621700248160393,-0.08106033682829075
9.903690225657906,9.89591303306328,-0.09630977434209394,-0.1040869669367195
9.903598584118297,9.880327353517211,-0.09640141588170306,-0.11967264648278853
9.903508073975102,9.907755010314613,-0.09649192602489831,-0.09224498968538694
9.903418696290576,9.883047133474626,-0.09658130370942498,-0.11695286652537297
9.90333045211368,9.905879024039754,-0.09666954788631936,-0.09412097596024553
9.90324334248008,9.894991183977673,-0.09675665751992087,-0.1050088160223267
9.903157368412115,9.916174200566584,-0.09684263158788425,-0.08382579943341711
9.903072530918807,9.895895204243333,-0.0969274690811917,-0.10410479575666734
9.902988830995836,9.877587220193098,-0.09701116900416444,-0.12241277980690175
9.902906269625525,9.90054571232698,-0.09709373037447472,-0.09945428767301878
9.902824847776843,9.900160066775184,-0.09717515222315705,-0.0998399332248157
9.90274456640538,9.910186164632584,-0.09725543359461986,-0.08981383536741633
9.902665426453343,9.922151160448704,-0.09733457354665642,-0.07784883955129551
9.902587428849543,9.8826916642315,-0.09741257115045619,-0.11730833576850133
9.902510574509385,9.917525515080536,-0.09748942549061546,-0.08247448491946362
9.902434864334852,9.915222768402318,-0.09756513566514825,-0.08477723159768154
9.902360299214504,9.942557412017523,-0.09763970078549693,-0.05744258798247634
9.902286880023457,9.935392681170635,-0.09771311997654243,-0.06460731882936516
9.902214607623385,9.881770142199231,-0.0977853923766148,-0.11822985780076918
9.902143482862497,9.919035411374958,-0.09785651713750305,-0.0809645886250422
9.902073506575535,9.924102918048202,-0.09792649342446537,-0.07589708195179679
9.902004679583762,9.859311326410827,-0.09799532041623865,-0.14068867358917336
9.901937002694952,9.893050784265988,-0.09806299730504836,-0.10694921573401259
9.901870476703381,9.891371195262122,-0.0981295232966179,-0.10862880473787814
9.901805102389822,9.887332051525476,-0.09819489761017791,-0.11266794847452453
9.901740880521524,9.907109151803597,-0.09825911947847556,-0.09289084819640234
9.901677811852217,9.88462129073636,-0.09832218814778339,-0.11537870926363919
9.901615897122092,9.902219997276282,-0.09838410287790827,-0.09778000272371898
9.9015551370578,9.929352247400407,-0.09844486294220005,-0.07064775259959212
9.90149553237244,9.874766542809986,-0.09850446762756009,-0.12523345719001294
9.90143708376555,9.906277706571839,-0.0985629162344496,-0.0937222934281615
9.901379791923102,9.851777855640039,-0.09862020807689795,-0.14822214435996048
9.901323657517489,9.882227840988765,-0.09867634248251056,-0.11777215901123525
9.901268681207522,9.906750324823427,-0.09873131879247697,-0.09324967517657297
9.90121486363842,9.857998078905096,-0.0987851363615784,-0.14200192109490373
9.901162205441805,9.894088949285493,-0.09883779455819547,-0.10591105071450649
9.901110707235684,9.898598335370675,-0.09888929276431556,-0.10140166462932539
9.90106036962446,9.885397116331333,-0.09893963037553995,-0.11460288366866761
9.901011193198908,9.861299864550752,-0.09898880680109114,-0.13870013544924792
9.90096317853618,9.87622000858798,-0.09903682146381958,-0.12377999141201973
9.90091632619979,9.868956005015196,-0.09908367380021055,-0.1310439949848035
9.90087063673961,9.901917921222898,-0.09912936326039073,-0.0980820787771024
9.900826110691865,9.88447955040478,-0.0991738893081347,-0.11552044959521965
9.900782748579129,9.921623228702973,-0.09921725142087118,-0.078376771297026
9.90074055091031,9.876038945734186,-0.0992594490896892,-0.12396105426581475
9.900699518180655,9.923450900436103,-0.09930048181934403,-0.07654909956389644
9.900659650871736,9.901686570943188,-0.09934034912826306,-0.09831342905681231
9.900620949451449,9.888102617056244,-0.09937905054855141,-0.11189738294375529
9.900583414374003,9.889815514386916,-0.09941658562599737,-0.11018448561308435
9.900547046079922,9.901745478071636,-0.09945295392007786,-0.09825452192836516
9.900511844996036,9.888015599737427,-0.09948815500396346,-0.11198440026257356
9.900477811535476,9.8831394807145,-0.09952218846452354,-0.1168605192855007
9.90044494609767,9.898469777822374,-0.099555053902331,-0.10153022217762563
9.900413249068333,9.911608447604886,-0.09958675093166708,-0.0883915523951138
9.900382720819474,9.914058887501639,-0.09961727918052575,-0.08594111249836149
9.900353361709382,9.921684121806258,-0.09964663829061819,-0.07831587819374232
9.900325172082622,9.886231499619207,-0.0996748279173769,-0.11376850038079356
9.90029815227004,9.898391604190797,-0.09970184772995985,-0.10160839580920354
9.900272302588746,9.899125546524527,-0.09972769741125428,-0.10087445347547379
9.90024762334212,9.878137787707818,-0.09975237665788043,-0.12186221229218258
9.900224114819805,9.873528831282284,-0.09977588518019516,-0.1264711687177155
9.900201777297704,9.909021925592905,-0.09979822270229527,-0.09097807440709517
9.90018061103798,9.862804724446466,-0.09981938896202079,-0.13719527555353464
9.900160616289043,9.921679886806242,-0.09983938371095802,-0.07832011319375884
9.900141793285558,9.917577566228392,-0.09985820671444254,-0.08242243377160748
9.900124142248439,9.936380705206089,-0.09987585775156178,-0.06361929479391039
9.900107663384842,9.900676515985836,-0.09989233661515784,-0.09932348401416342
9.90009235688817,9.886006833686631,-0.09990764311182973,-0.11399316631336896
9.900078222938065,9.924851776769481,-0.09992177706193572,-0.07514822323051909
9.900065261700405,9.92078632036892,-0.09993473829959548,-0.07921367963107967
9.900053473327308,9.90608719874562,-0.099946526672692,-0.09391280125437934
9.900042857957127,9.960326282632717,-0.09995714204287326,-0.03967371736728333
9.900033415714447,9.88996465860477,-0.09996658428555412,-0.11003534139522979
9.900025146710082,9.917948656812532,-0.0999748532899175,-0.08205134318746819
9.900018051041084,9.918232900873926,-0.09998194895891584,-0.0817670991260739
9.900012128790728,9.871720528190362,-0.09998787120927223,-0.1282794718096374
9.90000738002852,9.906551670992021,-0.0999926199714813,-0.09344832900797939
9.90000380481019,9.901565710894353,-0.09999619518981018,-0.09843428910564714
9.9000014031777,9.858121962313371,-0.09999859682229895,-0.14187803768662877
9.900000175159239,9.901458361609976,-0.09999982484076136,-0.09854163839002454
9.900000120769215,9.893430696562177,-0.09999987923078503,-0.10656930343782334
9.900001240008269,9.906401872943587,-0.09999875999173158,-0.09359812705641433
9.900003532863263,9.902932354673155,-0.09999646713673677,-0.0970676453268452
9.90000699930729,9.862884048574477,-0.09999300069271022,-0.1371159514255222
9.900011639299665,9.904494683204758,-0.09998836070033518,-0.09550531679524221
9.900017452785931,9.895610238551145,-0.09998254721406803,-0.10438976144885624
9.900024439697862,9.929024484830268,-0.09997556030213761,-0.07097551516973216
9.900032599953455,9.904671265979673,-0.09996740004654446,-0.09532873402032728
9.90004193345694,9.90000483652861,-0.0999580665430598,-0.09999516347138865
9.900052440098776,9.911213108512749,-0.0999475599012245,-0.08878689148725018
9.900064119755653,9.901123315332335,-0.09993588024434771,-0.09887668466766592
9.900076972290494,9.863557754495844,-0.09992302770950544,-0.1364422455041558
9.90009099755246,9.862292989748015,-0.09990900244753893,-0.13770701025198467
9.900106195376948,9.88763431112328,-0.09989380462305299,-0.11236568887671995
9.900122565585587,9.935062343969669,-0.09987743441441388,-0.064937656030331
9.900140107986253,9.908584887765796,-0.09985989201374736,-0.0914151122342038
9.900158822373063,9.89119436516021,-0.09984117762693641,-0.10880563483978974
9.900178708526381,9.882062168156184,-0.09982129147361878,-0.11793783184381583
9.900199766212815,9.9083664643041,-0.09980023378718442,-0.09163353569590034
9.900221995185227,9.891902299042513,-0.09977800481477277,-0.10809770095748697
9.900245395182731,9.887468358342044,-0.0997546048172698,-0.11253164165795591
9.900269965930695,9.889620413469974,-0.09973003406930506,-0.11037958653002711
9.900295707140751,9.887295074733,-0.09970429285924831,-0.11270492526700009
9.900322618510794,9.86348787377928,-0.09967738148920625,-0.1365121262207212
9.900350699724981,9.880958958460125,-0.09964930027501895,-0.11904104153987421
9.900379950453743,9.908704607064413,-0.09962004954625606,-0.09129539293558667
9.900410370353788,9.874378188526357,-0.09958962964621307,-0.1256218114736434
9.900441959068093,9.90803459472427,-0.0995580409319072,-0.09196540527572986
9.900474716225927,9.873598338556604,-0.09952528377407324,-0.12640166144339499
9.90050864144284,9.898941092353763,-0.0994913585571592,-0.10105890764623648
9.900543734320678,9.882443724063116,-0.09945626567932175,-0.11755627593688511
9.900579994447579,9.926232423212664,-0.09942000555242159,-0.07376757678733636
9.900617421397982,9.925100396568324,-0.09938257860201866,-0.07489960343167612
9.900656014732633,9.887136348751563,-0.09934398526736704,-0.11286365124843745
9.90069577399859,9.928058951732238,-0.09930422600140991,-0.07194104826776246
9.900736698729226,9.908122174149003,-0.09926330127077408,-0.09187782585099685
9.900778788444235,9.896147363168085,-0.09922121155576472,-0.10385263683191569
9.90082204264964,9.893516269304389,-0.09917795735035953,-0.10648373069561155
9.900866460837797,9.90622150265119,-0.09913353916220308,-0.09377849734880936
9.900912042487398,9.917983367019817,-0.09908795751260074,-0.0820166329801841
9.900958787063487,9.9171305682545,-0.09904121293651268,-0.08286943174550018
9.901006694017452,9.900602555742644,-0.09899330598254748,-0.09939744425735558
9.901055762787044,9.892635279105091,-0.09894423721295577,-0.10736472089490941
9.901105992796376,9.870696161665565,-0.0988940072036236,-0.1293038383344352
9.901157383455935,9.895565117269243,-0.09884261654406565,-0.10443488273075809
9.901209934162582,9.879060259191773,-0.0987900658374184,-0.12093974080822786
9.901263644299567,9.890450855352684,-0.09873635570043296,-0.10954914464731523
9.901318513236532,9.884137480560538,-0.09868148676346787,-0.11586251943946262
9.901374540329519,9.88072964923075,-0.0986254596704817,-0.11927035076925015
9.901431724920975,9.926279362047651,-0.09856827507902553,-0.07372063795234846
9.901490066339765,9.907053759631594,-0.09850993366023514,-0.09294624036840635
9.901549563901177,9.888467879861425,-0.0984504360988232,-0.11153212013857426
9.90161021690693,9.883899154139995,-0.09838978309307127,-0.11610084586000576
9.901672024645178,9.86530312901153,-0.09832797535482146,-0.13469687098847083
9.901734986390531,9.901944474626793,-0.09826501360946832,-0.09805552537320703
9.90179910140405,9.90101723203043,-0.09820089859595,-0.0989827679695709
9.90186436893326,9.91311364446622,-0.09813563106673995,-0.08688635553377945
9.901930788212162,9.881324543458998,-0.0980692117878377,-0.11867545654100156
9.90199835846124,9.904645722256449,-0.09800164153876023,-0.09535427774355118
9.902067078887468,9.910369822669272,-0.09793292111253254,-0.08963017733072823
9.902136948684321,9.887060322824189,-0.09786305131567856,-0.11293967717581128
9.902207967031789,9.881794484606656,-0.09779203296821148,-0.11820551539334334
9.902280133096376,9.90305679092884,-0.09771986690362432,-0.0969432090711596
9.90235344603112,9.901509385363422,-0.09764655396888,-0.0984906146365774
9.902427904975598,9.925499278707598,-0.09757209502440148,-0.07450072129240284
9.902503509055938,9.889736231148666,-0.09749649094406165,-0.11026376885133501
9.902580257384827,9.877733685352254,-0.09741974261517304,-0.12226631464774579
9.902658149061523,9.902522982493858,-0.09734185093847747,-0.09747701750614124
9.902737183171865,9.928873132664044,-0.09726281682813535,-0.07112686733595636
9.902817358788285,9.916573130527915,-0.09718264121171516,-0.08342686947208416
9.902898674969817,9.890959481161094,-0.09710132503018236,-0.10904051883890632
9.902981130762111,9.887413598878528,-0.09701886923788845,-0.11258640112147279
9.90306472519744,9.910867737185612,-0.09693527480255977,-0.08913226281438862
9.903149457294713,9.921018729602157,-0.09685054270528608,-0.07898127039784347
9.903235326059491,9.874067117866195,-0.09676467394050914,-0.12593288213380482
9.90332233048399,9.90103898986474,-0.09667766951601091,-0.09896101013526089
9.903410469547097,9.904284909758415,-0.0965895304529019,-0.09571509024158423
9.903499742214391,9.903113716959446,-0.096500257785609,-0.09688628304055454
9.903590147438136,9.8864001060051,-0.09640985256186349,-0.11359989399490092
9.903681684157311,9.902578469380671,-0.0963183158426886,-0.09742153061932919
9.903774351297614,9.912327514778765,-0.09622564870238723,-0.08767248522123577
9.90386814777147,9.922837809919733,-0.09613185222852917,-0.07716219008026746
9.903963072478062,9.937903513978446,-0.09603692752193842,-0.062096486021553335
9.90405912430332,9.899056322398817,-0.09594087569668032,-0.10094367760118277
9.90415630211995,9.919998898976239,-0.09584369788004835,-0.08000110102376126
9.904254604787448,9.93660160240293,-0.09574539521255103,-0.063398397597069
9.904354031152101,9.932319682330622,-0.0956459688478984,-0.06768031766937792
9.90445458004701,9.898468395513563,-0.09554541995298865,-0.1015316044864368
9.904556250292107,9.91960461283418,-0.09544374970789424,-0.0803953871658208
9.904659040694153,9.912462776293049,-0.09534095930584818,-0.08753722370695106
9.90476295004677,9.89678356310966,-0.09523704995322996,-0.10321643689033998
9.904867977130449,9.907613338450318,-0.09513202286955146,-0.09238666154968138
9.904974120712557,9.911887304511856,-0.09502587928744254,-0.0881126954881445
9.905081379547363,9.907205781867965,-0.0949186204526366,-0.09279421813203552
9.905189752376044,9.879761815170681,-0.09481024762395612,-0.12023818482931888
9.905299237926702,9.919723323104428,-0.09470076207329761,-0.08027667689557291
9.905409834914384,9.92714953886188,-0.09459016508561692,-0.07285046113812021
9.905521542041086,9.877455486888863,-0.09447845795891396,-0.12254451311113668
9.905634357995782,9.933834312149973,-0.09436564200421772,-0.06616568785002688
9.905748281454429,9.902572693883178,-0.09425171854557057,-0.09742730611682214
9.905863311079987,9.928324822934538,-0.094136688920013,-0.0716751770654622
9.905979445522432,9.921563795622797,-0.09402055447756774,-0.07843620437720318
9.906096683418776,9.930459992127952,-0.09390331658122408,-0.06954000787204796
9.906215023393079,9.929519819547219,-0.0937849766069217,-0.07048018045278069
9.906334464056465,9.905213955470183,-0.09366553594353456,-0.09478604452981781
9.906455004007146,9.89008368293515,-0.09354499599285482,-0.10991631706484849
9.906576641830425,9.936639103606614,-0.09342335816957598,-0.06336089639338514
9.906699376098723,9.958246212088953,-0.09330062390127675,-0.041753787911046704
9.906823205371596,9.890260543560599,-0.09317679462840381,-0.10973945643940089
9.906948128195745,9.9150122385526,-0.09305187180425536,-0.0849877614473999
9.907074143105037,9.919700866639994,-0.09292585689496369,-0.08029913336000591
9.907201248620522,9.87566659323126,-0.09279875137947828,-0.12433340676873969
9.907329443250452,9.935165859972297,-0.09267055674954815,-0.0648341400277031
9.907458725490295,9.875075137622494,-0.09254127450970462,-0.12492486237750576
9.907589093822757,9.925786704794007,-0.09241090617724346,-0.07421329520599321
9.907720546717792,9.928299297194725,-0.09227945328220712,-0.0717007028052749
9.907853082632633,9.898328773199788,-0.09214691736736697,-0.10167122680021126
9.907986700011795,9.935179008662619,-0.09201329998820482,-0.06482099133738112
9.908121397287104,9.915838604669842,-0.09187860271289505,-0.08416139533015772
9.908257172877715,9.908007876810013,-0.09174282712228593,-0.09199212318998769
9.90839402519012,9.924721536347663,-0.0916059748098812,-0.07527846365233627
9.908531952618178,9.906732581575902,-0.09146804738182131,-0.09326741842409854
9.908670953543135,9.909856001966713,-0.09132904645686468,-0.0901439980332874
9.908811026333632,9.912807556600479,-0.09118897366636845,-0.08719244339952067
9.90895216934573,9.94683073037297,-0.0910478306542697,-0.05316926962703035
9.909094380922934,9.89555134000872,-0.09090561907706585,-0.1044486599912812
9.909237659396204,9.916943047198465,-0.09076234060379523,-0.08305695280153541
9.909382003083982,9.90923347220589,-0.09061799691601785,-0.09076652779411004
9.909527410292204,9.895462463028837,-0.0904725897077951,-0.10453753697116355
9.90967387931433,9.892959473191024,-0.09032612068567045,-0.10704052680897656
9.909821408431352,9.930956983331786,-0.09017859156864888,-0.06904301666821365
9.909969995911823,9.935981320861112,-0.09003000408817723,-0.06401867913888737
9.910119640011876,9.863412893167947,-0.08988035998812335,-0.13658710683205383
9.910270338975243,9.893230940542905,-0.08972966102475616,-0.10676905945709503
9.910422091033276,9.897942228611662,-0.08957790896672456,-0.1020577713883383
9.910574894404963,9.932671115424604,-0.08942510559503697,-0.06732888457539535
9.91072874729696,9.934929350329371,-0.08927125270304043,-0.06507064967062959
9.910883647903601,9.89744672769458,-0.08911635209639931,-0.10255327230541975
9.911039594406926,9.890105082530281,-0.08896040559307446,-0.10989491746971827
9.911196584976699,9.940039885122554,-0.08880341502330151,-0.059960114877446805
9.91135461777043,9.888152693321727,-0.08864538222956973,-0.111847306678273
9.9115136909334,9.911276648077862,-0.08848630906660011,-0.08872335192213783
9.911673802598676,9.938435872725647,-0.08832619740132389,-0.06156412727435355
9.91183495088714,9.902570025653976,-0.0881650491128603,-0.09742997434602502
9.911997133907505,9.913885914829647,-0.08800286609249489,-0.0861140851703524
9.912160349756343,9.914521643742793,-0.08783965024365697,-0.08547835625720669
9.912324596518102,9.913511892808904,-0.08767540348189752,-0.08648810719109602
9.912489872265134,9.920257475630653,-0.08751012773486669,-0.07974252436934692
9.912656175057709,9.907377257101878,-0.08734382494229094,-0.09262274289812285
9.912823502944049,9.878858660762308,-0.08717649705595067,-0.1211413392376916
9.912991853960342,9.935469314268406,-0.08700814603965687,-0.06453068573159292
9.913161226130772,9.935681515545498,-0.08683877386922852,-0.0643184844545016
9.91333161746753,9.933421466199489,-0.08666838253246895,-0.06657853380051029
9.913503025970858,9.887637056646703,-0.08649697402914293,-0.11236294335329602
9.913675449629046,9.928475886495564,-0.08632455037095288,-0.07152411350443544
9.913848886418485,9.92500956634404,-0.08615111358151546,-0.07499043365596028
9.914023334303662,9.923481580923287,-0.08597666569633772,-0.07651841907671285
9.914198791237206,9.907598322844388,-0.08580120876279318,-0.09240167715561177
9.914375255159902,9.911532640250988,-0.08562474484009802,-0.08846735974901222
9.914552724000714,9.918612313847737,-0.08544727599928653,-0.08138768615226316
9.914731195676813,9.892718392613396,-0.08526880432318724,-0.10728160738660451
9.914910668093603,9.92138565086319,-0.0850893319063981,-0.0786143491368106
9.915091139144737,9.927090823330884,-0.0849088608552622,-0.07290917666911648
9.915272606712158,9.894793812915351,-0.08472739328784272,-0.10520618708464934
9.915455068666102,9.932221578739735,-0.08454493133389848,-0.06777842126026451
9.915638522865141,9.929365974950022,-0.08436147713485852,-0.07063402504997768
9.915822967156203,9.931347417681616,-0.08417703284379735,-0.06865258231838368
9.91600839937459,9.916011210300637,-0.08399160062540936,-0.08398878969936412
9.916194817344017,9.906987241030626,-0.08380518265598358,-0.09301275896937404
9.916382218876622,9.891420442100364,-0.08361778112337825,-0.10857955789963593
9.916570601773005,9.885138737961796,-0.08342939822699479,-0.11486126203820336
9.916759963822248,9.912878885192647,-0.0832400361777524,-0.08712111480735255
9.916950302801938,9.904626789003247,-0.08304969719806177,-0.09537321099675253
9.917141616478201,9.920876492903618,-0.0828583835217993,-0.07912350709638115
9.91733390260572,9.915611097727247,-0.08266609739428052,-0.08438890227275361
9.917527158927767,9.930463643258742,-0.08247284107223417,-0.06953635674125752
9.917721383176225,9.930694386082516,-0.08227861682377532,-0.06930561391748312
9.91791657307162,9.897086620590951,-0.08208342692837894,-0.10291337940904935
9.918112726323146,9.934591691528798,-0.08188727367685326,-0.06540830847120242
9.918309840628687,9.91234830299967,-0.08169015937131256,-0.08765169700033133
9.91850791367485,9.934819331273474,-0.08149208632515052,-0.0651806687265262
9.918706943136987,9.90703764414973,-0.08129305686301273,-0.09296235585027024
9.918906926679231,9.957298123989911,-0.08109307332076975,-0.042701876010089165
9.91910786195451,9.949657189304185,-0.0808921380454893,-0.05034281069581571
9.919309746604592,9.93278272543285,-0.08069025339540915,-0.06721727456715115
9.919512578260091,9.915519462302,-0.08048742173990904,-0.08448053769799826
9.919716354540517,9.933900877356002,-0.0802836454594832,-0.06609912264399828
9.919921073054288,9.932865377804944,-0.08007892694571217,-0.06713462219505491
9.920126731398765,9.907119468764051,-0.0798732686012348,-0.09288053123594803
9.92033332716028,9.943356391119387,-0.07966667283972023,-0.0566436088806125
9.92054085791416,9.909437694765371,-0.07945914208583921,-0.09056230523462869
9.920749321224765,9.93318588668515,-0.07925067877523606,-0.06681411331484911
9.9209587146455,9.905430476272809,-0.07904128535449968,-0.09456952372719171
9.921169035718865,9.920019677789268,-0.07883096428113519,-0.0799803222107323
9.921380281976464,9.913003782775263,-0.07861971802353473,-0.08699621722473648
9.921592450939052,9.913407744269085,-0.07840754906094895,-0.0865922557309154
9.921805540116543,9.940481480191938,-0.07819445988345734,-0.05951851980806125
9.92201954700806,9.89566585480774,-0.07798045299193959,-0.10433414519225985
9.922234469101955,9.949860681090026,-0.07776553089804579,-0.050139318909973675
9.922450303875832,9.920328851345664,-0.07754969612416712,-0.07967114865433601
9.922667048796594,9.947087161750995,-0.0773329512034064,-0.05291283824900478
9.922884701320452,9.912021708085938,-0.07711529867954803,-0.08797829191406159
9.923103258892972,9.91059998670956,-0.07689674110702849,-0.089400013290441
9.923322718949095,9.930788180434734,-0.07667728105090599,-0.06921181956526654
9.92354307891317,9.922754086098504,-0.07645692108683078,-0.07724591390149613
9.923764336198985,9.904659141992415,-0.07623566380101451,-0.09534085800758513
9.923986488209799,9.94752852095302,-0.07601351179020024,-0.05247147904698039
9.924209532338368,9.910915131917273,-0.07579046766163162,-0.08908486808272671
9.924433465966978,9.898316519116166,-0.07556653403302266,-0.10168348088383349
9.924658286467473,9.921599251336893,-0.07534171353252667,-0.07840074866310598
9.924883991201295,9.970697445265012,-0.07511600879870553,-0.02930255473498769
9.9251105775195,9.946425318984387,-0.07488942248049894,-0.05357468101561278
9.925338042762807,9.918516171165644,-0.07466195723719292,-0.08148382883435637
9.92556638426161,9.931531840635612,-0.07443361573838905,-0.068468159364387
9.925795599336027,9.893369508173771,-0.07420440066397266,-0.10663049182622894
9.926025685295919,9.9428608593102,-0.07397431470408188,-0.057139140689800375
9.926256639440924,9.937610099629573,-0.07374336055907559,-0.06238990037042741
9.926488459060497,9.896663680998715,-0.07351154093950217,-0.10333631900128509
9.926721141433934,9.91946870918434,-0.07327885856606728,-0.0805312908156604
9.926954683830397,9.934783949686155,-0.07304531616960229,-0.06521605031384489
9.927189083508969,9.93751145503112,-0.07281091649103193,-0.06248854496888126
9.927424337718659,9.927682182961247,-0.07257566228134227,-0.07231781703875334
9.927660443698452,9.937091452387422,-0.07233955630154855,-0.06290854761257691
9.927897398677338,9.926811982540345,-0.07210260132266244,-0.0731880174596552
9.92813519987434,9.930652213721078,-0.07186480012565996,-0.06934778627892116
9.928373844498552,9.883923160435229,-0.07162615550144834,-0.11607683956477066
9.928613329749167,9.933943607334838,-0.07138667025083377,-0.06605639266516315
9.928853652815512,9.921224660346555,-0.07114634718448809,-0.07877533965344512
9.929094810877084,9.926647671199802,-0.0709051891229162,-0.07335232880019706
9.929336801103577,9.919707042551352,-0.07066319889642257,-0.08029295744864892
9.929579620654922,9.947228946710387,-0.07042037934507828,-0.05277105328961232
9.929823266681312,9.93420834545608,-0.0701767333186877,-0.06579165454391975
9.930067736323245,9.915560778063682,-0.0699322636767548,-0.08443922193631838
9.93031302671155,9.984120528397234,-0.06968697328844999,-0.01587947160276522
9.930559134967424,9.939654029336092,-0.06944086503257589,-0.060345970663907615
9.930806058202466,9.961812291058662,-0.0691939417975342,-0.038187708941338966
9.931053793518709,9.94199278512372,-0.06894620648129118,-0.05800721487628083
9.931302338008656,9.942469362831302,-0.06869766199134418,-0.05753063716869758
9.931551688755313,9.918886140095827,-0.06844831124468696,-0.08111385990417327
9.931801842832224,9.938705414640783,-0.0681981571677761,-0.06129458535921812
9.932052797303504,9.92672369680352,-0.06794720269649601,-0.07327630319647935
9.932304549223876,9.927542822189718,-0.06769545077612488,-0.07245717781028276
9.9325570956387,9.936681461178944,-0.06744290436130011,-0.06331853882105619
9.932810433584017,9.937006632137237,-0.06718956641598334,-0.0629933678627638
9.933064560086574,9.951841330238857,-0.06693543991342606,-0.0481586697611438
9.933319472163866,9.945292553665551,-0.06668052783613426,-0.05470744633444851
9.933575166824166,9.961722931132805,-0.06642483317583396,-0.03827706886719568
9.933831641066565,9.895477174369649,-0.06616835893343553,-0.1045228256303505
9.934088891881,9.964317974402077,-0.06591110811899903,-0.03568202559792346
9.934346916248302,9.915192831870081,-0.06565308375169832,-0.08480716812991772
9.934605711140215,9.930254218723462,-0.0653942888597862,-0.06974578127653745
9.934865273519442,9.922181385323173,-0.06513472648055836,-0.07781861467682752
9.935125600339681,9.916139973241638,-0.06487439966031798,-0.08386002675836168
9.935386688545659,9.94243748858607,-0.06461331145434013,-0.05756251141393069
9.935648535073165,9.932746003798524,-0.06435146492683551,-0.06725399620147618
9.935911136849086,9.91145441624723,-0.0640888631509149,-0.08854558375277119
9.936174490791448,9.922509052081304,-0.06382550920855272,-0.07749094791869517
9.936438593809449,9.952260872499696,-0.06356140619055127,-0.04773912750030394
9.936703442803497,9.942009336278833,-0.063296557196504,-0.05799066372116747
9.93696903466524,9.940196455863408,-0.06303096533475955,-0.05980354413659236
9.937235366277616,9.924478121884945,-0.0627646337223849,-0.0755218781150544
9.93750243451487,9.953354953206558,-0.062497565485129206,-0.046645046793442405
9.937770236242613,9.932333108862888,-0.06222976375738666,-0.06766689113711138
9.93803876831784,9.939035996315944,-0.061961231682159945,-0.060964003684056085
9.938308027588976,9.958035056549198,-0.061691972411023525,-0.04196494345080248
9.938578010895913,9.909170604448011,-0.061421989104086167,-0.09082939555198799
9.938848715070046,9.939499267929474,-0.06115128492995442,-0.060500732070525566
9.939120136934305,9.93867700869638,-0.0608798630656949,-0.061322991303618846
9.939392273303202,9.953465817388881,-0.06060772669679751,-0.04653418261111819
9.939665120982863,9.950492759795935,-0.06033487901713752,-0.04950724020406443
9.939938676771062,9.92598420225633,-0.060061323228938646,-0.07401579774366972
9.940212937457265,9.936379155805351,-0.05978706254273496,-0.0636208441946484
9.940487899822667,9.906752156565432,-0.05951210017733344,-0.09324784343456793
9.940763560640224,9.940210302617128,-0.059236439359776405,-0.05978969738287093
9.941039916674697,9.91340980066896,-0.05896008332530313,-0.08659019933103988
9.941316964682688,9.955639170847535,-0.05868303531731244,-0.04436082915246549
9.941594701412676,9.89810994038539,-0.05840529858732411,-0.10189005961460947
9.941873123605058,9.947643359730847,-0.05812687639494122,-0.052356640269152876
9.942152227992189,9.95018454015446,-0.05784777200781141,-0.04981545984554083
9.942432011298411,9.954594783598283,-0.057567988701588996,-0.045405216401716936
9.942712470240103,9.9421524261755,-0.05728752975989604,-0.05784757382449896
9.942993601525716,9.911267702446784,-0.057006398474284375,-0.08873229755321557
9.943275401855804,9.937696164309353,-0.056724598144196385,-0.0623038356906479
9.943557867923074,9.94300773423741,-0.05644213207692664,-0.05699226576259065
9.943840996412417,9.881026327305287,-0.05615900358758317,-0.11897367269471301
9.944124784000952,9.906985954507542,-0.05587521599904813,-0.0930140454924577
9.944409227358062,9.959182910355455,-0.055590772641939325,-0.040817089644544356
9.944694323145429,9.930369659124928,-0.05530567685457061,-0.06963034087507257
9.944980068017086,9.934702633762074,-0.05501993198291321,-0.06529736623792581
9.945266458619445,9.95773054412511,-0.05473354138055595,-0.04226945587489094
9.945553491591333,9.967785084247344,-0.05444650840866641,-0.03221491575265649
9.94584116356405,9.926124626303782,-0.05415883643595091,-0.07387537369621772
9.946129471161385,9.960506420668864,-0.05387052883861563,-0.03949357933113698
9.946418410999673,9.94328421233642,-0.05358158900032635,-0.056715787663580125
9.946707979687831,9.961273014647846,-0.053292020312169064,-0.03872698535215383
9.94699817382739,9.953496282124856,-0.05300182617261034,-0.04650371787514429
9.947288990012543,9.957184475774744,-0.05271100998745694,-0.042815524225255364
9.947580424830184,9.943405205114024,-0.05241957516981645,-0.05659479488597621
9.947872474859944,9.913949383433717,-0.05212752514005661,-0.08605061656628274
9.948165136674234,9.952601851449623,-0.051834863325765784,-0.04739814855037694
9.948458406838288,9.966982500288903,-0.05154159316171211,-0.03301749971109722
9.948752281910195,9.920648040240446,-0.05124771808980382,-0.07935195975955403
9.949046758440952,9.931903454019022,-0.05095324155904823,-0.06809654598097807
9.949341832974488,9.934757100230582,-0.05065816702551185,-0.06524289976941815
9.94963750204772,9.937435364605694,-0.050362497952279296,-0.06256463539430662
9.949933762190588,9.962356784014602,-0.05006623780941293,-0.03764321598539716
9.950230609926088,9.976662447639125,-0.04976939007391226,-0.023337552360874602
9.950528041770328,9.944252527521448,-0.04947195822967268,-0.05574747247855223
9.950826054232556,9.968439619300677,-0.04917394576744519,-0.03156038069932389
9.951124643815206,9.922560942175407,-0.04887535618479474,-0.07743905782459343
9.95142380701394,9.977716620648485,-0.04857619298605989,-0.02228337935151608
9.951723540317689,9.959676374423601,-0.04827645968231102,-0.040323625576398285
9.95202384020869,9.91528526878518,-0.047976159791309744,-0.08471473121482093
9.952324703162533,9.967128964044658,-0.04767529683746699,-0.03287103595534227
9.952626125648198,9.935948509131446,-0.04737387435180229,-0.06405149086855327
9.952928104128098,9.935087424773695,-0.04707189587190178,-0.06491257522630615
9.953230635058123,9.962786493785364,-0.04676936494187691,-0.037213506214635074
9.953533714887676,9.97256382840929,-0.04646628511232308,-0.027436171590709862
9.953837340059723,9.9446592691425,-0.046162659940277434,-0.05534073085750049
9.954141507010823,9.951463587666016,-0.04585849298917774,-0.04853641233398452
9.95444621217118,9.957398536854091,-0.04555378782881994,-0.04260146314590811
9.954751451964682,9.998769422527198,-0.04524854803531686,-0.0012305774728018568
9.955057222808945,9.947310206070194,-0.04494277719105565,-0.05268979392980678
9.955363521115343,9.968530597626973,-0.04463647888465633,-0.031469402373025986
9.955670343289071,9.939467815310849,-0.04432965671092916,-0.060532184689151294
9.955977685729167,9.945503620624885,-0.04402231427083265,-0.054496379375114694
9.95628554482857,9.932667997381637,-0.04371445517143155,-0.06733200261836275
9.956593916974146,9.939364648727642,-0.04340608302585399,-0.06063535127235831
9.95690279854675,9.9601158127129,-0.04309720145324965,-0.03988418728710091
9.957212185921254,9.982649478906287,-0.042787814078746704,-0.017350521093712483
9.95752207546659,9.941814552884473,-0.042477924533409886,-0.058185447115527374
9.957832463545802,9.956617375435627,-0.04216753645419724,-0.04338262456437288
9.958143346516081,9.95967511953771,-0.041856653483918066,-0.04032488046228972
9.95845472072881,9.986449747248159,-0.04154527927118956,-0.013550252751841602
9.958766582529606,9.955727374678228,-0.041233417470394586,-0.04427262532177225
9.959078928258362,9.981014231078568,-0.04092107174163826,-0.018985768921431313
9.959391754249294,9.923131662921023,-0.04060824575070523,-0.0768683370789776
9.959705056830984,9.94607020159825,-0.04029494316901686,-0.05392979840175097
9.960018832326412,9.920918922837574,-0.03998116767358765,-0.0790810771624268
9.960333077053017,9.953001792871532,-0.03966692294698265,-0.046998207128467855
9.960647787322726,9.965219464262482,-0.03935221267727364,-0.03478053573751715
9.960962959442003,9.952929490637022,-0.03903704055799648,-0.04707050936297846
9.961278589711894,9.953624064528503,-0.03872141028810709,-0.04637593547149774
9.961594674428062,9.985337625950203,-0.03840532557193876,-0.014662374049796954
9.961911209880842,9.981953854050607,-0.03808879011915792,-0.018046145949393494
9.962228192355278,9.965446249576614,-0.037771807644721336,-0.03455375042338683
9.962545618131168,9.981489705685766,-0.037454381868831925,-0.01851029431423489
9.962863483483105,9.98010105501981,-0.03713651651689529,-0.01989894498018925
9.963181784680524,9.972680774310488,-0.036818215319476315,-0.027319225689512644
9.963500517987745,9.962470084445524,-0.03649948201225473,-0.03752991555447553
9.963819679664018,9.92723667813815,-0.03618032033598201,-0.07276332186184892
9.964139265963563,9.985860059175316,-0.03586073403643674,-0.014139940824684758
9.964459273135619,9.940623561835906,-0.03554072686438135,-0.059376438164094325
9.964779697424483,9.978883992434715,-0.03522030257551744,-0.0211160075652842
9.965100535069558,9.980031271867205,-0.03489946493044233,-0.01996872813279465
9.965421782305397,9.958728395165158,-0.034578217694604306,-0.041271604834841345
9.965743435361741,9.975120885057253,-0.03425656463825905,-0.024879114942746333
9.966065490463576,9.951197310759333,-0.03393450953642484,-0.0488026892406657
9.966387943831162,9.946799412932032,-0.033612056168838465,-0.05320058706796786
9.96671079168009,9.950633012104367,-0.033289208319911154,-0.04936698789563314
9.967034030221317,9.951571746166767,-0.03296596977868354,-0.048428253833233494
9.967357655661218,9.97842659238094,-0.03264234433878189,-0.02157340761906023
9.967681664201628,9.998219517125372,-0.03231833579837287,-0.0017804828746275335
9.96800605203988,9.984096446260939,-0.0319939479601197,-0.01590355373906079
9.968330815368864,10.000257963877244,-0.0316691846311368,0.0002579638772438955
9.968655950377054,9.934448423511666,-0.03134404962294579,-0.06555157648833343
9.96898145324857,9.969476861492439,-0.031018546751430204,-0.03052313850756194
9.969307320163209,10.03765615685942,-0.03069267983679091,0.03765615685942038
9.969633547296498,9.983020952355275,-0.030366452703501565,-0.016979047644725152
9.969960130819738,9.949952196808223,-0.030039869180263103,-0.05004780319177741
9.97028706690004,9.961345103518752,-0.029712933099959527,-0.03865489648124723
9.970614351700387,9.965597283809485,-0.0293856482996122,-0.03440271619051483
9.970941981379665,9.98609731693671,-0.02905801862033551,-0.013902683063289251
9.971269952092708,9.915866610792389,-0.028730047907291112,-0.08413338920761194
9.971598259990357,9.973067520669145,-0.02840174000964348,-0.026932479330855102
9.971926901219486,9.965641386741064,-0.028073098780514047,-0.034358613258936285
9.972255871923064,9.974910309896934,-0.027744128076936655,-0.025089690103065086
9.972585168240188,10.023186696688866,-0.027414831759811728,0.023186696688865763
9.97291478630614,9.9804847764936,-0.027085213693861174,-0.019515223506400146
9.973244722252417,9.972906692656615,-0.02675527774758329,-0.02709330734338582
9.973574972206793,9.997367494598304,-0.026425027793206792,-0.0026325054016964264
9.973905532293355,9.982189515595653,-0.02609446770664602,-0.01781048440434605
9.974236398632545,9.995466822840264,-0.025763601367454786,-0.004533177159736026
9.974567567341218,9.97559440106654,-0.025432432658781513,-0.024405598933460382
9.974899034532678,9.970294869117701,-0.02510096546732298,-0.029705130882298585
9.97523079631672,9.986618506644628,-0.02476920368327939,-0.013381493355371206
9.975562848799692,9.988960637441988,-0.024437151200308052,-0.011039362558011781
9.975895188084522,9.962400448587905,-0.02410481191547833,-0.037599551412094485
9.976227810270775,10.002584927176862,-0.02377218972922533,0.0025849271768627335
9.976560711454695,10.007437839856479,-0.02343928854530437,0.007437839856478216
9.976893887729254,9.999416389237867,-0.023106112270745438,-0.0005836107621323174
9.977227335184192,9.970553468837506,-0.022772664815806722,-0.029446531162494006
9.97756104990607,9.992690623088922,-0.022438950093929405,-0.00730937691107764
9.97789502797831,9.961108651169345,-0.022104972021691056,-0.03889134883065547
9.97822926548124,9.971051346109224,-0.021770734518760354,-0.028948653890776378
9.97856375849215,9.971687668031059,-0.021436241507850375,-0.028312331968941083
9.978898503085327,9.981028425413559,-0.021101496914673275,-0.018971574586441806
9.979233495332107,9.954326706978659,-0.020766504667893503,-0.045673293021341155
9.979568731300917,9.990542079238184,-0.0204312686990824,-0.009457920761816454
9.979904207057329,9.98261841508359,-0.020095792942671428,-0.01738158491641138
9.980239918664093,10.01133804103002,-0.019760081335906288,0.011338041030019733
9.9805758621812,9.963669393301545,-0.019424137818800945,-0.03633060669845479
9.98091203366591,9.972370377855912,-0.019087966334090777,-0.02762962214408777
9.981248429172814,9.99815949376303,-0.018751570827187022,-0.0018405062369698938
9.98158504475387,9.987781760501507,-0.018414955246129763,-0.012218239498493329
9.981921876458458,9.979480245175028,-0.018078123541542267,-0.02051975482497287
9.982258920333416,10.007431353948439,-0.017741079666583975,0.007431353948438253
9.982596172423095,10.017348236064041,-0.017403827576904753,0.01734823606404139
9.982933628769402,9.99875986705713,-0.017066371230597788,-0.0012401329428696761
9.983271285411845,10.005996031751865,-0.016728714588153847,0.0059960317518643474
9.983609138387585,9.970939934573911,-0.016390861612414168,-0.0290600654260883
9.983947183731475,10.004225021834408,-0.016052816268524207,0.004225021834408819
9.984285417476112,9.966990375786692,-0.01571458252388738,-0.03300962421330815
9.984623835651883,9.961765288124889,-0.015376164348117886,-0.038234711875110405
9.984962434287006,9.974131374549279,-0.015037565712994805,-0.025868625450721973
9.985301209407584,9.986214459425547,-0.014698790592414801,-0.013785540574452807
9.985640157037654,9.966748571721814,-0.014359842962346173,-0.03325142827818593
9.985979273199218,9.983867939453198,-0.014020726800781489,-0.016132060546802707
9.986318553912309,9.975668168494435,-0.01368144608769161,-0.02433183150556425
9.986657995195023,10.002082791548755,-0.013342004804978361,0.00208279154875453
9.986997593063572,10.003951553598212,-0.013002406936428054,0.0039515535982110085
9.987337343532335,9.989349635127208,-0.012662656467665016,-0.010650364872791168
9.987677242613897,10.005112181940559,-0.01232275738610417,0.0051121819405597554
9.988017286319096,9.981184565685009,-0.011982713680904967,-0.018815434314991896
9.988357470657077,10.00139922256698,-0.01164252934292385,0.001399222566979266
9.988697791635332,9.979422342161277,-0.011302208364668123,-0.020577657838723215
9.989038245259751,9.981811751570241,-0.01096175474024839,-0.018188248429759732
9.989378827534667,9.992743010419005,-0.010621172465332382,-0.0072569895809946015
9.989719534462903,10.004667436548273,-0.010280465537097362,0.004667436548272515
9.990060362045815,10.028302455399176,-0.00993963795418391,0.02830245539917633
9.990401306283351,10.00918316530071,-0.009598693716648387,0.009183165300709862
9.990742363174084,9.991411225477616,-0.009257636825916243,-0.008588774522383512
9.991083528715265,9.994400051916877,-0.008916471284735331,-0.0055999480831228545
9.991424798902871,9.993725529774759,-0.008575201097128301,-0.006274470225240824
9.991766169731653,9.963050301185556,-0.00823383026834632,-0.03694969881444411
9.99210763719518,9.97642948569621,-0.007892362804821355,-0.02357051430379027
9.99244919728588,10.015705326484875,-0.007550802714119867,0.015705326484874816
9.992790845995104,9.978823183336214,-0.007209154004895059,-0.021176816663786544
9.99313257931316,9.999459509907803,-0.006867420686840544,-0.0005404900921962622
9.993474393229357,9.963573661863958,-0.006525606770642574,-0.03642633813604251
9.993816283732066,9.96727642615407,-0.006183716267933683,-0.0327235738459302
9.994158246808755,9.994833144307927,-0.005841753191244978,-0.005166855692072526
9.99450027844604,9.95878839120813,-0.005499721553959319,-0.041211608791870115
9.994842374629735,9.992794080435225,-0.00515762537026448,-0.007205919564775488
9.995184531344895,10.014561411001182,-0.004815468655105416,0.014561411001182871
9.995526744575862,10.003795655993777,-0.004473255424137851,0.0037956559937775006
9.99586901030632,9.962480462940626,-0.004130989693680444,-0.037519537059374886
9.996211324519331,9.977988348990525,-0.003788675480668356,-0.022011651009474657
9.996553683197394,10.027728612631563,-0.003446316802605401,0.02772861263156259
9.996896082322483,10.010772815914528,-0.003103917677517603,0.010772815914528115
9.997238517876095,9.992639306999484,-0.002761482123905329,-0.007360693000515915
9.997580985839303,10.002336130961337,-0.002419014160696838,0.0023361309613365885
9.9979234821928,10.023258982857081,-0.002076517807200491,0.023258982857081438
9.998266002916942,9.94401857236157,-0.0017339970830578461,-0.05598142763843085
9.998608543991804,9.976154126405925,-0.0013914560081967498,-0.023845873594074807
9.998951101397216,9.99049771553943,-0.0010488986027835355,-0.009502284460570918
9.999293671112824,9.992448773878273,-0.0007063288871765512,-0.007551226121726708
9.999636249118122,10.031755930377436,-0.00036375088187826684,0.03175593037743573
9.99997883139251,9.98990895449683,-2.1168607488797664e-05,-0.010091045503169993
10.000321413915342,10.026890637005824,0.0003214139153419931,0.02689063700582311
10.000663992665961,10.008753410367728,0.0006639926659609711,0.00875341036772844
10.00100656362376,9.99830370270012,0.0010065636237595401,-0.0016962972998797075
10.00134912276822,9.992124563768279,0.0013491227682205632,-0.007875436231721626
10.001691666078965,9.995494233245612,0.0016916660789652817,-0.0045057667543885824
10.0020341895358,10.04029968017987,0.002034189535801121,0.040299680179871275
10.002376689118767,10.016885912441893,0.0023766891187681637,0.016885912441892536
10.002719160808187,9.974932047554576,0.0027191608081870385,-0.025067952445424677
10.003061600584706,10.034157900977059,0.0030616005847053855,0.034157900977058946
10.003404004429346,10.031726630811434,0.003404004429345739,0.03172663081143434
10.003746368323553,10.029013785880068,0.003746368323551988,0.029013785880068334
10.004088688249237,9.984236791289378,0.004088688249237245,-0.015763208710621403
10.00443096018883,9.984148069171889,0.004430960188830295,-0.015851930828111045
10.004773180125323,10.010804726872639,0.004773180125323371,0.01080472687263892
10.005115344042318,10.0121066794815,0.005115344042319028,0.012106679481499655
10.005457447924076,10.026586336101843,0.005457447924077017,0.026586336101844018
10.005799487755562,9.995323295506434,0.005799487755562036,-0.004676704493565183
10.00614145952249,9.959565361250178,0.006141459522490145,-0.04043463874982301
10.006483359211376,9.987299486566775,0.006483359211376579,-0.012700513433224833
10.006825182809582,9.970385858582494,0.006825182809582154,-0.0296141414175053
10.007166926305361,10.020944420710286,0.007166926305361057,0.020944420710286803
10.007508585687907,10.018107522809851,0.007508585687907236,0.018107522809850684
10.007850156947402,9.991983031755964,0.007850156947402166,-0.008016968244036375
10.008191636075061,10.033386073745454,0.008191636075061208,0.033386073745454735
10.008533019063181,9.991550338336888,0.008533019063181274,-0.00844966166311172
10.008874301905188,10.01748394498489,0.008874301905187605,0.01748394498489084
10.00921548059568,9.976789832682288,0.009215480595680512,-0.02321016731771256
10.009556551130483,9.99668050314544,0.009556551130483025,-0.0033194968545607224
10.009897509506688,10.031680455582269,0.009897509506687161,0.03168045558226912
10.010238351722702,9.984425454938622,0.01023835172270162,-0.015574545061379015
10.010579073778299,10.020526791299783,0.010579073778298038,0.020526791299782958
10.010919671674658,10.015367982965765,0.01091967167465865,0.015367982965764658
10.011260141414423,9.995300792286303,0.011260141414422503,-0.004699207713697499
10.011600479001734,10.009351849326373,0.011600479001733081,0.009351849326373852
10.011940680442285,10.027071057174439,0.0119406804422845,0.027071057174438005
10.01228074174337,9.997794952160952,0.012280741743368998,-0.0022050478390474824
10.012620658913924,10.004681240831127,0.012620658913923536,0.0046812408311280845
10.012960427964577,10.01076998753415,0.012960427964576367,0.01076998753415005
10.013300044907695,10.00908067749986,0.013300044907694479,0.009080677499860142
10.01363950575743,10.01247275303144,0.013639505757429683,0.012472753031439812
10.013978806529765,10.027496951369821,0.01397880652976611,0.027496951369822217
10.014317943242567,10.031272462563544,0.014317943242566248,0.03127246256354367
10.014656911915619,10.030987029505622,0.014656911915618399,0.030987029505621738
10.014995708570682,10.030215854361185,0.014995708570682668,0.030215854361184236
10.015334329231539,10.011669905053264,0.015334329231538374,0.01166990505326371
10.01567276992403,10.024539543284599,0.01567276992403001,0.02453954328459836
10.016011026676114,10.027542004213519,0.01601102667611448,0.02754200421351809
10.016349095517908,9.999451079460417,0.016349095517907492,-0.0005489205395821407
10.01668697248173,10.030667089168483,0.01668697248172984,0.03066708916848337
10.017024653602155,9.999169488848903,0.01702465360215463,-0.0008305111510973559
10.017362134916054,10.038913461893825,0.017362134916053075,0.03891346189382598
10.017699412462642,10.009313051997738,0.01769941246264174,0.009313051997738905
10.018036482283529,10.005974030114333,0.018036482283528305,0.005974030114332646
10.018373340422759,9.997877021237695,0.018373340422758747,-0.0021229787623047655
10.018709982926863,10.008852298105866,0.018709982926863048,0.008852298105866529
10.019046405844902,10.020309814633798,0.019046405844902203,0.020309814633798023
10.019382605228515,10.03640826769705,0.019382605228514344,0.03640826769704926
10.019718577131961,10.009075497187967,0.019718577131960815,0.009075497187965872
10.020054317612173,10.02248022397059,0.020054317612173068,0.022480223970589373
10.020389822728799,10.013695748810864,0.02038982272879828,0.013695748810864732
10.020725088544246,10.043637864669863,0.020725088544246262,0.04363786466986371
10.021060111123735,10.000735209612614,0.021060111123734987,0.0007352096126137346
10.021394886535337,10.055557846087774,0.021394886535337485,0.05555784608777394
10.021729410850027,10.014317935122891,0.02172941085002725,0.014317935122891007
10.022063680141725,10.030853368349307,0.022063680141725096,0.03085336834930668
10.022397690487345,10.001370776820782,0.02239769048734451,0.0013707768207817939
10.022731437966838,9.99216369944162,0.022731437966838297,-0.00783630055837976
10.023064918663245,10.033829592225763,0.02306491866324436,0.03382959222576195
10.02339812866273,10.051980583785234,0.023398128662731374,0.0519805837852331
10.023731064054646,10.037877522424663,0.02373106405464535,0.03787752242466284
10.024063720931554,10.015585211380106,0.02406372093155483,0.015585211380106623
10.024396095389298,10.022022069134863,0.024396095389297434,0.02202206913486292
10.024728183527024,10.050824279223637,0.024728183527024994,0.050824279223636776
10.02505998144725,10.033501428998221,0.02505998144725004,0.03350142899822173
10.025391485255891,10.034331403745652,0.025391485255890817,0.034331403745651703
10.025722691062319,10.024318411244943,0.025722691062317723,0.024318411244942387
10.026053594979398,10.034768363485268,0.02605359497939822,0.03476836348526755
10.026384193123544,10.028212903841974,0.026384193123543138,0.028212903841974484
10.026714481614752,10.004371867181554,0.026714481614751918,0.004371867181553257
10.027044456576657,10.067091730061563,0.027044456576657938,0.06709173006156294
10.027374114136574,10.049553763027017,0.02737411413657459,0.049553763027016376
10.02770345042554,10.04626350012243,0.027703450425540052,0.04626350012243097
10.028032461578363,10.054574268817662,0.028032461578363383,0.054574268817661316
10.028361143733669,10.023898828713104,0.028361143733669186,0.02389882871310412
10.028689493033944,9.991852976132398,0.028689493033943633,-0.008147023867602406
10.029017505625578,10.033495198794162,0.029017505625579032,0.0334951987941627
10.02934517765892,10.047229991215156,0.02934517765891976,0.04722999121515557
10.029672505288307,10.04915396377861,0.029672505288306734,0.04915396377860991
10.029999484672123,10.042898639203239,0.02999948467212317,0.04289863920323858
10.030326111972839,10.029519906327028,0.03032611197283938,0.02951990632702845
10.030652383357058,10.043778700533776,0.030652383357057607,0.043778700533776665
10.030978294995558,9.994642209066244,0.03097829499555755,-0.005357790933755761
10.031303843063341,10.001987956486133,0.03130384306334067,0.001987956486133334
10.031629023739676,10.01748209613576,0.031629023739675736,0.017482096135759535
10.031953833208142,10.058624268897422,0.031953833208143,0.05862426889742091
10.032278267656679,10.006885846573208,0.032278267656679654,0.006885846573208357
10.032602323277624,10.049747486706547,0.032602323277623926,0.04974748670654766
10.03292599626776,10.035306056006943,0.03292599626776029,0.035306056006944087
10.033249282828365,10.031656764661452,0.033249282828363924,0.031656764661451696
10.033572179165246,10.060284596984484,0.03357217916524501,0.06028459698448483
10.033894681488794,10.002043118694663,0.033894681488793835,0.0020431186946632193
10.034216786014024,10.042214290537459,0.03421678601402461,0.04221429053745829
10.03453848896062,10.042701660044301,0.03453848896062057,0.04270166004430117
10.034859786552978,10.027245327492572,0.03485978655297767,0.0272453274925724
10.03518067502025,10.03384607193572,0.03518067502024956,0.033846071935719355
10.03550115059639,10.051988535608267,0.03550115059639116,0.051988535608267286
10.035821209520204,10.051622325290056,0.03582120952020355,0.051622325290056864
10.036140848035377,10.029403170386317,0.036140848035377426,0.029403170386316537
10.036460062390537,10.006037714386897,0.036460062390537805,0.006037714386897139
10.036778848839289,10.044323590522671,0.03677884883928774,0.044323590522670424
10.037097203640252,10.032015478485501,0.03709720364025209,0.03201547848550137
10.037415123057121,10.010104403506356,0.037415123057121996,0.010104403506354775
10.037732603358698,10.077268115228062,0.037732603358698075,0.07726811522806115
10.038049640818935,10.052518848770243,0.03804964081893485,0.05251884877024218
10.038366231716983,10.042206442708245,0.038366231716983855,0.0422064427082448
10.038682372337238,10.001941721012534,0.038682372337237925,0.0019417210125329265
10.038998058969375,10.051537588524218,0.038998058969374166,0.05153758852421798
10.039313287908397,10.0329224668506,0.03931328790839817,0.03292246685059966
10.039628055454687,10.083901362910966,0.03962805545468682,0.08390136291096688
10.039942357914033,10.034184900064991,0.03994235791403228,0.034184900064991815
10.040256191597685,10.036024700531287,0.04025619159768511,0.03602470053128802
10.040569552822397,10.035953253221292,0.04056955282239736,0.03595325322129169
10.040882437910467,10.03144804940548,0.04088243791046629,0.03144804940547961
10.041194843189777,10.033073638140605,0.04119484318977693,0.03307363814060565
10.041506764993846,10.031333801533869,0.04150676499384583,0.03133380153386862
10.041818199661863,10.052313943116221,0.0418181996618634,0.052313943116221576
10.042129143538737,10.044497690221107,0.04212914353873756,0.04449769022110622
10.042439592975136,10.068752616326957,0.04243959297513602,0.06875261632695823
10.04274954432753,10.072609582981755,0.04274954432752966,0.07260958298175585
10.043058993958235,10.058065865626572,0.04305899395823473,0.058065865626571705
10.043367938235455,10.061000483828739,0.0433679382354561,0.061000483828739585
10.04367637353333,10.042644128525817,0.043676373533329586,0.0426441285258165
10.043984296231965,10.059961114982508,0.043984296231964315,0.0599611149825078
10.044291702717485,10.030475032918273,0.04429170271748576,0.03047503291827262
10.044598589382078,10.032246628030856,0.0445985893820775,0.03224662803085693
10.044904952624025,10.076087545194186,0.04490495262402423,0.0760875451941868
10.045210788847754,10.02245491562543,0.04521078884775335,0.022454915625429773
10.045516094463878,10.055573195259596,0.04551609446387783,0.05557319525959524
10.045820865889239,10.072003022219267,0.0458208658892377,0.07200302221926673
10.046125099546943,10.04075936297806,0.046125099546942744,0.04075936297806015
10.046428791866413,10.067286022757719,0.0464287918664138,0.06728602275771794
10.046731939283426,10.068282154331357,0.046731939283425304,0.06828215433135602
10.047034538240148,10.052888222413744,0.04703453824014678,0.05288822241374345
10.047336585185185,10.052128420728572,0.04733658518518446,0.05212842072857213
10.047638076573623,10.024504020376854,0.04763807657362343,0.0245040203768534
10.047939008867068,10.05767611175265,0.04793900886706866,0.05767611175265086
10.048239378533687,10.048711421198847,0.048239378533687156,0.048711421198847644
10.048539182048248,10.05879959251117,0.04853918204824875,0.058799592511170215
10.048838415892169,10.029177984531108,0.048838415892168134,0.029177984531107815
10.049137076553546,10.05389649336636,0.049137076553545496,0.05389649336635854
10.049435160527208,10.047340941139396,0.04943516052720834,0.04734094113939634
10.049732664314753,10.082854072972623,0.049732664314752296,0.08285407297262327
10.050029584424582,10.07186027294114,0.050029584424582066,0.0718602729411407
10.050325917371953,10.053401929009974,0.05032591737195285,0.053401929009974515
10.050621659679011,10.039691136456913,0.05062165967901064,0.03969113645691272
10.050916807874835,10.073525624735883,0.05091680787483369,0.0735256247358823
10.051211358495472,10.078844573642735,0.05121135849547264,0.07884457364273591
10.051505308083991,10.075128421605271,0.05150530808399171,0.07512842160527156
10.05179865319051,10.043601187557147,0.05179865319050876,0.04360118755714798
10.052091390372237,10.069174510820329,0.052091390372236306,0.06917451082032781
10.05238351619352,10.06044409105903,0.05238351619352136,0.060444091059029856
10.052675027225886,10.051319511721399,0.05267502722588629,0.051319511721399036
10.052965920048068,10.01791983977195,0.052965920048068785,0.01791983977195146
10.053256191246062,10.047383845873652,0.05325619124606184,0.04738384587365185
10.053545837413154,10.083336167891376,0.0535458374131543,0.0833361678913758
10.05383485514997,10.069576483878583,0.05383485514997027,0.06957648387858303
10.05412324106451,10.061951789002832,0.05412324106450962,0.06195178900283093
10.054410991772187,10.045095140747499,0.05441099177218716,0.04509514074749811
10.054698103895873,10.038304030140118,0.05469810389587298,0.03830403014011821
10.054984574065932,10.049786860485334,0.05498457406593149,0.04978686048533364
10.055270398920262,10.061733396754878,0.05527039892026159,0.061733396754877275
10.055555575104336,10.005675093157933,0.055555575104335446,0.005675093157932298
10.055840099271238,10.051988586891323,0.0558400992712385,0.05198858689132236
10.056123968081708,10.030809366618614,0.05612396808170842,0.030809366618613335
10.056407178204173,10.097224705582533,0.05640717820417415,0.09722470558253335
10.056689726314795,10.037427681314313,0.05668972631479546,0.03742768131431344
10.056971609097502,10.034862576802603,0.056971609097501444,0.03486257680260166
10.05725282324403,10.045226052054737,0.057252823244029916,0.04522605205473751
10.057533365453965,10.093067338934143,0.05753336545396577,0.09306733893414254
10.05781323243478,10.111263582073041,0.05781323243478023,0.11126358207304167
10.058092420901868,10.071855029965993,0.058092420901868905,0.07185502996599308
10.058370927578592,10.025712706975252,0.05837092757859097,0.025712706975251257
10.058648749196307,10.05576059625309,0.058648749196306985,0.0557605962530907
10.058925882494417,10.064194951973914,0.0589258824944178,0.06419495197391445
10.059202324220403,10.055755256374614,0.05920232422040257,0.05575525637461329
10.059478071129856,10.043544254907733,0.05947807112985679,0.043544254907733504
10.059753119986532,10.093531115532949,0.05975311998653076,0.09353111553294963
10.060027467562367,10.07705861501177,0.06002746756236709,0.07705861501177004
10.060301110637539,10.063476300607055,0.06030111063753912,0.06347630060705522
10.060574046000488,10.046831323902513,0.0605740460004881,0.04683132390251254
10.060846270447962,10.079487446361744,0.06084627044796157,0.07948744636174372
10.06111778078505,10.055085360125801,0.061117780785050216,0.055085360125801765
10.061388573825226,10.058545196010325,0.06138857382522603,0.058545196010324416
10.061658646390379,10.08225133119878,0.06165864639037936,0.08225133119878063
10.061927995310857,10.049029348568912,0.06192799531085609,0.04902934856891204
10.062196617425496,10.060353534385767,0.06219661742549531,0.0603535343857664
10.062464509581666,10.067832980679297,0.06246450958166581,0.06783298067929694
10.062731668635303,10.06803485185681,0.06273166863530369,0.06803485185680906
10.062998091450948,10.103333650999412,0.0629980914509487,0.1033336509994125
10.063263774901781,10.080330131740512,0.06326377490178157,0.08033013174051122
10.06352871586966,10.11566876753553,0.06352871586966015,0.11566876753552956
10.063792911245157,10.121176515054536,0.06379291124515661,0.12117651505453614
10.064056357927594,10.075007518946864,0.06405635792759329,0.07500751894686383
10.06431905282508,10.07763723804208,0.06431905282507969,0.07763723804207874
10.064580992854548,10.05026114058511,0.06458099285454842,0.05026114058511143
10.064842174941791,10.05474061727376,0.06484217494179133,0.05474061727375997
10.065102596021497,10.058626508624798,0.06510259602149586,0.058626508624798554
10.06536225303728,10.044213746811577,0.06536225303728074,0.04421374681157761
10.065621142941731,10.095140247914081,0.06562114294173214,0.09514024791408172
10.06587926269644,10.058366786848875,0.06587926269643911,0.058366786848874634
10.06613660927203,10.106213203087458,0.06613660927202956,0.10621320308745766
10.066393179648205,10.079782842522109,0.06639317964820553,0.07978284252210875
10.066648970813779,10.085537336406896,0.06664897081377895,0.08553733640689562
10.066903979766707,10.075579783859515,0.06690397976670656,0.07557978385951458
10.067158203514126,10.073564393126148,0.06715820351412562,0.07356439312614788
10.06741163907239,10.04878033119286,0.06741163907238874,0.04878033119286131
10.0676642834671,10.077397156832445,0.06766428346709881,0.07739715683244591
10.067916133733144,10.07448415193331,0.0679161337331443,0.07448415193330954
10.068167186914733,10.067330455627188,0.06816718691473356,0.06733045562718779
10.06841744006543,10.086498192890561,0.06841744006543002,0.08649819289056171
10.068666890248187,10.066408215739013,0.06866689024818626,0.06640821573901359
10.068915534535378,10.068278893328513,0.06891553453537899,0.06827889332851303
10.069163370008843,10.072976635016278,0.06916337000884291,0.07297663501627895
10.069410393759906,10.02803472029427,0.06941039375990546,0.02803472029426954
10.06965660288942,10.053639429398885,0.06965660288942042,0.05363942939888522
10.069901994507802,10.082705606256821,0.06990199450780246,0.08270560625682145
10.07014656573506,10.052284665913312,0.07014656573506077,0.05228466591331313
10.070390313700832,10.055651639039223,0.07039031370083271,0.055651639039222885
10.070633235544419,10.079783426472076,0.07063323554441796,0.07978342647207597
10.070875328414811,10.081103679011726,0.07087532841481153,0.08110367901172645
10.071116589470737,10.060710881630152,0.07111658947073785,0.0607108816301523
10.071357015880684,10.059732412129346,0.07135701588068342,0.059732412129345824
10.07159660482293,10.08257407977078,0.07159660482293072,0.0825740797707793
10.071835353485591,10.063594531020815,0.07183535348559075,0.06359453102081522
10.072073259066636,10.09089877138771,0.07207325906663652,0.09089877138771063
10.072310318773935,10.129808490204482,0.07231031877393543,0.12980849020448168
10.072546529825283,10.079506966033025,0.07254652982528255,0.07950696603302539
10.072781889448432,10.033691176007137,0.07278188944843302,0.0336911760071367
10.073016394881135,10.031491669248888,0.07301639488113439,0.03149166924888818
10.073250043371159,10.047777555459865,0.07325004337115952,0.047777555459864895
10.073482832176339,10.112331112057948,0.07348283217633837,0.11233111205794737
10.073714758564591,10.056191057246924,0.07371475856459063,0.05619105724692318
10.073945819813957,10.056589476118285,0.0739458198139574,0.05658947611828568
10.074176013212634,10.111355259828898,0.07417601321263348,0.11135525982889788
10.074405336058998,10.06417186544284,0.07440533605899884,0.06417186544283994
10.07463378566165,10.082948827512396,0.07463378566165069,0.08294882751239598
10.074861359339435,10.082544741579078,0.07486135933943489,0.08254474157907815
10.075088054421478,10.104427148777221,0.07508805442147722,0.10442714877722066
10.075313868247216,10.083223372341621,0.07531386824721521,0.08322337234162122
10.075538798166429,10.092808233361753,0.07553879816642882,0.09280823336175303
10.075762841539271,10.078181941004663,0.07576284153927203,0.0781819410046642
10.075985995736303,10.053961846399476,0.07598599573630338,0.05396184639947572
10.076208258138518,10.07451203647881,0.0762082581385173,0.07451203647880998
10.076429626137374,10.08427917810431,0.07642962613737432,0.0842791781043111
10.076650097134833,10.08146389449598,0.07665009713483224,0.08146389449597997
10.076869668543376,10.072812882995148,0.07686966854337607,0.07281288299514807
10.07708833778605,10.097131732312127,0.07708833778604886,0.09713173231212606
10.077306102296482,10.069174422271693,0.07730610229648176,0.06917442227169304
10.077522959518923,10.07018159229153,0.07752295951892395,0.07018159229152944
10.077738906908273,10.06844455657133,0.07773890690827305,0.06844455657133133
10.077953941930105,10.043217952993375,0.07795394193010453,0.04321795299337514
10.078168062060701,10.05816949700068,0.07816806206070194,0.05816949700067961
10.078381264787087,10.088981615252212,0.07838126478708599,0.08898161525221304
10.078593547607044,10.092128977398895,0.07859354760704458,0.09212897739889497
10.078804908029161,10.067746333852845,0.07880490802916172,0.06774633385284466
10.079015343572847,10.083055476762235,0.07901534357284712,0.08305547676223435
10.079224851768364,10.070314634602754,0.07922485176836497,0.07031463460275483
10.079433430156863,10.079516764343358,0.07943343015686324,0.07951676434335843
10.079641076290402,10.075621792311278,0.07964107629040244,0.07562179231127722
10.079847787731984,10.085082816113555,0.0798477877319841,0.08508281611355498
10.08005356205558,10.079350474771381,0.08005356205557983,0.07935047477138044
10.08025839684616,10.082730793246101,0.08025839684615929,0.08273079324610147
10.08046228969972,10.073892223431427,0.08046228969971903,0.07389222343142682
10.080665238223311,10.070274355998487,0.08066523822331023,0.07027435599848643
10.080867240035067,10.109754961862365,0.08086724003506726,0.10975496186236426
10.081068292764234,10.102860812370245,0.08106829276423512,0.10286081237024597
10.081268394051198,10.088783958429703,0.0812683940511978,0.08878395842970324
10.081467541547505,10.087478061972512,0.08146754154750546,0.08747806197251197
10.081665732915903,10.110810284718378,0.08166573291590241,0.11081028471837702
10.081862965830354,10.084114096139174,0.08186296583035436,0.08411409613917495
10.082059237976075,10.097731622816307,0.08205923797607559,0.09773162281630732
10.082254547049557,10.070680539241023,0.08225454704955643,0.07068053924102259
10.08244889075859,10.079707265604334,0.08244889075858997,0.07970726560433335
10.0826422668223,10.097629471171777,0.08264226682229922,0.09762947117177695
10.082834672971163,10.053415325343298,0.08283467297116366,0.05341532534329908
10.083026106947045,10.112613773380419,0.08302610694704615,0.11261377338041906
10.08321656650322,10.063274872322815,0.0832165665032191,0.06327487232281488
10.083406049404392,10.094746718354855,0.08340604940439107,0.09474671835485603
10.083594553426733,10.080243631091644,0.08359455342673305,0.08024363109164379
10.083782076357904,10.081777260705588,0.08378207635790424,0.08177726070558698
10.083968615997078,10.09889646467039,0.08396861599707842,0.09889646467038979
10.084154170154969,10.107250992342065,0.0841541701549694,0.10725099234206585
10.084338736653857,10.109556954419103,0.08433873665385712,0.10955695441910242
10.084522313327613,10.062063286925087,0.08452231332761276,0.062063286925086725
10.084704898021725,10.104323376325986,0.08470489802172458,0.104323376325986
10.084886488593323,10.08429865737464,0.08488648859332285,0.08429865737464054
10.085067082911205,10.066777759267186,0.08506708291120534,0.06677775926718647
10.085246678855862,10.06839436725567,0.08524667885586196,0.06839436725567126
10.0854252743195,10.078634620437029,0.08542527431949998,0.0786346204370296
10.085602867206068,10.090798269681017,0.08560286720606865,0.09079826968101609
10.085779455431284,10.043054661612814,0.08577945543128357,0.04305466161281317
10.085955036922652,10.104026325583652,0.0859550369226516,0.10402632558365248
10.086129609619494,10.076967908889552,0.08612960961949473,0.0769679088895517
10.086303171472975,10.094511712041923,0.0863031714729746,0.0945117120419228
10.086475720446117,10.105539052971757,0.08647572044611632,0.10553905297175663
10.086647254513833,10.100997859326869,0.0866472545138326,0.1009978593268685
10.086817771662947,10.096442314582074,0.08681777166294723,0.09644231458207388
10.08698726989222,10.101432611687539,0.08698726989221903,0.1014326116875382
10.087155747212366,10.120270134900807,0.087155747212365,0.12027013490080735
10.087323201646084,10.082425423370255,0.087323201646084,0.08242542337025455
10.08748963122808,10.084943572819762,0.08748963122807976,0.08494357281976268
10.087655034005083,10.089210583986079,0.08765503400508386,0.08921058398607895
10.087819408035879,10.098887487884628,0.08781940803587897,0.09888748788462876
10.087982751391321,10.104437310611958,0.08798275139132126,0.1044373106119586
10.088145062154364,10.069712391698971,0.08814506215436337,0.06971239169897073
10.088306338420077,10.051985113141189,0.08830633842007661,0.051985113141188984
10.088466578295673,10.115073043417661,0.08846657829567361,0.1150730434176614
10.08862577990053,10.070696456951683,0.08862577990053028,0.07069645695168317
10.088783941366207,10.105510821631936,0.0887839413662081,0.10551082163193644
10.088941060836476,10.063339736870729,0.0889410608364758,0.0633397368707283
10.08909713646733,10.081675055204508,0.0890971364673314,0.08167505520450878
10.089252166427023,10.05661527699162,0.08925216642702374,0.05661527699161998
10.089406148896074,10.092097226356335,0.08940614889607386,0.09209722635633454
10.089559082067296,10.065623035147533,0.08955908206729662,0.06562303514753368
10.089710964145821,10.0535916459135,0.08971096414582164,0.053591645913498936
10.089861793349115,10.088553648622206,0.08986179334911458,0.08855364862220574
10.090011567906998,10.097513243206723,0.09001156790699782,0.09751324320672405
10.090160286061671,10.115774919010704,0.0901602860616716,0.11577491901070397
10.090307946067734,10.109175114288087,0.09030794606773421,0.10917511428808727
10.090454546192202,10.131079276029924,0.09045454619220283,0.13107927602992456
10.090600084714534,10.084063694722444,0.09060008471453368,0.08406369472244425
10.090744559926643,10.107859286344446,0.09074455992664228,0.10785928634444646
10.090887970132924,10.149368814617779,0.09088797013292353,0.14936881461777804
10.091030313650272,10.102413410707678,0.09103031365027144,0.10241341070767783
10.091171588808098,10.069996571266136,0.09117158880809915,0.06999657126613573
10.091311793948359,10.122488704962391,0.09131179394835828,0.12248870496239107
10.091450927425559,10.084038174122636,0.0914509274255586,0.08403817412263646
10.091588987606787,10.08664078252199,0.09158898760678712,0.08664078252198869
10.091725972871728,10.064693231879415,0.09172597287172753,0.06469323187941467
10.09186188161268,10.084575290060569,0.09186188161267893,0.0845752900605691
10.091996712234575,10.113415623259051,0.0919967122345749,0.11341562325905219
10.092130463155002,10.082407166533564,0.0921304631550022,0.08240716653356302
10.09226313280422,10.074080784940755,0.09226313280421916,0.07408078494075458
10.092394719625174,10.07909883290991,0.0923947196251744,0.07909883290991018
10.092525222073524,10.103159273492423,0.09252522207352479,0.10315927349242282
10.092654638617654,10.069229480857732,0.09265463861765386,0.0692294808577327
10.092782967738689,10.073284736947471,0.09278296773868953,0.07328473694747173
10.092910207930522,10.124755719827045,0.09291020793052215,0.12475571982704542
10.093036357699821,10.110598341930864,0.09303635769982199,0.11059834193086424
10.093161415566057,10.100945194017617,0.09316141556605692,0.1009451940176173
10.09328538006151,10.093372010494775,0.09328538006150966,0.09337201049477586
10.093408249731295,10.125859297866631,0.09340824973129508,0.12585929786663172
10.093530023133377,10.072198197454451,0.09353002313337733,0.07219819745445148
10.093650698838587,10.111936882222265,0.09365069883858654,0.11193688222226525
10.093770275430636,10.111625836539691,0.09377027543063593,0.11162583653969019
10.093888751506139,10.081635644936723,0.09388875150613805,0.08163564493672301
10.094006125674621,10.127776158922337,0.09400612567462163,0.12777615892233735
10.094122396558548,10.115972201994532,0.0941223965585476,0.11597220199453255
10.094237562793326,10.064832414256772,0.09423756279332543,0.06483241425677164
10.094351623027329,10.082123121218382,0.09435162302732902,0.08212312121838178
10.094464575921913,10.077437718503639,0.09446457592191276,0.07743771850363834
10.094576420151427,10.109854946716482,0.09457642015142698,0.10985494671648123
10.094687154403234,10.111209856891973,0.09468715440323366,0.11120985689197285
10.094796777377722,10.097211675070385,0.09479677737772196,0.09721167507038549
10.094905287788324,10.072068572410753,0.09490528778832313,0.0720685724107541
10.095012684361526,10.084449468557413,0.09501268436152599,0.0844494685574125
10.09511896583689,10.11608829847499,0.0951189658368915,0.1160882984749896
10.095224130967068,10.12885180969069,0.09522413096706793,0.12885180969068968
10.095328178517805,10.076202877328338,0.0953281785178052,0.07620287732833755
10.09543110726797,10.11499665314315,0.09543110726796956,0.11499665314314927
10.095532916009558,10.066337948429949,0.09553291600955778,0.06633794842994852
10.09563360354771,10.107998505949796,0.09563360354771147,0.10799850594979576
10.09573316870073,10.074187840868271,0.09573316870073091,0.07418784086827185
10.09583161030009,10.088564277168453,0.09583161030008915,0.08856427716845294
10.095928927190446,10.07506865658963,0.09592892719044557,0.07506865658963138
10.09602511822966,10.076386792309036,0.09602511822965942,0.07638679230903472
10.096120182288804,10.132528722434435,0.0961201822888034,0.13252872243443387
10.096214118252176,10.068341577592882,0.09621411825217664,0.068341577592883
10.096306925017318,10.105959114148332,0.09630692501731809,0.10595911414833173
10.09639860149502,10.079093078117442,0.09639860149501922,0.07909307811744222
10.096489146609336,10.091110220886401,0.09648914660933698,0.09111022088640168
10.096578559297607,10.100551756803837,0.09657855929760623,0.10055175680383645
10.096666838510453,10.082300779560914,0.09666683851045242,0.08230077956091338
10.096753983211803,10.053980550500958,0.09675398321180381,0.05398055050095848
10.096839992378904,10.121985523162133,0.09683999237890359,0.12198552316213196
10.096924865002322,10.108351694476205,0.09692486500232196,0.10835169447620607
10.097008600085967,10.114018353049495,0.09700860008596791,0.11401835304949591
10.097091196647101,10.078988510866791,0.09709119664710099,0.07898851086679087
10.097172653716342,10.119195394149319,0.09717265371634275,0.11919539414931833
10.097252970337689,10.116087304866294,0.0972529703376882,0.11608730486629423
10.097332145568517,10.116258359399911,0.09733214556851695,0.11625835939991133
10.097410178479604,10.107733300505313,0.0974101784796044,0.10773330050531228
10.097487068155132,10.118285141202572,0.09748706815513246,0.11828514120257097
10.0975628136927,10.121096609624882,0.09756281369270045,0.1210966096248815
10.097637414203335,10.117512449192038,0.0976374142033357,0.11751244919203808
10.097710868811504,10.104673135905049,0.09771086881150381,0.10467313590504979
10.097783176655119,10.0785687400327,0.09778317665511913,0.07856874003270008
10.097854336885554,10.121479732700408,0.09785433688555473,0.12147973270040817
10.097924348667652,10.074514055285352,0.09792434866765248,0.0745140552853524
10.097993211179732,10.097924275828024,0.09799321117973273,0.0979242758280241
10.098060923613604,10.115766031561757,0.09806092361360406,0.11576603156175666
10.098127485174572,10.12560847232218,0.09812748517457266,0.12560847232217914
10.098192895081452,10.109836244417762,0.0981928950814518,0.1098362444177619
10.098257152566571,10.11066225403874,0.09825715256657083,0.11066225403873932
10.098320256875784,10.1325790125283,0.09832025687578433,0.1325790125283
10.09838220726848,10.06895408541758,0.09838220726848089,0.06895408541758102
10.098443003017591,10.135383513819486,0.09844300301759178,0.13538351381948582
10.0985026434096,10.135578880000125,0.09850264340959958,0.1355788800001241
10.098561127744546,10.079366578957782,0.09856112774454642,0.0793665789577814
10.098618455336043,10.059124278838034,0.09861845533604237,0.059124278838033666
10.098674625511274,10.132588346689763,0.09867462551127329,0.13258834668976383
10.098729637611008,10.085848457993297,0.09872963761100889,0.08584845799329625
10.09878349098961,10.071764283903002,0.09878349098961038,0.0717642839030027
10.098836185015038,10.094185050004556,0.09883618501503812,0.09418505000455595
10.098887719068859,10.127764038178748,0.09888771906885892,0.12776403817874837
10.098938092546254,10.100533332528869,0.09893809254625342,0.10053333252886837
10.098987304856022,10.055687231223251,0.09898730485602315,0.05568723122325179
10.099035355420597,10.099719310941028,0.09903535542059741,0.09971931094102761
10.09908224367604,10.091385726868635,0.09908224367604013,0.09138572686863534
10.099127969072056,10.119489221982574,0.09912796907205644,0.11948922198257489
10.099172531072,10.07768570084212,0.09917253107199916,0.07768570084211968
10.099215929152875,10.107198141818536,0.09921592915287507,0.1071981418185351
10.09925816280535,10.113087452490737,0.09925816280535105,0.11308745249073615
10.09929923153376,10.061898668994733,0.09929923153376008,0.06189866899473241
10.099339134856107,10.087467871627432,0.09933913485610703,0.08746787162743193
10.099377872304075,10.111625166592953,0.09937787230407436,0.11162516659295328
10.099415443423027,10.098482462276397,0.09941544342302754,0.09848246227639745
10.09945184777202,10.109409136387642,0.09945184777202049,0.10940913638764153
10.099487084923801,10.122469196102935,0.09948708492380064,0.12246919610293583
10.099521154464814,10.094229581160802,0.09952115446481406,0.09422958116080139
10.09955405599521,10.087962140118663,0.09955405599521022,0.08796214011866302
10.099585789128847,10.115971157376888,0.09958578912884672,0.11597115737688839
10.099616353493294,10.151582158745226,0.09961635349329381,0.15158215874522593
10.09964574872984,10.110302225407205,0.09964574872983883,0.11030222540720457
10.09967397449349,10.097100530104806,0.09967397449349029,0.09710053010480574
10.099701030452982,10.097411340631046,0.09970103045298201,0.09741134063104652
10.099726916290777,10.076185636313918,0.09972691629077704,0.07618563631391763
10.099751631703072,10.114354751234584,0.09975163170307125,0.11435475123458452
10.099775176399797,10.102892963443248,0.09977517639979705,0.10289296344324729
10.099797550104627,10.07334594501679,0.09979755010462671,0.07334594501678925
10.099818752554976,10.098815187978314,0.09981875255497558,0.09881518797831372
10.099838783502005,10.083935938749065,0.09983878350200523,0.08393593874906399
10.099857642710626,10.114437283769755,0.0998576427106264,0.11443728376975444
10.099875329959502,10.106592807276378,0.09987532995950163,0.10659280727637896
10.099891845041048,10.067413548284419,0.09989184504104798,0.06741354828441895
10.09990718776144,10.142294126035791,0.09990718776143943,0.14229412603579092
10.099921357940609,10.083104540200258,0.09992135794060913,0.08310454020025784
10.099934355412252,10.092212149328168,0.09993435541225153,0.09221214932816782
10.099946180023824,10.125631821423545,0.09994618002382433,0.12563182142354534
10.09995683163655,10.096484925226534,0.09995683163655032,0.09648492522653375
10.099966310125419,10.112773606718184,0.09996631012541889,0.11277360671818423
10.099974615379187,10.122251313811745,0.0999746153791876,0.12225131381174523
10.099981747300383,10.088938993561715,0.09998174730038349,0.08893899356171517
10.099987705805304,10.118505831313225,0.09998770580530414,0.1185058313132261
10.099992490824018,10.058445097046597,0.0999924908240187,0.058445097046596776
10.099996102300368,10.122055543258627,0.09999610230036877,0.1220555432586262
10.099998540191969,10.122150488456072,0.09999854019196895,0.12215048845607133
10.099999804470208,10.087789595230946,0.09999980447020738,0.08778959523094662
10.099999895120247,10.08131734130225,0.09999989512024614,0.08131734130225143
10.09999881214102,10.128830069413574,0.0999988121410213,0.12883006941357505
10.099996555545243,10.14854705584456,0.09999655554524305,0.14854705584455913
10.099993125359395,10.070674654885309,0.09999312535939547,0.07067465488530952
10.099988521623736,10.107534574650293,0.0999885216237363,0.10753457465029272
10.099982744392296,10.136528275261805,0.09998274439229636,0.13652827526180422
10.09997579373288,10.116274679077735,0.099975793732879,0.11627467907773499
10.099967669727059,10.098292527686027,0.09996766972705928,0.0982925276860278
10.099958372470184,10.105479600492806,0.09995837247018304,0.10547960049280662
10.099947902071365,10.123589544651175,0.09994790207136568,0.12358954465117515
10.099936258653491,10.132444988365004,0.09993625865349101,0.132444988365003
10.09992344235321,10.1293695022292,0.09992344235320974,0.12936950222920002
10.099909453320938,10.12721936248832,0.09990945332093787,0.12721936248832078
10.099894291720855,10.071099836803084,0.09989429172085494,0.07109983680308388
10.099877957730902,10.096114007510797,0.09987795773090213,0.09611400751079721
10.09986045154278,10.132556471361895,0.09986045154278012,0.13255647136189458
10.099841773361947,10.101071464035384,0.09984177336194687,0.10107146403538274
10.099821923407616,10.128210436819339,0.0998219234076152,0.12821043681933927
10.09980090191275,10.112645121848999,0.09980090191275025,0.11264512184899889
10.099778709124067,10.085626438452298,0.09977870912406667,0.08562643845229813
10.099755345302025,10.06516966070971,0.09975534530202579,0.06516966070971027
10.099730810720832,10.116495559179896,0.09973081072083258,0.11649555917989567
10.099705105668432,10.058690221137594,0.09970510566843234,0.0586902211375934
10.099678230446507,10.065714035414514,0.09967823044650742,0.0657140354145137
10.099650185370473,10.101323001678098,0.09965018537047363,0.10132300167809777
10.099620970769477,10.113824551413165,0.09962097076947651,0.1138245514131642
10.099590586986388,10.136387044606645,0.09959058698638751,0.1363870446066448
10.0995590343778,10.124706784740225,0.09955903437780003,0.12470678474022526
10.099526313314025,10.096028673922802,0.09952631331402506,0.09602867392280298
10.099492424179086,10.10706441504557,0.099492424179087,0.10706441504557071
10.09945736737072,10.132469505198108,0.09945736737071909,0.1324695051981078
10.099421143300358,10.09355641588713,0.09942114330035867,0.09355641588713011
10.099383752393143,10.107768554536682,0.09938375239314252,0.10776855453668222
10.099345195087901,10.142780249454072,0.09934519508790172,0.1427802494540724
10.099305471837157,10.084186266855614,0.09930547183715657,0.08418626685561442
10.09926458310711,10.080065823368615,0.09926458310711123,0.08006582336861587
10.099222529377649,10.108221975205439,0.09922252937764833,0.10822197520543891
10.099179311142324,10.13506383909271,0.09917931114232324,0.1350638390927108
10.099134928908358,10.075151382128912,0.09913492890835837,0.07515138212891212
10.099089383196636,10.087205527087377,0.09908938319663713,0.08720552708737753
10.099042674541698,10.127856712879103,0.09904267454169792,0.12785671287910366
10.098994803491728,10.100904675083079,0.09899480349172773,0.10090467508307904
10.098945770608555,10.091994148859216,0.09894577060855578,0.09199414885921556
10.098895576467648,10.081405670000963,0.09889557646764696,0.08140567000096337
10.098844221658094,10.090822088730036,0.09884422165809506,0.0908220887300366
10.098791706782615,10.106952066942783,0.0987917067826157,0.10695206694278395
10.09873803245754,10.116702919130521,0.09873803245753952,0.11670291913052075
10.098683199312804,10.072312761952237,0.09868319931280477,0.07231276195223679
10.09862720799195,10.089944951406789,0.09862720799194996,0.08994495140678876
10.098570059152106,10.092527357547356,0.09857005915210627,0.09252735754735551
10.09851175346399,10.09468622413396,0.09851175346398995,0.09468622413396009
10.098452291611894,10.10344137164003,0.09845229161189434,0.1034413716400309
10.098391674293682,10.078440684848442,0.09839167429368183,0.07844068484844216
10.098329902220776,10.12773488487784,0.09832990222077576,0.12773488487783993
10.098266976118152,10.129198326691323,0.09826697611815205,0.12919832669132283
10.098202896724331,10.083381934026795,0.09820289672433062,0.08338193402679447
10.098137664791366,10.093254011930137,0.09813766479136672,0.09325401193013606
10.098071281084842,10.119139954873662,0.09807128108484227,0.11913995487366155
10.098003746383856,10.12864628272153,0.09800374638385667,0.1286462827215288
10.097935061481017,10.07815525894289,0.0979350614810178,0.07815525894289113
10.097865227182433,10.104423055495495,0.09786522718243257,0.1044230554954946
10.097794244307698,10.106544366117127,0.09779424430769762,0.10654436611712682
10.09772211368989,10.113560967614426,0.09772211368988964,0.1135609676144251
10.097648836175555,10.098041687905411,0.09764883617555553,0.09804168790541137
10.097574412624702,10.11630338973613,0.09757441262470253,0.11630338973613062
10.097498843910788,10.116174616558284,0.09749884391078817,0.11617461655828445
10.09742213092071,10.10668982700155,0.09742213092070992,0.10668982700154975
10.097344274554795,10.107516843074253,0.09734427455479477,0.10751684307425202
10.09726527572679,10.114098620398543,0.09726527572678881,0.11409862039854275
10.097185135363846,10.117145983037155,0.09718513536384638,0.1171459830371539
10.09710385440652,10.10581106875015,0.09710385440651924,0.10581106875014934
10.097021433808745,10.107322147963762,0.09702143380874542,0.1073221479637628
10.096937874537838,10.091125080114635,0.09693787453783824,0.09112508011463534
10.096853177574475,10.063836517828191,0.09685317757447481,0.0638365178281913
10.096767343912685,10.088531499122123,0.09676734391268446,0.0885314991221223
10.096680374559837,10.126345171182702,0.09668037455983723,0.1263451711827023
10.096592270536632,10.088614801738489,0.096592270536632,0.0886148017384882
10.096503032877084,10.061909201064994,0.09650303287708445,0.06190920106499352
10.096412662628515,10.101429899004502,0.09641266262851492,0.10142989900450175
10.096321160851536,10.0994511210138,0.09632116085153623,0.0994511210138008
10.096228528620042,10.115501563296716,0.09622852862004115,0.11550156329671604
10.09613476702119,10.118478130285906,0.09613476702118984,0.11847813028590617
10.096039877155397,10.082633053670301,0.0960398771553969,0.08263305367030158
10.09594386013632,10.09726738281028,0.0959438601363188,0.09726738281028076
10.09584671709084,10.09521137160443,0.09584671709084061,0.09521137160443036
10.095748449159062,10.1144797897372,0.09574844915906261,0.11447978973719938
10.095649057494287,10.10372197027901,0.0956490574942873,0.1037219702790086
10.095548543263005,10.097944232544446,0.09554854326300555,0.09794423254444592
10.095446907644883,10.12133902564055,0.09544690764488306,0.12133902564055087
10.095344151832746,10.086529534253696,0.09534415183274636,0.08652953425369521
10.09524027703257,10.11719434404018,0.09524027703256904,0.11719434404018109
10.095135284463458,10.094391712870479,0.09513528446345743,0.09439171287047855
10.095029175357636,10.07917736731237,0.0950291753576364,0.07917736731237056
10.094921950960435,10.088072687551897,0.09492195096043465,0.08807268755189746
10.09481361253027,10.068714063791901,0.09481361253027047,0.06871406379190181
10.094704161338637,10.091118896407492,0.09470416133863677,0.09111889640749227
10.094593598670086,10.11621658106118,0.09459359867008599,0.11621658106117846
10.094481925822215,10.092894245808045,0.09448192582221539,0.09289424580804581
10.094369144105652,10.13567397208345,0.09436914410565156,0.13567397208345158
10.094255254844034,10.074645437440278,0.09425525484403517,0.0746454374402783
10.094140259374004,10.10895523124291,0.09414025937400522,0.10895523124290889
10.094024159045183,10.05018072098593,0.09402415904518366,0.050180720985928934
10.09390695522016,10.110360545218088,0.09390695522015936,0.11036054521808825
10.093788649274472,10.118901935836226,0.09378864927447222,0.11890193583622469
10.093669242596597,10.089771280140617,0.09366924259659677,0.0897712801406177
10.093548736587927,10.065012872952018,0.09354873658792624,0.06501287295201783
10.093427132662756,10.053920189836363,0.09342713266275599,0.0539201898363624
10.093304432248267,10.118636239004294,0.0933044322482666,0.11863623900429365
10.093180636784508,10.096683661261226,0.09318063678450764,0.0966836612612267
10.09305574772438,10.086652660470246,0.09305574772438041,0.08665266047024676
10.09292976653362,10.100038097676718,0.0929297665336211,0.1000380976767175
10.092802694690784,10.09675816976407,0.09280269469078323,0.09675816976407
10.092674533687221,10.073020913250707,0.09267453368722074,0.07302091325070596
10.09254528502707,10.093208318462725,0.09254528502707028,0.09320831846272494
10.092414950227234,10.115549226627667,0.09241495022723362,0.11554922662766688
10.09228353081736,10.078661417740133,0.09228353081735953,0.07866141774013345
10.092151028339826,10.11255773730103,0.0921510283398264,0.1125577373010302
10.092017444349723,10.09375669692586,0.09201744434972375,0.09375669692585928
10.091882780414833,10.110102308703365,0.09188278041483389,0.1101023087033639
10.091747038115614,10.094781583082247,0.09174703811561391,0.09478158308224706
10.091610219045176,10.074805463984006,0.0916102190451768,0.07480546398400614
10.091472324809272,10.095454644980487,0.091472324809273,0.09545464498048671
10.09133335702627,10.065907656465397,0.09133335702627114,0.06590765646539706
10.09119331732714,10.09539676535979,0.09119331732713959,0.09539676535979132
10.091052207355427,10.080435751513482,0.09105220735542693,0.08043575151348234
10.090910028767244,10.093697282828959,0.09091002876724294,0.09369728282895928
10.090766783231238,10.075313482160503,0.09076678323123871,0.07531348216050385
10.090622472428588,10.123590731150951,0.0906224724285876,0.12359073115095068
10.090477098052965,10.091026157185876,0.0904770980529653,0.0910261571858762
10.09033066181053,10.108528467686705,0.09033066181052965,0.10852846768670574
10.090183165419901,10.089540636270955,0.09018316541990111,0.08954063627095585
10.090034610612141,10.077402624495246,0.09003461061214231,0.07740262449524524
10.089884999130739,10.112985841495002,0.08988499913073784,0.11298584149500096
10.089734332731574,10.089927500186683,0.08973433273157355,0.08992750018668301
10.089582613182916,10.069920765249847,0.08958261318291627,0.06992076524984797
10.089429842265393,10.130869237266296,0.08942984226539293,0.130869237266296
10.089276021771969,10.106114889268381,0.08927602177196968,0.10611488926838145
10.08912115350793,10.097137738958766,0.08912115350793055,0.09713773895876693
10.088965239290857,10.071087237683756,0.08896523929085681,0.071087237683755
10.088808280950605,10.072197851216448,0.08880828095060536,0.07219785121644848
10.088650280329286,10.06827464187239,0.08865028032928696,0.06827464187239038
10.088491239281245,10.103953691620744,0.08849123928124515,0.10395369162074318
10.088331159673034,10.069222918232528,0.08833115967303419,0.06922291823252821
10.088170043383398,10.066637023195376,0.08817004338339728,0.0666370231953766
10.088007892303244,10.113877015419138,0.0880078923032441,0.11387701541913918
10.087844708335629,10.09395545448388,0.08784470833562931,0.09395545448387924
10.08768049339573,10.107957155974216,0.0876804933957298,0.10795715597421567
10.087515249410822,10.066011681850405,0.08751524941082196,0.06601168185040432
10.087348978320259,10.080336097404867,0.08734897832025973,0.08033609740486813
10.087181682075451,10.084299790248744,0.08718168207545132,0.08429979024874411
10.087013362639837,10.067253488228227,0.08701336263983654,0.06725348822822705
10.086844021988863,10.078458384482126,0.08684402198886344,0.07845838448212597
10.086673662109966,10.058416632641073,0.08667366210996566,0.05841663264107297
10.086502285002538,10.099970030971138,0.08650228500253866,0.09997003097113778
10.086329892677917,10.066016306915902,0.08632989267791653,0.06601630691590117
10.086156487159348,10.081526051148956,0.08615648715934798,0.08152605114895488
10.085982070481974,10.09790757119812,0.08598207048197316,0.09790757119811976
10.0858066446928,10.08952620808924,0.08580664469279947,0.08952620808923999
10.085630211850678,10.073939440135874,0.08563021185067726,0.07393944013587371
10.085452774026276,10.072386591990744,0.08545277402627627,0.0723865919907435
10.085274333302062,10.09259062920956,0.08527433330206094,0.09259062920956083
10.085094891772266,10.084827535863168,0.08509489177226609,0.0848275358631686
10.084914451542872,10.088548083469151,0.08491445154287207,0.08854808346915079
10.084733014731581,10.105457474598705,0.0847330147315805,0.10545747459870553
10.08455058346779,10.101752593606196,0.08455058346778915,0.10175259360619668
10.084367159892567,10.094726661437836,0.08436715989256705,0.09472666143783648
10.084182746158628,10.111339814807254,0.08418274615862902,0.11133981480725355
10.08399734443031,10.078868564545921,0.08399734443031097,0.07886856454592038
10.083810956883545,10.102352100218486,0.08381095688354423,0.10235210021848494
10.08362358570583,10.10760320691578,0.08362358570582967,0.10760320691577971
10.083435233096212,10.05151713058822,0.0834352330962127,0.05151713058821977
10.083245901265258,10.120246065516698,0.08324590126525695,0.12024606551669759
10.083055592435018,10.079640941987874,0.08305559243501866,0.07964094198787453
10.08286430883902,10.110170264951922,0.08286430883902007,0.11017026495192264
10.082672052722224,10.056283967414323,0.08267205272222389,0.05628396741432344
10.082478826341006,10.08318852534886,0.08247882634100655,0.08318852534885889
10.082284631963132,10.097474461983783,0.08228463196313188,0.09747446198378293
10.082089471867723,10.047145107155206,0.0820894718677241,0.04714510715520627
10.081893348345242,10.08195841124914,0.08189334834524173,0.08195841124914063
10.08169626369745,10.055162827050824,0.08169626369745031,0.05516282705082419
10.081498220237394,10.076441754109396,0.0814982202373952,0.07644175410939685
10.081299220289376,10.071516642168572,0.0812992202893749,0.07151664216857145
10.081099266188913,10.086275591729965,0.08109926618891351,0.08627559172996578
10.080898360282733,10.112916121241952,0.08089836028273344,0.11291612124195252
10.080696504928728,10.077304231525194,0.08069650492872743,0.07730423152519343
10.080493702495932,10.09478808261458,0.08049370249593159,0.09478808261457955
10.080289955364497,10.113636277221891,0.08028995536449712,0.1136362772218914
10.080085265925662,10.056049908607168,0.08008526592566259,0.056049908607167076
10.079879636581726,10.085937020714589,0.07987963658172546,0.08593702071458934
10.079673069746015,10.067597671067684,0.07967306974601451,0.06759767106768409
10.079465567842862,10.086791179231787,0.07946556784286124,0.08679117923178742
10.079257133307571,10.071531286510458,0.07925713330757106,0.07153128651045904
10.079047768586396,10.090378220231914,0.0790477685863953,0.09037822023191373
10.078837476136503,10.03444575158245,0.07883747613650222,0.034445751582449995
10.078626258425949,10.082611208015972,0.0786262584259482,0.08261120801597308
10.078414117933649,10.106930329956157,0.07841411793364853,0.10693032995615598
10.078201057149348,10.038207556742801,0.07820105714934879,0.03820755674280098
10.077987078573596,10.09001310026542,0.07798707857359535,0.09001310026542009
10.077772184717706,10.104185067112939,0.07777218471770611,0.10418506711293855
10.07755637810374,10.076340724647313,0.07755637810374069,0.07634072464731297
10.077339661264471,10.080522468615712,0.07733966126447142,0.08052246861571104
10.077122036743352,10.091285345301351,0.07712203674335333,0.09128534530135066
10.076903507094494,10.064431833023775,0.07690350709449395,0.06443183302377498
10.076684074882625,10.06357208105171,0.07668407488262396,0.0635720810517108
10.076463742683067,10.086952965571724,0.07646374268306674,0.0869529655717239
10.076242513081707,10.102163692749517,0.07624251308170828,0.10216369274951748
10.076020388674966,10.089676981321379,0.07602038867496641,0.0896769813213794
10.075797372069761,10.0804744598128,0.07579737206976103,0.08047445981280078
10.075573465883483,10.078078816215383,0.07557346588348302,0.07807881621538358
10.075348672743964,10.05689400708421,0.07534867274396377,0.05689400708420985
10.075122995289444,10.076224546886165,0.07512299528944388,0.07622454688616508
10.074896436168544,10.087464817684955,0.07489643616854291,0.08746481768495512
10.074668998040227,10.087900216175669,0.0746689980402279,0.08790021617566929
10.074440683573782,10.07037038715686,0.07444068357378185,0.07037038715686078
10.074211495448774,10.106239148439563,0.07421149544877308,0.10623914843956242
10.073981436355023,10.05795840699898,0.07398143635502329,0.05795840699898033
10.073750508992577,10.044790788888132,0.0737505089925763,0.04479078888813191
10.073518716071666,10.057873615138183,0.07351871607166581,0.05787361513818237
10.073286060312684,10.082801473685702,0.07328606031268436,0.0828014736857018
10.073052544446151,10.099949171183688,0.07305254444615088,0.09994917118368776
10.07281817121268,10.070342346187065,0.07281817121267888,0.0703423461870651
10.072582943362944,10.056235509073124,0.07258294336294388,0.05623550907312434
10.072346863657652,10.04272939899337,0.07234686365765179,0.042729398993370256
10.072109934867505,10.03181700628794,0.07210993486750612,0.031817006287938904
10.071872159773175,10.0802324009036,0.07187215977317517,0.08023240090360094
10.07163354116526,10.07838124990506,0.07163354116526008,0.07838124990506104
10.07139408184426,10.096592970371406,0.07139408184426159,0.09659297037140613
10.071153784620547,10.060281895018333,0.07115378462054743,0.06028189501833239
10.07091265231432,10.074536326956814,0.07091265231431887,0.07453632695681346
10.070670687755578,10.070261695055638,0.07067068775557829,0.07026169505563803
10.070427893784096,10.068003783501222,0.07042789378409556,0.06800378350122285
10.070184273249374,10.042516329312933,0.07018427324937486,0.04251632931293292
10.069939829010622,10.056452761208078,0.06993982901062086,0.05645276120807789
10.069694563936705,10.062698798931446,0.0696945639367058,0.06269879893144566
10.069448480906136,10.071016453349197,0.0694484809061355,0.07101645334919615
10.069201582807015,10.07705375509389,0.0692015828070152,0.07705375509389051
10.068953872537016,10.07746413448556,0.06895387253701642,0.07746413448555933
10.068705353003342,10.086405142411781,0.06870535300334239,0.0864051424117809
10.068456027122695,10.062367761455922,0.06845602712269432,0.0623677614559219
10.068205897821237,10.080762639232317,0.0682058978212365,0.08076263923231772
10.067954968034563,10.088460069444611,0.06795496803456279,0.08846006944461168
10.067703240707662,10.049561014880808,0.06770324070766186,0.04956101488080834
10.067450718794882,10.072081440751893,0.06745071879488207,0.07208144075189289
10.067197405259897,10.042078305211335,0.06719740525989777,0.042078305211334745
10.066943303075673,10.089432989650266,0.06694330307567382,0.08943298965026696
10.066688415224432,10.060009353307116,0.06668841522443111,0.06000935330711549
10.066432744697611,10.060420616774964,0.06643274469761089,0.06042061677496396
10.06617629449584,10.052910298928781,0.06617629449584059,0.05291029892878116
10.065919067628897,10.040406174453285,0.06591906762889795,0.04040617445328418
10.065661067115675,10.083748000380186,0.06566106711567607,0.08374800038018673
10.065402295984148,10.088294400457642,0.06540229598414737,0.088294400457641
10.065142757271328,10.087376246170093,0.06514275727132893,0.08737624617009317
10.064882454023246,10.072840913212517,0.06488245402324631,0.07284091321251734
10.064621389294897,10.069848803803518,0.0646213892948976,0.06984880380351811
10.064359566150218,10.065811853460907,0.06435956615021814,0.06581185346090679
10.064096987662044,10.046650574626351,0.06409698766204423,0.046650574626351624
10.063833656912077,10.0634363796086,0.0638336569120772,0.06343637960860023
10.063569576990847,10.037313914513637,0.06356957699084677,0.03731391451363711
10.063304750997675,10.050754470276761,0.06330475099767556,0.05075447027676166
10.063039182040642,10.052191833847823,0.06303918204064218,0.05219183384782275
10.062772873236545,10.078354562757093,0.06277287323654504,0.07835456275709277
10.062505827710865,10.069869676916358,0.06250582771086519,0.06986967691635765
10.062238048597731,10.071350190222374,0.06223804859773048,0.07135019022237325
10.061969539039879,10.069940538325568,0.061969539039878396,0.06994053832556776
10.061700302188619,10.076982554500228,0.061700302188618716,0.07698255450022756
10.061430341203797,10.065434771586995,0.06143034120379736,0.06543477158699418
10.061159659253759,10.06982689761446,0.06115965925375877,0.0698268976144599
10.060888259515309,10.085413604201483,0.06088825951530899,0.08541360420148242
10.060616145173677,10.093398943304281,0.06061614517367783,0.09339894330428133
10.060343319422483,10.039643680042666,0.06034331942248233,0.039643680042664955
10.06006978546369,10.065400134645202,0.06006978546368871,0.065400134645202
10.059795546507575,10.07815401880274,0.05979554650757505,0.0781540188027399
10.059520605772693,10.08395320820316,0.059520605772693094,0.08395320820316042
10.059244966485831,10.074260161077275,0.059244966485831274,0.074260161077274
10.058968631881976,10.098025816622416,0.058968631881976485,0.09802581662241613
10.058691605204276,10.060308516850615,0.058691605204275604,0.06030851685061457
10.058413889704,10.043733914569188,0.05841388970399833,0.043733914569187904
10.058135488640499,10.04466932724148,0.05813548864049848,0.04466932724148169
10.057856405281177,10.084745805948016,0.05785640528117597,0.08474580594801623
10.057576642901438,10.088200381624384,0.057576642901437915,0.08820038162438396
10.057296204784661,10.081090337031778,0.057296204784661076,0.0810903370317784
10.057015094222153,10.053456662179634,0.0570150942221527,0.05345666217963426
10.056733314513112,10.061897203957363,0.05673331451311221,0.0618972039573633
10.056450868964593,10.076646848310975,0.05645086896459192,0.07664684831097576
10.056167760891459,10.034777254023592,0.056167760891459056,0.034777254023590734
10.055883993616357,10.081338468245711,0.05588399361635646,0.0813384682457114
10.055599570469663,10.061948701316041,0.05559957046966307,0.0619487013160408
10.055314494789457,10.04664561888499,0.05531449478945586,0.04664561888498871
10.05502876992147,10.054834431077118,0.05502876992146993,0.054834431077118995
10.054742399219059,10.046555345453447,0.054742399219059615,0.04655534545344723
10.05445538604316,10.069508899018677,0.054455386043158485,0.06950889901867727
10.054167733762242,10.055071700446211,0.05416773376224088,0.055071700446210674
10.053879445752282,10.074726059300133,0.05387944575228165,0.07472605930013258
10.053590525396716,10.040262642776161,0.05359052539671697,0.04026264277616094
10.053300976086405,10.064727470558191,0.05330097608640393,0.06472747055819128
10.053010801219582,10.041970256363113,0.05301080121958168,0.04197025636311377
10.05272000420183,9.99947291807657,0.052720004201831094,-0.0005270819234297966
10.052428588446034,10.046963794385746,0.052428588446034353,0.046963794385745945
10.052136557372336,10.048425112061757,0.05213655737233578,0.0484251120617579
10.051843914408101,10.06400208426781,0.0518439144081011,0.06400208426781022
10.051550662987877,10.059586372003391,0.051550662987877555,0.0595863720033918
10.051256806553353,10.026722977915584,0.05125680655335291,0.026722977915584638
10.050962348553316,10.034151295134638,0.050962348553316064,0.034151295134638576
10.050667292443617,10.042155690934218,0.050667292443615876,0.04215569093421837
10.050371641687121,10.024721142979555,0.05037164168712101,0.02472114297955559
10.050075399753679,10.075082832071246,0.050075399753678564,0.07508283207124583
10.049778570120074,10.079191469211016,0.04977857012007437,0.07919146921101666
10.04948115626999,10.048692002249805,0.04948115626999169,0.04869200224980389
10.04918316169397,10.052281310066853,0.04918316169396984,0.05228131006685236
10.048884589889365,10.085816211801502,0.0488845898893642,0.08581621180150184
10.048585444360304,10.003330566444172,0.048585444360304514,0.0033305664441716093
10.048285728617653,10.007238749959889,0.04828572861765409,0.00723874995988863
10.047985446178968,10.010491815932598,0.04798544617896796,0.010491815932597875
10.047684600568452,10.080568329929585,0.04768460056845256,0.08056832992958463
10.047383195316923,10.05046495410356,0.04738319531692372,0.05046495410355962
10.047081233961766,10.06115980598369,0.04708123396176553,0.06115980598369129
10.046778720046888,10.098392018480004,0.04677872004688823,0.09839201848000345
10.046475657122688,10.01781682704274,0.04647565712268753,0.017816827042739746
10.046172048746003,10.050655744726972,0.046172048746002475,0.05065574472697298
10.045867898480074,10.066961907297513,0.045867898480073256,0.0669619072975122
10.0455632098945,10.0758483624256,0.045563209894500294,0.07584836242559992
10.045257986565202,10.037117701222948,0.04525798656520174,0.03711770122294848
10.044952232074372,10.03061654856773,0.04495223207437182,0.030616548567730915
10.044645950010437,10.02417381557904,0.04464595001043817,0.024173815579040147
10.04433914396802,10.039394190223094,0.04433914396802065,0.03939419022309354
10.04403181754789,10.043207729151678,0.04403181754788851,0.04320772915167924
10.043723974356919,10.05978433926357,0.04372397435691852,0.05978433926357078
10.043415618008051,10.032499740452725,0.04341561800805192,0.03249974045272487
10.043106752120252,10.073416597826384,0.043106752120253,0.07341659782638435
10.042797380318467,10.055808209772177,0.04279738031846618,0.05580820977217746
10.042487506233574,10.072252118465835,0.04248750623357294,0.07225211846583565
10.04217713350235,10.041289803668592,0.042177133502350195,0.04128980366859134
10.041866265767426,10.03214159148356,0.04186626576742696,0.03214159148355998
10.041554906677241,10.074012919922971,0.04155490667724194,0.07401291992297063
10.041243059886,10.013197702835589,0.041243059886000036,0.013197702835588208
10.040930729053631,10.038680478418929,0.04093072905363045,0.03868047841892903
10.040617917845744,10.015865384110564,0.04061791784574324,0.015865384110563513
10.040304629933585,9.982540018410555,0.04030462993358581,-0.01745998158944454
10.039990868994002,10.002822530468736,0.03999086899400078,0.002822530468736449
10.039676638709382,10.085214697429288,0.039676638709382234,0.08521469742928753
10.039361942767632,10.040447926340919,0.03936194276763276,0.04044792634091951
10.03904678486212,10.050391918839036,0.039046784862119585,0.05039191883903642
10.038731168691632,10.042326079668012,0.03873116869163215,0.0423260796680126
10.038415097960337,10.048105993048752,0.038415097960338075,0.04810599304875169
10.03809857637774,10.100544196691109,0.03809857637774002,0.10054419669110834
10.037781607658632,10.043171611649353,0.037781607658631464,0.04317161164935311
10.037464195523054,10.041738067407609,0.03746419552305412,0.0417380674076083
10.037146343696254,10.036465764318349,0.03714634369625377,0.03646576431834889
10.036828055908636,10.045770810600626,0.03682805590863604,0.045770810600626606
10.036509335895724,10.031365305284666,0.036509335895723645,0.03136530528466573
10.036190187398113,10.037119213460874,0.03619018739811184,0.037119213460873886
10.035870614161425,10.026804523859912,0.03587061416142489,0.026804523859912367
10.035550619936272,10.04139187229646,0.03555061993627141,0.04139187229646073
10.035230208478202,10.023066762348199,0.03523020847820138,0.023066762348198315
10.034909383547662,10.01977821754949,0.034909383547661384,0.019778217549489573
10.03458814890995,10.044891488500017,0.034588148909950794,0.04489148850001704
10.034266508335177,10.05666676329453,0.03426650833517696,0.056666763294529465
10.033944465598212,10.047994925068428,0.0339444655982119,0.04799492506842897
10.033622024478648,10.025321298852406,0.03362202447864756,0.025321298852406054
10.03329918876075,10.061109192293989,0.03329918876075091,0.06110919229398952
10.03297596223342,10.017577436775516,0.03297596223342053,0.017577436775516715
10.032652348690142,10.021308047280751,0.032652348690141546,0.021308047280751245
10.03232835192894,10.011447592878682,0.03232835192894133,0.011447592878682251
10.032003975752344,10.074324675731287,0.032003975752344344,0.0743246757312864
10.031679223967329,10.03928428937775,0.03167922396732848,0.03928428937775116
10.031354100385279,10.039487417719172,0.031354100385279714,0.03948741771917156
10.031028608821948,10.034330578003294,0.03102860882194773,0.0343305780032937
10.030702753097401,9.996386463713574,0.03070275309740042,-0.0036135362864256546
10.03037653703598,10.026665647540629,0.030376537035980117,0.02666564754062786
10.030049964466258,10.02032724323503,0.030049964466258162,0.020327243235030944
10.02972303922099,10.028321612401363,0.029723039220989473,0.02832161240136303
10.02939576513707,10.015226687195696,0.029395765137068604,0.01522668719569619
10.029068146055485,10.065318870088348,0.029068146055483992,0.06531887008834761
10.028740185821274,10.011570855367218,0.028740185821273263,0.011570855367217654
10.028411888283477,10.024316049118701,0.028411888283477394,0.024316049118700854
10.028083257295096,10.023665457555841,0.028083257295096573,0.023665457555841
10.027754296713045,10.035131484598942,0.027754296713044288,0.03513148459894257
10.027425010398103,10.021147132034892,0.02742501039810242,0.02114713203489268
10.027095402214876,10.00151510805155,0.027095402214875233,0.0015151080515499356
10.026765476031745,10.027679024859168,0.026765476031745047,0.027679024859168153
10.026435235720827,10.03696157044166,0.02643523572082633,0.0369615704416591
10.02610468515792,10.031628252434688,0.02610468515791973,0.03162825243468708
10.025773828222468,10.03279995253973,0.025773828222467626,0.03279995253973032
10.025442668797508,10.014136033560378,0.025442668797507912,0.014136033560378089
10.025111210769628,9.973727432031595,0.025111210769628745,-0.026272567968405824
10.024779458028922,10.003988670240917,0.024779458028922282,0.003988670240915832
10.02444741446894,10.028848892559287,0.024447414468940023,0.0288488925592871
10.024115083986647,10.032792893252257,0.02411508398664644,0.03279289325225647
10.023782470482374,10.030099299970816,0.023782470482373592,0.030099299970815434
10.023449577859775,10.041070750877834,0.02344957785977465,0.04107075087783457
10.023116410025779,10.022526741511008,0.023116410025779115,0.02252674151100746
10.022782970890546,10.02536903206356,0.02278297089054646,0.025369032063560195
10.02244926436742,10.005652517274141,0.022449264367419713,0.005652517274140446
10.022115294372881,10.023833844631227,0.022115294372880557,0.02383384463122756
10.021781064826502,10.065267402434625,0.0217810648265027,0.0652674024346252
10.021446579650906,10.01928164327275,0.021446579650906183,0.019281643272750247
10.021111842771711,10.03108937998544,0.02111184277171069,0.031089379985440164
10.02077685811749,10.00760381294782,0.020776858117490478,0.0076038129478209985
10.020441629619727,10.0132139354789,0.020441629619727605,0.013213935478900388
10.020106161212766,10.011640075251881,0.020106161212766115,0.011640075251881404
10.019770456833765,10.015594368483466,0.019770456833765188,0.015594368483466937
10.019434520422655,9.983030744885342,0.01943452042265396,-0.016969255114657442
10.019098355922084,9.98564612674594,0.01909835592208477,-0.014353873254059474
10.018761967277387,10.044714451392132,0.018761967277386358,0.04471445139213204
10.018425358436518,10.03404034700107,0.018425358436518612,0.03404034700106994
10.018088533350026,10.035329602108446,0.018088533350025537,0.035329602108445365
10.01775149597099,10.060218533759972,0.017751495970989236,0.06021853375997273
10.017414250254983,10.005175374474359,0.017414250254982815,0.00517537447435917
10.017076800160025,10.032890576210045,0.01707680016002502,0.032890576210044736
10.016739149646533,10.015050889011164,0.016739149646533058,0.01505088901116365
10.016401302677277,10.020694857641793,0.016401302677276505,0.02069485764179272
10.01606326321733,10.004268952577693,0.01606326321733006,0.004268952577693386
10.015725035234029,10.00759687293855,0.015725035234028094,0.007596872938548676
10.015386622696917,10.045339155199983,0.015386622696917521,0.04533915519998322
10.015048029577711,9.995969777563106,0.015048029577710731,-0.004030222436893868
10.01470925985024,10.03227647926616,0.014709259850239999,0.032276479266160965
10.01437031749041,10.010224142234554,0.01437031749041015,0.010224142234553887
10.014031206476153,10.007038305847976,0.014031206476152256,0.007038305847975815
10.013691930787376,9.99396572429728,0.013691930787376237,-0.006034275702720996
10.013352494405925,10.011967249356317,0.013352494405925211,0.011967249356316947
10.013012901315529,10.005107817971275,0.013012901315528068,0.005107817971275144
10.012673155501753,10.048887510034024,0.01267315550175304,0.04888751003402457
10.01233326095196,9.998604572668306,0.012333260951960252,-0.0013954273316933996
10.011993221655256,10.010034400519592,0.011993221655255971,0.010034400519592434
10.011653041602445,10.016157713379032,0.011653041602445246,0.016157713379031796
10.011312724785984,10.006775239316802,0.011312724785984565,0.006775239316801858
10.010972275199936,10.059977479840432,0.010972275199936037,0.05997747984043181
10.01063169683992,10.01361874894226,0.010631696839919824,0.013618748942259725
10.010290993703068,10.03450891728613,0.010290993703067592,0.03450891728612976
10.009950169787976,10.009006359917679,0.009950169787974899,0.009006359917678218
10.009609229094655,10.00343405476286,0.009609229094655322,0.003434054762859967
10.009268175624493,10.043241882982713,0.00926817562449298,0.043241882982713205
10.008927013380195,10.005729826360726,0.00892701338019505,0.005729826360726272
10.008585746365746,10.00254258760441,0.008585746365745843,0.0025425876044104546
10.00824437858636,10.05018697567794,0.008244378586359109,0.05018697567793981
10.007902914048431,10.026132160575841,0.007902914048431381,0.026132160575841112
10.007561356759494,9.992885681771515,0.0075613567594942505,-0.00711431822848522
10.007219710728169,9.999294631512448,0.007219710728168394,-0.0007053684875515942
10.006877979964116,10.016663520328526,0.006877979964115818,0.016663520328525812
10.006536168477993,10.020733967675346,0.006536168477993154,0.020733967675345327
10.006194280281404,10.069952441148407,0.006194280281403886,0.06995244114840699
10.005852319386852,9.980958106010338,0.00585231938685232,-0.019041893989662807
10.005510289807695,9.980125417817208,0.005510289807695973,-0.01987458218279315
10.005168195558097,9.996116391051793,0.005168195558097931,-0.003883608948207627
10.004826040652981,10.000765218435642,0.004826040652980805,0.0007652184356417404
10.00448382910798,9.998555882457195,0.0044838291079788975,-0.0014441175428043518
10.004141564939392,9.999491301919658,0.0041415649393914365,-0.0005086980803411427
10.003799252164134,10.01145163567564,0.003799252164134721,0.011451635675639872
10.003456894799696,9.985177825285676,0.003456894799696044,-0.014822174714324392
10.003114496864086,10.03988861688819,0.0031144968640858355,0.039888616888189926
10.00277206237579,10.008600651645084,0.0027720623757908577,0.008600651645084431
10.002429595353727,10.004452313463315,0.0024295953537263344,0.004452313463314337
10.00208709981719,9.989922252225286,0.0020870998171898464,-0.010077747774714
10.001744579785814,10.005055582235375,0.0017445797858136312,0.005055582235374709
10.001402039279517,9.979962856621254,0.0014020392795168716,-0.0200371433787465
10.00105948231846,10.003665075712885,0.0010594823184595828,0.0036650757128851904
10.000716912922995,10.030265985781918,0.0007169129229947208,0.0302659857819187
10.000374335113621,10.003354789753116,0.0003743351136213534,0.003354789753116051
10.000031752910937,9.993792500038182,3.175291093676325e-05,-0.0062074999618180905
9.999689170335591,10.020630463222384,-0.00031082966440967256,0.02063046322238407
9.999346591408235,10.000457450220406,-0.0006534085917643808,0.00045745022040656527
9.999004020149483,9.990528280954353,-0.000995979850516425,-0.009471719045647772
9.998661460579855,10.027396427434468,-0.0013385394201454023,0.027396427434467227
9.998318916719732,10.010395334911042,-0.001681083280267564,0.010395334911041826
9.997976392589317,9.990554348482796,-0.002023607410683533,-0.009445651517203954
9.997633892208574,9.985043661975263,-0.0023661077914260194,-0.014956338024736062
9.997291419597195,9.973678373090685,-0.0027085804028059326,-0.026321626909315363
9.99694897877454,10.006138986873141,-0.0030510212254602712,0.006138986873140722
9.996606573759601,9.988111968160723,-0.003393426240398937,-0.011888031839276676
9.996264208570947,9.949139829167526,-0.0037357914290526146,-0.05086017083247385
9.99592188722668,10.019823120795893,-0.004078112773318871,0.01982312079589333
9.99557961374439,10.000783243487431,-0.00442038625561002,0.0007832434874318929
9.9952373921411,9.995469903948424,-0.004762607858899922,-0.004530096051576806
9.994895226433227,10.003080045502108,-0.005104773566771835,0.003080045502107903
9.994553120636535,9.99387923718766,-0.0054468793634644954,-0.006120762812340489
9.99421107876608,9.995875739151073,-0.00578892123391977,-0.004124260848926836
9.99386910483617,10.004480897229714,-0.006130895163830319,0.004480897229714506
9.993527202860314,9.962976412306034,-0.00647279713968564,-0.037023587693966034
9.99318537685118,10.001289060959392,-0.006814623148819883,0.0012890609593913466
9.992843630820541,9.979398830898116,-0.007156369179458591,-0.020601169101884132
9.992501968779234,9.994360482989407,-0.007498031220766488,-0.005639517010593432
9.992160394737107,9.989079393758823,-0.007839605262893491,-0.010920606241177352
9.991818912702978,10.012411741044732,-0.008181087297022481,0.012411741044731644
9.991477526684584,9.979259416832841,-0.008522473315415996,-0.02074058316715948
9.991136240688537,9.999801482461768,-0.008863759311463975,-0.00019851753823137488
9.99079505872027,9.99335010560072,-0.009204941279729715,-0.006649894399279713
9.990453984784002,9.99739615736865,-0.00954601521599742,-0.0026038426313507662
9.99011302288268,10.006314416338148,-0.009886977117319718,0.006314416338148093
9.989772177017937,9.947838830494645,-0.010227822982063586,-0.05216116950535611
9.989431451190041,9.993992082722482,-0.010568548809958013,-0.006007917277517719
9.98909084939786,9.978088961592206,-0.010909150602140604,-0.0219110384077938
9.988750375638794,9.975231699954488,-0.011249624361205217,-0.024768300045511973
9.988410033908751,9.993728353555715,-0.01158996609124781,-0.006271646444284553
9.988069828202086,9.992295149994996,-0.011930171797914056,-0.007704850005002942
9.987729762511554,10.017305021892293,-0.01227023748844586,0.017305021892292063
9.987389840828271,9.984535069118406,-0.01261015917172893,-0.01546493088159431
9.987050067141661,9.987924394815096,-0.012949932858338559,-0.012075605184904982
9.986710445439414,9.983029082810344,-0.01328955456058697,-0.01697091718965556
9.986370979707429,9.983215055706307,-0.013629020292570652,-0.016784944293693305
9.986031673929784,9.961816017721857,-0.01396832607021608,-0.038183982278143416
9.985692532088672,10.041790559502001,-0.01430746791132718,0.04179055950200142
9.985353558164368,10.003846598940733,-0.014646441835631706,0.0038465989407327483
9.985014756135172,9.964516338166538,-0.01498524386482867,-0.03548366183346115
9.984676129977366,9.954216530853012,-0.01532387002263396,-0.04578346914698876
9.984337683665172,9.999662003087412,-0.015662316334827727,-0.0003379969125887148
9.983999421170699,9.983100586779006,-0.016000578829300675,-0.016899413220994426
9.983661346463899,9.94159563124923,-0.016338653536101363,-0.058404368750769445
9.983323463512518,9.982881435372212,-0.01667653648748176,-0.0171185646277887
9.982985776282055,9.99638315265177,-0.01701422371794434,-0.003616847348229802
9.98264828873571,9.94766530259844,-0.01735171126428914,-0.05233469740156026
9.98231100483434,9.962367282282008,-0.017688995165659232,-0.03763271771799269
9.981973928536412,9.972252178088954,-0.018026071463587888,-0.027747821911046217
9.981637063797955,9.975577018150066,-0.018362936202044714,-0.02442298184993391
9.981300414572518,9.988536783423434,-0.018699585427482766,-0.011463216576565752
9.980963984811115,9.976065672200939,-0.019036015188883898,-0.023934327799060517
9.980627778462194,9.987791594633945,-0.019372221537805837,-0.012208405366054175
9.980291799471571,9.973388839107427,-0.019708200528428175,-0.02661116089257346
9.9799560517824,9.9771618636147,-0.02004394821759937,-0.022838136385298972
9.979620539335118,9.949527634110787,-0.020379460664881985,-0.050472365889213555
9.9792852660674,10.009499577588757,-0.02071473393259945,0.009499577588757618
9.978950235914118,9.95966289366207,-0.021049764085882806,-0.0403371063379304
9.978615452807285,9.981680073404043,-0.021384547192715833,-0.01831992659595659
9.978280920676019,9.996961707265362,-0.021719079323981896,-0.0030382927346381157
9.97794664344649,10.004645613829618,-0.022053356553509717,0.004645613829618905
9.97761262504188,9.984442438558112,-0.02238737495812014,-0.01555756144188759
9.977278869382328,9.974934471661703,-0.022721130617671143,-0.025065528338297706
9.976945380384896,9.968349602101297,-0.023054619615104348,-0.0316503978987041
9.976612161963509,9.984840584380207,-0.02338783803649154,-0.015159415619794262
9.976279218028921,9.959423756735372,-0.02372078197107953,-0.04057624326462711
9.975946552488663,9.948076239136315,-0.024053447511336777,-0.051923760863686066
9.975614169247,9.939298514302507,-0.024385830752998883,-0.06070148569749337
9.975282072204886,9.988612360158678,-0.024717927795115113,-0.011387639841322416
9.974950265259906,9.947739607238185,-0.02504973474009313,-0.052260392761814156
9.974618752306254,9.953496727888762,-0.025381247693745453,-0.04650327211123744
9.974287537234666,9.97031694933841,-0.025712462765334784,-0.029683050661590656
9.973956623932379,9.982894468064135,-0.02604337606762039,-0.017105531935864386
9.973626016283097,9.973924478556214,-0.02637398371690268,-0.026075521443785606
9.97329571816693,9.991997878449059,-0.026704281833069277,-0.008002121550941453
9.97296573346036,9.947558321607879,-0.027034266539641125,-0.05244167839212029
9.972636066036182,9.953736143206388,-0.027363933963816894,-0.0462638567936121
9.97230671976348,9.946735472007608,-0.02769328023651918,-0.05326452799239079
9.97197769850756,9.972172294119211,-0.028022301492439512,-0.027827705880789044
9.971649006129915,9.945214745565748,-0.02835099387008444,-0.05478525443425224
9.97132064648818,9.976714640337232,-0.028679353511819824,-0.02328535966276917
9.970992623436084,9.953705925027108,-0.029007376563916772,-0.046294074972891536
9.970664940823404,9.965407542468842,-0.02933505917659654,-0.03459245753115768
9.970337602495924,9.985663548119405,-0.029662397504076413,-0.014336451880594831
9.970010612295386,9.944539505267894,-0.029989387704613776,-0.05546049473210575
9.969683974059448,9.990810299583835,-0.030316025940551758,-0.009189700416164601
9.969357691621635,9.961400482800881,-0.030642308378364753,-0.038599517199118624
9.969031768811298,9.959346136151016,-0.030968231188702407,-0.040653863848984326
9.968706209453565,9.980782227327875,-0.031293790546435225,-0.019217772672124014
9.968381017369301,9.938309581006735,-0.03161898263069914,-0.061690418993265855
9.96805619637506,9.953007265731753,-0.03194380362494103,-0.046992734268247315
9.967731750283038,9.961042438687086,-0.032268249716962474,-0.03895756131291366
9.967407682901035,9.97504399166854,-0.0325923170989652,-0.024956008331459726
9.967083998032404,9.951238412924875,-0.03291600196759543,-0.048761587075124575
9.96676069947601,9.951806538772564,-0.033239300523989164,-0.04819346122743562
9.966437791026184,9.952686654676883,-0.033562208973815795,-0.047313345323117345
9.966115276472676,9.995960048305413,-0.03388472352732312,-0.004039951694587169
9.965793159600617,9.952771690224832,-0.03420684039938232,-0.0472283097751674
9.965471444190468,9.97870790857988,-0.034528555809531396,-0.021292091420120327
9.96515013401798,9.960289626267008,-0.03484986598202019,-0.03971037373299184
9.964829232854145,9.950484831436036,-0.035170767145854355,-0.04951516856396393
9.96450874446516,9.97222692490583,-0.035491255534840324,-0.02777307509416991
9.964188672612371,9.939055698260667,-0.035811327387628454,-0.06094430173933289
9.963869021052242,9.980748070264186,-0.03613097894775788,-0.01925192973581498
9.9635497935363,9.951784593531249,-0.03645020646370026,-0.04821540646875027
9.963230993811095,9.977198869907097,-0.03676900618890444,-0.02280113009290369
9.962912625618161,9.962676160540758,-0.037087374381839476,-0.0373238394592427
9.96259469269396,9.940217021990211,-0.037405307306038985,-0.059782978009788657
9.962277198769854,9.975837348389991,-0.03772280123014556,-0.024162651610008974
9.961960147572047,9.965395868968901,-0.038039852427953526,-0.03460413103109936
9.961643542821546,10.004671754951929,-0.038356457178453346,0.004671754951928252
9.961327388234125,9.952946774020893,-0.03867261176587494,-0.04705322597910776
9.961011687520267,9.951798232687208,-0.038988312479732,-0.04820176731279102
9.960696444385135,9.985389864542814,-0.03930355561486452,-0.014610135457186625
9.960381662528517,9.953348584344466,-0.03961833747148292,-0.046651415655534226
9.96006734564479,9.972585873500522,-0.03993265435521118,-0.02741412649947732
9.959753497422868,10.011392803829983,-0.04024650257713083,0.011392803829983283
9.959440121546177,9.963499800476951,-0.04055987845382328,-0.03650019952304894
9.959127221692587,9.934593395531314,-0.04087277830741351,-0.06540660446868567
9.958814801534386,9.919450786403475,-0.04118519846561373,-0.08054921359652462
9.958502864738234,9.95444327663115,-0.041497135261765544,-0.04555672336885034
9.958191414965116,9.98208669729427,-0.04180858503488359,-0.017913302705729963
9.957880455870303,9.994648237784684,-0.04211954412969819,-0.005351762215316004
9.9575699911033,9.942899314998712,-0.04243000889669891,-0.057100685001288704
9.957260024307823,9.979487058960597,-0.0427399756921764,-0.020512941039402276
9.956950559121735,9.974148314421226,-0.04304944087826583,-0.02585168557877431
9.956641599177011,9.96904746116052,-0.04335840082298925,-0.030952538839479952
9.9563331480997,9.961303755658784,-0.04366685190029884,-0.03869624434121629
9.956025209509882,9.97681594911798,-0.04397479049011856,-0.02318405088202001
9.955717787021612,9.94818658652439,-0.04428221297838703,-0.051813413475610554
9.9554108842429,9.97916839487013,-0.04458911575710052,-0.020831605129868504
9.955104504775646,9.933925439473258,-0.04489549522435426,-0.06607456052674184
9.954798652215615,9.919076145920142,-0.04520134778438539,-0.08092385407985814
9.954493330152385,9.915010851501972,-0.045506669847614846,-0.08498914849802895
9.95418854216931,9.95877677117134,-0.04581145783069011,-0.041223228828659385
9.953884291843474,9.942270444110303,-0.0461157081565263,-0.05772955588969683
9.953580582745651,9.976365549439167,-0.04641941725434881,-0.023634450560832056
9.953277418440265,9.967620147975746,-0.04672258155973491,-0.032379852024254016
9.952974802485343,9.977284438360055,-0.04702519751465616,-0.02271556163994518
9.952672738432481,9.954904613854113,-0.04732726156751929,-0.04509538614588631
9.952371229826792,9.941140675537262,-0.04762877017320831,-0.05885932446273807
9.952070280206874,9.953215120544527,-0.047929719793126574,-0.04678487945547332
9.951769893104762,9.948100955995946,-0.048230106895237435,-0.051899044004053825
9.951470072045893,9.95417737985731,-0.04852992795410624,-0.04582262014269087
9.95117082054906,9.939800926221645,-0.048829179450941465,-0.060199073778354914
9.950872142126363,9.94558759778824,-0.049127857873636605,-0.05441240221175942
9.95057404028319,9.963455840516744,-0.04942595971681046,-0.0365441594832566
9.950276518518152,9.952395259490078,-0.04972348148184887,-0.047604740509920716
9.949979580323054,9.926071599034655,-0.05002041967694554,-0.07392840096534498
9.949683229182856,9.951248344428555,-0.050316770817143565,-0.048751655571444716
9.949387468575624,9.925706953258958,-0.05061253142437544,-0.07429304674104178
9.949092301972495,9.931671491270333,-0.05090769802750433,-0.06832850872966832
9.948797732837635,9.978898810899029,-0.05120226716236529,-0.021101189100971824
9.948503764628194,9.941372744106271,-0.051496235371804956,-0.05862725589372817
9.948210400794277,9.9383320670504,-0.051789599205722785,-0.06166793294959932
9.947917644778888,9.968144649836024,-0.05208235522111121,-0.031855350163976004
9.947625500017903,9.946001536918518,-0.05237449998209667,-0.05399846308148315
9.94733396994002,9.946262553906196,-0.052666030059979,-0.05373744609380348
9.947043057966727,9.939569760339197,-0.05295694203327216,-0.0604302396608033
9.946752767512255,9.936954901337367,-0.05324723248774482,-0.06304509866263289
9.946463101983541,9.961940137313483,-0.053536898016459535,-0.038059862686515906
9.946174064780188,9.940830321502675,-0.053825935219813326,-0.059169678497325615
9.945885659294422,9.945656171842126,-0.05411434070557728,-0.05434382815787424
9.945597888911063,9.900889813099706,-0.05440211108893698,-0.09911018690029325
